zip,drives
00601,
00602,
00603,
00606,
00610,
00611,
00612,
00616,
00617,
00622,
00623,
00624,
00627,
00631,
00636,
00637,
00638,
00641,
00646,
00647,
00650,
00652,
00653,
00656,
00659,
00660,
00662,
00664,
00667,
00669,
00670,
00674,
00676,
00677,
00678,
00680,
00682,
00683,
00685,
00687,
00688,
00690,
00692,
00693,
00694,
00698,
00703,
00704,
00705,
00707,
00714,
00715,
00716,
00717,
00718,
00719,
00720,
00723,
00725,
00727,
00728,
00729,
00730,
00731,
00735,
00736,
00738,
00739,
00740,
00741,
00745,
00751,
00754,
00757,
00765,
00766,
00767,
00769,
00771,
00772,
00773,
00775,
00777,
00778,
00780,
00782,
00783,
00784,
00786,
00791,
00794,
00795,
00802,
00820,
00830,
00840,
00850,
00851,
00901,
00906,
00907,
00909,
00911,
00912,
00913,
00915,
00917,
00918,
00920,
00921,
00923,
00924,
00925,
00926,
00927,
00934,
00949,
00950,
00951,
00952,
00953,
00956,
00957,
00959,
00960,
00961,
00962,
00965,
00966,
00968,
00969,
00971,
00976,
00979,
00982,
00983,
00985,
00987,
96701,
96703,
96704,
96705,
96706,
96707,
96708,
96710,
96712,
96713,
96714,
96716,
96717,
96719,
96720,
96722,
96725,
96726,
96727,
96728,
96729,
96730,
96731,
96732,
96734,
96737,
96738,
96740,
96741,
96742,
96743,
96744,
96746,
96747,
96748,
96749,
96750,
96751,
96752,
96753,
96754,
96755,
96756,
96757,
96759,
96760,
96761,
96762,
96763,
96764,
96765,
96766,
96768,
96769,
96770,
96771,
96772,
96773,
96774,
96776,
96777,
96778,
96779,
96780,
96781,
96782,
96783,
96785,
96786,
96789,
96790,
96791,
96792,
96793,
96795,
96796,
96797,
96799,
96813,
96814,
96815,
96816,
96817,
96818,
96819,
96820,
96821,
96822,
96825,
96826,
96848,
96850,
96853,
96857,
96858,
96859,
96860,
96863,
96910,
96913,
96915,
96916,
96917,
96928,
96929,
96950,
96951,
96952,
99501,
99502,
99503,
99504,
99505,
99506,
99507,
99508,
99513,
99515,
99516,
99517,
99518,
99519,
99530,
99540,
99546,
99547,
99548,
99549,
99550,
99551,
99552,
99553,
99554,
99555,
99556,
99557,
99558,
99559,
99561,
99563,
99564,
99565,
99566,
99567,
99568,
99569,
99571,
99572,
99573,
99574,
99575,
99576,
99577,
99578,
99579,
99580,
99581,
99583,
99585,
99586,
99587,
99588,
99589,
99590,
99591,
99602,
99603,
99604,
99605,
99606,
99607,
99608,
99609,
99610,
99611,
99612,
99613,
99614,
99615,
99620,
99621,
99622,
99623,
99624,
99625,
99626,
99627,
99628,
99630,
99631,
99632,
99633,
99634,
99635,
99636,
99637,
99638,
99639,
99640,
99641,
99643,
99644,
99645,
99647,
99648,
99649,
99650,
99651,
99652,
99653,
99654,
99655,
99656,
99657,
99658,
99659,
99660,
99661,
99662,
99663,
99664,
99665,
99666,
99667,
99668,
99669,
99670,
99671,
99672,
99674,
99675,
99676,
99677,
99678,
99679,
99680,
99681,
99682,
99683,
99684,
99685,
99686,
99688,
99689,
99690,
99691,
99692,
99693,
99694,
99695,
99701,
99702,
99703,
99704,
99705,
99706,
99707,
99709,
99712,
99714,
99720,
99721,
99722,
99723,
99724,
99725,
99726,
99727,
99729,
99730,
99732,
99733,
99734,
99736,
99737,
99738,
99739,
99740,
99741,
99742,
99743,
99744,
99745,
99746,
99747,
99748,
99749,
99750,
99751,
99752,
99753,
99754,
99755,
99756,
99757,
99758,
99759,
99760,
99761,
99762,
99763,
99764,
99765,
99766,
99767,
99768,
99769,
99770,
99771,
99772,
99773,
99774,
99775,
99776,
99777,
99778,
99780,
99781,
99782,
99783,
99784,
99785,
99786,
99788,
99789,
99790,
99791,
99801,
99820,
99824,
99825,
99826,
99827,
99829,
99830,
99832,
99833,
99835,
99836,
99840,
99841,
99850,
99901,
99903,
99918,
99919,
99921,
99922,
99923,
99925,
99926,
99927,
99929,
32437,NOP:310|ATL:339|ORL:384|MEM:545|CHA:590
32409,NOP:331|ATL:337|ORL:380|MEM:566|CHA:589
32405,NOP:348|ATL:351|ORL:386|MEM:580|CHA:602
32444,NOP:340|ATL:343|ORL:381|MEM:572|CHA:594
32401,ATL:353|NOP:356|ORL:385|MEM:588|CHA:604
32403,ATL:370|NOP:378|ORL:403|MEM:609|CHA:621
32404,ATL:358|NOP:365|ORL:379|MEM:597|MIA:600
32466,ATL:328|NOP:345|ORL:360|MEM:574|CHA:579
32430,ATL:331|ORL:339|NOP:358|MIA:560|MEM:578
32449,ATL:346|ORL:353|NOP:379|MIA:574|MEM:593
32424,ORL:323|ATL:331|NOP:360|MIA:543|MEM:579
32321,ORL:332|ATL:353|NOP:384|MIA:553|MEM:603
32360,ORL:303|ATL:328|NOP:381|MIA:524|CHA:579
32343,ORL:281|ATL:320|NOP:388|MIA:502|CHA:570
36474,ATL:254|NOP:269|MEM:423|ORL:461|CHA:505
36420,ATL:283|NOP:287|MEM:452|ORL:454|CHA:534
36476,ATL:253|NOP:263|MEM:422|ORL:446|CHA:504
36421,ATL:260|NOP:268|MEM:429|ORL:442|CHA:511
36038,ATL:263|NOP:276|MEM:432|ORL:449|CHA:514
36028,ATL:278|NOP:295|MEM:451|ORL:468|CHA:529
36442,ATL:305|NOP:305|ORL:429|MEM:474|CHA:556
36455,NOP:284|ATL:294|ORL:407|MEM:462|CHA:545
36467,ATL:279|NOP:289|ORL:427|MEM:450|CHA:530
32433,NOP:284|ATL:323|ORL:388|MEM:492|CHA:574
36453,ATL:294|NOP:309|ORL:421|MEM:470|CHA:545
32435,NOP:282|ATL:339|ORL:381|MEM:517|CHA:590
36323,ATL:260|NOP:310|ORL:418|MEM:453|CHA:511
36477,ATL:297|NOP:308|ORL:394|MEM:479|CHA:548
32455,NOP:289|ATL:324|ORL:366|MEM:525|CHA:575
32464,NOP:296|ATL:311|ORL:373|MEM:500|CHA:562
36318,ATL:286|NOP:327|ORL:406|MEM:479|CHA:537
36351,ATL:258|NOP:330|ORL:414|MEM:451|CHA:509
36340,ATL:294|NOP:322|ORL:395|MEM:493|CHA:545
36316,ATL:290|NOP:338|ORL:409|MEM:483|CHA:541
36330,ATL:269|NOP:324|ORL:398|MEM:462|CHA:520
32462,NOP:322|ATL:323|ORL:368|MEM:543|CHA:574
36313,ATL:275|NOP:334|ORL:389|MEM:475|CHA:526
32427,NOP:302|ATL:319|ORL:361|MEM:535|CHA:570
36314,ATL:291|NOP:332|ORL:384|MEM:497|CHA:542
36322,ATL:265|NOP:337|ORL:391|MEM:473|CHA:517
32425,ATL:318|NOP:318|ORL:371|MEM:530|CHA:569
36344,ATL:275|NOP:328|ORL:375|MEM:480|CHA:526
36362,
36360,ATL:241|NOP:351|ORL:404|MEM:454|CHA:492
36352,ATL:271|NOP:355|ORL:395|MEM:491|CHA:522
32463,ATL:303|NOP:315|ORL:345|MEM:536|CHA:554
32428,ATL:312|NOP:324|ORL:354|MEM:545|CHA:563
36371,ATL:246|NOP:354|ORL:387|MEM:471|CHA:497
36375,ATL:265|NOP:342|ORL:373|MEM:500|CHA:516
32440,ATL:277|NOP:320|ORL:352|MEM:511|CHA:528
36350,ATL:242|NOP:362|ORL:389|MEM:475|CHA:493
36305,ATL:258|NOP:358|ORL:377|MEM:495|CHA:509
32438,ATL:307|NOP:334|ORL:344|MEM:553|CHA:558
32431,ATL:284|NOP:317|ORL:331|MEM:530|CHA:535
36301,ATL:251|NOP:342|ORL:357|MEM:498|CHA:502
36303,ATL:232|NOP:361|ORL:377|CHA:483|MEM:489
32420,ATL:304|NOP:331|ORL:342|MEM:551|CHA:555
32426,ATL:270|NOP:333|ORL:346|MEM:517|CHA:522
36353,ATL:223|NOP:388|ORL:403|CHA:474|MEM:493
36320,ATL:262|NOP:342|ORL:354|CHA:513|MEM:514
36345,ATL:225|NOP:371|ORL:386|CHA:476|MEM:494
36321,ATL:242|NOP:355|ORL:370|CHA:493|MEM:503
36376,ATL:237|NOP:362|ORL:374|CHA:488|MEM:503
36312,ATL:250|NOP:359|ORL:366|CHA:501|MEM:507
32446,ATL:297|ORL:344|NOP:347|MEM:544|CHA:548
32448,ATL:300|ORL:326|NOP:335|MIA:546|MEM:547
32421,ATL:315|ORL:333|NOP:348|MIA:554|MEM:562
32445,ATL:280|ORL:347|NOP:350|CHA:532|MEM:533
36370,ATL:257|ORL:365|NOP:368|CHA:508|MEM:516
36319,ATL:241|ORL:383|NOP:387|CHA:492|MEM:511
36343,ATL:264|ORL:362|NOP:368|CHA:515|MEM:529
32443,ATL:287|ORL:326|NOP:342|CHA:538|MEM:542
32432,ATL:302|ORL:315|NOP:336|MIA:536|MEM:550
32423,ATL:277|ORL:343|NOP:363|CHA:528|MEM:545
39832,ATL:241|ORL:359|NOP:379|CHA:492|MEM:527
32442,ATL:301|ORL:309|NOP:340|MIA:530|CHA:552
39861,ATL:250|ORL:356|NOP:379|CHA:502|MEM:529
32460,ATL:292|ORL:317|NOP:357|MIA:538|CHA:544
39823,ATL:223|ORL:371|NOP:408|CHA:474|MEM:536
39845,ATL:262|ORL:343|NOP:374|CHA:513|MEM:543
39859,ATL:252|ORL:334|NOP:375|CHA:503|MEM:540
32324,ORL:301|ATL:303|NOP:358|MIA:522|CHA:554
32330,ORL:287|ATL:306|NOP:359|MIA:508|CHA:557
39825,ATL:261|ORL:331|NOP:385|CHA:512|MEM:549
39841,ATL:238|ORL:356|NOP:411|CHA:489|MEM:552
39813,ATL:227|ORL:362|NOP:430|CHA:478|MEM:544
39837,ATL:245|ORL:345|NOP:403|CHA:496|MEM:559
32351,ORL:298|ATL:314|NOP:371|MIA:519|CHA:565
32332,ORL:286|ATL:297|NOP:359|MIA:507|CHA:548
39819,ATL:282|ORL:309|NOP:385|MIA:530|CHA:533
39817,ATL:256|ORL:318|NOP:396|CHA:507|MIA:539
32352,ATL:287|ORL:292|NOP:378|MIA:513|CHA:538
39862,ATL:224|ORL:351|NOP:443|CHA:475|MEM:544
39815,ATL:286|ORL:303|NOP:390|MIA:524|CHA:537
39834,ATL:271|ORL:315|NOP:404|CHA:515|MIA:536
32333,ORL:284|ATL:299|NOP:387|MIA:504|CHA:544
39870,ATL:245|ORL:332|NOP:441|CHA:490|MIA:553
39897,ATL:266|ORL:307|NOP:414|CHA:510|MIA:528
31730,ATL:233|ORL:312|NOP:432|CHA:477|MIA:533
32312,ORL:274|ATL:301|NOP:403|MIA:495|CHA:546
39828,ATL:280|ORL:309|NOP:419|CHA:524|MIA:530
39827,ATL:253|ORL:299|NOP:425|CHA:497|MIA:520
31779,ATL:242|ORL:300|NOP:434|CHA:486|MIA:521
31716,ATL:217|ORL:308|NOP:460|CHA:461|MIA:529
31784,ATL:225|ORL:294|NOP:461|CHA:469|MIA:515
31773,ATL:247|ORL:279|NOP:442|CHA:491|MIA:500
31792,ATL:275|ORL:282|NOP:432|MIA:503|CHA:519
31765,ATL:237|ORL:288|NOP:449|CHA:481|MIA:509
31756,ATL:224|ORL:284|NOP:459|CHA:468|MIA:505
31744,ATL:213|ORL:286|CHA:457|NOP:480|MIA:507
31757,ATL:253|ORL:267|NOP:440|MIA:488|CHA:498
31738,ATL:247|ORL:273|NOP:454|CHA:491|MIA:494
31753,ATL:229|ORL:273|NOP:469|CHA:473|MIA:494
31768,ATL:235|ORL:273|NOP:473|CHA:479|MIA:494
31626,ORL:256|ATL:262|NOP:439|MIA:477|CHA:506
31789,ATL:195|ORL:280|CHA:439|NOP:499|MIA:501
31720,ATL:248|ORL:252|NOP:455|MIA:473|CHA:493
31778,ATL:237|ORL:254|NOP:459|MIA:474|CHA:481
31629,ORL:250|ATL:258|NOP:453|MIA:470|CHA:503
31788,ATL:232|ORL:253|MIA:474|CHA:476|NOP:480
31771,ATL:215|ORL:263|CHA:459|MIA:483|NOP:493
31795,ATL:200|ORL:273|CHA:444|MIA:494|NOP:507
31722,ATL:231|ORL:248|MIA:468|CHA:475|NOP:475
31775,ATL:202|ORL:261|CHA:447|MIA:482|NOP:503
31747,ATL:217|ORL:253|CHA:462|MIA:474|NOP:488
31793,ATL:196|ORL:269|CHA:440|MIA:490|NOP:511
31625,ATL:224|ORL:241|MIA:462|CHA:469|NOP:473
31638,ATL:244|ORL:252|MIA:473|NOP:477|CHA:489
31794,ATL:192|ORL:266|CHA:436|MIA:487|NOP:519
31637,ATL:205|ORL:255|CHA:449|MIA:476|NOP:508
31620,ATL:210|ORL:241|CHA:454|MIA:462|NOP:486
31647,ATL:201|ORL:243|CHA:445|MIA:464|NOP:496
31627,ATL:213|ORL:230|MIA:451|CHA:457|NOP:489
31727,ATL:197|ORL:268|CHA:441|MIA:489|NOP:521
31632,ATL:222|ORL:233|MIA:454|CHA:466|NOP:491
31749,ATL:202|ORL:273|CHA:443|MIA:494|NOP:526
31645,ATL:228|ORL:246|MIA:467|CHA:471|NOP:504
31622,ATL:213|ORL:275|CHA:444|MIA:496|NOP:526
31639,ATL:223|ORL:263|CHA:458|MIA:484|NOP:513
31635,ATL:247|ORL:249|CHA:455|MIA:470|NOP:515
31650,ATL:233|ORL:286|CHA:439|MIA:507|NOP:545
31642,ATL:250|ORL:275|CHA:438|MIA:496|NOP:542
31535,ATL:250|ORL:289|CHA:422|MIA:509|NOP:555
31624,ATL:251|ORL:279|CHA:421|MIA:488|NOP:547
31554,ATL:270|ORL:302|CHA:397|MIA:511|NOP:584
31552,ATL:281|ORL:282|CHA:416|MIA:492|NOP:578
31551,ATL:276|ORL:277|CHA:394|MIA:486|NOP:611
36742,NOP:276|ATL:288|MEM:336|CHA:542|DAL:562
36738,ATL:279|NOP:281|MEM:342|CHA:530|DAL:567
36728,ATL:279|NOP:293|MEM:371|CHA:530|ORL:578
36786,ATL:264|NOP:281|MEM:341|CHA:515|DAL:566
36773,ATL:264|NOP:302|MEM:363|CHA:515|DAL:588
36720,ATL:282|NOP:315|MEM:383|CHA:533|ORL:586
36726,ATL:287|NOP:315|MEM:415|CHA:538|ORL:566
36723,ATL:295|NOP:321|MEM:402|CHA:546|ORL:574
36759,ATL:252|NOP:298|MEM:358|CHA:503|DAL:583
36767,ATL:267|NOP:334|MEM:392|CHA:518|ORL:610
36753,ATL:264|NOP:292|MEM:428|CHA:515|ORL:531
36766,ATL:260|NOP:309|MEM:424|CHA:511|ORL:539
36701,ATL:243|NOP:323|MEM:358|CHA:494|ORL:586
36768,ATL:242|NOP:293|MEM:411|CHA:493|ORL:521
36741,ATL:261|NOP:322|MEM:426|CHA:512|ORL:553
36775,ATL:243|NOP:327|MEM:387|CHA:494|ORL:555
36761,ATL:248|NOP:315|MEM:405|CHA:499|ORL:543
36703,ATL:239|NOP:327|MEM:373|CHA:490|ORL:584
36030,ATL:243|NOP:294|MEM:412|CHA:494|ORL:522
36456,ATL:238|NOP:250|MEM:407|ORL:481|CHA:489
36785,ATL:212|NOP:328|MEM:381|CHA:463|ORL:555
36033,ATL:244|NOP:269|MEM:413|ORL:490|CHA:495
36003,ATL:211|NOP:339|MEM:361|CHA:462|ORL:560
36040,ATL:230|NOP:329|MEM:399|CHA:481|ORL:557
36752,ATL:234|NOP:350|MEM:402|CHA:485|ORL:577
36037,ATL:229|NOP:281|MEM:398|CHA:480|ORL:499
36032,ATL:206|NOP:283|MEM:375|CHA:457|ORL:512
36008,ATL:203|NOP:340|MEM:350|CHA:454|ORL:552
36047,ATL:223|NOP:306|MEM:392|CHA:474|ORL:534
36042,ATL:241|NOP:309|MEM:410|CHA:492|ORL:515
36043,ATL:185|NOP:294|MEM:354|CHA:436|ORL:522
36066,ATL:181|NOP:318|MEM:328|CHA:432|ORL:530
36108,ATL:188|NOP:317|MEM:354|CHA:439|ORL:530
36071,ATL:251|NOP:307|MEM:420|ORL:486|CHA:502
36046,ATL:220|NOP:298|MEM:389|CHA:471|ORL:501
36112,ATL:178|NOP:311|MEM:342|CHA:429|ORL:524
36054,ATL:180|NOP:316|MEM:332|CHA:431|ORL:528
36113,ATL:172|NOP:309|MEM:339|CHA:423|ORL:521
36009,ATL:262|NOP:295|MEM:435|ORL:453|CHA:513
36041,ATL:223|NOP:313|MEM:392|CHA:474|ORL:490
36104,ATL:173|NOP:312|MEM:338|CHA:424|ORL:522
36020,ATL:191|NOP:328|MEM:342|CHA:442|ORL:539
36130,ATL:168|NOP:310|MEM:339|CHA:419|ORL:517
36101,ATL:169|NOP:310|MEM:339|CHA:420|ORL:517
36107,ATL:168|NOP:313|MEM:342|CHA:419|ORL:517
36105,ATL:186|NOP:313|MEM:357|CHA:437|ORL:512
36049,ATL:241|NOP:314|MEM:410|ORL:473|CHA:492
36111,ATL:169|NOP:310|MEM:345|CHA:420|ORL:510
36106,ATL:165|NOP:312|MEM:345|CHA:416|ORL:511
36110,ATL:179|NOP:318|MEM:344|CHA:430|ORL:527
36115,ATL:176|NOP:322|MEM:351|CHA:427|ORL:524
36114,ATL:174|NOP:321|MEM:350|CHA:425|ORL:523
36109,ATL:170|NOP:318|MEM:347|CHA:421|ORL:520
36116,ATL:178|NOP:319|MEM:357|CHA:429|ORL:500
36069,ATL:198|NOP:341|MEM:388|CHA:449|ORL:500
36036,ATL:209|NOP:324|MEM:392|CHA:460|ORL:491
36117,ATL:160|NOP:323|MEM:354|CHA:411|ORL:510
36093,ATL:183|NOP:335|MEM:361|CHA:434|ORL:532
36035,ATL:230|NOP:331|MEM:423|ORL:477|CHA:481
36034,ATL:236|NOP:333|MEM:429|ORL:449|CHA:487
36064,ATL:164|NOP:330|MEM:361|CHA:415|ORL:498
36057,ATL:156|NOP:327|MEM:359|CHA:408|ORL:506
36052,ATL:183|NOP:340|MEM:377|CHA:434|ORL:492
36079,ATL:219|NOP:344|MEM:412|ORL:460|CHA:470
36013,ATL:165|NOP:335|MEM:367|CHA:416|ORL:506
36082,ATL:211|NOP:343|MEM:404|ORL:452|CHA:462
36346,ATL:245|NOP:333|ORL:428|MEM:438|CHA:496
36029,ATL:194|NOP:360|MEM:396|CHA:445|ORL:502
36075,ATL:158|NOP:343|MEM:374|CHA:409|ORL:507
36081,ATL:229|NOP:371|MEM:423|ORL:478|CHA:480
36039,ATL:171|NOP:362|MEM:394|CHA:422|ORL:491
36010,ATL:230|NOP:351|ORL:422|MEM:431|CHA:481
36031,ATL:167|NOP:372|MEM:403|CHA:418|ORL:485
36005,ATL:206|NOP:377|MEM:435|CHA:457|ORL:457
36088,ATL:138|NOP:353|MEM:384|CHA:389|ORL:488
36089,ATL:170|NOP:370|MEM:406|CHA:421|ORL:465
36311,ATL:232|NOP:359|ORL:422|MEM:448|CHA:483
36083,ATL:143|NOP:360|MEM:391|CHA:394|ORL:492
36048,ATL:215|NOP:389|ORL:447|MEM:448|CHA:466
36017,ATL:229|NOP:385|ORL:433|MEM:461|CHA:480
36374,ATL:225|NOP:366|ORL:419|MEM:471|CHA:476
36053,ATL:172|NOP:391|CHA:423|MEM:427|ORL:440
36860,ATL:145|NOP:389|CHA:396|MEM:421|ORL:465
36016,ATL:198|NOP:401|ORL:439|CHA:449|MEM:452
36317,ATL:224|NOP:383|ORL:418|MEM:473|CHA:475
36858,ATL:149|NOP:394|CHA:400|MEM:425|ORL:455
36310,ATL:214|NOP:400|ORL:413|CHA:465|MEM:490
36027,
36875,ATL:138|CHA:389|NOP:401|MEM:430|ORL:443
36871,ATL:147|CHA:399|NOP:410|ORL:435|MEM:439
36870,ATL:128|CHA:380|NOP:397|MEM:426|ORL:440
36373,ATL:235|ORL:410|NOP:414|CHA:486|MEM:510
36851,ATL:157|CHA:408|NOP:419|ORL:422|MEM:448
36869,ATL:130|CHA:381|NOP:409|MEM:433|ORL:434
39854,ATL:186|ORL:405|NOP:435|CHA:437|MEM:471
36867,ATL:119|CHA:370|NOP:399|MEM:424|ORL:432
36856,ATL:148|CHA:399|NOP:427|ORL:441|MEM:452
39851,ATL:209|ORL:396|NOP:418|CHA:460|MEM:503
31901,ATL:120|CHA:371|NOP:403|ORL:423|MEM:428
31821,ATL:161|ORL:408|CHA:412|NOP:429|MEM:458
31903,ATL:125|CHA:376|NOP:411|ORL:416|MEM:436
31906,ATL:116|CHA:367|NOP:408|ORL:420|MEM:432
39867,ATL:194|ORL:404|CHA:445|NOP:456|MEM:492
31907,ATL:118|CHA:369|NOP:414|ORL:423|MEM:439
39836,ATL:199|ORL:394|NOP:435|CHA:450|MEM:509
31814,ATL:164|ORL:414|CHA:415|NOP:461|MEM:485
39824,ATL:198|ORL:373|NOP:410|CHA:449|MEM:514
31815,ATL:160|ORL:390|CHA:411|NOP:454|MEM:481
31905,ATL:132|CHA:383|ORL:415|NOP:428|MEM:453
39840,ATL:178|ORL:373|CHA:429|NOP:434|MEM:499
39846,ATL:203|ORL:374|NOP:426|CHA:454|MEM:520
31805,ATL:141|ORL:388|CHA:392|NOP:437|MEM:462
31825,ATL:151|ORL:377|CHA:402|NOP:447|MEM:472
39886,ATL:195|ORL:362|CHA:446|NOP:448|MEM:514
31832,ATL:176|ORL:376|CHA:427|NOP:472|MEM:497
39866,ATL:209|ORL:359|NOP:441|CHA:460|MEM:527
31824,ATL:169|ORL:367|CHA:420|NOP:465|MEM:490
31803,ATL:158|ORL:377|CHA:409|NOP:454|MEM:479
39877,ATL:176|ORL:358|CHA:427|NOP:473|MEM:497
39842,ATL:190|ORL:342|CHA:441|NOP:465|MEM:511
31058,ATL:152|ORL:385|CHA:396|NOP:454|MEM:479
31780,ATL:181|ORL:357|CHA:426|NOP:477|MEM:502
39885,ATL:196|ORL:334|CHA:448|NOP:471|MEM:517
39826,ATL:196|ORL:347|CHA:447|NOP:479|MEM:517
31719,ATL:181|ORL:352|CHA:425|NOP:483|MEM:508
31721,ATL:217|ORL:336|NOP:454|CHA:462|MEM:541
31806,ATL:152|ORL:363|CHA:397|NOP:473|MEM:497
31081,ATL:144|ORL:371|CHA:388|NOP:468|MEM:493
31787,ATL:194|ORL:343|CHA:438|NOP:486|MEM:524
31707,ATL:204|ORL:323|CHA:448|NOP:464|MEM:538
31041,ATL:145|ORL:359|CHA:389|NOP:475|MEM:500
31701,ATL:198|ORL:316|CHA:442|NOP:464|MIA:537
31709,ATL:173|ORL:330|CHA:417|NOP:497|MEM:522
31763,ATL:186|ORL:320|CHA:431|NOP:487|MEM:534
31711,ATL:162|ORL:352|CHA:406|NOP:492|MEM:517
31068,ATL:146|ORL:347|CHA:390|NOP:480|MEM:505
31764,ATL:172|ORL:325|CHA:416|NOP:504|MEM:528
31704,ATL:196|ORL:310|CHA:440|NOP:474|MIA:530
31705,ATL:208|ORL:309|CHA:452|NOP:479|MIA:530
31743,ATL:170|ORL:322|CHA:414|NOP:509|MIA:543
31735,ATL:166|ORL:318|CHA:410|NOP:515|MIA:539
31063,ATL:137|ORL:332|CHA:381|NOP:498|MEM:523
31772,ATL:184|ORL:317|CHA:428|NOP:497|MIA:537
31057,ATL:133|ORL:347|CHA:377|NOP:491|MEM:516
31007,ATL:147|ORL:331|CHA:391|NOP:513|MEM:535
31791,ATL:202|ORL:302|CHA:446|NOP:497|MIA:523
31051,ATL:146|ORL:318|CHA:390|NOP:513|MEM:534
31796,ATL:173|ORL:307|CHA:418|NOP:508|MIA:528
31781,ATL:189|ORL:288|CHA:433|NOP:492|MIA:509
31070,ATL:136|ORL:317|CHA:381|NOP:522|MEM:525
31092,ATL:139|ORL:305|CHA:384|NOP:524|MIA:526
31015,ATL:152|ORL:297|CHA:396|NOP:514|MIA:518
31069,ATL:116|ORL:331|CHA:360|MEM:504|NOP:506
31025,ATL:121|ORL:322|CHA:365|MEM:510|NOP:512
31712,ATL:159|ORL:291|CHA:404|MIA:512|NOP:516
31091,ATL:134|ORL:323|CHA:378|MEM:522|NOP:525
31714,ATL:171|ORL:285|CHA:415|MIA:505|NOP:509
31084,ATL:159|ORL:307|CHA:402|MIA:528|NOP:529
31047,ATL:144|ORL:366|CHA:373|MEM:533|NOP:535
31790,ATL:174|ORL:276|CHA:418|MIA:497|NOP:519
31072,ATL:162|ORL:310|CHA:401|MIA:531|NOP:536
31071,ATL:159|ORL:322|CHA:377|MIA:543|NOP:543
31036,ATL:144|ORL:340|CHA:365|MEM:532|NOP:535
31733,ATL:186|ORL:275|CHA:430|MIA:496|NOP:528
31783,ATL:184|ORL:297|CHA:416|MIA:518|NOP:531
31079,ATL:172|ORL:308|CHA:394|MIA:529|NOP:542
31014,ATL:135|CHA:341|ORL:358|MEM:524|NOP:546
31001,ATL:182|ORL:323|CHA:386|MIA:544|NOP:557
31774,ATL:205|ORL:291|CHA:425|MIA:512|NOP:543
31750,ATL:204|ORL:306|CHA:408|MIA:527|NOP:551
31023,ATL:166|ORL:347|CHA:354|MEM:554|NOP:558
31012,ATL:152|CHA:340|ORL:365|MEM:540|NOP:563
31077,ATL:184|ORL:337|CHA:378|MIA:558|NOP:570
31060,ATL:196|ORL:348|CHA:375|MIA:569|NOP:581
31011,ATL:180|ORL:350|CHA:357|MEM:568|MIA:571
31019,ATL:146|CHA:334|ORL:380|MEM:534|NOP:571
31798,ATL:221|ORL:310|CHA:413|MIA:531|NOP:563
31512,ATL:224|ORL:306|CHA:417|MIA:527|NOP:563
31009,ATL:166|CHA:348|ORL:378|MEM:554|NOP:588
31544,ATL:204|ORL:329|CHA:378|MIA:545|NOP:580
31075,ATL:153|CHA:329|ORL:376|MEM:542|NOP:578
31037,ATL:177|CHA:352|ORL:357|MEM:566|MIA:572
31021,ATL:139|CHA:315|ORL:371|MEM:527|NOP:564
31055,ATL:196|ORL:346|CHA:361|MIA:562|MEM:584
31519,ATL:233|ORL:313|CHA:400|MIA:529|NOP:580
31533,ATL:244|ORL:307|CHA:410|MIA:520|NOP:574
31083,ATL:185|CHA:350|ORL:353|MIA:564|MEM:574
30411,ATL:177|CHA:342|ORL:357|MEM:566|MIA:571
31532,ATL:239|ORL:325|CHA:387|MIA:540|NOP:592
30454,ATL:167|CHA:323|ORL:369|MEM:555|MIA:579
31549,ATL:210|ORL:341|CHA:369|MIA:551|MEM:599
30428,ATL:181|CHA:330|ORL:369|MEM:569|MIA:578
31567,ATL:242|ORL:310|CHA:392|MIA:522|NOP:577
31539,ATL:224|ORL:317|CHA:370|MIA:527|NOP:612
30445,ATL:183|CHA:329|ORL:349|MIA:559|MEM:571
30457,ATL:167|CHA:303|ORL:350|MEM:556|MIA:559
30410,ATL:186|CHA:324|ORL:352|MIA:562|MEM:574
30470,ATL:177|CHA:309|ORL:355|MEM:565|MIA:565
30412,ATL:194|CHA:330|ORL:338|MIA:548|MEM:583
30473,ATL:205|ORL:333|CHA:339|MIA:543|MEM:593
31510,ATL:254|ORL:286|CHA:372|MIA:495|NOP:594
30474,ATL:187|CHA:313|ORL:344|MIA:554|MEM:575
30448,ATL:182|CHA:291|ORL:349|MIA:558|MEM:571
31513,ATL:230|ORL:302|CHA:348|MIA:512|NOP:610
30436,ATL:202|CHA:320|ORL:341|MIA:551|MEM:591
30464,ATL:185|CHA:285|ORL:335|MIA:545|MEM:573
31518,ATL:270|ORL:279|CHA:388|MIA:489|NOP:614
31563,ATL:249|ORL:288|CHA:362|MIA:498|NOP:629
30420,ATL:197|CHA:298|ORL:331|MIA:540|MEM:586
30453,ATL:235|ORL:332|CHA:340|MIA:541|MEM:623
30421,ATL:205|CHA:311|ORL:326|MIA:536|MEM:594
30439,ATL:195|CHA:284|ORL:326|MIA:536|MEM:584
31555,ATL:266|ORL:281|CHA:369|MIA:491|NOP:644
31560,ORL:277|ATL:284|CHA:381|MIA:487|NOP:624
31545,ORL:272|ATL:279|CHA:367|MIA:482|NOP:626
30414,ATL:219|CHA:310|ORL:325|MIA:534|MEM:608
30427,ATL:239|ORL:296|CHA:329|MIA:506|MEM:628
30451,ATL:203|CHA:284|ORL:320|MIA:530|MEM:591
30429,ATL:221|CHA:304|ORL:320|MIA:530|MEM:610
30417,ATL:220|CHA:303|ORL:319|MIA:529|MEM:608
31599,ORL:263|ATL:283|CHA:360|MIA:472|NOP:638
30452,ATL:212|CHA:291|ORL:319|MIA:529|MEM:600
30458,ATL:214|CHA:275|ORL:321|MIA:531|MEM:603
30423,ATL:230|CHA:310|ORL:323|MIA:533|MEM:618
30460,ATL:220|CHA:265|ORL:324|MIA:533|MEM:609
31316,ORL:266|ATL:267|CHA:332|MIA:476|WAS:641
30461,ATL:244|CHA:275|ORL:343|MIA:552|WAS:622
31321,ATL:225|CHA:298|ORL:311|MIA:521|MEM:614
31333,ORL:267|ATL:275|CHA:317|MIA:477|WAS:625
31314,ATL:266|ORL:278|CHA:303|MIA:488|WAS:611
31313,ATL:271|ORL:274|CHA:313|MIA:483|WAS:622
31315,ATL:266|ORL:279|CHA:303|MIA:488|WAS:612
31301,ORL:265|ATL:277|CHA:314|MIA:475|WAS:623
30415,ATL:229|CHA:283|ORL:308|MIA:517|WAS:614
31308,ATL:236|CHA:292|ORL:293|MIA:503|WAS:600
31309,ATL:274|ORL:274|CHA:296|MIA:483|WAS:604
31312,ATL:255|CHA:286|ORL:306|MIA:515|WAS:600
31307,ATL:238|CHA:284|ORL:287|MIA:496|WAS:593
31318,ATL:238|CHA:281|ORL:283|MIA:493|WAS:590
31302,ATL:243|CHA:277|ORL:283|MIA:492|WAS:585
31324,ORL:274|ATL:278|CHA:300|MIA:484|WAS:608
31322,ATL:244|CHA:265|ORL:274|MIA:484|WAS:573
31419,ATL:258|ORL:274|CHA:281|MIA:483|WAS:589
36740,ATL:257|NOP:268|MEM:307|CHA:515|DAL:553
36776,ATL:256|NOP:286|MEM:308|CHA:513|DAL:572
35441,ATL:255|NOP:299|MEM:320|CHA:513|DAL:585
35463,ATL:221|MEM:286|NOP:287|CHA:478|IND:564
35401,ATL:208|MEM:265|NOP:288|CHA:466|IND:552
36744,ATL:254|NOP:282|MEM:315|CHA:512|DAL:567
35474,ATL:239|MEM:304|NOP:304|CHA:497|IND:583
35473,ATL:218|MEM:253|NOP:304|CHA:476|IND:562
35476,ATL:213|MEM:257|NOP:299|CHA:471|IND:557
35475,ATL:242|MEM:249|NOP:327|CHA:500|IND:562
35487,ATL:212|MEM:266|NOP:297|CHA:470|IND:556
35405,ATL:212|MEM:276|NOP:299|CHA:469|IND:555
36765,ATL:267|NOP:294|MEM:329|CHA:525|DAL:579
35404,ATL:207|MEM:269|NOP:304|CHA:465|IND:551
35406,ATL:232|MEM:277|NOP:323|CHA:490|IND:576
35456,ATL:223|MEM:292|NOP:315|CHA:481|IND:566
35453,ATL:199|MEM:282|NOP:304|CHA:456|IND:542
36756,ATL:232|NOP:307|MEM:327|CHA:490|IND:576
35444,ATL:210|MEM:301|NOP:328|CHA:468|IND:554
35034,ATL:235|MEM:323|NOP:331|CHA:493|IND:579
35490,ATL:201|MEM:300|NOP:324|CHA:459|IND:545
35006,ATL:215|MEM:289|NOP:357|CHA:472|IND:552
35188,ATL:192|MEM:290|NOP:323|CHA:449|IND:535
35184,ATL:189|MEM:288|NOP:325|CHA:447|IND:533
35042,ATL:214|MEM:309|NOP:332|CHA:471|IND:557
35074,ATL:183|MEM:284|NOP:322|CHA:440|IND:529
35111,ATL:173|MEM:272|NOP:316|CHA:431|IND:517
35023,ATL:183|MEM:267|NOP:345|CHA:440|IND:520
36793,ATL:228|MEM:328|NOP:337|CHA:486|IND:576
35127,ATL:169|MEM:257|NOP:338|CHA:427|IND:506
35035,ATL:197|MEM:305|NOP:341|CHA:455|IND:551
35022,ATL:169|MEM:272|NOP:329|CHA:427|IND:517
35020,ATL:169|MEM:261|NOP:328|CHA:426|IND:506
35061,ATL:169|MEM:261|NOP:335|CHA:427|IND:506
35228,ATL:165|MEM:258|NOP:333|CHA:423|IND:503
35064,ATL:162|MEM:254|NOP:333|CHA:420|IND:499
36792,ATL:206|MEM:314|NOP:348|CHA:464|IND:559
35080,ATL:180|MEM:288|NOP:354|CHA:438|IND:533
36790,ATL:220|MEM:328|NOP:348|CHA:478|IND:574
35221,ATL:168|MEM:260|NOP:338|CHA:426|IND:505
35115,ATL:194|MEM:302|NOP:371|CHA:452|IND:547
36758,ATL:244|MEM:351|NOP:360|CHA:497|ORL:594
35208,ATL:161|MEM:253|NOP:337|CHA:419|IND:498
35211,ATL:166|MEM:261|NOP:344|CHA:424|IND:506
35114,ATL:174|MEM:282|NOP:350|CHA:432|IND:527
36749,ATL:244|NOP:350|MEM:370|CHA:495|ORL:593
36750,ATL:207|MEM:315|NOP:348|CHA:465|IND:561
35226,ATL:159|MEM:265|NOP:341|CHA:417|IND:510
35244,ATL:161|MEM:270|NOP:338|CHA:419|IND:515
35209,ATL:159|MEM:256|NOP:346|CHA:416|IND:501
35205,ATL:154|MEM:251|NOP:343|CHA:412|IND:496
35229,ATL:157|MEM:258|NOP:347|CHA:415|IND:504
35216,ATL:161|MEM:267|NOP:348|CHA:419|IND:512
35007,ATL:166|MEM:274|NOP:351|CHA:423|IND:519
35171,ATL:217|MEM:325|NOP:379|CHA:475|IND:570
35124,ATL:168|MEM:276|NOP:353|CHA:426|IND:521
35243,ATL:150|MEM:263|NOP:343|CHA:408|IND:508
35085,ATL:189|MEM:297|NOP:366|CHA:447|IND:543
35223,ATL:152|MEM:266|NOP:358|CHA:410|IND:512
35040,ATL:176|MEM:284|NOP:361|CHA:434|IND:529
36006,ATL:214|MEM:338|NOP:351|CHA:465|ORL:563
35045,ATL:202|MEM:310|NOP:353|CHA:460|IND:555
35242,ATL:155|MEM:273|NOP:351|CHA:413|IND:518
35043,ATL:168|MEM:288|NOP:365|CHA:426|IND:533
35051,ATL:176|MEM:297|NOP:375|CHA:434|IND:542
36067,ATL:216|MEM:353|NOP:353|CHA:467|ORL:565
35143,ATL:182|MEM:312|NOP:370|CHA:440|IND:557
35185,ATL:157|MEM:288|NOP:365|CHA:415|IND:533
35147,ATL:188|MEM:324|NOP:402|CHA:446|IND:569
35046,ATL:209|MEM:320|NOP:370|CHA:467|IND:565
36091,ATL:201|MEM:310|NOP:338|CHA:452|ORL:550
35186,ATL:168|MEM:302|NOP:380|CHA:425|IND:547
35176,ATL:143|MEM:292|NOP:373|CHA:401|IND:537
36051,ATL:212|MEM:324|NOP:349|CHA:463|ORL:561
35078,ATL:154|MEM:299|NOP:377|CHA:412|IND:544
35178,ATL:149|MEM:306|NOP:384|CHA:407|IND:551
36022,ATL:205|MEM:333|NOP:342|CHA:456|ORL:554
35044,ATL:150|MEM:306|NOP:384|CHA:407|ORL:547
35183,ATL:174|MEM:338|NOP:388|CHA:431|ORL:558
36025,ATL:198|NOP:335|MEM:343|CHA:449|ORL:546
35151,ATL:178|MEM:347|NOP:415|CHA:436|ORL:565
35032,ATL:155|MEM:311|NOP:389|CHA:413|ORL:548
35136,ATL:183|MEM:341|NOP:375|CHA:441|ORL:550
36080,ATL:192|NOP:353|MEM:359|CHA:450|ORL:554
35014,ATL:137|MEM:320|CHA:395|NOP:400|IND:565
35150,ATL:143|MEM:321|NOP:387|CHA:401|ORL:537
35149,ATL:144|MEM:331|NOP:398|CHA:402|ORL:548
36092,ATL:196|NOP:345|MEM:364|CHA:447|ORL:546
35082,ATL:160|MEM:334|NOP:401|CHA:418|ORL:551
36026,ATL:192|MEM:367|NOP:374|CHA:443|ORL:542
35160,ATL:132|MEM:323|CHA:390|NOP:408|ORL:558
35089,ATL:168|MEM:341|NOP:380|CHA:423|ORL:522
35072,ATL:163|MEM:350|NOP:403|CHA:421|ORL:536
36024,ATL:181|NOP:352|MEM:370|CHA:432|ORL:531
36267,ATL:139|MEM:348|CHA:397|NOP:413|ORL:546
36078,ATL:165|NOP:356|MEM:381|CHA:416|ORL:515
35010,ATL:157|MEM:346|NOP:387|CHA:408|ORL:506
36268,ATL:114|MEM:321|CHA:372|NOP:410|ORL:543
36251,ATL:129|MEM:345|CHA:387|NOP:417|ORL:550
36861,ATL:151|MEM:353|NOP:394|CHA:402|ORL:500
36853,ATL:147|MEM:362|NOP:387|CHA:398|ORL:497
36266,ATL:117|MEM:353|CHA:374|NOP:436|ORL:546
36255,ATL:131|MEM:356|CHA:389|NOP:427|ORL:533
36258,ATL:106|MEM:346|CHA:364|NOP:435|ORL:535
36866,ATL:151|NOP:367|MEM:399|CHA:402|ORL:500
36256,ATL:171|MEM:392|CHA:422|NOP:433|ORL:547
36850,ATL:136|MEM:367|CHA:387|NOP:391|ORL:486
36865,ATL:133|NOP:365|CHA:384|MEM:393|ORL:482
36832,ATL:132|NOP:367|CHA:383|MEM:397|ORL:482
36276,ATL:139|MEM:373|CHA:390|NOP:433|ORL:515
36879,ATL:137|MEM:382|CHA:388|NOP:392|ORL:487
36278,ATL:122|MEM:367|CHA:380|NOP:456|ORL:537
36830,ATL:122|NOP:361|CHA:373|MEM:392|ORL:472
36849,ATL:122|NOP:367|CHA:373|MEM:390|ORL:472
36862,ATL:115|CHA:366|MEM:394|NOP:406|ORL:484
36280,ATL:97|CHA:354|MEM:366|NOP:454|ORL:526
36801,ATL:121|CHA:372|NOP:388|MEM:400|ORL:477
36274,ATL:121|CHA:372|MEM:379|NOP:435|ORL:512
36263,ATL:91|CHA:349|MEM:360|NOP:449|ORL:520
36804,ATL:125|CHA:376|NOP:385|MEM:409|ORL:467
36855,ATL:132|CHA:383|MEM:406|NOP:429|ORL:500
36852,ATL:103|CHA:354|NOP:380|MEM:405|ORL:468
36863,ATL:108|CHA:359|NOP:401|MEM:410|ORL:476
36874,ATL:127|CHA:379|NOP:390|MEM:414|ORL:457
36854,ATL:119|CHA:370|NOP:403|MEM:428|ORL:484
30170,ATL:86|CHA:344|MEM:380|NOP:453|ORL:505
30217,ATL:91|CHA:342|MEM:385|NOP:441|ORL:493
30240,ATL:91|CHA:342|MEM:409|NOP:409|ORL:476
36877,ATL:129|CHA:380|NOP:391|MEM:416|ORL:447
31833,ATL:101|CHA:352|NOP:402|MEM:427|ORL:458
31808,ATL:107|CHA:358|NOP:418|ORL:438|MEM:443
31904,ATL:124|CHA:375|NOP:413|MEM:438|ORL:440
30241,ATL:77|CHA:328|NOP:410|MEM:422|ORL:460
31811,ATL:102|CHA:353|NOP:416|MEM:441|ORL:442
31909,ATL:113|CHA:364|NOP:408|ORL:429|MEM:433
30230,ATL:70|CHA:321|MEM:406|NOP:421|ORL:466
31822,ATL:95|CHA:346|NOP:413|MEM:438|ORL:455
31804,ATL:106|CHA:357|NOP:418|ORL:429|MEM:443
30275,ATL:62|CHA:314|MEM:393|NOP:445|ORL:471
30263,ATL:61|CHA:312|MEM:404|NOP:443|ORL:469
31820,ATL:120|CHA:371|NOP:412|ORL:418|MEM:437
30220,ATL:57|CHA:308|MEM:412|NOP:420|ORL:466
31823,ATL:102|CHA:353|NOP:424|ORL:440|MEM:449
31807,ATL:122|CHA:373|NOP:424|ORL:427|MEM:448
30259,ATL:59|CHA:310|MEM:424|NOP:429|ORL:467
30222,ATL:84|CHA:335|NOP:429|MEM:432|ORL:443
31830,ATL:97|CHA:348|NOP:429|ORL:437|MEM:445
31829,ATL:130|CHA:381|ORL:412|NOP:425|MEM:449
30265,ATL:49|CHA:300|MEM:424|NOP:442|ORL:457
31831,ATL:131|CHA:382|ORL:423|NOP:438|MEM:462
31826,ATL:106|CHA:357|ORL:427|NOP:431|MEM:454
30251,ATL:68|CHA:319|MEM:429|NOP:433|ORL:457
30277,ATL:53|CHA:304|MEM:429|NOP:448|ORL:461
30289,ATL:55|CHA:306|MEM:427|NOP:442|ORL:449
31816,ATL:102|CHA:353|ORL:426|NOP:442|MEM:451
30293,ATL:90|CHA:341|ORL:428|MEM:438|NOP:441
31801,ATL:140|CHA:392|ORL:396|NOP:433|MEM:458
30290,ATL:41|CHA:292|MEM:418|NOP:447|ORL:450
30218,ATL:83|CHA:334|ORL:442|MEM:449|NOP:452
30276,ATL:64|CHA:315|MEM:436|ORL:443|NOP:451
30229,ATL:68|CHA:319|MEM:439|ORL:442|NOP:450
30269,ATL:55|CHA:306|MEM:432|ORL:451|NOP:458
31836,ATL:117|CHA:365|ORL:413|NOP:446|MEM:465
31810,ATL:154|CHA:405|ORL:407|NOP:452|MEM:476
31827,ATL:130|CHA:378|ORL:404|NOP:444|MEM:468
30214,ATL:44|CHA:295|MEM:421|ORL:446|NOP:463
30205,ATL:83|CHA:333|ORL:437|MEM:455|NOP:470
30258,ATL:104|CHA:351|ORL:421|MEM:453|NOP:456
30206,ATL:105|CHA:350|ORL:436|MEM:468|NOP:471
30215,ATL:59|CHA:308|MEM:437|ORL:440|NOP:470
31812,ATL:134|CHA:378|ORL:397|NOP:451|MEM:476
30292,ATL:83|CHA:328|ORL:425|MEM:464|NOP:467
31039,ATL:138|CHA:382|ORL:388|NOP:449|MEM:474
30286,ATL:100|CHA:344|ORL:401|MEM:466|NOP:467
30295,ATL:88|CHA:332|ORL:414|MEM:475|NOP:477
30256,ATL:100|CHA:344|ORL:421|MEM:475|NOP:478
30228,ATL:51|CHA:299|ORL:421|MEM:440|NOP:489
30250,ATL:46|CHA:295|ORL:419|MEM:434|NOP:484
30284,ATL:55|CHA:299|ORL:413|MEM:443|NOP:492
30223,ATL:63|CHA:307|ORL:415|MEM:451|NOP:489
30285,ATL:93|CHA:337|ORL:413|MEM:482|NOP:489
31006,ATL:136|CHA:380|ORL:384|NOP:459|MEM:484
30224,ATL:79|CHA:323|ORL:419|MEM:468|NOP:501
30253,ATL:43|CHA:287|ORL:411|MEM:431|NOP:487
30257,ATL:75|CHA:319|ORL:409|MEM:463|NOP:501
31097,ATL:97|CHA:341|ORL:395|MEM:485|NOP:488
30204,ATL:75|CHA:319|ORL:389|MEM:463|NOP:493
30248,ATL:47|CHA:291|ORL:401|MEM:435|NOP:491
31076,ATL:125|ORL:368|CHA:369|NOP:467|MEM:492
31016,ATL:98|CHA:342|ORL:380|MEM:486|NOP:488
31078,ATL:112|CHA:356|ORL:374|NOP:480|MEM:500
30252,ATL:60|CHA:304|ORL:422|MEM:448|NOP:503
30234,ATL:61|CHA:305|ORL:409|MEM:449|NOP:505
31066,ATL:100|CHA:344|ORL:377|MEM:488|NOP:488
30233,ATL:62|CHA:306|ORL:401|MEM:451|NOP:506
31050,ATL:109|CHA:353|ORL:367|NOP:490|MEM:497
31029,ATL:68|CHA:312|ORL:374|MEM:456|NOP:510
31030,ATL:117|ORL:349|CHA:361|NOP:481|MEM:505
30216,ATL:74|CHA:314|ORL:394|MEM:463|NOP:518
31052,ATL:103|CHA:348|ORL:366|MEM:492|NOP:508
31220,ATL:95|CHA:339|ORL:371|MEM:483|NOP:512
31004,ATL:78|CHA:322|ORL:365|MEM:467|NOP:515
31046,ATL:91|CHA:326|ORL:391|MEM:479|NOP:533
31008,ATL:117|ORL:360|CHA:361|MEM:505|NOP:508
30055,ATL:63|CHA:288|ORL:434|MEM:452|NOP:518
31210,ATL:89|CHA:333|ORL:368|MEM:477|NOP:522
31064,ATL:82|CHA:294|ORL:405|MEM:471|NOP:532
31206,ATL:96|CHA:340|ORL:357|MEM:485|NOP:513
31028,ATL:109|ORL:349|CHA:353|MEM:497|NOP:505
31204,ATL:96|CHA:339|ORL:362|MEM:485|NOP:518
31216,ATL:102|CHA:345|ORL:357|MEM:491|NOP:512
31093,ATL:112|CHA:356|ORL:356|MEM:501|NOP:512
31088,ATL:117|ORL:351|CHA:361|MEM:505|NOP:509
30056,ATL:62|CHA:277|ORL:430|MEM:450|NOP:517
31207,ATL:93|CHA:333|ORL:357|MEM:482|NOP:513
31213,ATL:91|CHA:330|ORL:357|MEM:480|NOP:513
31085,ATL:68|CHA:278|ORL:425|MEM:457|NOP:524
31038,ATL:103|CHA:313|ORL:396|MEM:492|NOP:546
31201,ATL:100|CHA:336|ORL:366|MEM:488|NOP:522
31211,ATL:103|CHA:322|ORL:372|MEM:491|NOP:528
31005,ATL:128|ORL:352|CHA:355|MEM:516|NOP:517
31098,
31032,ATL:102|CHA:310|ORL:378|MEM:491|NOP:534
31217,ATL:111|CHA:320|ORL:380|MEM:500|NOP:536
31020,ATL:112|CHA:341|ORL:381|MEM:500|NOP:537
31033,ATL:121|CHA:308|ORL:396|MEM:509|NOP:552
31044,
31024,ATL:96|CHA:274|ORL:419|MEM:484|NOP:551
31031,ATL:118|CHA:307|ORL:387|MEM:507|NOP:543
31017,ATL:124|CHA:321|ORL:379|MEM:512|NOP:548
31061,ATL:127|CHA:284|ORL:404|MEM:516|NOP:560
31034,ATL:128|CHA:286|ORL:405|MEM:517|NOP:561
31003,ATL:125|CHA:319|ORL:377|MEM:513|NOP:550
31062,ATL:130|CHA:287|ORL:407|MEM:518|NOP:563
31054,ATL:139|CHA:301|ORL:408|MEM:528|NOP:564
31042,ATL:132|CHA:310|ORL:397|MEM:521|NOP:557
31065,ATL:139|CHA:334|ORL:389|MEM:527|NOP:563
31022,ATL:132|CHA:326|ORL:379|MEM:520|NOP:557
30678,ATL:99|CHA:248|ORL:458|MEM:487|NOP:554
31090,ATL:152|CHA:301|ORL:410|MEM:541|NOP:577
31087,ATL:127|CHA:259|ORL:436|MEM:516|NOP:582
31067,ATL:164|CHA:285|ORL:410|MEM:553|NOP:593
31082,ATL:156|CHA:265|ORL:409|MEM:544|NOP:585
31089,ATL:166|CHA:273|ORL:402|MEM:554|NOP:591
31027,ATL:159|CHA:301|ORL:377|MEM:547|NOP:584
31094,ATL:147|CHA:256|ORL:423|MEM:535|NOP:602
31045,ATL:132|CHA:235|ORL:440|MEM:521|NOP:588
30821,ATL:116|CHA:224|ORL:463|MEM:505|NOP:572
30820,ATL:141|CHA:244|ORL:439|MEM:530|NOP:597
31035,ATL:187|CHA:276|ORL:402|MEM:576|MIA:612
31096,ATL:175|CHA:283|ORL:380|MEM:563|MIA:590
30828,ATL:121|CHA:222|ORL:447|MEM:510|NOP:576
30807,ATL:117|CHA:214|ORL:452|MEM:506|NOP:573
31018,ATL:171|CHA:250|ORL:413|MEM:560|NOP:611
31002,ATL:170|CHA:300|ORL:362|MEM:558|MIA:572
30810,ATL:139|CHA:240|ORL:434|MEM:528|NOP:594
30803,ATL:160|CHA:240|ORL:428|MEM:549|WAS:614
31049,ATL:191|CHA:281|ORL:372|MEM:580|MIA:582
30413,ATL:181|CHA:262|ORL:392|MEM:570|MIA:602
30823,ATL:144|CHA:227|ORL:423|MEM:533|NOP:600
30477,ATL:178|CHA:255|ORL:387|MEM:567|MIA:597
30808,ATL:141|CHA:216|ORL:439|MEM:530|WAS:590
30434,ATL:171|CHA:248|ORL:409|MEM:560|MIA:618
30833,ATL:149|CHA:222|ORL:412|MEM:538|WAS:596
30401,ATL:192|CHA:275|ORL:356|MIA:566|MEM:580
30818,ATL:162|CHA:220|ORL:432|MEM:551|WAS:594
30814,ATL:139|CHA:201|ORL:440|MEM:528|WAS:575
30441,ATL:191|CHA:246|ORL:376|MEM:579|MIA:585
30813,ATL:139|CHA:194|ORL:431|MEM:528|WAS:568
30805,ATL:166|CHA:208|ORL:419|MEM:555|WAS:583
30471,ATL:200|CHA:277|ORL:343|MIA:553|MEM:589
30816,ATL:169|CHA:228|ORL:402|MEM:558|WAS:602
30905,ATL:170|CHA:207|ORL:427|MEM:558|WAS:581
30425,ATL:214|CHA:258|ORL:356|MIA:566|MEM:602
30909,ATL:146|CHA:182|ORL:417|MEM:534|WAS:556
30815,ATL:168|CHA:202|ORL:400|MEM:557|WAS:576
30812,ATL:157|CHA:191|ORL:407|MEM:546|WAS:566
30830,ATL:181|CHA:215|ORL:382|MEM:570|WAS:589
30442,ATL:205|CHA:240|ORL:361|MIA:571|MEM:594
30906,ATL:164|CHA:194|ORL:404|MEM:553|WAS:568
30822,ATL:200|CHA:234|ORL:371|MIA:581|MEM:588
30450,ATL:225|CHA:265|ORL:345|MIA:555|MEM:613
30455,ATL:239|CHA:259|ORL:358|MIA:568|WAS:606
30456,ATL:210|CHA:244|ORL:374|MIA:584|MEM:598
30467,ATL:230|CHA:239|ORL:340|MIA:549|WAS:586
30449,ATL:246|CHA:259|ORL:319|MIA:529|WAS:604
35579,ATL:221|MEM:239|NOP:353|CHA:479|IND:533
35503,ATL:216|MEM:227|NOP:388|CHA:473|IND:515
35501,ATL:196|MEM:209|NOP:367|CHA:454|IND:499
35572,MEM:237|ATL:246|NOP:417|IND:491|CHA:504
35580,ATL:203|MEM:228|NOP:369|CHA:461|IND:518
35540,ATL:240|MEM:251|NOP:426|IND:480|CHA:498
35541,ATL:244|MEM:253|NOP:417|IND:489|CHA:502
35504,ATL:219|MEM:241|NOP:399|CHA:477|IND:494
35550,ATL:192|MEM:226|NOP:377|CHA:449|IND:510
35619,MEM:228|ATL:233|NOP:418|IND:458|CHA:490
35130,ATL:199|MEM:238|NOP:371|CHA:457|IND:523
35584,ATL:199|MEM:234|NOP:384|CHA:457|IND:493
35053,ATL:228|MEM:270|NOP:413|IND:481|CHA:486
35148,ATL:183|MEM:234|NOP:368|CHA:440|IND:493
35098,ATL:232|MEM:271|NOP:417|IND:477|CHA:490
35118,ATL:186|MEM:263|NOP:357|CHA:444|IND:523
35063,ATL:204|MEM:248|NOP:389|CHA:462|IND:495
35062,ATL:186|MEM:245|NOP:371|CHA:443|IND:507
35033,ATL:198|MEM:240|NOP:383|CHA:456|IND:472
35005,ATL:184|MEM:246|NOP:361|CHA:442|IND:513
35073,ATL:176|MEM:236|NOP:362|CHA:434|IND:505
35179,ATL:218|MEM:245|NOP:403|IND:458|CHA:476
35224,ATL:166|MEM:249|NOP:342|CHA:424|IND:503
35640,ATL:224|MEM:242|NOP:409|IND:431|CHA:482
35057,ATL:214|MEM:258|NOP:399|IND:458|CHA:471
35060,ATL:168|MEM:243|NOP:344|CHA:425|IND:501
35036,ATL:171|MEM:237|NOP:356|CHA:429|IND:494
35622,ATL:212|MEM:256|NOP:397|IND:436|CHA:469
35218,ATL:159|MEM:250|NOP:336|CHA:417|IND:497
35117,ATL:175|MEM:251|NOP:360|CHA:433|IND:489
35214,ATL:166|MEM:241|NOP:346|CHA:424|IND:496
35181,ATL:168|MEM:242|NOP:354|CHA:426|IND:488
35254,ATL:159|MEM:251|NOP:341|CHA:417|IND:496
35071,ATL:182|MEM:264|NOP:367|CHA:439|IND:493
35180,ATL:191|MEM:273|NOP:376|CHA:449|IND:483
35204,ATL:158|MEM:250|NOP:339|CHA:415|IND:495
35077,ATL:221|MEM:291|NOP:407|CHA:479|IND:489
35068,ATL:164|MEM:244|NOP:349|CHA:422|IND:487
35207,ATL:160|MEM:246|NOP:345|CHA:418|IND:492
35203,ATL:152|MEM:248|NOP:340|CHA:410|IND:493
35234,ATL:152|MEM:249|NOP:344|CHA:410|IND:495
35249,ATL:153|MEM:250|NOP:343|CHA:411|IND:495
35233,ATL:153|MEM:250|NOP:343|CHA:411|IND:495
35091,ATL:191|MEM:273|NOP:376|CHA:448|IND:488
35119,ATL:161|MEM:251|NOP:354|CHA:418|IND:488
35222,ATL:149|MEM:254|NOP:347|CHA:407|IND:500
35116,ATL:197|MEM:279|NOP:382|CHA:455|IND:500
35217,ATL:155|MEM:252|NOP:355|CHA:413|IND:491
35055,ATL:218|MEM:270|NOP:404|IND:465|CHA:475
35079,ATL:207|MEM:290|NOP:393|CHA:465|IND:496
35212,ATL:146|MEM:254|NOP:347|CHA:404|IND:500
35213,ATL:146|MEM:259|NOP:352|CHA:404|IND:504
35070,ATL:200|MEM:275|NOP:385|CHA:458|IND:470
35058,ATL:219|MEM:266|NOP:406|IND:462|CHA:476
35670,ATL:231|MEM:270|NOP:427|IND:444|CHA:489
35621,ATL:232|MEM:283|NOP:427|IND:461|CHA:490
35206,ATL:149|MEM:258|NOP:351|CHA:407|IND:503
35215,ATL:156|MEM:260|NOP:362|CHA:414|IND:498
35172,ATL:188|MEM:291|NOP:394|CHA:446|IND:507
35210,ATL:140|MEM:263|NOP:351|CHA:398|IND:508
35126,ATL:165|MEM:271|NOP:372|CHA:423|IND:508
35235,ATL:142|MEM:261|NOP:354|CHA:400|IND:506
35019,ATL:216|MEM:285|NOP:425|IND:461|CHA:473
35097,ATL:189|MEM:292|NOP:395|CHA:447|IND:508
35049,ATL:190|MEM:298|NOP:401|CHA:448|IND:501
35133,ATL:180|MEM:287|NOP:388|CHA:438|IND:520
35083,ATL:211|MEM:283|NOP:418|CHA:469|IND:473
35087,ATL:208|MEM:280|NOP:420|IND:456|CHA:466
35094,ATL:147|MEM:280|NOP:369|CHA:405|IND:525
35173,ATL:157|MEM:275|NOP:368|CHA:415|IND:521
35031,ATL:198|MEM:302|NOP:415|CHA:456|IND:488
35013,ATL:176|MEM:288|NOP:390|CHA:434|IND:504
35175,ATL:222|MEM:294|NOP:449|IND:466|CHA:480
35016,ATL:206|MEM:283|NOP:423|IND:463|CHA:464
35004,ATL:136|MEM:277|NOP:366|CHA:394|IND:522
35112,ATL:149|MEM:286|NOP:379|CHA:406|IND:532
35146,ATL:166|MEM:296|NOP:389|CHA:424|IND:541
35121,ATL:165|MEM:302|NOP:401|CHA:423|IND:505
35120,ATL:133|MEM:284|NOP:372|CHA:391|IND:529
35052,ATL:127|MEM:281|NOP:370|CHA:384|IND:526
35980,ATL:187|MEM:300|NOP:431|CHA:445|IND:486
35054,ATL:134|MEM:302|NOP:390|CHA:391|IND:547
35128,ATL:127|MEM:290|NOP:379|CHA:385|IND:535
35976,ATL:194|MEM:308|NOP:446|CHA:452|IND:481
35952,ATL:170|MEM:305|NOP:419|CHA:428|IND:491
35990,ATL:168|MEM:303|NOP:420|CHA:426|IND:489
35747,ATL:216|MEM:305|CHA:460|NOP:467|IND:470
35125,ATL:128|MEM:294|NOP:383|CHA:385|IND:539
35950,ATL:185|MEM:321|NOP:437|CHA:442|IND:496
35987,ATL:150|MEM:296|NOP:389|CHA:408|IND:515
35972,ATL:178|MEM:322|NOP:415|CHA:435|IND:536
35957,ATL:171|MEM:318|NOP:423|CHA:429|IND:503
35135,ATL:122|MEM:296|CHA:379|NOP:385|IND:541
35131,ATL:132|MEM:299|NOP:387|CHA:390|IND:544
35953,ATL:144|MEM:310|NOP:399|CHA:402|IND:538
35956,ATL:171|MEM:331|NOP:424|CHA:429|IND:518
35951,ATL:196|MEM:338|NOP:448|CHA:454|IND:511
35096,ATL:112|MEM:296|CHA:370|NOP:385|ORL:541
35906,ATL:149|MEM:311|NOP:404|CHA:407|IND:519
35975,ATL:192|MEM:335|CHA:435|NOP:452|IND:498
35954,ATL:155|MEM:318|NOP:411|CHA:413|IND:505
35962,ATL:184|MEM:344|CHA:426|NOP:443|IND:504
36271,ATL:120|MEM:313|CHA:378|NOP:402|IND:533
35907,ATL:133|MEM:323|CHA:391|NOP:413|IND:522
35974,ATL:179|MEM:340|CHA:421|NOP:439|IND:489
36260,ATL:109|MEM:305|CHA:367|NOP:394|ORL:538
35904,ATL:148|MEM:319|CHA:406|NOP:412|IND:505
35971,ATL:188|MEM:347|CHA:430|NOP:458|IND:490
35901,ATL:143|MEM:320|CHA:401|NOP:412|IND:512
35963,ATL:179|MEM:346|CHA:421|NOP:439|IND:497
35905,ATL:131|MEM:329|CHA:389|NOP:421|IND:525
36250,ATL:109|MEM:324|CHA:367|NOP:412|IND:532
36279,ATL:120|MEM:331|CHA:377|NOP:420|IND:527
36201,ATL:107|MEM:315|CHA:365|NOP:404|ORL:536
35961,ATL:167|MEM:347|CHA:409|NOP:442|IND:476
35903,ATL:145|MEM:339|CHA:403|NOP:432|IND:529
36203,ATL:95|MEM:314|CHA:352|NOP:402|ORL:524
36206,ATL:103|MEM:327|CHA:361|NOP:415|ORL:532
36277,ATL:110|MEM:331|CHA:367|NOP:419|ORL:539
35968,ATL:162|MEM:331|CHA:404|NOP:436|IND:471
36205,ATL:104|MEM:328|CHA:362|NOP:417|ORL:533
36265,ATL:120|MEM:341|CHA:378|NOP:430|IND:543
35983,ATL:142|MEM:334|CHA:385|NOP:427|IND:500
36207,ATL:98|MEM:325|CHA:356|NOP:414|ORL:527
35967,ATL:165|MEM:356|CHA:407|NOP:451|IND:484
35959,ATL:131|MEM:350|CHA:373|NOP:443|IND:498
36272,ATL:124|MEM:357|CHA:381|NOP:446|IND:541
35960,ATL:130|MEM:353|CHA:375|NOP:446|IND:517
35973,ATL:138|MEM:366|CHA:381|NOP:459|IND:493
36264,ATL:99|MEM:345|CHA:357|NOP:434|ORL:528
36262,ATL:97|CHA:354|MEM:359|NOP:448|ORL:526
30730,ATL:132|CHA:374|MEM:378|NOP:471|IND:507
36269,ATL:77|CHA:335|MEM:347|NOP:436|ORL:506
36273,ATL:87|MEM:344|CHA:345|NOP:433|ORL:516
30124,ATL:115|CHA:358|MEM:381|NOP:474|IND:529
30176,ATL:71|CHA:328|MEM:354|NOP:443|ORL:500
30165,ATL:125|CHA:367|MEM:390|NOP:483|IND:536
30125,ATL:89|CHA:344|MEM:381|NOP:470|ORL:518
30108,ATL:75|CHA:333|MEM:358|NOP:446|ORL:504
30182,ATL:63|CHA:320|MEM:348|NOP:436|ORL:492
30147,ATL:100|CHA:342|MEM:387|NOP:480|IND:533
30149,ATL:103|CHA:345|MEM:387|NOP:479|IND:527
30113,ATL:69|CHA:327|MEM:365|NOP:454|ORL:498
30161,ATL:89|CHA:331|MEM:387|NOP:479|ORL:522
30105,ATL:100|CHA:343|MEM:401|NOP:496|IND:516
30173,ATL:95|CHA:337|MEM:401|NOP:494|ORL:527
30110,ATL:66|CHA:323|MEM:362|NOP:450|ORL:495
30117,ATL:65|CHA:323|MEM:362|NOP:450|ORL:494
30118,ATL:66|CHA:324|MEM:368|NOP:457|ORL:495
30104,ATL:90|CHA:332|MEM:403|NOP:492|ORL:522
30153,ATL:85|CHA:332|MEM:401|NOP:490|ORL:514
30733,ATL:101|CHA:343|MEM:419|NOP:512|IND:526
30179,ATL:57|CHA:315|MEM:368|NOP:456|ORL:486
30116,ATL:69|CHA:327|MEM:382|NOP:468|ORL:498
30145,ATL:78|CHA:320|MEM:403|NOP:496|ORL:511
30178,ATL:69|CHA:311|MEM:404|NOP:493|ORL:502
30701,ATL:77|CHA:319|MEM:405|IND:497|NOP:510
30103,ATL:69|CHA:312|MEM:411|IND:503|ORL:503
30180,ATL:46|CHA:304|MEM:368|NOP:457|ORL:475
30185,ATL:75|CHA:332|MEM:388|NOP:464|ORL:490
30157,ATL:60|CHA:318|MEM:390|NOP:479|ORL:489
30120,ATL:70|CHA:312|MEM:419|ORL:504|NOP:512
30187,ATL:43|CHA:301|MEM:377|NOP:466|ORL:472
30132,ATL:68|CHA:315|MEM:400|NOP:489|ORL:497
30134,ATL:44|CHA:302|MEM:385|ORL:473|NOP:474
30121,ATL:56|CHA:299|MEM:423|ORL:490|NOP:512
30141,ATL:47|CHA:305|MEM:392|ORL:476|NOP:481
30137,ATL:49|CHA:292|MEM:422|ORL:483|NOP:506
30184,ATL:65|CHA:307|MEM:429|ORL:498|IND:521
30135,ATL:43|CHA:300|MEM:387|ORL:467|NOP:473
30171,ATL:70|CHA:313|MEM:428|ORL:504|IND:520
30268,ATL:49|CHA:300|MEM:405|NOP:453|ORL:458
30101,ATL:55|CHA:297|MEM:422|ORL:488|NOP:511
30139,ATL:80|CHA:322|MEM:421|ORL:513|IND:514
30127,ATL:42|CHA:299|MEM:397|ORL:471|NOP:485
30111,ATL:35|CHA:290|MEM:390|ORL:464|NOP:478
30152,ATL:46|CHA:288|MEM:417|ORL:479|NOP:502
30102,ATL:45|CHA:287|MEM:424|ORL:479|NOP:501
30122,ATL:26|CHA:284|MEM:381|ORL:455|NOP:469
30106,ATL:35|CHA:286|MEM:394|ORL:464|NOP:483
30213,ATL:43|CHA:293|MEM:408|ORL:451|NOP:460
30064,ATL:42|CHA:284|MEM:411|ORL:474|NOP:496
30183,ATL:84|CHA:326|MEM:456|ORL:517|NOP:540
30144,ATL:38|CHA:280|MEM:417|ORL:471|NOP:494
30008,ATL:38|CHA:281|MEM:404|ORL:466|NOP:489
30168,ATL:23|CHA:281|MEM:383|ORL:452|NOP:471
30189,ATL:49|CHA:291|MEM:428|ORL:482|NOP:505
30336,ATL:22|CHA:280|MEM:390|ORL:449|NOP:472
30126,ATL:30|CHA:281|MEM:395|ORL:459|NOP:482
30090,ATL:31|CHA:273|MEM:410|ORL:464|NOP:487
30331,ATL:27|CHA:284|MEM:397|ORL:444|NOP:467
30291,ATL:37|CHA:288|MEM:413|ORL:445|NOP:456
30060,ATL:32|CHA:275|MEM:409|ORL:465|NOP:487
30082,ATL:29|CHA:274|MEM:400|ORL:457|NOP:479
30114,ATL:87|CHA:329|MEM:466|ORL:520|NOP:543
30349,ATL:32|CHA:282|MEM:406|ORL:440|NOP:458
30066,ATL:43|CHA:285|MEM:422|ORL:476|NOP:499
30272,ATL:26|CHA:277|MEM:401|ORL:435|NOP:455
30080,ATL:29|CHA:270|MEM:404|ORL:458|NOP:481
30311,ATL:16|CHA:277|MEM:396|ORL:443|NOP:467
30062,ATL:38|CHA:280|MEM:417|ORL:471|NOP:494
30339,ATL:20|CHA:265|MEM:398|ORL:453|NOP:475
30067,ATL:29|CHA:271|MEM:408|ORL:462|NOP:485
30344,ATL:19|CHA:280|MEM:398|ORL:438|NOP:463
30188,ATL:52|CHA:294|MEM:431|ORL:485|NOP:508
30337,ATL:20|CHA:277|MEM:403|ORL:434|NOP:458
30318,ATL:13|CHA:269|MEM:397|ORL:448|NOP:474
30296,ATL:34|CHA:282|MEM:414|ORL:435|NOP:463
30314,ATL:9|CHA:268|MEM:393|ORL:443|NOP:471
30068,ATL:41|CHA:272|MEM:416|ORL:471|NOP:493
30310,ATL:11|CHA:273|MEM:397|ORL:439|NOP:470
30143,ATL:71|CHA:298|MEM:450|ORL:505|NOP:527
30327,ATL:21|CHA:266|MEM:407|ORL:457|NOP:485
30332,ATL:9|CHA:264|MEM:401|ORL:445|NOP:479
30115,ATL:58|CHA:288|MEM:437|ORL:491|NOP:514
30274,ATL:32|CHA:284|MEM:416|ORL:429|NOP:467
30363,ATL:10|CHA:259|MEM:402|ORL:446|NOP:479
30313,ATL:3|CHA:262|MEM:397|ORL:440|NOP:473
30305,ATL:16|CHA:260|MEM:406|ORL:452|NOP:483
30075,ATL:48|CHA:277|MEM:430|ORL:477|NOP:507
30303,ATL:3|CHA:264|MEM:394|ORL:436|NOP:470
30334,ATL:4|CHA:264|MEM:395|ORL:436|NOP:470
30328,ATL:31|CHA:259|MEM:407|ORL:459|NOP:484
30354,ATL:18|CHA:268|MEM:407|ORL:429|NOP:464
30309,ATL:12|CHA:260|MEM:406|ORL:448|NOP:482
30315,ATL:13|CHA:273|MEM:402|ORL:433|NOP:467
30238,ATL:41|CHA:292|MEM:429|ORL:433|NOP:476
30308,ATL:6|CHA:262|MEM:400|ORL:442|NOP:476
30312,ATL:7|CHA:266|MEM:398|ORL:439|NOP:473
30342,ATL:24|CHA:258|MEM:409|ORL:458|NOP:486
30177,ATL:70|CHA:296|MEM:449|ORL:503|NOP:526
30297,ATL:23|CHA:270|MEM:410|ORL:426|NOP:466
30326,ATL:18|CHA:257|MEM:410|ORL:454|NOP:487
30324,ATL:17|CHA:252|MEM:411|ORL:453|NOP:486
30306,ATL:13|CHA:260|MEM:404|ORL:446|NOP:479
30107,ATL:69|CHA:295|MEM:448|ORL:502|NOP:525
30346,ATL:26|CHA:250|MEM:407|ORL:451|NOP:484
30319,ATL:29|CHA:255|MEM:412|ORL:455|NOP:489
30260,ATL:26|CHA:277|MEM:414|ORL:422|NOP:470
30307,ATL:12|CHA:258|MEM:404|ORL:443|NOP:479
30316,ATL:13|CHA:264|MEM:402|ORL:432|NOP:471
30350,ATL:36|CHA:260|MEM:418|ORL:460|NOP:495
30288,ATL:24|CHA:267|MEM:413|ORL:427|NOP:469
30322,ATL:19|CHA:260|MEM:411|ORL:449|NOP:486
30236,ATL:35|CHA:282|ORL:421|MEM:423|NOP:475
30329,ATL:21|CHA:252|MEM:415|ORL:448|NOP:488
30338,ATL:33|CHA:253|MEM:414|ORL:453|NOP:491
30317,ATL:13|CHA:263|MEM:402|ORL:437|NOP:477
30076,ATL:38|CHA:267|MEM:420|ORL:467|NOP:497
30009,ATL:43|CHA:269|MEM:424|ORL:472|NOP:501
30004,ATL:57|CHA:276|MEM:438|ORL:485|NOP:515
30030,ATL:20|CHA:256|MEM:409|ORL:442|NOP:481
30341,ATL:26|CHA:247|MEM:415|ORL:449|NOP:488
30033,ATL:24|CHA:253|MEM:415|ORL:442|NOP:482
30345,ATL:23|CHA:246|MEM:417|ORL:445|NOP:485
30360,ATL:33|CHA:251|MEM:415|ORL:451|NOP:491
30273,ATL:32|CHA:273|ORL:419|MEM:421|NOP:476
30294,ATL:34|CHA:275|MEM:423|ORL:431|NOP:481
30032,ATL:20|CHA:260|MEM:408|ORL:438|NOP:477
30148,ATL:85|CHA:279|MEM:464|ORL:519|NOP:541
30002,ATL:25|CHA:256|MEM:415|ORL:439|NOP:479
30079,ATL:23|CHA:252|MEM:415|ORL:439|NOP:479
30340,ATL:27|CHA:243|MEM:414|ORL:445|NOP:485
30034,ATL:24|CHA:264|MEM:412|ORL:435|NOP:475
30022,ATL:49|CHA:258|MEM:430|ORL:469|NOP:507
30021,ATL:26|CHA:251|MEM:415|ORL:439|NOP:479
30092,ATL:40|CHA:253|MEM:422|ORL:459|NOP:498
30005,ATL:48|CHA:255|MEM:429|ORL:477|NOP:506
30084,ATL:29|CHA:250|MEM:420|ORL:445|NOP:485
30071,ATL:33|CHA:243|MEM:420|ORL:453|NOP:493
30072,ATL:29|CHA:258|MEM:418|ORL:442|NOP:482
30035,ATL:22|CHA:262|MEM:411|ORL:437|NOP:477
30281,ATL:45|CHA:286|ORL:427|MEM:433|NOP:489
30083,ATL:33|CHA:259|MEM:421|ORL:445|NOP:485
30088,ATL:30|CHA:264|MEM:419|ORL:445|NOP:485
30093,ATL:33|CHA:242|MEM:421|ORL:453|NOP:493
30028,ATL:70|CHA:275|MEM:451|ORL:498|NOP:528
30040,ATL:66|CHA:272|MEM:448|ORL:495|NOP:525
30097,ATL:49|CHA:243|MEM:435|ORL:469|NOP:509
30096,ATL:39|CHA:241|MEM:428|ORL:459|NOP:499
30534,ATL:91|CHA:274|MEM:473|ORL:520|NOP:550
30038,ATL:29|CHA:269|MEM:418|ORL:442|NOP:485
30047,ATL:40|CHA:254|MEM:432|ORL:457|NOP:496
30058,ATL:33|CHA:273|MEM:422|ORL:449|NOP:489
30087,ATL:38|CHA:264|MEM:428|ORL:455|NOP:494
30041,ATL:58|CHA:257|MEM:439|ORL:487|NOP:516
30024,ATL:50|CHA:238|MEM:438|ORL:470|NOP:509
30044,ATL:45|CHA:243|MEM:434|ORL:465|NOP:505
30094,ATL:45|CHA:285|MEM:433|ORL:446|NOP:500
30039,ATL:47|CHA:273|MEM:439|ORL:464|NOP:504
30518,ATL:56|CHA:238|MEM:444|ORL:476|NOP:515
30078,ATL:48|CHA:255|MEM:440|ORL:465|NOP:504
30043,ATL:49|CHA:230|MEM:437|ORL:469|NOP:509
30012,ATL:41|CHA:281|MEM:430|ORL:456|NOP:496
30046,ATL:49|CHA:244|MEM:438|ORL:469|NOP:509
30013,ATL:34|CHA:275|MEM:423|ORL:445|NOP:490
30017,ATL:58|CHA:255|MEM:448|ORL:474|NOP:514
30519,ATL:55|CHA:229|MEM:443|ORL:475|NOP:515
30016,ATL:51|CHA:291|ORL:427|MEM:440|NOP:506
30045,ATL:62|CHA:250|MEM:450|ORL:482|NOP:522
30542,ATL:53|CHA:232|MEM:442|ORL:473|NOP:513
30052,ATL:61|CHA:265|MEM:450|ORL:472|NOP:516
30566,ATL:61|CHA:232|MEM:449|ORL:481|NOP:521
30506,ATL:78|CHA:240|MEM:467|ORL:499|NOP:538
30070,ATL:46|CHA:286|MEM:434|ORL:434|NOP:501
30564,ATL:87|CHA:247|MEM:476|ORL:507|NOP:547
30504,ATL:67|CHA:238|MEM:455|ORL:487|NOP:527
30019,ATL:60|CHA:239|MEM:448|ORL:480|NOP:520
30054,ATL:53|CHA:282|MEM:441|ORL:450|NOP:508
30011,ATL:66|CHA:230|MEM:455|ORL:486|NOP:526
30014,ATL:54|CHA:289|ORL:441|MEM:443|NOP:510
30501,ATL:67|CHA:226|MEM:455|ORL:487|NOP:527
30018,ATL:57|CHA:270|MEM:446|ORL:454|NOP:513
30517,ATL:61|CHA:217|MEM:450|ORL:481|NOP:521
30527,ATL:89|CHA:236|MEM:478|ORL:509|NOP:549
30507,ATL:65|CHA:218|MEM:453|ORL:485|NOP:525
30548,ATL:65|CHA:218|MEM:453|ORL:485|NOP:525
30620,ATL:70|CHA:242|MEM:458|ORL:489|NOP:529
30656,ATL:75|CHA:245|MEM:464|ORL:475|NOP:535
30575,ATL:74|CHA:214|MEM:462|ORL:494|NOP:534
30680,ATL:75|CHA:232|MEM:463|ORL:495|NOP:535
30025,ATL:57|CHA:273|MEM:446|ORL:451|NOP:512
30655,ATL:69|CHA:259|MEM:458|ORL:463|NOP:525
30567,ATL:70|CHA:208|MEM:458|ORL:490|NOP:529
30554,ATL:77|CHA:220|MEM:465|ORL:497|NOP:537
30543,ATL:80|CHA:215|MEM:468|ORL:500|NOP:540
30663,ATL:57|CHA:270|MEM:446|ORL:448|NOP:513
30666,ATL:77|CHA:230|MEM:465|ORL:494|NOP:536
30549,ATL:77|CHA:213|MEM:465|ORL:497|NOP:537
30510,ATL:91|CHA:224|MEM:480|ORL:511|NOP:551
30558,ATL:83|CHA:204|MEM:472|ORL:503|NOP:543
30641,ATL:76|CHA:260|MEM:465|ORL:466|NOP:532
30622,ATL:83|CHA:238|MEM:471|ORL:487|NOP:543
30623,ATL:70|CHA:256|MEM:459|ORL:462|NOP:526
30511,ATL:104|CHA:219|MEM:492|ORL:524|NOP:563
30529,ATL:77|CHA:196|MEM:465|ORL:497|NOP:537
30621,ATL:84|CHA:248|ORL:470|MEM:472|NOP:539
30650,ATL:68|CHA:264|ORL:446|MEM:457|NOP:523
30547,ATL:90|CHA:197|MEM:478|ORL:510|NOP:550
30607,ATL:91|CHA:218|MEM:479|ORL:502|NOP:551
30606,ATL:90|CHA:230|MEM:478|ORL:492|NOP:550
30565,ATL:95|CHA:211|MEM:483|ORL:507|NOP:555
30530,ATL:92|CHA:202|MEM:480|ORL:512|NOP:552
30602,ATL:94|CHA:229|MEM:482|ORL:492|NOP:553
30677,ATL:94|CHA:250|ORL:476|MEM:483|NOP:550
30609,ATL:91|CHA:227|MEM:479|ORL:489|NOP:550
30601,ATL:97|CHA:225|MEM:485|ORL:500|NOP:557
30625,ATL:76|CHA:257|ORL:441|MEM:465|NOP:531
30605,ATL:105|CHA:239|MEM:493|ORL:494|NOP:563
30646,ATL:105|CHA:218|MEM:493|ORL:509|NOP:565
30521,ATL:92|CHA:177|MEM:480|ORL:512|NOP:552
30683,ATL:109|CHA:237|MEM:497|ORL:506|NOP:569
30633,ATL:107|CHA:208|MEM:495|ORL:527|NOP:567
30619,ATL:106|CHA:250|ORL:493|MEM:495|NOP:562
30628,ATL:105|CHA:217|MEM:494|ORL:506|NOP:565
30557,ATL:107|CHA:176|MEM:495|ORL:527|NOP:567
30642,ATL:84|CHA:247|ORL:448|MEM:473|NOP:539
30667,ATL:128|CHA:252|ORL:495|MEM:517|NOP:583
30639,ATL:106|CHA:188|MEM:495|ORL:526|NOP:566
30630,ATL:119|CHA:236|ORL:501|MEM:507|NOP:577
30662,ATL:115|CHA:193|MEM:503|ORL:535|NOP:574
30669,ATL:107|CHA:258|ORL:475|MEM:496|NOP:563
30629,ATL:112|CHA:211|MEM:500|ORL:512|NOP:572
30553,ATL:111|CHA:178|MEM:500|ORL:531|NOP:571
30520,ATL:121|CHA:189|MEM:510|ORL:541|NOP:581
30665,ATL:90|CHA:239|ORL:458|MEM:479|NOP:545
30648,ATL:131|CHA:246|ORL:508|MEM:520|NOP:590
30624,ATL:129|CHA:202|MEM:518|ORL:534|NOP:589
30516,ATL:120|CHA:180|MEM:508|ORL:540|WAS:577
30627,ATL:143|CHA:228|ORL:515|MEM:531|NOP:602
30634,ATL:135|CHA:200|MEM:524|ORL:528|NOP:595
30660,ATL:147|CHA:267|ORL:508|MEM:536|NOP:602
30643,ATL:131|CHA:186|MEM:519|ORL:541|WAS:583
30631,ATL:104|CHA:233|ORL:471|MEM:493|NOP:559
30664,ATL:107|CHA:226|ORL:467|MEM:496|NOP:563
30635,ATL:146|CHA:215|ORL:518|MEM:534|NOP:606
29626,ATL:133|CHA:158|MEM:522|ORL:553|WAS:555
29684,ATL:148|CHA:165|MEM:537|ORL:540|WAS:562
30673,ATL:130|CHA:228|ORL:469|MEM:519|NOP:586
30668,ATL:149|CHA:230|ORL:490|MEM:538|NOP:605
29659,ATL:164|CHA:180|ORL:517|MEM:553|WAS:578
29655,ATL:164|CHA:180|ORL:533|MEM:552|WAS:577
29624,ATL:144|CHA:158|MEM:533|ORL:541|WAS:555
29628,ATL:157|CHA:199|ORL:505|MEM:545|WAS:596
29840,ATL:175|CHA:215|ORL:501|MEM:563|WAS:612
30824,ATL:116|CHA:207|ORL:448|MEM:505|NOP:572
30817,ATL:162|CHA:223|ORL:465|MEM:551|WAS:600
30802,ATL:140|CHA:203|ORL:442|MEM:528|WAS:577
29835,ATL:177|CHA:197|ORL:470|MEM:566|WAS:593
29844,ATL:163|CHA:206|ORL:454|MEM:551|WAS:580
30809,ATL:152|CHA:193|ORL:432|MEM:540|WAS:567
29821,ATL:164|CHA:198|ORL:443|MEM:553|WAS:572
30907,ATL:147|CHA:181|ORL:423|MEM:536|WAS:555
35673,MEM:225|ATL:253|NOP:438|IND:446|CHA:511
35611,MEM:246|ATL:263|IND:421|NOP:448|CHA:518
35620,ATL:263|MEM:267|IND:405|NOP:448|CHA:518
35601,MEM:231|ATL:244|NOP:429|IND:430|CHA:500
35603,ATL:236|MEM:244|NOP:421|IND:432|CHA:493
35671,ATL:240|MEM:242|IND:413|NOP:425|CHA:494
38455,MEM:261|ATL:267|IND:387|NOP:452|CHA:512
35613,ATL:254|MEM:265|IND:408|NOP:440|CHA:498
35615,ATL:239|MEM:247|IND:419|NOP:424|CHA:489
35649,ATL:239|MEM:248|IND:420|NOP:425|CHA:489
37047,MEM:265|ATL:280|IND:379|NOP:478|CHA:504
38449,ATL:268|MEM:278|IND:402|NOP:458|CHA:510
35756,ATL:238|MEM:252|IND:424|NOP:429|CHA:480
38453,ATL:277|MEM:278|IND:401|NOP:473|CHA:519
38459,ATL:253|MEM:255|IND:378|NOP:460|CHA:495
35739,ATL:252|MEM:272|IND:395|NOP:451|CHA:494
37091,MEM:253|ATL:265|IND:368|NOP:488|CHA:492
35749,ATL:251|MEM:275|IND:417|NOP:452|CHA:493
35824,ATL:239|MEM:254|IND:426|NOP:431|CHA:481
35758,ATL:239|MEM:257|IND:424|NOP:434|CHA:481
35757,ATL:244|MEM:267|IND:416|NOP:444|CHA:486
37019,MEM:273|ATL:275|IND:387|NOP:503|CHA:507
35773,ATL:250|MEM:276|IND:410|NOP:453|CHA:492
35775,ATL:240|MEM:282|NOP:439|IND:456|CHA:498
38488,ATL:256|MEM:289|IND:412|NOP:468|CHA:499
35806,ATL:239|MEM:264|IND:419|NOP:441|CHA:481
37144,ATL:261|MEM:278|IND:396|NOP:483|CHA:503
35808,
35896,ATL:234|MEM:264|IND:421|NOP:441|CHA:476
35816,ATL:232|MEM:262|IND:423|NOP:439|CHA:474
35805,ATL:231|MEM:262|IND:427|NOP:439|CHA:473
35754,ATL:239|MEM:287|NOP:444|IND:460|CHA:496
35810,ATL:233|MEM:273|IND:425|NOP:450|CHA:475
35750,ATL:245|MEM:286|IND:418|NOP:463|CHA:487
37334,ATL:237|MEM:274|IND:397|NOP:477|CHA:480
35801,ATL:229|MEM:267|IND:432|NOP:443|CHA:472
35802,ATL:232|MEM:271|IND:436|NOP:448|CHA:474
35759,ATL:234|MEM:280|IND:425|NOP:456|CHA:476
35803,ATL:240|MEM:291|IND:456|NOP:456|CHA:485
35811,ATL:222|MEM:271|IND:434|NOP:447|CHA:464
37160,ATL:237|MEM:279|IND:373|CHA:477|NOP:509
35763,ATL:224|MEM:287|IND:451|NOP:463|CHA:466
35741,ATL:224|MEM:280|IND:444|NOP:457|CHA:466
37348,ATL:232|MEM:288|IND:410|CHA:475|NOP:488
35761,ATL:236|MEM:287|IND:433|NOP:464|CHA:478
37335,ATL:225|MEM:294|IND:416|CHA:467|NOP:483
37359,ATL:246|MEM:300|IND:410|CHA:488|NOP:501
35748,ATL:221|MEM:284|IND:448|NOP:461|CHA:463
35760,ATL:214|MEM:293|CHA:456|IND:458|NOP:468
37328,ATL:223|MEM:300|IND:422|CHA:466|NOP:477
37352,ATL:232|MEM:302|IND:397|CHA:475|NOP:502
35764,ATL:210|MEM:285|IND:449|CHA:452|NOP:462
35766,ATL:269|MEM:344|IND:488|CHA:511|NOP:520
35751,ATL:232|MEM:307|IND:463|CHA:474|NOP:483
37360,ATL:216|MEM:291|IND:383|CHA:458|NOP:519
35776,ATL:206|MEM:294|CHA:449|IND:458|NOP:470
35774,ATL:222|MEM:297|IND:460|CHA:464|NOP:473
37345,ATL:243|MEM:329|IND:445|CHA:486|NOP:507
37388,ATL:207|MEM:293|IND:385|CHA:449|NOP:512
37306,ATL:215|MEM:311|IND:416|CHA:457|NOP:493
35745,ATL:242|MEM:327|IND:443|CHA:484|NOP:506
37398,ATL:201|MEM:309|IND:401|CHA:443|NOP:493
37330,ATL:204|MEM:300|IND:393|CHA:446|NOP:502
35755,ATL:203|MEM:337|CHA:445|NOP:478|IND:480
35769,ATL:191|MEM:299|CHA:434|IND:458|NOP:474
35768,ATL:210|MEM:323|CHA:452|IND:455|NOP:494
35746,ATL:199|MEM:336|CHA:441|IND:456|NOP:498
35771,ATL:189|MEM:324|CHA:431|NOP:464|IND:467
37324,ATL:194|MEM:304|IND:397|CHA:436|NOP:513
35752,ATL:201|MEM:326|CHA:443|IND:458|NOP:488
37318,ATL:188|MEM:315|IND:407|CHA:430|NOP:506
37376,ATL:233|MEM:381|IND:474|CHA:475|NOP:547
35772,ATL:191|MEM:345|CHA:433|IND:439|NOP:506
37342,ATL:193|MEM:289|IND:381|CHA:435|NOP:526
37383,ATL:181|MEM:307|IND:400|CHA:423|NOP:516
35744,ATL:171|MEM:320|CHA:413|NOP:459|IND:463
37375,ATL:194|MEM:321|IND:413|CHA:436|NOP:529
35986,ATL:168|MEM:329|CHA:410|NOP:443|IND:472
37366,ATL:203|MEM:313|IND:405|CHA:445|NOP:536
37356,ATL:169|MEM:316|IND:409|CHA:411|NOP:504
35765,ATL:175|MEM:331|CHA:417|IND:466|NOP:473
35988,ATL:164|MEM:336|CHA:406|NOP:450|IND:472
37301,ATL:219|MEM:324|IND:416|CHA:455|NOP:554
35740,ATL:179|MEM:344|CHA:422|IND:436|NOP:513
37380,ATL:167|MEM:327|CHA:410|IND:419|NOP:503
35978,ATL:158|MEM:330|CHA:400|NOP:456|IND:461
37387,ATL:185|MEM:324|IND:417|CHA:427|NOP:520
35966,ATL:174|MEM:342|CHA:416|IND:447|NOP:472
37305,ATL:204|MEM:325|IND:415|CHA:441|NOP:540
37313,ATL:190|MEM:316|IND:409|CHA:425|NOP:525
37374,ATL:168|MEM:327|CHA:410|IND:419|NOP:503
35958,ATL:166|MEM:343|CHA:408|IND:435|NOP:485
35981,ATL:165|MEM:344|CHA:407|IND:458|NOP:463
35989,ATL:147|MEM:341|CHA:390|NOP:447|IND:456
37339,ATL:194|MEM:323|IND:408|CHA:421|NOP:530
37347,ATL:153|MEM:324|CHA:395|IND:416|NOP:488
35979,ATL:159|MEM:354|CHA:401|IND:447|NOP:474
35984,ATL:141|MEM:368|CHA:384|NOP:473|IND:483
30752,ATL:151|MEM:347|CHA:394|IND:440|NOP:481
37340,ATL:157|MEM:339|CHA:399|IND:431|NOP:492
37397,ATL:168|MEM:339|CHA:408|IND:417|NOP:504
37365,ATL:204|MEM:349|IND:422|CHA:426|NOP:540
37396,ATL:152|MEM:340|CHA:394|IND:433|NOP:491
30738,ATL:152|MEM:356|CHA:394|IND:449|NOP:480
30731,ATL:134|MEM:364|CHA:376|NOP:469|IND:476
30757,ATL:145|MEM:341|CHA:388|IND:433|NOP:476
37419,ATL:143|MEM:350|CHA:386|IND:442|NOP:490
37327,ATL:174|MEM:343|CHA:393|IND:399|NOP:524
30750,ATL:142|MEM:361|CHA:385|IND:454|NOP:487
37405,ATL:143|MEM:353|CHA:385|IND:436|NOP:501
30707,ATL:137|MEM:367|CHA:379|IND:460|NOP:491
37377,ATL:158|MEM:371|CHA:400|IND:426|NOP:516
30725,ATL:128|MEM:360|CHA:370|IND:452|NOP:499
37350,ATL:132|MEM:349|CHA:374|IND:441|NOP:488
37409,ATL:130|MEM:345|CHA:372|IND:438|NOP:485
37402,ATL:129|MEM:347|CHA:371|IND:439|NOP:487
37410,ATL:125|MEM:349|CHA:367|IND:442|NOP:489
37450,ATL:129|MEM:348|CHA:371|IND:438|NOP:487
37408,ATL:125|MEM:345|CHA:368|IND:438|NOP:485
37403,ATL:128|MEM:352|CHA:370|IND:442|NOP:492
30747,ATL:112|CHA:354|MEM:385|NOP:489|IND:495
37407,ATL:122|MEM:351|CHA:364|IND:443|NOP:490
30753,ATL:121|CHA:363|MEM:386|IND:485|NOP:491
30741,ATL:119|MEM:358|CHA:362|IND:450|NOP:498
37415,ATL:139|MEM:358|CHA:380|IND:433|NOP:497
37404,ATL:123|MEM:351|CHA:365|IND:444|NOP:491
37351,ATL:143|MEM:367|CHA:384|IND:443|NOP:506
37406,ATL:129|MEM:358|CHA:371|IND:442|NOP:498
30742,ATL:117|CHA:359|MEM:361|IND:453|NOP:501
37411,ATL:120|MEM:356|CHA:362|IND:449|NOP:496
37412,ATL:118|MEM:357|CHA:360|IND:450|NOP:497
30728,ATL:124|CHA:367|MEM:397|IND:490|NOP:510
30739,ATL:127|CHA:369|MEM:381|IND:474|NOP:517
37343,ATL:139|MEM:368|CHA:380|IND:430|NOP:508
37338,ATL:191|MEM:377|CHA:403|IND:433|NOP:553
37379,ATL:165|MEM:374|CHA:386|IND:430|NOP:526
37416,ATL:129|CHA:364|MEM:370|IND:445|NOP:509
37421,ATL:123|CHA:363|MEM:363|IND:450|NOP:503
30726,ATL:117|CHA:359|MEM:367|IND:454|NOP:506
30736,ATL:109|CHA:352|MEM:369|IND:462|NOP:509
37373,ATL:168|CHA:369|MEM:377|IND:433|NOP:529
37341,ATL:151|CHA:369|MEM:390|IND:455|NOP:530
30740,ATL:108|CHA:351|MEM:389|IND:482|NOP:528
37363,ATL:138|CHA:361|MEM:378|IND:461|NOP:518
37315,ATL:132|CHA:362|MEM:378|IND:461|NOP:518
30755,ATL:105|CHA:348|MEM:378|IND:471|NOP:518
30746,ATL:86|CHA:329|MEM:399|IND:492|ORL:520
37302,ATL:126|CHA:367|MEM:381|IND:466|NOP:521
30720,ATL:94|CHA:336|MEM:384|IND:476|NOP:524
37308,ATL:163|CHA:359|MEM:390|IND:433|NOP:541
37353,ATL:143|CHA:356|MEM:384|IND:461|NOP:523
30756,ATL:108|CHA:350|MEM:380|IND:472|NOP:519
37336,ATL:167|CHA:362|MEM:408|IND:454|NOP:547
37311,ATL:135|CHA:355|MEM:390|IND:460|NOP:530
30710,ATL:120|CHA:362|MEM:393|IND:477|NOP:532
30721,ATL:107|CHA:349|MEM:393|IND:485|NOP:533
30735,ATL:86|CHA:329|MEM:401|IND:494|ORL:520
37312,ATL:148|CHA:342|MEM:388|IND:447|NOP:528
37323,ATL:139|CHA:354|MEM:392|IND:461|NOP:532
30711,ATL:128|CHA:361|MEM:401|IND:482|NOP:540
30724,ATL:116|CHA:348|MEM:402|IND:491|NOP:541
30705,ATL:115|CHA:339|MEM:403|IND:495|NOP:543
37309,ATL:160|CHA:335|MEM:400|IND:441|NOP:540
30751,ATL:135|CHA:351|MEM:409|IND:475|NOP:548
37316,ATL:134|CHA:348|MEM:406|IND:472|NOP:546
30734,ATL:93|CHA:332|MEM:419|IND:511|ORL:526
37310,ATL:171|CHA:352|MEM:416|IND:458|NOP:555
37370,ATL:163|CHA:327|MEM:404|IND:433|NOP:543
37362,ATL:157|CHA:366|MEM:424|IND:490|NOP:564
30708,ATL:152|CHA:378|MEM:426|IND:502|NOP:566
37361,ATL:163|CHA:351|MEM:418|IND:482|NOP:558
37303,ATL:168|CHA:322|MEM:409|IND:428|WAS:551
37307,ATL:156|CHA:339|MEM:410|IND:463|NOP:550
37325,ATL:175|CHA:354|MEM:425|IND:459|NOP:564
30540,ATL:115|CHA:323|MEM:441|IND:534|ORL:548
37331,ATL:168|CHA:337|MEM:422|IND:443|NOP:561
30175,ATL:82|CHA:304|MEM:441|ORL:515|IND:533
30541,ATL:148|CHA:336|MEM:482|IND:540|ORL:582
30539,ATL:94|CHA:304|MEM:435|IND:527|ORL:527
37369,ATL:184|CHA:350|MEM:438|IND:474|NOP:578
37329,ATL:184|CHA:339|MEM:436|IND:448|WAS:568
37317,ATL:139|CHA:302|MEM:429|IND:493|NOP:569
30555,ATL:138|CHA:315|MEM:450|IND:508|ORL:572
37326,ATL:139|CHA:303|MEM:438|IND:493|ORL:572
37333,ATL:162|CHA:321|MEM:461|IND:495|ORL:596
30536,ATL:107|CHA:293|MEM:447|IND:540|ORL:540
37391,ATL:151|CHA:315|MEM:450|IND:489|ORL:584
30522,ATL:116|CHA:323|MEM:457|IND:539|ORL:549
30513,ATL:129|CHA:311|MEM:470|IND:529|ORL:563
30559,ATL:139|CHA:305|MEM:461|IND:518|ORL:572
37385,ATL:196|CHA:325|MEM:441|IND:452|WAS:571
30560,ATL:130|CHA:288|MEM:466|IND:523|ORL:563
37885,ATL:221|CHA:333|MEM:438|IND:442|WAS:562
28906,ATL:169|CHA:306|MEM:473|IND:505|ORL:603
30572,ATL:136|CHA:283|MEM:495|IND:553|ORL:563
30533,ATL:101|CHA:261|MEM:482|ORL:528|NOP:560
30597,ATL:93|CHA:257|MEM:474|ORL:519|NOP:551
30512,ATL:142|CHA:274|MEM:477|IND:524|ORL:567
28902,ATL:167|CHA:281|MEM:480|IND:527|ORL:599
28905,ATL:161|CHA:259|MEM:473|IND:520|ORL:594
30582,ATL:165|CHA:285|MEM:496|IND:542|ORL:590
28909,ATL:159|CHA:277|MEM:480|IND:527|ORL:584
28771,ATL:221|CHA:266|MEM:506|IND:510|WAS:615
28901,ATL:172|CHA:250|MEM:484|IND:522|WAS:599
28733,ATL:219|CHA:246|IND:484|MEM:486|WAS:594
30528,ATL:104|CHA:231|MEM:486|ORL:524|IND:557
30545,ATL:122|CHA:240|MEM:506|ORL:543|IND:558
28904,ATL:179|CHA:276|MEM:504|IND:551|ORL:599
30546,ATL:145|CHA:257|MEM:503|IND:550|ORL:565
30571,ATL:125|CHA:239|MEM:513|ORL:545|IND:584
28702,ATL:208|CHA:236|IND:512|MEM:514|WAS:584
28781,ATL:198|CHA:254|MEM:510|IND:532|WAS:603
30531,ATL:84|CHA:211|MEM:473|ORL:504|NOP:544
30535,ATL:96|CHA:216|MEM:484|ORL:516|NOP:556
30523,ATL:114|CHA:225|MEM:502|ORL:534|NOP:574
28713,ATL:193|CHA:220|IND:513|MEM:523|WAS:569
30552,ATL:138|CHA:242|MEM:526|ORL:558|IND:589
28763,ATL:203|CHA:275|MEM:548|IND:579|ORL:623
30563,ATL:93|CHA:203|MEM:482|ORL:513|NOP:553
30576,ATL:126|CHA:228|MEM:514|ORL:546|IND:571
28734,ATL:165|CHA:234|MEM:534|IND:538|WAS:582
30581,ATL:116|CHA:220|MEM:504|ORL:536|IND:567
30568,ATL:135|CHA:229|MEM:523|IND:550|ORL:555
30573,ATL:110|CHA:214|MEM:498|ORL:530|NOP:570
30562,ATL:128|CHA:221|MEM:516|ORL:548|IND:552
30525,ATL:135|CHA:228|MEM:523|ORL:555|IND:567
30598,ATL:110|CHA:196|MEM:498|ORL:530|NOP:570
30537,ATL:153|CHA:236|MEM:541|IND:562|ORL:573
30577,ATL:106|CHA:190|MEM:495|ORL:526|NOP:566
28775,ATL:150|CHA:229|MEM:539|IND:559|ORL:571
28789,ATL:189|CHA:202|IND:500|MEM:526|WAS:550
29658,ATL:151|CHA:212|MEM:539|ORL:571|IND:588
28725,ATL:191|CHA:209|IND:513|MEM:539|WAS:557
30538,ATL:107|CHA:189|MEM:495|ORL:527|NOP:567
28788,ATL:186|CHA:201|IND:505|MEM:531|WAS:549
28741,ATL:160|CHA:210|MEM:548|IND:550|ORL:580
28779,ATL:186|CHA:197|IND:501|MEM:527|WAS:545
29664,ATL:153|CHA:203|MEM:542|IND:572|ORL:573
29693,ATL:125|CHA:192|MEM:513|ORL:545|NOP:585
28717,ATL:176|CHA:200|IND:545|MEM:564|WAS:576
28736,ATL:204|CHA:223|IND:550|MEM:576|WAS:594
29691,ATL:140|CHA:190|MEM:529|ORL:560|IND:581
29686,
29696,ATL:141|CHA:190|MEM:530|ORL:561|IND:583
28774,ATL:188|CHA:190|IND:550|WAS:561|MEM:576
29676,ATL:165|CHA:186|MEM:553|IND:565|WAS:583
29643,ATL:109|CHA:158|MEM:498|ORL:529|WAS:555
29678,ATL:130|CHA:170|MEM:518|ORL:550|WAS:568
29672,ATL:149|CHA:194|MEM:537|ORL:569|WAS:591
29665,ATL:136|CHA:171|MEM:525|ORL:556|WAS:568
29689,ATL:123|CHA:159|MEM:511|ORL:543|WAS:556
29682,ATL:156|CHA:170|MEM:545|WAS:567|ORL:576
29634,ATL:137|CHA:159|MEM:526|WAS:556|ORL:557
29631,ATL:136|CHA:155|MEM:524|WAS:552|ORL:556
29630,ATL:149|CHA:160|MEM:537|WAS:557|ORL:567
29625,ATL:133|CHA:158|MEM:521|ORL:553|WAS:555
29670,ATL:137|CHA:151|MEM:525|WAS:548|ORL:557
37046,MEM:230|ATL:254|IND:345|CHA:457|NOP:515
37034,MEM:246|ATL:262|IND:362|CHA:470|NOP:509
37060,MEM:240|ATL:251|IND:355|CHA:458|NOP:523
37014,MEM:238|ATL:255|IND:354|CHA:458|NOP:523
37076,MEM:240|ATL:271|IND:322|CHA:433|CHI:532
37180,ATL:251|MEM:256|IND:369|CHA:473|NOP:523
37086,MEM:247|ATL:253|IND:334|CHA:448|CHI:544
37153,ATL:244|MEM:246|IND:351|CHA:455|NOP:531
37167,ATL:242|MEM:244|IND:331|CHA:446|NOP:533
37122,MEM:248|ATL:274|IND:326|CHA:433|CHI:537
37128,ATL:234|MEM:244|IND:342|CHA:445|NOP:529
37066,MEM:250|ATL:278|IND:287|CHA:438|CHI:497
37129,ATL:239|MEM:244|IND:329|CHA:432|NOP:529
37020,ATL:237|MEM:267|IND:359|CHA:462|NOP:528
37132,ATL:236|MEM:257|IND:349|CHA:453|NOP:542
37037,ATL:223|MEM:258|IND:351|CHA:454|NOP:532
37127,ATL:246|MEM:267|IND:359|CHA:463|NOP:552
37130,ATL:246|MEM:264|IND:349|CHA:451|NOP:549
37031,MEM:266|ATL:289|IND:302|CHA:437|CHI:512
37090,MEM:261|ATL:265|IND:325|CHA:424|CHI:536
37183,ATL:229|MEM:283|IND:375|CHA:471|NOP:530
37085,ATL:252|MEM:267|IND:345|CHA:442|NOP:552
37087,MEM:261|ATL:271|IND:307|CHA:420|CHI:517
37018,ATL:216|MEM:267|IND:359|CHA:456|NOP:542
37149,ATL:236|MEM:261|IND:353|CHA:437|NOP:546
37118,ATL:256|MEM:272|IND:349|CHA:428|NOP:556
37074,MEM:284|ATL:299|IND:304|CHA:430|CHI:514
37184,MEM:268|ATL:273|IND:333|CHA:418|CHI:543
37016,ATL:265|MEM:292|IND:361|CHA:430|CHI:571
37026,ATL:226|MEM:294|IND:386|CHA:446|NOP:558
37355,ATL:200|MEM:276|IND:368|CHA:438|NOP:531
37151,ATL:301|MEM:302|IND:328|CHA:423|CHI:538
37190,ATL:237|MEM:276|IND:368|CHA:429|NOP:561
37057,MEM:296|ATL:305|IND:311|CHA:427|CHI:521
38563,MEM:283|ATL:290|IND:348|CHA:411|CHI:558
38547,MEM:267|ATL:273|IND:332|CHA:395|CHI:542
37012,ATL:271|MEM:279|IND:344|CHA:407|CHI:554
37095,ATL:260|MEM:294|IND:359|CHA:419|CHI:569
37030,ATL:281|MEM:282|IND:326|CHA:403|CHI:536
38567,ATL:268|MEM:274|IND:339|CHA:394|CHI:549
37357,ATL:209|MEM:287|IND:379|CHA:421|NOP:541
37145,ATL:299|MEM:300|IND:311|CHA:421|CHI:521
37059,ATL:256|MEM:304|IND:369|CHA:409|CHI:579
37394,ATL:214|MEM:298|IND:390|CHA:428|NOP:541
38569,ATL:276|MEM:286|IND:351|CHA:399|CHI:561
38560,ATL:276|MEM:285|IND:339|CHA:398|CHI:550
38552,ATL:270|MEM:286|IND:340|CHA:392|CHI:550
38548,ATL:262|MEM:281|IND:344|CHA:383|CHI:554
37166,ATL:241|MEM:308|IND:372|CHA:401|NOP:581
38582,ATL:259|MEM:285|IND:350|CHA:381|CHI:560
38564,ATL:285|MEM:315|IND:349|CHA:406|CHI:559
37110,ATL:210|MEM:303|IND:383|CHA:412|NOP:561
38588,ATL:295|IND:312|MEM:331|CHA:417|CHI:522
38545,ATL:259|MEM:302|IND:334|CHA:381|CHI:544
38562,ATL:271|MEM:313|IND:316|CHA:392|CHI:527
38544,ATL:257|MEM:300|IND:350|CHA:379|CHI:560
38550,ATL:223|MEM:309|IND:367|CHA:396|NOP:568
38581,ATL:225|MEM:310|IND:371|CHA:400|NOP:569
38587,ATL:235|MEM:324|IND:366|CHA:396|CHI:576
38579,ATL:225|MEM:326|IND:366|CHA:395|NOP:575
38501,ATL:263|MEM:318|IND:346|CHA:385|CHI:557
38559,ATL:217|MEM:321|IND:363|CHA:392|NOP:568
38503,ATL:243|MEM:299|IND:331|CHA:365|CHI:541
38505,ATL:245|MEM:301|IND:331|CHA:367|CHI:541
38568,ATL:275|IND:308|MEM:333|CHA:390|CHI:518
38506,ATL:254|MEM:313|IND:333|CHA:373|CHI:543
38583,ATL:228|MEM:322|IND:353|CHA:379|CHI:564
38585,ATL:214|MEM:352|IND:390|CHA:419|NOP:564
38570,ATL:266|IND:310|MEM:325|CHA:381|CHI:521
38580,ATL:266|IND:320|MEM:327|CHA:365|CHI:530
38574,ATL:256|MEM:317|IND:340|CHA:354|CHI:550
37367,ATL:211|MEM:369|CHA:388|IND:404|NOP:563
38573,ATL:292|IND:335|MEM:351|CHA:407|CLE:539
38542,ATL:288|IND:332|MEM:347|CHA:388|CHI:543
38578,ATL:247|MEM:346|CHA:353|IND:372|CHI:582
38554,ATL:271|MEM:332|IND:346|CHA:370|CHI:556
38543,
38572,ATL:232|CHA:349|MEM:350|IND:376|WAS:578
38589,ATL:280|IND:356|MEM:356|CHA:379|CLE:566
38571,ATL:240|MEM:332|CHA:338|IND:358|CLE:563
38565,ATL:256|MEM:342|IND:353|CHA:355|CLE:541
37321,ATL:169|CHA:348|MEM:378|IND:415|NOP:530
38553,ATL:252|MEM:338|CHA:351|IND:356|CLE:544
38555,ATL:220|CHA:338|MEM:340|IND:366|WAS:566
37332,ATL:187|CHA:347|MEM:388|IND:414|NOP:548
38556,ATL:271|IND:337|MEM:357|CHA:369|CLE:525
37381,ATL:196|CHA:333|MEM:373|IND:399|WAS:562
38558,ATL:244|CHA:343|MEM:345|IND:370|WAS:571
37337,ATL:213|CHA:350|MEM:371|IND:396|WAS:578
37322,ATL:188|CHA:340|MEM:405|IND:431|WAS:568
37723,ATL:243|CHA:340|MEM:356|IND:382|WAS:568
37726,ATL:295|CHA:381|MEM:381|IND:388|CLE:564
38504,ATL:287|IND:358|CHA:370|MEM:375|CLE:530
37854,ATL:224|CHA:329|MEM:367|IND:392|WAS:558
37733,ATL:270|IND:346|CHA:353|MEM:376|CLE:513
37872,ATL:273|CHA:356|IND:368|MEM:395|CLE:535
37880,ATL:195|CHA:321|MEM:385|IND:410|WAS:550
37770,ATL:241|CHA:324|IND:354|MEM:372|CLE:521
37732,ATL:269|IND:346|CHA:352|MEM:392|CLE:512
37829,ATL:243|CHA:329|MEM:380|IND:393|WAS:557
37887,ATL:256|CHA:339|IND:378|MEM:393|CLE:545
37826,ATL:182|CHA:319|MEM:412|IND:425|WAS:548
37852,ATL:278|IND:350|CHA:357|MEM:400|CLE:516
37755,ATL:273|IND:325|CHA:334|MEM:395|CLE:492
37748,ATL:223|CHA:309|MEM:362|IND:381|WAS:537
37763,ATL:235|CHA:317|MEM:385|IND:411|WAS:545
37846,ATL:200|CHA:313|MEM:405|IND:419|WAS:542
37874,ATL:185|CHA:309|MEM:402|IND:415|WAS:538
37845,ATL:246|CHA:312|IND:376|MEM:387|WAS:541
37719,ATL:240|CHA:306|IND:382|MEM:384|WAS:535
37756,ATL:313|CHA:362|IND:381|MEM:452|CLE:543
37840,ATL:247|CHA:313|MEM:391|IND:393|WAS:541
37774,ATL:196|CHA:301|MEM:393|IND:407|WAS:530
37354,ATL:189|CHA:318|MEM:418|IND:427|WAS:546
37710,ATL:277|CHA:338|IND:395|MEM:417|CLE:550
37771,ATL:200|CHA:288|MEM:375|IND:393|WAS:516
37830,ATL:220|CHA:302|MEM:386|IND:395|WAS:531
37847,ATL:272|CHA:314|IND:332|MEM:434|CLE:487
37714,ATL:357|CHA:404|IND:455|MEM:503|CLE:610
37772,ATL:216|CHA:304|MEM:396|IND:409|WAS:532
37932,ATL:212|CHA:284|IND:386|MEM:386|WAS:513
37934,ATL:209|CHA:283|MEM:383|IND:389|WAS:512
37742,ATL:212|CHA:306|MEM:399|IND:412|WAS:535
37716,ATL:238|CHA:287|IND:360|MEM:396|CLE:515
37769,ATL:248|CHA:292|IND:342|MEM:407|CLE:497
37931,ATL:219|CHA:278|IND:374|MEM:393|WAS:507
37737,ATL:218|CHA:296|MEM:398|IND:406|WAS:525
37757,ATL:300|CHA:343|IND:381|MEM:463|CLE:536
37922,ATL:222|CHA:284|IND:390|MEM:396|WAS:513
37923,ATL:213|CHA:275|IND:381|MEM:387|WAS:504
37801,ATL:213|CHA:298|IND:407|MEM:413|WAS:526
37766,ATL:271|CHA:314|IND:346|MEM:434|CLE:501
37828,ATL:245|CHA:288|IND:351|MEM:411|CLE:506
37777,ATL:225|CHA:283|IND:392|MEM:402|WAS:512
37849,ATL:240|CHA:283|IND:370|MEM:414|WAS:512
37754,ATL:244|CHA:286|IND:358|MEM:417|CLE:513
37909,ATL:218|CHA:271|IND:376|MEM:391|WAS:499
37705,ATL:260|CHA:303|IND:365|MEM:426|CLE:520
37921,ATL:222|CHA:270|IND:370|MEM:396|WAS:499
37919,ATL:220|CHA:271|IND:376|MEM:394|WAS:499
37701,ATL:224|CHA:279|IND:388|MEM:402|WAS:507
37912,ATL:223|CHA:267|IND:367|MEM:397|WAS:496
37803,ATL:230|CHA:300|IND:411|MEM:422|WAS:531
37878,ATL:234|CHA:303|IND:429|MEM:438|WAS:544
37938,ATL:248|CHA:286|IND:378|MEM:422|WAS:514
37916,ATL:224|CHA:265|IND:374|MEM:397|WAS:493
37902,ATL:222|CHA:263|IND:372|MEM:396|WAS:491
37918,ATL:232|CHA:270|IND:373|MEM:406|WAS:499
37929,ATL:222|CHA:262|IND:373|MEM:396|WAS:491
37917,ATL:224|CHA:260|IND:372|MEM:398|WAS:489
37853,ATL:242|CHA:293|IND:403|MEM:415|WAS:522
37915,ATL:226|CHA:265|IND:376|MEM:399|WAS:494
37804,ATL:232|CHA:277|IND:401|MEM:413|WAS:513
37920,ATL:237|CHA:275|IND:387|MEM:410|WAS:503
37866,ATL:287|CHA:314|IND:385|MEM:461|WAS:524
37807,ATL:269|CHA:303|IND:385|MEM:442|WAS:527
37882,ATL:285|CHA:311|IND:457|MEM:469|WAS:552
37721,ATL:242|CHA:276|IND:378|MEM:415|WAS:504
37924,ATL:235|CHA:262|IND:382|MEM:409|WAS:490
37886,ATL:237|CHA:279|IND:409|MEM:421|WAS:519
37914,ATL:236|CHA:256|IND:383|MEM:409|WAS:484
37779,ATL:256|CHA:282|IND:393|MEM:429|WAS:506
37865,ATL:248|CHA:258|IND:399|MEM:423|WAS:498
37806,ATL:242|CHA:260|IND:391|MEM:416|WAS:488
37871,ATL:244|CHA:259|IND:391|MEM:417|WAS:487
37862,ATL:264|CHA:271|IND:429|MEM:448|WAS:512
37764,ATL:246|CHA:247|IND:393|MEM:419|WAS:476
37863,CHA:250|ATL:261|IND:408|MEM:435|WAS:491
28719,
37876,CHA:240|ATL:259|IND:407|MEM:433|WAS:489
37738,CHA:303|ATL:321|IND:477|MEM:503|WAS:559
37022,MEM:269|IND:289|ATL:293|CHA:448|CHI:499
37083,IND:293|MEM:295|ATL:319|CHA:444|CHI:504
37150,IND:285|ATL:307|MEM:310|CHA:425|CHI:495
38575,IND:297|ATL:311|MEM:346|CHA:426|CHI:507
42151,IND:285|ATL:305|MEM:349|CHA:420|CHI:496
38551,ATL:308|IND:314|MEM:365|CHA:423|CHI:524
38541,ATL:286|IND:321|MEM:344|CHA:401|CHI:531
38549,ATL:283|IND:310|MEM:342|CHA:398|CLE:507
42602,IND:294|ATL:304|MEM:362|CHA:418|CLE:490
42603,IND:301|ATL:315|MEM:374|CHA:428|CLE:479
38577,ATL:293|IND:328|MEM:373|CHA:392|CLE:522
42633,IND:310|ATL:337|MEM:397|CHA:420|CLE:475
42647,IND:345|ATL:348|CHA:407|MEM:446|CLE:512
37841,ATL:285|IND:322|CHA:345|MEM:408|CLE:488
42631,IND:295|ATL:303|CHA:362|MEM:417|CLE:461
42638,ATL:303|IND:304|CHA:362|MEM:426|CLE:471
42653,IND:305|ATL:321|CHA:380|MEM:427|CLE:471
42634,IND:306|ATL:330|CHA:381|MEM:429|CLE:473
42649,ATL:295|IND:306|CHA:355|MEM:418|CLE:473
42635,ATL:300|IND:306|CHA:355|MEM:422|CLE:471
37892,ATL:325|IND:342|CHA:384|MEM:447|CLE:509
37819,ATL:292|IND:319|CHA:335|MEM:447|CLE:473
40769,ATL:293|IND:296|CHA:336|MEM:435|CLE:451
40701,IND:292|ATL:316|CHA:359|CLE:447|MEM:452
37762,ATL:280|IND:307|CHA:323|MEM:443|CLE:462
37729,ATL:299|IND:325|CHA:342|MEM:462|CLE:480
37730,ATL:306|IND:332|CHA:339|MEM:469|CLE:487
37715,ATL:302|IND:328|CHA:332|MEM:465|CLE:483
06423,BOS:150|NYK:197|BKN:205|WAS:468|TOR:587
06371,BOS:149|NYK:182|BKN:190|WAS:453|TOR:591
06420,BOS:131|NYK:196|BKN:205|WAS:468|TOR:575
06376,BOS:139|NYK:182|BKN:190|WAS:453|TOR:591
06333,BOS:136|NYK:187|BKN:196|WAS:458|TOR:587
06357,BOS:138|NYK:183|BKN:192|WAS:455|TOR:592
06370,BOS:134|NYK:200|BKN:209|WAS:472|TOR:583
06385,BOS:133|NYK:188|BKN:197|WAS:460|TOR:592
06353,BOS:126|NYK:193|BKN:201|WAS:464|TOR:588
06382,BOS:126|NYK:197|BKN:205|WAS:468|TOR:587
06375,BOS:127|NYK:196|BKN:205|WAS:468|TOR:591
11957,
06320,BOS:134|NYK:193|BKN:201|WAS:464|TOR:596
06335,BOS:134|NYK:208|BKN:217|WAS:480|TOR:597
06340,BOS:135|NYK:197|BKN:205|WAS:468|TOR:600
06339,BOS:129|NYK:209|BKN:217|WAS:480|TOR:598
06338,BOS:128|NYK:213|BKN:222|WAS:485|TOR:601
06355,BOS:135|NYK:204|BKN:213|WAS:476|TOR:608
11954,BKN:198|NYK:204|BOS:354|WAS:476|CLE:688
06390,BOS:292|NYK:352|BKN:360|WAS:623|TOR:755
06378,BOS:129|NYK:206|BKN:215|WAS:478|TOR:610
06359,BOS:134|NYK:218|BKN:226|WAS:489|TOR:610
06379,BOS:131|NYK:214|BKN:222|WAS:485|TOR:614
02891,BOS:128|NYK:213|BKN:222|WAS:485|TOR:612
02833,BOS:129|NYK:222|BKN:231|WAS:494|TOR:622
02804,BOS:120|NYK:215|BKN:223|WAS:486|TOR:614
02808,BOS:127|NYK:219|BKN:228|WAS:491|TOR:619
02894,BOS:124|NYK:224|BKN:232|WAS:495|TOR:618
02813,BOS:132|NYK:226|BKN:235|WAS:498|TOR:625
02812,BOS:118|NYK:227|BKN:235|WAS:498|TOR:621
02875,BOS:121|NYK:228|BKN:236|WAS:499|TOR:621
02836,BOS:120|NYK:231|BKN:239|WAS:502|TOR:624
02892,BOS:117|NYK:229|BKN:237|WAS:500|TOR:624
02807,BOS:202|NYK:320|BKN:329|WAS:591|TOR:710
02879,BOS:123|NYK:234|BKN:243|WAS:506|TOR:632
02881,BOS:117|NYK:240|BKN:249|WAS:511|TOR:626
02882,BOS:120|NYK:238|BKN:247|WAS:510|TOR:628
02840,BOS:106|NYK:266|BKN:275|WAS:538|TOR:636
02713,
02543,
02535,BOS:195|NYK:428|BKN:437|WAS:699|TOR:740
02575,BOS:191|NYK:425|BKN:433|WAS:696|TOR:737
02568,BOS:173|NYK:406|BKN:415|WAS:678|TOR:718
02557,BOS:167|NYK:401|BKN:409|WAS:672|TOR:713
02539,BOS:179|NYK:413|BKN:421|WAS:684|TOR:725
02554,BOS:290|NYK:534|BKN:542|WAS:805|TOR:846
02584,BOS:303|NYK:546|BKN:555|WAS:818|TOR:858
02564,BOS:306|NYK:550|BKN:558|WAS:821|TOR:862
12125,BOS:169|NYK:198|BKN:209|WAS:456|TOR:458
01201,BOS:166|NYK:204|BKN:216|WAS:462|TOR:465
01240,BOS:152|NYK:206|BKN:218|WAS:465|TOR:467
01242,BOS:147|NYK:201|BKN:213|WAS:459|TOR:462
01238,BOS:144|NYK:198|BKN:210|WAS:457|TOR:459
01264,BOS:150|NYK:205|BKN:216|WAS:463|TOR:466
01226,BOS:175|NYK:219|BKN:231|WAS:477|TOR:480
01253,BOS:156|NYK:201|BKN:214|WAS:473|TOR:480
01223,BOS:155|NYK:210|BKN:221|WAS:468|TOR:471
01235,BOS:169|NYK:234|BKN:246|WAS:493|TOR:495
01243,BOS:172|NYK:232|BKN:244|WAS:490|TOR:493
01029,BOS:144|NYK:195|BKN:208|WAS:468|TOR:481
06091,BOS:164|NYK:190|BKN:203|WAS:462|TOR:519
01011,BOS:157|NYK:246|BKN:259|WAS:508|TOR:511
01008,BOS:141|NYK:212|BKN:225|WAS:485|TOR:492
01034,BOS:151|NYK:202|BKN:215|WAS:474|TOR:508
01098,BOS:151|NYK:246|BKN:259|WAS:508|TOR:510
01026,BOS:158|NYK:244|BKN:256|WAS:502|TOR:505
06027,BOS:148|NYK:185|BKN:198|WAS:458|TOR:522
01084,BOS:144|NYK:239|BKN:252|WAS:510|TOR:512
01050,BOS:140|NYK:235|BKN:248|WAS:506|TOR:508
01071,BOS:130|NYK:216|BKN:229|WAS:488|TOR:501
06090,BOS:150|NYK:185|BKN:198|WAS:457|TOR:528
06060,BOS:147|NYK:197|BKN:210|WAS:469|TOR:524
01012,BOS:151|NYK:256|BKN:267|WAS:519|TOR:521
01097,BOS:125|NYK:218|BKN:231|WAS:490|TOR:501
01032,BOS:149|NYK:255|BKN:265|WAS:514|TOR:517
06070,BOS:139|NYK:181|BKN:194|WAS:453|TOR:531
06035,BOS:144|NYK:189|BKN:202|WAS:461|TOR:521
01077,BOS:130|NYK:202|BKN:215|WAS:475|TOR:506
01085,BOS:110|NYK:220|BKN:230|WAS:485|TOR:488
06081,BOS:136|NYK:185|BKN:198|WAS:458|TOR:525
01096,BOS:146|NYK:252|BKN:262|WAS:525|TOR:528
06117,BOS:125|NYK:173|BKN:186|WAS:446|TOR:539
01027,BOS:129|NYK:235|BKN:245|WAS:506|TOR:509
06026,BOS:137|NYK:191|BKN:204|WAS:463|TOR:522
01073,BOS:121|NYK:229|BKN:239|WAS:495|TOR:498
06002,BOS:130|NYK:185|BKN:198|WAS:457|TOR:535
06119,BOS:126|NYK:168|BKN:181|WAS:441|TOR:539
06093,BOS:132|NYK:208|BKN:218|WAS:480|TOR:510
01053,BOS:132|NYK:238|BKN:248|WAS:510|TOR:514
06105,BOS:122|NYK:172|BKN:183|WAS:444|TOR:536
01062,BOS:130|NYK:236|BKN:246|WAS:508|TOR:510
06112,BOS:122|NYK:174|BKN:186|WAS:447|TOR:534
06106,BOS:123|NYK:169|BKN:177|WAS:440|TOR:538
01039,BOS:139|NYK:245|BKN:255|WAS:518|TOR:525
01030,BOS:122|NYK:211|BKN:221|WAS:484|TOR:503
06095,BOS:123|NYK:186|BKN:195|WAS:458|TOR:524
06103,BOS:118|NYK:173|BKN:182|WAS:445|TOR:533
06114,BOS:120|NYK:170|BKN:178|WAS:441|TOR:538
06109,BOS:123|NYK:167|BKN:176|WAS:438|TOR:542
06120,BOS:121|NYK:176|BKN:185|WAS:448|TOR:530
06078,BOS:127|NYK:201|BKN:211|WAS:473|TOR:514
06096,BOS:130|NYK:193|BKN:202|WAS:465|TOR:524
01089,BOS:115|NYK:212|BKN:221|WAS:484|TOR:500
01093,BOS:138|NYK:244|BKN:253|WAS:516|TOR:523
01040,BOS:113|NYK:219|BKN:228|WAS:491|TOR:498
01088,BOS:129|NYK:235|BKN:244|WAS:507|TOR:514
01063,BOS:122|NYK:228|BKN:237|WAS:500|TOR:507
06080,BOS:131|NYK:196|BKN:205|WAS:468|TOR:523
01060,BOS:121|NYK:227|BKN:237|WAS:500|TOR:506
01001,BOS:118|NYK:207|BKN:216|WAS:479|TOR:507
06108,BOS:116|NYK:178|BKN:187|WAS:450|TOR:534
01066,BOS:127|NYK:233|BKN:242|WAS:505|TOR:512
01373,BOS:132|NYK:238|BKN:247|WAS:510|TOR:517
06118,BOS:119|NYK:174|BKN:183|WAS:446|TOR:541
01107,BOS:110|NYK:207|BKN:217|WAS:479|TOR:497
01038,BOS:132|NYK:238|BKN:248|WAS:511|TOR:518
01013,BOS:108|NYK:212|BKN:221|WAS:484|TOR:499
01144,BOS:109|NYK:204|BKN:213|WAS:476|TOR:501
01103,BOS:108|NYK:204|BKN:214|WAS:476|TOR:501
06088,BOS:130|NYK:195|BKN:205|WAS:468|TOR:523
01075,BOS:114|NYK:228|BKN:237|WAS:500|TOR:507
06074,BOS:118|NYK:190|BKN:199|WAS:462|TOR:532
01105,BOS:111|NYK:204|BKN:213|WAS:476|TOR:504
01035,BOS:129|NYK:236|BKN:245|WAS:508|TOR:515
06073,BOS:141|NYK:188|BKN:197|WAS:459|TOR:563
01104,BOS:106|NYK:209|BKN:218|WAS:481|TOR:502
01106,BOS:120|NYK:206|BKN:216|WAS:479|TOR:513
01020,BOS:106|NYK:219|BKN:228|WAS:491|TOR:499
01108,BOS:113|NYK:205|BKN:214|WAS:477|TOR:506
06082,BOS:124|NYK:199|BKN:209|WAS:472|TOR:517
06414,BOS:147|NYK:180|BKN:189|WAS:452|TOR:571
01109,BOS:108|NYK:209|BKN:218|WAS:481|TOR:504
06016,BOS:119|NYK:199|BKN:208|WAS:471|TOR:529
01375,BOS:144|NYK:250|BKN:260|WAS:522|TOR:529
01022,BOS:111|NYK:226|BKN:235|WAS:498|TOR:503
06033,BOS:124|NYK:184|BKN:192|WAS:455|TOR:548
06040,BOS:115|NYK:180|BKN:189|WAS:452|TOR:540
01118,BOS:112|NYK:208|BKN:218|WAS:480|TOR:509
01003,BOS:129|NYK:243|BKN:252|WAS:515|TOR:522
06042,BOS:107|NYK:183|BKN:192|WAS:455|TOR:538
01119,BOS:107|NYK:215|BKN:224|WAS:487|TOR:508
01151,BOS:102|NYK:214|BKN:224|WAS:487|TOR:502
06424,BOS:144|NYK:181|BKN:190|WAS:453|TOR:569
01033,BOS:113|NYK:233|BKN:242|WAS:505|TOR:514
01028,BOS:119|NYK:217|BKN:227|WAS:490|TOR:519
01128,BOS:110|NYK:213|BKN:222|WAS:485|TOR:513
01129,BOS:108|NYK:215|BKN:225|WAS:487|TOR:511
06072,BOS:114|NYK:206|BKN:214|WAS:477|TOR:522
01054,BOS:152|NYK:269|BKN:279|WAS:542|TOR:549
01002,BOS:123|NYK:246|BKN:256|WAS:518|TOR:525
06066,BOS:103|NYK:185|BKN:193|WAS:456|TOR:540
01056,BOS:100|NYK:223|BKN:233|WAS:495|TOR:504
06447,BOS:129|NYK:184|BKN:192|WAS:455|TOR:555
06071,BOS:114|NYK:207|BKN:216|WAS:479|TOR:524
06469,BOS:142|NYK:189|BKN:197|WAS:460|TOR:572
06029,BOS:110|NYK:196|BKN:204|WAS:467|TOR:534
06043,BOS:117|NYK:189|BKN:197|WAS:460|TOR:548
01095,BOS:103|NYK:223|BKN:233|WAS:495|TOR:511
01036,BOS:112|NYK:220|BKN:228|WAS:491|TOR:525
01072,BOS:129|NYK:259|BKN:269|WAS:532|TOR:539
06248,BOS:127|NYK:194|BKN:203|WAS:466|TOR:558
01007,BOS:108|NYK:241|BKN:251|WAS:514|TOR:523
06232,BOS:119|NYK:195|BKN:204|WAS:467|TOR:555
06231,BOS:131|NYK:197|BKN:205|WAS:468|TOR:568
01080,BOS:96|NYK:233|BKN:242|WAS:505|TOR:513
06084,BOS:101|NYK:195|BKN:203|WAS:466|TOR:547
06415,BOS:138|NYK:198|BKN:207|WAS:470|TOR:573
06238,BOS:114|NYK:199|BKN:207|WAS:470|TOR:558
01009,BOS:94|NYK:235|BKN:244|WAS:507|TOR:515
01079,BOS:91|NYK:231|BKN:240|WAS:503|TOR:512
01355,BOS:138|NYK:271|BKN:281|WAS:544|TOR:553
01057,BOS:97|NYK:222|BKN:231|WAS:493|TOR:518
01069,BOS:92|NYK:233|BKN:242|WAS:505|TOR:513
06237,BOS:122|NYK:196|BKN:205|WAS:468|TOR:565
01082,BOS:119|NYK:259|BKN:269|WAS:532|TOR:540
06076,BOS:106|NYK:214|BKN:223|WAS:486|TOR:542
06279,BOS:102|NYK:208|BKN:217|WAS:480|TOR:555
06269,BOS:105|NYK:205|BKN:214|WAS:477|TOR:558
06268,BOS:108|NYK:205|BKN:213|WAS:476|TOR:561
06249,BOS:132|NYK:204|BKN:213|WAS:475|TOR:575
01092,BOS:95|NYK:234|BKN:243|WAS:506|TOR:523
01081,BOS:94|NYK:221|BKN:230|WAS:492|TOR:529
06226,BOS:118|NYK:205|BKN:214|WAS:476|TOR:571
01010,BOS:85|NYK:224|BKN:233|WAS:496|TOR:523
01083,BOS:93|NYK:234|BKN:242|WAS:505|TOR:525
06250,BOS:113|NYK:208|BKN:217|WAS:480|TOR:566
01037,BOS:111|NYK:261|BKN:270|WAS:533|TOR:542
06336,BOS:125|NYK:204|BKN:212|WAS:475|TOR:575
01031,BOS:111|NYK:261|BKN:270|WAS:533|TOR:542
01366,BOS:112|NYK:271|BKN:280|WAS:542|TOR:555
01521,BOS:97|NYK:220|BKN:228|WAS:491|TOR:542
06334,BOS:120|NYK:201|BKN:210|WAS:473|TOR:574
06266,BOS:125|NYK:213|BKN:221|WAS:484|TOR:578
06278,BOS:94|NYK:209|BKN:218|WAS:481|TOR:547
01585,BOS:97|NYK:238|BKN:246|WAS:509|TOR:529
06256,BOS:119|NYK:210|BKN:219|WAS:482|TOR:575
06254,BOS:127|NYK:210|BKN:219|WAS:482|TOR:584
01094,BOS:104|NYK:257|BKN:266|WAS:529|TOR:545
01531,BOS:101|NYK:248|BKN:257|WAS:520|TOR:545
06280,BOS:122|NYK:214|BKN:222|WAS:485|TOR:580
06235,BOS:111|NYK:209|BKN:218|WAS:480|TOR:564
06389,BOS:117|NYK:199|BKN:207|WAS:470|TOR:576
01518,BOS:76|NYK:217|BKN:225|WAS:488|TOR:529
01005,BOS:101|NYK:259|BKN:268|WAS:531|TOR:552
01506,BOS:90|NYK:231|BKN:239|WAS:502|TOR:540
06264,BOS:117|NYK:214|BKN:223|WAS:486|TOR:580
01074,BOS:97|NYK:252|BKN:260|WAS:523|TOR:546
06242,BOS:100|NYK:217|BKN:225|WAS:488|TOR:553
06360,BOS:115|NYK:198|BKN:207|WAS:470|TOR:578
06282,BOS:94|NYK:217|BKN:225|WAS:488|TOR:547
01566,BOS:75|NYK:216|BKN:225|WAS:488|TOR:528
06330,BOS:118|NYK:208|BKN:216|WAS:479|TOR:586
06247,BOS:110|NYK:212|BKN:221|WAS:484|TOR:572
06350,BOS:131|NYK:221|BKN:230|WAS:493|TOR:600
01535,BOS:97|NYK:240|BKN:249|WAS:512|TOR:543
01068,BOS:96|NYK:255|BKN:264|WAS:527|TOR:557
06380,BOS:115|NYK:205|BKN:214|WAS:477|TOR:585
01515,BOS:85|NYK:228|BKN:237|WAS:499|TOR:538
01550,BOS:87|NYK:226|BKN:234|WAS:497|TOR:540
06281,BOS:93|NYK:220|BKN:229|WAS:492|TOR:551
06331,BOS:111|NYK:219|BKN:227|WAS:490|TOR:587
06365,BOS:127|NYK:214|BKN:223|WAS:486|TOR:597
01452,BOS:100|NYK:269|BKN:277|WAS:540|TOR:566
01562,BOS:82|NYK:234|BKN:242|WAS:505|TOR:544
06259,BOS:96|NYK:226|BKN:234|WAS:497|TOR:563
01543,BOS:88|NYK:255|BKN:263|WAS:526|TOR:562
01507,BOS:75|NYK:228|BKN:236|WAS:499|TOR:538
06258,BOS:92|NYK:228|BKN:236|WAS:499|TOR:559
06234,BOS:98|NYK:222|BKN:230|WAS:493|TOR:571
06351,BOS:108|NYK:207|BKN:216|WAS:478|TOR:586
06262,BOS:83|NYK:227|BKN:236|WAS:499|TOR:545
01571,BOS:81|NYK:231|BKN:240|WAS:503|TOR:545
01612,BOS:78|NYK:252|BKN:260|WAS:523|TOR:562
01524,BOS:74|NYK:242|BKN:250|WAS:513|TOR:552
06374,BOS:100|NYK:212|BKN:221|WAS:484|TOR:578
06387,BOS:99|NYK:219|BKN:227|WAS:490|TOR:577
01542,BOS:70|NYK:238|BKN:247|WAS:510|TOR:549
06263,BOS:94|NYK:229|BKN:237|WAS:500|TOR:572
06332,BOS:98|NYK:216|BKN:225|WAS:487|TOR:576
06255,BOS:83|NYK:233|BKN:242|WAS:505|TOR:551
01537,BOS:66|NYK:235|BKN:244|WAS:507|TOR:545
01541,BOS:86|NYK:267|BKN:275|WAS:538|TOR:573
01611,BOS:69|NYK:241|BKN:249|WAS:512|TOR:547
06260,BOS:85|NYK:231|BKN:239|WAS:502|TOR:563
01522,BOS:93|NYK:273|BKN:281|WAS:544|TOR:580
01540,BOS:70|NYK:242|BKN:250|WAS:513|TOR:548
06354,BOS:104|NYK:223|BKN:231|WAS:494|TOR:582
06239,BOS:94|NYK:223|BKN:232|WAS:495|TOR:571
01520,BOS:76|NYK:257|BKN:266|WAS:529|TOR:564
01602,BOS:68|NYK:248|BKN:256|WAS:519|TOR:554
06241,BOS:98|NYK:234|BKN:243|WAS:506|TOR:576
01570,BOS:77|NYK:244|BKN:252|WAS:515|TOR:555
01501,BOS:63|NYK:234|BKN:243|WAS:506|TOR:541
06277,BOS:84|NYK:238|BKN:246|WAS:509|TOR:562
01603,BOS:66|NYK:240|BKN:248|WAS:511|TOR:546
06384,BOS:117|NYK:217|BKN:226|WAS:489|TOR:595
01609,BOS:68|NYK:249|BKN:257|WAS:520|TOR:555
06377,BOS:103|NYK:227|BKN:236|WAS:499|TOR:581
01610,BOS:62|NYK:239|BKN:247|WAS:510|TOR:545
06373,BOS:113|NYK:226|BKN:234|WAS:497|TOR:591
06243,BOS:95|NYK:231|BKN:240|WAS:502|TOR:573
01608,BOS:60|NYK:241|BKN:250|WAS:513|TOR:548
01606,BOS:69|NYK:250|BKN:258|WAS:521|TOR:556
01583,BOS:69|NYK:255|BKN:264|WAS:526|TOR:562
01607,BOS:60|NYK:238|BKN:247|WAS:509|TOR:545
01605,BOS:63|NYK:246|BKN:255|WAS:518|TOR:553
02873,BOS:128|NYK:230|BKN:239|WAS:502|TOR:610
01527,BOS:65|NYK:243|BKN:251|WAS:514|TOR:549
01564,BOS:79|NYK:266|BKN:274|WAS:537|TOR:572
01604,BOS:57|NYK:239|BKN:247|WAS:510|TOR:545
02859,BOS:98|NYK:255|BKN:264|WAS:527|TOR:576
01516,BOS:81|NYK:248|BKN:256|WAS:519|TOR:559
01590,BOS:71|NYK:249|BKN:257|WAS:520|TOR:555
02827,BOS:108|NYK:231|BKN:240|WAS:502|TOR:594
02832,BOS:119|NYK:220|BKN:229|WAS:491|TOR:615
02825,BOS:93|NYK:230|BKN:239|WAS:502|TOR:582
01505,BOS:63|NYK:256|BKN:264|WAS:527|TOR:562
01545,BOS:59|NYK:246|BKN:255|WAS:517|TOR:553
02814,BOS:99|NYK:247|BKN:256|WAS:519|TOR:583
01536,BOS:60|NYK:241|BKN:250|WAS:513|TOR:548
01510,BOS:66|NYK:265|BKN:273|WAS:536|TOR:571
01561,BOS:67|NYK:270|BKN:279|WAS:542|TOR:577
01519,BOS:64|NYK:245|BKN:254|WAS:517|TOR:552
01523,BOS:66|NYK:268|BKN:277|WAS:540|TOR:575
01560,BOS:64|NYK:248|BKN:257|WAS:520|TOR:555
02898,BOS:114|NYK:222|BKN:230|WAS:493|TOR:617
01588,BOS:70|NYK:255|BKN:263|WAS:526|TOR:561
02815,BOS:93|NYK:237|BKN:246|WAS:508|TOR:588
02817,BOS:107|NYK:232|BKN:241|WAS:503|TOR:608
02830,BOS:88|NYK:248|BKN:256|WAS:519|TOR:576
02858,BOS:88|NYK:248|BKN:256|WAS:519|TOR:577
02826,BOS:87|NYK:251|BKN:259|WAS:522|TOR:576
01532,BOS:57|NYK:254|BKN:263|WAS:526|TOR:561
01534,BOS:68|NYK:254|BKN:263|WAS:526|TOR:561
01525,BOS:70|NYK:256|BKN:264|WAS:527|TOR:562
02839,BOS:90|NYK:248|BKN:257|WAS:520|TOR:581
01503,BOS:57|NYK:260|BKN:269|WAS:532|TOR:567
02857,BOS:86|NYK:234|BKN:242|WAS:505|TOR:585
01569,BOS:79|NYK:261|BKN:270|WAS:533|TOR:568
02816,BOS:103|NYK:235|BKN:244|WAS:507|TOR:601
01581,BOS:52|NYK:252|BKN:260|WAS:523|TOR:558
01568,BOS:56|NYK:254|BKN:263|WAS:526|TOR:561
01740,BOS:61|NYK:264|BKN:272|WAS:535|TOR:570
02829,BOS:86|NYK:246|BKN:254|WAS:517|TOR:589
02822,BOS:111|NYK:232|BKN:241|WAS:504|TOR:614
02831,BOS:98|NYK:250|BKN:258|WAS:521|TOR:603
02876,BOS:79|NYK:254|BKN:263|WAS:526|TOR:568
01529,BOS:75|NYK:262|BKN:271|WAS:534|TOR:573
02824,BOS:78|NYK:258|BKN:267|WAS:530|TOR:569
02828,BOS:81|NYK:242|BKN:251|WAS:514|TOR:589
01752,BOS:49|NYK:256|BKN:265|WAS:528|TOR:563
01749,BOS:54|NYK:261|BKN:270|WAS:533|TOR:568
01756,BOS:66|NYK:266|BKN:274|WAS:537|TOR:572
02896,BOS:81|NYK:260|BKN:269|WAS:532|TOR:575
02823,BOS:91|NYK:243|BKN:252|WAS:515|TOR:600
01748,BOS:51|NYK:254|BKN:263|WAS:526|TOR:561
01504,BOS:73|NYK:264|BKN:273|WAS:536|TOR:574
01747,BOS:61|NYK:265|BKN:273|WAS:536|TOR:571
01772,BOS:45|NYK:256|BKN:265|WAS:528|TOR:563
02917,BOS:73|NYK:249|BKN:257|WAS:520|TOR:582
01757,BOS:55|NYK:258|BKN:267|WAS:530|TOR:565
02893,BOS:96|NYK:238|BKN:246|WAS:509|TOR:605
01719,BOS:56|NYK:267|BKN:275|WAS:538|TOR:573
02919,BOS:77|NYK:241|BKN:250|WAS:512|TOR:586
02921,BOS:87|NYK:251|BKN:259|WAS:522|TOR:596
01775,BOS:57|NYK:269|BKN:277|WAS:540|TOR:575
02895,BOS:75|NYK:256|BKN:265|WAS:528|TOR:574
01745,BOS:40|NYK:254|BKN:263|WAS:526|TOR:561
02818,BOS:99|NYK:241|BKN:249|WAS:512|TOR:607
02838,BOS:72|NYK:252|BKN:261|WAS:524|TOR:575
02019,BOS:65|NYK:266|BKN:274|WAS:537|TOR:575
02874,BOS:116|NYK:248|BKN:256|WAS:519|TOR:625
01721,BOS:46|NYK:260|BKN:269|WAS:532|TOR:567
02911,BOS:74|NYK:249|BKN:258|WAS:521|TOR:586
02920,BOS:85|NYK:250|BKN:258|WAS:521|TOR:595
02852,BOS:104|NYK:245|BKN:254|WAS:516|TOR:613
01754,BOS:50|NYK:273|BKN:282|WAS:544|TOR:580
02802,BOS:69|NYK:255|BKN:264|WAS:527|TOR:579
02886,BOS:93|NYK:243|BKN:251|WAS:514|TOR:601
01746,BOS:59|NYK:266|BKN:275|WAS:538|TOR:573
02909,BOS:77|NYK:247|BKN:256|WAS:519|TOR:587
02865,BOS:68|NYK:254|BKN:262|WAS:525|TOR:576
01701,BOS:45|NYK:262|BKN:271|WAS:533|TOR:569
02908,BOS:75|NYK:251|BKN:259|WAS:522|TOR:585
01720,BOS:49|NYK:277|BKN:286|WAS:548|TOR:584
01702,BOS:42|NYK:259|BKN:268|WAS:531|TOR:566
02904,BOS:72|NYK:254|BKN:263|WAS:526|TOR:582
02910,BOS:82|NYK:252|BKN:260|WAS:523|TOR:592
02918,BOS:74|NYK:253|BKN:261|WAS:524|TOR:585
02053,BOS:62|NYK:265|BKN:273|WAS:536|TOR:571
02907,BOS:79|NYK:252|BKN:261|WAS:524|TOR:589
01776,BOS:45|NYK:270|BKN:279|WAS:542|TOR:577
02864,BOS:68|NYK:257|BKN:266|WAS:529|TOR:583
02038,BOS:61|NYK:264|BKN:273|WAS:536|TOR:571
02903,BOS:75|NYK:253|BKN:261|WAS:524|TOR:585
02888,BOS:87|NYK:252|BKN:260|WAS:523|TOR:597
02912,BOS:75|NYK:253|BKN:262|WAS:525|TOR:586
02905,BOS:80|NYK:255|BKN:263|WAS:526|TOR:590
02863,BOS:64|NYK:260|BKN:268|WAS:531|TOR:585
02906,BOS:72|NYK:256|BKN:265|WAS:528|TOR:587
02860,BOS:66|NYK:259|BKN:268|WAS:530|TOR:585
02835,BOS:110|NYK:255|BKN:264|WAS:527|TOR:625
02889,BOS:94|NYK:252|BKN:260|WAS:523|TOR:604
01770,BOS:49|NYK:273|BKN:282|WAS:545|TOR:580
02914,BOS:75|NYK:257|BKN:265|WAS:528|TOR:590
01742,BOS:45|NYK:287|BKN:295|WAS:558|TOR:593
02054,BOS:56|NYK:273|BKN:281|WAS:544|TOR:579
01778,BOS:38|NYK:266|BKN:274|WAS:537|TOR:572
02093,BOS:61|NYK:273|BKN:282|WAS:545|TOR:580
02915,BOS:80|NYK:263|BKN:272|WAS:535|TOR:597
02861,BOS:63|NYK:263|BKN:272|WAS:535|TOR:589
02916,BOS:69|NYK:260|BKN:269|WAS:531|TOR:592
01760,BOS:41|NYK:266|BKN:274|WAS:537|TOR:572
02762,BOS:60|NYK:268|BKN:276|WAS:539|TOR:580
02760,BOS:61|NYK:260|BKN:269|WAS:531|TOR:586
02841,BOS:101|NYK:260|BKN:268|WAS:531|TOR:630
02056,BOS:57|NYK:275|BKN:283|WAS:546|TOR:581
02872,BOS:141|NYK:332|BKN:340|WAS:603|TOR:665
02806,BOS:87|NYK:271|BKN:280|WAS:543|TOR:605
02771,BOS:76|NYK:266|BKN:275|WAS:538|TOR:599
01773,BOS:37|NYK:277|BKN:286|WAS:549|TOR:584
02763,BOS:57|NYK:263|BKN:271|WAS:534|TOR:587
02052,BOS:50|NYK:276|BKN:285|WAS:548|TOR:583
02493,BOS:33|NYK:270|BKN:278|WAS:541|TOR:576
02482,BOS:38|NYK:269|BKN:278|WAS:541|TOR:576
02703,BOS:59|NYK:263|BKN:272|WAS:535|TOR:589
02030,BOS:45|NYK:279|BKN:287|WAS:550|TOR:585
01731,BOS:39|NYK:280|BKN:289|WAS:551|TOR:587
01730,BOS:40|NYK:287|BKN:296|WAS:558|TOR:594
02481,BOS:33|NYK:271|BKN:280|WAS:542|TOR:578
02842,BOS:97|NYK:265|BKN:274|WAS:537|TOR:634
02809,BOS:87|NYK:279|BKN:287|WAS:550|TOR:612
02457,BOS:41|NYK:279|BKN:288|WAS:550|TOR:586
02071,BOS:48|NYK:276|BKN:285|WAS:547|TOR:587
02871,BOS:87|NYK:275|BKN:284|WAS:546|TOR:625
02885,BOS:80|NYK:273|BKN:281|WAS:544|TOR:606
02081,BOS:47|NYK:279|BKN:288|WAS:550|TOR:589
02462,BOS:28|NYK:265|BKN:273|WAS:536|TOR:571
02451,BOS:34|NYK:276|BKN:284|WAS:547|TOR:582
02466,BOS:25|NYK:266|BKN:275|WAS:538|TOR:573
02035,BOS:51|NYK:268|BKN:277|WAS:539|TOR:583
02769,BOS:71|NYK:269|BKN:278|WAS:540|TOR:602
02492,BOS:38|NYK:277|BKN:286|WAS:549|TOR:584
02453,BOS:27|NYK:269|BKN:277|WAS:540|TOR:575
02421,BOS:33|NYK:279|BKN:287|WAS:550|TOR:585
02468,BOS:28|NYK:269|BKN:278|WAS:541|TOR:576
02494,BOS:33|NYK:272|BKN:280|WAS:543|TOR:578
02465,BOS:23|NYK:268|BKN:277|WAS:540|TOR:575
02452,BOS:29|NYK:276|BKN:285|WAS:548|TOR:583
02464,BOS:29|NYK:271|BKN:280|WAS:543|TOR:578
02420,BOS:28|NYK:282|BKN:290|WAS:553|TOR:588
02090,BOS:41|NYK:285|BKN:294|WAS:556|TOR:592
02048,BOS:53|NYK:272|BKN:281|WAS:544|TOR:585
02032,BOS:43|NYK:277|BKN:285|WAS:548|TOR:591
02777,BOS:75|NYK:269|BKN:277|WAS:540|TOR:602
02460,BOS:23|NYK:271|BKN:280|WAS:543|TOR:578
02461,BOS:27|NYK:273|BKN:281|WAS:544|TOR:579
02062,BOS:43|NYK:282|BKN:290|WAS:553|TOR:595
02459,BOS:26|NYK:275|BKN:283|WAS:546|TOR:581
02725,BOS:72|NYK:272|BKN:281|WAS:544|TOR:606
02458,BOS:19|NYK:270|BKN:279|WAS:542|TOR:577
02878,BOS:80|NYK:289|BKN:297|WAS:560|TOR:622
02067,BOS:47|NYK:277|BKN:286|WAS:549|TOR:592
02766,BOS:61|NYK:273|BKN:282|WAS:545|TOR:590
02478,BOS:24|NYK:278|BKN:287|WAS:550|TOR:585
02026,BOS:32|NYK:279|BKN:287|WAS:550|TOR:585
02472,BOS:22|NYK:272|BKN:281|WAS:544|TOR:579
02724,BOS:72|NYK:277|BKN:285|WAS:548|TOR:610
02476,BOS:22|NYK:283|BKN:291|WAS:554|TOR:589
02837,BOS:95|NYK:303|BKN:311|WAS:574|TOR:636
02132,BOS:28|NYK:281|BKN:290|WAS:553|TOR:588
02715,BOS:70|NYK:278|BKN:287|WAS:550|TOR:612
02474,BOS:20|NYK:284|BKN:292|WAS:555|TOR:590
01801,BOS:23|NYK:288|BKN:297|WAS:559|TOR:595
02135,BOS:18|NYK:274|BKN:282|WAS:545|TOR:580
02764,BOS:67|NYK:278|BKN:287|WAS:549|TOR:608
02467,BOS:22|NYK:284|BKN:292|WAS:555|TOR:590
02721,BOS:72|NYK:279|BKN:287|WAS:550|TOR:612
02726,BOS:74|NYK:279|BKN:287|WAS:550|TOR:612
01890,BOS:20|NYK:288|BKN:296|WAS:559|TOR:594
02138,BOS:18|NYK:279|BKN:288|WAS:551|TOR:586
02445,BOS:20|NYK:281|BKN:290|WAS:553|TOR:588
02140,BOS:17|NYK:282|BKN:290|WAS:553|TOR:588
02723,BOS:70|NYK:277|BKN:286|WAS:549|TOR:611
02134,BOS:15|NYK:276|BKN:285|WAS:547|TOR:583
02136,BOS:29|NYK:286|BKN:295|WAS:558|TOR:593
02021,BOS:39|NYK:287|BKN:295|WAS:558|TOR:601
02163,BOS:13|NYK:276|BKN:284|WAS:547|TOR:582
02131,BOS:26|NYK:287|BKN:296|WAS:559|TOR:594
02144,BOS:17|NYK:286|BKN:295|WAS:558|TOR:593
02446,BOS:14|NYK:281|BKN:289|WAS:552|TOR:587
02356,BOS:48|NYK:286|BKN:294|WAS:557|TOR:601
02780,BOS:60|NYK:283|BKN:291|WAS:554|TOR:598
02130,BOS:20|NYK:287|BKN:296|WAS:559|TOR:594
02720,BOS:66|NYK:282|BKN:290|WAS:553|TOR:614
02155,BOS:13|NYK:290|BKN:299|WAS:562|TOR:597
02072,BOS:40|NYK:287|BKN:296|WAS:559|TOR:602
02215,BOS:10|NYK:279|BKN:288|WAS:551|TOR:586
02139,BOS:11|NYK:280|BKN:288|WAS:551|TOR:586
02180,BOS:18|NYK:294|BKN:303|WAS:566|TOR:601
02143,BOS:11|NYK:284|BKN:292|WAS:555|TOR:590
02120,BOS:12|NYK:280|BKN:288|WAS:551|TOR:586
02115,BOS:11|NYK:279|BKN:288|WAS:551|TOR:586
02126,BOS:23|NYK:293|BKN:302|WAS:565|TOR:600
02145,BOS:9|NYK:286|BKN:295|WAS:558|TOR:593
02121,BOS:16|NYK:288|BKN:296|WAS:559|TOR:594
02119,BOS:13|NYK:284|BKN:293|WAS:556|TOR:591
02791,BOS:89|NYK:300|BKN:309|WAS:572|TOR:634
02141,BOS:6|NYK:283|BKN:291|WAS:554|TOR:589
02186,BOS:28|NYK:293|BKN:302|WAS:565|TOR:603
02790,BOS:77|NYK:288|BKN:297|WAS:560|TOR:622
02199,BOS:8|NYK:279|BKN:288|WAS:551|TOR:586
02142,BOS:7|NYK:282|BKN:290|WAS:553|TOR:588
02375,BOS:47|NYK:286|BKN:295|WAS:558|TOR:598
02779,BOS:59|NYK:289|BKN:298|WAS:561|TOR:607
02357,BOS:48|NYK:293|BKN:302|WAS:564|TOR:605
02116,BOS:7|NYK:278|BKN:287|WAS:550|TOR:585
02124,BOS:21|NYK:294|BKN:302|WAS:565|TOR:600
02118,BOS:9|NYK:281|BKN:290|WAS:553|TOR:588
02114,BOS:3|NYK:283|BKN:291|WAS:554|TOR:589
02108,BOS:8|NYK:280|BKN:289|WAS:552|TOR:587
02133,BOS:4|NYK:282|BKN:291|WAS:554|TOR:589
02129,BOS:5|NYK:287|BKN:295|WAS:558|TOR:593
02111,BOS:8|NYK:280|BKN:289|WAS:552|TOR:587
02203,BOS:3|NYK:283|BKN:291|WAS:554|TOR:589
02702,BOS:62|NYK:288|BKN:296|WAS:559|TOR:609
02176,BOS:18|NYK:297|BKN:305|WAS:568|TOR:603
02148,BOS:15|NYK:294|BKN:302|WAS:565|TOR:600
02205,BOS:5|NYK:285|BKN:293|WAS:556|TOR:591
02125,BOS:12|NYK:286|BKN:294|WAS:557|TOR:592
02113,BOS:4|NYK:284|BKN:293|WAS:556|TOR:591
02149,BOS:11|NYK:291|BKN:300|WAS:563|TOR:598
02322,BOS:37|NYK:294|BKN:302|WAS:565|TOR:604
02368,BOS:31|NYK:291|BKN:300|WAS:563|TOR:602
02122,BOS:17|NYK:291|BKN:299|WAS:562|TOR:597
02110,BOS:7|NYK:281|BKN:289|WAS:552|TOR:587
02109,BOS:3|NYK:284|BKN:292|WAS:555|TOR:590
02767,BOS:51|NYK:283|BKN:292|WAS:555|TOR:595
02301,BOS:40|NYK:293|BKN:302|WAS:565|TOR:605
02210,BOS:8|NYK:281|BKN:290|WAS:553|TOR:588
02127,BOS:12|NYK:285|BKN:293|WAS:556|TOR:591
02150,BOS:9|NYK:289|BKN:298|WAS:561|TOR:596
02379,BOS:46|NYK:291|BKN:299|WAS:562|TOR:603
02171,BOS:19|NYK:292|BKN:301|WAS:564|TOR:599
02170,BOS:20|NYK:294|BKN:303|WAS:566|TOR:601
02169,BOS:23|NYK:294|BKN:303|WAS:566|TOR:604
02747,BOS:73|NYK:284|BKN:292|WAS:555|TOR:617
01906,BOS:21|NYK:301|BKN:310|WAS:573|TOR:608
02718,BOS:58|NYK:293|BKN:301|WAS:564|TOR:606
02128,BOS:9|NYK:286|BKN:295|WAS:557|TOR:593
02184,BOS:29|NYK:296|BKN:304|WAS:567|TOR:606
02151,BOS:14|NYK:293|BKN:301|WAS:564|TOR:599
02302,BOS:45|NYK:299|BKN:308|WAS:571|TOR:611
02343,BOS:39|NYK:300|BKN:308|WAS:571|TOR:610
02717,BOS:68|NYK:296|BKN:304|WAS:567|TOR:616
02324,BOS:54|NYK:292|BKN:301|WAS:564|TOR:604
02152,BOS:16|NYK:294|BKN:303|WAS:566|TOR:601
01905,BOS:21|NYK:300|BKN:308|WAS:571|TOR:606
02748,BOS:90|NYK:305|BKN:314|WAS:576|TOR:638
01904,BOS:26|NYK:304|BKN:313|WAS:576|TOR:611
02325,BOS:54|NYK:293|BKN:302|WAS:564|TOR:605
02188,BOS:31|NYK:299|BKN:307|WAS:570|TOR:610
02347,BOS:64|NYK:297|BKN:306|WAS:569|TOR:609
02351,BOS:44|NYK:306|BKN:314|WAS:577|TOR:617
02190,BOS:36|NYK:304|BKN:312|WAS:575|TOR:614
02746,BOS:73|NYK:291|BKN:300|WAS:562|TOR:621
02745,BOS:70|NYK:293|BKN:302|WAS:564|TOR:618
02191,BOS:32|NYK:303|BKN:312|WAS:575|TOR:612
01901,BOS:19|NYK:297|BKN:306|WAS:569|TOR:604
02333,BOS:58|NYK:303|BKN:312|WAS:574|TOR:615
01902,BOS:23|NYK:301|BKN:310|WAS:573|TOR:608
02382,BOS:48|NYK:304|BKN:313|WAS:575|TOR:616
02740,BOS:75|NYK:292|BKN:301|WAS:563|TOR:623
02189,BOS:34|NYK:302|BKN:311|WAS:574|TOR:613
01908,BOS:26|NYK:304|BKN:313|WAS:576|TOR:611
02744,BOS:82|NYK:299|BKN:307|WAS:570|TOR:630
02370,BOS:40|NYK:308|BKN:317|WAS:580|TOR:619
01907,BOS:24|NYK:302|BKN:311|WAS:574|TOR:609
02743,BOS:81|NYK:305|BKN:313|WAS:576|TOR:627
02043,BOS:40|NYK:308|BKN:316|WAS:579|TOR:619
02045,BOS:49|NYK:320|BKN:328|WAS:591|TOR:630
02719,BOS:82|NYK:298|BKN:307|WAS:570|TOR:630
02346,BOS:63|NYK:297|BKN:305|WAS:568|TOR:609
02341,BOS:57|NYK:314|BKN:322|WAS:585|TOR:626
02338,BOS:66|NYK:308|BKN:316|WAS:579|TOR:619
02339,BOS:45|NYK:313|BKN:321|WAS:584|TOR:624
02350,BOS:59|NYK:309|BKN:318|WAS:580|TOR:621
02770,BOS:84|NYK:317|BKN:326|WAS:589|TOR:629
02061,BOS:45|NYK:313|BKN:322|WAS:585|TOR:624
02739,BOS:82|NYK:301|BKN:310|WAS:573|TOR:627
02025,BOS:49|NYK:318|BKN:327|WAS:590|TOR:629
02359,BOS:54|NYK:316|BKN:324|WAS:587|TOR:628
02367,BOS:67|NYK:301|BKN:310|WAS:573|TOR:613
02576,BOS:74|NYK:307|BKN:316|WAS:579|TOR:619
02066,BOS:52|NYK:321|BKN:329|WAS:592|TOR:631
02738,BOS:83|NYK:311|BKN:319|WAS:582|TOR:628
02330,BOS:69|NYK:303|BKN:311|WAS:574|TOR:614
02364,BOS:56|NYK:307|BKN:315|WAS:578|TOR:618
02050,BOS:50|NYK:318|BKN:327|WAS:590|TOR:629
02332,BOS:53|NYK:316|BKN:325|WAS:588|TOR:628
02571,BOS:78|NYK:312|BKN:320|WAS:583|TOR:624
02047,BOS:57|NYK:325|BKN:334|WAS:597|TOR:636
02366,BOS:93|NYK:326|BKN:335|WAS:598|TOR:638
02558,BOS:78|NYK:312|BKN:321|WAS:583|TOR:624
02538,BOS:81|NYK:315|BKN:323|WAS:586|TOR:626
02360,BOS:74|NYK:321|BKN:330|WAS:593|TOR:633
02540,BOS:101|NYK:335|BKN:343|WAS:606|TOR:646
02556,BOS:97|NYK:331|BKN:339|WAS:602|TOR:643
02553,BOS:89|NYK:322|BKN:331|WAS:593|TOR:634
02559,BOS:88|NYK:322|BKN:330|WAS:593|TOR:634
02534,BOS:89|NYK:323|BKN:331|WAS:594|TOR:635
02532,BOS:81|NYK:314|BKN:323|WAS:586|TOR:626
02536,BOS:102|NYK:336|BKN:344|WAS:607|TOR:648
02542,
02561,BOS:81|NYK:324|BKN:333|WAS:596|TOR:636
02562,BOS:76|NYK:320|BKN:328|WAS:591|TOR:632
02644,BOS:89|NYK:332|BKN:341|WAS:604|TOR:644
02563,BOS:85|NYK:327|BKN:335|WAS:598|TOR:639
02649,BOS:100|NYK:334|BKN:343|WAS:606|TOR:646
02635,BOS:100|NYK:342|BKN:350|WAS:613|TOR:654
02537,BOS:89|NYK:331|BKN:340|WAS:603|TOR:643
02648,BOS:98|NYK:341|BKN:350|WAS:613|TOR:653
02655,BOS:101|NYK:344|BKN:352|WAS:615|TOR:656
02668,BOS:94|NYK:337|BKN:345|WAS:608|TOR:649
02632,BOS:98|NYK:341|BKN:350|WAS:613|TOR:653
02672,BOS:104|NYK:347|BKN:355|WAS:618|TOR:659
02630,BOS:99|NYK:342|BKN:351|WAS:614|TOR:654
02647,BOS:104|NYK:348|BKN:356|WAS:619|TOR:660
02601,BOS:101|NYK:344|BKN:353|WAS:616|TOR:656
02637,BOS:104|NYK:347|BKN:356|WAS:618|TOR:659
02673,BOS:106|NYK:349|BKN:357|WAS:620|TOR:661
02675,BOS:105|NYK:349|BKN:357|WAS:620|TOR:660
02657,BOS:172|NYK:415|BKN:423|WAS:686|TOR:727
02638,BOS:109|NYK:352|BKN:361|WAS:623|TOR:664
02664,BOS:106|NYK:349|BKN:358|WAS:621|TOR:661
02670,BOS:110|NYK:354|BKN:362|WAS:625|TOR:666
02660,BOS:109|NYK:352|BKN:360|WAS:623|TOR:664
02641,BOS:114|NYK:358|BKN:366|WAS:629|TOR:670
02639,BOS:112|NYK:356|BKN:364|WAS:627|TOR:668
02671,BOS:114|NYK:358|BKN:366|WAS:629|TOR:670
02652,BOS:165|NYK:408|BKN:417|WAS:680|TOR:720
02646,BOS:119|NYK:363|BKN:371|WAS:634|TOR:675
02631,BOS:121|NYK:364|BKN:373|WAS:635|TOR:676
02645,BOS:116|NYK:359|BKN:368|WAS:631|TOR:671
02666,BOS:160|NYK:403|BKN:411|WAS:674|TOR:715
02659,BOS:122|NYK:365|BKN:373|WAS:636|TOR:677
02667,BOS:148|NYK:391|BKN:399|WAS:662|TOR:703
02633,BOS:125|NYK:368|BKN:377|WAS:640|TOR:680
02642,BOS:133|NYK:377|BKN:385|WAS:648|TOR:689
02653,BOS:130|NYK:373|BKN:381|WAS:644|TOR:685
02663,BOS:143|NYK:386|BKN:395|WAS:658|TOR:698
02650,BOS:127|NYK:371|BKN:379|WAS:642|TOR:682
02643,BOS:134|NYK:377|BKN:386|WAS:649|TOR:689
12108,NYK:274|BKN:286|BOS:294|TOR:370|CLE:481
12190,NYK:266|BKN:278|BOS:286|TOR:386|CLE:497
12134,NYK:245|BKN:257|BOS:265|TOR:415|CLE:503
12878,NYK:277|BKN:288|BOS:297|TOR:469|WAS:535
12835,NYK:260|BKN:272|BOS:280|TOR:440|WAS:519
12810,NYK:286|BKN:298|BOS:306|TOR:478|WAS:545
12850,NYK:233|BKN:244|BOS:253|TOR:425|WAS:491
12863,NYK:220|BKN:232|BOS:240|TOR:415|WAS:479
12822,NYK:254|BKN:265|BOS:273|TOR:458|WAS:512
12027,NYK:205|BKN:216|BOS:224|TOR:409|WAS:463
12859,NYK:236|BKN:248|BOS:256|TOR:430|WAS:495
12019,NYK:205|BKN:216|BOS:224|TOR:411|WAS:463
12020,NYK:208|BKN:220|BOS:228|TOR:408|WAS:466
12833,NYK:226|BKN:238|BOS:246|TOR:431|WAS:485
12846,NYK:246|BKN:257|BOS:266|TOR:458|WAS:504
12065,NYK:194|BKN:206|BOS:214|TOR:420|WAS:453
12151,NYK:201|BKN:212|BOS:220|TOR:427|WAS:459
12866,NYK:210|BKN:221|BOS:230|TOR:426|WAS:468
12047,NYK:188|BKN:200|BOS:205|TOR:420|WAS:446
12189,NYK:183|BKN:194|BOS:198|TOR:418|WAS:441
12118,NYK:201|BKN:213|BOS:221|TOR:428|WAS:460
12845,NYK:235|BKN:247|BOS:255|TOR:450|WAS:493
12188,NYK:195|BKN:206|BOS:210|TOR:428|WAS:453
12183,NYK:182|BKN:194|BOS:197|TOR:421|WAS:440
12831,NYK:218|BKN:230|BOS:238|TOR:434|WAS:476
12804,NYK:229|BKN:241|BOS:249|TOR:446|WAS:488
12170,NYK:219|BKN:230|BOS:238|TOR:433|WAS:477
12844,NYK:251|BKN:262|BOS:270|TOR:467|WAS:509
12801,NYK:228|BKN:240|BOS:248|TOR:444|WAS:486
12820,NYK:245|BKN:257|BOS:265|TOR:462|WAS:504
12198,NYK:187|BOS:197|BKN:199|TOR:430|WAS:445
12803,NYK:229|BKN:240|BOS:249|TOR:445|WAS:487
12182,NYK:194|BKN:206|BOS:210|TOR:433|WAS:453
12196,NYK:184|BOS:191|BKN:195|TOR:428|WAS:442
12121,NYK:204|BKN:215|BOS:219|TOR:442|WAS:462
12154,NYK:226|BKN:237|BOS:241|TOR:449|WAS:484
12871,NYK:225|BKN:237|BOS:244|TOR:440|WAS:484
12180,NYK:195|BOS:205|BKN:206|TOR:435|WAS:453
12884,NYK:222|BKN:234|BOS:242|TOR:439|WAS:481
12140,NYK:190|BOS:193|BKN:201|TOR:434|WAS:448
12828,NYK:234|BKN:245|BOS:253|TOR:450|WAS:492
12185,NYK:205|BKN:216|BOS:218|TOR:443|WAS:463
12839,NYK:243|BKN:255|BOS:263|TOR:460|WAS:502
12827,NYK:257|BKN:268|BOS:270|TOR:473|WAS:515
12018,BOS:186|NYK:193|BKN:204|TOR:437|WAS:451
12834,NYK:227|BKN:239|BOS:241|TOR:447|WAS:485
12062,BOS:177|NYK:188|BKN:199|TOR:443|WAS:446
12094,NYK:215|BOS:218|BKN:226|TOR:449|WAS:473
12052,BOS:205|NYK:205|BKN:217|TOR:446|WAS:464
12153,BOS:193|NYK:202|BKN:213|TOR:447|WAS:460
12809,NYK:241|BKN:253|BOS:257|TOR:457|WAS:500
12169,BOS:189|NYK:204|BKN:215|TOR:455|WAS:462
12082,BOS:200|NYK:208|BKN:220|TOR:448|WAS:466
12028,NYK:219|BOS:220|BKN:231|TOR:451|WAS:477
12821,NYK:256|BOS:260|BKN:267|TOR:472|WAS:514
12823,NYK:246|BOS:254|BKN:257|TOR:465|WAS:504
12838,NYK:258|BKN:269|BOS:277|TOR:474|WAS:516
12816,BOS:232|NYK:236|BKN:247|TOR:461|WAS:494
12168,BOS:175|NYK:201|BKN:212|TOR:454|WAS:459
12138,BOS:193|NYK:216|BKN:227|TOR:457|WAS:474
12040,BOS:180|NYK:205|BKN:216|TOR:455|WAS:463
12090,BOS:207|NYK:221|BKN:232|TOR:459|WAS:479
12865,BOS:262|NYK:263|BKN:275|TOR:482|WAS:522
12057,BOS:227|NYK:231|BKN:243|TOR:464|WAS:490
12022,BOS:194|NYK:218|BKN:230|TOR:462|WAS:477
12832,NYK:262|BOS:267|BKN:273|TOR:478|WAS:520
12854,BOS:255|NYK:260|BKN:272|TOR:476|WAS:519
12873,BOS:250|NYK:255|BKN:266|TOR:478|WAS:513
12849,BOS:261|NYK:267|BKN:279|TOR:483|WAS:525
05257,BOS:235|NYK:242|BKN:253|TOR:474|WAS:500
05260,BOS:209|NYK:229|BKN:241|TOR:467|WAS:487
01237,BOS:181|NYK:214|BKN:226|TOR:468|WAS:473
12837,BOS:250|NYK:269|BKN:281|TOR:485|WAS:528
01267,BOS:193|NYK:221|BKN:233|TOR:473|WAS:480
05775,BOS:258|NYK:270|BKN:282|TOR:486|WAS:528
05768,BOS:256|NYK:269|BKN:280|TOR:490|WAS:527
05261,BOS:218|NYK:244|BKN:255|TOR:482|WAS:502
01224,BOS:176|NYK:220|BKN:232|TOR:479|WAS:479
05776,BOS:252|NYK:266|BKN:278|TOR:487|WAS:524
05250,BOS:258|NYK:265|BKN:276|TOR:493|WAS:523
05774,BOS:257|NYK:276|BKN:288|TOR:492|WAS:534
01225,BOS:182|NYK:226|BKN:238|TOR:483|WAS:485
05761,BOS:252|NYK:283|BKN:295|TOR:500|WAS:542
05201,BOS:222|NYK:264|BKN:275|TOR:502|WAS:522
05757,BOS:234|NYK:291|BKN:303|TOR:507|WAS:550
01220,BOS:187|NYK:233|BKN:245|TOR:490|WAS:492
01247,BOS:199|NYK:242|BKN:254|TOR:490|WAS:500
05251,BOS:241|NYK:282|BKN:293|TOR:502|WAS:540
05352,
05262,
05254,BOS:227|NYK:267|BKN:278|TOR:498|WAS:525
05252,BOS:267|NYK:285|BKN:296|TOR:520|WAS:543
01270,BOS:170|NYK:231|BKN:242|WAS:489|TOR:492
05739,BOS:238|NYK:292|BKN:303|TOR:508|WAS:550
05255,
01256,BOS:187|NYK:248|BKN:260|WAS:507|TOR:509
05253,BOS:246|NYK:286|BKN:297|TOR:523|WAS:544
01350,BOS:203|NYK:266|BKN:277|TOR:514|WAS:524
05340,BOS:239|NYK:298|BKN:309|TOR:536|WAS:556
05350,BOS:190|NYK:264|BKN:276|TOR:505|WAS:523
01343,BOS:193|NYK:268|BKN:279|TOR:517|WAS:526
05360,BOS:226|NYK:298|BKN:309|TOR:534|WAS:556
05773,BOS:222|NYK:296|BKN:307|TOR:526|WAS:554
05152,BOS:220|NYK:281|BKN:293|TOR:519|WAS:539
01070,BOS:166|NYK:245|BKN:257|WAS:504|TOR:506
01367,BOS:185|NYK:279|BKN:291|TOR:524|WAS:538
05742,BOS:226|NYK:327|BKN:339|TOR:547|WAS:585
05363,BOS:194|NYK:272|BKN:283|TOR:510|WAS:530
01339,BOS:170|NYK:265|BKN:277|WAS:524|TOR:526
05361,BOS:178|NYK:277|BKN:288|TOR:517|WAS:535
05356,BOS:202|NYK:285|BKN:296|TOR:523|WAS:543
05155,BOS:209|NYK:290|BKN:302|TOR:529|WAS:549
01330,BOS:154|NYK:256|BKN:268|WAS:515|TOR:517
05343,BOS:210|NYK:298|BKN:310|TOR:536|WAS:556
05355,BOS:216|NYK:300|BKN:312|TOR:538|WAS:559
05148,BOS:210|NYK:293|BKN:305|TOR:532|WAS:552
01338,BOS:164|NYK:269|BKN:280|WAS:528|TOR:530
01346,BOS:175|NYK:282|BKN:291|TOR:551|WAS:551
05161,BOS:208|NYK:301|BKN:313|TOR:539|WAS:559
05341,BOS:200|NYK:292|BKN:304|TOR:530|WAS:550
05342,BOS:174|NYK:280|BKN:289|TOR:526|WAS:546
05758,BOS:201|NYK:316|BKN:327|TOR:532|WAS:574
05730,BOS:204|NYK:306|BKN:317|TOR:537|WAS:564
05344,BOS:182|NYK:287|BKN:298|TOR:526|WAS:546
01340,BOS:160|NYK:266|BKN:276|TOR:539|WAS:539
05358,BOS:173|NYK:280|BKN:289|TOR:537|WAS:552
05351,BOS:186|NYK:292|BKN:303|TOR:530|WAS:550
01370,BOS:149|NYK:255|BKN:265|WAS:528|TOR:535
05359,BOS:204|NYK:301|BKN:312|TOR:539|WAS:559
01341,BOS:146|NYK:252|BKN:261|WAS:524|TOR:531
05149,BOS:185|NYK:312|BKN:324|TOR:544|WAS:570
05353,BOS:191|NYK:302|BKN:312|TOR:551|WAS:572
05345,BOS:181|NYK:290|BKN:299|TOR:544|WAS:562
05362,BOS:178|NYK:287|BKN:297|TOR:540|WAS:560
05301,BOS:173|NYK:279|BKN:288|TOR:545|WAS:551
05143,BOS:187|NYK:310|BKN:321|TOR:548|WAS:568
05153,BOS:186|NYK:328|BKN:339|TOR:555|WAS:586
05146,BOS:191|NYK:313|BKN:325|TOR:551|WAS:572
01342,BOS:141|NYK:247|BKN:257|WAS:519|TOR:526
01301,BOS:146|NYK:252|BKN:261|WAS:524|TOR:531
01337,BOS:165|NYK:272|BKN:281|WAS:544|TOR:551
05142,BOS:171|NYK:327|BKN:338|TOR:559|WAS:586
05141,BOS:176|NYK:309|BKN:319|TOR:569|WAS:581
01376,BOS:143|NYK:257|BKN:267|WAS:529|TOR:536
05346,BOS:175|NYK:294|BKN:304|WAS:567|TOR:568
05150,BOS:171|NYK:314|BKN:324|TOR:563|WAS:583
05154,BOS:170|NYK:300|BKN:309|WAS:572|TOR:574
05354,BOS:160|NYK:270|BKN:280|WAS:543|TOR:550
01351,BOS:143|NYK:251|BKN:261|WAS:523|TOR:530
01347,BOS:140|NYK:255|BKN:265|WAS:527|TOR:534
01354,BOS:145|NYK:261|BKN:271|WAS:534|TOR:541
03466,BOS:158|NYK:283|BKN:293|WAS:556|TOR:557
03451,BOS:167|NYK:287|BKN:297|WAS:560|TOR:565
05151,BOS:168|NYK:325|BKN:335|TOR:573|WAS:598
05101,BOS:168|NYK:301|BKN:311|TOR:571|WAS:573
05037,BOS:166|NYK:324|BKN:334|TOR:568|WAS:596
05158,BOS:161|NYK:292|BKN:302|WAS:565|TOR:567
01349,BOS:141|NYK:261|BKN:270|WAS:533|TOR:540
03443,BOS:152|NYK:284|BKN:294|WAS:557|TOR:559
05156,BOS:175|NYK:315|BKN:324|TOR:572|WAS:587
01360,BOS:142|NYK:263|BKN:273|WAS:536|TOR:543
03441,BOS:149|NYK:280|BKN:289|WAS:552|TOR:559
03609,BOS:161|NYK:295|BKN:304|WAS:567|TOR:569
05089,BOS:162|NYK:328|BKN:338|TOR:560|WAS:601
03467,BOS:146|NYK:292|BKN:301|WAS:564|TOR:566
01344,BOS:128|NYK:265|BKN:275|WAS:538|TOR:544
05030,BOS:152|NYK:311|BKN:320|TOR:558|WAS:583
01380,BOS:137|NYK:277|BKN:286|WAS:549|TOR:556
01379,BOS:141|NYK:271|BKN:280|WAS:543|TOR:550
03608,BOS:166|NYK:305|BKN:314|WAS:577|TOR:579
03462,BOS:154|NYK:299|BKN:309|WAS:571|TOR:573
03604,BOS:160|NYK:295|BKN:305|WAS:568|TOR:570
03603,BOS:167|NYK:312|BKN:322|TOR:579|WAS:585
03470,BOS:141|NYK:279|BKN:289|WAS:552|TOR:559
03602,BOS:164|NYK:307|BKN:316|WAS:579|TOR:581
01378,BOS:133|NYK:276|BKN:285|WAS:548|TOR:555
03743,BOS:147|NYK:317|BKN:327|TOR:565|WAS:589
03601,BOS:164|NYK:323|BKN:333|TOR:590|WAS:596
03745,BOS:156|NYK:331|BKN:340|TOR:567|WAS:603
03431,BOS:140|NYK:305|BKN:315|WAS:578|TOR:580
03446,BOS:137|NYK:298|BKN:307|WAS:570|TOR:577
01364,BOS:126|NYK:282|BKN:291|WAS:554|TOR:563
03448,BOS:147|NYK:311|BKN:320|WAS:583|TOR:587
03607,BOS:154|NYK:317|BKN:326|WAS:589|TOR:591
03445,BOS:147|NYK:315|BKN:324|WAS:587|TOR:591
03456,BOS:143|NYK:324|BKN:333|WAS:596|TOR:598
03773,BOS:140|NYK:328|BKN:337|TOR:575|WAS:600
03465,BOS:119|NYK:305|BKN:314|WAS:577|TOR:583
03605,BOS:141|NYK:331|BKN:340|TOR:590|WAS:603
01368,BOS:116|NYK:292|BKN:302|WAS:564|TOR:574
01331,BOS:111|NYK:289|BKN:298|WAS:561|TOR:571
03455,BOS:132|NYK:310|BKN:320|WAS:583|TOR:588
03447,BOS:122|NYK:302|BKN:311|WAS:574|TOR:581
03457,BOS:142|NYK:322|BKN:331|WAS:594|TOR:598
03464,BOS:131|NYK:327|BKN:336|WAS:599|TOR:603
03752,BOS:145|NYK:342|BKN:351|TOR:589|WAS:614
03280,BOS:129|NYK:340|BKN:350|TOR:596|WAS:613
03782,BOS:123|NYK:341|BKN:351|TOR:570|WAS:613
01436,BOS:117|NYK:296|BKN:304|WAS:567|TOR:583
03751,BOS:123|NYK:350|BKN:360|TOR:569|WAS:623
03444,BOS:124|NYK:321|BKN:331|WAS:594|TOR:599
03450,BOS:131|NYK:325|BKN:334|WAS:597|TOR:603
01468,BOS:105|NYK:282|BKN:291|WAS:554|TOR:574
03452,BOS:113|NYK:317|BKN:325|WAS:588|TOR:596
01475,BOS:110|NYK:299|BKN:308|WAS:570|TOR:588
01438,BOS:98|NYK:278|BKN:287|WAS:550|TOR:572
03255,BOS:117|NYK:342|BKN:351|TOR:577|WAS:614
03461,BOS:106|NYK:307|BKN:316|WAS:579|TOR:591
03284,BOS:136|NYK:370|BKN:380|TOR:585|WAS:643
03449,BOS:129|NYK:332|BKN:341|WAS:604|TOR:607
03257,BOS:115|NYK:352|BKN:362|TOR:568|WAS:625
01440,BOS:95|NYK:283|BKN:291|WAS:554|TOR:580
03440,BOS:119|NYK:332|BKN:341|WAS:604|TOR:607
03221,BOS:113|NYK:355|BKN:365|TOR:590|WAS:627
03458,BOS:112|NYK:320|BKN:329|WAS:592|TOR:611
03233,BOS:115|NYK:357|BKN:366|TOR:572|WAS:629
03273,BOS:110|NYK:358|BKN:368|TOR:582|WAS:631
03287,BOS:124|NYK:366|BKN:375|TOR:581|WAS:638
03244,BOS:112|NYK:342|BKN:352|TOR:614|WAS:614
01430,BOS:106|NYK:302|BKN:311|WAS:574|TOR:601
03260,BOS:108|NYK:358|BKN:367|TOR:573|WAS:630
01473,BOS:91|NYK:283|BKN:291|WAS:554|TOR:584
03442,BOS:116|NYK:343|BKN:352|WAS:615|TOR:622
03047,BOS:118|NYK:339|BKN:347|WAS:610|TOR:626
03084,BOS:113|NYK:322|BKN:330|WAS:593|TOR:625
03071,BOS:100|NYK:304|BKN:313|WAS:576|TOR:611
03278,BOS:105|NYK:361|BKN:369|TOR:587|WAS:632
01431,BOS:88|NYK:290|BKN:298|WAS:561|TOR:596
03242,BOS:105|NYK:356|BKN:365|TOR:607|WAS:628
01420,BOS:82|NYK:278|BKN:287|WAS:550|TOR:585
03043,BOS:109|NYK:342|BKN:351|WAS:614|TOR:633
03216,BOS:124|NYK:375|BKN:385|TOR:591|WAS:648
03268,BOS:123|NYK:378|BKN:387|TOR:604|WAS:650
03082,BOS:104|NYK:328|BKN:336|WAS:599|TOR:634
01453,BOS:76|NYK:271|BKN:279|WAS:542|TOR:577
03048,BOS:86|NYK:295|BKN:304|WAS:567|TOR:602
03086,BOS:94|NYK:311|BKN:320|WAS:582|TOR:618
03231,BOS:118|NYK:373|BKN:382|TOR:588|WAS:645
01474,BOS:81|NYK:290|BKN:298|WAS:561|TOR:596
01462,BOS:81|NYK:279|BKN:287|WAS:550|TOR:585
03281,BOS:105|NYK:357|BKN:366|WAS:629|TOR:631
03229,BOS:93|NYK:349|BKN:357|TOR:592|WAS:620
01469,BOS:75|NYK:289|BKN:298|WAS:561|TOR:596
03057,BOS:94|NYK:321|BKN:329|WAS:592|TOR:627
03070,BOS:88|NYK:329|BKN:338|WAS:601|TOR:628
03033,BOS:84|NYK:299|BKN:308|WAS:571|TOR:606
03235,BOS:114|NYK:370|BKN:379|TOR:600|WAS:641
03055,BOS:87|NYK:311|BKN:319|WAS:582|TOR:617
03303,BOS:103|NYK:359|BKN:367|TOR:604|WAS:630
01464,BOS:69|NYK:283|BKN:292|WAS:555|TOR:590
01434,BOS:66|NYK:277|BKN:285|WAS:548|TOR:583
03046,BOS:92|NYK:346|BKN:355|TOR:606|WAS:618
01463,BOS:72|NYK:293|BKN:301|WAS:564|TOR:599
03031,BOS:85|NYK:321|BKN:329|WAS:592|TOR:627
03049,BOS:74|NYK:305|BKN:314|WAS:577|TOR:612
03276,BOS:105|NYK:361|BKN:370|TOR:608|WAS:633
01432,BOS:63|NYK:281|BKN:289|WAS:552|TOR:587
01451,BOS:63|NYK:272|BKN:281|WAS:544|TOR:579
01450,BOS:62|NYK:282|BKN:290|WAS:553|TOR:588
03045,BOS:80|NYK:332|BKN:341|WAS:603|TOR:621
03301,BOS:92|NYK:347|BKN:356|TOR:614|WAS:619
03224,BOS:106|NYK:362|BKN:371|TOR:620|WAS:634
03304,BOS:84|NYK:340|BKN:348|TOR:606|WAS:611
03110,BOS:72|NYK:323|BKN:332|WAS:594|TOR:630
03054,BOS:73|NYK:311|BKN:319|WAS:582|TOR:617
03063,BOS:65|NYK:303|BKN:311|WAS:574|TOR:609
03062,BOS:61|NYK:298|BKN:307|WAS:570|TOR:605
01827,BOS:60|NYK:293|BKN:301|WAS:564|TOR:599
03102,BOS:73|NYK:324|BKN:333|WAS:596|TOR:620
01460,BOS:52|NYK:272|BKN:281|WAS:544|TOR:579
03220,BOS:118|NYK:374|BKN:383|TOR:614|WAS:645
03064,BOS:65|NYK:303|BKN:312|WAS:575|TOR:610
03052,BOS:65|NYK:317|BKN:326|WAS:589|TOR:624
03101,BOS:66|NYK:320|BKN:328|WAS:591|TOR:618
03060,BOS:59|NYK:297|BKN:306|WAS:569|TOR:604
03307,BOS:113|NYK:369|BKN:377|TOR:630|WAS:640
03106,BOS:82|NYK:338|BKN:346|WAS:609|TOR:619
03103,BOS:60|NYK:316|BKN:325|WAS:587|TOR:623
01886,BOS:49|NYK:276|BKN:284|WAS:547|TOR:582
03104,BOS:67|NYK:323|BKN:331|WAS:594|TOR:616
01718,BOS:53|NYK:278|BKN:286|WAS:549|TOR:584
01879,BOS:52|NYK:289|BKN:297|WAS:560|TOR:595
03275,BOS:93|NYK:349|BKN:357|WAS:620|TOR:626
03051,BOS:63|NYK:304|BKN:312|WAS:575|TOR:610
03258,BOS:102|NYK:358|BKN:366|TOR:625|WAS:629
03109,BOS:63|NYK:319|BKN:327|WAS:590|TOR:624
01863,BOS:48|NYK:285|BKN:293|WAS:556|TOR:591
03237,BOS:118|NYK:374|BKN:382|TOR:616|WAS:645
03053,BOS:61|NYK:317|BKN:326|WAS:589|TOR:624
03032,BOS:70|NYK:325|BKN:334|WAS:597|TOR:631
01741,BOS:52|NYK:285|BKN:294|WAS:557|TOR:592
01824,BOS:43|NYK:281|BKN:289|WAS:552|TOR:587
03234,BOS:98|NYK:354|BKN:363|WAS:625|TOR:630
01854,BOS:49|NYK:286|BKN:294|WAS:557|TOR:592
03034,BOS:79|NYK:334|BKN:343|WAS:606|TOR:631
03076,BOS:56|NYK:302|BKN:310|WAS:573|TOR:608
01851,BOS:45|NYK:283|BKN:291|WAS:554|TOR:589
03837,BOS:122|NYK:378|BKN:386|TOR:620|WAS:649
03263,BOS:110|NYK:366|BKN:375|TOR:635|WAS:638
01850,BOS:44|NYK:288|BKN:297|WAS:559|TOR:595
03087,BOS:46|NYK:302|BKN:311|WAS:574|TOR:609
01826,BOS:49|NYK:296|BKN:304|WAS:567|TOR:602
01852,BOS:40|NYK:285|BKN:294|WAS:557|TOR:592
01862,BOS:41|NYK:284|BKN:293|WAS:555|TOR:591
03038,BOS:59|NYK:315|BKN:323|WAS:586|TOR:621
03218,BOS:113|NYK:369|BKN:377|TOR:632|WAS:640
03036,BOS:74|NYK:330|BKN:338|WAS:601|TOR:636
03037,BOS:89|NYK:345|BKN:354|WAS:617|TOR:645
01821,BOS:37|NYK:291|BKN:300|WAS:563|TOR:598
03225,BOS:123|NYK:378|BKN:387|TOR:636|WAS:650
01876,BOS:34|NYK:287|BKN:296|WAS:559|TOR:594
03261,BOS:110|NYK:366|BKN:374|WAS:637|TOR:641
03079,BOS:47|NYK:303|BKN:311|WAS:574|TOR:609
03077,BOS:79|NYK:335|BKN:344|WAS:607|TOR:635
01803,BOS:27|NYK:286|BKN:294|WAS:557|TOR:592
03809,BOS:127|NYK:388|BKN:396|TOR:641|WAS:659
03873,BOS:68|NYK:324|BKN:332|WAS:595|TOR:630
01844,BOS:42|NYK:298|BKN:306|WAS:569|TOR:604
03841,BOS:60|NYK:316|BKN:325|WAS:588|TOR:623
03884,BOS:124|NYK:379|BKN:388|WAS:651|TOR:662
03811,BOS:60|NYK:315|BKN:324|WAS:587|TOR:622
01887,BOS:26|NYK:295|BKN:304|WAS:567|TOR:602
01810,BOS:35|NYK:297|BKN:305|WAS:568|TOR:603
01840,BOS:40|NYK:294|BKN:303|WAS:565|TOR:601
01843,BOS:36|NYK:290|BKN:299|WAS:562|TOR:597
03855,BOS:133|NYK:395|BKN:403|TOR:661|WAS:666
01841,BOS:42|NYK:296|BKN:304|WAS:567|TOR:602
03291,BOS:100|NYK:356|BKN:364|WAS:627|TOR:649
01832,BOS:49|NYK:303|BKN:312|WAS:575|TOR:610
03819,BOS:75|NYK:330|BKN:338|WAS:601|TOR:636
03290,BOS:99|NYK:355|BKN:363|WAS:626|TOR:654
03826,BOS:63|NYK:318|BKN:326|WAS:589|TOR:624
03044,BOS:78|NYK:333|BKN:342|WAS:605|TOR:640
01867,BOS:27|NYK:295|BKN:304|WAS:567|TOR:602
01835,BOS:51|NYK:305|BKN:314|WAS:576|TOR:612
03865,BOS:57|NYK:311|BKN:320|WAS:582|TOR:618
01845,BOS:44|NYK:299|BKN:308|WAS:571|TOR:606
03042,BOS:85|NYK:346|BKN:354|WAS:617|TOR:645
01864,BOS:32|NYK:303|BKN:311|WAS:574|TOR:609
03848,BOS:68|NYK:322|BKN:331|WAS:594|TOR:629
03887,BOS:122|NYK:383|BKN:392|WAS:655|TOR:661
01880,BOS:26|NYK:297|BKN:306|WAS:568|TOR:604
03835,BOS:113|NYK:374|BKN:382|WAS:645|TOR:655
01830,BOS:52|NYK:306|BKN:315|WAS:578|TOR:613
03858,BOS:66|NYK:320|BKN:329|WAS:592|TOR:627
03825,BOS:100|NYK:361|BKN:370|WAS:633|TOR:659
01940,BOS:32|NYK:303|BKN:312|WAS:574|TOR:610
01921,BOS:48|NYK:312|BKN:321|WAS:584|TOR:619
03851,BOS:124|NYK:385|BKN:394|WAS:657|TOR:674
01834,BOS:51|NYK:312|BKN:321|WAS:583|TOR:619
01860,BOS:56|NYK:310|BKN:319|WAS:582|TOR:617
03861,BOS:91|NYK:352|BKN:360|WAS:623|TOR:651
01949,BOS:39|NYK:312|BKN:321|WAS:584|TOR:619
03827,BOS:63|NYK:322|BKN:331|WAS:593|TOR:629
03867,BOS:100|NYK:361|BKN:370|WAS:633|TOR:663
03852,BOS:120|NYK:381|BKN:389|WAS:652|TOR:666
03839,BOS:98|NYK:360|BKN:368|WAS:631|TOR:666
01937,BOS:34|NYK:310|BKN:319|WAS:582|TOR:617
01833,BOS:48|NYK:313|BKN:322|WAS:584|TOR:620
03833,BOS:77|NYK:336|BKN:345|WAS:608|TOR:643
01960,BOS:37|NYK:310|BKN:319|WAS:581|TOR:617
03856,BOS:78|NYK:339|BKN:348|WAS:610|TOR:646
01985,BOS:54|NYK:319|BKN:328|WAS:590|TOR:626
01913,BOS:60|NYK:317|BKN:325|WAS:588|TOR:623
01923,BOS:35|NYK:311|BKN:320|WAS:582|TOR:618
03857,BOS:84|NYK:345|BKN:354|WAS:617|TOR:652
01983,BOS:39|NYK:316|BKN:324|WAS:587|TOR:622
03823,BOS:92|NYK:353|BKN:361|WAS:624|TOR:659
03868,BOS:105|NYK:366|BKN:375|WAS:638|TOR:668
03824,BOS:91|NYK:352|BKN:361|WAS:624|TOR:659
01922,BOS:53|NYK:326|BKN:334|WAS:597|TOR:632
04027,BOS:116|NYK:377|BKN:386|WAS:649|TOR:677
03885,BOS:79|NYK:340|BKN:348|WAS:611|TOR:646
01950,BOS:53|NYK:321|BKN:330|WAS:593|TOR:628
03878,BOS:100|NYK:361|BKN:370|WAS:632|TOR:668
01969,BOS:53|NYK:325|BKN:333|WAS:596|TOR:631
03844,BOS:64|NYK:326|BKN:334|WAS:597|TOR:632
03820,BOS:85|NYK:346|BKN:355|WAS:618|TOR:653
01984,BOS:41|NYK:319|BKN:328|WAS:591|TOR:626
01970,BOS:36|NYK:314|BKN:323|WAS:586|TOR:621
01915,BOS:38|NYK:317|BKN:325|WAS:588|TOR:623
03874,BOS:62|NYK:323|BKN:332|WAS:595|TOR:630
01982,BOS:46|NYK:323|BKN:331|WAS:594|TOR:629
01945,BOS:30|NYK:308|BKN:316|WAS:579|TOR:614
01951,BOS:60|NYK:329|BKN:337|WAS:600|TOR:635
03840,BOS:75|NYK:336|BKN:344|WAS:607|TOR:642
03869,BOS:94|NYK:355|BKN:364|WAS:627|TOR:662
03901,BOS:107|NYK:369|BKN:377|WAS:640|TOR:675
01952,BOS:58|NYK:321|BKN:330|WAS:593|TOR:628
01938,BOS:55|NYK:331|BKN:340|WAS:603|TOR:638
03842,BOS:66|NYK:327|BKN:336|WAS:599|TOR:634
03862,BOS:74|NYK:335|BKN:344|WAS:606|TOR:642
01965,BOS:43|NYK:321|BKN:329|WAS:592|TOR:627
04083,BOS:124|NYK:385|BKN:394|WAS:656|TOR:684
03801,BOS:71|NYK:332|BKN:341|WAS:604|TOR:639
03906,BOS:113|NYK:374|BKN:383|WAS:646|TOR:681
03871,BOS:79|NYK:341|BKN:349|WAS:612|TOR:647
03903,BOS:85|NYK:346|BKN:355|WAS:618|TOR:653
01929,BOS:55|NYK:333|BKN:341|WAS:604|TOR:639
01944,BOS:48|NYK:327|BKN:335|WAS:598|TOR:633
03870,BOS:79|NYK:340|BKN:349|WAS:612|TOR:647
03908,BOS:99|NYK:360|BKN:368|WAS:631|TOR:666
04073,BOS:109|NYK:370|BKN:379|WAS:642|TOR:677
03904,BOS:77|NYK:338|BKN:347|WAS:610|TOR:645
03854,BOS:84|NYK:345|BKN:354|WAS:617|TOR:652
03909,BOS:84|NYK:345|BKN:353|WAS:616|TOR:651
01930,BOS:56|NYK:334|BKN:343|WAS:605|TOR:641
04002,BOS:120|NYK:382|BKN:390|WAS:653|TOR:688
04090,BOS:99|NYK:360|BKN:369|WAS:632|TOR:667
03911,BOS:87|NYK:348|BKN:357|WAS:620|TOR:655
03902,BOS:99|NYK:360|BKN:368|WAS:631|TOR:666
01966,BOS:69|NYK:347|BKN:355|WAS:618|TOR:653
03907,BOS:98|NYK:359|BKN:367|WAS:630|TOR:665
03910,BOS:88|NYK:349|BKN:357|WAS:620|TOR:655
03905,
04043,BOS:103|NYK:365|BKN:373|WAS:636|TOR:671
04005,BOS:116|NYK:377|BKN:385|WAS:648|TOR:683
04046,BOS:122|NYK:383|BKN:391|WAS:654|TOR:689
04006,BOS:126|NYK:387|BKN:395|WAS:658|TOR:693
12927,TOR:325|NYK:388|BKN:400|BOS:408|CLE:533
13360,
13672,TOR:345|NYK:427|BKN:439|BOS:447|CLE:570
13436,NYK:341|BKN:352|BOS:361|TOR:380|CLE:522
12847,
12973,TOR:375|NYK:388|BKN:400|BOS:408|CLE:585
12164,
12986,NYK:344|TOR:349|BKN:356|BOS:364|CLE:559
12812,
12970,TOR:378|NYK:379|BKN:391|BOS:391|CLE:602
12864,NYK:300|BKN:312|BOS:320|TOR:402|CLE:512
12842,NYK:311|BKN:322|BOS:331|TOR:420|CLE:538
12945,
12939,NYK:351|BKN:362|TOR:362|BOS:363|CLE:586
12983,NYK:342|BKN:354|BOS:354|TOR:371|CLE:587
12856,
12852,NYK:305|BKN:317|BOS:325|TOR:411|WAS:564
12851,NYK:327|BKN:339|BOS:347|TOR:470|WAS:586
12977,NYK:335|BKN:346|BOS:347|TOR:381|CLE:591
12811,
12853,
12946,
12913,NYK:359|BOS:362|BKN:371|TOR:391|CLE:615
12843,NYK:266|BKN:277|BOS:286|TOR:420|WAS:524
12857,NYK:282|BKN:293|BOS:301|TOR:437|WAS:540
12862,NYK:273|BKN:285|BOS:293|TOR:434|WAS:532
12886,NYK:260|BKN:272|BOS:280|TOR:420|WAS:519
12997,NYK:344|BKN:356|BOS:356|TOR:416|WAS:603
12943,
12885,NYK:271|BKN:283|BOS:291|TOR:452|WAS:530
12817,NYK:263|BKN:274|BOS:282|TOR:438|WAS:521
12860,NYK:257|BKN:269|BOS:277|TOR:435|WAS:516
12942,NYK:307|BKN:319|BOS:319|TOR:409|WAS:566
12912,BOS:337|NYK:345|BKN:357|TOR:427|WAS:604
12870,NYK:269|BKN:280|BOS:288|TOR:443|WAS:527
12987,NYK:322|BKN:334|BOS:334|TOR:421|WAS:581
12855,
12808,NYK:271|BKN:282|BOS:291|TOR:455|WAS:529
12872,NYK:274|BKN:285|BOS:294|TOR:445|WAS:532
12824,NYK:249|BKN:261|BOS:269|TOR:459|WAS:508
12858,NYK:271|BKN:283|BOS:288|TOR:442|WAS:529
12941,NYK:329|BOS:339|BKN:340|TOR:424|WAS:587
12815,NYK:265|BKN:277|BOS:285|TOR:450|WAS:523
12964,NYK:293|BKN:304|BOS:306|TOR:435|WAS:551
12814,NYK:264|BKN:276|BOS:284|TOR:462|WAS:523
12932,NYK:300|BOS:304|BKN:312|TOR:426|WAS:558
12836,NYK:280|BKN:292|BOS:300|TOR:478|WAS:539
12998,NYK:294|BOS:295|BKN:305|TOR:441|WAS:552
12961,BOS:299|NYK:317|BKN:329|TOR:466|WAS:575
12928,BOS:301|NYK:311|BKN:322|TOR:482|WAS:569
12924,BOS:318|NYK:330|BKN:341|TOR:419|WAS:588
12950,BOS:310|NYK:313|BKN:324|TOR:429|WAS:571
12960,BOS:300|NYK:315|BKN:326|TOR:473|WAS:573
12883,BOS:284|NYK:294|BKN:306|TOR:465|WAS:553
12874,
12944,BOS:336|NYK:348|BKN:359|TOR:437|WAS:606
12841,BOS:267|NYK:281|BKN:293|TOR:497|WAS:539
12993,BOS:295|NYK:300|BKN:312|TOR:431|WAS:558
12956,BOS:280|NYK:302|BKN:313|TOR:450|WAS:560
12819,BOS:267|NYK:281|BKN:293|TOR:498|WAS:540
12974,BOS:275|NYK:301|BKN:313|TOR:449|WAS:560
12996,BOS:305|NYK:338|BKN:349|TOR:439|WAS:596
12861,BOS:281|NYK:295|BKN:307|TOR:481|WAS:554
12936,BOS:287|NYK:313|BKN:325|TOR:436|WAS:572
12887,BOS:246|NYK:268|BKN:280|TOR:484|WAS:527
05734,BOS:248|NYK:317|BKN:329|TOR:479|WAS:575
05770,BOS:252|NYK:307|BKN:319|TOR:483|WAS:566
05491,BOS:262|NYK:333|BKN:345|TOR:489|WAS:592
05743,BOS:255|NYK:287|BKN:298|TOR:503|WAS:545
05731,BOS:253|NYK:291|BKN:303|TOR:494|WAS:550
05760,BOS:243|NYK:297|BKN:308|TOR:486|WAS:555
05456,BOS:256|NYK:341|BKN:353|TOR:480|WAS:600
05482,BOS:240|NYK:359|BKN:371|TOR:459|WAS:617
05445,BOS:251|NYK:349|BKN:361|TOR:465|WAS:608
05401,BOS:236|NYK:372|BKN:383|TOR:452|WAS:630
05778,BOS:238|NYK:308|BKN:319|TOR:497|WAS:566
05732,BOS:260|NYK:302|BKN:313|TOR:518|WAS:560
05405,BOS:232|NYK:371|BKN:383|TOR:448|WAS:630
05473,BOS:260|NYK:349|BKN:361|TOR:474|WAS:608
05764,BOS:242|NYK:278|BKN:290|TOR:494|WAS:537
05404,BOS:235|NYK:375|BKN:386|TOR:442|WAS:633
05753,BOS:235|NYK:322|BKN:334|TOR:491|WAS:581
05403,BOS:236|NYK:368|BKN:380|TOR:451|WAS:627
05439,BOS:236|NYK:376|BKN:388|TOR:447|WAS:634
05735,BOS:247|NYK:293|BKN:305|TOR:510|WAS:552
05472,BOS:243|NYK:336|BKN:348|TOR:487|WAS:595
05769,BOS:228|NYK:324|BKN:335|TOR:501|WAS:582
05495,BOS:231|NYK:378|BKN:390|TOR:458|WAS:636
05461,BOS:241|NYK:366|BKN:377|TOR:468|WAS:624
05733,BOS:228|NYK:317|BKN:329|TOR:513|WAS:575
05744,BOS:231|NYK:303|BKN:315|TOR:519|WAS:561
05777,BOS:231|NYK:297|BKN:308|TOR:513|WAS:555
05443,BOS:245|NYK:346|BKN:357|TOR:485|WAS:604
05765,BOS:223|NYK:297|BKN:308|TOR:513|WAS:555
05736,BOS:219|NYK:293|BKN:305|TOR:510|WAS:552
05766,BOS:222|NYK:343|BKN:355|TOR:513|WAS:602
05763,BOS:225|NYK:311|BKN:322|TOR:526|WAS:569
05487,BOS:276|NYK:377|BKN:388|TOR:505|WAS:635
05477,BOS:232|NYK:388|BKN:400|TOR:471|WAS:647
05759,BOS:218|NYK:298|BKN:310|TOR:515|WAS:557
05462,BOS:245|NYK:374|BKN:385|TOR:485|WAS:632
05465,BOS:230|NYK:392|BKN:403|TOR:469|WAS:650
05748,BOS:209|NYK:353|BKN:365|TOR:523|WAS:611
05701,BOS:231|NYK:318|BKN:330|TOR:534|WAS:576
05737,BOS:216|NYK:353|BKN:365|TOR:569|WAS:612
05674,BOS:229|NYK:374|BKN:386|TOR:515|WAS:632
05738,BOS:215|NYK:307|BKN:319|TOR:524|WAS:566
05747,BOS:208|NYK:357|BKN:368|TOR:520|WAS:615
05676,BOS:239|NYK:421|BKN:433|TOR:502|WAS:680
05673,BOS:233|NYK:383|BKN:395|TOR:508|WAS:642
05762,BOS:192|NYK:331|BKN:343|TOR:544|WAS:590
05767,BOS:204|NYK:348|BKN:359|TOR:541|WAS:606
05746,BOS:212|NYK:341|BKN:353|TOR:558|WAS:600
05751,BOS:198|NYK:316|BKN:327|TOR:532|WAS:574
05660,BOS:212|NYK:388|BKN:399|TOR:490|WAS:646
05669,BOS:200|NYK:383|BKN:394|TOR:515|WAS:641
05772,BOS:180|NYK:332|BKN:344|TOR:533|WAS:591
05672,BOS:242|NYK:428|BKN:439|TOR:500|WAS:687
05060,BOS:189|NYK:371|BKN:383|TOR:524|WAS:630
05677,BOS:222|NYK:409|BKN:420|TOR:489|WAS:667
05056,BOS:204|NYK:347|BKN:359|TOR:569|WAS:606
05663,BOS:198|NYK:384|BKN:395|TOR:508|WAS:643
05035,BOS:184|NYK:333|BKN:344|TOR:549|WAS:591
05032,BOS:172|NYK:341|BKN:352|TOR:525|WAS:599
05664,BOS:195|NYK:381|BKN:392|TOR:503|WAS:640
05602,BOS:208|NYK:394|BKN:406|TOR:497|WAS:653
05034,BOS:176|NYK:336|BKN:348|TOR:552|WAS:594
05036,BOS:188|NYK:374|BKN:385|TOR:510|WAS:633
05031,BOS:188|NYK:359|BKN:371|TOR:543|WAS:618
05062,BOS:184|NYK:342|BKN:352|TOR:569|WAS:603
05061,BOS:179|NYK:365|BKN:376|TOR:513|WAS:624
05071,BOS:182|NYK:351|BKN:360|TOR:569|WAS:617
05682,BOS:229|NYK:416|BKN:427|TOR:515|WAS:674
05091,BOS:168|NYK:347|BKN:357|TOR:547|WAS:612
05068,BOS:181|NYK:369|BKN:378|TOR:534|WAS:627
05067,BOS:173|NYK:352|BKN:362|TOR:543|WAS:617
05041,BOS:182|NYK:368|BKN:380|TOR:517|WAS:626
05679,BOS:194|NYK:380|BKN:392|TOR:502|WAS:639
05670,BOS:193|NYK:380|BKN:391|TOR:494|WAS:638
05640,BOS:219|NYK:405|BKN:416|TOR:507|WAS:664
05648,BOS:221|NYK:408|BKN:419|TOR:510|WAS:666
05651,BOS:209|NYK:396|BKN:407|TOR:501|WAS:654
05654,BOS:196|NYK:383|BKN:394|TOR:503|WAS:641
05053,BOS:167|NYK:355|BKN:365|TOR:537|WAS:626
05678,BOS:199|NYK:386|BKN:397|TOR:501|WAS:644
05073,BOS:153|NYK:332|BKN:342|TOR:543|WAS:605
05077,BOS:175|NYK:363|BKN:372|TOR:536|WAS:629
05038,BOS:185|NYK:372|BKN:382|TOR:524|WAS:638
05641,BOS:206|NYK:392|BKN:403|TOR:505|WAS:651
05084,BOS:161|NYK:348|BKN:358|TOR:539|WAS:621
05666,BOS:217|NYK:403|BKN:414|TOR:508|WAS:661
05650,BOS:230|NYK:416|BKN:427|TOR:518|WAS:675
05059,BOS:153|NYK:336|BKN:346|TOR:544|WAS:609
05048,BOS:170|NYK:339|BKN:348|TOR:563|WAS:611
05675,BOS:204|NYK:392|BKN:402|TOR:517|WAS:658
05065,BOS:160|NYK:348|BKN:357|TOR:529|WAS:620
05667,BOS:219|NYK:406|BKN:417|TOR:511|WAS:664
05072,BOS:172|NYK:360|BKN:369|TOR:542|WAS:632
05681,BOS:239|NYK:425|BKN:436|TOR:521|WAS:683
05001,BOS:155|NYK:342|BKN:351|TOR:544|WAS:614
05649,BOS:200|NYK:387|BKN:396|TOR:509|WAS:654
05052,BOS:153|NYK:332|BKN:342|TOR:548|WAS:604
05658,BOS:220|NYK:410|BKN:421|TOR:516|WAS:669
05009,BOS:143|NYK:330|BKN:340|TOR:538|WAS:602
05070,BOS:172|NYK:360|BKN:369|TOR:542|WAS:632
05079,BOS:190|NYK:376|BKN:386|TOR:539|WAS:649
05055,BOS:168|NYK:354|BKN:364|TOR:559|WAS:627
05039,BOS:196|NYK:383|BKN:392|TOR:532|WAS:655
05088,BOS:146|NYK:333|BKN:343|TOR:541|WAS:605
03784,BOS:141|NYK:334|BKN:344|TOR:542|WAS:607
05086,BOS:199|NYK:386|BKN:395|TOR:522|WAS:658
03781,BOS:157|NYK:349|BKN:358|TOR:556|WAS:621
05647,BOS:218|NYK:415|BKN:424|TOR:522|WAS:676
05075,BOS:172|NYK:359|BKN:368|TOR:550|WAS:631
05058,BOS:172|NYK:359|BKN:368|TOR:552|WAS:631
05083,BOS:172|NYK:359|BKN:368|TOR:543|WAS:631
03770,BOS:147|NYK:339|BKN:349|TOR:560|WAS:611
05046,BOS:209|NYK:395|BKN:405|TOR:533|WAS:668
03766,BOS:136|NYK:341|BKN:350|TOR:548|WAS:613
05076,BOS:198|NYK:384|BKN:394|TOR:537|WAS:657
05873,BOS:206|NYK:402|BKN:411|TOR:517|WAS:673
05862,BOS:216|NYK:402|BKN:412|TOR:536|WAS:675
05043,BOS:160|NYK:347|BKN:356|TOR:554|WAS:619
05040,BOS:190|NYK:377|BKN:386|TOR:538|WAS:649
03750,BOS:150|NYK:349|BKN:358|TOR:556|WAS:621
05045,BOS:175|NYK:362|BKN:371|TOR:555|WAS:634
05033,BOS:181|NYK:367|BKN:377|TOR:549|WAS:640
03753,BOS:129|NYK:352|BKN:361|TOR:560|WAS:624
05069,BOS:190|NYK:377|BKN:386|TOR:533|WAS:649
03755,BOS:177|NYK:374|BKN:384|TOR:582|WAS:646
05828,BOS:208|NYK:404|BKN:414|TOR:519|WAS:676
03748,BOS:142|NYK:351|BKN:361|TOR:558|WAS:624
05051,BOS:176|NYK:363|BKN:373|TOR:545|WAS:635
05042,BOS:200|NYK:387|BKN:396|TOR:540|WAS:659
05821,BOS:200|NYK:386|BKN:396|TOR:521|WAS:659
03768,BOS:175|NYK:364|BKN:374|TOR:570|WAS:637
05081,BOS:188|NYK:375|BKN:384|TOR:529|WAS:647
05050,BOS:197|NYK:384|BKN:394|TOR:518|WAS:656
03765,BOS:181|NYK:370|BKN:379|TOR:545|WAS:642
03777,BOS:171|NYK:372|BKN:382|TOR:566|WAS:645
03741,BOS:159|NYK:363|BKN:373|TOR:571|WAS:636
03779,
03780,BOS:181|NYK:381|BKN:391|TOR:557|WAS:653
03740,BOS:191|NYK:389|BKN:399|TOR:543|WAS:661
03774,BOS:187|NYK:383|BKN:393|TOR:545|WAS:655
05819,BOS:195|NYK:396|BKN:405|TOR:511|WAS:668
03771,BOS:198|NYK:394|BKN:403|TOR:528|WAS:666
03240,BOS:143|NYK:376|BKN:385|TOR:583|WAS:648
03282,BOS:155|NYK:390|BKN:400|TOR:583|WAS:662
03585,BOS:187|NYK:396|BKN:406|TOR:543|WAS:669
03238,BOS:169|NYK:390|BKN:399|TOR:565|WAS:662
03266,BOS:152|NYK:387|BKN:397|TOR:589|WAS:659
03230,BOS:132|NYK:374|BKN:383|TOR:588|WAS:646
03279,BOS:165|NYK:392|BKN:401|TOR:574|WAS:664
03785,
05824,BOS:209|NYK:413|BKN:423|TOR:528|WAS:685
03241,BOS:149|NYK:405|BKN:414|TOR:601|WAS:677
03586,BOS:172|NYK:407|BKN:416|TOR:539|WAS:679
03222,BOS:138|NYK:394|BKN:403|TOR:610|WAS:665
03561,BOS:182|NYK:412|BKN:421|TOR:530|WAS:684
03243,BOS:134|NYK:389|BKN:398|TOR:604|WAS:661
05906,BOS:213|NYK:432|BKN:441|TOR:547|WAS:704
03262,
05904,BOS:192|NYK:421|BKN:431|TOR:540|WAS:694
03264,BOS:134|NYK:390|BKN:398|TOR:587|WAS:661
03580,BOS:166|NYK:422|BKN:431|TOR:546|WAS:693
03223,BOS:133|NYK:389|BKN:397|TOR:572|WAS:660
03293,BOS:140|NYK:396|BKN:405|TOR:558|WAS:668
03217,BOS:133|NYK:389|BKN:397|TOR:588|WAS:660
03285,BOS:152|NYK:408|BKN:417|TOR:576|WAS:679
03256,BOS:116|NYK:372|BKN:380|TOR:588|WAS:643
03251,
03598,BOS:195|NYK:432|BKN:442|TOR:551|WAS:704
03574,BOS:183|NYK:422|BKN:431|TOR:540|WAS:694
03269,BOS:109|NYK:365|BKN:373|TOR:597|WAS:636
03245,BOS:143|NYK:399|BKN:407|TOR:595|WAS:670
03584,BOS:205|NYK:434|BKN:443|TOR:549|WAS:706
03226,BOS:136|NYK:392|BKN:400|TOR:595|WAS:663
03259,BOS:162|NYK:418|BKN:426|TOR:601|WAS:689
03253,BOS:131|NYK:387|BKN:395|TOR:603|WAS:658
03595,BOS:191|NYK:442|BKN:451|TOR:561|WAS:714
03246,BOS:130|NYK:385|BKN:394|TOR:607|WAS:657
03227,BOS:156|NYK:412|BKN:421|TOR:607|WAS:684
03583,BOS:200|NYK:445|BKN:454|TOR:561|WAS:717
03215,BOS:219|NYK:475|BKN:484|TOR:593|WAS:747
03575,
03249,BOS:132|NYK:388|BKN:397|TOR:626|WAS:660
03254,BOS:161|NYK:416|BKN:425|TOR:621|WAS:688
03897,BOS:173|NYK:429|BKN:437|TOR:630|WAS:700
03883,BOS:180|NYK:436|BKN:445|TOR:641|WAS:707
03850,BOS:166|NYK:426|BKN:435|TOR:631|WAS:698
03593,
03812,BOS:200|NYK:456|BKN:464|TOR:586|WAS:727
03886,BOS:179|NYK:436|BKN:445|TOR:638|WAS:707
03810,BOS:135|NYK:395|BKN:404|TOR:633|WAS:667
03853,BOS:157|NYK:418|BKN:426|TOR:639|WAS:689
03818,
03816,BOS:152|NYK:413|BKN:422|TOR:626|WAS:685
03817,BOS:170|NYK:431|BKN:439|TOR:635|WAS:702
03838,BOS:215|NYK:471|BKN:479|TOR:601|WAS:742
03890,BOS:160|NYK:421|BKN:429|TOR:629|WAS:692
03875,BOS:173|NYK:434|BKN:443|TOR:635|WAS:706
03814,BOS:158|NYK:419|BKN:428|TOR:643|WAS:690
03894,BOS:141|NYK:402|BKN:410|TOR:645|WAS:673
03846,BOS:225|NYK:483|BKN:492|TOR:613|WAS:755
03849,BOS:173|NYK:434|BKN:443|TOR:626|WAS:706
03847,BOS:201|NYK:462|BKN:471|TOR:601|WAS:734
03860,BOS:193|NYK:454|BKN:463|TOR:605|WAS:726
03845,BOS:208|NYK:470|BKN:478|TOR:607|WAS:741
03864,BOS:142|NYK:403|BKN:412|TOR:642|WAS:675
03581,
03836,BOS:164|NYK:425|BKN:434|TOR:636|WAS:697
03813,BOS:209|NYK:470|BKN:478|TOR:641|WAS:741
03832,BOS:182|NYK:443|BKN:451|TOR:629|WAS:714
03872,BOS:130|NYK:392|BKN:400|TOR:655|WAS:663
03882,BOS:163|NYK:425|BKN:433|TOR:665|WAS:696
03830,BOS:135|NYK:396|BKN:404|TOR:659|WAS:667
04068,BOS:180|NYK:441|BKN:450|TOR:664|WAS:712
04037,BOS:200|NYK:461|BKN:470|TOR:640|WAS:732
04001,BOS:138|NYK:399|BKN:408|TOR:671|WAS:671
04010,BOS:178|NYK:439|BKN:447|TOR:642|WAS:710
04095,BOS:150|NYK:411|BKN:419|TOR:672|WAS:682
04047,BOS:157|NYK:418|BKN:426|TOR:660|WAS:689
04051,BOS:198|NYK:459|BKN:467|TOR:635|WAS:730
04231,BOS:212|NYK:473|BKN:481|TOR:637|WAS:744
04286,BOS:215|NYK:476|BKN:485|TOR:606|WAS:748
04056,BOS:153|NYK:414|BKN:422|TOR:670|WAS:685
04217,BOS:220|NYK:481|BKN:490|TOR:612|WAS:753
04076,BOS:137|NYK:399|BKN:407|WAS:670|TOR:676
04041,BOS:169|NYK:430|BKN:439|TOR:671|WAS:702
04040,BOS:190|NYK:451|BKN:460|TOR:654|WAS:723
04022,BOS:196|NYK:457|BKN:466|TOR:661|WAS:728
04020,BOS:166|NYK:428|BKN:436|TOR:670|WAS:699
04048,BOS:145|NYK:406|BKN:415|TOR:674|WAS:678
04267,BOS:198|NYK:459|BKN:468|TOR:628|WAS:731
04091,BOS:171|NYK:433|BKN:441|TOR:670|WAS:704
04087,BOS:133|NYK:394|BKN:402|WAS:665|TOR:697
04061,BOS:138|NYK:399|BKN:408|WAS:671|TOR:678
04009,BOS:185|NYK:446|BKN:455|TOR:661|WAS:718
04237,BOS:229|NYK:490|BKN:498|TOR:611|WAS:761
04088,BOS:190|NYK:452|BKN:460|TOR:630|WAS:723
04057,BOS:176|NYK:437|BKN:446|TOR:641|WAS:708
04049,BOS:143|NYK:405|BKN:413|TOR:667|WAS:676
04030,BOS:133|NYK:394|BKN:402|WAS:665|TOR:688
04024,BOS:154|NYK:416|BKN:424|TOR:663|WAS:687
04255,BOS:202|NYK:463|BKN:471|TOR:627|WAS:734
04029,BOS:163|NYK:424|BKN:432|TOR:671|WAS:695
04055,BOS:171|NYK:432|BKN:441|TOR:662|WAS:704
04085,BOS:152|NYK:413|BKN:422|TOR:669|WAS:685
04042,BOS:132|NYK:393|BKN:401|WAS:664|TOR:685
04268,BOS:190|NYK:451|BKN:459|TOR:645|WAS:722
04084,BOS:149|NYK:410|BKN:419|WAS:682|TOR:683
04219,BOS:211|NYK:472|BKN:480|TOR:630|WAS:743
04093,BOS:129|NYK:390|BKN:399|WAS:662|TOR:690
04270,BOS:185|NYK:446|BKN:454|TOR:661|WAS:717
04289,BOS:197|NYK:458|BKN:467|TOR:633|WAS:730
04015,BOS:161|NYK:423|BKN:431|TOR:666|WAS:694
04271,BOS:185|NYK:446|BKN:455|TOR:628|WAS:718
04071,BOS:160|NYK:422|BKN:430|TOR:674|WAS:693
04281,BOS:185|NYK:446|BKN:455|TOR:632|WAS:718
04072,BOS:111|NYK:372|BKN:381|WAS:644|TOR:679
04038,BOS:133|NYK:394|BKN:403|WAS:665|TOR:688
04290,BOS:230|NYK:491|BKN:499|TOR:659|WAS:762
04292,BOS:197|NYK:458|BKN:466|TOR:634|WAS:729
04062,BOS:138|NYK:399|BKN:408|WAS:671|TOR:679
04256,BOS:164|NYK:426|BKN:434|TOR:656|WAS:697
04063,BOS:117|NYK:378|BKN:387|WAS:650|TOR:685
04274,BOS:160|NYK:421|BKN:430|TOR:661|WAS:693
04064,BOS:123|NYK:384|BKN:393|WAS:656|TOR:691
04238,BOS:175|NYK:436|BKN:444|TOR:651|WAS:707
04039,BOS:142|NYK:403|BKN:412|WAS:674|TOR:675
04074,BOS:119|NYK:380|BKN:388|WAS:651|TOR:686
04092,BOS:129|NYK:390|BKN:399|WAS:662|TOR:688
04220,BOS:189|NYK:450|BKN:458|TOR:647|WAS:721
04258,BOS:166|NYK:427|BKN:435|TOR:650|WAS:698
04102,BOS:126|NYK:388|BKN:396|WAS:659|TOR:694
04260,BOS:145|NYK:407|BKN:415|TOR:674|WAS:678
04221,BOS:197|NYK:458|BKN:467|TOR:651|WAS:730
04103,BOS:129|NYK:390|BKN:399|WAS:661|TOR:694
04106,BOS:124|NYK:386|BKN:394|WAS:657|TOR:692
04105,BOS:133|NYK:394|BKN:402|WAS:665|TOR:694
04021,BOS:138|NYK:399|BKN:407|WAS:670|TOR:692
04101,BOS:128|NYK:389|BKN:398|WAS:660|TOR:696
04210,BOS:155|NYK:416|BKN:425|TOR:665|WAS:687
04282,BOS:172|NYK:433|BKN:441|TOR:663|WAS:704
04097,BOS:146|NYK:407|BKN:416|WAS:679|TOR:690
04107,BOS:136|NYK:397|BKN:405|WAS:668|TOR:703
04109,BOS:143|NYK:404|BKN:412|WAS:675|TOR:710
04253,BOS:190|NYK:451|BKN:460|TOR:663|WAS:723
04108,BOS:159|NYK:420|BKN:428|WAS:691|TOR:726
04069,BOS:151|NYK:412|BKN:421|WAS:683|TOR:690
04110,BOS:138|NYK:399|BKN:408|WAS:671|TOR:700
04240,BOS:157|NYK:418|BKN:426|TOR:671|WAS:689
04096,BOS:141|NYK:402|BKN:410|WAS:673|TOR:697
04050,BOS:203|NYK:464|BKN:472|WAS:735|TOR:770
04236,BOS:165|NYK:426|BKN:435|TOR:673|WAS:698
04254,BOS:195|NYK:456|BKN:465|TOR:665|WAS:728
04263,BOS:184|NYK:445|BKN:453|TOR:674|WAS:716
04222,BOS:154|NYK:415|BKN:423|TOR:684|WAS:686
04250,BOS:162|NYK:423|BKN:431|TOR:676|WAS:694
04019,BOS:278|NYK:539|BKN:547|WAS:810|TOR:845
04032,BOS:146|NYK:407|BKN:416|WAS:679|TOR:700
04017,BOS:271|NYK:532|BKN:540|WAS:803|TOR:838
04349,BOS:202|NYK:463|BKN:472|TOR:675|WAS:735
04280,BOS:170|NYK:431|BKN:439|TOR:687|WAS:702
04252,BOS:164|NYK:426|BKN:434|TOR:679|WAS:697
04284,BOS:189|NYK:450|BKN:459|TOR:673|WAS:722
04265,BOS:181|NYK:442|BKN:450|TOR:688|WAS:713
04259,BOS:179|NYK:440|BKN:449|TOR:688|WAS:712
04079,BOS:177|NYK:438|BKN:447|WAS:709|TOR:718
04011,BOS:159|NYK:420|BKN:428|WAS:691|TOR:701
04003,BOS:186|NYK:447|BKN:456|WAS:719|TOR:727
04287,BOS:173|NYK:434|BKN:443|TOR:704|WAS:706
04066,BOS:181|NYK:442|BKN:450|WAS:713|TOR:722
04364,BOS:181|NYK:442|BKN:450|TOR:683|WAS:713
04352,BOS:207|NYK:468|BKN:476|TOR:679|WAS:739
04086,BOS:154|NYK:415|BKN:424|WAS:687|TOR:693
04355,BOS:191|NYK:452|BKN:461|TOR:685|WAS:724
04350,BOS:177|NYK:438|BKN:447|TOR:692|WAS:710
04008,BOS:179|NYK:440|BKN:448|WAS:711|TOR:714
04351,BOS:185|NYK:446|BKN:454|TOR:691|WAS:717
04917,BOS:198|NYK:459|BKN:467|TOR:684|WAS:730
04357,BOS:175|NYK:436|BKN:444|TOR:707|WAS:707
04344,BOS:191|NYK:452|BKN:460|TOR:704|WAS:723
04530,BOS:169|NYK:430|BKN:439|WAS:702|TOR:710
04562,BOS:187|NYK:448|BKN:456|WAS:719|TOR:727
04347,BOS:186|NYK:448|BKN:456|TOR:696|WAS:719
04345,BOS:179|NYK:440|BKN:449|TOR:704|WAS:712
04579,BOS:184|NYK:445|BKN:454|WAS:717|TOR:724
04359,BOS:184|NYK:445|BKN:454|TOR:706|WAS:717
04346,BOS:183|NYK:444|BKN:452|TOR:704|WAS:715
04548,BOS:182|NYK:443|BKN:451|WAS:714|TOR:722
04330,BOS:188|NYK:449|BKN:458|TOR:699|WAS:721
04342,BOS:177|NYK:438|BKN:446|WAS:709|TOR:712
04578,BOS:183|NYK:444|BKN:453|WAS:716|TOR:724
04571,BOS:216|NYK:477|BKN:486|WAS:749|TOR:756
04576,BOS:216|NYK:478|BKN:486|WAS:749|TOR:756
04575,BOS:211|NYK:473|BKN:481|WAS:744|TOR:751
04989,BOS:202|NYK:463|BKN:472|TOR:705|WAS:735
04570,BOS:216|NYK:477|BKN:485|WAS:748|TOR:755
04538,BOS:211|NYK:472|BKN:481|WAS:744|TOR:751
04535,BOS:205|NYK:466|BKN:475|TOR:729|WAS:738
04537,BOS:201|NYK:462|BKN:470|WAS:733|TOR:740
04353,BOS:200|NYK:461|BKN:469|TOR:721|WAS:732
04556,BOS:198|NYK:459|BKN:468|WAS:731|TOR:737
04544,BOS:221|NYK:482|BKN:491|WAS:754|TOR:760
04363,BOS:199|NYK:460|BKN:468|TOR:714|WAS:731
04553,BOS:205|NYK:466|BKN:475|WAS:737|TOR:743
04568,BOS:224|NYK:486|BKN:494|WAS:757|TOR:764
04341,BOS:197|NYK:458|BKN:467|TOR:716|WAS:730
04573,BOS:212|NYK:473|BKN:481|WAS:744|TOR:751
04358,BOS:204|NYK:466|BKN:474|TOR:711|WAS:737
04558,BOS:225|NYK:487|BKN:495|WAS:758|TOR:765
04926,BOS:212|NYK:473|BKN:481|TOR:700|WAS:744
04554,BOS:228|NYK:489|BKN:498|WAS:761|TOR:767
04539,BOS:215|NYK:476|BKN:484|WAS:747|TOR:754
04348,BOS:205|NYK:466|BKN:475|TOR:724|WAS:737
04543,BOS:213|NYK:474|BKN:482|WAS:745|TOR:752
04541,BOS:224|NYK:485|BKN:493|WAS:756|TOR:763
04555,BOS:216|NYK:477|BKN:486|WAS:749|TOR:754
04564,BOS:222|NYK:483|BKN:492|WAS:754|TOR:761
04551,BOS:222|NYK:483|BKN:491|WAS:754|TOR:761
04354,BOS:220|NYK:481|BKN:490|TOR:726|WAS:753
04574,BOS:212|NYK:473|BKN:482|TOR:731|WAS:745
04572,BOS:223|NYK:484|BKN:492|TOR:747|WAS:755
04949,BOS:230|NYK:491|BKN:500|TOR:735|WAS:763
04547,BOS:236|NYK:497|BKN:506|TOR:763|WAS:769
04852,
04855,BOS:261|NYK:522|BKN:531|TOR:788|WAS:793
04941,BOS:242|NYK:503|BKN:512|TOR:732|WAS:775
04862,BOS:222|NYK:483|BKN:492|TOR:741|WAS:755
04563,BOS:239|NYK:500|BKN:509|TOR:766|WAS:772
04864,BOS:227|NYK:488|BKN:496|TOR:751|WAS:759
04860,BOS:258|NYK:519|BKN:527|TOR:784|WAS:790
04847,BOS:230|NYK:491|BKN:500|TOR:749|WAS:763
04973,BOS:236|NYK:497|BKN:505|TOR:741|WAS:768
04861,BOS:243|NYK:504|BKN:513|TOR:770|WAS:776
04859,BOS:248|NYK:510|BKN:518|TOR:775|WAS:781
04952,BOS:233|NYK:494|BKN:503|TOR:738|WAS:765
04858,BOS:245|NYK:506|BKN:514|TOR:771|WAS:777
04841,BOS:244|NYK:505|BKN:514|TOR:763|WAS:777
04856,BOS:231|NYK:492|BKN:501|TOR:749|WAS:763
04854,BOS:248|NYK:509|BKN:518|TOR:772|WAS:781
04843,BOS:247|NYK:508|BKN:516|TOR:765|WAS:779
04915,BOS:245|NYK:506|BKN:515|TOR:746|WAS:778
04849,BOS:265|NYK:526|BKN:535|TOR:770|WAS:798
04974,BOS:254|NYK:515|BKN:523|TOR:757|WAS:786
04848,BOS:285|NYK:546|BKN:554|TOR:797|WAS:817
04851,BOS:451|NYK:712|BKN:720|TOR:973|WAS:983
04853,BOS:361|NYK:622|BKN:630|TOR:882|WAS:893
04863,BOS:352|NYK:614|BKN:622|TOR:874|WAS:885
04683,
04421,BOS:298|NYK:559|BKN:567|TOR:785|WAS:830
04642,BOS:339|NYK:600|BKN:609|TOR:826|WAS:872
04627,
04617,BOS:325|NYK:586|BKN:594|TOR:812|WAS:857
04650,BOS:323|NYK:584|BKN:593|TOR:810|WAS:856
04476,BOS:299|NYK:560|BKN:568|TOR:786|WAS:831
04673,BOS:311|NYK:572|BKN:581|TOR:798|WAS:844
04681,BOS:334|NYK:595|BKN:604|TOR:821|WAS:867
04676,BOS:313|NYK:574|BKN:583|TOR:800|WAS:845
04645,
04616,BOS:317|NYK:578|BKN:587|TOR:804|WAS:850
04614,BOS:303|NYK:565|BKN:573|TOR:791|WAS:836
04684,BOS:303|NYK:565|BKN:573|TOR:785|WAS:836
04674,
04685,BOS:406|NYK:667|BKN:676|TOR:880|WAS:939
04612,BOS:339|NYK:600|BKN:608|TOR:813|WAS:871
04635,BOS:433|NYK:694|BKN:702|TOR:907|WAS:965
04660,BOS:331|NYK:592|BKN:600|TOR:805|WAS:863
04653,
04679,BOS:332|NYK:593|BKN:602|TOR:806|WAS:865
04662,BOS:331|NYK:592|BKN:600|TOR:805|WAS:863
04609,BOS:328|NYK:589|BKN:597|TOR:802|WAS:860
04675,BOS:336|NYK:597|BKN:606|TOR:810|WAS:869
04646,
04625,
04677,BOS:321|NYK:582|BKN:591|TOR:795|WAS:854
04693,BOS:341|NYK:602|BKN:611|TOR:815|WAS:874
04607,BOS:324|NYK:585|BKN:593|TOR:798|WAS:856
04613,BOS:346|NYK:607|BKN:615|TOR:820|WAS:878
04669,BOS:336|NYK:598|BKN:606|TOR:810|WAS:869
04624,BOS:351|NYK:612|BKN:621|TOR:825|WAS:884
04680,BOS:355|NYK:616|BKN:625|TOR:829|WAS:888
04611,
12965,TOR:318|BOS:393|NYK:415|BKN:427|CLE:543
12967,TOR:309|BOS:378|NYK:417|BKN:428|CLE:537
12914,TOR:306|BOS:378|NYK:421|BKN:433|DET:553
12957,TOR:321|BOS:377|NYK:421|BKN:432|CLE:549
12930,TOR:328|BOS:387|NYK:406|BKN:417|CLE:553
12916,TOR:319|BOS:370|NYK:413|BKN:425|CLE:546
12980,
12937,TOR:321|BOS:376|NYK:419|BKN:431|DET:567
12966,TOR:329|BOS:368|NYK:410|BKN:422|CLE:556
12926,TOR:330|BOS:356|NYK:400|BKN:411|CLE:570
12953,TOR:341|BOS:367|NYK:390|BKN:401|CLE:568
12976,TOR:366|NYK:376|BKN:388|BOS:388|CLE:590
12917,TOR:338|BOS:343|NYK:386|BKN:398|CLE:567
12969,TOR:377|BOS:400|NYK:430|BKN:442|CLE:605
12989,BOS:353|NYK:373|BKN:384|TOR:385|CLE:612
12920,BOS:342|TOR:354|NYK:386|BKN:397|CLE:583
12915,BOS:336|TOR:353|NYK:379|BKN:391|CLE:581
12923,BOS:329|TOR:353|NYK:373|BKN:384|CLE:582
12955,BOS:354|TOR:383|NYK:392|BKN:403|CLE:611
12952,BOS:343|NYK:380|TOR:380|BKN:392|CLE:608
12934,BOS:351|TOR:391|NYK:394|BKN:406|CLE:620
12981,BOS:364|NYK:402|BKN:413|TOR:427|CLE:656
12933,BOS:320|TOR:359|NYK:363|BKN:375|CLE:588
12935,BOS:329|NYK:367|TOR:371|BKN:379|CLE:600
12978,BOS:322|NYK:359|BKN:371|TOR:403|WAS:618
12985,BOS:342|NYK:359|BKN:371|TOR:424|WAS:617
12959,BOS:327|NYK:380|TOR:381|BKN:392|CLE:610
12929,BOS:314|NYK:352|BKN:363|TOR:392|WAS:610
12918,BOS:312|NYK:350|BKN:361|TOR:400|WAS:608
12910,BOS:329|NYK:367|BKN:379|TOR:391|CLE:620
12962,BOS:303|NYK:340|BKN:352|TOR:391|WAS:599
12958,BOS:304|NYK:361|BKN:373|TOR:377|CLE:606
12972,BOS:318|NYK:337|BKN:348|TOR:415|WAS:595
12992,BOS:305|NYK:346|BKN:357|TOR:385|WAS:604
12901,BOS:293|NYK:333|BKN:345|TOR:393|WAS:592
12911,BOS:314|NYK:326|BKN:338|TOR:414|WAS:585
12903,BOS:300|NYK:336|BKN:347|TOR:399|WAS:594
12919,BOS:307|NYK:352|BKN:363|TOR:393|WAS:610
12921,BOS:307|NYK:353|BKN:364|TOR:393|WAS:611
12975,BOS:321|NYK:337|BKN:348|TOR:419|WAS:595
12979,BOS:293|NYK:361|BKN:373|TOR:389|WAS:620
05463,BOS:302|NYK:390|BKN:401|TOR:415|WAS:648
05486,BOS:259|NYK:372|BKN:383|TOR:430|WAS:630
05458,BOS:267|NYK:369|BKN:381|TOR:423|WAS:628
05440,BOS:287|NYK:373|BKN:385|TOR:399|WAS:631
05408,BOS:250|NYK:386|BKN:398|TOR:460|WAS:645
05474,
05446,BOS:246|NYK:386|BKN:397|TOR:447|WAS:644
05468,BOS:254|NYK:387|BKN:399|TOR:437|WAS:646
05488,BOS:271|NYK:381|BKN:393|TOR:407|WAS:639
05481,BOS:266|NYK:396|BKN:408|TOR:422|CLE:655
05478,BOS:266|NYK:398|BKN:409|TOR:424|WAS:656
05452,BOS:239|NYK:397|BKN:409|TOR:459|WAS:655
05454,BOS:263|NYK:411|BKN:423|TOR:443|WAS:669
05459,BOS:277|NYK:390|BKN:402|TOR:416|CLE:649
05494,BOS:247|NYK:403|BKN:414|TOR:443|WAS:661
05483,BOS:281|NYK:402|BKN:413|TOR:427|WAS:660
05485,BOS:275|NYK:396|BKN:408|TOR:422|WAS:654
05455,BOS:270|NYK:403|BKN:415|TOR:429|WAS:661
05457,BOS:298|NYK:414|BKN:425|TOR:440|WAS:672
05489,BOS:266|NYK:427|BKN:439|TOR:470|WAS:685
05444,BOS:258|NYK:419|BKN:431|TOR:456|WAS:678
05448,BOS:286|NYK:428|BKN:439|TOR:453|WAS:686
05464,BOS:256|NYK:421|BKN:432|TOR:455|WAS:679
05450,BOS:281|NYK:410|BKN:421|TOR:436|WAS:668
05441,BOS:277|NYK:426|BKN:438|TOR:452|CLE:685
05492,BOS:270|NYK:434|BKN:445|TOR:469|WAS:692
05447,BOS:289|NYK:419|BKN:430|TOR:444|WAS:677
05442,BOS:280|NYK:448|BKN:460|TOR:481|WAS:707
05656,BOS:255|NYK:438|BKN:449|TOR:473|WAS:696
05476,BOS:288|NYK:432|BKN:444|TOR:453|WAS:690
05661,BOS:238|NYK:425|BKN:436|TOR:489|WAS:683
05652,BOS:269|NYK:456|BKN:467|TOR:495|WAS:714
05471,BOS:286|NYK:444|BKN:456|TOR:470|WAS:702
05655,BOS:249|NYK:436|BKN:447|TOR:489|WAS:694
05874,BOS:270|NYK:466|BKN:475|TOR:490|WAS:734
05680,BOS:239|NYK:429|BKN:440|TOR:492|WAS:688
05653,BOS:269|NYK:465|BKN:475|TOR:502|WAS:724
05847,BOS:247|NYK:443|BKN:453|TOR:483|WAS:716
05859,BOS:259|NYK:447|BKN:459|TOR:465|CLE:706
05826,BOS:244|NYK:440|BKN:450|TOR:503|WAS:702
05820,BOS:244|NYK:440|BKN:450|TOR:492|WAS:713
05827,BOS:256|NYK:452|BKN:461|TOR:510|WAS:714
05868,BOS:266|NYK:462|BKN:472|TOR:480|DET:726
05843,BOS:222|NYK:418|BKN:427|TOR:504|WAS:685
05845,BOS:240|NYK:437|BKN:446|TOR:488|WAS:709
05857,BOS:247|NYK:443|BKN:452|TOR:471|WAS:715
05841,BOS:241|NYK:437|BKN:447|TOR:513|WAS:705
05875,BOS:240|NYK:436|BKN:446|TOR:498|WAS:709
05825,BOS:235|NYK:431|BKN:440|TOR:482|WAS:703
05842,BOS:232|NYK:429|BKN:438|TOR:497|WAS:698
05836,BOS:235|NYK:431|BKN:440|TOR:513|WAS:700
05839,BOS:233|NYK:429|BKN:439|TOR:492|WAS:701
05855,BOS:237|NYK:433|BKN:442|TOR:467|WAS:705
05822,BOS:224|NYK:420|BKN:430|TOR:482|WAS:692
05866,BOS:226|NYK:423|BKN:432|TOR:503|WAS:695
05860,BOS:240|NYK:436|BKN:446|TOR:487|WAS:709
05829,BOS:252|NYK:448|BKN:457|TOR:466|DET:712
05851,BOS:210|NYK:406|BKN:416|TOR:501|WAS:679
05867,BOS:224|NYK:420|BKN:430|TOR:499|WAS:692
05850,BOS:204|NYK:400|BKN:410|TOR:496|WAS:673
05872,BOS:255|NYK:451|BKN:461|TOR:481|WAS:723
05830,BOS:255|NYK:451|BKN:461|TOR:470|DET:716
05833,BOS:248|NYK:444|BKN:454|TOR:483|WAS:716
05871,BOS:224|NYK:420|BKN:430|TOR:508|WAS:693
05853,BOS:265|NYK:461|BKN:471|TOR:488|WAS:733
05832,BOS:218|NYK:415|BKN:424|TOR:511|WAS:687
05846,BOS:262|NYK:458|BKN:467|TOR:508|WAS:730
05907,BOS:264|NYK:460|BKN:469|TOR:487|WAS:732
05837,BOS:352|NYK:575|BKN:585|TOR:625|WAS:848
05858,BOS:223|NYK:427|BKN:437|TOR:542|WAS:699
05840,BOS:252|NYK:457|BKN:466|TOR:572|WAS:729
05905,BOS:256|NYK:479|BKN:489|TOR:547|WAS:751
05901,BOS:315|NYK:511|BKN:521|TOR:525|DET:771
05903,BOS:291|NYK:514|BKN:524|TOR:530|DET:776
03590,BOS:268|NYK:492|BKN:502|TOR:569|WAS:765
05902,BOS:282|NYK:499|TOR:505|BKN:508|DET:751
03582,
03597,BOS:297|NYK:521|BKN:531|TOR:613|WAS:794
03576,BOS:277|NYK:501|BKN:511|TOR:527|DET:773
03592,BOS:295|NYK:519|TOR:526|BKN:529|DET:772
03588,BOS:247|NYK:473|BKN:483|TOR:565|WAS:746
03570,BOS:244|NYK:495|BKN:505|TOR:591|WAS:767
03579,BOS:287|NYK:525|BKN:534|TOR:572|WAS:797
04261,
04216,
04964,BOS:293|NYK:548|BKN:558|TOR:596|WAS:820
04226,BOS:240|NYK:501|BKN:510|TOR:627|WAS:773
04936,BOS:315|TOR:554|NYK:576|BKN:585|DET:800
04275,BOS:252|NYK:513|BKN:521|TOR:644|WAS:784
04276,BOS:230|NYK:491|BKN:500|TOR:617|WAS:763
04970,BOS:281|NYK:542|BKN:550|TOR:606|WAS:813
04966,BOS:269|NYK:530|BKN:539|TOR:670|WAS:802
04257,BOS:216|NYK:477|BKN:486|TOR:639|WAS:749
04285,BOS:237|NYK:498|BKN:507|TOR:660|WAS:770
04224,BOS:220|NYK:481|BKN:490|TOR:643|WAS:753
04982,BOS:280|NYK:541|BKN:549|TOR:591|WAS:812
04227,BOS:199|NYK:460|BKN:469|TOR:644|WAS:731
04983,BOS:269|NYK:531|BKN:539|TOR:646|WAS:802
04294,BOS:215|NYK:476|BKN:485|TOR:668|WAS:748
04947,BOS:317|NYK:579|BKN:587|TOR:684|WAS:850
04984,BOS:226|NYK:487|BKN:496|TOR:661|WAS:759
04239,BOS:197|NYK:458|BKN:466|TOR:663|WAS:729
04234,BOS:202|NYK:463|BKN:472|TOR:656|WAS:735
04961,BOS:288|NYK:549|BKN:558|TOR:668|WAS:821
04992,BOS:210|NYK:471|BKN:480|TOR:649|WAS:743
04938,BOS:238|NYK:500|BKN:508|TOR:676|WAS:771
04956,BOS:234|NYK:495|BKN:503|TOR:635|WAS:766
04940,BOS:211|NYK:472|BKN:480|TOR:654|WAS:743
04360,BOS:217|NYK:478|BKN:486|TOR:676|WAS:749
04955,BOS:219|NYK:480|BKN:489|TOR:661|WAS:751
04911,BOS:237|NYK:498|BKN:507|TOR:655|WAS:769
04958,BOS:248|NYK:510|BKN:518|TOR:643|WAS:781
04925,BOS:305|NYK:566|BKN:574|TOR:714|WAS:837
04985,BOS:314|NYK:575|BKN:584|TOR:691|WAS:847
04963,BOS:217|NYK:478|BKN:486|TOR:679|WAS:749
04918,BOS:210|NYK:472|BKN:480|TOR:679|WAS:743
04957,BOS:238|NYK:499|BKN:507|TOR:680|WAS:770
04979,BOS:246|NYK:508|BKN:516|TOR:664|WAS:779
04920,BOS:262|NYK:523|BKN:532|TOR:675|WAS:795
04978,BOS:215|NYK:476|BKN:484|TOR:671|WAS:747
04950,BOS:236|NYK:497|BKN:506|TOR:661|WAS:769
04442,BOS:324|NYK:585|BKN:594|TOR:702|WAS:856
04976,BOS:233|NYK:494|BKN:503|TOR:678|WAS:765
04912,BOS:249|NYK:510|BKN:519|TOR:678|WAS:782
04937,BOS:220|NYK:481|BKN:489|TOR:687|WAS:752
04944,BOS:212|NYK:473|BKN:481|TOR:677|WAS:744
04485,BOS:309|NYK:570|BKN:579|TOR:723|WAS:842
04406,BOS:304|NYK:566|BKN:574|TOR:721|WAS:837
04942,BOS:265|NYK:526|BKN:535|TOR:694|WAS:798
04975,BOS:204|NYK:465|BKN:473|TOR:682|WAS:736
04901,BOS:208|NYK:469|BKN:478|TOR:694|WAS:741
04924,BOS:227|NYK:488|BKN:497|TOR:682|WAS:760
04927,BOS:215|NYK:476|BKN:484|TOR:694|WAS:747
04943,BOS:244|NYK:505|BKN:513|TOR:690|WAS:776
04464,BOS:290|NYK:551|BKN:560|TOR:719|WAS:823
04923,BOS:255|NYK:516|BKN:525|TOR:701|WAS:788
04910,BOS:229|NYK:490|BKN:498|TOR:710|WAS:761
04967,BOS:227|NYK:488|BKN:497|TOR:704|WAS:759
04443,BOS:288|NYK:549|BKN:558|TOR:731|WAS:820
04971,BOS:245|NYK:506|BKN:515|TOR:704|WAS:777
04922,BOS:226|NYK:487|BKN:495|TOR:706|WAS:758
04965,BOS:230|NYK:491|BKN:500|TOR:692|WAS:762
04988,BOS:228|NYK:489|BKN:497|TOR:709|WAS:760
04930,BOS:259|NYK:521|BKN:529|TOR:721|WAS:792
04929,BOS:233|NYK:494|BKN:503|TOR:707|WAS:766
04479,BOS:276|NYK:538|BKN:546|TOR:732|WAS:809
04928,BOS:239|NYK:501|BKN:509|TOR:712|WAS:772
04987,BOS:239|NYK:500|BKN:508|TOR:719|WAS:771
04969,BOS:235|NYK:496|BKN:504|TOR:709|WAS:767
04953,BOS:246|NYK:507|BKN:515|TOR:718|WAS:778
04986,BOS:241|NYK:502|BKN:510|TOR:721|WAS:773
04939,BOS:268|NYK:529|BKN:538|TOR:732|WAS:801
04426,BOS:280|NYK:541|BKN:550|TOR:733|WAS:812
04932,BOS:247|NYK:508|BKN:517|TOR:724|WAS:780
04921,BOS:251|NYK:512|BKN:521|TOR:732|WAS:784
04434,BOS:242|NYK:503|BKN:511|TOR:716|WAS:774
04435,BOS:250|NYK:511|BKN:519|TOR:722|WAS:782
04488,BOS:247|NYK:508|BKN:517|TOR:721|WAS:780
04481,BOS:282|NYK:543|BKN:552|TOR:734|WAS:815
04414,BOS:317|NYK:578|BKN:586|TOR:769|WAS:849
04951,BOS:257|NYK:519|BKN:527|TOR:740|WAS:790
04415,BOS:304|NYK:565|BKN:573|TOR:756|WAS:836
04422,BOS:270|NYK:531|BKN:540|TOR:743|WAS:803
04427,BOS:262|NYK:523|BKN:532|TOR:734|WAS:795
04419,BOS:243|NYK:504|BKN:512|TOR:717|WAS:775
04456,BOS:270|NYK:531|BKN:539|TOR:743|WAS:802
04444,BOS:252|NYK:513|BKN:522|TOR:726|WAS:785
04438,BOS:266|NYK:528|BKN:536|TOR:746|WAS:799
04450,BOS:263|NYK:525|BKN:533|TOR:737|WAS:796
04496,BOS:258|NYK:519|BKN:528|TOR:732|WAS:791
04410,BOS:282|NYK:543|BKN:551|TOR:754|WAS:814
04463,BOS:318|NYK:579|BKN:588|TOR:770|WAS:851
04449,BOS:278|NYK:540|BKN:548|TOR:751|WAS:811
04401,BOS:260|NYK:521|BKN:530|TOR:734|WAS:793
04981,BOS:265|NYK:526|BKN:535|TOR:763|WAS:798
04453,BOS:298|NYK:559|BKN:568|TOR:767|WAS:831
04474,BOS:268|NYK:529|BKN:537|TOR:742|WAS:800
04416,BOS:285|NYK:546|BKN:555|TOR:764|WAS:818
04448,BOS:312|NYK:573|BKN:582|TOR:786|WAS:845
04473,BOS:265|NYK:526|BKN:535|TOR:739|WAS:798
04412,BOS:257|NYK:518|BKN:527|TOR:731|WAS:790
04468,BOS:271|NYK:533|BKN:541|TOR:746|WAS:804
04489,BOS:263|NYK:524|BKN:533|TOR:737|WAS:795
04472,BOS:281|NYK:543|BKN:551|TOR:768|WAS:814
04431,BOS:277|NYK:538|BKN:546|TOR:764|WAS:809
04469,BOS:268|NYK:529|BKN:537|TOR:742|WAS:800
04429,BOS:267|NYK:528|BKN:536|TOR:741|WAS:799
04475,BOS:296|NYK:557|BKN:565|TOR:770|WAS:828
04461,BOS:299|NYK:560|BKN:568|TOR:773|WAS:831
04428,BOS:275|NYK:536|BKN:545|TOR:749|WAS:808
04411,BOS:312|NYK:573|BKN:581|TOR:786|WAS:844
04493,BOS:332|NYK:593|BKN:601|TOR:806|WAS:864
04457,BOS:320|NYK:581|BKN:590|TOR:794|WAS:852
04418,BOS:349|NYK:610|BKN:619|TOR:823|WAS:882
04605,BOS:302|NYK:563|BKN:572|TOR:776|WAS:835
04417,BOS:319|NYK:580|BKN:589|TOR:793|WAS:852
04495,BOS:338|NYK:599|BKN:608|TOR:812|WAS:871
04640,BOS:313|NYK:574|BKN:582|TOR:787|WAS:845
04455,BOS:345|NYK:606|BKN:615|TOR:819|WAS:878
04634,BOS:324|NYK:585|BKN:594|TOR:798|WAS:856
04408,BOS:367|NYK:628|BKN:637|TOR:841|WAS:900
04664,BOS:335|NYK:596|BKN:605|TOR:809|WAS:868
04487,BOS:339|NYK:600|BKN:608|TOR:813|WAS:871
04622,BOS:343|NYK:604|BKN:612|TOR:817|WAS:875
04658,BOS:357|NYK:618|BKN:627|TOR:831|WAS:890
04490,BOS:356|NYK:617|BKN:625|TOR:830|WAS:888
04643,BOS:377|NYK:638|BKN:646|TOR:851|WAS:909
04623,BOS:366|NYK:627|BKN:635|TOR:840|WAS:898
04606,BOS:370|NYK:631|BKN:640|TOR:844|WAS:903
04668,BOS:398|NYK:659|BKN:668|TOR:872|WAS:931
04686,BOS:372|NYK:633|BKN:641|TOR:846|WAS:904
04492,BOS:376|NYK:638|BKN:646|TOR:851|WAS:909
04648,BOS:370|NYK:631|BKN:640|TOR:844|WAS:903
04649,
04654,BOS:383|NYK:644|BKN:652|TOR:857|WAS:915
04694,BOS:360|NYK:621|BKN:630|TOR:834|WAS:893
04630,BOS:402|NYK:663|BKN:671|TOR:876|WAS:934
04657,BOS:382|NYK:643|BKN:652|TOR:856|WAS:915
04655,BOS:389|NYK:650|BKN:659|TOR:863|WAS:922
04628,BOS:419|NYK:681|BKN:689|TOR:894|WAS:952
04691,BOS:394|NYK:656|BKN:664|TOR:869|WAS:927
04626,BOS:406|NYK:667|BKN:676|TOR:880|WAS:939
04666,BOS:394|NYK:655|BKN:664|TOR:868|WAS:927
04619,BOS:391|NYK:652|BKN:661|TOR:865|WAS:924
04671,BOS:401|NYK:662|BKN:671|TOR:875|WAS:934
04667,BOS:412|NYK:673|BKN:681|TOR:886|WAS:944
04652,BOS:415|NYK:676|BKN:684|TOR:889|WAS:947
04631,BOS:414|NYK:676|BKN:684|TOR:889|WAS:947
04945,
04478,BOS:377|NYK:638|BKN:646|TOR:702|WAS:909
04441,BOS:371|NYK:632|BKN:640|TOR:766|WAS:903
04462,
04765,BOS:419|NYK:680|BKN:689|TOR:893|WAS:952
04430,BOS:319|NYK:580|BKN:589|TOR:793|WAS:852
04460,BOS:309|NYK:570|BKN:579|TOR:783|WAS:842
04777,BOS:350|NYK:611|BKN:620|TOR:824|WAS:883
04733,BOS:369|NYK:630|BKN:639|TOR:843|WAS:902
04764,BOS:388|NYK:649|BKN:657|TOR:861|WAS:920
04459,BOS:362|NYK:623|BKN:631|TOR:836|WAS:894
04776,BOS:373|NYK:634|BKN:643|TOR:847|WAS:906
04780,BOS:361|NYK:622|BKN:630|TOR:835|WAS:893
04451,BOS:342|NYK:604|BKN:612|TOR:817|WAS:875
04747,BOS:362|NYK:623|BKN:632|TOR:836|WAS:895
04763,BOS:377|NYK:638|BKN:647|TOR:851|WAS:910
04497,BOS:382|NYK:643|BKN:652|TOR:856|WAS:914
04735,BOS:452|NYK:713|BKN:721|TOR:879|WAS:984
04761,BOS:363|NYK:624|BKN:633|TOR:837|WAS:896
04734,BOS:404|NYK:665|BKN:674|TOR:826|WAS:937
04760,BOS:402|NYK:663|BKN:671|TOR:846|WAS:934
04424,BOS:371|NYK:632|BKN:641|TOR:845|WAS:904
04730,BOS:367|NYK:628|BKN:637|TOR:841|WAS:900
04471,BOS:388|NYK:649|BKN:658|TOR:861|WAS:921
04413,BOS:391|NYK:652|BKN:660|TOR:865|WAS:923
04454,BOS:389|NYK:650|BKN:659|TOR:863|WAS:922
04491,BOS:394|NYK:655|BKN:663|TOR:868|WAS:926
04737,BOS:556|TOR:740|NYK:780|BKN:792|DET:986
04768,BOS:542|TOR:777|NYK:803|BKN:812|DET:1023
04774,BOS:568|TOR:794|NYK:829|BKN:838|DET:1041
04743,BOS:493|NYK:754|BKN:763|TOR:788|WAS:1025
04781,BOS:471|NYK:732|BKN:741|TOR:763|WAS:1004
04739,BOS:450|NYK:711|BKN:719|TOR:777|WAS:982
04732,BOS:445|NYK:706|BKN:715|TOR:855|WAS:978
04745,BOS:493|TOR:737|NYK:754|BKN:762|DET:983
04772,BOS:499|TOR:742|NYK:760|BKN:768|DET:989
04779,BOS:484|NYK:746|BKN:754|TOR:765|DET:1012
04756,BOS:496|TOR:740|NYK:757|BKN:766|DET:986
04773,BOS:516|TOR:766|NYK:777|BKN:786|DET:1013
04766,BOS:463|NYK:724|BKN:732|TOR:797|WAS:995
04757,BOS:453|NYK:714|BKN:723|TOR:864|WAS:986
04786,BOS:493|NYK:754|BKN:762|TOR:842|WAS:1025
04783,BOS:468|NYK:729|BKN:737|TOR:775|WAS:1000
04746,BOS:497|NYK:758|TOR:764|BKN:767|DET:1010
04762,BOS:475|NYK:736|BKN:745|TOR:788|WAS:1007
04785,BOS:489|NYK:750|BKN:759|TOR:782|WAS:1022
04736,BOS:449|NYK:710|BKN:718|TOR:770|WAS:981
04769,BOS:429|NYK:690|BKN:699|TOR:798|WAS:962
04787,BOS:420|NYK:682|BKN:690|TOR:831|WAS:953
04742,BOS:427|NYK:688|BKN:697|TOR:787|WAS:959
04750,BOS:444|NYK:706|BKN:714|TOR:774|WAS:977
04758,BOS:416|NYK:677|BKN:686|TOR:821|WAS:948
04740,BOS:418|NYK:679|BKN:688|TOR:804|WAS:951
08558,NYK:89|BKN:93|WAS:241|BOS:355|CLE:485
08844,NYK:78|BKN:82|WAS:257|BOS:344|CLE:480
08540,NYK:90|BKN:91|WAS:235|BOS:362|CLE:482
08502,NYK:88|BKN:90|WAS:251|BOS:354|CLE:490
08553,NYK:88|BKN:90|WAS:241|BOS:356|CLE:488
08528,NYK:86|BKN:87|WAS:239|BOS:361|CLE:486
08536,NYK:80|BKN:82|WAS:236|BOS:356|CLE:484
08823,NYK:80|BKN:82|WAS:245|BOS:352|CLE:488
08824,NYK:78|BKN:80|WAS:241|BOS:354|CLE:489
08852,NYK:78|BKN:80|WAS:236|BOS:353|CLE:485
08873,NYK:71|BKN:73|WAS:251|BOS:342|CLE:478
08512,NYK:76|BKN:78|WAS:231|BOS:352|CLE:485
08902,NYK:72|BKN:73|WAS:241|BOS:347|CLE:491
08810,NYK:74|BKN:76|WAS:232|BOS:350|CLE:486
08555,NYK:81|BKN:83|WAS:227|BOS:356|CLE:481
08901,NYK:63|BKN:64|WAS:239|BOS:338|CLE:481
08850,NYK:65|BKN:67|WAS:242|BOS:341|CLE:490
08831,NYK:74|BKN:76|WAS:232|BOS:350|CLE:486
08535,NYK:83|BKN:85|WAS:230|BOS:359|CLE:484
08510,NYK:93|BKN:95|WAS:228|BOS:369|CLE:482
08828,NYK:73|BKN:74|WAS:234|BOS:348|CLE:488
08816,NYK:66|BKN:67|WAS:242|BOS:341|CLE:494
08884,NYK:70|BKN:72|WAS:238|BOS:345|CLE:492
08882,NYK:63|BKN:64|WAS:240|BOS:338|CLE:491
08527,NYK:102|BKN:104|WAS:233|BOS:377|CLE:487
08872,NYK:67|BKN:69|WAS:245|BOS:342|CLE:496
07726,NYK:82|BKN:84|WAS:237|BOS:358|CLE:491
08857,NYK:71|BKN:73|WAS:248|BOS:347|CLE:499
08859,NYK:60|BKN:62|WAS:249|BOS:335|CLE:496
07728,NYK:91|BKN:92|WAS:237|BOS:366|CLE:491
08879,NYK:59|BKN:61|WAS:252|BOS:335|CLE:495
07751,NYK:78|BKN:80|WAS:253|BOS:353|CLE:506
07747,NYK:66|BKN:68|WAS:252|BOS:342|CLE:503
07746,NYK:77|BKN:79|WAS:250|BOS:352|CLE:504
07721,NYK:65|BKN:67|WAS:258|BOS:340|CLE:501
07735,NYK:65|BKN:66|WAS:258|BOS:340|CLE:500
08755,NYK:104|BKN:106|WAS:250|BOS:379|CLE:504
07731,NYK:99|BKN:101|WAS:239|BOS:374|CLE:493
08701,NYK:98|BKN:101|WAS:247|BOS:374|CLE:501
07733,NYK:70|BKN:72|WAS:257|BOS:346|CLE:507
07730,NYK:69|BKN:71|WAS:263|BOS:345|CLE:506
08741,NYK:110|BKN:112|WAS:262|BOS:385|CLE:518
07722,NYK:81|BKN:83|WAS:251|BOS:356|CLE:505
07727,NYK:88|BKN:90|WAS:241|BOS:363|CLE:495
08753,NYK:110|BKN:112|WAS:263|BOS:386|CLE:517
08732,NYK:110|BKN:112|WAS:265|BOS:386|CLE:519
07734,NYK:74|BKN:76|WAS:267|BOS:349|CLE:510
07738,NYK:80|BKN:82|WAS:260|BOS:355|CLE:514
08740,NYK:114|BKN:116|WAS:267|BOS:390|CLE:523
08720,NYK:98|BKN:100|WAS:247|BOS:373|CLE:501
07748,NYK:75|BKN:77|WAS:265|BOS:350|CLE:511
08724,NYK:95|BKN:97|WAS:250|BOS:370|CLE:504
08723,NYK:102|BKN:104|WAS:259|BOS:377|CLE:513
07758,NYK:77|BKN:79|WAS:270|BOS:352|CLE:513
07718,NYK:78|BKN:80|WAS:270|BOS:353|CLE:514
08751,NYK:114|BKN:116|WAS:269|BOS:390|CLE:523
07701,NYK:78|BKN:80|WAS:260|BOS:353|CLE:514
08735,NYK:113|BKN:115|WAS:268|BOS:388|CLE:522
07753,NYK:84|BKN:86|WAS:247|BOS:359|CLE:501
07724,NYK:84|BKN:86|WAS:259|BOS:359|CLE:513
07719,NYK:90|BKN:92|WAS:245|BOS:366|CLE:499
07737,NYK:81|BKN:83|WAS:269|BOS:357|CLE:517
08730,NYK:96|BKN:98|WAS:251|BOS:371|CLE:505
08738,NYK:108|BKN:110|WAS:264|BOS:384|CLE:517
08742,NYK:99|BKN:101|WAS:254|BOS:375|CLE:508
07702,NYK:80|BKN:82|WAS:260|BOS:356|CLE:514
07712,NYK:82|BKN:84|WAS:248|BOS:357|CLE:502
08736,NYK:94|BKN:96|WAS:249|BOS:369|CLE:503
07703,NYK:85|BKN:88|WAS:260|BOS:361|CLE:514
08750,NYK:94|BKN:96|WAS:249|BOS:370|CLE:503
07704,NYK:81|BKN:83|WAS:264|BOS:357|CLE:518
07716,NYK:83|BKN:85|WAS:269|BOS:358|CLE:519
07739,NYK:83|BKN:85|WAS:264|BOS:358|CLE:518
07762,NYK:93|BKN:95|WAS:248|BOS:369|CLE:502
07755,NYK:85|BKN:87|WAS:254|BOS:361|CLE:508
07764,NYK:84|BKN:86|WAS:258|BOS:359|CLE:512
07757,NYK:85|BKN:87|WAS:259|BOS:360|CLE:513
07717,NYK:91|BKN:93|WAS:248|BOS:367|CLE:502
07720,NYK:91|BKN:93|WAS:249|BOS:366|CLE:503
07756,NYK:91|BKN:94|WAS:252|BOS:367|CLE:506
07711,NYK:90|BKN:92|WAS:254|BOS:365|CLE:508
07760,NYK:86|BKN:89|WAS:269|BOS:362|CLE:523
07723,NYK:89|BKN:91|WAS:256|BOS:365|CLE:510
07732,NYK:93|BKN:95|WAS:278|BOS:368|CLE:529
07740,NYK:87|BKN:90|WAS:261|BOS:363|CLE:515
07750,NYK:91|BKN:93|WAS:266|BOS:366|CLE:520
08887,NYK:82|BKN:87|WAS:260|BOS:348|CLE:465
08853,NYK:82|BKN:86|WAS:261|BOS:347|CLE:472
08821,NYK:76|BKN:80|WAS:257|BOS:342|CLE:477
08876,NYK:75|BKN:79|WAS:269|BOS:341|CLE:470
08869,NYK:66|BKN:71|WAS:261|BOS:332|CLE:468
08807,NYK:62|BKN:67|WAS:260|BOS:328|CLE:464
08835,NYK:71|BKN:75|WAS:260|BOS:337|CLE:473
08890,NYK:70|BKN:72|WAS:255|BOS:338|CLE:474
08836,NYK:62|BKN:67|WAS:259|BOS:334|CLE:472
08805,NYK:66|BKN:71|WAS:256|BOS:335|CLE:471
08880,NYK:66|BKN:68|WAS:252|BOS:335|CLE:471
08846,NYK:63|BKN:67|WAS:250|BOS:338|CLE:474
08812,NYK:60|BKN:64|WAS:258|BOS:336|CLE:477
08854,NYK:66|BKN:68|WAS:247|BOS:340|CLE:476
07063,NYK:57|BKN:62|WAS:256|BOS:333|CLE:478
07069,NYK:50|BKN:55|WAS:267|BOS:326|CLE:475
08904,NYK:64|BKN:66|WAS:242|BOS:340|CLE:482
07060,NYK:56|BKN:60|WAS:258|BOS:331|CLE:479
07080,NYK:62|BKN:64|WAS:251|BOS:338|CLE:480
07062,NYK:53|BKN:57|WAS:260|BOS:328|CLE:480
08817,NYK:61|BKN:62|WAS:243|BOS:336|CLE:486
07023,NYK:52|BKN:56|WAS:263|BOS:327|CLE:481
07076,NYK:56|BKN:60|WAS:264|BOS:331|CLE:485
08820,NYK:61|BKN:63|WAS:253|BOS:337|CLE:487
08840,NYK:59|BKN:61|WAS:247|BOS:334|CLE:483
08837,NYK:55|BKN:56|WAS:243|BOS:330|CLE:486
07090,NYK:51|BKN:55|WAS:264|BOS:328|CLE:480
07027,NYK:48|BKN:52|WAS:263|BOS:325|CLE:483
08832,NYK:57|BKN:58|WAS:247|BOS:333|CLE:490
08830,NYK:54|BKN:57|WAS:249|BOS:331|CLE:490
08863,NYK:53|BKN:55|WAS:243|BOS:329|CLE:486
07067,NYK:52|BKN:56|WAS:253|BOS:330|CLE:494
07066,NYK:49|BKN:52|WAS:256|BOS:324|CLE:487
07016,NYK:46|BKN:49|WAS:260|BOS:321|CLE:481
07095,NYK:53|BKN:54|WAS:247|BOS:329|CLE:491
07065,NYK:46|BKN:49|WAS:256|BOS:323|CLE:492
08861,BKN:51|NYK:55|WAS:248|BOS:330|CLE:491
07001,NYK:49|BKN:52|WAS:254|BOS:326|CLE:495
07204,NYK:41|BKN:44|WAS:261|BOS:318|CLE:482
07203,NYK:40|BKN:44|WAS:260|BOS:318|CLE:485
07077,NYK:55|BKN:57|WAS:255|BOS:330|CLE:499
07064,NYK:49|BKN:51|WAS:253|BOS:325|CLE:497
10307,BKN:50|NYK:60|WAS:256|BOS:339|CLE:499
07036,NYK:39|BKN:43|WAS:257|BOS:317|CLE:489
07008,NYK:45|BKN:47|WAS:249|BOS:320|CLE:495
07208,NYK:36|BKN:39|WAS:258|BOS:314|CLE:481
10309,BKN:45|NYK:54|WAS:254|BOS:333|CLE:497
07202,NYK:34|BKN:37|WAS:253|BOS:311|CLE:483
07206,NYK:37|BKN:41|WAS:257|BOS:314|CLE:487
10312,BKN:40|NYK:52|WAS:257|BOS:330|CLE:500
10311,BKN:36|NYK:44|WAS:260|BOS:323|CLE:495
07201,NYK:32|BKN:37|WAS:256|BOS:307|CLE:483
10303,BKN:36|NYK:41|WAS:257|BOS:319|CLE:491
10314,BKN:33|NYK:42|WAS:263|BOS:320|CLE:497
10308,BKN:37|NYK:50|WAS:263|BOS:328|CLE:506
10302,BKN:31|NYK:35|WAS:261|BOS:314|CLE:493
10306,BKN:31|NYK:46|WAS:269|BOS:323|CLE:505
10310,BKN:29|NYK:39|WAS:264|BOS:317|CLE:496
07002,NYK:30|BKN:32|WAS:268|BOS:309|CLE:488
10301,BKN:27|NYK:42|WAS:268|BOS:318|CLE:501
10304,BKN:22|NYK:37|WAS:268|BOS:313|CLE:502
10305,BKN:22|NYK:37|WAS:272|BOS:313|CLE:506
07305,NYK:24|BKN:26|WAS:273|BOS:305|CLE:489
11209,BKN:13|NYK:29|WAS:275|BOS:306|CLE:510
10004,BKN:25|NYK:26|WAS:297|BOS:301|CLE:511
11220,BKN:10|NYK:27|WAS:278|BOS:304|CLE:509
10280,BKN:14|NYK:14|WAS:282|BOS:292|CLE:496
11228,BKN:14|NYK:30|WAS:276|BOS:304|CLE:511
10006,BKN:12|NYK:14|WAS:282|BOS:292|CLE:496
10271,BKN:15|NYK:16|WAS:284|BOS:294|CLE:498
10005,BKN:13|NYK:16|WAS:285|BOS:291|CLE:498
10279,BKN:12|NYK:13|WAS:281|BOS:292|CLE:495
11232,BKN:7|NYK:24|WAS:280|BOS:301|CLE:506
11231,BKN:8|NYK:22|WAS:285|BOS:299|CLE:504
10038,BKN:11|NYK:13|WAS:284|BOS:289|CLE:497
11219,BKN:12|NYK:30|WAS:280|BOS:302|CLE:512
11214,BKN:15|NYK:32|WAS:278|BOS:304|CLE:513
11201,BKN:6|NYK:17|WAS:286|BOS:293|CLE:500
11224,BKN:22|NYK:39|WAS:284|BOS:310|CLE:519
10002,BKN:11|NYK:12|WAS:281|BOS:288|CLE:495
11215,BKN:4|NYK:24|WAS:282|BOS:299|CLE:506
11204,BKN:13|NYK:30|WAS:279|BOS:302|CLE:512
11217,BKN:1|NYK:20|WAS:286|BOS:296|CLE:503
11218,BKN:9|NYK:27|WAS:284|BOS:297|CLE:509
11223,BKN:14|NYK:33|WAS:281|BOS:303|CLE:515
11205,BKN:6|NYK:18|WAS:286|BOS:289|CLE:500
11249,BKN:9|NYK:17|WAS:287|BOS:289|CLE:501
11238,BKN:5|NYK:23|WAS:288|BOS:295|CLE:506
11230,BKN:15|NYK:33|WAS:284|BOS:303|CLE:515
11226,BKN:9|NYK:28|WAS:287|BOS:295|CLE:510
11225,BKN:7|NYK:25|WAS:289|BOS:296|CLE:507
11216,BKN:7|NYK:22|WAS:291|BOS:293|CLE:505
11210,BKN:14|NYK:33|WAS:287|BOS:298|CLE:515
11211,BKN:12|NYK:17|BOS:287|WAS:287|CLE:501
11229,BKN:18|NYK:36|WAS:284|BOS:301|CLE:518
11235,BKN:21|NYK:39|WAS:285|BOS:301|CLE:520
11206,BKN:10|NYK:19|BOS:288|WAS:289|CLE:502
11213,BKN:11|NYK:27|BOS:294|WAS:294|CLE:510
11203,BKN:11|NYK:29|WAS:289|BOS:293|CLE:512
11221,BKN:13|NYK:22|BOS:290|WAS:292|CLE:506
11237,BKN:15|NYK:20|BOS:285|WAS:293|CLE:507
11233,BKN:11|NYK:26|BOS:289|WAS:295|CLE:509
11697,BKN:37|NYK:56|WAS:305|BOS:309|CLE:539
11212,BKN:15|NYK:29|BOS:291|WAS:294|CLE:514
11234,BKN:25|NYK:44|WAS:295|BOS:302|CLE:526
11378,NYK:14|BKN:17|BOS:280|WAS:293|CLE:503
11236,BKN:18|NYK:35|BOS:293|WAS:296|CLE:519
11207,BKN:16|NYK:28|BOS:287|WAS:297|CLE:513
11385,BKN:18|NYK:20|BOS:282|WAS:298|CLE:509
11379,NYK:20|BKN:22|BOS:279|WAS:299|CLE:509
11208,BKN:19|NYK:30|BOS:286|WAS:298|CLE:515
11239,BKN:21|NYK:36|BOS:287|WAS:299|CLE:521
11374,NYK:22|BKN:25|BOS:277|WAS:301|CLE:511
11421,BKN:20|NYK:26|BOS:281|WAS:302|CLE:516
11694,BKN:35|NYK:53|WAS:302|BOS:306|CLE:536
11416,BKN:23|NYK:29|BOS:282|WAS:303|CLE:518
11414,BKN:24|NYK:35|BOS:286|WAS:302|CLE:522
11417,BKN:21|NYK:30|BOS:281|WAS:300|CLE:519
11375,NYK:24|BKN:27|BOS:275|WAS:303|CLE:513
11418,BKN:23|NYK:27|BOS:278|WAS:305|CLE:516
11424,NYK:26|BKN:27|BOS:275|WAS:305|CLE:514
11415,BKN:26|NYK:28|BOS:278|WAS:306|CLE:516
11419,BKN:25|NYK:29|BOS:278|WAS:304|CLE:517
11367,NYK:25|BKN:28|BOS:274|WAS:304|CLE:513
11420,BKN:24|NYK:31|BOS:279|WAS:303|CLE:518
11693,BKN:38|NYK:50|BOS:301|WAS:308|CLE:537
11435,BKN:27|NYK:28|BOS:276|WAS:307|CLE:515
11436,BKN:28|NYK:31|BOS:280|WAS:307|CLE:519
11451,BKN:29|NYK:31|BOS:278|WAS:309|CLE:518
11439,NYK:28|BKN:29|BOS:275|WAS:307|CLE:515
11365,NYK:24|BKN:27|BOS:271|WAS:303|CLE:511
11432,NYK:29|BKN:31|BOS:275|WAS:308|CLE:515
11692,BKN:42|NYK:53|BOS:301|WAS:312|CLE:541
11430,BKN:30|NYK:34|BOS:282|WAS:309|CLE:521
11433,BKN:31|NYK:33|BOS:279|WAS:310|CLE:519
11366,NYK:27|BKN:31|BOS:271|WAS:306|CLE:511
11434,BKN:28|NYK:32|BOS:279|WAS:307|CLE:519
11423,NYK:31|BKN:33|BOS:273|WAS:310|CLE:513
11691,BKN:42|NYK:48|BOS:295|WAS:317|CLE:535
11412,BKN:32|NYK:35|BOS:277|WAS:311|CLE:517
11096,BKN:40|NYK:45|BOS:293|WAS:318|CLE:533
11364,NYK:28|BKN:31|BOS:270|WAS:307|CLE:510
11413,BKN:31|NYK:37|BOS:280|WAS:310|CLE:520
11427,NYK:30|BKN:34|BOS:271|WAS:309|CLE:511
11428,NYK:31|BKN:34|BOS:272|WAS:310|CLE:512
11429,NYK:33|BKN:36|BOS:273|WAS:312|CLE:513
11422,BKN:31|NYK:37|BOS:282|WAS:310|CLE:522
11411,BKN:34|NYK:34|BOS:275|WAS:312|CLE:515
11509,BKN:41|NYK:46|BOS:294|WAS:319|CLE:534
11516,BKN:38|NYK:44|BOS:291|WAS:317|CLE:531
11426,NYK:32|BKN:36|BOS:273|WAS:311|CLE:513
11581,BKN:36|NYK:42|BOS:286|WAS:314|CLE:526
11559,BKN:46|NYK:51|BOS:299|WAS:324|CLE:539
11005,NYK:33|BKN:37|BOS:274|WAS:312|CLE:514
11598,BKN:39|NYK:45|BOS:289|WAS:317|CLE:529
11004,NYK:34|BKN:37|BOS:275|WAS:313|CLE:515
11003,NYK:41|BKN:42|BOS:282|WAS:320|CLE:522
11001,NYK:37|BKN:40|BOS:278|WAS:316|CLE:518
11580,BKN:37|NYK:43|BOS:284|WAS:316|CLE:524
11042,NYK:35|BKN:39|BOS:276|WAS:314|CLE:516
11557,BKN:40|NYK:46|BOS:291|WAS:319|CLE:531
11040,NYK:40|BKN:43|BOS:280|WAS:319|CLE:520
11010,NYK:42|BKN:43|BOS:283|WAS:321|CLE:523
11563,BKN:35|NYK:41|BOS:286|WAS:314|CLE:526
11565,BKN:37|NYK:43|BOS:287|WAS:316|CLE:526
11518,BKN:39|NYK:45|BOS:290|WAS:318|CLE:530
11552,BKN:41|NYK:47|BOS:288|WAS:320|CLE:528
11558,BKN:47|NYK:54|BOS:298|WAS:326|CLE:538
11561,BKN:47|NYK:53|BOS:301|WAS:326|CLE:540
11596,NYK:44|BKN:47|BOS:286|WAS:323|CLE:526
11501,NYK:46|BKN:49|BOS:287|WAS:325|CLE:527
11570,BKN:38|NYK:44|BOS:289|WAS:317|CLE:529
11530,NYK:47|BKN:48|BOS:288|WAS:326|CLE:528
11572,BKN:41|NYK:47|BOS:292|WAS:320|CLE:532
11550,BKN:44|NYK:50|BOS:292|WAS:323|CLE:532
11514,NYK:50|BKN:53|BOS:291|WAS:329|CLE:531
11510,BKN:40|NYK:46|BOS:291|WAS:319|CLE:531
11549,BKN:50|NYK:55|BOS:295|WAS:328|CLE:535
11553,BKN:45|NYK:51|BOS:294|WAS:324|CLE:534
11575,BKN:44|NYK:50|BOS:294|WAS:322|CLE:534
11556,BKN:49|NYK:55|BOS:298|WAS:327|CLE:538
11520,BKN:41|NYK:47|BOS:292|WAS:319|CLE:531
11569,BKN:53|NYK:59|BOS:304|WAS:332|CLE:544
11590,NYK:54|BKN:57|BOS:296|WAS:333|CLE:536
11554,BKN:52|NYK:58|BOS:302|WAS:331|CLE:542
11566,BKN:41|NYK:47|BOS:292|WAS:320|CLE:532
11710,BKN:44|NYK:50|BOS:295|WAS:323|CLE:535
11801,NYK:58|BKN:59|BOS:299|WAS:337|CLE:539
11756,BKN:54|NYK:60|BOS:305|WAS:333|CLE:544
11793,BKN:48|NYK:54|BOS:299|WAS:327|CLE:539
11783,BKN:47|NYK:53|BOS:298|WAS:326|CLE:538
11714,BKN:59|NYK:64|BOS:306|WAS:338|CLE:546
11803,BKN:59|NYK:60|BOS:302|WAS:337|CLE:542
11758,BKN:54|NYK:60|BOS:305|WAS:333|CLE:545
11804,BKN:58|NYK:64|BOS:307|WAS:337|CLE:547
11762,BKN:49|NYK:55|BOS:300|WAS:328|CLE:540
11735,BKN:57|NYK:63|BOS:308|WAS:336|CLE:548
11701,BKN:52|NYK:58|BOS:303|WAS:331|CLE:543
11747,BKN:64|NYK:64|BOS:306|WAS:343|CLE:546
11726,BKN:56|NYK:62|BOS:306|WAS:334|CLE:546
11702,BKN:60|NYK:66|BOS:310|WAS:338|CLE:550
11798,BKN:61|NYK:67|BOS:312|WAS:340|CLE:552
11757,BKN:56|NYK:62|BOS:307|WAS:335|CLE:547
11704,BKN:58|NYK:64|BOS:309|WAS:337|CLE:549
11729,BKN:67|NYK:73|BOS:317|WAS:345|CLE:557
11703,BKN:63|NYK:69|BOS:313|WAS:341|CLE:553
11795,BKN:67|NYK:73|BOS:318|WAS:346|CLE:558
11718,BKN:70|NYK:76|BOS:320|WAS:348|CLE:560
11717,BKN:75|NYK:81|BOS:324|WAS:354|CLE:564
11706,BKN:75|NYK:81|BOS:325|WAS:353|CLE:565
11751,BKN:72|NYK:78|BOS:323|WAS:351|CLE:563
11788,NYK:80|BKN:81|BOS:322|WAS:359|CLE:562
11722,BKN:77|NYK:83|BOS:327|WAS:355|CLE:567
11730,BKN:76|NYK:82|BOS:327|WAS:355|CLE:567
11752,BKN:75|NYK:81|BOS:326|WAS:353|CLE:566
11749,BKN:86|NYK:86|BOS:328|WAS:365|CLE:568
11739,BKN:85|NYK:91|BOS:336|WAS:364|CLE:576
11770,
11716,BKN:85|NYK:90|BOS:332|WAS:364|CLE:572
11769,BKN:82|NYK:88|BOS:333|WAS:361|CLE:573
11779,NYK:91|BKN:92|BOS:325|WAS:371|CLE:573
11796,BKN:85|NYK:91|BOS:336|WAS:364|CLE:576
11782,BKN:85|NYK:91|BOS:333|WAS:364|CLE:576
11741,BKN:89|NYK:95|BOS:328|WAS:368|CLE:577
11705,BKN:90|NYK:96|BOS:332|WAS:369|CLE:581
11742,BKN:92|NYK:96|BOS:324|WAS:371|CLE:578
11738,BKN:96|NYK:96|BOS:316|WAS:375|CLE:578
11715,BKN:90|NYK:96|BOS:330|WAS:369|CLE:581
11772,BKN:93|NYK:99|BOS:335|WAS:372|CLE:584
11763,BKN:98|NYK:98|BOS:325|WAS:377|CLE:580
11713,BKN:95|NYK:101|BOS:334|WAS:373|CLE:586
11980,BKN:99|NYK:101|BOS:326|WAS:378|CLE:583
11719,BKN:103|NYK:109|BOS:340|WAS:381|CLE:594
11973,BKN:107|NYK:110|BOS:328|WAS:386|CLE:591
11967,BKN:98|NYK:104|BOS:331|WAS:377|CLE:589
11950,BKN:103|NYK:109|BOS:334|WAS:382|CLE:594
11951,BKN:107|NYK:113|BOS:338|WAS:386|CLE:598
11955,BKN:107|NYK:113|BOS:336|WAS:385|CLE:597
11949,BKN:112|NYK:117|BOS:326|WAS:391|CLE:599
11934,BKN:108|NYK:114|BOS:328|WAS:386|CLE:599
11940,BKN:112|NYK:118|BOS:324|WAS:391|CLE:603
11941,BKN:113|NYK:119|BOS:323|WAS:392|CLE:604
11960,BKN:117|NYK:123|BOS:323|WAS:396|CLE:608
11972,BKN:115|NYK:121|BOS:321|WAS:394|CLE:606
11977,BKN:116|NYK:122|BOS:321|WAS:395|CLE:607
11978,BKN:122|NYK:128|BOS:319|WAS:400|CLE:612
11959,BKN:125|NYK:131|BOS:319|WAS:404|CLE:616
11942,BKN:124|NYK:131|BOS:317|WAS:403|CLE:615
11946,BKN:127|NYK:133|BOS:320|WAS:406|CLE:618
11968,BKN:131|NYK:137|BOS:325|WAS:409|CLE:621
11976,BKN:145|NYK:151|BOS:322|WAS:424|CLE:636
11932,BKN:154|NYK:160|BOS:322|WAS:432|CLE:644
11962,BKN:159|NYK:165|BOS:325|WAS:438|CLE:650
11975,BKN:158|NYK:164|BOS:323|WAS:437|CLE:649
31329,ATL:266|CHA:269|ORL:307|MIA:516|WAS:593
31326,ATL:259|CHA:268|ORL:290|MIA:499|WAS:576
31407,ATL:252|CHA:258|ORL:280|MIA:489|WAS:566
31408,ATL:253|CHA:273|ORL:281|MIA:491|WAS:581
31405,ATL:252|CHA:276|ORL:279|MIA:489|WAS:584
29943,CHA:256|ATL:290|ORL:317|MIA:527|WAS:564
31409,ATL:263|CHA:281|ORL:291|MIA:500|WAS:589
31415,ATL:252|CHA:270|ORL:280|MIA:490|WAS:578
31401,ATL:253|CHA:269|ORL:281|MIA:491|WAS:577
31406,ATL:274|CHA:292|ORL:295|MIA:505|WAS:600
31421,ATL:258|CHA:268|ORL:287|MIA:496|WAS:576
29927,CHA:267|ATL:279|ORL:307|MIA:517|WAS:575
31404,ATL:260|CHA:277|ORL:289|MIA:498|WAS:585
31411,ATL:274|CHA:292|ORL:292|MIA:502|WAS:600
31410,ATL:268|CHA:286|ORL:296|MIA:506|WAS:594
29936,CHA:235|ATL:277|ORL:305|MIA:514|WAS:543
29910,CHA:267|ATL:286|ORL:314|MIA:523|WAS:575
31328,ATL:279|CHA:293|ORL:307|MIA:517|WAS:601
29915,CHA:454|ATL:473|ORL:501|MIA:710|WAS:762
29909,CHA:261|ATL:289|ORL:317|MIA:526|WAS:569
29928,CHA:281|ATL:300|ORL:328|MIA:537|WAS:589
29906,CHA:250|ATL:298|ORL:326|MIA:536|WAS:559
29926,CHA:272|ATL:291|ORL:319|MIA:528|WAS:580
29904,CHA:253|ATL:306|ORL:334|MIA:543|WAS:561
29905,
29935,CHA:256|ATL:295|ORL:323|MIA:532|WAS:564
29902,
29907,CHA:271|ATL:317|ORL:345|MIA:555|WAS:579
29920,CHA:279|ATL:325|ORL:353|MIA:563|WAS:587
30904,ATL:152|CHA:182|ORL:421|MEM:540|WAS:556
30912,ATL:155|CHA:184|ORL:420|MEM:543|WAS:558
30901,ATL:161|CHA:189|ORL:418|MEM:550|WAS:563
29831,ATL:185|CHA:204|ORL:429|MEM:573|WAS:578
29842,ATL:174|CHA:190|ORL:432|MEM:562|WAS:564
29803,CHA:178|ATL:185|ORL:434|WAS:552|MEM:574
29809,CHA:181|ATL:183|ORL:425|WAS:555|MEM:571
30426,ATL:235|CHA:255|ORL:392|MIA:602|WAS:603
29856,CHA:177|ATL:189|ORL:429|WAS:551|MEM:578
29836,ATL:212|CHA:218|ORL:378|WAS:565|MIA:588
30446,ATL:256|CHA:265|ORL:326|MIA:536|WAS:608
29853,CHA:182|ATL:199|ORL:419|WAS:553|MEM:588
29812,CHA:202|ATL:224|ORL:397|WAS:559|MIA:606
29810,CHA:204|ATL:230|ORL:365|WAS:552|MIA:574
29826,CHA:185|ATL:210|ORL:418|WAS:550|MEM:599
29932,CHA:227|ATL:259|ORL:364|MIA:574|WAS:574
31303,CHA:262|ATL:265|ORL:322|MIA:532|WAS:591
29922,CHA:255|ATL:292|ORL:340|MIA:550|WAS:585
29817,CHA:174|ATL:218|ORL:411|WAS:537|MEM:606
29918,CHA:224|ATL:263|ORL:343|MIA:553|WAS:571
29939,CHA:229|ATL:268|ORL:334|MIA:544|WAS:572
29827,CHA:204|ATL:243|ORL:365|WAS:552|MIA:574
29923,CHA:213|ATL:252|ORL:349|MIA:559|WAS:560
29849,CHA:201|ATL:248|ORL:389|WAS:548|MIA:599
29921,CHA:235|ATL:273|ORL:332|MIA:542|WAS:568
29843,CHA:180|ATL:234|ORL:384|WAS:532|MIA:594
29911,CHA:210|ATL:248|ORL:360|WAS:553|MIA:569
29042,CHA:171|ATL:231|ORL:395|WAS:529|MIA:605
29113,CHA:159|ATL:227|ORL:403|WAS:520|MIA:613
29934,CHA:251|ATL:289|ORL:325|MIA:535|WAS:561
29924,CHA:217|ATL:255|ORL:351|WAS:553|MIA:561
29081,CHA:200|ATL:255|ORL:374|WAS:537|MIA:583
29944,CHA:229|ATL:268|ORL:342|MIA:552|WAS:552
29003,CHA:182|ATL:248|ORL:387|WAS:524|MIA:597
29038,CHA:169|ATL:246|ORL:401|WAS:510|MIA:610
29916,CHA:230|ATL:280|ORL:332|WAS:538|MIA:542
29082,CHA:206|ATL:264|ORL:359|WAS:529|MIA:568
29912,CHA:225|ATL:282|ORL:309|MIA:519|WAS:534
29929,CHA:223|ATL:277|ORL:356|WAS:536|MIA:566
29039,CHA:166|ATL:255|ORL:402|WAS:507|MIA:611
29117,CHA:152|ATL:245|ORL:389|WAS:494|MIA:599
29115,CHA:154|ATL:247|ORL:388|WAS:493|MIA:597
29493,CHA:211|ATL:278|ORL:358|WAS:524|MIA:568
29941,CHA:246|ATL:313|ORL:340|MIA:550|WAS:554
29475,CHA:211|ATL:279|ORL:350|WAS:519|MIA:560
29432,CHA:180|ATL:265|ORL:373|WAS:510|MIA:583
29133,CHA:170|ATL:263|ORL:390|WAS:508|MIA:599
29945,CHA:224|ATL:294|ORL:328|WAS:533|MIA:538
29481,CHA:203|ATL:278|ORL:367|WAS:514|MIA:577
29940,CHA:251|ATL:318|ORL:345|MIA:555|WAS:560
29488,CHA:202|ATL:299|ORL:343|WAS:510|MIA:552
29471,CHA:186|ATL:280|ORL:364|WAS:494|MIA:573
29018,CHA:170|ATL:269|ORL:374|WAS:487|MIA:584
29477,CHA:186|ATL:286|ORL:365|WAS:495|MIA:574
29474,CHA:215|ATL:312|ORL:357|WAS:524|MIA:566
29142,CHA:168|ATL:267|ORL:378|WAS:471|MIA:588
29446,
29452,CHA:237|ATL:334|ORL:363|WAS:546|MIA:572
29435,CHA:217|ATL:313|ORL:362|WAS:525|MIA:571
29448,CHA:184|ATL:284|ORL:382|WAS:494|MIA:592
29163,CHA:182|ATL:281|ORL:380|WAS:477|MIA:590
29059,CHA:183|ATL:283|ORL:381|WAS:483|MIA:590
29437,CHA:193|ATL:293|ORL:377|WAS:503|MIA:586
29426,CHA:239|ATL:336|ORL:364|WAS:547|MIA:574
29472,CHA:203|ATL:302|ORL:390|WAS:513|MIA:599
29438,CHA:262|ATL:359|ORL:387|WAS:570|MIA:597
29048,CHA:200|ATL:299|ORL:398|WAS:493|MIA:607
29449,CHA:252|ATL:351|ORL:379|WAS:562|MIA:589
29483,CHA:207|ATL:306|ORL:395|WAS:517|MIA:605
29470,CHA:241|ATL:340|ORL:384|WAS:551|MIA:593
29485,CHA:215|ATL:314|ORL:385|WAS:525|MIA:595
29436,CHA:216|ATL:315|ORL:415|WAS:510|MIA:625
29487,CHA:256|ATL:356|ORL:410|WAS:566|MIA:620
29486,CHA:204|ATL:304|ORL:402|WAS:514|MIA:612
29469,CHA:231|ATL:331|ORL:428|WAS:531|MIA:638
29456,CHA:206|ATL:305|ORL:401|WAS:516|MIA:611
29414,CHA:232|ATL:332|ORL:393|WAS:542|MIA:602
29420,CHA:220|ATL:320|ORL:407|WAS:531|MIA:617
29418,CHA:219|ATL:319|ORL:401|WAS:529|MIA:611
29455,CHA:248|ATL:348|ORL:402|WAS:558|MIA:612
29468,CHA:214|ATL:320|ORL:421|WAS:492|MIA:630
29404,CHA:223|ATL:323|ORL:406|WAS:533|MIA:616
29406,CHA:210|ATL:309|ORL:407|WAS:520|MIA:616
29410,CHA:220|ATL:320|ORL:413|WAS:531|MIA:622
29461,CHA:223|ATL:323|ORL:422|WAS:509|MIA:631
29407,CHA:225|ATL:325|ORL:397|WAS:535|MIA:606
29405,CHA:215|ATL:315|ORL:401|WAS:525|MIA:610
29445,CHA:227|ATL:327|ORL:425|WAS:537|MIA:635
29409,CHA:223|ATL:322|ORL:403|WAS:533|MIA:613
29439,CHA:248|ATL:348|ORL:422|WAS:558|MIA:631
29412,CHA:238|ATL:338|ORL:413|WAS:549|MIA:623
29425,CHA:224|ATL:324|ORL:402|WAS:534|MIA:612
29403,CHA:223|ATL:323|ORL:405|WAS:534|MIA:614
29424,CHA:225|ATL:325|ORL:406|WAS:536|MIA:615
29401,CHA:227|ATL:327|ORL:406|WAS:537|MIA:616
29479,CHA:221|ATL:346|ORL:449|WAS:499|MIA:659
29431,CHA:230|ATL:340|ORL:438|WAS:508|MIA:648
29492,CHA:235|ATL:334|ORL:423|WAS:545|MIA:632
29464,CHA:230|ATL:330|ORL:416|WAS:540|MIA:625
29564,CHA:217|ATL:343|ORL:450|WAS:496|MIA:660
29434,CHA:240|ATL:344|ORL:442|WAS:518|MIA:652
29482,CHA:238|ATL:337|ORL:424|WAS:548|MIA:633
29466,CHA:238|ATL:337|ORL:426|WAS:548|MIA:635
29450,CHA:251|ATL:354|ORL:445|WAS:525|MIA:654
29451,
29429,CHA:255|ATL:355|ORL:443|WAS:545|MIA:653
29510,CHA:222|ATL:348|ORL:455|WAS:486|MIA:664
29453,CHA:249|ATL:367|ORL:465|WAS:514|MIA:675
29458,CHA:264|ATL:367|ORL:455|WAS:522|MIA:664
29440,CHA:246|ATL:372|ORL:479|WAS:503|MIA:688
29639,ATL:174|CHA:176|ORL:524|MEM:562|WAS:573
29620,ATL:173|CHA:185|ORL:503|MEM:562|WAS:583
29654,CHA:150|ATL:168|ORL:532|WAS:547|MEM:556
29638,CHA:166|ATL:178|ORL:523|WAS:563|MEM:566
29899,ATL:182|CHA:198|ORL:475|MEM:571|WAS:590
29653,CHA:168|ATL:190|ORL:512|WAS:565|MEM:578
29819,CHA:180|ATL:194|ORL:487|WAS:577|MEM:583
29692,CHA:158|ATL:180|ORL:524|WAS:555|MEM:569
29845,ATL:170|CHA:206|ORL:462|MEM:559|WAS:587
29838,ATL:163|CHA:196|ORL:454|MEM:552|WAS:570
29646,CHA:168|ATL:199|ORL:493|WAS:565|MEM:587
29649,CHA:164|ATL:199|ORL:505|WAS:561|MEM:587
29384,CHA:154|ATL:206|ORL:519|WAS:551|MEM:594
29848,CHA:183|ATL:197|ORL:473|WAS:574|MEM:586
29360,CHA:136|ATL:195|ORL:503|WAS:534|MEM:583
29824,ATL:181|CHA:185|ORL:458|WAS:559|MEM:569
29860,ATL:160|CHA:179|ORL:437|MEM:549|WAS:554
29666,CHA:174|ATL:215|ORL:497|WAS:571|MEM:603
29370,CHA:144|ATL:210|ORL:504|WAS:542|MEM:598
29332,CHA:149|ATL:214|ORL:509|WAS:546|MEM:603
29841,ATL:158|CHA:174|ORL:426|MEM:547|WAS:548
29816,ATL:163|CHA:177|ORL:427|MEM:551|WAS:551
29037,CHA:159|ATL:225|ORL:498|WAS:555|MEM:613
29829,ATL:163|CHA:172|ORL:436|WAS:546|MEM:551
29847,ATL:176|CHA:176|ORL:451|WAS:550|MEM:565
29325,CHA:128|ATL:202|ORL:488|WAS:525|IND:590
29834,ATL:165|CHA:175|ORL:429|WAS:549|MEM:553
29828,ATL:167|CHA:174|ORL:431|WAS:549|MEM:555
29851,ATL:173|CHA:183|ORL:438|WAS:557|MEM:562
29351,CHA:131|ATL:205|ORL:480|WAS:528|IND:593
29145,CHA:164|ATL:235|ORL:497|WAS:554|MEM:623
29832,CHA:173|ATL:186|ORL:461|WAS:548|MEM:575
29138,CHA:166|ATL:210|ORL:485|WAS:551|MEM:599
29355,CHA:140|ATL:213|ORL:480|WAS:537|MEM:601
29166,CHA:167|ATL:198|ORL:474|WAS:541|MEM:587
29801,CHA:160|ATL:174|ORL:444|WAS:534|MEM:563
29129,CHA:161|ATL:184|ORL:459|WAS:535|MEM:572
29108,CHA:138|ATL:222|ORL:473|WAS:530|IND:610
29805,CHA:169|ATL:185|ORL:458|WAS:543|MEM:574
29105,CHA:153|ATL:188|ORL:463|WAS:527|MEM:576
29178,CHA:112|ATL:214|ORL:484|WAS:517|MEM:602
29006,CHA:152|ATL:197|ORL:464|WAS:526|MEM:586
29127,CHA:158|ATL:229|ORL:477|WAS:534|MEM:618
29070,CHA:142|ATL:203|ORL:455|WAS:516|MEM:592
29164,CHA:162|ATL:199|ORL:450|WAS:537|MEM:588
29126,CHA:145|ATL:247|ORL:483|WAS:541|MEM:635
29054,CHA:141|ATL:203|ORL:453|WAS:515|MEM:592
29075,CHA:130|ATL:232|ORL:455|WAS:512|MEM:620
29036,CHA:135|ATL:235|ORL:453|WAS:510|MEM:623
29015,CHA:108|ATL:252|ORL:490|WAS:513|CLE:630
29122,CHA:123|ATL:238|ORL:458|WAS:515|MEM:626
29137,CHA:163|ATL:203|ORL:439|WAS:538|MEM:592
29065,CHA:119|ATL:250|ORL:473|WAS:524|MEM:638
29146,CHA:164|ATL:214|ORL:424|WAS:537|MEM:603
29072,CHA:129|ATL:208|ORL:441|WAS:503|MEM:597
29177,CHA:128|ATL:227|ORL:445|WAS:502|MEM:616
29123,CHA:142|ATL:207|ORL:435|WAS:517|MEM:596
29073,CHA:136|ATL:212|ORL:444|WAS:510|MEM:600
29212,CHA:121|ATL:217|ORL:438|WAS:495|MEM:605
29063,CHA:126|ATL:226|ORL:443|WAS:500|MEM:615
29170,CHA:118|ATL:213|ORL:425|WAS:494|MEM:601
29107,CHA:152|ATL:220|ORL:411|WAS:520|MEM:609
29210,CHA:111|ATL:215|ORL:432|WAS:486|MEM:603
29180,CHA:89|ATL:248|ORL:462|WAS:494|CLE:611
29169,CHA:113|ATL:214|ORL:425|WAS:487|MEM:603
29053,CHA:127|ATL:223|ORL:422|WAS:500|MEM:612
29112,CHA:151|ATL:224|ORL:416|WAS:521|MEM:613
29172,CHA:121|ATL:221|ORL:420|WAS:493|MEM:609
29033,CHA:116|ATL:220|ORL:422|WAS:492|MEM:608
29203,CHA:109|ATL:225|ORL:444|WAS:485|MEM:613
29160,CHA:140|ATL:228|ORL:414|WAS:512|MEM:617
29225,CHA:107|ATL:219|ORL:430|WAS:483|MEM:608
29201,CHA:110|ATL:222|ORL:431|WAS:487|MEM:611
29208,CHA:107|ATL:220|ORL:431|WAS:484|MEM:609
29204,CHA:105|ATL:223|ORL:434|WAS:481|MEM:612
29205,CHA:111|ATL:225|ORL:430|WAS:484|MEM:614
29016,CHA:90|ATL:234|ORL:449|WAS:487|CLE:612
29206,CHA:107|ATL:230|ORL:435|WAS:481|MEM:619
29209,CHA:114|ATL:229|ORL:430|WAS:487|MEM:618
29223,CHA:101|ATL:229|ORL:440|WAS:475|MEM:617
29229,CHA:102|ATL:235|ORL:449|WAS:475|CLE:624
29118,CHA:159|ATL:244|ORL:403|WAS:508|MIA:613
29130,CHA:97|ATL:254|ORL:468|WAS:492|CLE:619
29061,CHA:125|ATL:243|ORL:444|WAS:497|MEM:632
29207,CHA:127|ATL:251|ORL:463|WAS:487|MEM:640
29074,CHA:139|ATL:322|ORL:524|WAS:524|CLE:661
29045,CHA:110|ATL:245|ORL:457|WAS:469|CLE:632
29135,CHA:161|ATL:261|ORL:411|WAS:513|MEM:649
29052,CHA:154|ATL:269|ORL:449|WAS:511|MEM:657
29078,CHA:117|ATL:242|ORL:453|WAS:453|MEM:630
29044,CHA:130|ATL:248|ORL:444|WAS:481|MEM:637
29030,CHA:171|ATL:271|ORL:401|WAS:491|MIA:611
29175,CHA:96|ATL:269|ORL:470|WAS:471|CLE:615
29062,CHA:162|ATL:288|ORL:469|WAS:494|MEM:677
29047,CHA:172|ATL:271|ORL:389|WAS:479|MIA:599
29020,CHA:123|ATL:273|WAS:473|ORL:474|CLE:642
29168,CHA:159|ATL:277|ORL:436|WAS:483|MEM:666
29128,CHA:126|ATL:256|ORL:437|WAS:458|MEM:645
29125,CHA:179|ATL:297|ORL:417|WAS:484|MIA:627
29152,CHA:153|ATL:271|ORL:446|WAS:474|MEM:660
29032,CHA:111|ATL:274|WAS:466|ORL:476|CLE:637
29040,CHA:138|ATL:268|ORL:434|WAS:453|MEM:657
29154,CHA:161|ATL:279|ORL:422|WAS:471|MEM:668
29009,CHA:98|ATL:282|WAS:459|ORL:483|CLE:624
29148,CHA:193|ATL:297|ORL:402|WAS:470|MIA:611
29150,CHA:158|ATL:283|ORL:415|WAS:459|MIA:625
29153,CHA:151|ATL:276|ORL:428|WAS:452|MEM:665
29010,CHA:123|ATL:271|WAS:435|ORL:458|CLE:649
29101,CHA:88|ATL:290|WAS:445|ORL:482|CLE:613
29104,CHA:146|ATL:284|ORL:430|WAS:444|CLE:671
29102,CHA:177|ATL:302|ORL:408|WAS:455|MIA:618
29001,CHA:175|ATL:300|ORL:416|WAS:455|MIA:625
29046,CHA:136|ATL:278|WAS:432|ORL:439|CLE:662
29051,CHA:162|ATL:292|ORL:413|WAS:436|MIA:623
29079,CHA:111|ATL:282|WAS:428|ORL:457|CLE:637
29069,CHA:135|ATL:288|WAS:430|ORL:455|CLE:661
29080,CHA:161|ATL:303|ORL:435|WAS:442|MIA:645
29550,CHA:107|ATL:297|WAS:431|ORL:469|CLE:632
29111,CHA:176|ATL:308|ORL:428|WAS:451|MIA:638
29162,CHA:163|ATL:298|ORL:422|WAS:438|MIA:632
29056,CHA:199|ATL:325|ORL:431|WAS:477|MIA:641
29161,CHA:136|ATL:293|WAS:419|ORL:437|CLE:662
29114,CHA:154|ATL:305|WAS:429|ORL:430|MIA:639
29593,CHA:112|ATL:313|WAS:422|ORL:468|CLE:632
29540,CHA:127|ATL:308|WAS:421|ORL:461|CLE:646
29532,CHA:122|ATL:296|WAS:407|ORL:446|CLE:647
29590,CHA:200|ATL:326|ORL:433|WAS:476|MIA:643
29518,CHA:189|ATL:328|ORL:453|WAS:460|MIA:663
29501,CHA:131|ATL:293|WAS:408|ORL:443|CLE:657
29556,CHA:195|ATL:335|ORL:441|WAS:467|MIA:651
29591,CHA:163|ATL:321|WAS:434|ORL:446|CLE:689
29560,CHA:178|ATL:324|ORL:449|WAS:449|MIA:658
29541,CHA:150|ATL:310|WAS:421|ORL:451|CLE:675
29530,CHA:162|ATL:323|WAS:433|ORL:456|CLE:688
29505,CHA:146|ATL:307|WAS:416|ORL:456|CLE:672
29506,CHA:145|ATL:309|WAS:405|ORL:458|CLE:671
29516,CHA:138|ATL:331|WAS:406|ORL:479|CLE:650
29583,CHA:165|ATL:327|WAS:432|ORL:465|CLE:691
29580,CHA:213|ATL:358|ORL:465|WAS:476|MIA:675
29565,CHA:149|ATL:314|WAS:381|ORL:462|CLE:656
29555,CHA:188|ATL:342|WAS:441|ORL:467|MIA:677
29592,CHA:165|ATL:330|WAS:402|ORL:478|CLE:676
29571,CHA:164|ATL:328|WAS:408|ORL:477|CLE:682
29554,CHA:209|ATL:364|WAS:462|ORL:481|MIA:690
29536,CHA:142|ATL:322|WAS:375|ORL:470|CLE:650
29519,CHA:180|ATL:344|WAS:419|ORL:480|CLE:694
29546,CHA:194|ATL:355|WAS:434|ORL:479|CLE:708
29547,CHA:147|ATL:328|WAS:368|ORL:476|CLE:643
29589,CHA:169|ATL:333|WAS:408|ORL:482|CLE:683
29543,CHA:163|ATL:340|WAS:396|ORL:489|CLE:671
29574,CHA:175|ATL:340|WAS:410|ORL:488|CLE:684
29544,CHA:184|ATL:348|WAS:423|ORL:497|CLE:698
29563,CHA:163|ATL:343|WAS:392|ORL:492|CLE:670
29527,CHA:211|ATL:374|WAS:451|ORL:498|MIA:708
28340,CHA:163|ATL:347|WAS:377|ORL:496|NYK:655
28362,CHA:167|ATL:348|WAS:382|ORL:496|NYK:660
29511,CHA:189|ATL:353|WAS:429|ORL:502|CLE:703
29581,CHA:188|ATL:359|WAS:411|ORL:507|NYK:688
29585,CHA:250|ATL:406|WAS:489|ORL:513|MIA:723
29576,CHA:245|ATL:406|WAS:483|ORL:513|MIA:723
28375,CHA:158|ATL:354|WAS:371|ORL:502|NYK:649
28369,CHA:172|ATL:365|WAS:385|ORL:514|NYK:663
29588,CHA:234|ATL:398|WAS:473|ORL:525|MIA:735
28439,CHA:182|ATL:364|WAS:396|ORL:512|NYK:674
29526,CHA:209|ATL:373|WAS:438|ORL:506|NYK:715
29575,CHA:239|ATL:403|WAS:478|ORL:521|MIA:731
29545,CHA:199|ATL:370|WAS:414|ORL:519|NYK:692
28430,CHA:187|ATL:386|WAS:400|ORL:534|NYK:678
28438,CHA:169|ATL:368|WAS:382|ORL:516|NYK:660
29579,CHA:225|ATL:389|WAS:465|ORL:522|CLE:739
29569,CHA:207|ATL:377|WAS:420|ORL:526|NYK:698
29577,CHA:227|ATL:391|WAS:464|ORL:524|MIA:733
28431,CHA:177|ATL:376|WAS:391|ORL:524|NYK:668
29572,CHA:224|ATL:388|WAS:453|ORL:534|NYK:731
28463,CHA:196|ATL:390|WAS:410|ORL:539|NYK:687
28432,CHA:189|ATL:387|WAS:403|ORL:535|NYK:681
29568,CHA:220|ATL:385|WAS:434|ORL:533|NYK:712
28424,CHA:185|ATL:384|WAS:398|ORL:532|NYK:676
28472,CHA:188|ATL:387|WAS:402|ORL:535|NYK:679
29566,CHA:231|ATL:398|WAS:444|ORL:545|NYK:722
29582,CHA:233|ATL:397|WAS:451|ORL:544|NYK:729
28455,CHA:213|ATL:410|WAS:426|ORL:558|NYK:704
28433,CHA:189|WAS:381|ATL:385|ORL:533|NYK:659
28442,CHA:182|ATL:381|WAS:396|ORL:529|NYK:673
28467,CHA:242|ATL:408|WAS:445|ORL:555|NYK:723
28452,CHA:227|ATL:413|WAS:441|ORL:561|NYK:718
28468,CHA:247|ATL:419|WAS:445|ORL:567|NYK:722
28450,CHA:193|ATL:392|WAS:407|ORL:541|NYK:684
28469,CHA:242|ATL:420|WAS:440|ORL:567|NYK:718
28434,CHA:221|WAS:403|ATL:417|ORL:565|NYK:681
28420,CHA:236|ATL:435|WAS:450|ORL:584|NYK:728
28423,CHA:219|ATL:418|WAS:425|ORL:567|NYK:703
28470,CHA:232|ATL:416|WAS:421|ORL:564|NYK:698
28462,CHA:233|WAS:413|ATL:430|ORL:577|NYK:691
28456,CHA:214|WAS:388|ATL:413|ORL:561|NYK:666
28436,CHA:232|WAS:415|ATL:431|ORL:580|NYK:693
28422,CHA:233|WAS:405|ATL:432|ORL:581|NYK:683
28451,CHA:223|WAS:392|ATL:423|ORL:571|NYK:670
28435,CHA:229|WAS:379|ATL:429|ORL:577|NYK:657
28465,CHA:251|WAS:417|ATL:450|ORL:598|NYK:695
28461,CHA:251|WAS:415|ATL:450|ORL:598|NYK:693
28479,CHA:251|WAS:404|ATL:451|ORL:599|NYK:682
28401,CHA:227|WAS:370|ATL:426|ORL:574|NYK:647
28449,CHA:268|WAS:407|ATL:467|ORL:616|NYK:684
28412,CHA:245|WAS:388|ATL:445|ORL:593|NYK:666
28428,CHA:254|WAS:393|ATL:453|ORL:602|NYK:670
28429,CHA:237|WAS:366|ATL:436|ORL:584|NYK:644
28403,CHA:242|WAS:373|ATL:441|ORL:589|NYK:650
28457,CHA:256|WAS:367|ATL:456|ORL:604|NYK:645
28405,CHA:240|WAS:366|ATL:439|ORL:587|NYK:644
28409,CHA:249|WAS:386|ATL:448|ORL:596|NYK:664
28480,CHA:249|WAS:378|ATL:448|ORL:597|NYK:656
28411,CHA:241|WAS:370|ATL:440|ORL:588|NYK:647
28443,CHA:285|WAS:396|ATL:484|ORL:632|NYK:674
28707,CHA:211|ATL:230|IND:515|MEM:541|WAS:559
28783,CHA:207|ATL:211|IND:533|MEM:559|WAS:577
28723,ATL:231|CHA:241|IND:547|MEM:573|WAS:591
28786,CHA:180|ATL:212|IND:484|MEM:510|WAS:528
28747,CHA:186|ATL:192|IND:554|WAS:557|MEM:580
28708,CHA:208|ATL:236|IND:554|WAS:580|MEM:581
28716,CHA:176|ATL:225|IND:492|MEM:518|WAS:524
29685,CHA:168|ATL:172|MEM:560|WAS:565|IND:572
28772,CHA:180|ATL:202|IND:550|WAS:551|MEM:576
28712,CHA:173|ATL:207|IND:543|WAS:545|MEM:569
29667,ATL:149|CHA:153|MEM:537|WAS:550|ORL:559
29671,CHA:159|ATL:170|WAS:556|MEM:558|IND:567
28768,CHA:169|ATL:234|IND:539|WAS:540|MEM:565
29657,CHA:148|ATL:150|MEM:538|WAS:545|ORL:554
28742,CHA:165|ATL:256|IND:535|WAS:537|MEM:561
28718,CHA:160|ATL:214|IND:546|WAS:547|MEM:572
29635,CHA:147|ATL:189|WAS:544|IND:553|ORL:576
28766,CHA:151|ATL:223|IND:530|WAS:532|MEM:557
29621,ATL:141|CHA:147|MEM:529|WAS:544|ORL:547
28729,CHA:142|ATL:223|IND:517|WAS:518|MEM:543
28759,CHA:142|ATL:229|IND:512|WAS:513|MEM:538
29640,CHA:142|ATL:168|WAS:539|ORL:549|MEM:556
28704,CHA:140|ATL:231|IND:501|WAS:503|MEM:528
29642,CHA:140|ATL:155|WAS:537|MEM:544|ORL:546
29661,CHA:145|ATL:195|WAS:542|IND:550|ORL:574
29697,CHA:138|ATL:141|MEM:529|WAS:535|ORL:544
28739,CHA:152|ATL:240|IND:531|WAS:533|MEM:558
28791,CHA:131|ATL:222|IND:510|WAS:512|MEM:537
28758,CHA:130|ATL:220|IND:506|WAS:507|MEM:532
28790,CHA:138|ATL:214|IND:535|WAS:535|MEM:561
29683,CHA:139|ATL:185|WAS:536|IND:545|ORL:559
29627,CHA:148|ATL:157|ORL:538|MEM:545|WAS:545
29617,CHA:132|ATL:168|WAS:530|ORL:542|IND:552
29611,CHA:125|ATL:156|WAS:522|ORL:534|MEM:545
29673,CHA:126|ATL:150|WAS:523|ORL:526|MEM:538
28732,CHA:141|ATL:232|IND:516|WAS:517|MEM:542
29613,CHA:131|ATL:171|WAS:529|ORL:541|IND:552
29690,CHA:133|ATL:188|WAS:530|IND:538|ORL:557
28726,CHA:123|ATL:210|IND:518|WAS:519|MEM:544
29669,CHA:134|ATL:152|ORL:524|WAS:531|MEM:540
29601,CHA:117|ATL:159|WAS:514|ORL:527|MEM:548
29609,CHA:126|ATL:172|WAS:523|ORL:536|IND:560
28731,CHA:122|ATL:213|IND:516|WAS:517|MEM:542
29605,CHA:117|ATL:156|WAS:515|ORL:526|MEM:544
28792,CHA:134|ATL:225|WAS:508|IND:520|MEM:546
29614,CHA:117|ATL:167|WAS:514|ORL:527|MEM:555
28735,CHA:144|ATL:243|WAS:506|IND:520|MEM:547
29607,CHA:111|ATL:156|WAS:508|ORL:521|MEM:545
29687,CHA:125|ATL:186|WAS:522|ORL:547|IND:550
29662,CHA:115|ATL:163|WAS:512|ORL:515|MEM:552
28773,CHA:123|ATL:223|WAS:521|IND:531|MEM:558
29615,CHA:111|ATL:167|WAS:508|ORL:527|MEM:556
29680,CHA:125|ATL:166|ORL:515|WAS:523|MEM:554
28710,CHA:145|ATL:244|WAS:502|IND:539|MEM:565
29651,CHA:120|ATL:189|WAS:517|ORL:550|IND:556
28720,CHA:131|ATL:236|WAS:500|IND:531|MEM:558
29356,CHA:148|ATL:231|WAS:545|IND:576|ORL:577
29650,CHA:111|ATL:169|WAS:508|ORL:531|MEM:557
29681,CHA:121|ATL:173|WAS:518|ORL:520|MEM:561
28756,CHA:120|ATL:229|WAS:516|IND:551|ORL:564
29644,CHA:126|ATL:172|ORL:506|WAS:523|MEM:560
29365,CHA:104|ATL:185|WAS:501|ORL:534|IND:558
28746,CHA:146|ATL:262|WAS:514|IND:562|MEM:588
28782,CHA:108|ATL:206|WAS:505|IND:534|ORL:541
29322,CHA:105|ATL:199|WAS:502|ORL:534|IND:543
29645,CHA:135|ATL:188|ORL:509|WAS:532|MEM:577
29334,CHA:103|ATL:177|WAS:500|ORL:529|MEM:565
29375,CHA:105|ATL:177|WAS:502|ORL:523|MEM:566
29385,CHA:95|ATL:183|WAS:492|ORL:525|IND:558
29377,CHA:97|ATL:180|WAS:494|ORL:527|IND:560
29349,CHA:99|ATL:193|WAS:496|ORL:528|IND:546
28722,CHA:109|ATL:205|WAS:506|ORL:540|IND:544
29388,CHA:108|ATL:194|WAS:506|ORL:511|IND:571
29369,CHA:104|ATL:187|WAS:501|ORL:513|IND:566
29301,CHA:92|ATL:183|WAS:489|ORL:514|IND:554
29338,CHA:97|ATL:200|WAS:494|ORL:535|IND:545
28139,CHA:102|ATL:228|WAS:491|IND:550|ORL:563
29320,CHA:90|ATL:185|WAS:487|ORL:518|IND:553
29316,CHA:91|ATL:194|WAS:488|ORL:530|IND:553
29378,CHA:88|ATL:186|WAS:485|ORL:521|IND:553
29303,CHA:87|ATL:186|WAS:484|ORL:522|IND:554
29376,CHA:113|ATL:209|WAS:510|ORL:517|IND:575
28160,CHA:94|ATL:232|WAS:484|IND:553|ORL:567
29306,CHA:101|ATL:197|WAS:498|ORL:516|IND:563
29333,CHA:88|ATL:194|WAS:485|ORL:527|IND:562
29323,CHA:92|ATL:204|WAS:489|ORL:540|IND:557
29335,CHA:113|ATL:205|ORL:499|WAS:511|IND:576
28074,CHA:98|ATL:223|WAS:495|IND:557|ORL:558
28043,CHA:85|ATL:225|WAS:482|IND:547|ORL:560
29368,CHA:82|ATL:198|WAS:479|ORL:534|IND:567
29331,CHA:116|ATL:201|ORL:494|WAS:513|IND:578
29374,CHA:111|ATL:210|WAS:508|ORL:513|IND:576
29302,CHA:113|ATL:214|WAS:510|ORL:531|IND:580
29346,CHA:91|ATL:205|WAS:488|ORL:530|IND:573
29329,CHA:84|ATL:198|WAS:481|ORL:534|IND:567
29307,CHA:87|ATL:203|WAS:485|ORL:536|IND:571
29324,CHA:86|ATL:205|WAS:483|ORL:540|IND:573
29330,CHA:77|ATL:196|WAS:474|ORL:532|IND:564
28018,CHA:105|ATL:260|WAS:485|IND:570|CLE:581
28019,CHA:81|ATL:222|WAS:478|IND:555|ORL:558
28076,CHA:83|ATL:217|WAS:480|ORL:553|IND:557
28024,CHA:83|ATL:216|WAS:480|ORL:552|IND:560
28040,CHA:93|ATL:240|WAS:482|IND:567|ORL:576
28114,CHA:82|ATL:219|WAS:479|ORL:555|IND:565
29373,CHA:86|ATL:215|WAS:483|ORL:531|IND:583
29321,CHA:117|ATL:225|WAS:515|ORL:518|IND:591
29341,CHA:68|ATL:205|WAS:465|ORL:541|IND:571
29372,CHA:100|ATL:229|WAS:497|ORL:542|IND:596
28017,CHA:74|ATL:221|WAS:471|ORL:557|IND:567
28089,CHA:72|ATL:230|WAS:469|IND:561|ORL:566
29353,CHA:103|ATL:230|WAS:500|ORL:523|IND:596
28136,CHA:78|ATL:239|WAS:463|CLE:560|IND:568
29379,CHA:107|ATL:228|ORL:502|WAS:510|IND:603
28152,CHA:73|ATL:231|WAS:470|ORL:567|IND:575
29340,CHA:82|ATL:223|WAS:479|ORL:539|IND:592
28150,CHA:67|ATL:233|WAS:464|CLE:565|IND:567
28090,CHA:78|ATL:250|WAS:456|CLE:553|IND:581
28042,CHA:73|ATL:245|WAS:458|CLE:554|ORL:577
28073,CHA:56|ATL:222|WAS:453|ORL:552|CLE:571
29702,CHA:62|ATL:221|WAS:460|ORL:543|CLE:578
29364,CHA:86|ATL:237|WAS:491|ORL:514|IND:604
29717,CHA:80|ATL:237|WAS:477|ORL:535|CLE:595
28169,CHA:62|ATL:242|WAS:459|CLE:563|ORL:565
29031,CHA:95|ATL:236|WAS:501|ORL:509|CLE:618
29743,CHA:73|ATL:232|WAS:470|ORL:538|CLE:588
28021,CHA:63|ATL:251|WAS:460|CLE:561|ORL:568
29742,CHA:84|ATL:248|WAS:484|ORL:521|CLE:603
28086,CHA:49|ATL:228|WAS:446|ORL:550|CLE:564
28033,CHA:58|ATL:253|WAS:451|CLE:548|ORL:564
28016,CHA:50|ATL:243|WAS:447|ORL:556|CLE:564
28092,CHA:53|ATL:255|WAS:441|CLE:537|ORL:559
29726,CHA:69|ATL:255|WAS:474|ORL:513|CLE:591
29706,CHA:69|ATL:256|WAS:474|ORL:499|CLE:591
28052,CHA:47|ATL:238|WAS:444|ORL:552|CLE:562
29710,CHA:57|ATL:240|WAS:454|ORL:533|CLE:572
29745,CHA:64|ATL:244|WAS:467|ORL:519|CLE:585
28077,CHA:45|ATL:247|WAS:443|CLE:541|ORL:552
28034,CHA:47|ATL:248|WAS:444|ORL:553|CLE:556
28054,CHA:31|ATL:240|WAS:429|ORL:538|CLE:547
28056,CHA:39|ATL:252|WAS:436|ORL:546|CLE:554
29014,CHA:97|ATL:286|ORL:500|WAS:502|CLE:619
28080,CHA:47|ATL:271|WAS:438|CLE:544|ORL:554
28098,CHA:29|ATL:243|WAS:426|ORL:535|CLE:544
28006,CHA:47|ATL:265|WAS:437|CLE:547|ORL:554
29732,CHA:48|ATL:253|WAS:453|ORL:508|CLE:570
28032,CHA:30|ATL:249|WAS:428|ORL:537|CLE:546
28101,CHA:27|ATL:244|WAS:424|ORL:534|CLE:542
28012,CHA:34|ATL:256|WAS:431|ORL:540|CLE:549
28164,CHA:41|ATL:263|WAS:431|CLE:546|ORL:548
29733,CHA:46|ATL:256|WAS:451|ORL:502|CLE:568
28120,CHA:35|ATL:257|WAS:427|ORL:539|CLE:542
29730,CHA:48|ATL:265|WAS:453|ORL:496|CLE:570
28037,CHA:40|ATL:270|WAS:431|CLE:532|ORL:547
29724,CHA:57|ATL:274|WAS:462|ORL:488|CLE:579
28278,CHA:37|ATL:270|WAS:434|ORL:524|CLE:550
29729,CHA:62|ATL:275|WAS:467|ORL:489|CLE:584
29708,CHA:38|ATL:279|WAS:443|ORL:513|CLE:560
29712,CHA:56|ATL:278|WAS:461|ORL:496|CLE:578
28214,CHA:21|ATL:251|WAS:418|ORL:523|CLE:537
28273,CHA:25|ATL:263|WAS:427|ORL:515|CLE:542
29715,CHA:37|ATL:277|WAS:442|ORL:510|CLE:559
29714,CHA:65|ATL:286|WAS:470|ORL:501|CLE:587
29055,CHA:75|ATL:270|WAS:480|ORL:484|CLE:597
29704,CHA:55|ATL:279|WAS:460|ORL:509|CLE:577
28217,CHA:17|ATL:264|WAS:422|ORL:519|CLE:540
28208,CHA:16|ATL:258|WAS:415|ORL:531|CLE:535
28031,CHA:27|ATL:274|WAS:417|CLE:513|ORL:546
28134,CHA:29|ATL:269|WAS:433|ORL:516|CLE:549
28216,CHA:22|ATL:264|WAS:417|CLE:532|ORL:536
28078,CHA:20|ATL:267|WAS:410|CLE:516|ORL:539
29707,CHA:41|ATL:281|WAS:440|ORL:523|CLE:561
28203,CHA:7|ATL:267|WAS:417|ORL:526|CLE:535
28210,CHA:19|ATL:272|WAS:429|ORL:523|CLE:547
28209,CHA:12|ATL:270|WAS:423|ORL:527|CLE:541
28282,CHA:2|ATL:265|WAS:414|ORL:529|CLE:532
28202,CHA:3|ATL:264|WAS:413|ORL:529|CLE:531
28244,CHA:2|ATL:265|WAS:414|ORL:530|CLE:532
28280,CHA:2|ATL:264|WAS:413|ORL:529|CLE:531
28274,CHA:10|ATL:272|WAS:422|ORL:530|CLE:540
28204,CHA:5|ATL:268|WAS:417|ORL:532|CLE:535
28207,CHA:9|ATL:271|WAS:420|ORL:532|CLE:538
28226,CHA:26|ATL:275|WAS:438|ORL:527|CLE:555
28206,CHA:9|ATL:263|WAS:406|CLE:529|ORL:533
28277,CHA:33|ATL:273|WAS:428|ORL:526|CLE:553
28269,CHA:19|ATL:269|WAS:408|CLE:526|ORL:540
28211,CHA:15|ATL:278|WAS:426|ORL:535|CLE:544
28036,CHA:42|ATL:289|WAS:405|CLE:522|ORL:562
28205,CHA:11|ATL:273|WAS:419|ORL:538|CLE:539
28270,CHA:25|ATL:279|WAS:428|ORL:532|CLE:554
29058,CHA:92|ATL:297|WAS:490|ORL:499|CLE:612
28212,CHA:12|ATL:274|WAS:422|ORL:539|CLE:540
29720,CHA:71|ATL:296|WAS:466|ORL:507|CLE:590
28262,CHA:23|ATL:271|WAS:401|CLE:533|ORL:544
28213,CHA:23|ATL:272|WAS:406|CLE:536|ORL:545
28223,CHA:26|ATL:274|WAS:404|CLE:533|ORL:547
28173,CHA:48|ATL:293|WAS:443|ORL:520|CLE:573
28105,CHA:19|ATL:279|WAS:421|ORL:532|CLE:547
28215,CHA:22|ATL:284|WAS:413|CLE:543|ORL:549
28104,CHA:29|ATL:284|WAS:424|ORL:536|CLE:554
28108,CHA:44|ATL:296|WAS:439|ORL:523|CLE:569
28027,CHA:30|ATL:278|WAS:392|CLE:536|ORL:550
28227,CHA:24|ATL:286|WAS:415|ORL:541|CLE:545
28075,CHA:38|ATL:285|WAS:412|CLE:543|ORL:554
28079,CHA:33|ATL:290|WAS:425|ORL:543|CLE:555
28083,CHA:38|ATL:286|WAS:384|CLE:535|ORL:559
28112,CHA:49|ATL:307|WAS:443|ORL:525|CLE:574
29067,CHA:92|ATL:281|WAS:472|ORL:482|CLE:611
28025,CHA:44|ATL:292|WAS:398|CLE:550|ORL:564
28107,CHA:35|ATL:292|WAS:409|CLE:550|ORL:553
28110,CHA:43|ATL:301|WAS:437|ORL:543|CLE:568
28174,CHA:48|ATL:306|WAS:444|ORL:539|CLE:574
28163,CHA:51|ATL:307|WAS:420|ORL:558|CLE:565
28124,CHA:56|ATL:303|WAS:400|CLE:554|ORL:571
29728,CHA:63|ATL:309|WAS:452|ORL:511|CLE:589
28097,CHA:60|ATL:316|WAS:414|ORL:567|CLE:574
29718,CHA:74|ATL:306|WAS:457|ORL:501|CLE:600
28103,CHA:52|ATL:310|WAS:437|ORL:540|CLE:577
28129,CHA:58|ATL:315|WAS:416|ORL:548|CLE:573
28109,CHA:61|ATL:309|WAS:387|CLE:545|ORL:569
28133,CHA:76|ATL:332|WAS:443|ORL:528|CLE:601
29727,CHA:75|ATL:314|WAS:442|ORL:512|CLE:600
28137,CHA:72|ATL:320|WAS:390|CLE:553|ORL:575
28135,CHA:65|ATL:323|WAS:430|ORL:533|CLE:584
28001,CHA:68|ATL:321|WAS:398|ORL:552|CLE:563
29741,CHA:74|ATL:320|WAS:433|ORL:507|CLE:600
28127,CHA:77|ATL:325|WAS:394|CLE:561|ORL:571
28128,CHA:95|ATL:347|WAS:424|ORL:557|CLE:589
28007,CHA:74|ATL:332|WAS:418|ORL:532|CLE:588
28009,CHA:82|ATL:330|WAS:399|ORL:565|CLE:566
29709,CHA:82|ATL:322|WAS:429|ORL:502|CLE:607
28170,CHA:71|ATL:329|WAS:417|ORL:521|CLE:596
29584,CHA:100|ATL:313|WAS:432|ORL:492|CLE:626
28119,CHA:84|ATL:341|WAS:414|ORL:507|CLE:607
27306,CHA:93|ATL:347|WAS:401|ORL:547|CLE:581
28102,CHA:85|ATL:341|WAS:415|ORL:499|CLE:607
27371,CHA:107|ATL:354|WAS:391|CLE:570|ORL:574
28091,CHA:96|ATL:354|WAS:421|ORL:535|CLE:614
29520,CHA:94|ATL:334|WAS:418|ORL:490|CLE:618
29596,CHA:104|ATL:341|WAS:415|ORL:497|CLE:614
28330,CHA:94|ATL:352|WAS:392|ORL:511|CLE:589
27356,CHA:118|ATL:366|WAS:367|CLE:547|IND:622
27229,CHA:114|ATL:368|WAS:382|ORL:547|CLE:568
27247,CHA:125|ATL:373|WAS:374|CLE:554|IND:629
28379,CHA:93|ATL:351|WAS:386|ORL:513|CLE:584
27209,CHA:114|ATL:366|WAS:374|ORL:552|CLE:556
28338,CHA:106|ATL:365|WAS:383|ORL:533|CLE:575
28367,CHA:107|ATL:365|WAS:377|ORL:534|CLE:565
29512,CHA:114|ATL:335|WAS:408|ORL:490|CLE:625
28345,CHA:102|ATL:356|WAS:391|ORL:513|CLE:597
27242,CHA:134|WAS:380|ATL:386|ORL:561|CLE:574
27281,CHA:120|WAS:374|ATL:379|ORL:547|CLE:581
29594,CHA:124|ATL:343|WAS:395|ORL:498|CLE:625
28351,CHA:114|ATL:368|WAS:398|ORL:522|CLE:609
27325,CHA:131|WAS:357|ATL:379|CLE:560|NYK:634
28343,CHA:124|ATL:360|WAS:396|ORL:515|CLE:619
29570,CHA:122|ATL:341|WAS:389|ORL:496|CLE:620
28347,CHA:114|WAS:367|ATL:372|ORL:533|CLE:588
28363,CHA:129|ATL:380|WAS:392|ORL:534|CLE:617
27259,CHA:134|WAS:348|ATL:382|CLE:557|NYK:626
27376,CHA:127|WAS:357|ATL:385|ORL:554|CLE:578
29525,CHA:129|ATL:344|WAS:396|ORL:492|CLE:636
28373,CHA:120|WAS:360|ATL:378|ORL:538|CLE:595
28374,CHA:132|WAS:359|ATL:390|ORL:552|CLE:585
28352,CHA:120|ATL:355|WAS:382|ORL:506|CLE:615
28315,CHA:125|WAS:358|ATL:383|ORL:543|CLE:594
29567,CHA:140|ATL:341|WAS:394|ORL:489|CLE:641
28327,CHA:139|WAS:343|ATL:391|CLE:575|NYK:621
28396,CHA:138|ATL:377|WAS:378|ORL:531|CLE:617
28387,CHA:132|WAS:347|ATL:390|ORL:548|CLE:593
28364,CHA:133|ATL:358|WAS:378|ORL:506|CLE:629
28350,CHA:144|WAS:342|ATL:402|ORL:560|CLE:589
28383,CHA:142|ATL:337|WAS:376|ORL:486|CLE:637
28394,CHA:144|WAS:346|ATL:402|ORL:560|CLE:593
28376,CHA:147|WAS:358|ATL:398|ORL:547|CLE:617
28377,CHA:144|WAS:362|ATL:374|ORL:522|CLE:640
28355,CHA:159|WAS:328|ATL:413|CLE:575|NYK:606
28372,CHA:146|ATL:360|WAS:371|ORL:508|CLE:642
28326,CHA:169|WAS:350|ATL:427|ORL:575|CLE:596
27332,CHA:161|WAS:334|ATL:417|CLE:578|NYK:611
28386,CHA:150|WAS:355|ATL:377|ORL:526|NYK:633
28368,CHA:163|WAS:330|ATL:414|ORL:570|CLE:575
28357,CHA:154|WAS:344|ATL:369|ORL:518|NYK:622
28360,CHA:157|ATL:353|WAS:362|ORL:501|NYK:640
28359,CHA:149|ATL:348|WAS:362|ORL:496|NYK:640
28378,CHA:159|WAS:346|ATL:367|ORL:515|NYK:624
28310,CHA:170|WAS:338|ATL:393|ORL:541|CLE:616
28314,CHA:169|WAS:334|ATL:382|ORL:531|NYK:612
28308,CHA:173|WAS:338|ATL:398|ORL:546|CLE:614
27505,CHA:179|WAS:343|ATL:427|CLE:588|NYK:621
28307,CHA:171|WAS:335|ATL:392|ORL:540|NYK:613
28304,CHA:171|WAS:341|ATL:385|ORL:533|NYK:619
28371,CHA:162|WAS:334|ATL:368|ORL:516|NYK:612
28303,CHA:179|WAS:336|ATL:386|ORL:534|NYK:613
28390,CHA:178|WAS:336|ATL:405|ORL:553|CLE:597
28384,CHA:170|WAS:345|ATL:366|ORL:515|NYK:623
28358,CHA:164|ATL:360|WAS:362|ORL:508|NYK:640
28348,CHA:173|WAS:334|ATL:375|ORL:524|NYK:612
28305,CHA:182|WAS:327|ATL:381|ORL:529|NYK:605
28306,CHA:172|WAS:326|ATL:371|ORL:519|NYK:604
28311,CHA:184|WAS:326|ATL:398|ORL:546|NYK:604
28301,CHA:183|WAS:325|ATL:381|ORL:529|NYK:603
27546,CHA:184|WAS:327|ATL:427|ORL:575|CLE:593
28323,CHA:188|WAS:321|ATL:416|ORL:565|NYK:599
28392,CHA:178|WAS:346|ATL:375|ORL:523|NYK:624
28356,CHA:194|WAS:321|ATL:409|ORL:557|NYK:599
28320,CHA:171|ATL:368|WAS:368|ORL:516|NYK:646
27506,CHA:190|WAS:308|ATL:416|ORL:564|NYK:586
28312,CHA:186|WAS:327|ATL:383|ORL:531|NYK:605
28339,CHA:197|WAS:316|ATL:415|ORL:564|NYK:594
28395,CHA:188|WAS:313|ATL:388|ORL:536|NYK:591
28399,CHA:197|WAS:343|ATL:393|ORL:541|NYK:621
28332,CHA:182|WAS:361|ATL:378|ORL:526|NYK:639
28391,CHA:193|WAS:321|ATL:390|ORL:538|NYK:599
27501,CHA:203|WAS:308|ATL:421|NYK:586|BKN:588
27521,CHA:198|WAS:301|ATL:413|ORL:561|NYK:579
28342,CHA:198|WAS:307|ATL:396|ORL:544|NYK:584
28331,CHA:196|WAS:304|ATL:394|ORL:542|NYK:582
28318,CHA:203|WAS:330|ATL:400|ORL:548|NYK:608
28344,CHA:200|WAS:315|ATL:400|ORL:548|NYK:593
28337,CHA:192|WAS:362|ATL:389|ORL:537|NYK:640
28334,CHA:205|WAS:300|ATL:402|ORL:551|NYK:578
28382,CHA:226|WAS:346|ATL:423|ORL:571|NYK:623
27504,CHA:206|WAS:290|ATL:411|ORL:559|NYK:568
28385,CHA:214|WAS:319|ATL:411|ORL:559|NYK:597
28441,CHA:223|WAS:350|ATL:420|ORL:568|NYK:628
27524,CHA:218|WAS:285|ATL:420|NYK:563|BKN:565
28366,CHA:220|WAS:302|ATL:419|ORL:568|NYK:580
28448,CHA:235|WAS:400|ATL:431|ORL:579|NYK:677
27577,CHA:211|WAS:273|ATL:423|NYK:551|BKN:553
28328,CHA:227|WAS:320|ATL:425|ORL:573|NYK:598
28444,CHA:217|WAS:356|ATL:414|ORL:562|NYK:634
28447,CHA:228|WAS:358|ATL:425|ORL:573|NYK:636
28393,CHA:239|WAS:317|ATL:435|ORL:584|NYK:595
28341,CHA:231|WAS:301|ATL:431|NYK:578|ORL:579
27569,CHA:222|WAS:277|ATL:439|NYK:554|BKN:556
28421,CHA:227|WAS:371|ATL:427|ORL:575|NYK:649
28325,CHA:238|WAS:297|ATL:437|NYK:575|BKN:577
28458,CHA:241|WAS:333|ATL:437|ORL:586|NYK:611
28453,CHA:239|WAS:324|ATL:435|ORL:583|NYK:602
28398,CHA:248|WAS:316|ATL:447|NYK:594|ORL:595
27530,CHA:233|WAS:281|ATL:443|NYK:559|BKN:561
28365,CHA:245|WAS:299|ATL:445|NYK:577|BKN:579
28478,CHA:240|WAS:347|ATL:436|ORL:585|NYK:624
27533,CHA:237|WAS:279|ATL:445|NYK:556|BKN:558
28464,CHA:248|WAS:340|ATL:444|ORL:593|NYK:617
28333,CHA:248|WAS:286|ATL:450|NYK:564|BKN:566
27863,CHA:237|WAS:272|ATL:454|NYK:549|BKN:551
27531,CHA:250|WAS:288|ATL:461|NYK:566|BKN:568
28349,CHA:259|WAS:317|ATL:455|NYK:595|BKN:597
28425,CHA:251|WAS:349|ATL:450|ORL:599|NYK:627
27534,CHA:246|WAS:285|ATL:463|NYK:563|BKN:565
28466,CHA:298|WAS:379|ATL:494|ORL:642|NYK:656
28578,CHA:262|WAS:302|ATL:461|NYK:580|BKN:582
28508,CHA:267|WAS:310|ATL:466|NYK:588|BKN:590
28551,CHA:252|WAS:291|ATL:469|NYK:569|BKN:571
28518,CHA:274|WAS:336|ATL:470|NYK:614|BKN:616
28521,CHA:278|WAS:349|ATL:474|ORL:623|NYK:627
28572,CHA:282|WAS:323|ATL:478|NYK:601|BKN:603
28525,CHA:271|WAS:311|ATL:476|NYK:588|BKN:590
28580,CHA:253|WAS:286|ATL:472|NYK:564|BKN:566
28454,CHA:274|WAS:359|ATL:473|ORL:621|NYK:637
28504,CHA:269|WAS:308|ATL:474|NYK:586|BKN:588
28554,CHA:258|WAS:292|ATL:479|NYK:570|BKN:571
28574,CHA:288|WAS:342|ATL:484|NYK:619|BKN:621
28538,CHA:263|WAS:297|ATL:483|NYK:575|BKN:576
28445,CHA:275|WAS:385|ATL:474|ORL:623|NYK:663
28501,CHA:278|WAS:318|ATL:490|NYK:595|BKN:597
28540,CHA:285|WAS:357|ATL:484|ORL:632|NYK:635
28542,CHA:312|WAS:387|ATL:511|ORL:659|NYK:665
28585,CHA:306|WAS:348|ATL:502|NYK:626|BKN:628
28460,CHA:285|WAS:383|ATL:484|ORL:632|NYK:661
28530,CHA:277|WAS:310|ATL:502|NYK:587|BKN:589
28526,CHA:289|WAS:329|ATL:501|NYK:606|BKN:608
28543,CHA:300|WAS:367|ATL:500|NYK:644|BKN:646
28546,CHA:320|WAS:374|ATL:516|NYK:652|BKN:653
28513,CHA:268|WAS:300|ATL:498|NYK:578|BKN:580
28547,CHA:324|WAS:391|ATL:523|NYK:668|BKN:670
28523,CHA:297|WAS:336|ATL:509|NYK:614|BKN:616
28544,CHA:304|WAS:371|ATL:504|NYK:649|BKN:650
28555,CHA:311|WAS:357|ATL:511|NYK:634|BKN:636
28539,CHA:310|WAS:376|ATL:509|NYK:654|BKN:656
28573,CHA:318|WAS:358|ATL:524|NYK:635|BKN:637
28586,CHA:288|WAS:316|ATL:517|NYK:594|BKN:596
28582,CHA:332|WAS:378|ATL:531|NYK:655|BKN:657
28562,CHA:307|WAS:347|ATL:519|NYK:625|BKN:627
28584,CHA:337|WAS:382|ATL:536|NYK:659|BKN:661
27817,CHA:298|WAS:312|ATL:528|NYK:590|BKN:592
28527,CHA:306|WAS:334|ATL:533|NYK:611|BKN:613
28519,CHA:313|WAS:341|ATL:526|NYK:619|BKN:620
28560,CHA:314|WAS:344|ATL:527|NYK:622|BKN:624
28594,CHA:339|WAS:386|ATL:538|NYK:664|BKN:666
27814,CHA:321|WAS:336|ATL:552|NYK:613|BKN:615
28533,CHA:331|WAS:366|ATL:543|NYK:644|BKN:646
28532,CHA:332|WAS:367|ATL:544|NYK:645|BKN:647
28575,CHA:348|WAS:398|ATL:547|NYK:676|BKN:678
28570,CHA:337|WAS:372|ATL:545|NYK:650|BKN:652
28529,CHA:321|WAS:347|ATL:533|NYK:625|BKN:627
27821,CHA:311|WAS:325|ATL:541|NYK:603|BKN:605
28512,CHA:357|WAS:394|ATL:556|NYK:672|BKN:674
28509,CHA:324|WAS:345|ATL:536|NYK:623|BKN:625
28510,CHA:337|WAS:360|ATL:549|NYK:638|BKN:640
27808,CHA:326|WAS:340|ATL:556|NYK:618|BKN:620
27806,CHA:323|WAS:337|ATL:551|NYK:615|BKN:617
28557,CHA:349|WAS:384|ATL:552|NYK:662|BKN:664
28571,CHA:341|WAS:363|ATL:553|NYK:641|BKN:643
28515,CHA:337|WAS:358|ATL:549|NYK:636|BKN:638
28587,CHA:340|WAS:361|ATL:552|NYK:639|BKN:641
28556,CHA:358|WAS:379|ATL:570|NYK:657|BKN:659
28516,CHA:380|WAS:415|ATL:592|NYK:692|BKN:694
28537,CHA:341|WAS:356|ATL:566|NYK:634|BKN:635
28552,CHA:344|WAS:358|ATL:568|NYK:636|BKN:638
28531,CHA:375|WAS:410|ATL:587|NYK:688|BKN:690
28528,CHA:371|WAS:406|ATL:583|NYK:684|BKN:685
28553,CHA:370|WAS:405|ATL:582|NYK:683|BKN:685
28579,CHA:378|WAS:413|ATL:590|NYK:691|BKN:693
28589,CHA:371|WAS:406|ATL:583|NYK:684|BKN:686
28520,
28524,CHA:376|WAS:411|ATL:588|NYK:689|BKN:690
28581,CHA:402|WAS:437|ATL:614|NYK:715|BKN:717
28577,CHA:399|WAS:434|ATL:611|NYK:712|BKN:714
28511,CHA:391|WAS:426|ATL:603|NYK:704|BKN:706
37870,ATL:292|CHA:318|IND:361|MEM:455|CLE:516
37848,ATL:256|CHA:282|IND:390|MEM:430|WAS:496
37825,ATL:287|CHA:305|IND:370|MEM:461|WAS:509
37709,ATL:249|CHA:275|IND:397|MEM:423|WAS:495
37888,ATL:280|CHA:290|IND:386|MEM:454|WAS:495
37820,CHA:252|ATL:253|IND:400|MEM:427|WAS:480
37861,CHA:263|ATL:265|IND:391|MEM:438|WAS:484
37879,CHA:292|ATL:303|IND:369|MEM:477|WAS:497
37760,CHA:250|ATL:262|IND:409|MEM:436|WAS:476
37877,CHA:242|ATL:260|IND:403|MEM:434|WAS:463
37725,CHA:236|ATL:258|IND:405|MEM:431|WAS:468
37881,CHA:281|ATL:292|IND:377|MEM:466|WAS:486
37814,CHA:263|ATL:283|IND:405|MEM:456|WAS:471
37708,CHA:263|ATL:284|IND:387|MEM:458|WAS:472
37890,CHA:234|ATL:265|IND:404|MEM:438|WAS:459
37813,CHA:245|ATL:269|IND:392|MEM:443|WAS:450
37811,CHA:263|ATL:281|IND:382|WAS:453|MEM:454
37722,CHA:210|ATL:261|IND:428|MEM:454|WAS:484
37821,CHA:220|ATL:271|IND:421|MEM:447|WAS:476
37860,CHA:261|ATL:286|IND:401|MEM:459|WAS:460
28785,
37891,CHA:257|ATL:282|IND:397|WAS:449|MEM:456
37713,CHA:245|ATL:296|IND:429|MEM:472|WAS:476
28751,CHA:196|ATL:236|IND:492|MEM:518|WAS:544
37810,CHA:252|ATL:280|IND:409|WAS:446|MEM:454
37753,CHA:217|ATL:268|IND:443|MEM:469|WAS:499
37843,CHA:231|ATL:283|IND:432|MEM:459|WAS:468
37711,CHA:261|ATL:293|IND:414|WAS:453|MEM:467
37809,CHA:252|ATL:293|IND:422|WAS:452|MEM:467
37727,CHA:231|ATL:297|IND:449|MEM:475|WAS:493
28745,CHA:170|ATL:214|IND:473|MEM:500|WAS:518
37818,CHA:239|ATL:281|IND:410|WAS:440|MEM:455
37857,CHA:266|ATL:305|IND:406|WAS:445|MEM:478
28721,CHA:179|ATL:229|IND:471|MEM:497|WAS:527
28743,CHA:199|ATL:256|IND:475|MEM:502|WAS:511
37743,CHA:218|ATL:300|IND:440|WAS:462|MEM:481
37745,CHA:247|ATL:300|IND:429|WAS:432|MEM:473
28748,CHA:172|ATL:248|IND:501|WAS:504|MEM:527
37616,CHA:243|ATL:306|IND:434|WAS:438|MEM:479
28753,CHA:191|ATL:282|IND:481|WAS:498|MEM:510
28715,CHA:152|ATL:233|IND:486|WAS:500|MEM:512
37641,CHA:250|ATL:325|IND:453|WAS:457|MEM:498
28701,CHA:169|ATL:256|WAS:486|IND:498|MEM:527
37656,CHA:228|ATL:303|WAS:409|IND:432|MEM:477
37681,CHA:235|ATL:310|WAS:429|IND:439|MEM:484
28806,CHA:146|ATL:236|IND:489|WAS:489|MEM:515
37657,CHA:188|ATL:278|WAS:448|IND:480|MEM:523
37690,CHA:231|ATL:316|WAS:434|IND:445|MEM:490
28801,CHA:149|ATL:240|WAS:484|IND:495|MEM:521
28804,CHA:160|ATL:253|WAS:486|IND:505|MEM:534
28803,CHA:147|ATL:238|WAS:497|IND:500|MEM:526
28787,CHA:176|ATL:267|WAS:484|IND:508|MEM:537
28754,CHA:173|ATL:264|WAS:463|IND:495|MEM:524
37659,CHA:228|ATL:318|WAS:435|IND:452|MEM:497
37663,CHA:228|ATL:315|WAS:404|IND:443|CLE:480
28805,CHA:147|ATL:251|WAS:497|IND:507|MEM:533
37650,CHA:195|ATL:286|WAS:441|IND:473|MEM:517
37615,CHA:221|ATL:318|WAS:412|IND:447|CLE:488
28778,CHA:144|ATL:256|WAS:494|IND:511|MEM:538
37604,CHA:213|ATL:313|WAS:425|IND:460|CLE:501
28709,CHA:189|ATL:279|WAS:493|IND:520|MEM:549
37614,CHA:209|ATL:309|WAS:424|IND:460|CLE:501
28730,CHA:160|ATL:251|WAS:514|IND:523|MEM:549
37686,CHA:218|ATL:325|WAS:411|IND:461|CLE:488
37601,CHA:208|ATL:314|WAS:427|IND:463|CLE:504
28740,CHA:181|ATL:302|WAS:461|IND:495|CLE:538
28714,CHA:175|ATL:293|WAS:490|IND:524|MEM:554
37692,CHA:201|ATL:306|WAS:438|IND:474|CLE:515
28757,CHA:135|ATL:259|WAS:485|IND:515|MEM:541
37682,CHA:201|ATL:308|WAS:427|IND:463|CLE:504
37694,CHA:212|ATL:321|WAS:418|IND:469|CLE:495
28770,CHA:128|ATL:254|WAS:479|IND:510|MEM:536
28711,CHA:148|ATL:262|WAS:498|IND:526|MEM:552
28755,CHA:158|ATL:289|WAS:483|IND:517|MEM:550
37618,CHA:224|ATL:341|WAS:410|IND:469|CLE:487
28762,CHA:122|ATL:261|WAS:472|IND:518|MEM:544
37658,CHA:203|ATL:339|WAS:441|IND:495|CLE:518
28705,CHA:173|ATL:321|WAS:481|IND:517|CLE:558
37643,CHA:216|ATL:341|WAS:434|IND:489|CLE:510
28749,CHA:143|ATL:294|WAS:494|IND:532|CLE:572
37687,CHA:175|ATL:334|WAS:446|IND:496|CLE:522
28777,CHA:149|ATL:300|WAS:482|IND:520|CLE:559
28752,CHA:117|ATL:268|WAS:467|IND:536|MEM:562
28664,CHA:157|ATL:312|WAS:463|IND:514|CLE:540
28652,CHA:160|ATL:319|WAS:456|IND:506|CLE:533
37640,CHA:203|ATL:363|WAS:434|CLE:510|IND:519
28167,CHA:111|ATL:248|WAS:473|IND:543|CLE:569
28622,CHA:167|ATL:332|WAS:445|IND:507|CLE:522
28657,CHA:152|ATL:309|WAS:468|IND:524|CLE:545
28616,CHA:145|ATL:306|WAS:461|IND:518|CLE:538
28761,CHA:104|ATL:263|WAS:454|IND:535|CLE:550
28653,CHA:146|ATL:314|WAS:453|IND:513|CLE:530
28641,CHA:134|ATL:306|WAS:462|IND:524|CLE:539
28662,CHA:138|ATL:307|WAS:456|IND:518|CLE:533
28604,CHA:163|ATL:333|WAS:444|IND:518|CLE:521
28646,CHA:156|ATL:325|WAS:460|IND:526|CLE:537
28679,CHA:159|ATL:349|WAS:430|CLE:506|IND:521
28692,CHA:166|ATL:359|WAS:426|CLE:503|IND:521
37683,CHA:181|ATL:373|WAS:412|CLE:488|IND:506
28628,CHA:97|ATL:270|WAS:447|CLE:544|IND:545
28698,CHA:160|ATL:353|WAS:417|CLE:493|IND:512
37691,CHA:161|ATL:355|WAS:409|CLE:485|IND:503
28655,CHA:103|ATL:279|WAS:453|CLE:550|IND:553
28611,CHA:136|ATL:329|WAS:472|IND:561|CLE:565
28605,CHA:128|ATL:330|WAS:445|CLE:522|IND:540
28615,CHA:169|ATL:379|WAS:417|CLE:494|IND:512
28607,CHA:139|ATL:345|WAS:436|CLE:513|IND:535
28020,CHA:92|ATL:256|WAS:461|CLE:558|IND:578
28619,CHA:93|ATL:283|WAS:443|CLE:539|IND:558
28684,CHA:151|ATL:367|WAS:428|CLE:505|IND:537
28690,CHA:87|ATL:279|WAS:437|CLE:534|IND:559
28693,CHA:162|ATL:391|WAS:417|CLE:494|IND:532
28645,CHA:106|ATL:308|WAS:431|CLE:524|IND:568
28612,CHA:88|ATL:268|WAS:439|CLE:535|IND:564
28671,CHA:83|ATL:276|WAS:434|CLE:530|IND:559
28626,CHA:136|ATL:357|WAS:421|CLE:498|IND:548
28618,CHA:126|ATL:346|WAS:423|CLE:504|IND:544
28638,CHA:86|ATL:287|WAS:437|CLE:530|IND:575
28666,CHA:78|ATL:276|WAS:428|CLE:524|IND:563
28694,CHA:136|ATL:366|WAS:409|CLE:485|IND:542
28667,CHA:85|ATL:286|WAS:437|CLE:533|IND:572
28168,CHA:72|ATL:266|WAS:443|CLE:540|ORL:579
28630,CHA:90|ATL:292|WAS:443|CLE:539|IND:584
28637,CHA:77|ATL:279|WAS:427|CLE:524|IND:566
28624,CHA:121|ATL:335|WAS:418|CLE:511|IND:571
28640,CHA:132|ATL:368|WAS:400|CLE:480|IND:543
28602,CHA:72|ATL:274|WAS:427|CLE:523|IND:574
28665,CHA:119|ATL:346|WAS:416|CLE:509|IND:569
28617,CHA:150|ATL:386|WAS:392|CLE:472|IND:547
28629,CHA:134|ATL:369|WAS:410|CLE:492|IND:556
28672,CHA:147|ATL:386|WAS:389|CLE:470|IND:545
28601,CHA:80|ATL:282|WAS:426|CLE:523|IND:579
28651,CHA:124|ATL:359|WAS:421|CLE:508|IND:570
28606,CHA:107|ATL:317|WAS:408|CLE:501|IND:576
28644,CHA:136|ATL:377|WAS:390|CLE:471|IND:546
28658,CHA:69|ATL:273|WAS:427|CLE:523|ORL:576
28681,CHA:79|ATL:305|WAS:420|CLE:513|IND:588
28649,CHA:128|ATL:369|WAS:412|CLE:496|IND:571
28613,CHA:68|ATL:281|WAS:413|CLE:509|ORL:574
28697,CHA:92|ATL:332|WAS:390|CLE:483|IND:558
28654,CHA:100|ATL:328|WAS:406|CLE:499|IND:574
28650,CHA:59|ATL:266|WAS:432|CLE:529|ORL:565
28659,CHA:105|ATL:345|WAS:399|CLE:492|IND:567
28610,CHA:70|ATL:286|WAS:413|CLE:509|ORL:577
28635,CHA:134|ATL:381|WAS:409|CLE:502|IND:577
28678,CHA:67|ATL:300|WAS:409|CLE:505|IND:580
28636,CHA:74|ATL:310|WAS:408|CLE:501|IND:576
28609,CHA:65|ATL:284|WAS:425|CLE:522|ORL:572
28685,CHA:106|ATL:353|WAS:381|CLE:474|IND:549
28627,CHA:112|ATL:360|WAS:372|CLE:465|IND:540
28673,CHA:50|ATL:281|WAS:425|CLE:521|ORL:561
28669,CHA:96|ATL:343|WAS:379|CLE:472|IND:547
28668,CHA:128|ATL:375|WAS:403|CLE:496|IND:571
28682,CHA:50|ATL:284|WAS:425|CLE:520|ORL:564
28689,CHA:75|ATL:322|WAS:388|CLE:481|IND:556
28677,CHA:54|ATL:296|WAS:404|CLE:500|ORL:573
28670,CHA:88|ATL:335|WAS:378|CLE:471|IND:546
28683,CHA:102|ATL:349|WAS:377|CLE:470|IND:545
28117,CHA:36|ATL:284|WAS:414|CLE:509|ORL:556
28625,CHA:63|ATL:311|WAS:397|CLE:490|IND:565
28166,CHA:42|ATL:289|WAS:408|CLE:501|ORL:562
28660,CHA:74|ATL:322|WAS:398|CLE:491|IND:566
28676,CHA:93|ATL:340|WAS:371|CLE:464|IND:539
28642,CHA:84|ATL:331|WAS:369|CLE:462|IND:537
27020,CHA:73|ATL:320|WAS:368|CLE:461|IND:536
28621,CHA:92|ATL:339|WAS:367|CLE:460|IND:535
28115,CHA:46|ATL:293|WAS:402|CLE:516|ORL:566
28634,CHA:73|ATL:320|WAS:387|CLE:480|IND:554
27017,CHA:96|ATL:343|WAS:354|CLE:447|IND:522
27013,CHA:62|ATL:310|WAS:397|CLE:505|IND:580
28125,CHA:59|ATL:306|WAS:395|CLE:517|ORL:579
27011,CHA:95|ATL:342|WAS:378|CLE:471|IND:546
28081,CHA:41|ATL:289|WAS:392|CLE:528|ORL:562
27055,CHA:85|ATL:332|WAS:376|CLE:474|IND:549
27030,CHA:110|WAS:349|ATL:357|CLE:442|IND:517
28088,CHA:43|ATL:291|WAS:383|CLE:527|ORL:564
28023,CHA:45|ATL:292|WAS:383|CLE:525|ORL:565
27054,CHA:69|ATL:316|WAS:390|CLE:499|IND:574
27007,CHA:115|ATL:362|WAS:362|CLE:455|IND:530
27028,CHA:72|ATL:319|WAS:377|CLE:493|IND:568
27047,CHA:115|ATL:362|WAS:371|CLE:464|IND:539
28147,CHA:56|ATL:304|WAS:378|CLE:515|ORL:576
27014,CHA:71|ATL:319|WAS:387|CLE:502|IND:577
27018,CHA:106|ATL:353|WAS:382|CLE:479|IND:554
27041,CHA:119|WAS:362|ATL:366|CLE:455|IND:530
28041,CHA:51|ATL:299|WAS:376|CLE:529|ORL:572
28144,CHA:62|ATL:310|WAS:375|CLE:526|IND:601
27023,CHA:98|ATL:345|WAS:369|CLE:487|IND:562
27043,CHA:118|WAS:364|ATL:366|CLE:457|IND:532
28072,CHA:53|ATL:301|WAS:373|CLE:526|ORL:574
27006,CHA:87|ATL:334|WAS:375|CLE:508|IND:583
28138,CHA:51|ATL:299|WAS:388|CLE:541|ORL:572
28039,CHA:54|ATL:302|WAS:368|CLE:521|IND:596
28159,CHA:57|ATL:305|WAS:369|CLE:522|IND:597
27050,CHA:112|ATL:359|WAS:370|CLE:470|IND:545
28146,CHA:56|ATL:304|WAS:374|CLE:528|ORL:577
27040,CHA:106|ATL:353|WAS:372|CLE:476|IND:551
27012,CHA:88|ATL:336|WAS:365|CLE:501|IND:575
27299,CHA:61|ATL:309|WAS:366|CLE:520|IND:594
27053,CHA:145|WAS:376|ATL:393|CLE:480|IND:555
27021,CHA:117|ATL:365|WAS:372|CLE:469|IND:544
27104,CHA:98|ATL:345|WAS:366|CLE:490|IND:565
27106,CHA:105|ATL:352|WAS:372|CLE:482|IND:557
27103,CHA:91|ATL:339|WAS:358|CLE:496|IND:571
27295,CHA:70|ATL:318|WAS:364|CLE:509|IND:584
28071,CHA:58|ATL:306|WAS:388|CLE:542|ORL:575
27045,CHA:108|ATL:356|WAS:363|CLE:471|IND:546
27127,CHA:86|ATL:334|WAS:360|CLE:498|IND:573
27109,
27351,CHA:80|ATL:328|WAS:369|CLE:530|IND:605
27374,CHA:78|ATL:326|WAS:368|CLE:505|IND:580
27019,CHA:117|ATL:365|WAS:370|CLE:482|IND:557
27105,CHA:99|ATL:347|WAS:357|CLE:476|IND:551
27110,CHA:88|ATL:336|WAS:351|CLE:483|IND:558
27016,CHA:143|WAS:368|ATL:391|CLE:485|IND:560
27292,CHA:76|ATL:324|WAS:364|CLE:525|IND:600
27101,CHA:95|ATL:342|WAS:352|CLE:482|IND:557
27107,CHA:85|ATL:333|WAS:354|CLE:498|IND:572
27051,CHA:110|ATL:358|WAS:359|CLE:486|IND:561
27052,CHA:124|ATL:372|WAS:372|CLE:492|IND:566
27360,CHA:74|ATL:322|WAS:343|CLE:519|IND:594
27239,CHA:81|ATL:329|WAS:366|CLE:537|IND:612
27284,CHA:100|WAS:343|ATL:348|CLE:485|IND:560
27009,CHA:113|ATL:361|WAS:361|CLE:491|IND:566
27042,CHA:132|WAS:365|ATL:380|CLE:499|IND:574
27262,CHA:94|ATL:342|WAS:346|CLE:510|IND:585
27265,CHA:100|WAS:345|ATL:347|CLE:506|IND:581
27235,CHA:102|WAS:340|ATL:350|CLE:493|IND:568
27268,CHA:97|WAS:343|ATL:345|CLE:509|IND:584
27310,CHA:111|WAS:343|ATL:359|CLE:498|IND:573
27027,CHA:138|WAS:352|ATL:386|CLE:507|IND:582
27260,CHA:90|WAS:336|ATL:338|CLE:507|IND:582
27370,CHA:98|ATL:346|WAS:356|CLE:534|IND:609
27357,CHA:126|WAS:362|ATL:374|CLE:504|IND:579
27025,CHA:131|WAS:354|ATL:379|CLE:511|IND:586
27409,CHA:103|WAS:335|ATL:351|CLE:494|IND:569
27263,CHA:90|ATL:338|WAS:338|CLE:516|IND:591
27282,CHA:95|WAS:332|ATL:343|CLE:504|IND:579
27048,CHA:143|WAS:344|ATL:391|CLE:510|IND:585
27410,CHA:107|WAS:335|ATL:355|CLE:503|IND:578
27350,CHA:109|WAS:354|ATL:357|CLE:532|IND:607
27358,CHA:121|WAS:345|ATL:369|CLE:512|IND:587
27407,CHA:94|WAS:329|ATL:341|CLE:504|IND:579
27205,CHA:107|ATL:355|WAS:357|CLE:537|IND:612
27403,CHA:99|WAS:329|ATL:347|CLE:503|IND:578
27455,CHA:116|WAS:337|ATL:364|CLE:512|IND:587
27408,CHA:110|WAS:332|ATL:358|CLE:510|IND:585
27412,CHA:102|WAS:329|ATL:350|CLE:506|IND:581
27317,CHA:108|WAS:341|ATL:356|CLE:521|IND:596
27203,CHA:107|WAS:350|ATL:355|CLE:530|IND:605
27411,CHA:104|WAS:325|ATL:352|CLE:512|IND:587
27401,CHA:101|WAS:322|ATL:349|CLE:510|IND:585
27406,CHA:95|WAS:322|ATL:343|CLE:504|IND:579
27313,CHA:104|WAS:330|ATL:352|CLE:518|IND:593
27288,CHA:144|WAS:329|ATL:391|CLE:513|IND:588
27405,CHA:109|WAS:325|ATL:357|CLE:517|IND:592
27248,CHA:123|WAS:352|ATL:371|CLE:540|IND:615
27233,CHA:111|WAS:336|ATL:359|CLE:523|IND:598
27341,CHA:130|ATL:378|WAS:379|CLE:559|IND:634
27214,CHA:122|WAS:331|ATL:370|CLE:522|IND:597
27301,CHA:109|WAS:319|ATL:357|CLE:514|IND:589
27320,CHA:129|WAS:324|ATL:377|CLE:526|NYK:597
27283,CHA:112|WAS:324|ATL:360|CLE:521|IND:596
27316,CHA:121|WAS:344|ATL:369|CLE:538|IND:613
27342,CHA:108|WAS:310|ATL:356|CLE:517|NYK:588
27377,CHA:111|WAS:312|ATL:359|CLE:520|NYK:590
27249,CHA:119|WAS:320|ATL:366|CLE:524|NYK:598
27355,CHA:126|WAS:339|ATL:374|CLE:535|IND:610
27298,CHA:122|WAS:329|ATL:370|CLE:531|IND:606
27326,CHA:142|WAS:316|ATL:390|CLE:537|NYK:589
27208,CHA:128|WAS:347|ATL:376|CLE:552|NYK:625
27215,CHA:125|WAS:312|ATL:372|CLE:533|NYK:589
27202,CHA:127|WAS:311|ATL:374|CLE:535|NYK:589
27244,CHA:134|WAS:318|ATL:382|CLE:542|NYK:596
27201,CHA:118|WAS:305|ATL:366|CLE:527|NYK:583
27311,CHA:144|WAS:309|ATL:392|CLE:539|NYK:582
27344,CHA:135|WAS:337|ATL:383|CLE:544|NYK:614
27349,CHA:133|WAS:317|ATL:381|CLE:542|NYK:595
27213,CHA:135|WAS:336|ATL:383|CLE:544|NYK:613
27207,CHA:137|WAS:333|ATL:385|CLE:546|NYK:611
27217,CHA:134|WAS:312|ATL:382|CLE:543|NYK:589
27252,CHA:147|WAS:336|ATL:395|CLE:558|NYK:614
27258,CHA:125|WAS:297|ATL:372|CLE:533|NYK:575
27379,CHA:161|WAS:318|ATL:409|CLE:560|NYK:596
27253,CHA:145|WAS:318|ATL:392|CLE:553|NYK:596
27340,CHA:139|WAS:303|ATL:386|CLE:547|NYK:581
27212,CHA:168|WAS:300|ATL:416|CLE:562|NYK:578
27256,CHA:145|WAS:324|ATL:393|CLE:554|NYK:601
27302,CHA:136|WAS:301|ATL:384|CLE:545|NYK:579
27243,CHA:134|WAS:286|ATL:382|CLE:543|NYK:564
27312,CHA:159|WAS:322|ATL:407|CLE:567|NYK:600
27314,CHA:162|WAS:314|ATL:409|CLE:570|NYK:592
27330,CHA:157|WAS:318|ATL:405|CLE:566|NYK:595
27231,CHA:146|WAS:297|ATL:394|CLE:554|NYK:575
27291,CHA:173|WAS:300|ATL:421|CLE:574|NYK:577
27516,CHA:153|WAS:305|ATL:401|CLE:561|NYK:583
27559,CHA:161|WAS:308|ATL:409|CLE:570|NYK:586
27278,CHA:142|WAS:285|ATL:390|CLE:551|NYK:562
27541,CHA:161|WAS:299|ATL:409|CLE:570|NYK:577
27510,CHA:157|WAS:299|ATL:405|CLE:566|NYK:577
27514,CHA:147|WAS:287|ATL:395|CLE:555|NYK:565
27599,CHA:160|WAS:294|ATL:408|CLE:569|NYK:572
27517,CHA:166|WAS:297|ATL:414|CLE:574|NYK:574
27705,CHA:149|WAS:277|ATL:397|NYK:554|BKN:556
27562,CHA:172|WAS:298|ATL:420|NYK:575|BKN:577
27573,CHA:172|WAS:280|ATL:420|NYK:558|BKN:560
27523,CHA:169|WAS:295|ATL:417|NYK:572|BKN:574
27707,CHA:155|WAS:277|ATL:403|NYK:555|BKN:557
27708,CHA:152|WAS:274|ATL:400|NYK:552|BKN:554
27713,CHA:160|WAS:285|ATL:408|NYK:563|BKN:565
27583,CHA:177|WAS:288|ATL:425|NYK:566|BKN:568
27502,CHA:174|WAS:295|ATL:422|NYK:573|BKN:575
27712,CHA:162|WAS:283|ATL:410|NYK:560|BKN:562
27701,CHA:154|WAS:269|ATL:402|NYK:547|BKN:549
27519,CHA:167|WAS:284|ATL:415|NYK:562|BKN:564
27503,CHA:167|WAS:277|ATL:415|NYK:554|BKN:556
27572,CHA:176|WAS:277|ATL:424|NYK:555|BKN:556
27709,CHA:160|WAS:276|ATL:408|NYK:554|BKN:556
27540,CHA:183|WAS:308|ATL:431|NYK:586|BKN:588
27574,CHA:197|WAS:278|ATL:445|NYK:556|BKN:558
27526,CHA:193|WAS:318|ATL:438|NYK:596|BKN:598
27704,CHA:155|WAS:262|ATL:403|NYK:540|BKN:542
27560,CHA:164|WAS:281|ATL:412|NYK:559|BKN:561
27539,CHA:183|WAS:300|ATL:431|NYK:578|BKN:580
27703,CHA:164|WAS:276|ATL:412|NYK:554|BKN:556
27513,CHA:172|WAS:289|ATL:420|NYK:567|BKN:569
27511,CHA:178|WAS:296|ATL:426|NYK:573|BKN:575
27509,CHA:166|WAS:258|ATL:414|NYK:536|BKN:538
27518,CHA:180|WAS:297|ATL:428|NYK:575|BKN:576
27617,CHA:168|WAS:282|ATL:416|NYK:560|BKN:562
27581,CHA:175|WAS:262|ATL:423|NYK:540|BKN:542
27607,CHA:169|WAS:287|ATL:417|NYK:565|BKN:567
27606,CHA:176|WAS:288|ATL:424|NYK:566|BKN:568
27613,CHA:172|WAS:284|ATL:420|NYK:562|BKN:564
27612,CHA:176|WAS:291|ATL:424|NYK:569|BKN:571
27695,CHA:173|WAS:290|ATL:421|NYK:568|BKN:570
27522,CHA:171|WAS:260|ATL:418|NYK:538|BKN:540
27592,CHA:200|WAS:308|ATL:430|NYK:586|BKN:587
27605,CHA:176|WAS:288|ATL:424|NYK:566|BKN:568
27603,CHA:190|WAS:296|ATL:437|NYK:574|BKN:576
27565,CHA:189|WAS:252|ATL:437|NYK:530|BKN:532
27608,CHA:176|WAS:287|ATL:424|NYK:565|BKN:567
27615,CHA:175|WAS:287|ATL:423|NYK:565|BKN:567
27601,CHA:179|WAS:285|ATL:427|NYK:563|BKN:565
27609,CHA:177|WAS:286|ATL:425|NYK:564|BKN:565
27697,CHA:181|WAS:283|ATL:429|NYK:561|BKN:563
27614,CHA:180|WAS:286|ATL:428|NYK:564|BKN:566
27529,CHA:193|WAS:294|ATL:438|NYK:571|BKN:573
27582,CHA:194|WAS:251|ATL:442|NYK:528|BKN:530
27604,CHA:185|WAS:283|ATL:433|NYK:561|BKN:563
27587,CHA:191|WAS:269|ATL:439|NYK:546|BKN:548
27610,CHA:189|WAS:282|ATL:437|NYK:560|BKN:562
27616,CHA:179|WAS:282|ATL:427|NYK:560|BKN:562
27545,CHA:189|WAS:273|ATL:437|NYK:551|BKN:553
27520,CHA:195|WAS:288|ATL:435|NYK:566|BKN:568
27525,CHA:194|WAS:260|ATL:442|NYK:538|BKN:540
27571,CHA:191|WAS:275|ATL:439|NYK:552|BKN:554
27584,CHA:206|WAS:249|ATL:454|NYK:527|BKN:529
27544,CHA:205|WAS:245|ATL:453|NYK:523|BKN:525
27596,CHA:202|WAS:268|ATL:450|NYK:546|BKN:548
27536,CHA:189|WAS:231|ATL:437|NYK:509|BKN:511
27537,CHA:192|WAS:231|ATL:440|NYK:509|BKN:511
27591,CHA:199|WAS:269|ATL:446|NYK:547|BKN:548
27527,CHA:206|WAS:283|ATL:446|NYK:561|BKN:563
27593,CHA:200|WAS:280|ATL:432|NYK:558|BKN:560
27556,CHA:195|WAS:225|ATL:443|NYK:503|BKN:505
27597,CHA:203|WAS:266|ATL:450|NYK:544|BKN:546
27553,CHA:203|WAS:226|ATL:451|NYK:504|BKN:506
27576,CHA:209|WAS:273|ATL:431|NYK:551|BKN:552
27549,CHA:208|WAS:257|ATL:456|NYK:535|BKN:537
27508,CHA:211|WAS:259|ATL:459|NYK:537|BKN:539
27568,CHA:211|WAS:272|ATL:427|NYK:549|BKN:551
27570,CHA:200|WAS:221|ATL:448|NYK:499|BKN:501
27563,CHA:205|WAS:225|ATL:453|NYK:503|BKN:505
27555,CHA:213|WAS:265|ATL:429|NYK:543|BKN:545
27557,CHA:210|WAS:265|ATL:453|NYK:543|BKN:545
27594,CHA:210|WAS:222|ATL:458|NYK:500|BKN:502
27542,CHA:221|WAS:263|ATL:438|NYK:541|BKN:543
27589,CHA:220|WAS:246|ATL:468|NYK:523|BKN:525
27882,CHA:212|WAS:249|ATL:460|NYK:527|BKN:529
27807,CHA:211|WAS:257|ATL:457|NYK:535|BKN:536
27880,CHA:220|WAS:261|ATL:451|NYK:538|BKN:540
27816,CHA:225|WAS:249|ATL:473|NYK:527|BKN:529
27551,CHA:213|WAS:225|ATL:460|NYK:503|BKN:505
27851,CHA:228|WAS:261|ATL:445|NYK:539|BKN:541
27856,CHA:221|WAS:242|ATL:469|NYK:519|BKN:521
27896,CHA:224|WAS:254|ATL:456|NYK:532|BKN:534
27830,CHA:235|WAS:268|ATL:454|NYK:546|BKN:548
27844,WAS:229|CHA:235|ATL:483|NYK:507|BKN:509
27813,CHA:226|WAS:260|ATL:453|NYK:537|BKN:539
27893,CHA:225|WAS:259|ATL:456|NYK:536|BKN:538
27803,CHA:234|WAS:243|ATL:466|NYK:521|BKN:523
27804,CHA:228|WAS:234|ATL:470|NYK:512|BKN:513
27822,CHA:234|WAS:251|ATL:466|NYK:529|BKN:531
27878,CHA:237|WAS:245|ATL:468|NYK:523|BKN:525
27883,CHA:238|WAS:272|ATL:469|NYK:550|BKN:551
27873,CHA:232|WAS:266|ATL:463|NYK:543|BKN:545
27891,WAS:227|CHA:243|ATL:482|NYK:505|BKN:507
27809,WAS:238|CHA:242|ATL:484|NYK:515|BKN:517
27888,CHA:242|WAS:276|ATL:473|NYK:553|BKN:555
27801,CHA:242|WAS:249|ATL:482|NYK:526|BKN:528
27823,WAS:223|CHA:248|ATL:487|NYK:500|BKN:502
27815,CHA:237|WAS:244|ATL:480|NYK:522|BKN:524
27864,CHA:248|WAS:262|ATL:478|NYK:540|BKN:542
27852,CHA:245|WAS:265|ATL:476|NYK:543|BKN:544
27829,CHA:253|WAS:286|ATL:483|NYK:564|BKN:566
27828,CHA:248|WAS:282|ATL:479|NYK:560|BKN:562
27827,CHA:254|WAS:273|ATL:484|NYK:551|BKN:553
27886,CHA:254|WAS:260|ATL:496|NYK:538|BKN:540
27819,CHA:255|WAS:262|ATL:491|NYK:540|BKN:542
27881,WAS:250|CHA:256|ATL:498|NYK:528|BKN:530
28590,CHA:263|WAS:295|ATL:493|NYK:573|BKN:575
27843,WAS:250|CHA:263|ATL:505|NYK:528|BKN:530
27834,CHA:262|WAS:281|ATL:493|NYK:559|BKN:561
27812,CHA:259|WAS:266|ATL:499|NYK:544|BKN:546
27861,CHA:266|WAS:273|ATL:509|NYK:551|BKN:553
27858,CHA:276|WAS:304|ATL:506|NYK:581|BKN:583
27879,CHA:270|WAS:293|ATL:500|NYK:571|BKN:573
27841,WAS:264|CHA:265|ATL:507|NYK:542|BKN:544
27884,CHA:267|WAS:277|ATL:497|NYK:555|BKN:557
27871,CHA:268|WAS:275|ATL:511|NYK:553|BKN:554
27837,CHA:292|WAS:310|ATL:523|NYK:587|BKN:589
27825,CHA:267|WAS:272|ATL:510|NYK:550|BKN:552
27889,CHA:293|WAS:306|ATL:523|NYK:584|BKN:586
40759,IND:305|ATL:309|CHA:352|MEM:457|CLE:460
40771,IND:299|ATL:323|CHA:365|CLE:454|MEM:459
40740,IND:288|ATL:324|CHA:364|CLE:443|MEM:448
40734,IND:294|ATL:326|CHA:356|CLE:449|MEM:454
40940,ATL:336|IND:356|CHA:357|MEM:499|CLE:511
40763,ATL:333|IND:335|CHA:361|MEM:483|CLE:490
40921,IND:325|ATL:339|CHA:362|CLE:480|MEM:485
40906,IND:296|ATL:328|CHA:336|CLE:451|MEM:457
40949,IND:299|ATL:331|CHA:338|CLE:454|MEM:460
40943,IND:305|ATL:338|CHA:343|CLE:460|MEM:465
40923,IND:305|ATL:337|CHA:344|CLE:460|MEM:466
40946,IND:310|ATL:344|CHA:348|CLE:465|MEM:470
40995,IND:318|ATL:339|CHA:343|CLE:473|MEM:478
40915,IND:307|CHA:335|ATL:338|CLE:462|MEM:467
40953,IND:316|ATL:347|CHA:349|CLE:471|MEM:476
40903,IND:319|CHA:347|ATL:350|CLE:474|MEM:479
37851,CHA:321|ATL:325|IND:348|MEM:488|CLE:503
40935,IND:331|CHA:352|ATL:356|CLE:486|MEM:491
40941,IND:290|ATL:341|CHA:369|CLE:445|MEM:450
40965,CHA:309|ATL:313|IND:335|MEM:476|CLE:490
40977,CHA:317|ATL:321|IND:322|CLE:477|MEM:483
40939,IND:317|CHA:327|ATL:331|CLE:472|MEM:478
40962,IND:298|ATL:349|CHA:376|CLE:453|MEM:458
37724,ATL:303|CHA:306|IND:349|MEM:466|CLE:504
40982,IND:327|CHA:348|ATL:352|CLE:482|MEM:487
40997,IND:328|CHA:349|ATL:353|CLE:483|MEM:488
40902,CHA:344|IND:345|ATL:348|CLE:499|MEM:505
40958,CHA:329|IND:329|ATL:333|CLE:484|MEM:489
40813,CHA:332|IND:335|ATL:336|CLE:490|MEM:495
40972,IND:321|ATL:380|CHA:397|CLE:476|MEM:489
41351,IND:323|ATL:413|CHA:440|CLE:478|DET:497
40914,IND:324|ATL:375|CHA:375|CLE:476|MEM:484
40913,IND:341|CHA:343|ATL:347|CLE:496|MEM:500
37752,CHA:308|ATL:313|IND:351|MEM:475|WAS:500
40856,CHA:335|ATL:339|IND:349|MEM:502|CLE:504
40988,CHA:346|IND:346|ATL:350|CLE:501|MEM:506
40827,IND:333|CHA:361|ATL:365|CLE:485|MEM:493
24248,CHA:317|ATL:321|IND:353|MEM:484|WAS:497
41714,IND:313|ATL:364|CHA:375|CLE:465|MEM:473
40845,CHA:342|IND:349|ATL:350|CLE:504|MEM:509
41762,IND:328|ATL:379|CHA:397|CLE:480|MEM:488
40979,IND:334|CHA:362|ATL:366|CLE:479|MEM:493
41721,IND:316|ATL:403|CHA:407|CLE:462|DET:491
40981,IND:347|ATL:403|CHA:416|CLE:493|MEM:512
40874,IND:360|CHA:388|ATL:392|CLE:505|MEM:520
41766,IND:325|CHA:374|ATL:376|CLE:454|MEM:485
40819,CHA:324|IND:343|ATL:344|CLE:498|WAS:499
41745,IND:316|CHA:398|ATL:412|CLE:454|DET:491
40863,CHA:345|IND:352|ATL:353|CLE:507|MEM:512
41749,IND:349|ATL:400|CHA:403|CLE:476|MEM:509
40868,IND:338|CHA:354|ATL:384|CLE:467|MEM:498
40803,IND:347|CHA:349|ATL:383|CLE:476|MEM:507
40840,CHA:332|IND:354|ATL:363|CLE:482|WAS:507
40858,CHA:341|IND:346|ATL:378|CLE:475|MEM:506
40873,CHA:322|IND:345|ATL:346|CLE:496|WAS:496
41390,IND:298|CHA:399|ATL:410|CLE:436|DET:473
40824,CHA:316|IND:347|ATL:348|CLE:491|WAS:491
40816,CHA:347|IND:349|ATL:385|CLE:478|MEM:509
40854,CHA:314|IND:349|ATL:350|WAS:489|CLE:490
41775,IND:355|CHA:387|ATL:406|CLE:478|MEM:514
40844,IND:350|CHA:362|ATL:399|CLE:478|MEM:509
24281,CHA:318|ATL:336|IND:368|WAS:493|MEM:499
40964,CHA:315|IND:362|ATL:363|WAS:489|CLE:496
40830,CHA:315|IND:362|ATL:363|WAS:490|CLE:496
40831,CHA:326|IND:373|ATL:374|WAS:500|CLE:507
41754,IND:324|CHA:386|ATL:401|CLE:451|DET:498
41778,IND:327|CHA:382|ATL:397|CLE:447|DET:502
41776,IND:328|CHA:372|ATL:388|CLE:448|MEM:497
41723,IND:322|CHA:377|ATL:392|CLE:442|DET:497
40829,CHA:326|IND:382|ATL:383|WAS:501|CLE:516
41348,IND:302|CHA:390|ATL:412|CLE:440|DET:477
40806,CHA:314|IND:354|ATL:355|CLE:483|WAS:489
40808,CHA:348|IND:366|ATL:386|CLE:495|WAS:523
40810,CHA:348|IND:381|ATL:385|CLE:514|WAS:522
41727,IND:299|CHA:376|ATL:397|CLE:437|DET:474
41713,IND:316|CHA:370|ATL:386|CLE:436|DET:491
40801,CHA:316|IND:361|ATL:362|WAS:491|CLE:494
41764,IND:342|CHA:362|ATL:399|CLE:462|MEM:507
41719,IND:310|CHA:369|ATL:391|CLE:435|DET:485
37869,CHA:294|ATL:311|IND:382|WAS:481|MEM:485
40818,CHA:321|IND:377|ATL:378|WAS:495|CLE:511
40815,CHA:300|IND:366|ATL:367|WAS:474|CLE:500
41777,CHA:346|IND:348|ATL:402|CLE:468|MEM:513
41367,IND:315|CHA:396|ATL:418|CLE:453|DET:490
41729,IND:311|CHA:363|ATL:386|CLE:432|DET:486
41317,IND:313|CHA:401|ATL:423|CLE:451|DET:488
40865,CHA:323|IND:363|ATL:364|CLE:477|WAS:497
41701,IND:316|CHA:369|ATL:393|CLE:431|DET:491
24263,CHA:291|ATL:335|IND:376|WAS:465|CLE:502
40820,CHA:304|ATL:376|IND:378|WAS:479|CLE:506
40847,CHA:327|IND:372|ATL:373|CLE:492|WAS:502
40870,CHA:334|IND:374|ATL:375|CLE:488|WAS:508
40828,CHA:333|IND:377|ATL:378|CLE:498|WAS:508
41774,IND:328|CHA:363|ATL:406|CLE:449|DET:503
41712,IND:319|CHA:373|ATL:395|CLE:424|DET:494
40849,CHA:325|IND:374|ATL:375|CLE:479|WAS:499
41751,IND:321|CHA:355|ATL:398|CLE:442|DET:496
41739,IND:325|CHA:379|ATL:401|CLE:430|DET:500
41763,CHA:334|IND:346|ATL:395|CLE:467|WAS:509
41819,CHA:338|IND:376|ATL:392|CLE:477|WAS:512
41735,CHA:345|IND:362|ATL:405|CLE:483|WAS:520
41722,IND:367|CHA:404|ATL:443|CLE:453|DET:529
41746,IND:328|CHA:357|ATL:405|CLE:446|DET:503
41760,IND:327|CHA:352|ATL:404|CLE:441|DET:501
41731,IND:345|CHA:355|ATL:415|CLE:466|DET:520
37765,CHA:291|ATL:326|IND:406|WAS:466|MEM:500
24282,CHA:294|ATL:367|IND:385|WAS:469|CLE:496
41740,IND:328|CHA:365|ATL:404|CLE:416|DET:491
41725,IND:334|CHA:360|ATL:410|CLE:418|DET:493
41759,IND:328|CHA:347|ATL:405|CLE:436|DET:503
24277,CHA:285|ATL:359|IND:385|WAS:459|CLE:489
41821,CHA:353|IND:368|ATL:413|CLE:485|WAS:528
41772,IND:338|CHA:369|CLE:418|ATL:419|DET:493
40927,CHA:317|IND:395|ATL:396|CLE:488|WAS:491
37731,CHA:282|ATL:321|IND:405|WAS:461|MEM:495
24221,CHA:301|ATL:351|IND:417|WAS:476|CLE:522
41804,IND:345|CHA:354|ATL:419|CLE:455|DET:520
41773,IND:332|CHA:344|ATL:409|CLE:425|DET:500
40823,CHA:319|IND:376|ATL:380|CLE:466|WAS:493
41833,CHA:335|IND:375|ATL:395|CLE:467|WAS:510
41822,IND:333|CHA:355|ATL:409|CLE:417|DET:492
41847,IND:340|CHA:345|ATL:417|CLE:439|DET:514
41832,IND:350|CHA:352|ATL:417|CLE:454|WAS:521
40807,CHA:308|IND:373|ATL:378|CLE:461|WAS:483
41834,IND:335|CHA:343|ATL:412|CLE:424|DET:499
41831,IND:331|CHA:356|CLE:406|ATL:407|DET:481
24265,CHA:301|ATL:373|IND:393|WAS:476|CLE:487
41848,CHA:337|IND:350|ATL:405|CLE:444|WAS:507
40843,CHA:314|ATL:395|IND:412|WAS:489|CLE:495
41826,CHA:345|IND:349|ATL:426|CLE:448|WAS:515
41640,IND:330|CHA:359|CLE:409|ATL:417|DET:484
24243,CHA:289|ATL:368|IND:392|WAS:464|CLE:480
41836,IND:342|CHA:350|ATL:419|CLE:430|DET:505
41845,CHA:343|IND:355|ATL:417|CLE:450|WAS:512
41630,IND:329|CHA:351|CLE:400|ATL:413|DET:475
41839,IND:331|CHA:353|CLE:402|ATL:419|DET:478
40855,CHA:303|ATL:390|IND:397|WAS:477|CLE:483
41817,IND:343|CHA:366|CLE:416|ATL:419|DET:491
41824,CHA:333|IND:339|ATL:416|CLE:437|WAS:502
41844,IND:346|CHA:364|ATL:422|CLE:426|DET:501
41843,IND:347|CHA:355|ATL:423|CLE:430|DET:505
40862,CHA:324|IND:372|ATL:388|CLE:452|WAS:499
41858,CHA:327|IND:342|ATL:411|CLE:433|WAS:496
41643,IND:337|CHA:358|CLE:408|ATL:427|DET:483
37873,CHA:260|ATL:320|IND:421|WAS:438|MEM:494
41861,IND:344|CHA:357|CLE:415|ATL:432|DET:491
41666,IND:331|CHA:348|CLE:402|ATL:425|DET:477
24244,CHA:259|ATL:346|IND:399|WAS:433|CLE:470
41815,CHA:327|IND:356|ATL:414|CLE:434|WAS:497
41828,CHA:355|IND:364|CLE:435|ATL:444|DET:511
24216,CHA:305|ATL:393|IND:425|WAS:480|CLE:484
41855,CHA:325|IND:357|ATL:413|CLE:432|WAS:495
41859,IND:339|CHA:341|CLE:411|ATL:434|DET:486
41862,CHA:352|IND:354|CLE:425|ATL:449|DET:500
40826,CHA:341|IND:375|ATL:404|CLE:456|WAS:512
41837,CHA:323|IND:356|ATL:411|CLE:430|WAS:493
41838,CHA:327|IND:362|ATL:415|CLE:434|WAS:497
41651,IND:327|CHA:337|CLE:398|ATL:425|DET:473
24219,CHA:307|ATL:395|IND:432|WAS:482|CLE:487
24246,CHA:274|ATL:362|IND:399|WAS:449|CLE:454
41812,CHA:332|IND:360|ATL:420|CLE:423|WAS:499
41606,CHA:336|IND:347|CLE:418|ATL:436|DET:493
41619,IND:331|CHA:341|CLE:402|ATL:430|DET:477
41849,CHA:319|IND:359|ATL:408|CLE:426|WAS:489
41636,IND:340|CHA:343|CLE:411|ATL:438|DET:486
37642,CHA:243|ATL:321|WAS:421|IND:422|MEM:494
41647,IND:334|CHA:344|CLE:405|ATL:432|DET:480
41612,CHA:331|IND:345|CLE:416|ATL:438|DET:491
41840,CHA:325|IND:364|ATL:413|CLE:428|WAS:495
41669,CHA:335|IND:349|CLE:420|ATL:442|DET:496
41825,CHA:326|IND:363|ATL:414|CLE:427|WAS:495
41667,CHA:341|IND:360|CLE:428|ATL:449|WAS:504
41650,CHA:337|IND:356|CLE:425|ATL:445|WAS:500
41810,CHA:315|IND:364|ATL:403|CLE:418|WAS:485
41835,CHA:323|IND:370|ATL:411|CLE:426|WAS:492
37645,CHA:245|ATL:333|WAS:423|IND:434|CLE:500
24273,CHA:293|ATL:381|IND:402|CLE:457|WAS:468
41604,CHA:327|IND:347|CLE:413|ATL:440|WAS:489
41631,IND:330|CHA:334|CLE:396|ATL:436|WAS:472
41572,CHA:330|IND:367|CLE:417|ATL:438|WAS:493
41660,CHA:327|IND:342|CLE:408|ATL:441|WAS:484
24279,CHA:315|IND:379|ATL:404|CLE:434|WAS:485
41635,CHA:332|IND:332|CLE:398|ATL:445|WAS:474
41537,CHA:332|IND:377|ATL:420|CLE:427|WAS:501
41517,CHA:316|IND:367|ATL:404|CLE:417|WAS:485
24251,CHA:253|ATL:341|WAS:428|IND:434|CLE:503
41538,CHA:320|IND:358|CLE:407|ATL:415|WAS:482
24250,CHA:259|ATL:346|WAS:433|IND:434|CLE:490
41560,CHA:319|IND:357|CLE:407|ATL:434|WAS:482
37665,CHA:233|ATL:321|WAS:410|IND:428|CLE:487
37660,CHA:235|ATL:321|WAS:416|IND:443|CLE:493
24293,CHA:294|ATL:387|IND:387|CLE:442|WAS:464
24290,CHA:237|ATL:324|WAS:414|IND:424|CLE:491
41563,CHA:315|IND:366|ATL:413|CLE:415|WAS:485
24245,CHA:284|ATL:371|IND:436|WAS:454|CLE:491
41526,CHA:320|IND:344|CLE:393|ATL:437|WAS:469
37664,CHA:231|ATL:317|WAS:407|IND:435|CLE:483
41534,CHA:322|IND:380|CLE:429|ATL:439|WAS:492
41512,CHA:308|IND:373|ATL:422|CLE:422|WAS:478
41562,CHA:306|IND:346|CLE:396|ATL:432|WAS:471
24228,CHA:301|IND:388|ATL:413|CLE:443|WAS:471
24230,CHA:278|ATL:385|IND:399|WAS:447|CLE:455
24271,CHA:259|ATL:347|WAS:429|IND:434|CLE:474
41557,CHA:319|IND:351|CLE:394|ATL:447|WAS:470
24258,CHA:259|ATL:350|WAS:429|IND:447|CLE:505
41522,CHA:290|IND:355|CLE:405|ATL:436|WAS:460
41559,CHA:307|IND:357|CLE:406|ATL:444|WAS:476
24269,CHA:289|IND:405|ATL:418|CLE:458|WAS:458
37617,CHA:223|ATL:325|WAS:397|IND:452|CLE:473
41513,CHA:292|IND:356|CLE:405|ATL:443|WAS:462
41540,CHA:315|IND:386|CLE:435|ATL:473|WAS:484
41554,CHA:329|IND:391|CLE:422|ATL:494|WAS:497
24272,CHA:295|ATL:425|IND:426|WAS:465|CLE:479
24283,CHA:270|ATL:395|IND:424|WAS:440|CLE:479
24226,CHA:292|IND:399|ATL:429|CLE:448|WAS:462
24256,CHA:287|IND:383|CLE:432|ATL:441|WAS:457
24224,CHA:245|ATL:370|WAS:414|IND:427|CLE:460
24607,CHA:287|IND:368|CLE:418|ATL:449|WAS:456
24237,CHA:279|ATL:408|IND:415|WAS:448|CLE:468
41548,CHA:285|IND:363|CLE:412|ATL:450|WAS:454
24270,CHA:236|ATL:356|WAS:405|IND:455|CLE:474
41524,CHA:299|IND:376|CLE:398|WAS:460|ATL:463
24220,CHA:268|IND:390|ATL:424|WAS:437|CLE:439
24202,CHA:220|ATL:335|WAS:390|IND:457|CLE:466
24603,CHA:280|IND:368|CLE:416|WAS:450|ATL:455
41566,CHA:296|IND:374|CLE:416|ATL:461|WAS:466
24217,CHA:274|IND:408|ATL:433|WAS:443|CLE:458
24201,CHA:213|ATL:336|WAS:382|CLE:459|IND:459
41553,CHA:320|IND:393|CLE:397|WAS:456|ATL:491
24239,CHA:265|IND:402|ATL:425|WAS:435|CLE:451
24225,CHA:268|ATL:408|IND:429|WAS:438|CLE:472
24656,CHA:269|IND:390|WAS:439|CLE:440|ATL:444
24266,CHA:233|ATL:374|WAS:403|CLE:442|IND:447
37620,CHA:206|ATL:345|WAS:393|IND:469|CLE:470
24614,CHA:288|IND:394|CLE:441|WAS:458|ATL:465
24210,CHA:223|ATL:363|WAS:393|CLE:469|IND:470
24646,CHA:268|IND:415|ATL:429|WAS:438|CLE:457
24620,CHA:287|IND:399|CLE:408|WAS:450|ATL:467
24631,CHA:262|IND:411|WAS:431|ATL:440|CLE:451
24260,CHA:240|ATL:399|WAS:409|IND:423|CLE:436
24862,CHA:299|CLE:419|IND:422|WAS:430|ATL:496
24211,CHA:208|ATL:353|WAS:377|CLE:454|IND:475
24280,CHA:226|ATL:385|WAS:395|CLE:424|IND:430
24649,CHA:242|ATL:411|WAS:411|IND:420|CLE:431
24872,CHA:289|CLE:410|WAS:420|IND:441|ATL:500
24634,CHA:272|IND:426|WAS:441|CLE:445|ATL:452
24639,CHA:255|IND:423|WAS:425|ATL:438|CLE:444
24850,CHA:291|CLE:431|IND:433|WAS:442|ATL:479
37688,CHA:195|ATL:364|WAS:396|CLE:472|IND:489
24873,CHA:281|IND:423|CLE:429|WAS:439|ATL:469
24612,CHA:236|WAS:406|ATL:419|IND:422|CLE:425
24657,CHA:262|IND:427|WAS:432|CLE:433|ATL:448
24361,CHA:190|ATL:352|WAS:360|CLE:437|IND:467
24327,CHA:192|ATL:354|WAS:361|CLE:438|IND:470
24817,CHA:261|CLE:408|IND:417|WAS:419|ATL:451
24641,CHA:242|WAS:412|ATL:428|CLE:431|IND:440
24844,CHA:267|CLE:383|WAS:394|IND:417|ATL:477
24609,CHA:224|WAS:394|ATL:398|CLE:413|IND:433
24622,CHA:255|WAS:425|IND:434|CLE:440|ATL:441
24340,CHA:200|ATL:369|WAS:369|CLE:446|IND:486
24879,CHA:277|CLE:428|WAS:435|IND:441|ATL:475
24811,CHA:282|CLE:407|WAS:418|IND:441|ATL:477
37680,CHA:199|ATL:385|WAS:396|CLE:472|IND:508
24236,CHA:192|ATL:383|WAS:383|CLE:460|IND:505
24813,CHA:259|WAS:417|CLE:422|IND:435|ATL:469
24637,CHA:215|WAS:384|CLE:404|ATL:407|IND:432
24843,CHA:260|WAS:407|CLE:412|IND:446|ATL:494
24816,CHA:251|WAS:398|CLE:402|IND:436|ATL:484
24892,CHA:244|WAS:402|CLE:407|IND:434|ATL:457
24370,CHA:207|WAS:376|ATL:387|CLE:449|IND:487
24894,CHA:243|WAS:413|CLE:432|ATL:448|IND:467
24828,CHA:266|WAS:409|CLE:414|IND:456|ATL:503
24881,CHA:247|WAS:394|CLE:399|IND:439|ATL:481
24316,CHA:209|WAS:379|ATL:388|CLE:432|IND:473
24602,CHA:232|WAS:402|CLE:421|ATL:428|IND:447
24319,CHA:185|WAS:355|ATL:365|CLE:431|IND:482
24601,CHA:229|WAS:398|CLE:418|ATL:427|IND:446
24878,CHA:249|WAS:392|CLE:397|IND:458|ATL:486
24826,CHA:233|WAS:403|CLE:421|IND:449|ATL:450
24815,CHA:231|WAS:401|CLE:420|ATL:437|IND:457
24292,CHA:174|WAS:383|ATL:391|CLE:460|IND:511
24895,CHA:245|WAS:401|CLE:406|IND:463|ATL:476
24866,CHA:242|WAS:412|CLE:431|ATL:459|IND:466
24377,CHA:209|WAS:379|ATL:399|CLE:415|IND:464
24830,CHA:250|WAS:412|CLE:417|IND:473|ATL:481
24801,CHA:249|WAS:376|CLE:381|IND:443|ATL:486
24884,CHA:297|WAS:458|CLE:463|IND:520|ATL:526
24836,CHA:236|WAS:397|CLE:402|IND:459|ATL:467
28643,CHA:159|ATL:388|WAS:397|CLE:474|IND:532
24354,CHA:171|WAS:340|ATL:372|CLE:417|IND:489
24604,CHA:225|WAS:394|CLE:414|ATL:442|IND:467
24853,CHA:243|WAS:377|CLE:381|IND:444|ATL:480
24871,CHA:227|WAS:394|CLE:411|ATL:458|IND:468
24651,CHA:224|WAS:393|CLE:413|ATL:425|IND:462
24888,CHA:224|WAS:391|CLE:408|ATL:460|IND:471
24630,CHA:203|WAS:373|CLE:392|ATL:429|IND:454
24831,CHA:223|WAS:390|CLE:407|IND:469|ATL:470
24848,CHA:226|WAS:395|CLE:414|ATL:464|IND:489
24855,CHA:212|WAS:379|CLE:396|ATL:459|IND:468
24808,CHA:235|WAS:402|CLE:419|ATL:477|IND:488
24378,CHA:165|WAS:365|ATL:402|CLE:441|IND:516
28631,CHA:161|ATL:396|WAS:397|CLE:474|IND:549
24363,CHA:160|WAS:377|ATL:406|CLE:454|IND:529
24311,CHA:164|WAS:333|ATL:377|CLE:410|IND:485
24375,CHA:180|WAS:352|ATL:389|CLE:428|IND:503
24606,CHA:205|WAS:374|CLE:394|ATL:452|IND:469
24868,CHA:229|WAS:396|CLE:413|ATL:476|IND:484
24318,CHA:182|WAS:352|CLE:404|ATL:408|IND:478
24887,CHA:207|WAS:374|CLE:391|ATL:455|IND:466
24605,CHA:193|WAS:363|CLE:382|ATL:435|IND:457
24861,CHA:208|WAS:375|CLE:392|ATL:455|IND:467
24635,CHA:203|WAS:372|CLE:389|ATL:451|IND:464
24613,CHA:199|WAS:369|CLE:388|ATL:446|IND:463
24715,CHA:208|WAS:375|CLE:393|ATL:456|IND:467
24719,CHA:221|WAS:363|CLE:368|IND:443|ATL:469
24738,CHA:198|WAS:368|CLE:387|ATL:445|IND:462
24724,CHA:198|WAS:365|CLE:382|ATL:445|IND:457
24368,CHA:161|WAS:331|ATL:387|CLE:407|IND:482
24726,CHA:235|WAS:370|CLE:381|IND:456|ATL:482
28663,CHA:145|WAS:383|ATL:391|CLE:464|IND:539
24736,CHA:212|WAS:368|CLE:379|IND:454|ATL:459
24737,CHA:199|WAS:366|CLE:383|ATL:446|IND:458
24729,CHA:217|WAS:373|CLE:384|IND:459|ATL:464
24374,
24747,CHA:208|WAS:365|CLE:376|IND:451|ATL:455
24348,CHA:161|WAS:369|ATL:408|CLE:446|IND:521
24314,CHA:172|WAS:342|CLE:382|ATL:419|IND:457
24701,CHA:199|WAS:361|CLE:378|ATL:447|IND:453
24323,CHA:166|WAS:336|ATL:399|CLE:413|IND:488
24733,CHA:204|WAS:354|CLE:364|IND:439|ATL:452
24326,CHA:156|WAS:351|ATL:403|CLE:428|IND:502
24714,CHA:211|WAS:354|CLE:364|IND:439|ATL:459
24731,CHA:194|WAS:351|CLE:365|IND:440|ATL:442
28675,CHA:127|ATL:375|WAS:378|CLE:459|IND:534
24322,CHA:166|WAS:342|ATL:413|CLE:424|IND:499
24382,CHA:150|WAS:319|CLE:396|ATL:397|IND:471
24740,CHA:195|WAS:352|CLE:363|IND:438|ATL:443
24366,CHA:173|WAS:343|CLE:367|ATL:421|IND:442
25922,CHA:198|WAS:341|CLE:351|IND:426|ATL:446
24315,CHA:170|WAS:340|CLE:385|ATL:418|IND:460
24712,CHA:207|WAS:350|CLE:369|IND:444|ATL:454
24330,CHA:152|WAS:352|ATL:400|CLE:441|IND:516
24739,CHA:187|WAS:341|CLE:360|ATL:434|IND:435
24350,CHA:176|WAS:352|ATL:423|CLE:441|IND:516
28623,CHA:133|WAS:370|ATL:381|CLE:463|IND:538
25971,CHA:205|WAS:342|CLE:370|IND:444|ATL:452
24333,CHA:133|WAS:346|ATL:380|CLE:439|IND:514
24360,CHA:141|WAS:303|ATL:388|CLE:401|IND:476
24312,CHA:146|WAS:332|ATL:393|CLE:425|IND:500
24093,CHA:202|WAS:334|CLE:375|ATL:449|IND:450
24124,CHA:201|WAS:330|CLE:391|ATL:448|IND:466
27024,CHA:116|WAS:355|ATL:363|CLE:448|IND:523
24381,CHA:125|WAS:329|ATL:373|CLE:422|IND:497
24147,CHA:207|WAS:330|CLE:380|ATL:454|IND:455
24301,CHA:167|WAS:314|ATL:414|CLE:427|IND:502
24313,CHA:142|WAS:309|ATL:389|CLE:417|IND:492
24134,CHA:204|WAS:338|CLE:412|ATL:452|IND:487
24324,CHA:155|WAS:306|ATL:402|CLE:416|IND:490
24351,CHA:107|WAS:340|ATL:354|CLE:433|IND:508
24963,CHA:214|WAS:337|CLE:387|ATL:462|IND:462
24167,CHA:183|WAS:319|CLE:398|ATL:431|IND:473
24084,CHA:168|WAS:304|CLE:406|ATL:415|IND:481
24328,CHA:117|WAS:334|ATL:364|CLE:427|IND:502
24343,CHA:124|WAS:329|ATL:371|CLE:423|IND:498
24317,CHA:117|WAS:341|ATL:365|CLE:434|IND:509
24132,CHA:192|WAS:318|CLE:437|ATL:439|IND:512
24347,CHA:176|WAS:319|ATL:423|CLE:436|IND:511
24086,CHA:187|WAS:305|CLE:403|ATL:434|IND:478
24951,CHA:225|WAS:316|CLE:398|ATL:472|IND:473
24058,CHA:170|WAS:301|CLE:413|ATL:418|IND:488
24136,CHA:195|WAS:301|CLE:392|ATL:443|IND:467
24105,CHA:156|WAS:315|ATL:403|CLE:453|IND:528
24150,CHA:224|WAS:335|CLE:421|ATL:471|IND:495
24129,CHA:167|WAS:292|ATL:414|CLE:421|IND:496
24325,CHA:149|WAS:338|ATL:396|CLE:446|IND:521
24141,CHA:168|WAS:287|ATL:415|CLE:429|IND:504
24142,CHA:171|WAS:287|ATL:418|CLE:426|IND:501
24053,CHA:139|WAS:366|ATL:387|CLE:465|IND:540
24352,CHA:133|WAS:340|ATL:380|CLE:436|IND:511
24380,CHA:144|WAS:317|ATL:391|CLE:441|IND:516
24128,CHA:218|WAS:317|CLE:420|ATL:465|IND:495
24149,CHA:178|WAS:288|ATL:426|CLE:438|IND:513
24061,CHA:186|WAS:287|CLE:413|ATL:434|IND:488
24073,CHA:172|WAS:278|ATL:419|CLE:420|IND:495
24076,CHA:132|WAS:356|ATL:379|CLE:460|IND:535
24060,CHA:191|WAS:285|CLE:410|ATL:438|IND:485
24120,CHA:152|WAS:340|ATL:399|CLE:455|IND:530
24984,CHA:227|WAS:296|CLE:423|ATL:474|IND:498
24091,CHA:162|WAS:301|ATL:409|CLE:450|IND:525
24138,CHA:186|WAS:290|ATL:433|CLE:437|IND:512
24185,CHA:179|WAS:327|ATL:426|CLE:476|IND:551
24162,CHA:194|WAS:278|CLE:440|ATL:441|IND:515
24072,CHA:185|WAS:296|ATL:433|CLE:446|IND:521
24087,CHA:190|WAS:264|CLE:436|ATL:437|IND:511
24070,CHA:220|WAS:277|CLE:432|ATL:467|IND:507
24127,CHA:254|WAS:298|CLE:456|ATL:502|IND:531
24171,CHA:177|WAS:366|ATL:424|CLE:491|IND:565
27022,CHA:144|WAS:358|ATL:392|CLE:484|IND:558
24079,CHA:181|WAS:285|ATL:428|CLE:454|IND:529
24059,CHA:194|WAS:279|ATL:442|CLE:467|BKN:536
24082,CHA:164|WAS:349|ATL:412|CLE:483|IND:558
24133,CHA:168|WAS:343|ATL:415|CLE:487|IND:562
24153,CHA:201|WAS:261|ATL:449|CLE:450|BKN:518
27046,CHA:147|WAS:358|ATL:395|CLE:497|IND:572
24088,CHA:187|WAS:308|ATL:435|CLE:480|IND:555
24165,CHA:163|WAS:339|ATL:411|CLE:487|IND:562
24067,CHA:197|WAS:290|ATL:444|CLE:477|BKN:547
24018,CHA:209|WAS:264|ATL:456|CLE:462|BKN:521
24175,CHA:223|WAS:257|CLE:449|ATL:471|BKN:514
24102,CHA:182|WAS:317|ATL:430|CLE:491|IND:566
24055,CHA:165|WAS:322|ATL:413|CLE:488|IND:563
24065,CHA:214|WAS:281|ATL:462|CLE:481|BKN:538
24017,CHA:206|WAS:253|CLE:452|ATL:453|BKN:510
24015,CHA:213|WAS:261|ATL:460|CLE:460|BKN:518
24089,CHA:158|WAS:322|ATL:406|CLE:497|IND:572
24016,CHA:212|WAS:256|CLE:458|ATL:459|BKN:512
24019,CHA:207|WAS:248|ATL:454|CLE:454|BKN:504
24168,CHA:163|WAS:319|ATL:411|CLE:493|IND:568
24020,CHA:209|WAS:246|ATL:456|CLE:456|BKN:502
24011,CHA:211|WAS:255|ATL:458|CLE:458|BKN:512
24022,CHA:209|WAS:253|ATL:456|CLE:456|BKN:509
24013,CHA:212|WAS:255|ATL:459|CLE:459|BKN:511
24083,CHA:213|WAS:243|ATL:460|CLE:460|BKN:499
24014,CHA:221|WAS:265|ATL:469|CLE:469|BKN:522
24078,CHA:163|WAS:319|ATL:411|CLE:497|IND:572
24077,CHA:212|WAS:241|ATL:459|CLE:459|BKN:498
24012,CHA:218|WAS:248|ATL:466|CLE:466|BKN:505
24148,CHA:148|WAS:337|ATL:396|CLE:508|IND:583
24151,CHA:191|WAS:300|ATL:439|CLE:501|BKN:557
24112,CHA:165|WAS:331|ATL:413|CLE:509|IND:584
24101,CHA:217|WAS:273|ATL:465|CLE:483|BKN:530
24179,CHA:226|WAS:263|ATL:473|CLE:473|BKN:520
24184,CHA:207|WAS:282|ATL:455|CLE:487|NYK:535
24064,CHA:240|WAS:261|ATL:488|CLE:488|BKN:518
24092,CHA:211|WAS:303|ATL:459|CLE:508|NYK:556
24095,CHA:235|WAS:273|ATL:483|CLE:483|NYK:525
24054,CHA:166|WAS:328|ATL:414|CLE:516|IND:591
24176,CHA:208|WAS:297|ATL:456|CLE:507|NYK:556
24122,CHA:235|WAS:235|CLE:472|ATL:483|NYK:488
24174,CHA:234|WAS:249|ATL:481|CLE:481|NYK:501
24137,CHA:198|WAS:297|ATL:446|CLE:517|NYK:563
24121,CHA:225|WAS:281|ATL:473|CLE:494|NYK:533
24069,CHA:161|WAS:325|ATL:409|CLE:524|NYK:597
24530,CHA:185|WAS:306|ATL:433|CLE:533|NYK:571
24161,CHA:220|WAS:307|ATL:468|CLE:538|NYK:572
24523,CHA:238|WAS:253|ATL:486|CLE:490|NYK:506
24541,CHA:154|WAS:311|ATL:402|CLE:528|NYK:584
24549,CHA:178|WAS:308|ATL:426|CLE:545|NYK:574
24104,CHA:223|WAS:273|ATL:470|CLE:511|NYK:536
24139,CHA:202|WAS:284|ATL:450|CLE:538|NYK:550
24531,CHA:184|WAS:293|ATL:432|CLE:539|NYK:559
24570,CHA:242|WAS:255|ATL:490|CLE:499|NYK:511
24540,CHA:170|WAS:314|ATL:418|CLE:548|NYK:579
27315,CHA:157|WAS:304|ATL:405|CLE:542|NYK:577
24571,CHA:211|WAS:267|ATL:459|CLE:516|NYK:533
24527,CHA:169|WAS:298|ATL:417|CLE:554|NYK:564
24557,CHA:195|WAS:278|ATL:443|CLE:538|NYK:543
24586,CHA:170|WAS:296|ATL:418|CLE:555|NYK:573
24563,CHA:205|WAS:270|ATL:452|CLE:536|NYK:536
24550,CHA:216|WAS:248|ATL:464|NYK:514|BKN:516
24566,CHA:180|WAS:293|ATL:428|CLE:566|NYK:571
24517,CHA:206|WAS:255|ATL:454|NYK:520|BKN:522
27305,CHA:183|WAS:303|ATL:431|CLE:568|NYK:580
24565,CHA:198|WAS:293|ATL:446|CLE:563|NYK:566
24594,CHA:177|WAS:288|ATL:425|CLE:562|NYK:565
24569,CHA:215|WAS:272|ATL:463|NYK:538|BKN:540
24597,CHA:189|WAS:276|ATL:437|NYK:554|BKN:556
27343,CHA:201|WAS:311|ATL:448|CLE:588|NYK:589
24554,CHA:236|WAS:269|ATL:484|NYK:535|BKN:537
24520,CHA:190|WAS:280|ATL:437|NYK:557|BKN:559
24577,CHA:219|WAS:276|ATL:466|NYK:554|BKN:556
24558,CHA:211|WAS:266|ATL:459|NYK:544|BKN:545
24592,CHA:193|WAS:269|ATL:441|NYK:547|BKN:548
24539,CHA:224|WAS:273|ATL:472|NYK:550|BKN:552
24598,CHA:207|WAS:260|ATL:455|NYK:538|BKN:540
24534,CHA:221|WAS:251|ATL:469|NYK:528|BKN:530
24589,CHA:215|WAS:257|ATL:463|NYK:534|BKN:536
24580,CHA:204|WAS:244|ATL:452|NYK:522|BKN:524
23964,CHA:238|WAS:253|ATL:486|NYK:531|BKN:533
24529,CHA:213|WAS:242|ATL:461|NYK:520|BKN:522
23927,CHA:213|WAS:242|ATL:461|NYK:519|BKN:521
27507,CHA:202|WAS:247|ATL:450|NYK:525|BKN:527
23968,CHA:235|WAS:240|ATL:483|NYK:518|BKN:519
23917,WAS:230|CHA:232|ATL:480|NYK:508|BKN:509
41339,IND:288|CHA:401|ATL:419|CLE:426|DET:463
41310,IND:290|CHA:392|CLE:407|ATL:436|DET:465
41366,IND:309|CHA:411|CLE:427|ATL:454|DET:484
41465,IND:284|CHA:365|CLE:381|ATL:430|DET:456
41464,IND:303|CHA:381|CLE:401|ATL:449|DET:476
41632,IND:313|CHA:368|CLE:402|ATL:442|DET:477
41238,IND:300|CHA:371|CLE:375|ATL:446|DET:450
41616,IND:317|CHA:358|CLE:394|ATL:434|DET:469
41256,IND:302|CHA:362|CLE:366|DET:441|ATL:448
41222,IND:307|CHA:360|CLE:370|DET:445|ATL:453
41607,IND:314|CHA:357|CLE:391|ATL:443|DET:466
41255,IND:315|CLE:369|CHA:371|DET:444|ATL:461
41274,IND:305|CLE:358|CHA:362|DET:433|ATL:452
41622,IND:321|CHA:345|CLE:392|ATL:422|DET:467
41216,IND:315|CHA:354|CLE:375|ATL:447|DET:450
41257,IND:317|CLE:366|CHA:373|DET:441|ATL:463
41645,IND:320|CHA:347|CLE:392|ATL:423|DET:467
41268,IND:310|CHA:356|CLE:370|DET:445|ATL:449
41240,IND:308|CHA:360|CLE:367|DET:443|ATL:453
41649,IND:315|CHA:346|CLE:387|ATL:429|DET:462
41263,IND:309|CLE:358|CHA:365|DET:433|ATL:455
41653,IND:317|CHA:348|CLE:388|ATL:441|DET:463
41602,IND:317|CHA:355|CLE:377|ATL:448|DET:452
41260,IND:320|CHA:372|CLE:379|DET:454|ATL:465
41234,IND:314|CHA:366|CLE:373|DET:448|ATL:459
41655,IND:333|CHA:355|CLE:405|ATL:443|DET:480
41232,IND:321|CLE:356|CHA:378|DET:431|WAS:466
41621,IND:312|CHA:339|CLE:383|ATL:436|DET:458
41271,IND:318|CLE:366|CHA:370|DET:441|ATL:463
41265,IND:326|CHA:365|CLE:387|ATL:458|DET:462
41601,IND:315|CHA:342|CLE:387|ATL:438|DET:462
41254,IND:325|CLE:366|CHA:379|DET:441|ATL:471
41603,IND:318|CHA:337|CLE:389|ATL:442|DET:464
41615,IND:327|CHA:340|CLE:398|ATL:450|DET:473
41264,IND:320|CLE:346|CHA:375|DET:421|WAS:455
41204,IND:326|CLE:372|CHA:378|DET:447|ATL:471
41230,IND:323|CLE:336|CHA:366|DET:411|WAS:446
41663,IND:324|CHA:337|CLE:396|ATL:448|DET:471
41642,IND:324|CHA:341|CLE:395|ATL:448|DET:470
41262,IND:338|CLE:370|CHA:381|DET:445|WAS:480
41605,IND:319|CHA:327|CLE:389|ATL:437|WAS:464
41659,IND:346|CHA:372|CLE:417|ATL:470|DET:492
41214,IND:341|CLE:371|CHA:373|DET:446|ATL:472
41224,IND:340|CLE:373|CHA:375|DET:448|ATL:471
25514,IND:336|CLE:349|CHA:379|DET:424|WAS:459
41501,CHA:320|IND:333|CLE:378|ATL:437|WAS:453
25669,IND:358|CHA:368|CLE:371|DET:446|WAS:473
41203,IND:360|CHA:363|CLE:374|DET:461|WAS:468
25517,IND:340|CLE:344|CHA:369|DET:428|WAS:449
41250,IND:385|CHA:393|CLE:404|DET:486|WAS:498
41571,CHA:347|IND:360|CLE:385|WAS:460|ATL:464
41267,CHA:362|IND:363|CLE:374|DET:459|WAS:467
25570,CLE:332|IND:333|CHA:358|DET:422|WAS:438
41231,CHA:352|IND:364|CLE:373|WAS:457|DET:465
41564,CHA:331|IND:344|CLE:364|WAS:440|ATL:448
25674,CHA:360|IND:365|CLE:372|DET:460|WAS:465
25511,IND:392|CLE:395|CHA:419|DET:480|WAS:501
41519,CHA:336|IND:352|CLE:365|WAS:441|ATL:456
41539,CHA:321|IND:359|CLE:390|ATL:462|WAS:464
41514,CHA:326|CLE:353|IND:363|WAS:431|ATL:467
25685,CHA:333|CLE:344|IND:365|WAS:438|DET:465
25512,CLE:350|IND:350|CHA:368|DET:438|WAS:448
25699,CHA:385|IND:385|CLE:387|DET:473|WAS:485
25666,CHA:372|CLE:375|IND:392|WAS:473|DET:483
41527,CHA:327|CLE:356|IND:360|WAS:432|ATL:464
41567,CHA:340|IND:362|CLE:369|WAS:445|ATL:466
41503,CHA:325|CLE:354|IND:362|WAS:430|ATL:466
41535,CHA:329|IND:350|CLE:358|WAS:434|ATL:454
41543,CHA:343|IND:365|CLE:372|WAS:447|ATL:469
25534,CLE:347|IND:357|CHA:358|DET:445|WAS:445
25667,CHA:321|CLE:357|IND:370|WAS:426|ATL:474
41555,CHA:338|IND:360|CLE:367|WAS:442|ATL:464
25661,CHA:318|CLE:355|IND:367|WAS:423|ATL:471
41531,CHA:335|CLE:365|IND:366|WAS:440|ATL:470
41558,CHA:331|IND:365|CLE:372|WAS:437|ATL:469
25671,CHA:366|CLE:366|IND:411|WAS:464|DET:499
25506,CLE:328|IND:344|CHA:346|WAS:426|DET:433
25676,CHA:400|CLE:412|IND:438|WAS:505|DET:538
41544,CHA:322|CLE:368|IND:370|WAS:427|ATL:474
25688,CHA:315|CLE:361|IND:378|WAS:420|ATL:482
25670,CHA:321|CLE:349|IND:377|WAS:426|ATL:480
25690,CHA:319|CLE:354|IND:375|WAS:424|ATL:479
25557,CLE:345|CHA:356|IND:368|WAS:443|DET:457
41528,CHA:312|CLE:376|IND:384|WAS:436|ATL:488
25540,CLE:337|CHA:355|IND:357|WAS:436|DET:445
25678,CHA:326|CLE:376|IND:389|WAS:436|ATL:493
25524,CLE:326|CHA:337|IND:368|WAS:424|DET:456
25544,CLE:326|CHA:344|IND:355|WAS:424|DET:442
25672,CHA:325|CLE:379|IND:391|WAS:438|ATL:495
41547,CHA:304|CLE:381|IND:387|WAS:440|ATL:485
25649,CHA:335|CLE:337|IND:399|WAS:435|DET:477
25625,CLE:331|CHA:333|IND:396|WAS:429|DET:470
25692,CHA:314|CLE:370|IND:389|WAS:419|ATL:493
25523,CLE:304|CHA:322|IND:345|WAS:402|DET:420
25696,CHA:303|CLE:360|IND:383|WAS:408|ATL:487
25638,CHA:337|CLE:360|IND:416|WAS:442|DET:500
25652,CHA:346|CLE:346|IND:413|WAS:445|DET:486
41568,CHA:315|CLE:403|IND:404|WAS:462|ATL:495
25505,CLE:324|CHA:335|IND:384|WAS:422|DET:463
25637,CHA:321|CLE:323|IND:391|WAS:422|DET:463
25644,CHA:331|CLE:362|IND:396|WAS:436|ATL:500
25601,CHA:328|CLE:335|IND:403|WAS:431|DET:474
25508,CLE:310|CHA:321|IND:378|WAS:408|DET:449
25653,CHA:324|CLE:329|IND:397|WAS:427|DET:469
25647,CHA:315|CLE:334|IND:400|WAS:420|DET:473
25521,CLE:292|CHA:310|IND:356|WAS:390|DET:430
25624,CLE:321|CHA:327|IND:389|WAS:419|DET:461
25612,CHA:314|CLE:339|IND:399|WAS:419|DET:478
25565,CLE:307|CHA:325|IND:375|WAS:405|DET:447
25501,CLE:315|CHA:333|IND:383|WAS:413|DET:455
25651,CHA:316|CLE:391|WAS:420|IND:423|ATL:526
25639,CHA:332|CLE:335|IND:402|WAS:433|DET:474
25632,CHA:322|CLE:352|IND:420|WAS:425|DET:491
25547,CLE:332|CHA:343|IND:400|WAS:430|DET:472
25573,CLE:299|CHA:317|IND:366|WAS:397|DET:439
25076,CHA:323|CLE:335|IND:403|WAS:427|DET:475
25564,CLE:283|CHA:301|IND:344|WAS:382|DET:415
25567,CLE:298|CHA:316|IND:366|WAS:396|DET:438
25608,CHA:293|CLE:370|WAS:398|IND:402|ATL:504
25121,CLE:333|CHA:341|IND:401|WAS:431|DET:472
24846,CHA:296|CLE:401|WAS:427|IND:433|ATL:507
25621,CHA:297|CLE:371|WAS:401|IND:403|ATL:507
25646,CHA:338|CLE:350|IND:418|WAS:442|DET:490
25203,CLE:309|CHA:320|IND:377|WAS:407|DET:448
25053,CLE:299|CHA:310|IND:367|WAS:397|DET:438
25108,CLE:324|CHA:332|IND:392|WAS:422|DET:464
25654,CHA:332|CLE:354|IND:422|WAS:436|DET:494
25635,CHA:303|CLE:348|WAS:406|IND:415|DET:487
25611,CHA:300|CLE:350|WAS:405|IND:413|DET:490
25628,CHA:306|CLE:349|WAS:410|IND:417|DET:489
24851,CHA:285|CLE:374|WAS:389|IND:407|ATL:495
24869,CHA:292|CLE:383|WAS:397|IND:417|ATL:503
25606,CHA:304|CLE:354|WAS:407|IND:421|DET:493
25529,CLE:291|CHA:309|IND:359|WAS:389|DET:431
25634,CHA:297|CLE:352|WAS:400|IND:419|DET:491
25617,CHA:294|CLE:350|WAS:397|IND:418|DET:489
24845,CHA:268|CLE:377|WAS:388|IND:411|ATL:479
25183,CLE:324|CHA:332|IND:392|WAS:422|DET:464
25205,CHA:302|CLE:307|IND:375|WAS:405|DET:447
25650,CHA:307|CLE:362|WAS:411|IND:420|DET:502
25114,CLE:325|CHA:333|IND:393|WAS:423|DET:464
25003,CLE:286|CHA:304|IND:354|WAS:384|DET:426
25022,CHA:337|CLE:394|WAS:440|IND:461|DET:533
25149,CHA:320|CLE:330|IND:398|WAS:423|DET:470
25607,CHA:307|CLE:369|WAS:411|IND:436|DET:508
25081,CHA:305|CLE:306|IND:373|WAS:404|DET:445
25047,CHA:315|CLE:335|IND:403|WAS:418|DET:475
24882,CHA:289|CLE:386|WAS:392|IND:420|ATL:503
25169,CHA:294|CLE:301|IND:369|WAS:398|DET:440
24839,CHA:282|CLE:378|WAS:385|IND:412|ATL:495
25309,CLE:271|CHA:289|IND:336|WAS:369|DET:408
25130,CHA:293|CLE:303|IND:371|WAS:397|DET:443
24823,CHA:303|CLE:401|WAS:407|IND:434|ATL:517
25142,CHA:297|CLE:304|IND:373|WAS:400|DET:445
25028,CHA:283|CLE:316|IND:384|WAS:386|DET:456
25154,CHA:291|CLE:298|IND:373|WAS:394|DET:441
25051,CHA:289|CLE:296|IND:365|WAS:392|DET:436
24822,CHA:282|CLE:382|WAS:385|IND:428|ATL:511
25630,CHA:289|CLE:364|WAS:392|IND:431|DET:503
24834,CHA:277|WAS:384|CLE:388|IND:431|ATL:507
25009,CHA:295|CLE:295|IND:363|WAS:394|DET:435
25021,CHA:278|CLE:323|WAS:381|IND:391|DET:462
25206,CHA:319|CLE:346|IND:414|WAS:422|DET:486
25107,CLE:318|CHA:319|IND:385|WAS:416|DET:457
24857,CHA:279|CLE:373|WAS:382|IND:433|DET:513
25314,CLE:280|CHA:297|IND:351|WAS:378|DET:422
25165,CHA:279|CLE:286|IND:361|WAS:382|DET:429
25181,CHA:309|CLE:317|IND:392|WAS:412|DET:460
25208,CHA:267|CLE:339|WAS:370|IND:407|DET:478
25204,CHA:302|CLE:330|IND:398|WAS:406|DET:470
24827,CHA:291|CLE:365|WAS:394|IND:433|DET:505
25093,CHA:306|CLE:350|WAS:409|IND:425|DET:493
25024,CHA:289|CLE:297|IND:372|WAS:393|DET:440
24818,CHA:277|WAS:380|CLE:385|IND:433|ATL:516
25304,CLE:274|CHA:283|IND:349|WAS:372|DET:417
24860,CHA:261|WAS:364|CLE:368|IND:436|ATL:508
25315,CHA:270|CLE:277|IND:352|WAS:373|DET:420
24854,CHA:259|CLE:352|WAS:362|IND:420|DET:492
24898,CHA:252|WAS:355|CLE:360|IND:429|ATL:499
24849,CHA:263|WAS:366|CLE:371|IND:443|ATL:510
25049,CHA:295|CLE:311|IND:386|WAS:399|DET:454
25193,CHA:278|CLE:313|WAS:381|IND:388|DET:456
25214,CHA:277|CLE:288|IND:363|WAS:381|DET:431
24870,CHA:268|WAS:371|CLE:374|IND:449|ATL:515
24880,CHA:257|WAS:360|CLE:365|IND:440|ATL:504
24874,CHA:249|WAS:352|CLE:357|IND:432|ATL:496
25148,CHA:297|CLE:332|WAS:400|IND:407|DET:475
25209,CHA:270|CLE:320|WAS:373|IND:395|DET:463
25035,CHA:272|CLE:288|IND:363|WAS:375|DET:431
25845,CHA:268|WAS:371|CLE:376|IND:451|ATL:515
25306,CLE:276|CHA:282|IND:351|WAS:374|DET:419
25140,CHA:272|CLE:358|WAS:376|IND:433|DET:501
25015,CHA:287|CLE:293|IND:368|WAS:390|DET:436
25916,CHA:250|WAS:354|CLE:359|IND:434|ATL:498
25060,CHA:264|CLE:317|WAS:367|IND:392|DET:460
25134,CHA:259|CLE:289|WAS:362|IND:364|DET:432
25913,CHA:251|WAS:354|CLE:357|IND:432|ATL:498
24867,CHA:251|WAS:356|CLE:361|IND:436|ATL:498
25054,CHA:257|CLE:286|WAS:360|IND:361|DET:429
25875,CHA:245|WAS:348|CLE:353|IND:428|ATL:493
25876,CHA:253|WAS:357|CLE:362|IND:437|ATL:501
25067,CHA:264|CLE:281|IND:356|WAS:367|DET:424
25061,CHA:254|CLE:283|WAS:357|IND:358|DET:426
25180,CHA:250|WAS:354|CLE:356|IND:431|ATL:498
25062,CHA:265|CLE:354|WAS:368|IND:429|DET:497
25048,CHA:262|CLE:318|WAS:365|IND:393|DET:461
25007,CHA:245|CLE:348|WAS:348|IND:423|DET:491
25817,CHA:240|WAS:343|CLE:346|IND:421|ATL:487
25848,CHA:252|WAS:356|CLE:358|IND:433|ATL:500
25086,CHA:275|CLE:290|IND:365|WAS:378|DET:433
25174,CHA:267|CLE:361|WAS:370|IND:435|DET:504
24847,CHA:236|WAS:348|CLE:353|IND:428|ATL:483
25075,CHA:282|CLE:311|WAS:385|IND:386|DET:454
25882,CHA:257|WAS:371|CLE:376|IND:451|ATL:505
25025,CLE:288|CHA:289|IND:362|WAS:386|DET:430
25839,CHA:244|WAS:347|CLE:350|IND:425|ATL:491
25162,CHA:259|CLE:288|IND:363|WAS:363|DET:431
25103,CHA:265|CLE:294|IND:369|WAS:369|DET:437
24716,CHA:229|WAS:355|CLE:360|IND:435|ATL:476
25870,CHA:253|WAS:357|CLE:362|IND:437|ATL:501
25826,CHA:237|WAS:347|CLE:352|IND:427|ATL:485
25083,CHA:242|CLE:296|WAS:345|IND:371|DET:439
25039,CHA:285|CLE:300|IND:375|WAS:388|DET:443
25865,CHA:241|WAS:345|CLE:350|IND:425|ATL:489
25844,CHA:234|CLE:337|WAS:338|IND:412|DET:480
25126,CHA:271|CLE:290|IND:365|WAS:374|DET:433
25102,CHA:265|CLE:294|IND:368|WAS:368|DET:436
25810,CHA:233|WAS:347|CLE:352|IND:427|ATL:480
25943,CHA:235|WAS:349|CLE:354|IND:429|ATL:482
25008,CHA:258|CLE:337|WAS:361|IND:412|DET:480
25928,CHA:258|WAS:372|CLE:377|IND:452|ATL:505
25110,CHA:278|CLE:294|IND:369|WAS:382|DET:437
25920,CHA:227|WAS:330|CLE:335|IND:410|ATL:474
25132,CHA:299|CLE:315|IND:390|WAS:402|DET:458
25118,CHA:273|CLE:305|WAS:370|IND:380|DET:448
25161,CHA:290|CLE:322|WAS:386|IND:397|DET:465
25136,CHA:270|CLE:299|WAS:367|IND:374|DET:442
25044,CHA:247|CLE:331|WAS:350|IND:406|DET:474
25932,CHA:226|WAS:329|CLE:334|IND:409|ATL:474
25186,CHA:271|CLE:297|IND:372|WAS:372|DET:440
25915,CHA:220|WAS:343|CLE:348|IND:423|ATL:468
25811,CHA:237|WAS:355|CLE:360|IND:435|ATL:485
25836,CHA:230|WAS:333|CLE:334|IND:409|ATL:477
25139,CHA:290|CLE:322|WAS:387|IND:397|DET:465
25853,CHA:226|WAS:350|CLE:355|IND:430|ATL:474
25849,CHA:221|WAS:324|CLE:329|IND:404|ATL:468
25031,CHA:277|CLE:304|WAS:373|IND:379|DET:447
25036,CHA:277|CLE:303|IND:378|WAS:380|DET:446
25801,CHA:227|CLE:324|WAS:331|IND:399|DET:467
25160,CHA:299|CLE:315|IND:390|WAS:403|DET:458
25921,CHA:242|WAS:346|CLE:351|IND:426|ATL:490
25119,CHA:249|CLE:321|WAS:345|IND:396|DET:464
25851,CHA:220|WAS:323|CLE:324|IND:399|ATL:467
25827,CHA:219|WAS:323|CLE:327|IND:402|ATL:467
25002,CHA:274|CLE:303|WAS:365|IND:378|DET:446
25917,CHA:246|CLE:320|WAS:349|IND:395|DET:463
25040,CHA:281|CLE:308|WAS:373|IND:383|DET:451
25904,CHA:230|CLE:314|WAS:333|IND:389|DET:457
25908,CHA:235|WAS:348|CLE:353|IND:428|ATL:483
25152,CHA:256|CLE:335|WAS:352|IND:410|DET:478
25185,CHA:285|CLE:311|WAS:383|IND:386|DET:454
25857,CHA:222|WAS:347|CLE:357|IND:432|ATL:470
25059,CHA:282|CLE:311|WAS:373|IND:386|DET:454
25057,CHA:285|CLE:347|WAS:381|IND:422|DET:490
25878,CHA:227|WAS:330|CLE:335|IND:410|ATL:474
25090,CHA:268|CLE:311|WAS:359|IND:386|DET:454
25902,CHA:219|WAS:343|CLE:354|IND:429|ATL:467
25125,CHA:310|CLE:349|WAS:390|IND:424|DET:492
25873,CHA:215|WAS:319|CLE:324|IND:399|ATL:463
25871,CHA:217|WAS:320|CLE:325|IND:400|ATL:464
25173,CHA:276|CLE:326|WAS:373|IND:401|DET:469
25909,CHA:223|CLE:320|WAS:321|IND:395|DET:463
25880,CHA:229|CLE:321|WAS:325|IND:396|DET:464
25818,CHA:228|CLE:320|WAS:324|IND:395|DET:463
25823,CHA:231|WAS:337|CLE:342|IND:417|ATL:478
25115,CHA:272|CLE:325|WAS:368|IND:400|DET:468
25911,CHA:220|WAS:323|CLE:328|IND:403|ATL:467
26656,CHA:285|CLE:324|WAS:376|IND:399|DET:467
25846,CHA:232|CLE:321|WAS:328|IND:396|DET:464
25820,
25085,CHA:279|CLE:331|WAS:369|IND:406|DET:474
25866,CHA:242|CLE:326|WAS:338|IND:401|DET:469
25855,CHA:232|CLE:320|WAS:329|IND:395|DET:463
25843,CHA:207|WAS:328|CLE:341|IND:416|ATL:455
25812,CHA:268|CLE:329|WAS:352|IND:404|DET:472
25111,CHA:299|CLE:329|WAS:361|IND:407|DET:472
25832,CHA:217|WAS:323|CLE:347|IND:422|ATL:464
25840,CHA:244|CLE:329|WAS:341|IND:403|DET:471
25879,CHA:244|CLE:329|WAS:341|IND:403|DET:471
25901,CHA:241|CLE:328|WAS:337|IND:403|DET:471
25813,CHA:221|WAS:315|CLE:334|IND:409|ATL:468
25841,CHA:221|WAS:344|CLE:355|IND:430|ATL:468
25019,CHA:310|CLE:336|WAS:368|IND:414|DET:479
26690,CHA:285|CLE:353|WAS:367|IND:428|DET:496
25907,CHA:237|WAS:333|CLE:342|IND:417|ATL:485
25825,CHA:210|WAS:329|CLE:344|IND:419|ATL:457
25862,CHA:252|WAS:335|CLE:336|IND:411|DET:479
25837,CHA:251|CLE:335|WAS:336|IND:410|DET:478
25864,CHA:261|CLE:355|WAS:357|IND:430|DET:498
25989,CHA:215|WAS:321|CLE:344|IND:419|ATL:462
25918,CHA:222|WAS:316|CLE:352|IND:427|ATL:469
25936,CHA:258|CLE:345|WAS:354|IND:420|DET:488
25938,CHA:267|CLE:341|WAS:350|IND:416|DET:484
25969,CHA:251|WAS:347|CLE:380|IND:455|ATL:498
26667,CHA:284|CLE:350|WAS:355|IND:425|DET:493
26651,CHA:281|CLE:343|WAS:348|IND:418|DET:486
25942,CHA:274|WAS:346|CLE:358|IND:433|DET:501
25854,CHA:253|WAS:335|CLE:337|IND:412|DET:480
25868,CHA:261|WAS:329|CLE:345|IND:420|DET:488
25978,CHA:229|WAS:333|CLE:380|IND:455|ATL:476
25831,CHA:261|WAS:320|CLE:364|IND:439|DET:507
26678,CHA:266|WAS:345|CLE:350|IND:425|DET:493
25979,CHA:223|WAS:354|CLE:388|IND:463|ATL:471
25977,CHA:247|WAS:313|CLE:360|IND:435|ATL:494
25951,CHA:236|WAS:324|CLE:371|IND:446|ATL:483
26680,CHA:318|WAS:355|CLE:402|IND:477|DET:545
25976,CHA:247|WAS:305|CLE:360|IND:435|ATL:494
26684,CHA:268|WAS:337|CLE:352|IND:426|DET:494
25985,CHA:249|WAS:315|CLE:363|IND:437|ATL:496
25986,CHA:249|WAS:299|CLE:362|IND:437|ATL:496
24935,CHA:221|WAS:324|CLE:381|IND:456|ATL:468
26679,CHA:273|WAS:331|CLE:356|IND:432|DET:500
25962,CHA:273|WAS:316|CLE:375|IND:450|DET:518
25958,CHA:285|WAS:319|CLE:398|IND:473|ATL:532
25966,CHA:258|WAS:304|CLE:371|IND:446|ATL:505
24918,CHA:215|WAS:328|CLE:388|ATL:462|IND:463
24981,CHA:241|WAS:318|CLE:385|IND:460|ATL:489
24943,CHA:241|WAS:285|CLE:354|IND:429|ATL:488
24962,CHA:245|WAS:311|CLE:388|IND:463|ATL:493
24985,CHA:239|WAS:323|CLE:404|IND:479|ATL:486
25972,CHA:277|WAS:311|CLE:391|IND:466|ATL:525
24945,CHA:241|WAS:330|CLE:410|IND:485|ATL:489
25981,CHA:272|WAS:306|CLE:380|IND:459|ATL:520
24977,CHA:256|WAS:290|CLE:369|IND:444|ATL:503
24910,CHA:255|WAS:299|CLE:390|IND:465|ATL:502
24993,CHA:260|WAS:302|CLE:399|IND:474|ATL:507
25984,CHA:276|WAS:310|CLE:390|IND:465|ATL:524
24931,CHA:251|WAS:285|CLE:364|IND:439|ATL:498
24916,CHA:269|WAS:295|CLE:383|IND:458|ATL:517
24976,CHA:256|WAS:293|CLE:408|IND:483|ATL:503
24983,CHA:242|WAS:294|CLE:409|IND:484|ATL:489
24901,CHA:253|WAS:276|CLE:366|IND:441|ATL:500
24991,CHA:275|WAS:298|CLE:388|IND:463|ATL:522
24970,CHA:272|WAS:292|CLE:402|IND:477|ATL:519
24974,CHA:269|WAS:302|CLE:417|IND:492|ATL:516
24957,CHA:266|WAS:274|CLE:379|IND:454|ATL:513
24925,WAS:265|CHA:269|CLE:382|IND:457|ATL:516
24938,CHA:274|WAS:282|CLE:387|IND:462|ATL:521
24941,CHA:252|WAS:283|CLE:419|IND:494|ATL:500
24131,CHA:253|WAS:290|CLE:426|ATL:500|IND:501
24426,WAS:265|CHA:296|CLE:427|IND:502|BKN:521
24090,CHA:224|WAS:244|CLE:449|ATL:472|BKN:501
24066,WAS:221|CHA:227|CLE:459|NYK:474|ATL:475
64622,OKC:433|MIN:457|CHI:470|IND:475|MEM:512
64623,OKC:433|CHI:464|MIN:465|IND:468|MEM:498
64639,OKC:434|CHI:456|IND:461|MEM:485|MIN:485
65236,OKC:450|CHI:456|IND:460|MEM:495|MIN:497
65246,CHI:458|OKC:460|IND:463|MEM:488|MIN:511
65261,CHI:436|IND:441|OKC:461|MEM:472|MIN:490
65281,CHI:440|IND:445|MEM:468|OKC:474|MIN:506
65230,IND:430|CHI:439|MEM:448|OKC:465|MIN:507
65244,CHI:418|IND:422|MEM:453|OKC:482|MIN:484
65259,CHI:417|IND:422|MEM:450|MIN:484|MIL:493
65257,IND:420|CHI:429|MEM:438|OKC:471|MIN:496
65278,IND:402|CHI:409|MEM:420|OKC:468|MIN:476
65270,CHI:406|IND:409|MEM:428|MIN:472|OKC:476
65243,IND:395|CHI:413|MEM:413|OKC:461|MIN:480
65263,CHI:386|IND:391|MEM:442|MIL:462|MIN:490
65240,IND:393|CHI:406|MEM:411|OKC:470|MIL:483
65285,IND:391|CHI:394|MEM:410|MIL:470|OKC:478
65275,CHI:372|IND:377|MEM:424|MIL:448|OKC:496
65265,IND:384|CHI:392|MEM:402|MIL:468|OKC:471
65282,CHI:376|IND:381|MEM:413|MIL:452|OKC:493
65232,IND:367|CHI:375|MEM:385|MIL:451|OKC:463
65280,CHI:374|IND:377|MEM:396|MIL:450|OKC:479
63462,CHI:356|IND:361|MEM:401|MIL:432|MIN:500
65264,IND:360|MEM:378|CHI:380|MIL:456|OKC:473
63352,CHI:363|IND:367|MEM:389|MIL:439|OKC:480
63345,CHI:354|IND:359|MEM:382|MIL:431|OKC:485
63384,IND:348|MEM:366|CHI:371|MIL:448|OKC:482
63382,CHI:347|IND:351|MEM:374|MIL:424|OKC:492
63339,CHI:341|IND:345|MEM:368|MIL:417|OKC:504
63359,IND:355|CHI:359|MEM:374|MIL:435|OKC:503
63441,CHI:342|IND:347|MEM:373|MIL:418|MIN:490
63333,IND:333|MEM:352|CHI:373|MIL:450|OKC:489
63334,CHI:340|IND:344|MEM:362|MIL:417|MIN:508
63349,IND:321|MEM:339|CHI:378|MIL:455|OKC:501
63353,CHI:325|IND:330|MEM:380|MIL:402|MIN:509
63377,IND:322|MEM:340|CHI:357|MIL:434|OKC:508
63387,IND:320|MEM:339|CHI:346|MIL:423|MIN:514
63344,IND:324|CHI:342|MEM:342|MIL:419|MIN:510
63336,CHI:341|IND:346|MEM:371|MIL:418|MIN:534
62366,CHI:310|IND:315|MEM:384|MIL:387|MIN:514
63343,IND:320|MEM:344|CHI:357|MIL:434|OKC:530
63330,IND:338|CHI:356|MEM:362|MIL:433|MIN:544
62355,CHI:326|IND:331|MIL:403|MEM:412|MIN:542
62045,CHI:336|IND:337|MEM:389|MIL:413|MIN:557
62053,CHI:322|IND:323|MEM:382|MIL:399|MIN:557
62361,CHI:305|IND:310|MIL:382|MEM:394|MIN:541
62050,CHI:299|IND:304|MIL:376|MEM:381|MIN:551
62027,CHI:303|IND:304|MEM:363|MIL:380|DET:558
62078,CHI:296|IND:300|MIL:372|MEM:379|MIN:549
62092,CHI:280|IND:284|MEM:357|MIL:357|DET:534
62016,CHI:287|IND:287|MEM:346|MIL:364|DET:542
62082,CHI:281|IND:286|MIL:358|MEM:371|DET:535
62098,CHI:299|IND:303|MEM:368|MIL:376|DET:553
64625,OKC:396|MIN:409|CHI:451|IND:456|MEM:522
64648,MIN:400|OKC:411|CHI:484|IND:488|MIL:534
64654,MIN:409|OKC:420|CHI:464|IND:468|MEM:535
64656,OKC:413|MIN:426|CHI:459|IND:463|MEM:529
64664,OKC:406|MIN:420|CHI:446|IND:450|MEM:517
64686,OKC:406|MIN:420|CHI:444|IND:448|MEM:515
64638,OKC:425|MIN:442|CHI:466|IND:471|MEM:531
64683,MIN:398|OKC:421|CHI:474|IND:478|MIL:532
64679,MIN:395|OKC:446|CHI:484|IND:502|MIL:528
64601,OKC:417|MIN:431|CHI:444|IND:449|MEM:515
64682,OKC:426|MIN:446|CHI:459|IND:464|MEM:505
64635,MIN:435|OKC:444|CHI:459|IND:463|MEM:530
64652,MIN:422|OKC:445|CHI:461|IND:466|MEM:532
64641,MIN:419|OKC:452|CHI:480|IND:485|MIL:536
64688,OKC:428|CHI:436|IND:441|MIN:441|MEM:507
64643,OKC:440|CHI:452|MIN:453|IND:457|MEM:519
64667,MIN:405|CHI:459|OKC:478|MIL:503|IND:505
64645,MIN:408|CHI:470|OKC:472|IND:500|MIL:515
64646,MIN:432|OKC:455|CHI:468|IND:472|MIL:521
64659,CHI:422|OKC:423|IND:426|MIN:436|MEM:493
64655,MIN:396|CHI:445|OKC:488|MIL:489|IND:505
65286,CHI:450|OKC:450|IND:454|MIN:482|MEM:503
64681,CHI:433|IND:437|OKC:447|MIN:460|MEM:504
64653,CHI:431|IND:436|OKC:445|MIN:459|MEM:502
64651,CHI:415|IND:420|OKC:430|MIN:443|MEM:486
64674,CHI:441|IND:446|OKC:456|MIN:464|MEM:512
64630,CHI:447|MIN:448|IND:451|OKC:461|MIL:515
63560,MIN:412|CHI:435|MIL:479|IND:481|OKC:492
63556,MIN:433|CHI:456|IND:471|OKC:473|MIL:500
64660,CHI:441|IND:445|OKC:467|MIN:480|MEM:511
64628,CHI:413|IND:418|OKC:441|MIN:454|MEM:484
64676,CHI:422|IND:427|OKC:454|MIN:467|MEM:493
63545,MIN:430|CHI:439|IND:454|MIL:483|OKC:489
63566,CHI:444|IND:449|MIN:465|OKC:477|MIL:506
63565,MIN:399|CHI:416|MIL:460|IND:476|OKC:508
64658,CHI:424|IND:429|OKC:466|MIN:479|MEM:495
64631,CHI:414|IND:418|OKC:459|MIN:470|MEM:485
63557,CHI:430|IND:435|MIN:451|OKC:475|MIL:492
63544,CHI:430|MIN:433|IND:446|MIL:474|OKC:499
63539,CHI:414|IND:419|MIN:454|OKC:474|MEM:485
63559,CHI:420|MIN:423|IND:436|MIL:464|OKC:500
63558,CHI:395|IND:399|OKC:456|MIN:461|MEM:466
63551,CHI:400|MIN:401|MIL:445|IND:461|MEM:527
63567,CHI:407|MIN:411|MIL:451|IND:454|MEM:520
63538,CHI:414|IND:419|MIN:452|OKC:481|MEM:485
63534,CHI:392|IND:397|MIN:458|MEM:463|OKC:464
63501,CHI:411|MIN:414|IND:415|MIL:455|MEM:482
63532,CHI:383|IND:388|MIN:449|MEM:454|MIL:459
63561,CHI:393|MIN:397|MIL:438|IND:441|MEM:508
63546,CHI:401|MIN:405|IND:435|MIL:445|MEM:502
63549,CHI:399|IND:403|MIN:424|MIL:465|MEM:470
65247,CHI:388|IND:392|MEM:439|MIN:454|MIL:464
63552,CHI:376|IND:381|MIN:444|MEM:447|MIL:452
63530,CHI:403|IND:408|MIN:441|MEM:474|MIL:479
65239,CHI:400|IND:404|MEM:438|MIN:466|MIL:476
65260,CHI:402|IND:406|MEM:447|MIN:468|MIL:478
63540,CHI:417|IND:422|MIN:431|MIL:464|MEM:488
63533,CHI:413|MIN:428|IND:430|MIL:457|MEM:497
63536,CHI:383|MIN:391|MIL:427|IND:447|MEM:514
63431,CHI:367|IND:372|MEM:438|MIL:443|MIN:452
63547,CHI:400|IND:415|MIN:434|MIL:444|MEM:482
63531,CHI:385|IND:421|MIN:424|MIL:430|MEM:489
63437,CHI:371|IND:375|MEM:442|MIL:447|MIN:461
63460,CHI:402|IND:407|MIN:449|MIL:452|MEM:473
63451,CHI:392|IND:397|MIL:462|MIN:462|MEM:463
63555,CHI:373|MIN:410|MIL:417|IND:437|MEM:504
63537,CHI:396|IND:411|MIL:440|MIN:448|MEM:478
63450,CHI:368|IND:372|MEM:438|MIL:444|MIN:470
65258,CHI:387|IND:391|MEM:443|MIL:463|MIN:494
63563,CHI:382|IND:425|MIL:426|MIN:439|MEM:493
63469,CHI:369|IND:374|MEM:440|MIL:445|MIN:483
63458,CHI:384|IND:388|MIL:432|MEM:456|MIN:466
63468,CHI:358|IND:362|MEM:429|MIL:434|MIN:473
63543,CHI:365|MIL:409|IND:424|MIN:433|MEM:492
63446,CHI:373|IND:388|MIL:417|MIN:453|MEM:455
63432,CHI:362|MIL:406|MIN:420|IND:426|MEM:493
63434,CHI:383|IND:388|MIL:440|MEM:454|MIN:477
63447,CHI:368|IND:383|MIL:412|MEM:451|MIN:461
63474,CHI:360|MIL:405|IND:417|MIN:446|MEM:484
63443,CHI:345|IND:349|MEM:416|MIL:421|MIN:480
63453,CHI:351|MIL:395|IND:414|MIN:436|MEM:482
63439,CHI:360|IND:365|MEM:431|MIL:432|MIN:486
65283,CHI:369|IND:374|MEM:419|MIL:445|MIN:505
63463,CHI:361|IND:366|MIL:428|MEM:434|MIN:482
63452,CHI:355|IND:374|MIL:399|MEM:442|MIN:448
63473,CHI:351|IND:390|MIL:395|MIN:443|MEM:457
63440,CHI:363|IND:368|MIL:412|MEM:436|MIN:464
63456,CHI:336|IND:341|MEM:407|MIL:412|MIN:472
63445,CHI:327|MIL:371|IND:391|MIN:420|MEM:459
63457,CHI:356|IND:381|MIL:400|MEM:448|MIN:448
63438,CHI:357|IND:362|MIL:407|MEM:430|MIN:460
63454,CHI:355|IND:360|MIL:405|MEM:428|MIN:459
63466,CHI:328|MIL:372|IND:375|MIN:421|MEM:443
63435,CHI:337|IND:365|MIL:381|MIN:430|MEM:433
63472,CHI:313|MIL:357|IND:378|MIN:405|MEM:446
63461,CHI:331|IND:336|MIL:399|MEM:404|MIN:454
63448,CHI:343|IND:351|MIL:387|MEM:418|MIN:436
63436,CHI:338|IND:343|MEM:383|MIL:414|MIN:482
63430,CHI:311|MIL:356|IND:376|MIN:408|MEM:448
63471,CHI:343|IND:347|MIL:389|MEM:417|MIN:445
63401,CHI:324|IND:328|MEM:390|MIL:400|MIN:462
52632,CHI:302|MIL:346|IND:367|MIN:413|MEM:464
62376,CHI:331|IND:353|MIL:375|MEM:436|MIN:461
62379,CHI:327|IND:370|MIL:372|MIN:443|MEM:453
62301,CHI:327|IND:332|MIL:374|MEM:415|MIN:448
63459,CHI:329|IND:334|MEM:376|MIL:405|MIN:477
62348,CHI:325|IND:355|MIL:369|MEM:438|MIN:445
62373,CHI:326|IND:367|MIL:370|MIN:446|MEM:449
62305,CHI:324|IND:328|MIL:370|MEM:411|MIN:454
62341,CHI:309|MIL:353|IND:373|MIN:430|MEM:470
62351,CHI:312|IND:342|MIL:356|MEM:425|MIN:468
63467,CHI:329|IND:334|MEM:395|MIL:405|MIN:481
62360,CHI:320|IND:325|MIL:384|MEM:419|MIN:474
62334,CHI:297|MIL:341|IND:361|MIN:427|MEM:458
62343,CHI:310|IND:314|MIL:387|MEM:405|MIN:479
62338,CHI:333|IND:346|MIL:377|MEM:429|MIN:474
62313,CHI:309|MIL:353|IND:373|MIN:454|MEM:458
62359,CHI:331|IND:344|MIL:375|MEM:427|MIN:472
62349,CHI:303|IND:344|MIL:347|MEM:427|MIN:459
62380,CHI:308|MIL:352|IND:359|MEM:441|MIN:463
62336,CHI:298|MIL:342|IND:362|MIN:447|MEM:459
62365,CHI:320|IND:325|MIL:394|MEM:419|MIN:483
62325,CHI:335|IND:348|MIL:379|MEM:431|MIN:477
63433,CHI:349|IND:353|MEM:399|MIL:426|MIN:506
62345,CHI:310|IND:314|MIL:387|MEM:408|MIN:498
62321,CHI:288|MIL:332|IND:351|MIN:443|MEM:450
62347,CHI:317|IND:322|MIL:388|MEM:430|MIN:477
62320,CHI:337|IND:343|MIL:381|MEM:435|MIN:481
62356,CHI:321|IND:326|MEM:396|MIL:398|MIN:498
62316,CHI:303|MIL:348|IND:360|MEM:443|MIN:459
62339,CHI:319|IND:345|MIL:364|MEM:444|MIN:475
62312,CHI:300|IND:305|MIL:377|MEM:413|MIN:492
62370,CHI:309|IND:313|MEM:383|MIL:385|MIN:508
62324,CHI:336|IND:341|MIL:383|MEM:456|MIN:501
62346,CHI:311|IND:345|MIL:356|MEM:454|MIN:484
62311,CHI:295|MIL:339|IND:349|MEM:452|MIN:469
62374,CHI:273|MIL:317|IND:336|MIN:452|MEM:458
62314,CHI:306|IND:311|MIL:383|MEM:431|MIN:505
62357,CHI:287|IND:292|MIL:364|MEM:412|MIN:501
62367,CHI:290|MIL:334|IND:354|MEM:465|MIN:470
62375,CHI:314|IND:318|MIL:368|MEM:436|MIN:496
62344,CHI:320|IND:351|MIL:364|MEM:469|MIN:493
62326,CHI:269|MIL:313|IND:332|MIN:457|MEM:464
62363,CHI:292|IND:297|MIL:369|MEM:402|MIN:514
62362,CHI:304|IND:308|MIL:381|MEM:428|MIN:521
62353,CHI:304|IND:309|MIL:361|MEM:427|MIN:506
62319,CHI:311|IND:332|MIL:356|MEM:450|MIN:504
62340,CHI:290|IND:295|MIL:367|MEM:414|MIN:511
62323,CHI:297|IND:302|MIL:374|MEM:419|MIN:526
61452,CHI:288|IND:324|MIL:332|MEM:442|MIN:491
62352,CHI:290|IND:294|MIL:366|MEM:395|MIN:526
61455,CHI:266|MIL:311|IND:319|MEM:460|MIN:469
62378,CHI:302|IND:306|MIL:375|MEM:424|MIN:529
61440,CHI:277|IND:321|MIL:321|MEM:445|MIN:480
61416,CHI:268|MIL:313|IND:319|MEM:470|MIN:478
62681,CHI:287|IND:310|MIL:342|MEM:431|MIN:501
62665,CHI:277|IND:281|MIL:354|MEM:399|MIN:529
62621,CHI:280|IND:285|MIL:357|MEM:405|MIN:525
61411,CHI:269|IND:305|MIL:313|MEM:469|MIN:479
62639,CHI:294|IND:302|MIL:351|MEM:420|MIN:510
62694,CHI:270|IND:275|MIL:347|MEM:384|DET:525
62610,CHI:285|IND:290|MIL:362|MEM:372|DET:540
61484,CHI:276|IND:303|MIL:331|MEM:460|MIN:496
61482,CHI:276|IND:303|MIL:326|MEM:478|MIN:491
62628,CHI:270|IND:274|MIL:346|MEM:392|DET:524
62611,CHI:288|IND:292|MIL:365|MEM:410|MIN:536
62618,CHI:286|IND:292|MIL:356|MEM:417|MIN:515
62631,CHI:278|IND:283|MIL:355|MEM:400|DET:532
62624,CHI:276|IND:299|MIL:346|MEM:437|MIN:523
62622,CHI:286|IND:292|MIL:362|MEM:426|MIN:524
62663,CHI:266|IND:271|MIL:343|MEM:366|DET:520
61501,CHI:264|IND:286|MIL:333|MEM:454|MIN:514
61477,CHI:260|IND:293|MIL:312|MIN:485|MEM:497
61441,CHI:266|IND:293|MIL:333|MEM:478|MIN:507
62668,CHI:272|IND:276|MIL:348|MEM:380|DET:526
62691,CHI:274|IND:280|MIL:350|MEM:416|DET:528
62695,CHI:258|IND:262|MIL:334|MEM:378|DET:512
62650,CHI:254|IND:259|MIL:331|MEM:390|DET:509
61427,CHI:248|IND:281|MIL:303|MIN:476|MEM:489
62617,CHI:257|IND:280|MIL:334|MEM:442|DET:512
61542,CHI:250|IND:283|MIL:318|MEM:485|MIN:500
62627,CHI:263|IND:286|MIL:340|MEM:431|DET:518
61519,CHI:235|IND:268|MIL:302|MEM:486|DET:489
62638,CHI:265|IND:269|MIL:341|MEM:398|DET:519
62612,CHI:259|IND:265|MIL:336|MEM:413|DET:514
62644,CHI:239|IND:261|MIL:316|MEM:458|DET:493
61563,CHI:230|IND:263|MIL:297|DET:484|MEM:485
62601,CHI:240|IND:245|MIL:317|MEM:393|DET:494
61524,CHI:229|IND:262|MIL:296|DET:483|MEM:483
62655,CHI:242|IND:265|MIL:319|MEM:440|DET:497
61543,CHI:230|IND:263|MIL:297|DET:484|MEM:484
62673,CHI:250|IND:272|MIL:327|MEM:434|DET:504
62692,CHI:254|IND:259|MIL:331|MEM:385|DET:508
62688,CHI:240|IND:262|MIL:317|MEM:410|DET:494
61567,CHI:244|IND:271|MIL:319|MEM:474|DET:499
62670,CHI:238|IND:242|MIL:315|MEM:390|DET:492
62677,CHI:245|IND:254|MIL:321|MEM:405|DET:499
62633,CHI:225|IND:247|MIL:302|MEM:441|DET:479
62675,CHI:237|IND:260|MIL:314|MEM:421|DET:492
62661,CHI:242|IND:247|MIL:319|MEM:394|DET:497
61546,CHI:213|IND:246|MIL:287|MEM:452|DET:467
61532,CHI:224|IND:247|MIL:301|MEM:450|DET:479
62711,CHI:230|IND:234|MIL:307|MEM:382|DET:484
62642,CHI:224|IND:246|MIL:301|MEM:414|DET:478
62664,CHI:214|IND:236|MIL:290|MEM:430|DET:468
62629,CHI:232|IND:236|MIL:308|MEM:378|DET:486
62625,CHI:218|IND:238|MIL:294|MEM:395|DET:472
62704,CHI:229|IND:234|MIL:306|MEM:382|DET:484
62613,CHI:222|IND:245|MIL:299|MEM:408|DET:477
61534,CHI:210|IND:240|MIL:286|MEM:443|DET:464
61564,CHI:201|IND:234|MIL:274|MEM:440|DET:455
62706,CHI:225|IND:228|MIL:302|MEM:382|DET:480
62707,CHI:222|IND:238|MIL:299|MEM:395|DET:477
62701,CHI:222|IND:225|MIL:299|MEM:381|DET:477
62702,CHI:219|IND:226|MIL:296|MEM:385|DET:473
62703,CHI:222|IND:227|MIL:299|MEM:376|DET:477
62682,CHI:203|IND:226|MIL:280|MEM:429|DET:457
62684,CHI:205|IND:227|MIL:282|MEM:385|DET:459
62712,CHI:220|IND:225|MIL:297|MEM:378|DET:475
62671,CHI:197|IND:220|MIL:274|MEM:415|DET:452
62666,CHI:212|IND:234|MIL:289|MEM:415|DET:466
61734,CHI:199|IND:223|MIL:276|MEM:425|DET:453
62693,CHI:207|IND:229|MIL:283|MEM:394|DET:461
62561,CHI:215|IND:221|MIL:292|MEM:389|DET:470
62563,CHI:230|IND:235|MIL:307|MEM:388|DET:485
62635,CHI:192|IND:215|MIL:269|MEM:418|DET:446
62643,CHI:191|IND:213|MIL:267|MEM:410|DET:445
62520,IND:212|CHI:227|MIL:304|MEM:393|DET:471
62634,CHI:200|IND:223|MIL:277|MEM:397|DET:455
61747,CHI:194|IND:217|MIL:271|MEM:427|DET:448
62519,CHI:217|IND:220|MIL:294|MEM:399|DET:472
62545,IND:219|CHI:234|MIL:314|MEM:401|DET:477
62541,CHI:211|IND:214|MIL:288|MEM:400|DET:466
62656,CHI:187|IND:209|MIL:264|MEM:411|DET:441
62515,IND:209|CHI:224|MIL:307|MEM:395|DET:467
61759,CHI:182|IND:208|MIL:259|MEM:431|DET:437
61721,CHI:187|IND:210|MIL:264|MEM:429|DET:442
61751,CHI:179|IND:202|MIL:256|MEM:415|DET:434
62548,CHI:208|IND:211|MIL:285|MEM:409|DET:463
61723,CHI:178|IND:200|MIL:255|MEM:422|DET:432
62539,IND:203|CHI:219|MIL:305|MEM:400|DET:462
62512,CHI:189|IND:206|MIL:266|MEM:425|DET:444
62518,CHI:202|IND:204|MIL:279|MEM:418|DET:456
61774,CHI:173|IND:196|MIL:249|DET:427|MEM:444
61754,CHI:168|IND:191|MIL:245|DET:423|MEM:423
62543,IND:198|CHI:212|MIL:288|MEM:408|DET:457
61749,CHI:196|IND:197|MIL:273|MEM:423|DET:451
61778,CHI:187|IND:200|MIL:264|MEM:438|DET:442
62573,IND:192|CHI:208|MIL:288|MEM:402|DET:451
61772,CHI:162|IND:185|MIL:239|DET:416|MEM:435
61701,CHI:159|IND:185|MIL:236|DET:413|MEM:441
61745,CHI:173|IND:179|MIL:249|DET:427|MEM:435
61756,IND:191|CHI:192|MIL:269|MEM:406|DET:446
61727,IND:180|CHI:184|MIL:261|MEM:418|DET:438
61777,CHI:180|IND:189|MIL:257|MEM:430|DET:434
61704,CHI:156|IND:184|MIL:237|DET:411|MEM:442
61750,IND:181|CHI:193|MIL:270|MEM:426|DET:440
61736,CHI:170|IND:177|MIL:248|DET:424|MEM:435
61735,IND:172|CHI:189|MIL:270|MEM:430|DET:432
61752,IND:161|CHI:176|MIL:252|MEM:420|DET:421
61882,IND:178|CHI:193|MIL:279|MEM:423|DET:436
61737,CHI:167|IND:182|MIL:247|DET:421|MEM:440
61842,IND:159|CHI:176|MIL:263|MEM:417|DET:419
61839,IND:163|CHI:178|MIL:269|MEM:408|DET:421
61722,CHI:174|IND:183|MIL:254|DET:422|MEM:442
61854,IND:154|CHI:170|MIL:263|MEM:412|DET:413
61724,IND:163|CHI:167|MIL:260|DET:410|MEM:421
61770,CHI:168|IND:177|MIL:257|DET:411|MEM:435
61853,IND:148|CHI:165|MIL:257|MEM:406|DET:408
61845,CHI:159|IND:161|MIL:252|DET:402|MEM:420
61843,IND:152|CHI:155|MIL:248|DET:398|MEM:410
60936,CHI:148|IND:167|MIL:240|DET:391|MEM:425
61840,CHI:152|IND:160|MIL:244|DET:395|MEM:413
60933,CHI:141|IND:173|MIL:234|DET:384|MEM:425
61866,CHI:140|IND:147|MIL:233|DET:383|MEM:405
60957,CHI:130|IND:162|MIL:223|DET:373|MEM:414
60949,CHI:139|IND:159|MIL:231|DET:382|MEM:417
60960,CHI:146|IND:150|MIL:239|DET:389|CLE:432
60932,IND:150|CHI:153|MIL:246|DET:382|CLE:423
64672,MIN:379|CHI:445|MIL:489|OKC:489|IND:509
52590,MIN:375|CHI:421|MIL:465|IND:493|OKC:510
52574,MIN:361|CHI:397|MIL:441|IND:470|OKC:519
52549,MIN:379|CHI:407|MIL:451|IND:479|OKC:521
52544,MIN:370|CHI:398|MIL:443|IND:471|OKC:525
52571,MIN:345|CHI:380|MIL:425|IND:454|OKC:535
52531,MIN:329|CHI:365|MIL:409|IND:441|OKC:541
52555,MIN:377|CHI:405|MIL:450|IND:478|OKC:533
52593,MIN:371|CHI:388|MIL:432|IND:460|OKC:539
52572,MIN:379|CHI:383|MIL:428|IND:456|MEM:536
63535,CHI:393|MIN:395|MIL:437|IND:458|MEM:524
52553,MIN:319|CHI:344|MIL:388|IND:425|MEM:557
52594,MIN:357|CHI:374|MIL:418|IND:447|OKC:549
63541,CHI:389|MIN:392|MIL:433|IND:449|MEM:515
52536,MIN:341|CHI:354|MIL:398|IND:426|MEM:558
52552,CHI:372|MIN:375|MIL:416|IND:444|MEM:549
52548,MIN:327|CHI:342|MIL:386|IND:420|MEM:551
52543,MIN:325|CHI:330|MIL:374|IND:431|MEM:563
52566,MIN:326|CHI:341|MIL:385|IND:420|MEM:552
63548,CHI:382|MIN:385|MIL:426|IND:449|MEM:515
52586,CHI:316|MIN:328|MIL:360|IND:447|MEM:578
52561,CHI:330|MIN:331|MIL:374|IND:430|MEM:562
52501,MIN:339|CHI:342|MIL:386|IND:415|MEM:546
52537,CHI:355|MIN:359|MIL:399|IND:428|MEM:533
50104,CHI:297|MIN:331|MIL:341|IND:436|DET:571
50268,CHI:299|MIN:335|MIL:343|IND:438|DET:573
52550,CHI:309|MIN:334|MIL:353|IND:442|MEM:574
50255,CHI:297|MIN:333|MIL:341|IND:435|DET:570
52530,CHI:329|MIN:343|MIL:374|IND:402|MEM:534
50136,CHI:299|MIN:338|MIL:343|IND:438|DET:573
52563,CHI:318|MIN:345|MIL:362|IND:424|MEM:555
52568,CHI:312|MIN:344|MIL:356|IND:419|MEM:551
52560,CHI:348|MIN:367|MIL:392|IND:420|MEM:544
52562,CHI:305|MIN:348|MIL:349|IND:427|MEM:559
52584,CHI:367|MIN:388|MIL:411|IND:432|MEM:532
52554,CHI:333|MIN:353|MIL:377|IND:405|MEM:534
52355,CHI:292|MIL:336|MIN:347|IND:430|DET:565
52591,CHI:299|MIL:343|MIN:345|IND:432|MEM:564
52588,CHI:337|MIN:363|MIL:381|IND:410|MEM:526
52533,CHI:325|MIN:356|MIL:369|IND:397|MEM:529
52570,CHI:353|MIN:384|MIL:397|IND:418|MEM:518
52576,CHI:315|MIL:359|MIN:361|IND:412|MEM:544
52551,CHI:340|MIN:377|MIL:385|IND:413|MEM:528
52580,CHI:320|MIN:362|MIL:365|IND:398|MEM:530
52567,CHI:321|MIN:363|MIL:365|IND:393|MEM:525
52231,CHI:293|MIL:338|MIN:355|IND:418|MEM:550
52542,CHI:352|MIL:396|MIN:399|IND:417|MEM:511
52335,CHI:285|MIL:329|MIN:349|IND:423|DET:558
52585,CHI:307|MIL:352|MIN:366|IND:404|MEM:536
52557,CHI:311|MIL:356|MIN:362|IND:384|MEM:515
52535,CHI:321|MIL:365|MIN:375|IND:393|MEM:512
52248,CHI:292|MIL:336|MIN:364|IND:412|MEM:543
52565,CHI:338|MIL:383|MIN:392|IND:406|MEM:510
52573,CHI:335|MIL:380|IND:400|MIN:406|MEM:494
52556,CHI:310|MIL:355|MIN:367|IND:383|MEM:515
52356,CHI:272|MIL:316|MIN:347|IND:406|DET:540
52540,CHI:295|MIL:339|MIN:370|IND:392|MEM:524
52651,CHI:322|MIL:366|IND:390|MIN:391|MEM:504
52359,CHI:282|MIL:327|MIN:358|IND:402|MEM:534
52620,CHI:323|MIL:367|IND:388|MIN:404|MEM:490
52635,CHI:297|MIL:341|IND:369|MIN:371|MEM:501
52626,CHI:312|MIL:357|IND:378|MIN:405|MEM:479
52353,CHI:276|MIL:320|MIN:351|IND:393|MEM:525
52630,CHI:312|MIL:356|IND:378|MIN:390|MEM:485
63465,CHI:333|MIL:377|IND:398|MIN:425|MEM:470
52654,CHI:286|MIL:331|MIN:365|IND:381|MEM:513
52631,CHI:302|MIL:346|IND:368|MIN:380|MEM:475
52649,CHI:299|MIL:344|IND:365|MIN:378|MEM:481
52641,CHI:288|MIL:333|IND:361|MIN:367|MEM:493
52327,CHI:254|MIL:298|MIN:329|IND:383|DET:517
52625,CHI:298|MIL:342|IND:363|MIN:386|MEM:464
52619,CHI:303|MIL:347|IND:368|MIN:395|MEM:452
52652,CHI:275|MIL:320|MIN:354|IND:365|MEM:497
52201,CHI:261|MIL:305|MIN:336|IND:381|MEM:513
52647,CHI:273|MIL:317|MIN:351|IND:366|MEM:498
52621,CHI:267|MIL:311|MIN:346|IND:371|MEM:503
52657,CHI:297|MIL:341|IND:362|MIN:381|MEM:474
52639,CHI:295|MIL:339|IND:360|MIN:399|MEM:463
52656,CHI:291|MIL:336|IND:357|MIN:390|MEM:480
52659,CHI:267|MIL:311|MIN:361|IND:372|MEM:506
52755,CHI:247|MIL:291|MIN:337|IND:374|DET:508
52644,CHI:274|MIL:319|IND:363|MIN:370|MEM:506
52645,CHI:279|MIL:323|IND:344|MIN:372|MEM:493
52738,CHI:250|MIL:294|MIN:353|IND:376|DET:510
52737,CHI:250|MIL:295|MIN:353|IND:376|DET:511
52739,CHI:251|MIL:296|MIN:360|IND:377|DET:512
52627,CHI:279|MIL:323|IND:344|MIN:402|MEM:478
62354,CHI:312|MIL:356|IND:377|MIN:439|MEM:482
52623,CHI:275|MIL:319|IND:340|MIN:382|MEM:502
52624,CHI:281|MIL:326|IND:346|MIN:398|MEM:489
52660,CHI:268|MIL:312|IND:354|MIN:383|MEM:510
52766,CHI:241|MIL:285|MIN:348|IND:367|DET:501
52640,CHI:260|MIL:304|IND:360|MIN:382|DET:520
62358,CHI:293|MIL:337|IND:358|MIN:439|MEM:481
52754,CHI:233|MIL:277|IND:359|MIN:367|DET:493
52638,
52658,CHI:278|MIL:323|IND:343|MIN:410|MEM:491
52655,CHI:269|MIL:314|IND:334|MIN:391|MEM:505
52752,CHI:235|MIL:279|IND:361|MIN:368|DET:495
52653,CHI:250|MIL:295|IND:366|MIN:384|DET:511
52650,CHI:263|MIL:308|IND:339|MIN:397|MEM:509
52637,CHI:261|MIL:305|IND:350|MIN:395|MEM:520
52749,CHI:235|MIL:279|IND:361|MIN:379|DET:495
52601,CHI:265|MIL:309|IND:330|MIN:397|MEM:501
62330,CHI:287|MIL:331|IND:352|MIN:433|MEM:468
52761,CHI:218|MIL:262|IND:344|MIN:364|DET:478
61425,CHI:259|MIL:303|IND:324|MIN:405|MEM:498
61454,CHI:269|MIL:313|IND:334|MIN:415|MEM:488
52646,CHI:268|MIL:313|IND:359|MIN:402|DET:529
61272,CHI:241|MIL:285|IND:344|MIN:387|DET:501
61437,CHI:245|MIL:289|IND:310|MIN:404|MEM:506
61450,CHI:275|MIL:319|IND:340|MIN:434|MEM:479
61259,CHI:219|MIL:264|IND:345|MIN:377|DET:480
61442,CHI:253|MIL:297|IND:330|MIN:410|DET:514
61480,CHI:253|MIL:297|IND:318|MIN:420|MEM:506
61469,CHI:249|MIL:293|IND:314|MIN:427|DET:511
61260,CHI:237|MIL:282|IND:332|MIN:402|DET:498
61418,CHI:240|MIL:284|IND:305|MIN:413|DET:502
61420,CHI:263|MIL:307|IND:327|MIN:444|MEM:483
61237,CHI:220|MIL:264|IND:338|MIN:386|DET:480
61476,CHI:245|MIL:290|IND:326|MIN:421|DET:507
61460,CHI:248|MIL:292|IND:313|MIN:430|MEM:496
61471,CHI:252|MIL:296|IND:317|MIN:433|MEM:500
52759,CHI:203|MIL:248|IND:329|MIN:376|DET:464
52726,CHI:200|MIL:244|IND:326|MIN:373|DET:461
61447,CHI:236|MIL:281|IND:301|MIN:424|DET:498
61453,CHI:243|MIL:287|IND:308|MIN:434|DET:504
61478,CHI:246|MIL:290|IND:311|MIN:434|MEM:495
61475,CHI:258|MIL:303|IND:323|MIN:455|MEM:480
61284,CHI:205|MIL:250|IND:331|MIN:391|DET:466
61279,CHI:208|MIL:252|IND:325|MIN:395|DET:469
61232,CHI:197|MIL:241|IND:323|MIN:383|DET:457
52728,CHI:197|MIL:241|IND:323|MIN:377|DET:457
61231,CHI:220|MIL:264|IND:312|MIN:413|DET:482
61462,CHI:222|MIL:266|IND:287|MIN:430|DET:483
61473,CHI:241|MIL:285|IND:304|MIN:444|MEM:487
61438,CHI:248|MIL:293|IND:313|MIN:451|MEM:476
52802,CHI:191|MIL:235|IND:317|MIN:370|DET:451
61263,CHI:204|MIL:249|IND:306|MIN:395|DET:465
61264,CHI:194|MIL:238|IND:320|MIN:382|DET:454
61412,CHI:222|MIL:266|IND:300|MIN:416|DET:484
61486,CHI:213|MIL:257|IND:304|MIN:407|DET:474
61276,CHI:201|MIL:245|IND:313|MIN:392|DET:461
61201,CHI:190|MIL:234|IND:316|MIN:376|DET:450
61435,CHI:226|MIL:270|IND:291|MIN:434|DET:487
61417,CHI:240|MIL:284|IND:303|MIN:454|DET:501
61422,CHI:254|MIL:299|IND:306|MIN:462|MEM:477
61281,CHI:209|MIL:253|IND:318|MIN:403|DET:470
61470,CHI:250|MIL:294|IND:305|MIN:468|MEM:487
61423,CHI:217|MIL:261|IND:282|MIN:435|DET:479
61265,CHI:181|MIL:225|IND:314|MIN:385|DET:448
61466,CHI:211|MIL:256|IND:293|MIN:425|DET:473
61465,CHI:200|MIL:244|IND:291|MIN:411|DET:462
61240,CHI:181|MIL:226|IND:303|MIN:385|DET:445
61410,CHI:223|MIL:267|IND:282|MIN:440|DET:485
61459,CHI:267|IND:304|MIL:312|MEM:477|MIN:480
61415,CHI:239|MIL:283|IND:292|MIN:457|MEM:497
61282,CHI:168|MIL:213|IND:308|MIN:389|DET:444
61402,CHI:207|MIL:251|IND:271|MIN:425|DET:469
61273,CHI:181|MIL:226|IND:298|MIN:393|DET:445
61474,CHI:230|MIL:274|IND:283|MIN:447|DET:492
61239,CHI:170|MIL:214|IND:305|MIN:390|DET:442
61468,CHI:188|MIL:232|IND:290|MIN:406|DET:450
61401,CHI:207|MIL:251|IND:268|MIN:424|DET:468
61472,CHI:197|MIL:242|IND:281|MIN:415|DET:459
61413,CHI:193|MIL:237|IND:284|MIN:410|DET:454
61439,CHI:210|MIL:254|IND:275|MIN:427|DET:472
61262,CHI:185|MIL:230|IND:292|MIN:403|DET:447
61488,CHI:211|MIL:255|IND:277|MIN:428|DET:470
61241,CHI:167|MIL:211|IND:301|MIN:385|DET:437
61430,CHI:205|MIL:249|IND:263|MIN:422|DET:466
61233,CHI:181|MIL:226|IND:289|MIN:399|DET:443
61431,CHI:255|IND:289|MIL:299|MIN:472|MEM:508
61274,CHI:180|MIL:224|IND:299|MIN:397|DET:442
61490,CHI:197|MIL:241|IND:289|MIN:415|DET:458
61448,CHI:212|MIL:256|IND:263|MIN:429|DET:473
61467,CHI:206|MIL:252|IND:277|MIN:425|DET:459
61544,CHI:234|IND:267|MIL:280|MIN:453|DET:489
61436,CHI:215|MIL:260|IND:264|MIN:433|DET:477
61458,CHI:224|MIL:268|IND:269|MIN:441|DET:486
61238,CHI:183|MIL:238|IND:304|MIN:411|DET:436
61433,CHI:238|IND:271|MIL:293|MIN:466|DET:492
61414,CHI:199|MIL:248|IND:288|MIN:421|DET:451
61432,CHI:236|IND:269|MIL:282|MIN:455|DET:490
61254,CHI:174|MIL:218|IND:308|MIN:403|DET:430
61419,CHI:189|MIL:246|IND:295|MIN:422|DET:441
61428,CHI:220|IND:264|MIL:265|MIN:439|DET:473
61485,CHI:202|MIL:259|IND:272|MIN:442|DET:454
61572,CHI:221|IND:256|MIL:278|MIN:451|DET:474
61531,CHI:219|IND:253|MIL:283|MIN:464|DET:474
61434,CHI:184|MIL:241|IND:286|MIN:426|DET:437
61489,CHI:216|IND:258|MIL:273|MIN:448|DET:468
61553,CHI:225|IND:258|MIL:289|MIN:470|DET:480
61520,CHI:222|IND:255|MIL:289|DET:476|MEM:477
61235,CHI:166|MIL:223|IND:296|MIN:408|DET:419
61449,CHI:195|MIL:251|IND:275|MIN:439|DET:447
61443,CHI:170|MIL:227|IND:288|DET:423|MIN:424
61451,CHI:205|IND:251|MIL:262|MIN:452|DET:458
61529,CHI:213|IND:247|MIL:270|MIN:450|DET:466
61234,CHI:158|MIL:215|IND:288|DET:411|MIN:411
61569,CHI:209|IND:242|MIL:273|DET:463|MEM:469
61483,CHI:195|MIL:251|IND:272|DET:447|MIN:450
61517,CHI:200|IND:239|MIL:257|MIN:446|DET:453
61533,CHI:213|IND:246|MIL:280|DET:468|MEM:468
61344,CHI:164|MIL:221|IND:294|DET:416|MIN:420
61536,CHI:198|IND:231|MIL:262|DET:453|MEM:458
61345,CHI:167|MIL:224|IND:298|DET:420|MIN:436
61559,CHI:194|IND:250|MIL:251|DET:447|MIN:462
61361,CHI:173|MIL:225|IND:304|DET:426|MIN:436
61539,CHI:202|IND:236|MIL:270|DET:457|MEM:457
61547,CHI:199|IND:232|MIL:267|DET:454|MEM:454
61491,CHI:187|MIL:244|IND:270|DET:440|MIN:464
61528,CHI:194|IND:234|MIL:251|DET:446|MIN:458
61426,CHI:182|MIL:239|IND:277|DET:434|MIN:458
61607,CHI:192|IND:225|MIL:257|DET:446|MEM:452
61314,CHI:153|MIL:210|IND:284|DET:406|MIN:429
61615,CHI:192|IND:234|MIL:249|DET:445|MEM:460
61525,CHI:188|IND:239|MIL:245|DET:440|MEM:466
61338,CHI:158|MIL:204|IND:288|DET:410|MIN:433
61604,CHI:193|IND:226|MIL:254|DET:447|MEM:453
61421,CHI:170|MIL:227|IND:278|DET:423|MIN:448
61479,CHI:178|MIL:235|IND:255|DET:430|MIN:467
61424,CHI:178|MIL:235|IND:262|DET:431|MIN:456
61605,CHI:188|IND:222|MIL:254|DET:443|MEM:448
61554,CHI:195|IND:228|MIL:269|MEM:441|DET:449
61526,CHI:182|MIL:239|IND:245|DET:435|MEM:471
61625,CHI:190|IND:223|MIL:253|DET:444|MEM:450
61606,CHI:189|IND:222|MIL:253|DET:443|MEM:449
61379,CHI:152|MIL:209|IND:283|DET:405|MIN:435
61602,CHI:185|IND:219|MIL:254|DET:440|MEM:445
61614,CHI:188|IND:229|MIL:245|DET:440|MEM:455
61610,CHI:187|IND:220|MIL:258|DET:441|MEM:446
61603,CHI:189|IND:222|MIL:250|DET:443|MEM:449
61616,CHI:189|IND:227|MIL:246|DET:442|MEM:453
61552,CHI:177|IND:234|MIL:234|DET:430|MEM:461
61523,CHI:173|MIL:230|IND:249|DET:426|MIN:464
61611,CHI:189|IND:222|MIL:251|DET:444|MEM:449
61368,CHI:156|MIL:212|IND:278|DET:408|MIN:446
61535,CHI:185|IND:218|MIL:262|MEM:437|DET:440
61565,CHI:166|MIL:222|IND:257|DET:418|MIN:456
61562,CHI:171|MIL:228|IND:242|DET:424|MIN:461
61568,CHI:192|IND:225|MIL:269|MEM:434|DET:447
61537,CHI:161|MIL:218|IND:263|DET:413|MIN:451
61356,CHI:137|MIL:194|IND:268|DET:390|MIN:428
61550,CHI:181|IND:214|MIL:255|DET:436|MEM:441
61571,CHI:185|IND:223|MIL:247|DET:440|MEM:456
61548,CHI:190|IND:236|MIL:244|DET:442|MEM:466
61560,CHI:146|MIL:203|IND:261|DET:399|MIN:437
61323,CHI:141|MIL:189|IND:272|DET:394|MIN:422
61540,CHI:163|MIL:218|IND:247|DET:416|MIN:451
61315,CHI:141|MIL:198|IND:266|DET:394|MIN:432
61545,CHI:174|MIL:228|IND:236|DET:427|MIN:461
61755,CHI:182|IND:211|MIL:259|DET:436|MEM:442
61733,CHI:172|IND:205|MIL:246|DET:427|MEM:449
61570,CHI:169|MIL:223|IND:243|DET:421|MIN:456
61322,CHI:143|MIL:200|IND:272|DET:395|MIN:433
61327,CHI:144|MIL:198|IND:259|DET:396|MIN:431
61337,CHI:141|MIL:190|IND:271|DET:393|MIN:423
61742,CHI:167|IND:200|MIL:238|DET:422|MEM:449
61359,CHI:125|MIL:182|IND:255|DET:378|MIN:415
61530,CHI:171|IND:211|MIL:233|DET:426|MEM:459
61340,CHI:135|MIL:190|IND:251|DET:388|MIN:423
61375,CHI:149|MIL:204|IND:232|DET:402|MIN:437
61541,CHI:154|MIL:208|IND:237|DET:406|MIN:441
61335,CHI:141|MIL:195|IND:242|DET:394|MIN:428
61326,CHI:134|MIL:188|IND:249|DET:386|MIN:421
61312,CHI:126|MIL:183|IND:257|DET:379|MIN:416
61362,CHI:123|MIL:180|IND:254|DET:376|MIN:413
61729,CHI:173|IND:206|MIL:244|DET:428|MEM:458
61336,CHI:144|MIL:198|IND:240|DET:396|MIN:431
61317,CHI:125|MIL:182|IND:256|DET:378|MIN:415
61732,CHI:170|IND:202|MIL:247|DET:424|MEM:457
61329,CHI:125|MIL:182|IND:256|DET:378|MIN:415
61561,CHI:166|MIL:221|IND:223|DET:419|MIN:454
61363,CHI:129|MIL:183|IND:244|DET:381|MIN:416
61320,CHI:119|MIL:176|IND:250|DET:372|MIN:410
61369,CHI:149|MIL:203|IND:229|DET:402|MIN:436
61771,CHI:163|IND:213|MIL:224|DET:417|MIN:458
61354,CHI:121|MIL:177|IND:246|DET:374|MIN:410
61516,CHI:154|MIL:208|IND:213|DET:407|MIN:442
61316,CHI:123|MIL:177|IND:239|DET:376|MIN:411
61725,CHI:165|IND:198|MIL:230|DET:419|MEM:453
61334,CHI:133|MIL:187|IND:232|DET:386|MIN:421
61301,CHI:124|MIL:181|IND:255|DET:377|MIN:415
61372,CHI:120|MIL:162|IND:251|DET:376|MIN:396
61705,CHI:155|IND:188|MIL:232|DET:410|MEM:444
61358,CHI:142|MIL:196|IND:221|DET:394|MIN:429
61377,CHI:143|MIL:197|IND:228|DET:395|MIN:430
61370,CHI:130|MIL:184|IND:240|DET:383|MIN:417
61348,CHI:126|MIL:186|IND:250|DET:379|MIN:419
61760,CHI:147|MIL:201|IND:211|DET:399|MIN:434
61738,CHI:149|IND:202|MIL:212|DET:404|MIN:446
61371,CHI:124|MIL:167|IND:257|DET:381|MIN:400
61748,CHI:151|IND:195|MIL:217|DET:406|MEM:450
61373,CHI:118|MIL:172|IND:254|DET:371|MIN:405
61332,CHI:135|MIL:193|IND:243|DET:388|MIN:426
61321,CHI:152|MIL:206|IND:228|DET:405|MIN:439
61761,CHI:147|IND:191|MIL:227|DET:401|MEM:446
61333,CHI:145|MIL:219|IND:240|DET:399|MIN:452
61744,CHI:138|IND:212|MIL:218|DET:392|MIN:456
61776,CHI:148|IND:201|MIL:229|DET:403|MEM:457
61350,CHI:107|MIL:185|IND:262|DET:360|MIN:418
61740,CHI:136|MIL:216|IND:225|DET:390|MIN:453
61311,CHI:138|MIL:210|IND:241|DET:392|MIN:443
61364,CHI:134|MIL:207|IND:250|DET:387|MIN:440
61325,CHI:120|MIL:197|IND:261|DET:372|MIN:431
61753,CHI:141|IND:206|MIL:222|DET:396|CLE:462
61743,CHI:128|MIL:208|IND:227|DET:382|CLE:449
60557,CHI:111|MIL:188|IND:266|DET:364|MIN:421
61319,CHI:132|MIL:212|IND:242|DET:386|CLE:453
61730,CHI:159|IND:194|MIL:239|DET:413|MEM:452
61726,CHI:131|IND:211|MIL:211|DET:385|CLE:452
61341,CHI:98|MIL:178|IND:253|DET:351|CLE:417
61313,CHI:118|MIL:199|IND:242|DET:373|CLE:439
60470,CHI:117|MIL:197|IND:248|DET:369|CLE:436
61764,CHI:118|MIL:199|IND:224|DET:373|CLE:439
61728,CHI:150|IND:200|MIL:231|DET:405|MEM:458
61360,CHI:95|MIL:175|IND:250|DET:347|CLE:414
60437,CHI:115|MIL:195|IND:247|DET:369|CLE:436
60460,CHI:104|MIL:184|IND:229|DET:358|CLE:425
60479,CHI:102|MIL:182|IND:243|DET:354|CLE:421
61739,CHI:145|IND:204|MIL:225|DET:390|CLE:457
61720,CHI:166|IND:195|MIL:247|DET:410|MEM:453
61731,CHI:156|IND:191|MIL:236|DET:401|MEM:449
60450,CHI:83|MIL:164|IND:237|DET:336|CLE:402
60420,CHI:97|MIL:178|IND:223|DET:352|CLE:418
60444,CHI:92|MIL:173|IND:233|DET:345|CLE:411
61769,CHI:122|MIL:203|IND:211|DET:376|CLE:443
61741,CHI:133|IND:199|MIL:213|DET:379|CLE:446
61775,CHI:147|IND:189|MIL:228|DET:392|MEM:447
61773,CHI:149|IND:182|MIL:236|DET:392|MEM:441
60934,CHI:121|MIL:202|IND:218|DET:376|CLE:442
60424,CHI:89|MIL:170|IND:221|DET:344|CLE:410
60447,CHI:77|MIL:158|IND:233|DET:331|CLE:397
60920,CHI:109|MIL:190|IND:219|DET:364|CLE:430
60921,CHI:129|IND:195|MIL:222|DET:372|CLE:439
60929,CHI:123|IND:202|MIL:210|DET:366|CLE:433
60416,CHI:87|MIL:167|IND:223|DET:341|CLE:408
60474,CHI:93|MIL:174|IND:219|DET:347|CLE:414
60407,CHI:82|MIL:162|IND:217|DET:336|CLE:403
60952,CHI:134|IND:182|MIL:227|DET:377|MEM:440
60919,CHI:117|MIL:197|IND:208|DET:364|CLE:430
60961,CHI:99|MIL:180|IND:204|DET:353|CLE:420
60408,CHI:83|MIL:163|IND:212|DET:337|CLE:404
60410,CHI:71|MIL:151|IND:219|DET:325|CLE:392
60946,CHI:118|IND:198|MIL:201|DET:361|CLE:428
60917,CHI:111|MIL:192|IND:206|DET:355|CLE:421
60962,CHI:127|IND:184|MIL:219|DET:370|CLE:436
60959,CHI:128|IND:194|MIL:216|DET:371|CLE:438
60935,CHI:95|MIL:175|IND:210|DET:349|CLE:416
60969,CHI:104|MIL:184|IND:199|DET:348|CLE:415
60436,CHI:78|MIL:158|IND:226|DET:321|CLE:388
60968,CHI:119|IND:185|MIL:211|DET:362|CLE:428
60481,CHI:89|MIL:170|IND:206|DET:334|CLE:400
60941,CHI:107|MIL:200|IND:201|DET:350|CLE:417
60421,CHI:77|MIL:158|IND:213|DET:320|CLE:387
60948,CHI:128|IND:170|MIL:221|DET:371|MEM:422
60913,CHI:103|MIL:186|IND:197|DET:346|CLE:412
60433,CHI:64|MIL:144|IND:215|DET:307|CLE:373
60918,CHI:121|IND:175|MIL:213|DET:364|MEM:427
60930,CHI:108|IND:180|MIL:201|DET:351|CLE:417
60938,CHI:112|IND:169|MIL:205|DET:355|CLE:422
60955,CHI:113|IND:176|MIL:206|DET:356|CLE:423
60911,CHI:115|IND:180|MIL:207|DET:358|CLE:424
60927,CHI:100|IND:185|MIL:193|DET:343|CLE:410
60442,CHI:74|MIL:156|IND:198|DET:317|CLE:383
60922,CHI:92|MIL:184|IND:186|DET:335|CLE:401
60901,CHI:86|MIL:179|IND:180|DET:329|CLE:396
60924,CHI:141|IND:165|MIL:234|DET:384|CLE:442
60950,CHI:70|MIL:163|IND:185|DET:313|CLE:380
60914,CHI:78|MIL:171|IND:183|DET:321|CLE:388
60915,CHI:79|MIL:172|IND:177|DET:322|CLE:388
60928,CHI:119|IND:161|MIL:212|DET:362|CLE:425
60423,CHI:64|MIL:156|IND:198|DET:307|CLE:373
60926,CHI:151|IND:164|MIL:244|DET:380|CLE:438
60468,CHI:66|MIL:158|IND:184|DET:309|CLE:375
60910,CHI:87|IND:174|MIL:180|DET:330|CLE:397
60449,CHI:62|MIL:155|IND:197|DET:305|CLE:372
60939,CHI:154|IND:161|MIL:247|DET:377|CLE:435
60964,CHI:98|IND:169|MIL:191|DET:334|CLE:401
60970,CHI:122|IND:149|MIL:215|DET:350|CLE:414
60951,CHI:112|IND:163|MIL:204|DET:346|CLE:412
60974,CHI:134|IND:156|MIL:227|DET:357|CLE:421
60471,CHI:55|MIL:147|IND:195|DET:298|CLE:364
60956,CHI:107|IND:167|MIL:200|DET:340|CLE:406
60484,CHI:60|MIL:152|IND:187|DET:297|CLE:364
60953,CHI:147|IND:157|MIL:240|DET:360|CLE:423
60466,CHI:59|MIL:152|IND:188|DET:293|CLE:360
60973,IND:155|CHI:163|MIL:256|DET:375|CLE:424
60940,CHI:81|IND:165|MIL:178|DET:308|CLE:374
60475,CHI:58|MIL:153|IND:181|DET:289|CLE:355
60954,CHI:98|IND:152|MIL:192|DET:309|CLE:375
60401,CHI:69|MIL:169|IND:173|DET:300|CLE:366
60912,CHI:124|IND:154|MIL:217|DET:339|CLE:405
60945,CHI:130|IND:144|MIL:223|DET:346|CLE:409
60958,CHI:107|IND:154|MIL:200|DET:321|CLE:388
60931,CHI:127|IND:151|MIL:219|DET:340|CLE:406
60417,CHI:59|MIL:159|IND:177|DET:291|CLE:357
60966,IND:143|CHI:144|MIL:238|DET:345|CLE:408
60967,IND:135|CHI:154|MIL:254|DET:355|CLE:402
46311,CHI:59|MIL:159|IND:169|DET:281|CLE:347
46303,CHI:75|IND:160|MIL:175|DET:289|CLE:356
46376,CHI:96|IND:151|MIL:196|DET:303|CLE:370
46373,CHI:66|IND:163|MIL:166|DET:282|CLE:348
46375,CHI:64|IND:161|MIL:164|DET:273|CLE:339
47942,IND:127|CHI:133|MIL:233|DET:334|CLE:393
47951,CHI:122|IND:125|MIL:222|DET:323|CLE:390
47963,CHI:108|IND:130|MIL:208|DET:309|CLE:375
46379,CHI:97|IND:142|MIL:197|DET:299|CLE:365
46349,CHI:101|IND:144|MIL:201|DET:303|CLE:370
46356,CHI:88|IND:148|MIL:188|DET:285|CLE:352
47922,CHI:123|IND:124|MIL:223|DET:316|CLE:383
46377,CHI:100|IND:138|MIL:198|DET:287|CLE:353
46410,CHI:76|IND:152|MIL:174|DET:264|CLE:331
46381,CHI:103|IND:135|MIL:201|DET:290|CLE:357
46307,CHI:84|IND:148|MIL:182|DET:271|CLE:338
47964,CHI:117|IND:119|MIL:215|DET:304|CLE:371
47948,IND:115|CHI:136|MIL:234|DET:323|CLE:380
47943,CHI:114|IND:129|MIL:212|DET:301|CLE:368
46310,CHI:104|IND:136|MIL:203|DET:292|CLE:357
46341,CHI:95|IND:148|MIL:193|DET:281|CLE:341
47977,IND:103|CHI:125|MIL:223|DET:312|CLE:368
46385,CHI:87|IND:163|MIL:186|DET:255|CLE:319
46302,CHI:107|IND:164|MIL:205|DET:274|CLE:332
47978,CHI:127|IND:132|MIL:226|DET:312|CLE:369
46392,CHI:116|IND:147|MIL:214|DET:285|CLE:343
46347,CHI:107|IND:161|MIL:207|DET:272|CLE:330
46383,CHI:91|IND:180|MIL:199|DET:253|CLE:312
47959,IND:122|CHI:142|MIL:240|DET:307|CLE:358
46374,CHI:122|IND:154|MIL:226|DET:274|CLE:334
46390,CHI:102|IND:175|MIL:210|DET:254|CLE:314
47957,CHI:135|IND:146|MIL:236|DET:287|CLE:347
47946,IND:133|CHI:136|MIL:234|DET:295|CLE:354
46348,CHI:113|IND:167|MIL:217|DET:265|CLE:325
46340,CHI:114|IND:184|MIL:221|DET:262|CLE:319
46366,CHI:127|IND:162|MIL:232|DET:272|CLE:329
46382,CHI:111|IND:191|MIL:218|DET:252|CLE:309
46346,CHI:112|IND:190|MIL:220|DET:249|CLE:304
46996,CHI:153|IND:158|MIL:252|DET:300|CLE:346
46532,CHI:117|IND:179|MIL:224|DET:258|CLE:307
46534,CHI:126|IND:179|MIL:234|DET:270|CLE:318
46985,IND:148|CHI:165|MIL:268|DET:295|CLE:337
46968,CHI:144|IND:175|MIL:252|DET:286|CLE:331
46531,CHI:125|IND:174|MIL:232|DET:261|CLE:306
46960,CHI:154|IND:169|MIL:261|DET:287|CLE:328
46574,CHI:127|IND:178|MIL:234|DET:240|CLE:285
46513,CHI:125|IND:167|MIL:233|DET:256|CLE:298
46511,CHI:147|IND:163|MIL:255|DET:270|CLE:312
46922,CHI:154|IND:155|MIL:261|DET:278|CLE:320
46572,CHI:141|IND:175|MIL:249|DET:255|CLE:296
46945,IND:150|CHI:159|MIL:267|DET:281|CLE:322
46563,CHI:133|IND:159|MIL:241|DET:248|CLE:290
46537,CHI:139|IND:165|DET:240|MIL:246|CLE:281
46501,IND:147|CHI:150|DET:256|MIL:258|CLE:298
46506,CHI:149|IND:173|DET:238|MIL:257|CLE:279
46570,IND:152|CHI:160|DET:254|MIL:267|CLE:296
46504,CHI:151|IND:165|DET:246|MIL:258|CLE:288
46524,CHI:159|IND:173|DET:245|MIL:266|CLE:287
46550,CHI:159|IND:183|DET:227|MIL:264|CLE:267
46502,CHI:156|IND:170|DET:236|MIL:264|CLE:277
46542,CHI:180|IND:192|DET:235|CLE:273|MIL:286
46582,CHI:165|IND:175|DET:229|CLE:271|MIL:273
46553,CHI:175|IND:200|DET:228|CLE:268|MIL:280
46538,CHI:172|IND:183|DET:236|CLE:277|MIL:280
46567,CHI:184|IND:191|DET:224|CLE:262|MIL:289
46555,IND:184|CHI:192|DET:229|CLE:267|MIL:299
46732,IND:183|CHI:198|DET:219|CLE:257|MIL:304
46767,IND:184|CHI:187|DET:209|CLE:247|MIL:295
46794,IND:183|CHI:193|DET:201|CLE:239|MIL:301
52308,CHI:272|MIL:317|MIN:328|IND:411|DET:546
52316,CHI:273|MIL:317|MIN:337|IND:411|DET:546
52301,CHI:266|MIL:310|MIN:319|IND:404|DET:539
52361,CHI:258|MIL:302|MIN:328|IND:396|DET:531
52220,CHI:260|MIL:304|MIN:329|IND:398|DET:533
52334,CHI:256|MIL:300|MIN:332|IND:395|DET:530
52325,CHI:263|MIL:307|MIN:340|IND:401|DET:536
52307,CHI:262|MIL:306|MIN:319|IND:400|DET:535
52318,CHI:270|MIL:297|MIN:305|IND:408|DET:543
52203,CHI:263|MIL:305|MIN:317|IND:401|DET:536
52236,CHI:256|MIL:300|MIN:331|IND:395|DET:530
52351,CHI:262|MIL:294|MIN:306|IND:401|DET:536
52228,CHI:260|MIL:290|MIN:302|IND:398|DET:533
52322,CHI:246|MIL:290|MIN:323|IND:384|DET:519
52247,CHI:256|MIL:300|MIN:331|IND:395|DET:530
52338,CHI:259|MIL:298|MIN:313|IND:397|DET:532
52404,CHI:254|MIL:281|MIN:297|IND:392|DET:527
52340,CHI:239|MIL:284|MIN:314|IND:378|DET:513
52317,CHI:252|MIL:289|MIN:303|IND:390|DET:525
52241,CHI:237|MIL:281|MIN:316|IND:375|DET:510
52246,CHI:242|MIL:286|MIN:321|IND:380|DET:515
52227,CHI:255|MIL:277|MIN:302|IND:393|DET:528
52403,CHI:261|MIL:268|MIN:298|IND:399|DET:534
52242,CHI:234|MIL:279|MIN:321|IND:373|DET:508
52235,CHI:245|MIL:290|MIN:322|IND:384|DET:519
52245,CHI:230|MIL:274|MIN:321|IND:368|DET:503
52240,CHI:235|MIL:279|MIN:324|IND:374|DET:509
52333,CHI:239|MIL:278|MIN:318|IND:377|DET:512
52314,CHI:252|MIL:266|MIN:305|IND:391|DET:526
52253,CHI:247|MIL:271|MIN:313|IND:386|DET:521
52358,CHI:223|MIL:267|MIN:332|IND:362|DET:497
52776,CHI:222|MIL:267|MIN:340|IND:361|DET:496
52306,CHI:234|MIL:264|MIN:316|IND:373|DET:508
52312,CHI:248|MIL:252|MIN:314|IND:386|DET:521
52720,CHI:224|MIL:268|MIN:349|IND:362|DET:497
52772,CHI:222|MIL:266|MIN:341|IND:360|DET:495
52320,CHI:245|MIL:263|MIN:324|IND:384|DET:519
52337,CHI:230|MIL:271|MIN:323|IND:369|DET:504
52760,CHI:214|MIL:259|IND:350|MIN:350|DET:484
52216,CHI:223|MIL:267|MIN:330|IND:366|DET:502
52778,CHI:210|MIL:254|IND:348|MIN:349|DET:483
52721,CHI:212|MIL:256|MIN:348|IND:350|DET:487
52255,CHI:219|MIL:264|MIN:336|IND:362|DET:498
52323,CHI:230|MIL:257|MIN:343|IND:372|DET:509
52747,CHI:201|MIL:246|IND:340|MIN:352|DET:475
52765,CHI:206|MIL:250|IND:344|MIN:360|DET:480
52777,CHI:216|MIL:260|MIN:346|IND:358|DET:495
52769,CHI:198|MIL:242|IND:337|MIN:358|DET:471
52254,CHI:222|MIL:250|MIN:359|IND:365|DET:501
52745,CHI:204|MIL:248|IND:342|MIN:359|DET:478
52773,CHI:196|MIL:241|IND:332|MIN:365|DET:467
52729,CHI:207|MIL:252|IND:347|MIN:358|DET:483
52751,CHI:200|MIL:244|IND:342|MIN:354|DET:479
52804,CHI:191|MIL:235|IND:317|MIN:368|DET:451
52746,CHI:195|MIL:239|IND:333|MIN:368|DET:470
52037,CHI:204|MIL:236|IND:347|MIN:362|DET:483
52806,CHI:184|MIL:229|IND:323|MIN:366|DET:459
52774,CHI:199|MIL:242|IND:342|MIN:368|DET:478
52801,CHI:188|MIL:232|IND:320|MIN:374|DET:454
52803,CHI:185|MIL:229|IND:318|MIN:374|DET:452
52748,CHI:188|MIL:232|IND:327|MIN:374|DET:463
52756,CHI:192|MIL:236|IND:330|MIN:375|DET:467
52742,CHI:190|MIL:234|IND:342|MIN:369|DET:476
52807,CHI:180|MIL:224|IND:318|MIN:370|DET:454
52731,CHI:193|MIL:237|IND:356|MIN:374|DET:479
52722,CHI:178|MIL:222|IND:317|MIN:377|DET:453
52074,CHI:204|MIL:247|IND:374|MIN:374|DET:491
52758,CHI:189|MIL:233|IND:328|MIN:382|DET:464
52069,CHI:197|MIL:240|IND:366|MIN:375|DET:483
52767,CHI:174|MIL:218|IND:312|MIN:380|DET:449
61256,CHI:170|MIL:214|IND:309|MIN:382|DET:445
52750,CHI:191|MIL:235|IND:355|MIN:391|DET:477
61244,CHI:166|MIL:211|IND:307|MIN:387|DET:443
52768,CHI:187|MIL:231|IND:325|MIN:388|DET:462
52753,CHI:180|MIL:224|IND:318|MIN:384|DET:455
61236,CHI:168|MIL:212|IND:308|MIN:388|DET:444
52757,CHI:178|MIL:223|IND:332|MIN:378|DET:465
52730,CHI:186|MIL:230|IND:334|MIN:385|DET:470
61278,CHI:171|MIL:215|IND:311|MIN:383|DET:447
52727,CHI:181|MIL:225|IND:353|MIN:389|DET:467
52064,CHI:199|MIL:235|IND:372|MIN:382|DET:485
61275,CHI:168|MIL:213|IND:312|MIN:384|DET:448
61242,CHI:174|MIL:219|IND:325|MIN:398|DET:461
52771,CHI:189|MIL:233|IND:369|MIN:400|DET:475
52732,CHI:170|MIL:215|IND:350|MIN:393|DET:457
52701,CHI:180|MIL:224|IND:360|MIN:398|DET:466
61257,CHI:158|MIL:202|IND:317|MIN:394|DET:444
61230,CHI:163|MIL:207|IND:340|MIN:413|DET:449
52070,CHI:192|MIL:224|IND:377|MIN:389|DET:478
61252,CHI:164|MIL:208|IND:345|MIN:402|DET:450
61074,CHI:199|MIL:221|IND:385|MIN:406|DET:486
61250,CHI:153|MIL:197|IND:325|MIN:401|DET:439
61285,CHI:174|MIL:218|IND:359|MIN:409|DET:460
61251,CHI:152|MIL:196|IND:334|MIN:411|DET:438
61053,CHI:176|MIL:195|IND:366|MIN:410|DET:462
61270,CHI:152|MIL:196|IND:342|MIN:418|DET:438
61277,CHI:153|MIL:197|IND:306|MIN:413|DET:428
61258,CHI:163|MIL:207|IND:297|MIN:411|DET:419
61261,CHI:144|MIL:188|IND:323|MIN:412|DET:430
61014,CHI:161|MIL:202|IND:351|MIN:420|DET:447
61046,CHI:163|MIL:181|IND:353|MIN:401|DET:449
61283,CHI:147|MIL:192|IND:305|MIN:423|DET:427
61051,CHI:153|MIL:191|IND:342|MIN:420|DET:439
61037,CHI:132|MIL:176|IND:321|MIN:410|DET:419
61081,CHI:139|MIL:183|IND:328|MIN:416|DET:425
61078,CHI:154|MIL:169|IND:355|MIN:401|DET:449
61346,CHI:154|MIL:199|IND:290|DET:412|MIN:430
61071,CHI:127|MIL:171|IND:316|MIN:404|DET:413
61243,CHI:140|MIL:184|IND:304|MIN:418|DET:426
61376,CHI:160|MIL:205|IND:299|DET:421|MIN:438
61030,CHI:145|MIL:160|IND:339|MIN:393|DET:435
61007,CHI:135|MIL:150|IND:338|MIN:383|DET:430
61064,CHI:136|MIL:172|IND:326|MIN:406|DET:422
61042,CHI:133|MIL:177|IND:308|MIN:411|DET:420
61091,CHI:124|MIL:168|IND:314|MIN:402|DET:411
61021,CHI:112|MIL:157|IND:305|MIN:390|DET:399
61039,CHI:126|MIL:141|IND:329|MIN:374|DET:421
61328,CHI:146|MIL:191|IND:277|DET:399|MIN:424
61054,CHI:129|MIL:154|IND:320|MIN:387|DET:415
61349,CHI:144|MIL:187|IND:283|DET:405|MIN:420
61324,CHI:125|MIL:170|IND:299|MIN:403|DET:412
61047,CHI:131|MIL:146|IND:330|MIN:379|DET:425
61057,CHI:123|MIL:167|IND:307|MIN:400|DET:409
61374,CHI:139|MIL:182|IND:280|DET:402|MIN:415
61310,CHI:125|MIL:168|IND:288|MIN:401|DET:412
61077,CHI:126|MIL:141|IND:329|MIN:374|DET:421
61061,CHI:119|MIL:147|IND:310|MIN:380|DET:406
61031,CHI:121|MIL:162|IND:298|MIN:395|DET:407
61331,CHI:116|MIL:158|IND:288|MIN:392|DET:402
61330,CHI:130|MIL:173|IND:270|DET:392|MIN:406
61010,CHI:122|MIL:137|IND:319|MIN:370|DET:414
61088,CHI:109|MIL:124|IND:312|MIN:357|DET:404
61367,CHI:136|MIL:178|IND:279|DET:403|MIN:411
61006,CHI:99|MIL:143|IND:292|MIN:376|DET:385
61015,CHI:111|MIL:139|IND:302|MIN:372|DET:397
61084,CHI:122|MIL:137|IND:319|MIN:370|DET:414
61102,CHI:104|MIL:119|IND:307|MIN:352|DET:399
61378,CHI:110|MIL:153|IND:275|MIN:386|DET:397
61043,CHI:108|MIL:128|IND:299|MIN:361|DET:394
61020,CHI:109|MIL:124|IND:300|MIN:357|DET:396
61342,CHI:117|MIL:160|IND:260|DET:385|MIN:393
61104,CHI:102|MIL:116|IND:305|MIN:349|DET:397
61318,CHI:108|MIL:150|IND:271|MIN:383|DET:394
61068,CHI:95|MIL:131|IND:287|MIN:365|DET:382
61109,CHI:102|MIL:116|IND:305|MIN:350|DET:397
60553,CHI:96|MIL:139|IND:281|MIN:372|DET:383
61049,CHI:102|MIL:124|IND:293|MIN:357|DET:388
61108,CHI:96|MIL:109|IND:299|MIN:342|DET:391
61107,CHI:99|MIL:107|IND:302|MIN:341|DET:394
61052,CHI:104|MIL:119|IND:296|MIN:352|DET:392
61353,CHI:105|MIL:148|IND:270|MIN:381|DET:392
61114,CHI:99|MIL:105|IND:302|MIN:338|DET:394
61112,CHI:91|MIL:106|IND:294|MIN:339|DET:386
60129,CHI:98|MIL:125|IND:289|MIN:358|DET:384
60113,CHI:96|MIL:132|IND:287|MIN:366|DET:382
60530,CHI:101|MIL:149|IND:282|MIN:383|DET:388
61016,CHI:104|MIL:120|IND:307|MIN:353|DET:399
60518,CHI:118|MIL:171|IND:273|DET:384|MIN:404
60150,CHI:98|MIL:141|IND:292|MIN:374|DET:384
60550,CHI:97|MIL:149|IND:280|DET:383|MIN:383
60146,CHI:102|MIL:130|IND:301|MIN:363|DET:393
61008,CHI:85|MIL:110|IND:289|MIN:347|DET:381
60111,CHI:93|MIL:136|IND:287|MIN:369|DET:379
60531,CHI:105|MIL:176|IND:284|DET:387|MIN:409
60145,CHI:97|MIL:138|IND:298|MIN:372|DET:390
60556,CHI:89|MIL:159|IND:284|DET:376|MIN:392
60115,CHI:78|MIL:146|IND:272|DET:364|MIN:380
60549,CHI:108|MIL:188|IND:271|DET:369|MIN:425
61038,CHI:90|MIL:116|IND:293|MIN:357|DET:385
60552,CHI:95|MIL:175|IND:284|DET:382|MIN:408
60112,CHI:78|MIL:151|IND:273|DET:365|MIN:384
60551,CHI:101|MIL:181|IND:265|DET:363|MIN:427
60135,CHI:80|MIL:127|IND:283|MIN:366|DET:375
60520,CHI:84|MIL:164|IND:279|DET:371|MIN:400
60178,CHI:89|MIL:144|IND:284|DET:376|MIN:378
60548,CHI:90|MIL:169|IND:275|DET:373|MIN:416
60152,CHI:84|MIL:116|IND:287|MIN:368|DET:379
60537,CHI:92|MIL:172|IND:260|DET:358|CLE:424
60151,CHI:80|MIL:153|IND:275|DET:367|MIN:393
60536,CHI:86|MIL:165|IND:258|DET:356|CLE:423
60511,CHI:71|MIL:150|IND:265|DET:357|MIN:408
60109,CHI:75|MIL:134|IND:278|DET:370|MIN:378
60545,CHI:73|MIL:153|IND:268|DET:360|MIN:415
60541,CHI:90|MIL:170|IND:248|DET:346|CLE:412
60180,CHI:83|MIL:119|IND:286|MIN:373|DET:378
60144,CHI:65|MIL:144|IND:259|DET:351|MIN:400
60140,CHI:70|MIL:129|IND:273|DET:365|MIN:372
60119,CHI:63|MIL:143|IND:258|DET:350|MIN:398
60554,CHI:63|MIL:142|IND:257|DET:349|MIN:399
60098,CHI:90|MIL:101|IND:294|MIN:374|DET:386
60142,CHI:70|MIL:119|IND:274|DET:365|MIN:370
60512,CHI:65|MIL:145|IND:260|DET:351|MIN:406
60560,CHI:83|MIL:163|IND:253|DET:351|CLE:418
60183,CHI:77|MIL:140|IND:272|DET:364|MIN:392
60124,CHI:73|MIL:132|IND:276|DET:368|MIN:384
60175,CHI:79|MIL:138|IND:274|DET:366|MIN:393
60136,CHI:65|MIL:123|IND:268|DET:360|MIN:375
60506,CHI:62|MIL:141|IND:256|DET:348|MIN:409
60542,CHI:57|MIL:137|IND:252|DET:344|MIN:405
60134,CHI:66|MIL:144|IND:261|DET:353|MIN:402
60538,CHI:62|MIL:142|IND:257|DET:349|MIN:412
60539,CHI:57|MIL:136|IND:251|DET:343|MIN:405
60014,CHI:79|MIL:111|IND:282|DET:374|MIN:388
60543,CHI:75|MIL:154|IND:252|DET:347|CLE:413
60156,CHI:75|MIL:115|IND:279|DET:371|MIN:388
60012,CHI:86|MIL:106|IND:289|DET:381|MIN:389
60123,CHI:59|MIL:118|IND:262|DET:354|MIN:380
60510,CHI:59|MIL:139|IND:254|DET:346|MIN:410
60102,CHI:71|MIL:121|IND:274|DET:366|MIN:385
60177,CHI:70|MIL:128|IND:268|DET:360|MIN:390
60118,CHI:62|MIL:121|IND:265|DET:357|MIN:379
60174,CHI:74|MIL:137|IND:268|DET:360|MIN:402
60505,CHI:58|MIL:138|IND:252|DET:344|CLE:411
60050,CHI:93|MIL:98|IND:297|MIN:384|DET:388
60110,CHI:63|MIL:121|IND:266|DET:358|MIN:382
60502,CHI:52|MIL:132|IND:246|DET:338|CLE:405
60503,CHI:65|MIL:144|IND:252|DET:344|CLE:410
60184,CHI:67|MIL:130|IND:264|DET:356|MIN:396
60519,CHI:50|MIL:130|IND:244|DET:336|CLE:403
60504,CHI:58|MIL:137|IND:252|DET:344|CLE:410
60120,CHI:58|MIL:116|IND:258|DET:350|MIN:386
60586,CHI:71|MIL:152|IND:238|DET:337|CLE:403
60013,CHI:76|MIL:104|IND:279|DET:371|MIN:397
60585,CHI:69|MIL:149|IND:247|DET:339|CLE:405
60404,CHI:70|MIL:150|IND:227|DET:329|CLE:395
60051,CHI:90|MIL:94|IND:291|DET:383|MIN:384
60544,CHI:65|MIL:145|IND:240|DET:335|CLE:401
60021,CHI:70|MIL:108|IND:273|DET:365|MIN:399
60185,CHI:68|MIL:140|IND:263|DET:355|MIN:410
60103,CHI:59|MIL:123|IND:256|DET:348|MIN:396
60563,CHI:45|MIL:125|IND:240|DET:332|CLE:398
60192,CHI:52|MIL:110|IND:255|DET:347|MIN:383
60042,CHI:81|MIL:97|IND:282|DET:374|MIN:394
60564,CHI:63|MIL:142|IND:243|DET:335|CLE:402
60431,CHI:65|MIL:146|IND:226|DET:324|CLE:391
60555,CHI:47|MIL:127|IND:242|DET:334|CLE:400
60107,CHI:56|MIL:114|IND:253|DET:345|MIN:387
60020,MIL:82|CHI:87|IND:289|MIN:376|DET:381
60010,CHI:64|MIL:110|IND:267|DET:359|MIN:396
60190,CHI:55|MIL:129|IND:249|DET:341|CLE:408
60041,MIL:83|CHI:85|IND:286|DET:378|MIN:378
60540,CHI:51|MIL:131|IND:244|DET:336|CLE:403
60133,CHI:53|MIL:119|IND:251|DET:343|MIN:398
60490,CHI:59|MIL:139|IND:237|DET:329|CLE:396
60084,CHI:80|MIL:92|IND:281|DET:373|MIN:389
60188,CHI:57|MIL:128|IND:251|DET:343|CLE:410
60435,CHI:65|MIL:146|IND:227|DET:319|CLE:386
60565,CHI:56|MIL:135|IND:238|DET:330|CLE:397
60189,CHI:51|MIL:131|IND:246|DET:338|CLE:404
60403,CHI:64|MIL:144|IND:230|DET:322|CLE:389
60169,CHI:51|MIL:109|IND:252|DET:344|MIN:386
60194,CHI:52|MIL:111|IND:249|DET:341|MIN:390
60187,CHI:50|MIL:124|IND:245|DET:336|CLE:403
60073,CHI:80|MIL:82|IND:284|DET:376|MIN:386
60446,CHI:57|MIL:137|IND:229|DET:321|CLE:387
60193,CHI:49|MIL:114|IND:247|DET:339|MIN:398
60108,CHI:48|MIL:116|IND:245|DET:337|CLE:403
60172,CHI:48|MIL:114|IND:245|DET:337|MIN:401
60195,CHI:49|MIL:108|IND:252|DET:344|MIN:383
60532,CHI:43|MIL:123|IND:234|DET:326|CLE:393
60139,CHI:49|MIL:119|IND:244|DET:336|CLE:402
60440,CHI:51|MIL:131|IND:229|DET:321|CLE:387
60046,MIL:70|CHI:76|IND:279|DET:371|MIN:389
60067,CHI:52|MIL:98|IND:253|DET:345|MIN:392
60137,CHI:42|MIL:120|IND:236|DET:328|CLE:395
60157,CHI:44|MIL:110|IND:241|DET:333|CLE:400
60173,CHI:48|MIL:106|IND:246|DET:338|MIN:391
60441,CHI:59|MIL:138|IND:221|DET:313|CLE:379
60030,CHI:73|MIL:75|IND:276|DET:368|MIN:392
60047,CHI:67|MIL:94|IND:267|DET:359|MIN:405
60517,CHI:44|MIL:123|IND:227|DET:319|CLE:386
60060,CHI:81|MIL:92|IND:284|DET:376|MIN:408
60432,CHI:60|MIL:140|IND:215|DET:307|CLE:373
60074,CHI:55|MIL:97|IND:255|DET:347|MIN:399
60515,CHI:38|MIL:118|IND:233|DET:325|CLE:391
60008,CHI:47|MIL:98|IND:248|DET:340|MIN:392
60143,CHI:45|MIL:109|IND:242|DET:334|MIN:400
60148,CHI:37|MIL:117|IND:234|DET:326|CLE:393
60516,CHI:43|MIL:123|IND:228|DET:320|CLE:386
60101,CHI:41|MIL:112|IND:238|DET:330|CLE:397
60007,CHI:42|MIL:101|IND:245|DET:337|MIN:395
60005,CHI:45|MIL:99|IND:248|DET:340|MIN:394
60561,CHI:41|MIL:120|IND:221|DET:313|CLE:380
60191,CHI:39|MIL:106|IND:237|DET:329|CLE:395
60004,CHI:51|MIL:90|IND:252|DET:344|MIN:398
60439,CHI:49|MIL:130|IND:226|DET:318|CLE:385
60181,CHI:33|MIL:115|IND:230|DET:322|CLE:388
60559,CHI:37|MIL:116|IND:227|DET:319|CLE:385
60089,CHI:55|MIL:86|IND:259|DET:351|MIN:409
60491,CHI:56|MIL:136|IND:220|DET:312|CLE:379
60514,CHI:36|MIL:116|IND:225|DET:317|CLE:384
60451,CHI:65|MIL:144|IND:215|DET:310|CLE:376
60061,CHI:60|MIL:79|IND:263|DET:355|MIN:408
60523,CHI:32|MIL:111|IND:224|DET:316|CLE:382
60083,MIL:57|CHI:69|IND:276|DET:366|MIN:397
60048,CHI:61|MIL:73|IND:264|DET:356|MIN:404
60106,CHI:39|MIL:99|IND:236|DET:328|CLE:395
60126,CHI:29|MIL:105|IND:226|DET:318|CLE:385
60031,
60056,CHI:46|MIL:94|IND:247|DET:339|MIN:401
60527,CHI:38|MIL:118|IND:216|DET:308|CLE:375
60070,CHI:48|MIL:87|IND:250|DET:341|MIN:404
60521,CHI:33|MIL:112|IND:220|DET:312|CLE:378
60069,CHI:55|MIL:80|IND:259|DET:351|CLE:414
60090,CHI:49|MIL:88|IND:250|DET:342|MIN:407
60163,CHI:25|MIL:104|IND:224|DET:316|CLE:383
60162,CHI:22|MIL:108|IND:225|DET:317|CLE:383
60164,CHI:33|MIL:103|IND:231|DET:323|CLE:389
60558,CHI:32|MIL:111|IND:219|DET:311|CLE:378
60018,CHI:31|MIL:90|IND:233|DET:325|CLE:390
60448,CHI:57|MIL:144|IND:208|DET:300|CLE:366
60016,CHI:39|MIL:88|IND:241|DET:333|CLE:398
60154,CHI:25|MIL:109|IND:224|DET:316|CLE:383
60467,CHI:54|MIL:140|IND:212|DET:304|CLE:371
60526,CHI:27|MIL:113|IND:223|DET:315|CLE:381
60131,CHI:32|MIL:96|IND:236|DET:328|CLE:394
60480,CHI:39|MIL:123|IND:214|DET:306|CLE:373
60165,CHI:27|MIL:105|IND:231|DET:323|CLE:389
60015,CHI:47|MIL:81|IND:251|DET:343|CLE:406
60104,CHI:21|MIL:108|IND:229|DET:321|CLE:383
60176,CHI:34|MIL:93|IND:237|DET:329|CLE:395
60045,CHI:50|MIL:73|IND:259|DET:347|CLE:409
60525,CHI:33|MIL:118|IND:215|DET:307|CLE:373
60464,CHI:41|MIL:129|IND:215|DET:307|CLE:373
60160,CHI:24|MIL:104|IND:234|DET:324|CLE:386
60064,CHI:59|MIL:71|IND:268|DET:356|MIN:410
60085,CHI:64|MIL:69|IND:271|DET:361|MIN:409
60044,CHI:56|MIL:72|IND:265|DET:353|MIN:412
60155,CHI:20|MIL:113|IND:230|DET:320|CLE:382
60087,MIL:66|CHI:71|IND:278|DET:368|MIN:405
60513,CHI:25|MIL:116|IND:224|DET:316|CLE:382
60062,CHI:48|MIL:84|IND:250|DET:342|CLE:407
60068,CHI:34|MIL:94|IND:238|DET:330|CLE:393
60088,CHI:59|MIL:72|IND:268|DET:356|MIN:412
60153,CHI:17|MIL:108|IND:232|DET:317|CLE:379
60462,CHI:49|MIL:136|IND:214|DET:306|CLE:372
60171,CHI:26|MIL:102|IND:241|DET:326|CLE:388
60026,CHI:46|MIL:90|IND:254|DET:343|CLE:405
60141,CHI:18|MIL:113|IND:233|DET:318|CLE:380
60487,CHI:56|MIL:146|IND:207|DET:299|CLE:365
60457,CHI:39|MIL:122|IND:208|DET:300|CLE:366
60656,CHI:29|MIL:94|IND:239|DET:326|CLE:388
60458,CHI:34|MIL:125|IND:212|DET:304|CLE:371
60465,CHI:41|MIL:124|IND:209|DET:301|CLE:367
60501,CHI:31|MIL:129|IND:220|DET:312|CLE:379
60546,CHI:21|MIL:118|IND:226|DET:318|CLE:383
60534,CHI:24|MIL:120|IND:221|DET:313|CLE:379
60305,CHI:19|MIL:108|IND:234|DET:319|CLE:381
60130,CHI:16|MIL:114|IND:231|DET:316|CLE:378
60706,CHI:31|MIL:99|IND:243|DET:328|CLE:390
60631,CHI:29|MIL:95|IND:241|DET:326|CLE:388
60040,CHI:48|MIL:81|IND:260|DET:345|CLE:407
60025,CHI:40|MIL:91|IND:251|DET:337|CLE:399
60714,CHI:34|MIL:94|IND:246|DET:331|CLE:393
60707,CHI:24|MIL:105|IND:240|DET:325|CLE:387
60455,CHI:38|MIL:123|IND:211|DET:303|CLE:369
60634,CHI:27|MIL:102|IND:241|DET:326|CLE:388
60035,CHI:45|MIL:83|IND:257|DET:342|CLE:404
60301,CHI:17|MIL:111|IND:232|DET:317|CLE:379
60482,CHI:47|MIL:127|IND:210|DET:301|CLE:368
60402,CHI:20|MIL:122|IND:227|DET:317|CLE:379
60463,CHI:48|MIL:131|IND:207|DET:299|CLE:366
60302,CHI:16|MIL:111|IND:232|DET:317|CLE:379
60304,CHI:13|MIL:116|IND:228|DET:313|CLE:375
60053,CHI:33|MIL:93|IND:245|DET:330|CLE:392
60477,CHI:49|MIL:142|IND:203|DET:295|CLE:362
60029,CHI:35|MIL:93|IND:247|DET:332|CLE:394
60415,CHI:43|MIL:126|IND:209|DET:301|CLE:368
60638,CHI:26|MIL:131|IND:222|DET:311|CLE:373
60459,CHI:34|MIL:126|IND:214|DET:306|CLE:370
60646,CHI:23|MIL:97|IND:235|DET:320|CLE:382
60022,CHI:44|MIL:89|IND:256|DET:341|CLE:403
60804,CHI:15|MIL:122|IND:226|DET:313|CLE:375
60630,CHI:23|MIL:98|IND:235|DET:321|CLE:383
60644,CHI:11|MIL:114|IND:226|DET:311|CLE:373
60077,CHI:31|MIL:92|IND:243|DET:328|CLE:390
60639,CHI:16|MIL:105|IND:233|DET:318|CLE:380
60452,CHI:46|MIL:136|IND:202|DET:294|CLE:360
60093,CHI:37|MIL:87|IND:249|DET:334|CLE:396
60453,CHI:38|MIL:128|IND:210|DET:301|CLE:363
60443,CHI:53|MIL:145|IND:198|DET:296|CLE:362
60641,CHI:19|MIL:102|IND:233|DET:318|CLE:380
60651,CHI:11|MIL:110|IND:229|DET:314|CLE:376
60418,CHI:44|MIL:129|IND:203|DET:295|CLE:361
60803,CHI:41|MIL:126|IND:201|DET:293|CLE:360
60478,CHI:49|MIL:141|IND:202|DET:294|CLE:361
60445,CHI:44|MIL:133|IND:202|DET:294|CLE:360
60712,CHI:28|MIL:96|IND:240|DET:325|CLE:387
60456,CHI:33|MIL:130|IND:215|DET:304|CLE:366
60076,CHI:32|MIL:96|IND:244|DET:329|CLE:391
60624,CHI:7|MIL:113|IND:224|DET:309|CLE:371
60091,CHI:38|MIL:90|IND:250|DET:335|CLE:397
60623,CHI:13|MIL:122|IND:226|DET:311|CLE:373
60203,CHI:36|MIL:94|IND:248|DET:333|CLE:395
60043,CHI:39|MIL:91|IND:251|DET:336|CLE:398
60652,CHI:30|MIL:133|IND:216|DET:302|CLE:364
60632,CHI:20|MIL:131|IND:221|DET:306|CLE:368
60629,CHI:25|MIL:136|IND:218|DET:303|CLE:365
60472,CHI:38|MIL:131|IND:201|DET:293|CLE:355
60659,CHI:25|MIL:102|IND:239|DET:324|CLE:386
60655,CHI:34|MIL:133|IND:207|DET:295|CLE:357
60618,CHI:17|MIL:104|IND:231|DET:316|CLE:378
60805,CHI:33|MIL:135|IND:209|DET:297|CLE:358
60647,CHI:12|MIL:107|IND:228|DET:313|CLE:375
60625,CHI:22|MIL:104|IND:236|DET:321|CLE:383
60645,CHI:28|MIL:104|IND:242|DET:327|CLE:389
60201,CHI:34|MIL:97|IND:249|DET:334|CLE:396
60428,CHI:41|MIL:132|IND:191|DET:283|CLE:350
60612,CHI:2|MIL:117|IND:221|DET:306|CLE:368
60461,CHI:57|MIL:149|IND:196|DET:294|CLE:361
60469,CHI:38|MIL:130|IND:196|DET:288|CLE:355
60202,CHI:30|MIL:100|IND:245|DET:330|CLE:392
60422,CHI:51|MIL:142|IND:196|DET:290|CLE:356
60429,CHI:46|MIL:138|IND:195|DET:287|CLE:354
60622,CHI:7|MIL:112|IND:225|DET:311|CLE:373
60406,CHI:34|MIL:133|IND:200|DET:289|CLE:351
60608,CHI:10|MIL:123|IND:218|DET:304|CLE:365
60208,CHI:36|MIL:101|IND:251|DET:336|CLE:398
60636,CHI:25|MIL:135|IND:212|DET:297|CLE:359
60626,CHI:28|MIL:106|IND:243|DET:328|CLE:390
60643,CHI:30|MIL:137|IND:204|DET:291|CLE:353
60660,CHI:25|MIL:109|IND:239|DET:324|CLE:386
60430,CHI:47|MIL:138|IND:191|DET:283|CLE:350
60640,CHI:21|MIL:110|IND:235|DET:320|CLE:382
60642,CHI:8|MIL:111|IND:222|DET:307|CLE:369
60609,CHI:18|MIL:131|IND:217|DET:302|CLE:364
60607,CHI:5|MIL:118|IND:218|DET:303|CLE:365
60426,CHI:43|MIL:136|IND:197|DET:289|CLE:354
60613,CHI:18|MIL:112|IND:231|DET:316|CLE:378
60620,CHI:26|MIL:136|IND:207|DET:293|CLE:355
60657,CHI:15|MIL:112|IND:228|DET:313|CLE:375
60614,CHI:12|MIL:111|IND:226|DET:311|CLE:373
60661,CHI:5|MIL:114|IND:216|DET:302|CLE:364
60621,CHI:20|MIL:129|IND:208|DET:293|CLE:355
60606,CHI:7|MIL:117|IND:218|DET:303|CLE:365
60654,CHI:13|MIL:116|IND:227|DET:312|CLE:374
60610,CHI:12|MIL:114|IND:225|DET:311|CLE:373
60827,CHI:39|MIL:145|IND:196|DET:286|CLE:348
60602,CHI:8|MIL:118|IND:219|DET:304|CLE:366
60604,CHI:6|MIL:116|IND:217|DET:302|CLE:364
60603,CHI:7|MIL:117|IND:218|DET:303|CLE:365
60616,CHI:13|MIL:122|IND:214|DET:299|CLE:361
60601,CHI:11|MIL:121|IND:222|DET:307|CLE:369
60628,CHI:28|MIL:137|IND:196|DET:284|CLE:346
60605,CHI:10|MIL:120|IND:219|DET:304|CLE:366
60611,CHI:16|MIL:118|IND:230|DET:315|CLE:377
60425,CHI:50|MIL:145|IND:184|DET:281|CLE:347
60653,CHI:17|MIL:127|IND:212|DET:297|CLE:358
60619,CHI:23|MIL:132|IND:200|DET:285|CLE:347
60637,CHI:21|MIL:130|IND:205|DET:290|CLE:352
60476,CHI:47|MIL:144|IND:186|DET:277|CLE:344
60473,CHI:43|MIL:145|IND:186|DET:278|CLE:344
60419,CHI:37|MIL:145|IND:188|DET:278|CLE:340
60615,CHI:21|MIL:130|IND:210|DET:295|CLE:357
60411,CHI:50|MIL:150|IND:179|DET:281|CLE:348
60633,CHI:36|MIL:145|IND:189|DET:274|CLE:336
60649,CHI:28|MIL:138|IND:200|DET:285|CLE:347
60617,CHI:32|MIL:142|IND:194|DET:279|CLE:341
60409,CHI:40|MIL:148|IND:184|DET:273|CLE:335
60438,CHI:48|MIL:147|IND:182|DET:275|CLE:341
46321,CHI:55|MIL:154|IND:174|DET:272|CLE:339
46324,CHI:50|MIL:149|IND:176|DET:268|CLE:334
46394,CHI:37|MIL:147|IND:185|DET:270|CLE:332
46327,CHI:43|MIL:152|IND:177|DET:262|CLE:324
46320,CHI:45|MIL:153|IND:179|DET:269|CLE:331
46322,CHI:58|MIL:156|IND:171|DET:266|CLE:333
46323,CHI:52|MIL:153|IND:173|DET:265|CLE:328
46312,CHI:46|MIL:155|IND:177|DET:262|CLE:324
46319,CHI:64|MIL:163|IND:166|DET:266|CLE:333
46406,CHI:54|MIL:161|IND:172|DET:263|CLE:325
46404,CHI:58|MIL:159|IND:167|DET:259|CLE:322
46408,CHI:64|IND:163|MIL:163|DET:259|CLE:326
46402,CHI:58|MIL:168|IND:169|DET:254|CLE:316
46407,CHI:60|IND:161|MIL:163|DET:256|CLE:318
46409,CHI:66|IND:158|MIL:165|DET:256|CLE:323
46405,CHI:68|IND:165|MIL:168|DET:250|CLE:316
46403,CHI:69|IND:172|MIL:175|DET:254|CLE:320
46342,CHI:77|IND:164|MIL:177|DET:259|CLE:322
46368,CHI:69|IND:174|MIL:176|DET:243|CLE:307
46393,CHI:81|IND:169|MIL:183|DET:253|CLE:317
46304,CHI:79|IND:181|MIL:183|DET:236|CLE:303
46301,CHI:86|IND:188|MIL:190|DET:240|CLE:307
46391,CHI:91|IND:190|MIL:198|DET:242|CLE:302
46360,CHI:89|IND:191|MIL:193|DET:226|CLE:292
49117,CHI:100|IND:202|MIL:204|DET:218|CLE:295
46350,CHI:103|IND:201|MIL:208|DET:233|CLE:290
46345,CHI:107|IND:194|MIL:214|DET:241|CLE:297
49129,CHI:101|IND:203|MIL:205|DET:210|CLE:289
49116,CHI:105|IND:206|MIL:209|DET:211|CLE:293
49115,CHI:110|DET:208|IND:212|MIL:214|CLE:297
49128,CHI:106|IND:208|MIL:210|DET:213|CLE:284
46371,CHI:108|IND:201|MIL:212|DET:233|CLE:280
49125,CHI:107|DET:204|IND:209|MIL:211|CLE:294
49106,CHI:112|DET:202|IND:214|MIL:216|CLE:287
49119,CHI:112|DET:208|IND:213|MIL:216|CLE:289
46365,CHI:117|IND:202|MIL:222|DET:238|CLE:283
49127,CHI:119|DET:197|IND:217|MIL:223|CLE:289
49113,CHI:115|IND:206|DET:215|MIL:219|CLE:278
49101,CHI:116|DET:202|IND:210|MIL:220|CLE:282
46552,CHI:115|IND:194|MIL:219|DET:223|CLE:268
49085,CHI:123|DET:191|IND:216|MIL:227|CLE:288
49107,CHI:120|IND:202|DET:213|MIL:224|CLE:275
46554,CHI:133|IND:187|DET:232|MIL:237|CLE:278
49084,CHI:132|DET:188|IND:223|MIL:236|CLE:295
49103,CHI:127|DET:198|IND:201|MIL:231|CLE:273
49022,CHI:126|DET:183|IND:213|MIL:230|CLE:285
49126,CHI:129|DET:189|IND:209|MIL:233|CLE:281
49104,CHI:132|DET:200|IND:210|MIL:236|CLE:282
46619,CHI:121|IND:184|DET:218|MIL:225|CLE:263
49038,CHI:143|DET:189|IND:234|MIL:247|CLE:306
46628,CHI:135|IND:204|DET:230|MIL:242|CLE:275
46536,CHI:147|IND:178|DET:241|MIL:252|CLE:283
49111,CHI:136|DET:193|IND:217|MIL:240|CLE:287
46614,CHI:131|IND:177|DET:225|MIL:236|CLE:269
49043,CHI:143|DET:188|IND:235|MIL:247|CLE:307
46616,CHI:127|IND:191|DET:222|MIL:234|CLE:260
46613,CHI:128|IND:182|DET:222|MIL:233|CLE:266
46601,CHI:129|IND:184|DET:225|MIL:236|CLE:262
49102,CHI:136|DET:200|IND:211|MIL:240|CLE:277
46624,CHI:125|IND:195|DET:221|MIL:232|CLE:258
46556,CHI:125|IND:194|DET:221|MIL:232|CLE:258
46637,CHI:124|IND:197|DET:217|MIL:232|CLE:258
49098,CHI:139|DET:177|IND:230|MIL:243|CLE:296
46617,CHI:126|IND:188|DET:222|MIL:234|CLE:259
49120,CHI:135|IND:202|DET:208|MIL:239|CLE:264
49090,CHI:151|DET:199|IND:243|MIL:255|CLE:315
46615,CHI:131|IND:186|DET:223|MIL:238|CLE:260
46635,CHI:128|IND:193|DET:217|MIL:235|CLE:254
49057,CHI:141|DET:173|IND:232|MIL:245|CLE:292
46595,CHI:143|IND:180|DET:230|MIL:248|CLE:271
46545,CHI:131|IND:193|DET:216|MIL:238|CLE:253
49063,CHI:158|DET:196|IND:249|MIL:262|CLE:315
46544,CHI:138|IND:187|DET:221|MIL:243|CLE:261
46530,CHI:129|IND:197|DET:213|MIL:236|CLE:251
49047,CHI:149|DET:190|IND:221|MIL:253|CLE:273
49013,CHI:158|DET:180|IND:250|MIL:262|CLE:299
49450,CHI:169|DET:196|IND:261|MIL:273|CLE:315
46561,CHI:138|IND:193|DET:217|MIL:246|CLE:256
46573,CHI:154|IND:193|DET:223|MIL:259|CLE:264
49027,CHI:160|DET:182|IND:252|MIL:264|CLE:301
49056,CHI:166|DET:191|IND:257|MIL:270|CLE:309
49064,CHI:146|DET:167|IND:237|MIL:250|CLE:286
49112,CHI:142|DET:203|IND:211|CLE:248|MIL:250
49045,CHI:152|DET:170|IND:235|MIL:256|CLE:275
46517,CHI:144|IND:193|DET:212|MIL:249|CLE:253
49031,CHI:158|DET:203|IND:227|CLE:263|MIL:265
46514,CHI:135|DET:203|IND:205|CLE:240|MIL:243
49026,CHI:175|DET:181|IND:267|MIL:279|CLE:300
46516,CHI:143|IND:201|DET:206|CLE:246|MIL:250
49079,CHI:158|DET:163|IND:250|MIL:262|CLE:282
49095,CHI:158|DET:186|IND:229|CLE:254|MIL:266
46526,CHI:159|IND:198|DET:215|CLE:255|MIL:265
49130,CHI:142|DET:190|IND:210|CLE:239|MIL:250
49055,CHI:175|DET:175|IND:267|MIL:279|CLE:294
49065,CHI:162|DET:163|IND:247|MIL:265|CLE:269
46507,CHI:145|DET:191|IND:207|CLE:232|MIL:252
49061,CHI:156|DET:186|IND:223|CLE:246|MIL:263
49067,CHI:169|DET:169|IND:237|CLE:260|MIL:276
46528,CHI:162|DET:205|IND:208|CLE:245|MIL:268
49071,DET:156|CHI:162|IND:253|MIL:266|CLE:275
49078,DET:170|CHI:191|IND:279|CLE:288|MIL:295
49009,DET:153|CHI:175|IND:263|CLE:272|MIL:279
46540,CHI:159|DET:195|IND:212|CLE:236|MIL:267
49087,DET:157|CHI:177|IND:252|CLE:261|MIL:281
49099,CHI:155|DET:180|IND:223|CLE:231|MIL:262
46543,CHI:174|IND:197|DET:210|CLE:250|MIL:281
49042,CHI:157|DET:172|IND:225|CLE:234|MIL:265
49093,DET:168|CHI:174|IND:242|CLE:251|MIL:282
49006,DET:149|CHI:173|IND:259|CLE:268|MIL:277
49024,DET:147|CHI:171|IND:256|CLE:266|MIL:275
49008,DET:147|CHI:170|IND:256|CLE:265|MIL:274
49080,DET:157|CHI:188|IND:267|CLE:276|MIL:292
49007,DET:146|CHI:176|IND:255|CLE:265|MIL:280
46565,CHI:163|DET:194|IND:204|CLE:231|MIL:270
49001,DET:142|CHI:172|IND:251|CLE:261|MIL:276
49004,DET:151|CHI:186|IND:261|CLE:270|MIL:290
49002,DET:146|CHI:176|IND:255|CLE:265|MIL:280
46571,CHI:179|IND:192|DET:201|CLE:239|MIL:286
49074,DET:145|CHI:180|IND:255|CLE:264|MIL:284
49032,CHI:178|DET:178|IND:235|CLE:240|MIL:285
49048,DET:144|CHI:180|IND:253|CLE:263|MIL:284
49097,DET:156|CHI:187|IND:252|CLE:260|MIL:291
49083,DET:140|CHI:186|IND:250|CLE:259|MIL:290
49072,DET:162|CHI:186|IND:237|CLE:243|MIL:294
49075,DET:169|CHI:181|IND:226|CLE:231|MIL:288
49091,CHI:175|DET:180|IND:220|CLE:225|MIL:283
49088,DET:148|CHI:192|IND:255|CLE:264|MIL:296
49053,DET:134|CHI:180|IND:243|CLE:253|MIL:284
46784,IND:180|CHI:191|DET:196|CLE:234|MIL:299
46761,CHI:178|DET:182|IND:197|CLE:220|MIL:285
46746,CHI:171|DET:179|IND:201|CLE:217|MIL:278
49030,DET:171|CHI:182|IND:227|CLE:232|MIL:289
46795,IND:187|DET:189|CHI:192|CLE:227|MIL:300
46771,CHI:177|DET:179|IND:195|CLE:217|MIL:284
46786,IND:177|DET:185|CHI:194|CLE:223|MIL:302
49408,CHI:168|DET:192|IND:260|MIL:272|CLE:311
49010,DET:173|CHI:180|IND:271|MIL:284|CLE:292
49328,DET:178|CHI:197|IND:288|CLE:297|MIL:301
49070,DET:167|CHI:188|IND:276|CLE:286|MIL:292
49348,DET:176|CHI:203|IND:292|CLE:301|MIL:307
49344,DET:171|CHI:195|IND:281|CLE:290|MIL:298
45619,IND:311|CLE:315|CHA:347|DET:399|WAS:428
25755,CLE:302|IND:303|CHA:332|DET:392|WAS:412
25703,CLE:301|IND:305|CHA:332|DET:394|WAS:412
25701,CLE:306|IND:313|CHA:332|DET:401|WAS:412
25705,CLE:298|IND:311|CHA:324|DET:399|WAS:404
45669,CLE:305|IND:323|CHA:350|DET:401|WAS:430
25702,CLE:296|IND:317|CHA:322|DET:398|WAS:402
25504,CLE:305|IND:325|CHA:331|DET:406|WAS:411
25559,CLE:312|IND:324|CHA:331|WAS:411|DET:412
25545,CLE:306|CHA:329|IND:331|DET:407|WAS:409
25571,CLE:321|CHA:339|IND:351|WAS:419|DET:429
25541,CLE:294|CHA:313|IND:324|WAS:393|DET:396
25510,CLE:309|CHA:327|IND:346|WAS:408|DET:418
25526,CLE:289|CHA:306|IND:325|WAS:387|DET:397
25560,CLE:278|CHA:296|IND:315|WAS:376|DET:387
25202,CLE:283|CHA:301|IND:338|WAS:381|DET:409
25177,CLE:282|CHA:300|IND:333|WAS:380|DET:404
25143,CLE:286|CHA:304|IND:332|WAS:384|DET:404
25112,CLE:268|CHA:286|IND:325|WAS:366|DET:397
25064,CLE:268|CHA:286|IND:327|WAS:366|DET:399
25313,CLE:273|CHA:293|IND:327|WAS:373|DET:399
25303,CLE:264|CHA:281|IND:332|WAS:362|DET:403
25387,CLE:266|CHA:286|IND:335|WAS:366|DET:407
25312,CLE:256|CHA:292|IND:347|WAS:368|DET:399
25301,CLE:258|CHA:275|IND:333|WAS:356|DET:401
25305,CLE:261|CHA:274|IND:336|WAS:359|DET:404
25302,CLE:260|CHA:282|IND:339|WAS:354|DET:403
25311,CLE:268|CHA:282|IND:343|WAS:359|DET:411
25201,CLE:279|CHA:285|IND:354|WAS:371|DET:422
25156,CLE:270|CHA:291|IND:348|WAS:349|DET:413
25071,CLE:272|CHA:294|IND:351|WAS:352|DET:415
25045,CLE:297|CHA:319|WAS:357|IND:375|DET:440
25030,CLE:298|CHA:319|WAS:357|IND:376|DET:440
25088,CLE:313|CHA:334|WAS:373|IND:391|DET:456
25133,CLE:304|CHA:317|WAS:336|IND:382|DET:447
25043,CHA:317|CLE:339|WAS:362|IND:417|DET:482
43115,IND:202|CLE:208|DET:285|CHI:408|CHA:416
45601,IND:217|CLE:218|DET:293|CHA:397|CHI:423
45613,IND:241|CLE:252|DET:327|CHA:382|CHI:448
45644,CLE:215|IND:234|DET:291|CHA:416|CHI:440
45673,CLE:226|IND:226|DET:301|CHA:383|CHI:433
43101,CLE:210|IND:241|DET:286|CHA:420|CHI:447
45647,CLE:232|IND:234|DET:308|CHA:397|CHI:440
43135,CLE:221|IND:253|DET:297|CHA:433|CHI:459
45682,IND:274|CLE:279|DET:354|CHA:378|WAS:457
45672,CLE:251|IND:252|DET:326|CHA:398|CHI:458
45640,CLE:249|IND:250|DET:324|CHA:369|WAS:443
45659,IND:290|CLE:295|CHA:369|DET:370|WAS:450
43152,CLE:225|IND:263|DET:301|CHA:424|WAS:453
45621,CLE:246|IND:247|DET:321|CHA:371|WAS:444
45656,CLE:266|IND:267|DET:341|CHA:364|WAS:444
45688,CLE:307|IND:308|DET:382|CHA:386|WAS:466
45692,CLE:252|IND:256|DET:328|CHA:373|WAS:438
45645,IND:294|CLE:307|CHA:359|DET:383|WAS:439
45622,CLE:231|IND:271|DET:307|CHA:404|WAS:446
45634,CLE:245|IND:266|DET:322|CHA:388|WAS:442
45651,CLE:234|IND:264|DET:311|CHA:395|WAS:438
45685,CLE:259|IND:259|DET:334|CHA:353|WAS:433
45696,CLE:306|IND:311|CHA:359|DET:385|WAS:439
45658,CLE:295|IND:296|DET:370|CHA:375|WAS:454
45698,CLE:238|IND:277|DET:314|CHA:404|WAS:435
45674,CLE:265|IND:266|DET:340|CHA:345|WAS:424
45678,CLE:317|IND:328|CHA:378|DET:403|WAS:458
45654,CLE:226|IND:276|DET:302|CHA:411|WAS:432
45695,CLE:258|IND:275|DET:334|CHA:385|WAS:433
45686,CLE:272|IND:277|DET:348|CHA:362|WAS:432
43158,CLE:207|IND:258|DET:283|CHA:405|WAS:421
43127,CLE:208|IND:258|DET:284|CHA:403|WAS:419
25537,CLE:292|IND:322|CHA:341|DET:394|WAS:421
45614,CLE:264|IND:274|CHA:346|DET:348|WAS:423
45623,CLE:282|IND:304|CHA:362|DET:378|WAS:441
45631,CLE:266|IND:277|CHA:346|DET:351|WAS:425
45766,CLE:231|IND:281|DET:307|CHA:390|WAS:414
45741,CLE:281|IND:313|DET:369|CHA:395|WAS:440
45764,CLE:219|IND:269|DET:295|CHA:400|WAS:416
45710,CLE:251|IND:284|DET:328|CHA:388|WAS:418
45716,CLE:214|IND:264|DET:290|CHA:394|WAS:410
25520,CLE:277|IND:307|CHA:329|DET:379|WAS:409
45775,CLE:249|IND:293|DET:341|CHA:363|WAS:408
45620,CLE:256|IND:301|DET:352|CHA:356|WAS:415
25515,CLE:266|IND:295|CHA:343|DET:367|WAS:423
45780,CLE:221|IND:272|DET:297|CHA:384|WAS:401
45760,CLE:245|IND:294|DET:341|CHA:357|WAS:404
45719,CLE:221|IND:271|DET:297|CHA:385|WAS:402
25502,CLE:278|IND:308|CHA:327|DET:379|WAS:407
25503,CLE:273|IND:302|CHA:320|DET:374|WAS:400
25106,CLE:260|IND:289|CHA:330|DET:361|WAS:411
45782,CLE:219|IND:278|DET:304|CHA:399|WAS:413
45740,CLE:220|IND:276|DET:301|CHA:396|WAS:412
45761,CLE:234|IND:285|DET:311|CHA:398|WAS:406
45701,CLE:230|IND:280|DET:306|CHA:378|WAS:395
25550,CLE:249|IND:291|CHA:343|DET:362|WAS:409
25287,CLE:245|IND:300|DET:343|CHA:353|WAS:404
45769,CLE:242|IND:304|DET:329|CHA:361|WAS:401
25082,CLE:277|IND:305|CHA:317|DET:377|WAS:397
45776,CLE:244|IND:295|DET:320|CHA:372|WAS:404
25260,CLE:240|IND:302|DET:338|CHA:356|WAS:399
25187,CLE:273|IND:302|CHA:331|DET:374|WAS:412
25247,CLE:244|IND:306|DET:342|CHA:352|WAS:403
25265,CLE:252|IND:314|DET:350|CHA:356|WAS:411
45779,CLE:238|IND:308|DET:337|CHA:348|WAS:397
25253,CLE:242|IND:306|CHA:341|DET:359|WAS:402
45711,CLE:238|IND:301|DET:327|CHA:405|WAS:408
25070,CLE:279|CHA:312|IND:314|DET:386|WAS:393
25033,CLE:271|IND:316|CHA:323|DET:388|WAS:403
45720,CLE:222|IND:306|DET:334|CHA:351|WAS:382
45735,CLE:219|IND:293|DET:319|CHA:374|WAS:379
25213,CLE:275|CHA:300|IND:310|WAS:380|DET:382
45771,CLE:234|IND:311|CHA:339|DET:339|WAS:394
25123,CLE:262|IND:312|CHA:336|DET:383|WAS:416
43728,CLE:217|IND:303|DET:329|WAS:396|CHA:400
25264,CLE:228|IND:296|CHA:328|DET:365|WAS:388
45778,CLE:237|IND:302|DET:328|CHA:394|WAS:396
25168,CLE:271|CHA:311|IND:318|DET:390|WAS:391
25109,CLE:274|CHA:304|IND:318|WAS:384|DET:390
25239,CLE:244|IND:318|CHA:337|DET:381|WAS:404
45783,CLE:215|IND:303|DET:329|CHA:362|WAS:374
25262,CLE:224|IND:304|CHA:327|DET:361|WAS:384
45743,CLE:233|IND:323|CHA:352|DET:352|WAS:392
25011,CLE:279|CHA:304|IND:323|WAS:384|DET:395
45723,CLE:212|IND:301|DET:327|CHA:368|WAS:371
45772,CLE:217|IND:306|DET:331|CHA:363|WAS:376
45770,CLE:230|IND:320|CHA:335|DET:348|WAS:390
45724,CLE:218|IND:310|DET:336|WAS:377|CHA:381
25241,CLE:245|CHA:334|IND:334|DET:388|WAS:405
25159,CLE:278|CHA:328|IND:347|WAS:409|DET:419
25124,CLE:262|CHA:319|IND:346|WAS:395|DET:405
45739,CLE:208|IND:308|DET:334|CHA:365|WAS:367
25245,CLE:254|CHA:321|IND:347|DET:397|WAS:397
45742,CLE:203|IND:312|DET:338|WAS:362|CHA:366
26164,CLE:230|IND:334|CHA:346|DET:375|WAS:390
25271,CLE:228|CHA:309|IND:321|DET:371|WAS:385
45784,CLE:210|IND:327|DET:353|WAS:371|CHA:376
26181,CLE:201|IND:326|DET:346|WAS:360|CHA:363
26133,CLE:220|IND:349|CHA:359|DET:365|WAS:380
25320,CLE:243|CHA:291|IND:337|WAS:367|DET:386
25275,CLE:217|IND:324|CHA:331|DET:363|WAS:377
45714,CLE:205|IND:324|DET:350|WAS:367|CHA:371
25248,CLE:247|CHA:312|IND:341|WAS:388|DET:390
45729,CLE:207|IND:335|DET:353|WAS:382|CHA:386
25231,CLE:249|CHA:306|IND:343|WAS:383|DET:392
26101,CLE:199|IND:329|DET:345|CHA:358|WAS:358
26169,CLE:200|IND:333|CHA:339|DET:345|WAS:360
25244,CLE:256|CHA:346|IND:350|DET:399|WAS:405
26150,CLE:197|IND:334|CHA:340|DET:343|WAS:357
25252,CLE:246|IND:346|CHA:352|DET:389|WAS:397
26105,CLE:190|IND:329|DET:335|WAS:358|CHA:362
25243,CLE:282|CHA:340|IND:375|WAS:378|DET:425
26104,CLE:189|IND:329|DET:335|WAS:347|CHA:354
25270,CLE:247|CHA:352|IND:355|WAS:386|DET:393
26142,CLE:194|IND:334|DET:340|WAS:345|CHA:356
26187,CLE:178|DET:324|IND:327|WAS:352|CHA:361
45750,CLE:180|DET:326|IND:329|WAS:362|CHA:367
26160,CLE:227|IND:365|CHA:371|DET:373|WAS:380
25286,CLE:281|CHA:314|WAS:352|IND:371|DET:426
26143,CLE:215|IND:355|DET:361|WAS:366|CHA:367
26180,CLE:201|IND:340|WAS:343|DET:347|CHA:366
26184,CLE:192|DET:338|IND:341|WAS:341|CHA:366
25276,CLE:254|CHA:338|IND:356|WAS:362|DET:400
26134,CLE:196|DET:342|IND:345|WAS:345|CHA:378
45773,CLE:199|DET:345|IND:348|WAS:358|CHA:384
45768,CLE:207|DET:353|WAS:353|IND:356|CHA:386
25005,CLE:286|CHA:310|WAS:336|IND:366|DET:431
25259,CLE:283|CHA:335|WAS:362|IND:385|DET:429
26141,CLE:245|WAS:361|IND:384|CHA:390|DET:390
26161,CLE:220|WAS:346|IND:360|DET:366|CHA:381
25251,CLE:284|CHA:312|WAS:335|IND:369|DET:430
25164,CLE:309|CHA:331|WAS:348|IND:388|DET:452
26148,CLE:246|WAS:357|IND:385|DET:391|CHA:404
26151,CLE:260|WAS:361|CHA:373|IND:400|DET:406
26170,CLE:206|WAS:334|DET:352|IND:355|CHA:380
26152,CLE:255|WAS:362|CHA:392|IND:394|DET:400
26337,CLE:208|WAS:330|IND:347|DET:353|CHA:372
25266,CLE:305|CHA:329|WAS:340|IND:385|DET:450
26138,CLE:250|WAS:354|IND:389|DET:395|CHA:401
25234,CLE:287|WAS:356|CHA:363|IND:389|DET:433
25268,CLE:292|WAS:347|CHA:348|IND:394|DET:438
26136,CLE:258|WAS:353|CHA:382|IND:397|DET:403
25285,CLE:308|CHA:330|WAS:336|IND:387|DET:451
25261,CLE:274|WAS:341|CHA:353|IND:383|DET:419
25235,CLE:301|CHA:342|WAS:342|IND:399|DET:447
26147,CLE:257|WAS:333|CHA:367|IND:396|DET:403
26346,CLE:221|WAS:326|IND:361|DET:367|CHA:386
26362,CLE:225|WAS:329|IND:365|DET:371|CHA:390
26137,CLE:262|WAS:341|CHA:383|IND:401|DET:407
25113,CLE:306|WAS:326|CHA:327|IND:384|DET:449
26146,CLE:229|WAS:368|DET:375|IND:378|CHA:403
26178,CLE:249|WAS:323|CHA:375|IND:388|DET:394
25141,CLE:306|WAS:327|CHA:328|IND:385|DET:450
26638,CLE:302|WAS:349|CHA:350|IND:406|DET:448
26636,CLE:296|WAS:336|CHA:340|IND:409|DET:442
25267,CLE:281|WAS:318|CHA:354|IND:394|DET:426
26327,CLE:240|WAS:325|IND:379|CHA:385|DET:385
26415,CLE:228|WAS:318|IND:367|DET:373|CHA:392
26421,CLE:238|WAS:331|IND:378|DET:384|CHA:399
25063,CLE:314|CHA:323|WAS:323|IND:393|DET:457
26325,CLE:254|WAS:328|CHA:388|IND:394|DET:400
26149,CLE:234|WAS:334|DET:380|IND:383|CHA:407
26623,WAS:312|CHA:313|CLE:313|IND:391|DET:456
26342,CLE:265|WAS:312|CHA:365|IND:405|DET:411
26351,CLE:278|WAS:305|CHA:347|IND:412|DET:424
26611,CLE:294|WAS:304|CHA:344|IND:419|DET:440
26624,CLE:319|WAS:327|CHA:336|IND:425|DET:464
26320,CLE:248|WAS:321|IND:387|DET:393|CHA:412
26456,CLE:249|WAS:320|IND:388|DET:394|CHA:409
26430,CLE:294|WAS:294|CHA:336|IND:426|DET:439
26443,CLE:262|WAS:304|CHA:366|IND:401|DET:407
26615,WAS:292|CLE:300|CHA:334|IND:425|DET:446
26411,CLE:253|WAS:321|CHA:389|IND:393|DET:399
26384,CLE:273|WAS:295|CHA:347|IND:413|DET:419
26436,CLE:237|WAS:302|IND:376|DET:382|CHA:393
26619,WAS:299|CLE:310|CHA:318|IND:408|DET:460
26321,CLE:270|WAS:290|CHA:359|IND:410|DET:416
26335,WAS:283|CLE:293|CHA:325|IND:415|DET:444
26377,CLE:282|WAS:338|DET:427|IND:433|CHA:441
26338,CLE:277|WAS:292|CHA:370|IND:417|DET:423
26339,CLE:275|WAS:324|IND:414|CHA:415|DET:420
26412,WAS:291|CLE:302|CHA:336|IND:426|DET:452
26426,CLE:244|WAS:290|CHA:382|IND:384|DET:390
26348,CLE:299|WAS:333|CHA:430|IND:439|DET:444
26452,WAS:277|CLE:287|CHA:352|IND:426|DET:432
26448,CLE:282|WAS:301|CHA:398|IND:421|DET:428
26378,CLE:272|WAS:274|CHA:354|IND:419|DET:422
26422,CLE:252|WAS:283|CHA:374|IND:392|DET:398
26451,CLE:262|WAS:277|CHA:357|IND:401|DET:408
26386,CLE:271|WAS:288|CHA:385|IND:415|DET:421
26301,CLE:258|WAS:279|CHA:370|IND:398|DET:404
26385,CLE:259|WAS:270|CHA:350|DET:410|IND:410
26463,CLE:268|WAS:285|CHA:396|DET:416|IND:421
26366,CLE:259|WAS:276|CHA:373|IND:406|DET:410
26369,CLE:258|WAS:274|CHA:371|IND:399|DET:405
26361,CLE:259|WAS:276|CHA:372|IND:405|DET:410
26438,CLE:256|WAS:273|CHA:370|IND:404|DET:407
26572,CLE:251|WAS:272|CHA:390|DET:397|IND:402
26408,CLE:265|WAS:281|CHA:366|DET:415|IND:416
26404,CLE:258|WAS:275|CHA:371|DET:409|IND:412
26591,CLE:258|WAS:275|CHA:387|DET:409|IND:416
26323,CLE:253|WAS:270|CHA:360|DET:404|IND:405
26431,CLE:254|WAS:271|CHA:377|DET:405|IND:409
26568,CLE:250|WAS:267|CHA:378|DET:400|IND:411
26563,CLE:253|WAS:270|CHA:388|DET:403|IND:408
26576,CLE:252|WAS:269|CHA:388|DET:401|IND:406
26330,CLE:253|WAS:270|CHA:369|DET:403|IND:409
26554,CLE:242|WAS:258|CHA:385|DET:392|IND:423
43347,DET:176|CLE:188|IND:206|CHI:346|TOR:413
43360,CLE:177|DET:193|IND:194|CHI:351|TOR:430
43047,CLE:177|IND:181|DET:203|CHI:361|TOR:440
43336,CLE:166|IND:192|DET:198|CHI:356|TOR:435
43319,CLE:167|IND:192|DET:196|CHI:353|TOR:432
43060,CLE:170|IND:187|DET:207|CHI:365|TOR:444
43084,CLE:174|IND:185|DET:217|CHI:374|TOR:453
43044,IND:172|CLE:176|DET:222|CHI:372|TOR:459
43358,CLE:177|DET:186|IND:208|CHI:358|TOR:422
43067,CLE:168|DET:192|IND:203|CHI:359|TOR:428
43045,CLE:160|IND:180|DET:206|CHI:369|TOR:443
43029,CLE:168|IND:182|DET:218|CHI:382|TOR:455
43140,IND:173|CLE:178|DET:238|CHI:373|CHA:468
43007,CLE:161|DET:187|IND:198|CHI:360|TOR:424
43040,CLE:154|IND:192|DET:197|CHI:365|TOR:434
43344,CLE:159|DET:188|IND:214|CHI:361|TOR:425
43077,CLE:163|IND:190|DET:214|CHI:379|TOR:451
43162,CLE:168|IND:176|DET:231|CHI:376|TOR:468
43143,CLE:183|IND:199|DET:259|CHI:399|CHA:448
43064,CLE:158|IND:188|DET:214|CHI:381|TOR:451
43036,CLE:149|DET:194|IND:204|CHI:371|TOR:431
43117,CLE:174|IND:198|DET:250|CHI:398|CHA:448
43119,CLE:166|IND:188|DET:235|CHI:388|CHA:469
43061,CLE:143|DET:198|IND:202|CHI:376|TOR:435
43342,CLE:145|DET:179|IND:218|CHI:365|TOR:416
43026,CLE:162|IND:192|DET:229|CHI:392|TOR:466
43066,CLE:145|DET:187|IND:216|CHI:372|TOR:424
43002,CLE:153|IND:193|DET:222|CHI:389|TOR:458
43126,CLE:169|IND:197|DET:246|CHI:397|CHA:454
43016,CLE:147|IND:197|DET:214|CHI:380|TOR:451
43146,CLE:177|IND:209|DET:253|CHI:409|CHA:449
43017,CLE:148|IND:200|DET:214|CHI:384|TOR:451
43228,CLE:162|IND:191|DET:234|CHI:391|CHA:466
43164,CLE:200|IND:211|DET:275|CHI:418|CHA:431
43123,CLE:167|IND:201|DET:240|CHI:401|CHA:456
43065,CLE:147|DET:203|IND:208|CHI:388|TOR:439
43204,CLE:157|IND:190|DET:230|CHI:390|CHA:463
43235,CLE:146|IND:202|DET:222|CHI:390|TOR:451
43221,CLE:152|IND:198|DET:227|CHI:394|TOR:457
43220,CLE:148|IND:201|DET:222|CHI:397|TOR:453
43116,CLE:173|IND:210|DET:249|CHI:410|CHA:440
43015,CLE:130|DET:187|IND:209|CHI:372|TOR:423
43212,CLE:152|IND:192|DET:227|CHI:392|TOR:457
43356,CLE:133|DET:175|IND:228|CHI:360|TOR:412
43222,CLE:156|IND:190|DET:231|CHI:390|WAS:460
43223,CLE:158|IND:197|DET:234|CHI:397|CHA:456
43210,CLE:145|IND:196|DET:221|CHI:396|TOR:450
43214,CLE:141|IND:202|DET:217|CHI:393|TOR:446
43202,CLE:142|IND:202|DET:218|CHI:398|TOR:447
43085,CLE:138|IND:204|DET:214|CHI:391|TOR:443
43215,CLE:150|IND:191|DET:226|CHI:391|TOR:455
43201,CLE:144|IND:195|DET:220|CHI:395|TOR:449
43035,CLE:137|DET:205|IND:213|CHI:391|TOR:442
43137,CLE:169|IND:206|DET:244|CHI:406|CHA:439
43240,CLE:133|IND:206|DET:209|CHI:394|TOR:438
43229,CLE:135|IND:206|DET:212|CHI:394|TOR:441
43206,CLE:152|IND:199|DET:228|CHI:399|WAS:449
43211,CLE:142|IND:200|DET:219|CHI:400|TOR:448
43003,CLE:127|DET:183|IND:226|CHI:368|TOR:420
43203,CLE:146|IND:199|DET:222|CHI:399|TOR:451
43224,CLE:143|IND:207|DET:219|CHI:401|TOR:448
43207,CLE:159|IND:204|DET:235|CHI:404|CHA:452
43113,CLE:189|IND:227|DET:264|CHA:417|CHI:427
43205,CLE:149|IND:200|DET:225|CHI:400|WAS:447
43032,CLE:126|DET:196|IND:219|CHI:381|TOR:431
43231,CLE:142|IND:211|DET:218|CHI:399|TOR:447
43103,CLE:181|IND:222|DET:257|CHI:422|CHA:439
43217,CLE:166|IND:211|DET:242|CHI:411|CHA:449
43209,CLE:154|IND:206|DET:230|CHI:406|WAS:448
43218,CLE:147|IND:206|DET:223|CHI:404|TOR:453
43219,CLE:147|IND:203|DET:224|CHI:403|WAS:451
43081,CLE:145|IND:214|DET:221|CHI:402|TOR:450
43125,CLE:166|IND:212|DET:242|CHI:412|CHA:447
43227,CLE:157|IND:211|DET:233|CHI:411|WAS:443
43082,CLE:139|DET:214|IND:218|CHI:400|TOR:444
43021,CLE:130|DET:208|IND:221|CHI:393|TOR:435
43315,CLE:124|DET:193|IND:242|CHI:379|TOR:429
43230,CLE:145|IND:207|DET:222|CHI:402|TOR:451
43232,CLE:150|IND:209|DET:226|CHI:407|WAS:439
43213,CLE:152|IND:211|DET:229|CHI:409|WAS:446
43074,CLE:121|DET:205|IND:222|CHI:390|TOR:427
43109,CLE:155|IND:213|DET:232|CHI:412|WAS:440
43154,CLE:190|IND:238|DET:266|CHA:433|CHI:438
43321,CLE:117|DET:195|IND:232|CHI:381|TOR:422
43136,CLE:170|IND:221|DET:247|CHI:421|CHA:444
43004,CLE:154|IND:214|DET:230|CHI:411|WAS:451
43054,CLE:151|IND:220|DET:227|CHI:408|WAS:452
43110,CLE:168|IND:218|DET:244|CHI:418|CHA:442
43334,CLE:118|DET:195|IND:228|CHI:381|TOR:423
43068,CLE:158|IND:217|DET:234|CHI:415|WAS:439
43156,CLE:197|IND:244|DET:273|CHA:426|CHI:446
43102,CLE:197|IND:246|DET:273|CHA:443|CHI:446
43147,CLE:163|IND:220|DET:239|CHI:420|WAS:441
43350,CLE:116|DET:203|IND:234|CHI:388|TOR:421
43112,CLE:168|IND:218|DET:244|CHI:418|CHA:437
43013,CLE:135|DET:222|IND:233|CHI:407|TOR:440
43062,CLE:160|IND:228|DET:239|CHI:420|WAS:440
43317,CLE:106|DET:203|IND:238|CHI:388|TOR:411
43011,CLE:130|DET:216|IND:238|CHI:402|TOR:435
43018,CLE:162|IND:219|DET:238|CHI:419|WAS:431
43031,CLE:141|DET:220|IND:226|CHI:405|TOR:446
43130,CLE:187|IND:237|DET:263|CHA:425|CHI:437
43001,CLE:146|IND:224|DET:225|CHI:410|WAS:438
43105,CLE:175|IND:233|DET:252|CHI:432|WAS:435
43033,CLE:162|IND:223|DET:241|CHI:422|WAS:426
43149,CLE:199|IND:249|DET:275|CHA:417|WAS:433
43157,CLE:174|IND:235|DET:253|WAS:432|CHI:435
43046,CLE:169|IND:231|DET:248|WAS:427|CHI:430
43155,CLE:188|IND:239|DET:265|CHA:417|WAS:434
43023,CLE:157|IND:233|DET:237|CHI:421|WAS:438
43027,CLE:130|DET:228|IND:240|CHI:414|TOR:435
43025,CLE:165|IND:231|DET:244|CHI:428|WAS:428
43148,CLE:183|IND:244|DET:262|WAS:438|CHA:444
43050,CLE:116|DET:223|IND:253|CHI:409|TOR:421
43008,CLE:162|IND:230|DET:247|WAS:420|CHI:429
43080,CLE:132|DET:236|IND:243|CHI:422|TOR:438
43107,CLE:198|IND:253|DET:279|CHA:430|WAS:446
43138,CLE:200|IND:251|DET:277|CHA:406|WAS:422
43150,CLE:190|IND:249|DET:273|CHA:436|WAS:438
43030,CLE:160|IND:235|DET:249|WAS:419|CHI:433
43076,CLE:172|IND:240|DET:257|WAS:423|CHI:439
43055,CLE:156|IND:244|DET:248|CHI:432|WAS:435
43071,CLE:147|DET:250|IND:254|CHI:436|WAS:445
43022,CLE:134|DET:241|IND:269|CHI:427|TOR:439
43056,CLE:167|IND:251|DET:255|WAS:426|CHI:439
43037,CLE:136|DET:242|IND:257|CHI:429|TOR:441
43748,CLE:206|IND:269|DET:295|CHA:433|WAS:449
43028,CLE:119|DET:225|IND:268|CHI:413|TOR:425
43739,CLE:183|IND:252|DET:270|WAS:423|CHI:452
43783,CLE:187|IND:259|DET:275|WAS:427|CHA:446
43005,CLE:138|DET:245|IND:259|CHI:430|TOR:443
43721,CLE:167|IND:240|DET:255|WAS:408|CHI:439
43766,CLE:223|IND:274|DET:300|CHA:420|WAS:436
43014,CLE:113|DET:218|IND:274|CHI:406|TOR:418
43111,CLE:212|IND:262|DET:288|CHA:400|WAS:416
43740,CLE:171|IND:243|DET:259|WAS:406|CHA:440
43782,CLE:221|IND:285|DET:310|CHA:429|WAS:445
43144,CLE:224|IND:274|DET:300|CHA:404|WAS:420
43760,CLE:187|IND:256|DET:274|WAS:421|CHA:455
43746,CLE:179|IND:251|DET:267|WAS:414|CHA:448
43764,CLE:198|IND:273|DET:289|CHA:430|WAS:431
43843,CLE:134|DET:240|IND:275|CHI:427|WAS:438
43822,CLE:160|DET:267|IND:272|WAS:441|CHI:452
43006,CLE:123|DET:230|IND:285|CHI:418|TOR:428
43761,CLE:197|IND:277|DET:297|CHA:422|WAS:431
43738,CLE:179|IND:260|DET:277|WAS:412|CHA:446
43830,CLE:165|IND:254|DET:258|WAS:415|CHI:442
43735,CLE:175|IND:262|DET:279|WAS:409|CHA:443
43777,CLE:186|IND:278|DET:295|WAS:420|CHA:450
43730,CLE:201|IND:284|DET:301|CHA:417|WAS:432
43791,CLE:172|IND:266|DET:283|WAS:405|CHA:439
45732,CLE:215|IND:285|DET:311|CHA:406|WAS:420
43731,CLE:194|IND:287|DET:304|WAS:427|CHA:439
43844,CLE:146|DET:252|IND:287|WAS:434|CHI:440
44637,CLE:112|DET:232|IND:293|TOR:417|CHI:419
43842,CLE:151|IND:258|DET:262|WAS:416|CHI:446
43821,CLE:155|IND:263|DET:266|WAS:420|CHI:450
43701,CLE:162|IND:256|DET:272|WAS:396|CHA:430
43805,CLE:121|DET:241|IND:291|TOR:427|WAS:428
43758,CLE:212|IND:314|DET:330|WAS:432|CHA:436
43771,CLE:194|IND:291|DET:307|WAS:427|CHA:448
43811,CLE:154|IND:269|DET:273|WAS:430|TOR:454
43734,CLE:177|IND:273|DET:290|WAS:410|CHA:433
43812,CLE:135|DET:262|IND:272|WAS:413|TOR:435
43720,CLE:197|IND:293|DET:310|WAS:430|CHA:442
43802,CLE:165|IND:281|DET:288|WAS:406|CHA:440
43767,CLE:156|IND:276|DET:293|WAS:391|CHA:425
43787,CLE:212|IND:320|DET:337|WAS:399|CHA:403
43727,CLE:171|IND:282|DET:299|WAS:406|CHA:417
43756,CLE:179|IND:303|DET:320|WAS:408|CHA:412
43824,CLE:127|DET:262|IND:291|WAS:420|TOR:430
43804,CLE:113|DET:250|IND:300|TOR:416|WAS:426
43762,CLE:157|IND:287|DET:299|WAS:396|CHA:430
43845,CLE:125|DET:270|IND:288|WAS:403|TOR:425
43836,CLE:135|DET:278|IND:287|WAS:399|CHA:432
43732,CLE:156|IND:290|DET:302|WAS:393|CHA:401
45786,CLE:191|IND:328|DET:337|WAS:378|CHA:382
45715,CLE:196|IND:340|DET:342|WAS:409|CHA:413
43840,CLE:115|DET:260|IND:309|WAS:407|TOR:415
43725,CLE:135|DET:280|IND:283|WAS:376|CHA:409
45721,CLE:189|IND:328|DET:335|WAS:384|CHA:389
43832,CLE:115|DET:261|IND:294|WAS:393|TOR:416
43711,CLE:151|DET:297|IND:300|WAS:388|CHA:396
43749,CLE:125|DET:270|IND:293|WAS:382|CHA:415
43717,CLE:146|DET:291|IND:294|WAS:382|CHA:386
43723,CLE:136|DET:282|IND:285|WAS:373|CHA:401
43733,CLE:139|DET:285|IND:288|WAS:376|CHA:397
43772,CLE:154|DET:299|IND:302|WAS:390|CHA:412
43722,CLE:138|DET:284|IND:287|WAS:375|CHA:397
43750,CLE:143|DET:289|IND:292|WAS:380|CHA:409
43724,CLE:158|DET:303|IND:306|WAS:387|CHA:391
45744,CLE:184|DET:329|IND:332|WAS:381|CHA:386
45727,CLE:160|DET:306|IND:309|WAS:373|CHA:378
43837,CLE:125|DET:271|IND:309|WAS:400|TOR:425
44629,CLE:116|DET:262|IND:305|WAS:399|TOR:416
45746,CLE:174|DET:320|IND:323|WAS:387|CHA:392
44663,CLE:100|DET:246|IND:317|TOR:400|WAS:401
43768,CLE:138|DET:283|IND:285|WAS:361|CHA:410
43780,CLE:146|DET:292|IND:295|WAS:376|CHA:405
43755,CLE:145|DET:291|IND:293|WAS:369|CHA:417
43779,CLE:163|DET:309|IND:312|WAS:398|CHA:404
44682,CLE:110|DET:255|IND:312|WAS:396|TOR:410
45788,CLE:184|DET:329|IND:332|WAS:377|CHA:381
44653,CLE:102|DET:247|IND:318|WAS:394|TOR:402
43778,CLE:148|DET:294|IND:296|WAS:366|CHA:420
43788,CLE:170|DET:316|IND:319|WAS:382|CHA:404
45745,CLE:188|DET:334|IND:337|WAS:392|CHA:397
44683,CLE:115|DET:261|IND:324|WAS:395|TOR:416
43773,CLE:153|DET:298|IND:301|WAS:363|CHA:425
44699,CLE:132|DET:277|IND:331|WAS:388|TOR:432
44621,CLE:121|DET:266|IND:330|WAS:396|TOR:421
43786,CLE:179|DET:324|IND:327|WAS:395|CHA:404
43973,CLE:144|DET:289|IND:311|WAS:373|CHA:434
45789,CLE:200|DET:345|IND:348|WAS:371|CHA:393
43754,CLE:179|DET:325|IND:328|WAS:383|CHA:413
43736,CLE:149|DET:295|IND:297|WAS:350|CHA:421
44639,CLE:120|DET:266|IND:330|WAS:389|TOR:407
43983,CLE:154|DET:300|IND:316|WAS:367|CHA:440
45734,CLE:196|DET:341|IND:344|WAS:383|CHA:405
44693,CLE:129|DET:275|IND:329|WAS:379|TOR:426
43713,CLE:162|DET:308|IND:310|WAS:355|CHA:434
44695,CLE:125|DET:271|IND:334|WAS:385|TOR:408
45767,CLE:211|DET:357|IND:360|WAS:370|CHA:402
43985,CLE:152|DET:297|IND:318|WAS:358|TOR:428
43747,CLE:182|DET:327|IND:329|WAS:374|CHA:432
43977,CLE:156|DET:302|IND:320|WAS:355|TOR:434
43988,CLE:131|DET:276|IND:340|WAS:377|TOR:403
43793,CLE:199|DET:345|IND:347|WAS:374|CHA:435
43719,CLE:170|DET:315|IND:317|WAS:351|TOR:441
43759,CLE:159|DET:305|IND:307|WAS:342|CHA:431
43907,CLE:137|DET:282|IND:329|WAS:357|TOR:413
43716,CLE:202|DET:347|IND:349|WAS:379|CHA:452
43951,CLE:161|DET:306|IND:316|WAS:343|TOR:434
43718,CLE:170|DET:316|IND:318|WAS:352|CHA:442
43981,CLE:145|DET:290|IND:327|WAS:349|TOR:420
43986,CLE:145|DET:290|IND:347|WAS:371|TOR:406
43946,CLE:216|WAS:353|DET:361|IND:364|CHA:412
26175,CLE:218|WAS:349|DET:364|IND:367|CHA:392
43972,CLE:159|DET:305|IND:315|WAS:339|TOR:430
43903,CLE:135|DET:290|IND:361|WAS:374|TOR:391
43914,CLE:205|DET:350|IND:352|WAS:363|CHA:433
43902,CLE:202|DET:348|IND:350|WAS:374|CHA:464
43967,CLE:170|DET:315|IND:318|WAS:339|TOR:429
26159,CLE:224|WAS:341|DET:369|IND:372|CHA:397
43915,CLE:208|DET:353|IND:355|WAS:359|CHA:429
43950,CLE:165|DET:310|IND:322|WAS:340|TOR:431
43976,CLE:152|DET:298|IND:348|WAS:367|TOR:404
43933,CLE:195|DET:341|IND:343|WAS:359|TOR:451
43974,CLE:151|DET:296|IND:335|WAS:345|TOR:425
43928,CLE:177|DET:323|IND:329|WAS:346|TOR:437
43931,CLE:219|WAS:340|DET:364|IND:370|CHA:411
43901,CLE:153|DET:299|IND:343|WAS:353|TOR:420
43925,CLE:144|DET:298|WAS:361|IND:363|TOR:391
43942,CLE:210|DET:355|WAS:358|IND:361|CHA:446
43905,CLE:166|DET:311|IND:329|WAS:338|TOR:429
43940,CLE:177|DET:323|IND:330|WAS:340|TOR:430
43910,CLE:156|DET:301|IND:351|WAS:361|TOR:406
43909,CLE:169|DET:315|IND:321|WAS:333|TOR:423
43906,CLE:190|DET:335|IND:342|WAS:345|TOR:435
43939,CLE:163|DET:309|IND:342|WAS:347|TOR:426
43934,CLE:169|DET:314|IND:322|WAS:330|TOR:420
43917,CLE:176|DET:322|IND:355|WAS:361|TOR:430
43912,CLE:170|DET:316|IND:332|WAS:339|TOR:429
43947,CLE:196|DET:341|WAS:346|IND:347|TOR:436
43948,CLE:158|DET:303|WAS:349|IND:353|TOR:408
26055,CLE:216|WAS:349|DET:361|IND:367|CHA:432
43944,CLE:151|DET:302|WAS:353|IND:356|TOR:388
26162,CLE:241|WAS:337|DET:386|IND:392|CHA:426
26155,CLE:238|WAS:321|DET:384|IND:390|CHA:423
43935,CLE:178|DET:324|IND:336|WAS:338|TOR:422
43943,CLE:172|DET:317|IND:351|WAS:351|TOR:422
26040,CLE:179|DET:325|WAS:327|IND:330|TOR:417
26038,CLE:184|DET:329|WAS:331|IND:335|TOR:422
26167,CLE:251|WAS:335|DET:397|IND:403|CHA:437
43971,CLE:172|DET:317|IND:334|WAS:336|TOR:412
26031,CLE:181|WAS:326|DET:327|IND:332|TOR:417
26041,CLE:194|WAS:329|DET:340|IND:345|TOR:433
43953,CLE:161|DET:307|WAS:352|IND:357|TOR:397
43963,CLE:175|DET:320|IND:336|WAS:338|TOR:410
43938,CLE:165|DET:314|WAS:339|IND:357|TOR:400
26039,CLE:208|WAS:325|DET:354|IND:359|TOR:448
43952,CLE:151|DET:301|WAS:343|IND:358|TOR:387
43964,CLE:142|DET:293|WAS:351|IND:366|TOR:379
26058,CLE:176|DET:326|WAS:338|IND:342|TOR:410
26030,CLE:167|DET:318|WAS:330|IND:342|TOR:402
26003,CLE:185|WAS:324|DET:331|IND:337|TOR:414
26075,CLE:178|DET:328|WAS:335|IND:345|TOR:413
43913,CLE:166|DET:317|WAS:329|IND:348|TOR:401
26419,CLE:262|WAS:325|DET:407|IND:413|CHA:449
26059,CLE:185|WAS:315|DET:331|IND:336|TOR:405
26074,CLE:179|WAS:324|DET:330|IND:345|TOR:412
26037,CLE:157|DET:307|WAS:335|IND:362|TOR:391
26070,CLE:171|DET:322|WAS:328|IND:358|TOR:406
26033,CLE:207|WAS:308|DET:353|IND:358|CHA:432
26581,CLE:245|WAS:313|DET:391|IND:397|CHA:437
26062,CLE:146|DET:297|WAS:343|IND:366|TOR:383
26036,CLE:203|WAS:329|DET:348|IND:354|TOR:419
26035,CLE:161|DET:312|WAS:333|IND:367|TOR:394
26032,CLE:181|WAS:329|DET:332|IND:351|TOR:414
26060,CLE:190|WAS:310|DET:336|IND:342|TOR:400
26437,CLE:271|WAS:298|DET:417|CHA:418|IND:422
15310,CLE:227|WAS:312|DET:372|IND:378|CHA:436
15376,CLE:190|WAS:308|DET:338|IND:344|TOR:398
15380,CLE:219|WAS:319|DET:364|IND:370|TOR:442
15377,CLE:214|WAS:315|DET:360|IND:366|TOR:422
26562,CLE:241|WAS:298|DET:387|IND:393|CHA:422
15021,CLE:161|DET:312|WAS:344|TOR:386|IND:387
15312,CLE:177|WAS:310|DET:328|IND:367|TOR:396
26585,CLE:240|WAS:284|DET:386|IND:391|CHA:408
15379,CLE:176|WAS:306|DET:327|IND:366|TOR:394
26575,CLE:241|WAS:298|DET:387|IND:392|CHA:422
15323,CLE:187|WAS:305|DET:338|IND:348|TOR:395
15352,CLE:235|WAS:296|DET:381|IND:386|CHA:424
15054,CLE:158|DET:308|WAS:321|TOR:379|IND:384
15365,CLE:187|WAS:304|DET:337|IND:358|TOR:395
15078,CLE:156|DET:307|WAS:321|TOR:378|IND:383
15004,CLE:158|DET:309|WAS:317|TOR:380|IND:381
26582,CLE:246|WAS:273|DET:392|CHA:397|IND:397
15337,CLE:217|WAS:302|DET:368|IND:381|TOR:425
15053,CLE:150|DET:301|WAS:324|TOR:372|IND:381
15341,CLE:228|WAS:296|DET:379|IND:387|CHA:435
15019,CLE:146|DET:297|WAS:323|TOR:368|IND:386
15340,CLE:157|DET:308|WAS:308|IND:376|TOR:376
26590,CLE:237|WAS:283|DET:388|IND:397|CHA:412
15353,CLE:203|WAS:288|DET:354|IND:374|TOR:411
26587,CLE:247|WAS:267|CHA:391|DET:392|IND:398
15060,CLE:146|DET:297|WAS:320|TOR:368|IND:388
15126,CLE:140|DET:291|WAS:328|TOR:362|IND:388
15364,CLE:208|WAS:286|DET:358|IND:378|TOR:415
15329,CLE:198|WAS:286|DET:349|IND:371|TOR:406
15359,CLE:215|WAS:283|DET:366|IND:386|TOR:423
15378,CLE:157|WAS:304|DET:308|IND:375|TOR:376
15316,CLE:228|WAS:282|DET:379|IND:406|CHA:429
15361,CLE:155|DET:305|WAS:314|TOR:372|IND:385
26571,CLE:253|WAS:270|CHA:394|DET:402|IND:408
15301,CLE:174|WAS:288|DET:325|IND:360|TOR:382
15057,CLE:148|DET:299|WAS:312|TOR:365|IND:383
26570,CLE:247|WAS:291|DET:398|IND:421|CHA:423
26521,CLE:226|WAS:272|DET:377|IND:401|CHA:420
15347,CLE:166|WAS:293|DET:316|IND:364|TOR:373
15342,CLE:166|WAS:298|DET:317|IND:369|TOR:374
15362,CLE:222|WAS:276|DET:372|IND:409|CHA:424
15082,CLE:151|DET:302|WAS:319|TOR:362|IND:391
15350,CLE:156|WAS:305|DET:307|TOR:366|IND:376
15363,CLE:163|WAS:298|DET:314|IND:369|TOR:371
15071,CLE:143|DET:293|WAS:319|TOR:354|IND:393
15321,CLE:153|DET:304|WAS:313|TOR:363|IND:384
15370,CLE:207|WAS:273|DET:357|IND:396|TOR:415
15311,CLE:189|WAS:272|DET:339|IND:378|TOR:397
15275,CLE:138|DET:289|WAS:317|TOR:351|IND:396
26574,CLE:247|WAS:271|CHA:395|DET:398|IND:414
26559,CLE:243|WAS:260|CHA:384|DET:394|IND:411
15317,CLE:159|WAS:304|DET:310|TOR:367|IND:375
26544,CLE:224|WAS:265|DET:375|IND:407|CHA:415
15031,CLE:151|DET:302|WAS:314|TOR:360|IND:385
15064,CLE:155|DET:306|WAS:318|TOR:360|IND:389
26588,CLE:252|WAS:276|CHA:400|DET:403|IND:430
26560,CLE:242|WAS:266|CHA:390|DET:393|IND:420
15017,CLE:156|DET:307|WAS:317|TOR:360|IND:389
26541,CLE:232|WAS:266|DET:382|CHA:415|IND:420
15055,CLE:155|WAS:305|DET:306|TOR:364|IND:380
15142,CLE:151|DET:302|WAS:315|TOR:355|IND:389
26586,CLE:250|WAS:267|CHA:397|DET:401|IND:433
15106,CLE:149|DET:299|WAS:313|TOR:354|IND:397
15345,CLE:197|WAS:283|DET:348|IND:387|TOR:405
15136,CLE:144|DET:295|WAS:314|TOR:345|IND:402
15205,CLE:151|DET:301|WAS:314|TOR:348|IND:403
15330,CLE:174|WAS:285|DET:325|IND:373|TOR:382
15241,CLE:165|WAS:306|DET:315|TOR:366|IND:390
15360,CLE:184|WAS:279|DET:334|IND:379|TOR:392
15243,CLE:158|DET:308|WAS:313|TOR:358|IND:394
15346,CLE:202|WAS:273|DET:352|IND:391|TOR:409
15349,CLE:216|WAS:257|DET:367|IND:405|CHA:406
15324,CLE:186|WAS:284|DET:337|IND:382|TOR:394
15204,CLE:154|DET:305|WAS:305|TOR:351|IND:406
15367,CLE:172|WAS:296|DET:323|TOR:380|IND:391
15322,CLE:209|WAS:287|DET:359|IND:397|TOR:417
15344,CLE:203|WAS:272|DET:354|IND:392|TOR:411
15220,CLE:148|DET:299|WAS:302|TOR:349|IND:398
15228,CLE:159|WAS:309|DET:310|TOR:360|IND:398
15102,CLE:170|WAS:300|DET:320|TOR:370|IND:395
26501,CLE:221|WAS:249|DET:371|CHA:399|IND:410
15216,CLE:156|DET:306|WAS:306|TOR:353|IND:401
15233,CLE:148|DET:299|WAS:301|TOR:346|IND:406
15313,CLE:191|WAS:274|DET:341|IND:386|TOR:399
26546,CLE:220|WAS:249|DET:371|CHA:398|IND:410
15331,CLE:187|WAS:280|DET:338|IND:384|TOR:395
15290,CLE:149|DET:300|WAS:302|TOR:347|IND:410
15234,CLE:164|WAS:306|DET:314|TOR:362|IND:401
15314,CLE:182|WAS:282|DET:333|IND:380|TOR:390
15211,CLE:152|WAS:299|DET:303|TOR:349|IND:406
15214,CLE:145|DET:295|WAS:303|TOR:342|IND:412
15226,CLE:158|WAS:305|DET:309|TOR:356|IND:405
15333,CLE:199|WAS:271|DET:350|IND:395|TOR:407
15358,CLE:193|WAS:270|DET:344|IND:388|TOR:401
26543,CLE:220|WAS:250|DET:371|CHA:399|TOR:428
26534,CLE:217|WAS:246|DET:368|CHA:395|TOR:425
15348,CLE:203|WAS:270|DET:353|IND:398|TOR:407
15129,CLE:173|WAS:289|DET:324|TOR:370|IND:394
15212,CLE:145|DET:296|WAS:300|TOR:342|IND:408
15332,CLE:177|WAS:286|DET:327|TOR:379|IND:390
15222,CLE:148|DET:299|WAS:299|TOR:346|IND:409
15282,CLE:147|WAS:296|DET:298|TOR:345|IND:408
15368,CLE:200|WAS:266|DET:351|IND:396|TOR:403
15320,CLE:211|WAS:264|DET:362|TOR:419|CHA:423
15210,CLE:156|WAS:302|DET:306|TOR:353|IND:410
15219,CLE:146|WAS:296|DET:297|TOR:344|IND:408
15338,CLE:219|WAS:263|DET:370|CHA:426|TOR:427
15315,CLE:222|WAS:255|DET:373|CHA:416|TOR:430
15357,CLE:217|WAS:281|DET:368|IND:406|TOR:424
15236,CLE:166|WAS:300|DET:316|TOR:363|IND:406
15203,CLE:152|WAS:296|DET:302|TOR:349|IND:411
15450,CLE:212|WAS:273|DET:363|IND:412|TOR:412
15366,CLE:189|WAS:282|DET:340|IND:387|TOR:391
15227,CLE:167|WAS:306|DET:317|TOR:364|IND:411
15427,CLE:196|WAS:273|DET:347|IND:394|TOR:403
26506,CLE:221|WAS:244|DET:372|CHA:400|TOR:429
15209,CLE:152|WAS:300|DET:302|TOR:349|IND:419
15327,CLE:221|WAS:251|DET:372|CHA:413|TOR:429
15334,CLE:216|WAS:257|DET:367|CHA:419|TOR:424
15213,CLE:150|WAS:294|DET:301|TOR:348|IND:409
15325,CLE:214|WAS:273|DET:364|IND:403|TOR:421
15067,CLE:183|WAS:285|DET:333|TOR:386|IND:389
15260,CLE:153|WAS:294|DET:304|TOR:351|IND:413
15020,CLE:190|WAS:291|DET:341|TOR:389|IND:403
15433,CLE:214|WAS:272|DET:364|IND:413|TOR:414
15224,CLE:152|WAS:296|DET:303|TOR:350|IND:415
26505,CLE:225|WAS:239|DET:376|CHA:400|NYK:429
15429,CLE:200|WAS:263|DET:351|IND:399|TOR:400
15201,CLE:155|WAS:297|DET:306|TOR:353|IND:418
15022,CLE:191|WAS:272|DET:341|IND:388|TOR:394
15123,CLE:170|WAS:295|DET:320|TOR:367|IND:403
15207,CLE:160|WAS:297|DET:311|TOR:358|IND:413
15447,CLE:209|WAS:264|DET:359|IND:408|TOR:409
15232,CLE:155|WAS:292|DET:306|TOR:352|IND:415
15351,CLE:217|WAS:269|DET:368|TOR:425|CHA:431
15423,CLE:195|WAS:276|DET:345|IND:392|TOR:402
15038,CLE:185|WAS:287|DET:336|TOR:383|IND:395
15476,CLE:223|WAS:261|DET:374|TOR:425|CHA:428
15063,CLE:190|WAS:279|DET:341|IND:393|TOR:393
15417,CLE:205|WAS:264|DET:355|IND:404|TOR:405
15025,CLE:176|WAS:287|DET:327|TOR:374|IND:393
15217,CLE:156|WAS:292|DET:307|TOR:354|IND:415
15206,CLE:159|WAS:295|DET:309|TOR:357|IND:421
15444,CLE:207|WAS:266|DET:357|IND:406|TOR:407
15460,CLE:223|WAS:253|DET:374|CHA:417|TOR:425
15120,CLE:167|WAS:297|DET:318|TOR:365|IND:415
15410,CLE:223|WAS:267|DET:374|TOR:423|NYK:431
15474,CLE:222|WAS:243|DET:373|CHA:408|TOR:424
26508,CLE:229|WAS:240|DET:380|CHA:399|NYK:430
15461,CLE:221|WAS:257|DET:372|CHA:423|TOR:424
15463,CLE:211|WAS:265|DET:361|TOR:411|NYK:424
15208,CLE:160|WAS:289|DET:310|TOR:358|NYK:416
15467,CLE:225|WAS:253|DET:376|CHA:417|TOR:427
15088,CLE:183|WAS:284|DET:334|TOR:381|IND:397
15122,CLE:169|WAS:290|DET:320|TOR:367|IND:408
15434,CLE:193|WAS:269|DET:344|IND:393|TOR:393
15419,CLE:198|WAS:268|DET:348|IND:397|TOR:398
15034,CLE:168|WAS:286|DET:319|TOR:366|IND:405
15218,CLE:160|WAS:285|DET:311|TOR:358|NYK:412
15466,CLE:208|WAS:276|DET:359|TOR:410|IND:413
15045,CLE:173|WAS:288|DET:324|TOR:370|IND:402
15443,CLE:214|WAS:261|DET:364|TOR:414|NYK:421
15062,CLE:195|WAS:279|DET:346|TOR:397|IND:400
15475,CLE:209|WAS:258|DET:360|TOR:409|NYK:419
15413,CLE:208|WAS:264|DET:359|TOR:408|NYK:420
15133,CLE:176|WAS:285|DET:327|TOR:374|IND:406
15221,CLE:159|WAS:280|DET:310|TOR:361|NYK:407
15454,CLE:213|WAS:253|DET:364|TOR:415|NYK:419
15033,CLE:196|WAS:281|DET:346|TOR:397|IND:398
15420,CLE:212|WAS:260|DET:363|TOR:412|NYK:420
15477,CLE:197|WAS:272|DET:347|IND:396|TOR:397
15104,CLE:165|WAS:285|DET:316|TOR:363|NYK:412
15438,CLE:200|WAS:269|DET:351|TOR:402|IND:406
15432,CLE:196|WAS:278|DET:346|IND:396|TOR:398
15072,CLE:190|WAS:274|DET:340|TOR:391|IND:398
15412,CLE:197|WAS:276|DET:348|IND:398|TOR:399
15037,CLE:180|WAS:279|DET:330|TOR:382|IND:404
15458,CLE:212|WAS:255|DET:362|TOR:414|NYK:418
15483,CLE:199|WAS:274|DET:349|IND:398|TOR:399
15087,CLE:189|WAS:276|DET:340|TOR:390|IND:398
15110,CLE:172|WAS:283|DET:323|TOR:370|IND:410
15435,CLE:208|WAS:256|DET:359|TOR:410|NYK:414
15132,CLE:171|WAS:281|DET:322|TOR:373|NYK:409
15442,CLE:205|WAS:266|DET:356|TOR:407|IND:409
15112,CLE:165|WAS:285|DET:316|TOR:367|NYK:412
15451,CLE:216|WAS:237|DET:367|CHA:407|TOR:418
15468,CLE:207|WAS:257|DET:358|TOR:409|NYK:413
15147,CLE:151|WAS:288|DET:301|TOR:353|NYK:415
15145,CLE:161|WAS:281|DET:312|TOR:363|NYK:409
15235,CLE:157|WAS:280|DET:307|TOR:359|NYK:407
15012,CLE:189|WAS:274|DET:339|TOR:391|IND:403
15135,CLE:172|WAS:281|DET:322|TOR:374|NYK:408
15422,CLE:205|WAS:261|DET:356|TOR:407|NYK:416
15137,CLE:163|WAS:276|DET:314|TOR:365|NYK:404
15035,CLE:163|WAS:277|DET:314|TOR:365|NYK:405
15478,CLE:214|WAS:239|DET:364|CHA:409|TOR:416
15018,CLE:178|WAS:284|DET:328|TOR:380|NYK:411
15028,CLE:172|WAS:275|DET:323|TOR:374|NYK:402
15047,CLE:175|WAS:284|DET:326|TOR:377|NYK:412
15131,CLE:166|WAS:275|DET:317|TOR:368|NYK:403
15148,CLE:158|WAS:276|DET:309|TOR:360|NYK:404
15083,CLE:179|WAS:280|DET:329|TOR:380|NYK:408
15449,CLE:205|WAS:258|DET:355|TOR:407|NYK:414
15484,CLE:205|WAS:249|DET:356|TOR:407|NYK:412
15140,CLE:155|WAS:275|DET:306|TOR:357|NYK:403
15480,CLE:196|WAS:252|DET:346|TOR:398|NYK:408
15660,CLE:177|WAS:275|DET:328|TOR:379|NYK:403
15473,CLE:188|WAS:260|DET:339|TOR:390|NYK:404
15482,CLE:189|WAS:259|DET:340|TOR:391|NYK:405
15492,CLE:187|WAS:266|DET:337|TOR:388|NYK:402
15146,CLE:152|WAS:272|DET:302|TOR:354|NYK:400
15488,CLE:197|WAS:253|DET:348|TOR:399|NYK:408
15089,CLE:183|WAS:274|DET:334|TOR:385|NYK:401
15401,CLE:196|WAS:245|DET:347|TOR:398|NYK:402
15239,CLE:157|WAS:279|DET:308|TOR:359|NYK:407
15615,CLE:162|WAS:270|DET:313|TOR:364|NYK:398
15448,CLE:184|WAS:272|DET:335|TOR:386|NYK:399
15640,CLE:177|WAS:270|DET:328|TOR:379|NYK:398
15678,CLE:166|WAS:266|DET:317|TOR:368|NYK:393
15436,CLE:216|WAS:252|DET:367|TOR:418|CHA:421
15085,CLE:153|WAS:269|DET:303|TOR:355|NYK:397
15642,CLE:167|WAS:266|DET:317|TOR:369|NYK:394
15416,CLE:204|WAS:243|DET:355|TOR:406|NYK:410
15647,CLE:165|WAS:269|DET:315|TOR:367|NYK:396
15472,CLE:196|WAS:248|DET:347|TOR:398|NYK:402
15637,CLE:170|WAS:267|DET:321|TOR:372|NYK:395
15486,CLE:195|WAS:262|DET:346|TOR:397|NYK:401
15479,CLE:184|WAS:270|DET:335|TOR:386|NYK:398
15489,CLE:200|WAS:254|DET:351|TOR:402|NYK:406
15695,CLE:173|WAS:261|DET:324|TOR:375|NYK:389
15698,CLE:174|WAS:262|DET:325|TOR:376|NYK:390
15691,CLE:164|WAS:263|DET:315|TOR:366|NYK:391
15428,CLE:194|WAS:272|DET:345|TOR:396|NYK:402
15663,CLE:170|WAS:264|DET:320|TOR:371|NYK:391
15625,CLE:168|WAS:264|DET:318|TOR:370|NYK:392
15692,CLE:162|WAS:261|DET:313|TOR:364|NYK:389
15668,CLE:161|WAS:278|DET:311|TOR:363|NYK:406
15445,CLE:203|WAS:242|DET:354|TOR:405|NYK:409
15665,CLE:164|WAS:266|DET:315|TOR:366|NYK:394
15636,CLE:163|WAS:270|DET:313|TOR:365|NYK:397
15679,CLE:174|WAS:262|DET:325|TOR:376|NYK:390
15617,CLE:167|WAS:263|DET:318|TOR:369|NYK:391
15430,CLE:189|WAS:262|DET:340|TOR:391|NYK:395
15611,CLE:164|WAS:263|DET:315|TOR:366|NYK:391
15456,CLE:196|WAS:255|DET:346|TOR:398|NYK:402
15455,CLE:190|WAS:256|DET:340|TOR:392|NYK:396
15465,CLE:193|WAS:253|DET:343|TOR:394|NYK:399
15675,CLE:167|WAS:267|DET:318|TOR:369|NYK:395
15623,CLE:164|WAS:271|DET:314|TOR:366|NYK:398
15672,CLE:170|WAS:258|DET:321|TOR:372|NYK:386
15644,CLE:167|WAS:267|DET:318|TOR:369|NYK:395
15683,CLE:183|WAS:262|DET:333|TOR:385|NYK:390
15634,CLE:166|WAS:262|DET:317|TOR:368|NYK:390
15632,CLE:168|WAS:276|DET:319|TOR:370|NYK:404
15612,CLE:177|WAS:256|DET:327|TOR:379|NYK:384
15639,CLE:169|WAS:256|DET:319|TOR:370|NYK:384
15688,CLE:173|WAS:256|DET:324|TOR:375|NYK:383
15631,CLE:180|WAS:260|DET:331|TOR:382|NYK:388
15697,CLE:167|WAS:255|DET:317|TOR:369|NYK:382
15626,CLE:167|WAS:267|DET:318|TOR:369|NYK:395
15616,CLE:172|WAS:260|DET:322|TOR:374|NYK:387
15425,CLE:190|WAS:266|DET:340|TOR:392|NYK:395
15601,CLE:174|WAS:266|DET:325|TOR:376|NYK:394
15633,CLE:178|WAS:272|DET:329|TOR:380|NYK:399
15666,CLE:183|WAS:255|DET:334|NYK:383|BKN:384
15684,CLE:178|WAS:279|DET:328|TOR:380|NYK:406
15635,CLE:179|WAS:271|DET:329|TOR:381|NYK:399
15619,CLE:182|WAS:273|DET:332|TOR:384|NYK:400
15674,CLE:182|WAS:254|DET:333|NYK:381|BKN:383
15689,CLE:187|WAS:260|DET:338|NYK:387|BKN:389
15490,CLE:189|WAS:251|DET:339|NYK:378|BKN:380
15662,CLE:183|WAS:275|DET:334|TOR:385|NYK:403
15624,CLE:184|WAS:276|DET:334|TOR:386|NYK:404
15676,CLE:185|WAS:258|DET:335|NYK:385|BKN:387
15670,CLE:181|WAS:279|DET:332|TOR:383|NYK:407
15610,CLE:186|WAS:242|DET:336|NYK:370|BKN:372
15693,CLE:195|WAS:262|DET:346|NYK:390|BKN:392
15638,CLE:191|WAS:267|DET:342|TOR:393|NYK:395
15650,CLE:187|WAS:266|DET:338|TOR:389|NYK:394
15696,CLE:189|WAS:263|DET:339|NYK:391|TOR:391
15661,CLE:191|WAS:268|DET:341|TOR:393|NYK:397
15620,CLE:194|WAS:268|DET:344|TOR:396|NYK:397
15671,CLE:198|WAS:273|DET:349|TOR:398|NYK:403
15627,CLE:198|WAS:270|DET:349|TOR:397|NYK:400
15717,CLE:200|WAS:274|DET:350|TOR:379|NYK:386
15779,CLE:210|WAS:288|DET:360|TOR:396|NYK:403
15716,CLE:207|WAS:274|DET:358|TOR:377|NYK:384
15750,CLE:207|WAS:273|DET:357|TOR:373|NYK:380
15949,CLE:217|WAS:266|DET:368|NYK:380|BKN:390
43310,DET:173|CLE:191|IND:208|CHI:331|TOR:409
43326,DET:154|CLE:167|IND:221|CHI:327|TOR:391
43345,DET:171|CLE:183|IND:213|CHI:343|TOR:408
45843,DET:147|CLE:151|IND:230|CHI:319|TOR:384
43340,DET:173|CLE:184|IND:223|CHI:345|TOR:410
43359,DET:141|CLE:152|IND:235|CHI:325|TOR:378
43330,CLE:139|DET:146|IND:227|CHI:317|TOR:383
43316,DET:131|CLE:138|IND:237|CHI:318|TOR:368
43332,CLE:164|DET:179|IND:237|CHI:350|TOR:416
43341,CLE:157|DET:183|IND:238|CHI:355|TOR:420
43351,CLE:133|DET:141|IND:233|CHI:322|TOR:378
44853,CLE:125|DET:128|IND:251|CHI:321|TOR:365
43337,CLE:143|DET:165|IND:240|CHI:347|TOR:402
44844,CLE:122|DET:134|IND:249|CHI:328|TOR:371
43323,CLE:135|DET:155|IND:251|CHI:340|TOR:392
43322,CLE:148|DET:176|IND:224|CHI:362|TOR:413
44883,CLE:111|DET:127|IND:259|CHI:318|TOR:363
44882,CLE:124|DET:148|IND:252|CHI:340|TOR:385
44849,CLE:119|DET:150|IND:245|CHI:335|TOR:386
43302,CLE:136|DET:164|IND:230|CHI:350|TOR:401
44836,CLE:103|DET:117|IND:276|CHI:305|TOR:354
44818,CLE:108|DET:150|IND:270|CHI:337|TOR:386
44867,CLE:97|DET:132|IND:273|CHI:320|TOR:369
44820,CLE:111|DET:159|IND:255|CHI:344|TOR:396
43314,CLE:124|DET:171|IND:245|CHI:356|TOR:408
43410,CLE:90|DET:112|IND:280|CHI:300|TOR:349
44825,CLE:105|DET:151|IND:265|CHI:339|TOR:388
43464,CLE:86|DET:121|IND:289|CHI:309|TOR:358
43320,CLE:122|DET:179|IND:246|CHI:364|TOR:415
44881,CLE:117|DET:167|IND:263|CHI:352|TOR:403
44854,CLE:115|DET:161|IND:273|CHI:349|TOR:398
44807,CLE:96|DET:142|IND:276|CHI:330|TOR:379
44828,CLE:86|DET:123|IND:285|CHI:311|TOR:360
44856,CLE:106|DET:168|IND:264|CHI:354|TOR:405
44811,CLE:83|DET:123|IND:287|CHI:311|TOR:359
43325,CLE:113|DET:177|IND:255|CHI:363|TOR:414
44824,CLE:74|DET:125|IND:293|CHI:313|TOR:361
44833,CLE:107|DET:176|IND:258|CHI:362|TOR:412
44887,CLE:112|DET:168|IND:273|CHI:356|TOR:405
43338,CLE:111|DET:194|IND:242|CHI:379|TOR:416
44827,CLE:109|DET:177|IND:276|CHI:364|TOR:413
44870,CLE:69|DET:123|IND:292|CHI:311|TOR:360
44847,CLE:83|DET:132|IND:295|CHI:320|TOR:369
44890,CLE:93|DET:146|IND:294|CHI:334|TOR:383
44865,CLE:99|DET:155|IND:285|CHI:343|TOR:392
44850,CLE:93|DET:149|IND:287|CHI:337|TOR:386
44875,CLE:103|DET:167|IND:277|CHI:355|TOR:404
44904,CLE:102|DET:199|IND:259|CHI:384|TOR:407
44846,CLE:63|DET:125|IND:294|CHI:313|TOR:362
43019,CLE:105|DET:210|IND:251|CHI:396|TOR:411
44857,CLE:74|DET:140|IND:306|CHI:328|TOR:377
44906,CLE:92|DET:186|IND:265|CHI:372|TOR:397
44855,CLE:82|DET:151|IND:299|CHI:339|TOR:388
44839,CLE:62|DET:136|IND:304|CHI:324|TOR:373
44813,CLE:95|DET:202|IND:256|CHI:390|TOR:400
44903,CLE:86|DET:181|IND:262|CHI:369|TOR:391
44878,CLE:95|DET:167|IND:287|CHI:355|TOR:404
44907,CLE:90|DET:190|IND:256|CHI:378|TOR:396
44901,CLE:87|DET:181|IND:259|CHI:369|TOR:392
44902,CLE:87|DET:182|IND:259|CHI:370|TOR:393
44826,CLE:62|DET:139|IND:307|CHI:327|TOR:376
44837,CLE:81|DET:155|IND:286|CHI:343|TOR:390
44814,CLE:64|DET:145|IND:313|CHI:333|TOR:379
44905,CLE:80|DET:184|IND:261|CHI:372|TOR:386
44843,CLE:92|DET:199|IND:266|CHI:387|TOR:397
44822,CLE:117|DET:223|IND:277|CHI:411|TOR:422
44851,CLE:69|DET:153|IND:297|CHI:341|TOR:384
44889,CLE:55|DET:145|IND:311|CHI:333|TOR:370
44089,CLE:53|DET:149|IND:317|CHI:336|TOR:368
44874,CLE:80|DET:161|IND:282|CHI:349|TOR:385
44859,CLE:79|DET:168|IND:296|CHI:356|TOR:387
44805,CLE:76|DET:172|IND:274|CHI:360|TOR:382
44864,CLE:100|DET:200|IND:275|CHI:388|TOR:405
44049,CLE:50|DET:152|IND:316|CHI:340|TOR:365
44001,CLE:45|DET:146|IND:314|CHI:334|TOR:360
44838,CLE:85|DET:185|IND:272|CHI:372|TOR:390
44074,CLE:48|DET:154|IND:319|CHI:342|TOR:362
44090,CLE:54|DET:161|IND:303|CHI:348|TOR:369
44842,CLE:94|DET:196|IND:279|CHI:384|TOR:399
44053,CLE:42|DET:152|IND:320|CHI:340|TOR:358
44880,CLE:68|DET:172|IND:293|CHI:360|TOR:377
44866,CLE:73|DET:180|IND:283|CHI:367|TOR:378
44840,CLE:79|DET:190|IND:277|CHI:378|TOR:384
44052,CLE:42|DET:157|IND:326|CHI:345|TOR:357
44628,CLE:105|DET:214|IND:291|CHI:402|TOR:410
44035,CLE:46|DET:160|IND:328|CHI:348|TOR:361
44055,CLE:39|DET:155|IND:323|CHI:342|TOR:355
44638,CLE:88|DET:204|IND:285|CHI:392|TOR:393
44050,CLE:44|DET:166|IND:311|CHI:353|TOR:359
44661,CLE:98|DET:210|IND:290|CHI:398|TOR:403
44235,CLE:61|DET:176|IND:286|CHI:364|TOR:366
44275,CLE:59|DET:178|IND:294|CHI:366|TOR:370
44287,CLE:68|DET:187|IND:276|TOR:373|CHI:375
44054,CLE:32|DET:158|IND:327|CHI:346|TOR:347
44611,CLE:96|DET:213|IND:293|CHI:401|TOR:401
44044,CLE:39|DET:165|IND:308|CHI:353|TOR:354
44676,CLE:86|DET:211|IND:297|TOR:392|CHI:399
44253,CLE:50|DET:177|IND:301|CHI:365|TOR:365
44039,CLE:33|DET:162|IND:322|TOR:348|CHI:350
44012,CLE:31|DET:160|IND:329|TOR:346|CHI:348
44254,CLE:52|DET:185|IND:290|TOR:357|CHI:372
44011,CLE:29|DET:162|IND:330|TOR:345|CHI:350
44214,CLE:54|DET:193|IND:288|TOR:359|CHI:381
44691,CLE:74|DET:201|IND:290|TOR:379|CHI:389
44028,CLE:39|DET:172|IND:324|TOR:354|CHI:360
44633,CLE:89|DET:221|IND:307|TOR:394|CHI:409
44145,CLE:25|DET:167|IND:333|TOR:340|CHI:355
44140,CLE:23|DET:165|IND:333|TOR:338|CHI:352
44280,CLE:44|DET:177|IND:313|TOR:360|CHI:365
44251,CLE:48|DET:192|IND:293|TOR:354|CHI:380
44138,CLE:29|DET:163|IND:328|TOR:344|CHI:351
44070,CLE:26|DET:164|IND:329|TOR:341|CHI:352
44217,CLE:58|DET:200|IND:293|TOR:363|CHI:387
44215,CLE:52|DET:194|IND:297|TOR:358|CHI:382
44273,CLE:48|DET:192|IND:294|TOR:354|CHI:380
44654,CLE:108|DET:236|IND:315|TOR:413|CHI:424
44017,CLE:25|DET:173|IND:322|TOR:340|CHI:361
44256,CLE:41|DET:184|IND:307|TOR:350|CHI:372
44677,CLE:66|DET:211|IND:300|TOR:369|CHI:399
44116,CLE:17|DET:165|IND:331|TOR:332|CHI:353
44149,CLE:30|DET:173|IND:316|TOR:346|CHI:361
44126,CLE:20|DET:168|IND:327|TOR:335|CHI:356
44627,CLE:88|DET:223|IND:312|TOR:392|CHI:411
44276,CLE:59|DET:203|IND:298|TOR:363|CHI:391
44212,CLE:35|DET:178|IND:311|TOR:350|CHI:366
44142,CLE:21|DET:173|IND:320|TOR:336|CHI:361
44135,CLE:21|DET:168|IND:324|TOR:336|CHI:356
44136,CLE:23|DET:166|IND:317|TOR:338|CHI:354
44107,CLE:16|DET:170|IND:330|TOR:331|CHI:358
44610,CLE:99|DET:234|IND:314|TOR:402|CHI:422
44606,CLE:76|DET:212|IND:300|TOR:380|CHI:400
44111,CLE:14|DET:172|IND:326|TOR:329|CHI:360
44130,CLE:24|DET:173|IND:320|TOR:336|CHI:361
44270,CLE:54|DET:200|IND:303|TOR:357|CHI:388
44660,CLE:93|DET:229|IND:317|TOR:396|CHI:417
44667,CLE:65|DET:212|IND:303|TOR:368|CHI:400
44133,CLE:32|DET:177|IND:320|TOR:341|CHI:365
44281,CLE:48|DET:194|IND:304|TOR:350|CHI:382
44144,CLE:15|DET:174|IND:328|TOR:330|CHI:362
44233,CLE:38|DET:182|IND:314|TOR:345|CHI:369
44102,CLE:10|DET:176|TOR:324|IND:332|CHI:363
44129,CLE:20|DET:178|IND:329|TOR:332|CHI:366
44274,CLE:43|DET:189|IND:308|TOR:345|CHI:377
44645,CLE:61|DET:210|IND:312|TOR:364|CHI:398
44687,CLE:102|DET:244|IND:314|TOR:405|WAS:427
44134,CLE:20|DET:182|IND:330|TOR:333|CHI:370
44659,CLE:80|DET:219|IND:307|TOR:383|CHI:407
44109,CLE:10|DET:178|TOR:326|IND:330|CHI:366
44113,CLE:5|DET:177|TOR:322|IND:333|CHI:365
44690,CLE:89|DET:231|IND:319|TOR:392|CHI:419
44230,CLE:51|DET:205|IND:311|TOR:354|CHI:393
44618,CLE:72|DET:220|IND:308|TOR:375|CHI:408
44147,CLE:27|DET:184|IND:323|TOR:335|CHI:372
44101,CLE:4|DET:178|TOR:319|IND:332|CHI:366
44115,CLE:4|DET:180|TOR:319|IND:333|CHI:367
44681,CLE:103|DET:248|IND:309|TOR:406|WAS:418
44624,CLE:89|DET:232|IND:320|TOR:391|CHI:420
44689,CLE:85|DET:229|IND:317|TOR:388|CHI:417
44131,CLE:20|DET:184|TOR:328|IND:330|CHI:372
44127,CLE:10|DET:180|TOR:323|IND:332|CHI:367
44321,CLE:37|DET:192|IND:309|TOR:340|CHI:380
44286,CLE:32|DET:187|IND:314|TOR:335|CHI:375
44666,CLE:64|DET:219|IND:316|TOR:367|CHI:407
44333,CLE:37|DET:192|IND:317|TOR:340|CHI:380
44105,CLE:13|DET:183|TOR:325|IND:332|CHI:371
44203,CLE:48|DET:203|IND:311|TOR:351|CHI:391
44104,CLE:11|DET:182|TOR:324|IND:336|CHI:369
44141,CLE:24|DET:182|IND:318|TOR:333|CHI:370
44125,CLE:16|DET:179|TOR:319|IND:329|CHI:367
44613,CLE:75|DET:230|IND:322|TOR:378|CHI:418
44608,CLE:82|DET:228|IND:317|TOR:385|CHI:416
44614,CLE:57|DET:212|IND:320|TOR:360|CHI:400
44320,CLE:43|DET:198|IND:318|TOR:346|CHI:386
44216,CLE:63|DET:217|IND:327|TOR:366|CHI:405
44120,CLE:17|DET:188|TOR:323|IND:340|CHI:376
44313,CLE:45|DET:200|IND:326|TOR:348|CHI:388
44647,CLE:65|DET:220|IND:314|TOR:368|CHI:407
44137,CLE:23|DET:186|TOR:318|IND:333|CHI:374
44314,CLE:48|DET:202|IND:311|TOR:351|CHI:390
44662,CLE:77|DET:232|IND:322|TOR:380|CHI:420
44307,CLE:45|DET:200|IND:316|TOR:348|CHI:388
44680,CLE:91|DET:237|IND:322|TOR:394|WAS:412
44067,CLE:32|DET:193|IND:324|TOR:328|CHI:381
44264,CLE:40|DET:193|IND:320|TOR:334|CHI:381
44128,CLE:23|DET:186|TOR:316|IND:332|CHI:374
44302,CLE:46|DET:200|IND:319|TOR:348|CHI:388
44303,CLE:47|DET:202|IND:323|TOR:346|CHI:390
44319,CLE:58|DET:212|IND:321|TOR:360|CHI:400
44223,CLE:45|DET:198|IND:327|TOR:339|CHI:386
44146,CLE:27|DET:191|TOR:319|IND:326|CHI:378
44301,CLE:51|DET:205|IND:315|TOR:349|WAS:390
44311,CLE:48|DET:202|IND:318|TOR:347|CHI:390
44308,CLE:49|DET:203|IND:320|TOR:346|CHI:391
44122,CLE:24|DET:192|TOR:315|IND:335|CHI:380
44325,CLE:50|DET:205|IND:321|TOR:347|WAS:392
44304,CLE:50|DET:204|IND:322|TOR:345|WAS:390
44056,CLE:31|DET:192|TOR:322|IND:323|CHI:380
44310,CLE:50|DET:200|IND:325|TOR:341|CHI:388
44646,CLE:68|DET:222|IND:326|TOR:371|CHI:410
44622,CLE:93|DET:239|IND:317|TOR:394|WAS:407
44306,CLE:56|DET:210|IND:320|TOR:351|WAS:392
44612,CLE:94|DET:247|IND:331|TOR:392|WAS:421
44221,CLE:45|DET:195|IND:329|TOR:336|CHI:383
44124,CLE:31|DET:196|TOR:310|IND:339|CHI:384
44232,CLE:63|DET:218|IND:326|TOR:360|WAS:401
44305,CLE:53|DET:203|IND:324|TOR:344|WAS:386
44718,CLE:71|DET:226|IND:332|TOR:368|WAS:409
44236,CLE:42|DET:195|IND:332|TOR:333|CHI:383
44139,CLE:31|DET:194|TOR:321|IND:336|CHI:382
44087,CLE:34|DET:197|TOR:325|IND:333|WAS:384
44312,CLE:63|DET:217|IND:326|TOR:360|WAS:397
44224,CLE:46|DET:196|IND:334|TOR:337|CHI:384
44262,CLE:48|DET:198|IND:333|TOR:339|CHI:386
44708,CLE:73|DET:227|IND:329|TOR:370|WAS:408
44720,CLE:65|DET:220|IND:328|TOR:362|WAS:403
44250,CLE:61|DET:216|IND:324|TOR:359|WAS:394
44710,CLE:75|DET:229|IND:324|TOR:373|WAS:408
44685,CLE:63|DET:218|IND:326|TOR:360|WAS:399
44278,CLE:56|DET:206|IND:330|TOR:347|WAS:384
44706,CLE:75|DET:230|IND:324|TOR:377|WAS:409
44697,CLE:94|DET:248|IND:331|TOR:392|WAS:420
44630,CLE:68|DET:222|IND:331|TOR:365|WAS:399
44022,CLE:37|DET:200|TOR:317|IND:343|CHI:388
44626,CLE:93|DET:248|IND:342|TOR:390|WAS:422
44709,CLE:72|DET:227|IND:334|TOR:369|WAS:402
44703,CLE:72|DET:226|IND:329|TOR:369|WAS:401
44702,CLE:73|DET:227|IND:327|TOR:370|WAS:401
44671,CLE:94|DET:248|IND:334|TOR:391|WAS:416
44678,CLE:101|DET:256|IND:333|TOR:399|WAS:414
44714,CLE:73|DET:228|IND:333|TOR:368|WAS:397
44241,CLE:41|DET:194|TOR:332|IND:337|WAS:379
44707,CLE:81|DET:236|IND:330|TOR:376|WAS:405
44704,CLE:76|DET:231|IND:328|TOR:369|WAS:399
44240,CLE:61|DET:211|IND:334|TOR:347|WAS:381
44202,CLE:42|DET:201|TOR:332|IND:343|WAS:387
44243,CLE:62|DET:213|IND:339|TOR:349|WAS:385
44260,CLE:70|DET:221|IND:334|TOR:354|WAS:388
44705,CLE:75|DET:230|IND:335|TOR:363|WAS:393
44652,CLE:76|DET:230|IND:339|TOR:364|WAS:394
44656,CLE:102|DET:257|IND:335|TOR:399|WAS:409
44072,CLE:44|DET:207|TOR:316|IND:350|CHI:395
44721,CLE:78|DET:232|IND:341|TOR:364|WAS:393
44643,CLE:100|DET:254|IND:345|TOR:394|WAS:413
44632,CLE:78|DET:230|IND:341|TOR:355|WAS:389
44023,CLE:37|DET:201|TOR:321|IND:344|CHI:388
44730,CLE:86|DET:240|IND:335|TOR:373|WAS:402
44688,CLE:92|DET:247|IND:341|TOR:382|WAS:403
44675,CLE:111|DET:263|IND:333|WAS:398|TOR:399
44641,CLE:86|DET:240|IND:344|TOR:361|WAS:390
44065,CLE:49|DET:212|TOR:312|IND:356|WAS:395
44255,CLE:51|DET:201|TOR:331|IND:345|WAS:376
44620,CLE:110|DET:265|IND:350|TOR:400|WAS:409
44266,CLE:65|DET:216|TOR:339|IND:348|WAS:382
44670,CLE:91|DET:246|IND:340|TOR:372|WAS:393
44201,CLE:77|DET:228|IND:343|TOR:344|WAS:378
44272,CLE:69|DET:219|TOR:336|IND:342|WAS:370
44644,CLE:100|DET:255|IND:349|TOR:379|WAS:395
44234,CLE:51|DET:210|TOR:326|IND:354|WAS:384
44640,CLE:79|DET:230|TOR:343|IND:349|WAS:377
44669,CLE:99|DET:254|IND:348|TOR:369|WAS:390
44021,CLE:51|DET:214|TOR:314|IND:358|WAS:395
44601,CLE:89|DET:240|IND:352|TOR:352|WAS:379
44657,CLE:102|DET:256|IND:351|TOR:367|WAS:384
44615,CLE:118|DET:272|IND:355|TOR:383|WAS:387
44288,CLE:58|DET:209|TOR:328|IND:352|WAS:383
44231,CLE:60|DET:217|TOR:322|IND:360|WAS:381
44285,CLE:73|DET:223|TOR:326|IND:352|WAS:368
44411,CLE:78|DET:229|TOR:331|IND:350|WAS:365
44080,CLE:55|DET:218|TOR:313|IND:361|WAS:383
44634,CLE:102|DET:254|TOR:353|IND:357|WAS:373
44062,CLE:65|DET:228|TOR:307|IND:372|WAS:395
44607,CLE:116|DET:271|IND:366|TOR:368|WAS:385
44672,CLE:95|DET:246|TOR:349|IND:363|WAS:368
44412,CLE:75|DET:226|TOR:328|IND:347|WAS:362
44625,CLE:115|DET:270|IND:364|TOR:365|WAS:382
44449,CLE:88|DET:238|TOR:343|IND:360|WAS:368
44609,CLE:94|DET:245|TOR:344|WAS:364|IND:366
44665,CLE:104|DET:255|TOR:349|IND:364|WAS:368
44444,CLE:78|DET:228|TOR:324|IND:360|WAS:370
44429,CLE:79|DET:230|TOR:324|IND:352|WAS:358
44470,CLE:69|DET:228|TOR:319|IND:371|WAS:376
44491,CLE:65|DET:229|TOR:311|IND:372|WAS:379
44651,CLE:128|DET:283|IND:371|TOR:375|WAS:390
44427,CLE:116|DET:271|TOR:359|IND:366|WAS:376
44439,CLE:68|DET:231|TOR:302|IND:375|WAS:386
44619,CLE:95|DET:245|TOR:340|WAS:359|IND:367
44401,CLE:85|DET:236|TOR:329|IND:358|WAS:360
44430,CLE:76|DET:227|TOR:314|IND:364|WAS:369
44481,CLE:84|DET:234|TOR:322|WAS:355|IND:362
44423,CLE:115|DET:266|TOR:351|IND:368|WAS:368
43962,CLE:123|DET:273|TOR:359|IND:373|WAS:375
44493,CLE:108|DET:259|TOR:346|WAS:365|IND:372
43908,CLE:143|DET:294|IND:369|WAS:369|TOR:380
44460,CLE:98|DET:248|TOR:335|WAS:355|IND:371
44451,CLE:81|DET:232|TOR:326|WAS:359|IND:361
44402,CLE:74|DET:237|TOR:308|IND:381|WAS:385
43945,CLE:130|DET:280|TOR:366|IND:380|WAS:382
44485,CLE:78|DET:232|TOR:315|WAS:363|IND:369
44450,CLE:82|DET:245|TOR:295|WAS:384|IND:389
44483,CLE:76|DET:234|TOR:307|WAS:366|IND:371
44440,CLE:77|DET:228|TOR:316|WAS:354|IND:363
44406,CLE:85|DET:235|TOR:321|WAS:347|IND:371
44490,CLE:96|DET:247|TOR:333|WAS:345|IND:381
43930,CLE:144|DET:295|WAS:377|TOR:381|IND:387
44515,CLE:78|DET:228|TOR:315|WAS:355|IND:364
44431,CLE:99|DET:249|TOR:335|WAS:352|IND:385
44432,CLE:108|DET:258|TOR:344|WAS:361|IND:385
44484,CLE:80|DET:238|TOR:305|WAS:363|IND:376
44446,CLE:84|DET:234|TOR:309|WAS:361|IND:370
43932,CLE:151|DET:302|WAS:380|TOR:387|IND:390
44437,CLE:79|DET:229|TOR:312|WAS:355|IND:365
44410,CLE:82|DET:242|TOR:297|WAS:370|IND:380
44415,CLE:104|DET:255|TOR:340|WAS:356|IND:387
44509,CLE:80|DET:230|TOR:311|WAS:348|IND:366
44511,CLE:84|DET:234|TOR:317|WAS:347|IND:370
44408,CLE:95|DET:246|TOR:332|WAS:344|IND:382
43968,CLE:119|DET:270|TOR:355|WAS:368|IND:393
44510,CLE:81|DET:232|TOR:310|WAS:349|IND:368
44420,CLE:86|DET:237|TOR:311|WAS:359|IND:373
44512,CLE:92|DET:242|TOR:323|WAS:340|IND:378
44452,CLE:86|DET:237|TOR:329|WAS:334|IND:375
44417,CLE:87|DET:251|TOR:290|WAS:375|IND:388
44473,CLE:87|DET:240|TOR:303|WAS:360|IND:376
44507,CLE:88|DET:238|TOR:316|WAS:342|IND:374
44504,CLE:83|DET:234|TOR:311|WAS:347|IND:370
44503,CLE:85|DET:235|TOR:312|WAS:344|IND:371
44555,CLE:85|DET:236|TOR:313|WAS:348|IND:372
44502,CLE:88|DET:239|TOR:316|WAS:342|IND:375
43961,CLE:132|DET:282|WAS:357|TOR:368|IND:372
44506,CLE:86|DET:237|TOR:314|WAS:344|IND:372
43926,CLE:131|DET:282|WAS:356|TOR:368|IND:370
26050,CLE:123|DET:274|TOR:360|WAS:361|IND:388
44505,CLE:90|DET:241|TOR:315|WAS:350|IND:377
44445,CLE:98|DET:248|TOR:338|WAS:341|IND:386
44455,CLE:107|DET:257|TOR:347|WAS:347|IND:396
44514,CLE:92|DET:242|TOR:326|WAS:336|IND:380
44418,CLE:93|DET:251|TOR:304|WAS:366|IND:386
43920,CLE:113|DET:264|TOR:350|WAS:357|IND:395
44405,CLE:91|DET:241|TOR:317|WAS:344|IND:377
44443,CLE:92|DET:242|WAS:330|TOR:332|IND:380
44471,CLE:93|DET:243|TOR:320|WAS:341|IND:379
26047,CLE:131|DET:281|WAS:357|TOR:367|IND:378
44428,CLE:92|DET:255|TOR:296|WAS:374|IND:392
44424,CLE:98|DET:255|TOR:306|WAS:370|IND:391
44403,CLE:93|DET:243|TOR:309|WAS:355|IND:379
44425,CLE:89|DET:239|TOR:306|WAS:351|IND:375
26056,CLE:135|DET:286|WAS:361|TOR:372|IND:384
44404,CLE:100|DET:256|TOR:311|WAS:367|IND:392
26034,CLE:122|DET:272|WAS:355|TOR:358|IND:391
44441,CLE:115|DET:265|WAS:344|TOR:355|IND:403
44413,CLE:100|DET:250|WAS:336|TOR:340|IND:388
44442,CLE:99|DET:250|TOR:331|WAS:339|IND:388
44454,CLE:100|DET:251|TOR:333|WAS:338|IND:389
44436,CLE:97|DET:247|TOR:319|WAS:342|IND:383
44438,CLE:95|DET:246|TOR:311|WAS:353|IND:381
16140,CLE:96|DET:247|TOR:311|WAS:338|IND:382
16155,CLE:101|DET:252|TOR:317|WAS:342|IND:388
15059,CLE:124|DET:274|WAS:340|TOR:350|IND:401
16132,CLE:103|DET:254|TOR:322|WAS:339|IND:390
16146,CLE:92|DET:243|TOR:307|WAS:350|IND:378
16112,CLE:108|DET:258|TOR:329|WAS:339|IND:397
16121,CLE:93|DET:244|TOR:304|WAS:346|IND:379
16161,CLE:94|DET:245|TOR:301|WAS:344|IND:381
15043,CLE:128|DET:279|WAS:346|TOR:362|IND:386
16120,CLE:107|DET:258|WAS:336|TOR:338|IND:396
16159,CLE:102|DET:253|TOR:307|WAS:348|IND:389
16115,CLE:111|DET:261|WAS:328|TOR:340|IND:399
16143,CLE:102|DET:252|TOR:305|WAS:338|IND:388
16116,CLE:108|DET:258|TOR:317|WAS:336|IND:394
16150,CLE:103|DET:253|TOR:301|WAS:357|IND:389
15050,CLE:130|DET:281|WAS:345|TOR:362|IND:391
15052,CLE:132|DET:283|WAS:343|TOR:354|IND:412
16113,CLE:105|DET:255|TOR:299|WAS:358|IND:391
16154,CLE:108|DET:258|TOR:299|WAS:361|IND:394
16148,CLE:101|DET:251|TOR:300|WAS:351|IND:387
15077,CLE:130|DET:281|WAS:341|TOR:352|IND:398
16102,CLE:117|DET:267|TOR:321|WAS:331|IND:405
16141,CLE:113|DET:263|TOR:324|WAS:326|IND:401
16110,CLE:113|TOR:277|DET:279|WAS:379|IND:417
16125,CLE:109|DET:271|TOR:286|WAS:367|IND:407
15009,CLE:114|DET:264|WAS:325|TOR:335|IND:402
16160,CLE:110|DET:261|TOR:315|WAS:324|IND:399
15026,CLE:143|DET:293|WAS:338|TOR:364|IND:397
15010,CLE:112|DET:263|WAS:322|TOR:334|IND:401
16105,CLE:110|DET:261|TOR:308|WAS:339|IND:396
16157,CLE:111|DET:261|WAS:320|TOR:324|IND:399
16142,CLE:108|DET:259|TOR:300|WAS:346|IND:395
16172,CLE:108|DET:258|TOR:298|WAS:342|IND:394
16136,CLE:106|DET:256|WAS:313|TOR:325|IND:394
15001,CLE:122|DET:273|WAS:333|TOR:344|IND:398
15061,CLE:119|DET:270|WAS:327|TOR:341|IND:404
16101,CLE:118|DET:269|TOR:309|WAS:331|IND:404
16124,CLE:119|DET:274|TOR:286|WAS:361|IND:409
16117,CLE:118|DET:269|TOR:317|WAS:326|IND:407
15066,CLE:131|DET:282|WAS:329|TOR:340|IND:420
15027,CLE:120|DET:270|WAS:315|TOR:335|IND:408
16137,CLE:108|DET:258|TOR:283|WAS:345|IND:394
15081,CLE:129|DET:280|WAS:325|TOR:345|IND:397
15046,CLE:135|DET:286|WAS:334|TOR:354|IND:401
16156,CLE:114|DET:265|TOR:295|WAS:336|IND:401
16130,CLE:123|TOR:271|DET:279|WAS:358|IND:415
15003,CLE:130|DET:281|WAS:323|TOR:343|IND:407
15056,CLE:132|DET:282|WAS:326|TOR:346|IND:408
15074,CLE:131|DET:282|WAS:321|TOR:329|IND:420
16151,CLE:124|TOR:270|DET:278|WAS:357|IND:414
15042,CLE:128|DET:278|WAS:315|TOR:335|IND:416
15108,CLE:132|DET:283|WAS:322|TOR:347|IND:395
16123,CLE:125|DET:275|WAS:319|TOR:320|IND:413
16114,CLE:123|TOR:272|DET:274|WAS:353|IND:410
15005,CLE:132|DET:282|WAS:315|TOR:336|IND:419
15143,CLE:140|DET:291|WAS:318|TOR:338|IND:415
16051,CLE:129|DET:279|TOR:301|WAS:316|NYK:414
16037,CLE:135|DET:286|TOR:311|WAS:313|IND:424
16063,CLE:132|DET:282|WAS:309|TOR:314|IND:420
16133,CLE:124|DET:274|TOR:288|WAS:353|NYK:404
15225,CLE:140|DET:291|WAS:317|TOR:338|IND:409
15086,CLE:123|DET:274|WAS:302|TOR:323|IND:412
16066,CLE:126|DET:276|WAS:305|TOR:321|IND:414
16153,CLE:122|DET:273|TOR:278|WAS:353|NYK:400
15015,CLE:128|DET:279|WAS:306|TOR:326|IND:417
16145,CLE:129|TOR:277|DET:279|WAS:359|NYK:407
16127,CLE:118|DET:268|TOR:292|WAS:344|NYK:393
15202,CLE:140|DET:291|WAS:314|TOR:338|IND:415
15090,CLE:129|DET:280|WAS:307|TOR:327|IND:418
16052,CLE:138|DET:289|TOR:311|WAS:328|NYK:422
16057,CLE:127|DET:278|TOR:299|WAS:333|NYK:411
16033,CLE:143|DET:294|WAS:321|TOR:325|IND:432
15237,CLE:141|DET:292|WAS:310|TOR:339|IND:426
16311,CLE:144|TOR:276|DET:294|WAS:374|NYK:422
15229,CLE:138|DET:289|WAS:311|TOR:336|IND:420
16024,CLE:136|DET:287|WAS:312|TOR:323|IND:425
16046,CLE:133|DET:284|WAS:308|TOR:327|IND:422
16035,CLE:129|DET:280|TOR:303|WAS:341|NYK:398
16027,CLE:141|DET:292|WAS:319|TOR:321|NYK:425
16053,CLE:150|DET:300|WAS:327|TOR:328|NYK:432
16362,CLE:150|TOR:282|DET:300|WAS:380|NYK:417
15101,CLE:134|DET:285|WAS:291|TOR:336|NYK:418
16038,CLE:123|DET:273|TOR:297|WAS:353|NYK:390
15223,CLE:148|WAS:295|DET:299|TOR:350|IND:417
15044,CLE:137|DET:288|WAS:294|TOR:339|NYK:421
16001,CLE:144|DET:295|TOR:316|WAS:330|NYK:413
15116,CLE:145|DET:295|WAS:295|TOR:347|IND:422
15007,CLE:140|DET:291|WAS:297|TOR:339|NYK:424
16342,CLE:143|DET:294|TOR:312|WAS:375|NYK:407
16059,CLE:143|DET:294|WAS:309|TOR:340|IND:432
16045,CLE:148|DET:299|TOR:320|WAS:325|NYK:419
15215,CLE:152|WAS:299|DET:302|TOR:354|IND:423
16020,CLE:129|DET:280|TOR:303|WAS:349|NYK:385
16061,CLE:142|DET:293|TOR:315|WAS:343|NYK:399
15238,CLE:149|WAS:289|DET:300|TOR:351|NYK:417
15006,CLE:139|DET:289|WAS:294|TOR:341|NYK:422
16372,CLE:122|DET:272|TOR:296|WAS:353|NYK:378
15051,CLE:144|WAS:285|DET:294|TOR:346|NYK:413
16002,CLE:158|DET:309|WAS:318|TOR:330|NYK:422
15024,CLE:149|WAS:294|DET:299|TOR:351|NYK:422
16029,CLE:152|DET:302|WAS:323|TOR:324|NYK:414
16056,CLE:153|DET:304|WAS:308|TOR:344|NYK:425
16040,CLE:142|DET:292|TOR:316|WAS:356|NYK:388
15076,CLE:145|WAS:289|DET:296|TOR:347|NYK:417
15139,CLE:144|WAS:283|DET:294|TOR:346|NYK:411
16323,CLE:143|TOR:289|DET:294|WAS:374|NYK:402
15075,CLE:146|WAS:285|DET:297|TOR:348|NYK:413
16374,CLE:139|DET:289|TOR:313|WAS:367|NYK:386
15049,CLE:142|WAS:281|DET:293|TOR:344|NYK:409
16048,CLE:145|DET:296|TOR:319|WAS:347|NYK:390
15084,CLE:150|WAS:294|DET:300|TOR:352|NYK:422
16030,CLE:133|DET:284|TOR:308|WAS:354|NYK:379
15030,CLE:153|WAS:292|DET:304|TOR:355|NYK:420
15144,CLE:143|WAS:282|DET:293|TOR:345|NYK:410
16025,CLE:159|DET:310|TOR:331|WAS:334|NYK:407
16050,CLE:150|DET:301|TOR:324|WAS:349|NYK:392
16343,CLE:155|DET:306|TOR:306|WAS:386|NYK:406
16055,CLE:162|WAS:302|DET:313|TOR:342|NYK:415
16023,CLE:165|WAS:312|DET:315|TOR:341|NYK:420
15014,CLE:156|WAS:295|DET:307|TOR:357|NYK:420
16022,CLE:149|DET:299|TOR:323|WAS:346|NYK:389
15068,CLE:160|WAS:299|DET:310|TOR:362|NYK:427
15065,CLE:153|WAS:292|DET:304|TOR:352|NYK:414
16034,CLE:160|DET:311|WAS:323|TOR:332|NYK:412
16041,CLE:154|DET:305|TOR:328|WAS:338|NYK:394
16373,CLE:144|DET:295|TOR:318|WAS:362|NYK:381
16344,CLE:164|TOR:294|DET:315|WAS:385|NYK:404
16346,CLE:156|TOR:301|DET:306|WAS:372|NYK:392
16049,CLE:143|DET:294|TOR:317|WAS:358|NYK:382
16036,CLE:143|DET:294|TOR:318|WAS:360|NYK:379
16054,CLE:140|DET:291|TOR:315|WAS:357|NYK:376
16229,CLE:169|WAS:308|DET:320|TOR:358|NYK:414
16262,CLE:165|DET:316|WAS:316|TOR:338|NYK:405
16028,CLE:170|DET:320|WAS:328|TOR:343|NYK:395
15682,CLE:178|WAS:306|DET:329|TOR:371|NYK:417
16319,CLE:163|TOR:309|DET:313|WAS:370|NYK:390
16301,CLE:180|TOR:298|DET:331|WAS:399|NYK:419
15656,CLE:175|WAS:303|DET:326|TOR:367|NYK:425
16218,CLE:175|WAS:325|DET:326|TOR:349|NYK:405
15641,CLE:170|WAS:296|DET:321|TOR:364|NYK:420
16212,CLE:171|WAS:310|DET:322|TOR:350|NYK:403
15629,CLE:173|WAS:290|DET:324|TOR:368|NYK:411
15613,CLE:178|WAS:293|DET:329|TOR:373|NYK:415
16331,CLE:151|DET:301|TOR:310|WAS:351|NYK:370
16213,CLE:148|DET:299|TOR:323|WAS:351|NYK:371
15673,CLE:173|WAS:289|DET:324|TOR:366|NYK:410
16232,CLE:146|DET:297|TOR:320|WAS:347|NYK:367
15690,CLE:180|WAS:299|DET:330|TOR:367|NYK:413
16228,CLE:179|WAS:306|DET:330|TOR:351|NYK:398
16364,CLE:170|TOR:311|DET:321|WAS:374|NYK:394
16236,CLE:177|WAS:307|DET:328|TOR:350|NYK:396
16238,CLE:179|WAS:307|DET:329|TOR:351|NYK:395
16210,CLE:178|WAS:322|DET:329|TOR:351|NYK:410
16248,CLE:164|DET:314|TOR:338|WAS:344|NYK:373
15680,CLE:177|WAS:287|DET:328|TOR:378|NYK:409
16226,CLE:194|WAS:315|DET:345|TOR:366|NYK:413
16201,CLE:178|WAS:304|DET:329|TOR:351|NYK:390
16255,CLE:163|DET:314|TOR:337|WAS:349|NYK:368
16259,CLE:186|WAS:326|DET:336|TOR:360|NYK:392
16254,CLE:152|DET:302|TOR:309|WAS:341|NYK:360
16334,CLE:158|TOR:303|DET:308|WAS:348|NYK:368
15618,CLE:189|WAS:299|DET:339|TOR:384|NYK:404
15681,CLE:187|WAS:294|DET:338|TOR:389|NYK:399
15686,CLE:185|WAS:294|DET:336|TOR:379|NYK:397
16326,CLE:167|TOR:301|DET:317|WAS:357|NYK:377
16353,CLE:197|TOR:295|DET:348|WAS:384|NYK:403
16242,CLE:185|WAS:331|DET:336|TOR:357|NYK:378
16332,CLE:179|TOR:302|DET:330|WAS:369|NYK:388
15736,CLE:197|WAS:290|DET:347|TOR:369|NYK:393
16214,CLE:153|DET:304|TOR:319|WAS:332|NYK:352
16223,CLE:179|WAS:328|DET:330|TOR:351|NYK:372
15725,CLE:197|WAS:295|DET:348|TOR:393|NYK:399
16235,CLE:164|TOR:307|DET:315|WAS:353|NYK:372
15783,CLE:193|WAS:285|DET:343|TOR:382|NYK:388
16253,CLE:180|WAS:327|DET:331|TOR:352|NYK:373
16263,CLE:188|WAS:304|DET:339|TOR:360|NYK:382
16361,CLE:169|TOR:291|DET:319|WAS:355|NYK:375
16249,CLE:199|WAS:305|DET:349|TOR:371|NYK:390
15774,CLE:198|WAS:284|DET:349|TOR:374|NYK:387
15727,CLE:202|WAS:290|DET:352|TOR:389|NYK:394
15756,CLE:203|WAS:287|DET:353|TOR:386|NYK:391
16245,CLE:179|DET:330|WAS:334|TOR:346|NYK:364
16224,CLE:170|DET:321|WAS:339|TOR:342|NYK:368
16233,CLE:169|TOR:299|DET:320|WAS:355|NYK:375
16230,CLE:178|DET:328|WAS:331|TOR:343|NYK:361
15752,CLE:197|WAS:279|DET:348|TOR:378|NYK:383
16244,CLE:195|WAS:305|DET:345|TOR:367|NYK:382
16258,CLE:173|TOR:321|DET:324|WAS:344|NYK:364
16220,CLE:176|TOR:301|DET:327|WAS:360|NYK:380
15713,CLE:205|WAS:281|DET:355|TOR:380|NYK:386
16222,CLE:201|WAS:312|DET:351|TOR:363|NYK:376
15829,CLE:164|DET:314|TOR:330|WAS:332|NYK:351
16260,CLE:176|TOR:296|DET:327|WAS:355|NYK:374
16250,CLE:203|WAS:297|DET:353|TOR:363|NYK:376
16240,CLE:183|WAS:326|DET:333|TOR:343|NYK:361
15732,CLE:206|WAS:290|DET:356|TOR:366|NYK:378
16211,CLE:203|WAS:296|DET:354|TOR:362|NYK:374
15778,CLE:189|WAS:319|DET:339|TOR:347|NYK:366
15864,CLE:169|DET:320|WAS:322|TOR:329|NYK:347
16246,CLE:202|WAS:291|DET:352|TOR:357|NYK:369
16217,CLE:184|TOR:305|DET:335|WAS:344|NYK:364
15731,CLE:208|WAS:275|DET:358|TOR:372|NYK:379
15739,CLE:215|WAS:280|TOR:365|DET:366|NYK:374
15705,CLE:214|WAS:271|DET:365|TOR:366|NYK:370
15723,CLE:221|WAS:285|TOR:363|DET:372|NYK:375
15754,CLE:213|WAS:271|DET:364|TOR:368|NYK:376
15701,CLE:214|WAS:271|TOR:364|DET:365|NYK:368
15747,CLE:209|WAS:287|TOR:357|DET:359|NYK:369
15784,CLE:186|WAS:312|DET:337|TOR:338|NYK:357
16239,CLE:198|TOR:296|DET:348|WAS:365|NYK:385
15770,CLE:195|WAS:319|DET:346|TOR:347|NYK:366
16256,CLE:212|WAS:310|TOR:353|DET:363|NYK:365
15763,CLE:204|WAS:315|DET:354|TOR:355|NYK:368
15828,CLE:191|TOR:301|DET:341|WAS:348|NYK:368
15776,CLE:191|WAS:310|DET:342|TOR:343|NYK:360
15748,CLE:222|WAS:267|DET:372|NYK:376|TOR:378
15730,CLE:187|WAS:313|DET:338|TOR:339|NYK:358
15744,CLE:199|WAS:305|TOR:344|DET:349|NYK:356
15720,CLE:218|WAS:264|DET:368|NYK:373|TOR:374
15780,CLE:203|WAS:302|TOR:340|NYK:352|DET:353
15825,CLE:167|WAS:314|TOR:315|DET:318|NYK:334
15860,CLE:189|TOR:316|DET:339|WAS:346|NYK:366
15759,CLE:215|WAS:288|TOR:351|NYK:363|DET:366
15847,CLE:180|WAS:314|TOR:322|DET:331|NYK:337
15764,CLE:190|WAS:302|TOR:340|DET:341|NYK:353
15734,CLE:222|WAS:281|TOR:357|NYK:361|BKN:372
15765,CLE:224|WAS:261|NYK:370|DET:375|TOR:377
15771,CLE:213|WAS:297|TOR:348|NYK:360|DET:363
15781,CLE:195|WAS:298|TOR:335|DET:346|NYK:348
15767,CLE:204|WAS:302|TOR:339|NYK:351|DET:355
15728,CLE:237|WAS:273|NYK:362|BKN:373|TOR:373
15777,CLE:236|WAS:277|NYK:356|BKN:367|TOR:368
15733,CLE:201|WAS:302|TOR:337|DET:351|NYK:351
15711,CLE:192|WAS:302|TOR:327|NYK:342|DET:343
15729,CLE:233|WAS:266|NYK:352|BKN:363|TOR:364
15851,CLE:180|WAS:311|TOR:316|DET:330|NYK:331
15772,CLE:220|WAS:292|TOR:345|NYK:352|BKN:363
15741,CLE:235|WAS:283|NYK:353|TOR:362|BKN:364
15715,CLE:201|WAS:290|TOR:323|NYK:336|BKN:347
15746,CLE:231|WAS:267|NYK:342|BKN:353|TOR:354
15742,CLE:234|WAS:282|NYK:348|BKN:358|TOR:358
15712,CLE:234|WAS:274|NYK:345|BKN:355|TOR:357
15863,CLE:197|WAS:298|TOR:319|NYK:332|BKN:342
15824,CLE:181|TOR:298|WAS:313|DET:332|NYK:333
15840,CLE:190|TOR:307|WAS:309|NYK:329|BKN:339
15865,CLE:191|WAS:299|TOR:313|NYK:325|BKN:336
15724,CLE:236|WAS:261|NYK:346|BKN:357|TOR:358
15853,CLE:222|TOR:278|WAS:342|NYK:362|BKN:372
15866,CLE:196|WAS:298|TOR:318|NYK:330|BKN:341
15721,CLE:224|WAS:266|NYK:334|BKN:345|TOR:346
15757,CLE:223|WAS:280|NYK:334|BKN:345|TOR:345
15801,CLE:188|WAS:298|TOR:309|NYK:317|BKN:328
15823,CLE:196|TOR:286|WAS:315|NYK:335|BKN:346
15848,CLE:198|WAS:294|TOR:319|NYK:325|BKN:336
16838,CLE:205|WAS:289|NYK:321|TOR:326|BKN:332
15856,CLE:204|WAS:293|NYK:316|TOR:322|BKN:327
15846,CLE:218|TOR:286|WAS:332|NYK:351|BKN:362
15831,CLE:218|TOR:282|WAS:329|NYK:349|BKN:359
15849,CLE:206|TOR:308|WAS:310|NYK:330|BKN:340
15827,CLE:212|TOR:284|WAS:311|NYK:331|BKN:341
15841,CLE:209|TOR:289|WAS:307|NYK:327|BKN:338
43440,CLE:88|DET:130|IND:298|CHI:318|TOR:366
43438,CLE:131|DET:173|IND:341|CHI:360|TOR:409
44114,CLE:9|DET:184|TOR:316|IND:338|CHI:372
44103,CLE:9|DET:184|TOR:314|IND:338|CHI:372
44108,CLE:16|DET:190|TOR:312|IND:344|CHI:378
44106,CLE:16|DET:189|TOR:319|IND:343|CHI:377
44112,CLE:20|DET:193|TOR:313|IND:347|CHI:381
44110,CLE:17|DET:191|TOR:307|IND:344|CHI:379
44118,CLE:20|DET:192|TOR:319|IND:344|CHI:380
44119,CLE:19|DET:193|TOR:306|IND:346|CHI:380
44121,CLE:26|DET:199|TOR:314|IND:345|CHI:387
44117,CLE:21|DET:195|TOR:306|IND:348|CHI:383
44123,CLE:21|DET:195|TOR:305|IND:349|CHI:383
44132,CLE:20|DET:194|TOR:304|IND:347|CHI:382
44143,CLE:29|DET:200|TOR:306|IND:343|CHI:388
44092,CLE:25|DET:199|TOR:303|IND:347|CHI:387
44095,CLE:27|DET:201|TOR:305|IND:352|CHI:389
44040,CLE:34|DET:198|TOR:307|IND:341|CHI:386
44094,CLE:37|DET:211|TOR:302|IND:355|CHI:399
44060,CLE:37|DET:211|TOR:296|IND:355|CHI:399
44026,CLE:46|DET:211|TOR:309|IND:354|CHI:399
44045,CLE:40|DET:213|TOR:297|IND:364|CHI:401
44077,CLE:46|DET:220|TOR:285|IND:364|CHI:408
44024,CLE:52|DET:224|TOR:297|IND:367|WAS:409
44081,CLE:50|DET:224|TOR:286|IND:370|CHI:411
44046,CLE:65|DET:231|TOR:305|IND:375|WAS:405
44057,CLE:55|DET:229|TOR:281|IND:373|CHI:417
44086,CLE:57|DET:231|TOR:288|IND:375|WAS:413
44064,CLE:63|DET:237|TOR:297|IND:381|WAS:411
44099,CLE:71|DET:243|TOR:303|IND:387|WAS:404
44041,CLE:55|DET:229|TOR:270|IND:373|WAS:411
44084,CLE:76|DET:250|TOR:283|IND:394|WAS:412
44085,CLE:68|DET:242|TOR:282|IND:386|WAS:395
44010,CLE:61|DET:235|TOR:265|IND:379|WAS:405
44076,CLE:77|DET:249|TOR:286|WAS:385|IND:393
44004,CLE:70|DET:244|TOR:265|IND:388|WAS:404
44047,CLE:77|DET:251|TOR:275|IND:395|WAS:396
44068,CLE:77|DET:251|TOR:259|IND:395|WAS:413
44032,CLE:80|DET:254|TOR:272|WAS:393|IND:398
44048,CLE:78|DET:252|TOR:259|IND:396|WAS:411
44093,CLE:89|DET:261|TOR:285|WAS:385|IND:398
44003,CLE:92|DET:266|TOR:283|WAS:394|IND:408
44030,CLE:81|TOR:251|DET:255|IND:399|WAS:418
44082,CLE:86|DET:260|TOR:264|IND:404|WAS:407
16134,CLE:100|DET:272|TOR:290|WAS:384|IND:409
16443,CLE:84|TOR:241|DET:258|IND:402|WAS:413
16424,CLE:102|DET:276|TOR:276|WAS:393|IND:420
16411,CLE:88|TOR:247|DET:262|IND:406|WAS:418
16430,CLE:100|TOR:253|DET:274|IND:418|WAS:424
16401,CLE:93|TOR:245|DET:267|WAS:405|IND:411
16435,CLE:102|TOR:255|DET:276|WAS:395|IND:420
16131,CLE:111|TOR:276|DET:278|WAS:381|IND:415
16406,CLE:104|TOR:259|DET:278|WAS:387|IND:422
16475,CLE:96|TOR:248|DET:270|WAS:401|IND:414
16423,CLE:98|TOR:244|DET:272|WAS:415|IND:416
16417,CLE:99|TOR:245|DET:273|WAS:410|IND:417
16422,CLE:113|TOR:260|DET:287|WAS:381|IND:431
16410,CLE:99|TOR:243|DET:273|WAS:400|IND:417
16316,CLE:119|TOR:264|DET:292|WAS:373|IND:429
16111,CLE:119|TOR:268|DET:285|WAS:370|IND:422
16415,CLE:104|TOR:232|DET:277|WAS:400|IND:422
16412,CLE:113|TOR:234|DET:287|WAS:385|IND:431
16506,CLE:104|TOR:231|DET:278|WAS:404|IND:422
16335,CLE:131|TOR:255|DET:292|WAS:371|IND:428
16433,CLE:128|TOR:250|DET:300|WAS:379|IND:436
16505,CLE:111|TOR:227|DET:285|WAS:404|IND:429
16440,CLE:127|TOR:252|DET:301|WAS:389|IND:445
16426,CLE:108|TOR:228|DET:282|WAS:397|IND:426
16444,CLE:121|TOR:243|DET:295|WAS:395|IND:439
16502,CLE:110|TOR:223|DET:284|WAS:403|IND:428
16508,CLE:112|TOR:224|DET:286|WAS:405|IND:430
16501,CLE:112|TOR:222|DET:286|WAS:406|IND:430
16507,CLE:114|TOR:221|DET:288|WAS:407|IND:432
16550,CLE:114|TOR:221|DET:288|WAS:407|IND:432
16314,CLE:134|TOR:264|DET:288|WAS:367|IND:424
16503,CLE:117|TOR:219|DET:291|WAS:410|IND:435
16546,CLE:115|TOR:219|DET:289|WAS:410|IND:433
16504,CLE:114|TOR:216|DET:288|WAS:410|IND:432
16509,CLE:111|TOR:218|DET:285|WAS:406|IND:429
16403,CLE:131|TOR:254|DET:305|WAS:396|IND:449
16511,CLE:124|TOR:215|DET:298|WAS:419|IND:442
16563,CLE:118|TOR:211|DET:292|WAS:414|IND:436
16441,CLE:124|TOR:230|DET:298|WAS:413|IND:442
16427,CLE:132|TOR:240|DET:305|WAS:406|IND:450
16327,CLE:149|TOR:271|DET:313|WAS:391|NYK:438
16510,CLE:118|TOR:209|DET:292|WAS:414|IND:436
16421,CLE:126|TOR:211|DET:300|WAS:421|IND:444
16360,CLE:151|TOR:271|DET:319|WAS:398|NYK:436
16317,CLE:162|TOR:291|DET:313|WAS:393|NYK:421
16438,CLE:136|TOR:239|DET:310|WAS:417|IND:454
16442,CLE:139|TOR:218|DET:313|WAS:434|IND:457
16404,CLE:160|TOR:267|DET:332|WAS:411|NYK:439
16328,CLE:167|TOR:272|DET:328|WAS:403|NYK:423
16354,CLE:173|TOR:279|DET:326|WAS:402|NYK:422
16407,CLE:153|TOR:240|DET:327|WAS:426|NYK:453
14724,CLE:143|TOR:223|DET:317|WAS:438|IND:461
16434,CLE:160|TOR:254|DET:334|WAS:417|NYK:439
16341,CLE:186|TOR:274|DET:337|WAS:381|NYK:400
16420,CLE:187|TOR:265|DET:345|WAS:400|NYK:420
16405,CLE:166|TOR:236|DET:340|WAS:437|NYK:456
16436,CLE:171|TOR:249|DET:345|WAS:419|NYK:439
16416,CLE:189|TOR:254|DET:361|WAS:416|NYK:436
16370,CLE:197|TOR:278|DET:348|WAS:388|NYK:408
16340,CLE:185|TOR:250|DET:359|WAS:416|NYK:436
16321,CLE:196|TOR:275|DET:346|WAS:387|NYK:407
16322,CLE:194|TOR:273|DET:344|WAS:385|NYK:405
16351,CLE:204|TOR:264|DET:355|WAS:395|NYK:415
16313,CLE:223|TOR:260|DET:386|WAS:401|NYK:421
16347,CLE:240|TOR:277|DET:393|WAS:397|NYK:417
76844,DAL:185|SAS:190|HOU:275|OKC:349|MEM:596
76880,DAL:180|SAS:191|HOU:276|OKC:344|MEM:591
76525,DAL:174|SAS:188|HOU:273|OKC:338|MEM:585
76528,DAL:147|SAS:185|HOU:240|OKC:326|MEM:556
76599,DAL:147|SAS:194|HOU:240|OKC:326|MEM:557
76598,DAL:145|SAS:193|HOU:238|OKC:324|MEM:555
76596,DAL:144|SAS:193|HOU:237|OKC:323|MEM:554
76597,DAL:146|SAS:195|HOU:239|OKC:325|MEM:555
76544,DAL:152|SAS:181|HOU:230|OKC:331|MEM:561
76543,DAL:148|SAS:154|HOU:213|OKC:327|MEM:557
76561,DAL:128|SAS:184|HOU:221|OKC:307|MEM:537
76502,DAL:134|SAS:149|HOU:200|OKC:314|NOP:542
76557,DAL:127|SAS:163|HOU:211|OKC:306|MEM:536
76657,DAL:118|SAS:174|HOU:211|OKC:297|MEM:527
76504,DAL:127|SAS:148|HOU:196|OKC:306|MEM:536
76501,DAL:130|SAS:155|HOU:182|OKC:309|NOP:523
76579,DAL:124|SAS:163|HOU:201|OKC:304|MEM:534
76630,DAL:110|SAS:162|HOU:200|OKC:289|MEM:519
76524,DAL:119|SAS:167|HOU:197|OKC:298|MEM:528
76643,DAL:104|SAS:172|HOU:200|OKC:283|MEM:513
76655,DAL:109|SAS:168|HOU:199|OKC:288|MEM:518
76706,DAL:109|SAS:181|HOU:200|OKC:288|MEM:518
76632,DAL:122|SAS:180|HOU:191|OKC:301|NOP:528
76656,DAL:125|SAS:172|HOU:183|OKC:304|NOP:519
76519,DAL:151|HOU:181|SAS:181|OKC:330|NOP:522
76685,DAL:141|HOU:196|SAS:201|OKC:320|NOP:533
76570,DAL:133|HOU:171|SAS:176|OKC:312|NOP:508
76682,DAL:112|HOU:173|SAS:197|OKC:291|NOP:510
76661,DAL:123|HOU:166|SAS:193|OKC:302|NOP:503
76680,DAL:132|HOU:159|SAS:196|OKC:311|NOP:496
76629,DAL:142|HOU:159|SAS:210|OKC:322|NOP:496
76653,DAL:137|HOU:174|SAS:216|OKC:325|NOP:499
76642,DAL:110|HOU:174|SAS:230|OKC:306|NOP:499
76687,DAL:135|HOU:172|SAS:238|OKC:330|NOP:497
75838,DAL:114|HOU:146|SAS:253|OKC:309|NOP:471
75846,DAL:114|HOU:142|SAS:230|OKC:310|NOP:467
75831,DAL:117|HOU:145|SAS:255|OKC:312|NOP:470
79713,DAL:296|SAS:320|OKC:407|HOU:497|DEN:616
79511,DAL:284|SAS:328|OKC:382|HOU:496|DEN:658
79565,DAL:265|SAS:311|OKC:376|HOU:477|DEN:677
79512,DAL:252|SAS:295|OKC:363|HOU:464|MEM:664
79532,DAL:228|SAS:280|OKC:340|HOU:440|MEM:640
79545,DAL:220|SAS:273|OKC:332|HOU:433|MEM:632
79535,DAL:237|SAS:272|OKC:348|HOU:432|MEM:649
79556,DAL:211|SAS:268|OKC:318|HOU:423|MEM:623
79506,DAL:230|SAS:243|OKC:342|HOU:410|MEM:642
79537,DAL:223|SAS:255|OKC:333|HOU:415|MEM:635
79566,DAL:212|SAS:237|OKC:322|HOU:398|MEM:624
79536,DAL:190|SAS:276|OKC:302|HOU:403|MEM:602
79567,DAL:212|SAS:223|OKC:328|HOU:380|MEM:624
79603,DAL:206|SAS:268|OKC:316|HOU:418|MEM:617
79563,DAL:199|SAS:271|OKC:310|HOU:411|MEM:610
79562,DAL:208|SAS:259|OKC:323|HOU:402|MEM:620
79607,DAL:186|SAS:267|OKC:296|HOU:398|MEM:598
79508,DAL:193|SAS:252|OKC:308|HOU:396|MEM:605
79606,DAL:189|SAS:263|OKC:302|HOU:401|MEM:601
79541,DAL:199|SAS:239|OKC:315|HOU:383|MEM:611
79605,DAL:181|SAS:263|OKC:291|HOU:393|MEM:593
79530,DAL:203|SAS:231|OKC:319|HOU:377|MEM:615
79699,DAL:174|SAS:268|OKC:293|HOU:386|MEM:586
79538,DAL:214|SAS:226|OKC:330|HOU:367|MEM:625
79519,DAL:216|SAS:246|OKC:332|HOU:379|MEM:627
79602,DAL:191|SAS:264|OKC:309|HOU:403|MEM:602
79510,DAL:187|SAS:276|OKC:325|HOU:397|MEM:599
76834,DAL:213|SAS:247|OKC:344|HOU:351|MEM:625
79504,DAL:174|SAS:300|OKC:327|HOU:386|MEM:586
76828,DAL:192|SAS:265|OKC:345|HOU:366|MEM:604
76443,DAL:175|SAS:282|OKC:328|HOU:367|MEM:587
76469,DAL:157|SAS:305|OKC:311|HOU:370|MEM:569
76823,DAL:210|SAS:239|HOU:329|OKC:365|MEM:621
76801,DAL:203|SAS:237|HOU:322|OKC:357|MEM:614
76437,DAL:137|OKC:291|SAS:291|HOU:350|MEM:549
76471,DAL:166|SAS:265|OKC:319|HOU:350|MEM:577
76857,DAL:181|SAS:243|HOU:328|OKC:334|MEM:593
76802,DAL:190|SAS:216|HOU:301|OKC:344|MEM:601
76435,DAL:141|SAS:277|OKC:294|HOU:336|MEM:553
76448,DAL:123|OKC:276|SAS:282|HOU:337|MEM:535
76432,DAL:175|SAS:226|HOU:311|OKC:330|MEM:586
76474,DAL:189|SAS:257|HOU:342|OKC:343|MEM:600
76890,DAL:196|SAS:215|HOU:300|OKC:350|MEM:607
76864,DAL:224|SAS:225|HOU:310|OKC:383|MEM:635
76466,DAL:132|OKC:285|SAS:295|HOU:346|MEM:544
76454,DAL:141|SAS:260|OKC:294|HOU:319|MEM:553
76442,DAL:163|SAS:231|HOU:316|OKC:317|MEM:574
76444,DAL:149|SAS:254|OKC:302|HOU:313|MEM:561
76445,DAL:123|SAS:264|OKC:276|HOU:323|MEM:534
76870,DAL:185|SAS:197|HOU:282|OKC:345|MEM:596
76463,DAL:128|OKC:281|SAS:292|HOU:342|MEM:540
76452,DAL:173|SAS:225|HOU:297|OKC:332|MEM:584
76455,DAL:169|SAS:227|HOU:299|OKC:325|MEM:580
76446,DAL:138|SAS:235|OKC:292|HOU:294|MEM:549
76565,DAL:166|SAS:201|HOU:286|OKC:330|MEM:577
76436,DAL:155|SAS:233|HOU:303|OKC:318|MEM:565
76402,DAL:120|SAS:240|OKC:273|HOU:293|MEM:531
76401,DAL:122|SAS:251|OKC:275|HOU:304|MEM:534
76531,DAL:157|SAS:202|HOU:280|OKC:320|MEM:567
76457,DAL:125|SAS:218|HOU:274|OKC:289|MEM:536
76433,DAL:124|SAS:267|OKC:277|HOU:319|MEM:534
76566,DAL:163|SAS:193|HOU:256|OKC:328|MEM:572
76476,DAL:103|OKC:257|SAS:270|HOU:312|MEM:514
76538,DAL:158|SAS:210|HOU:256|OKC:322|MEM:568
76649,DAL:123|SAS:231|HOU:261|OKC:287|MEM:534
76048,DAL:92|OKC:246|SAS:273|HOU:300|MEM:503
76690,DAL:104|SAS:245|OKC:267|HOU:268|MEM:515
76043,DAL:96|SAS:256|OKC:259|HOU:279|MEM:506
76637,DAL:149|SAS:235|HOU:258|OKC:323|MEM:559
76665,DAL:124|SAS:230|HOU:252|OKC:292|MEM:535
76077,DAL:85|OKC:249|SAS:258|HOU:282|MEM:496
76049,DAL:79|OKC:233|SAS:281|HOU:288|MEM:490
76070,DAL:88|OKC:252|SAS:268|HOU:285|MEM:499
76652,DAL:100|SAS:250|OKC:268|HOU:273|MEM:511
76634,DAL:118|SAS:214|HOU:237|OKC:293|MEM:528
76044,DAL:81|OKC:235|SAS:268|HOU:278|MEM:492
76671,DAL:130|SAS:268|HOU:282|OKC:303|MEM:539
76033,DAL:71|OKC:234|SAS:258|HOU:267|MEM:481
76689,DAL:125|SAS:197|HOU:220|OKC:304|MEM:534
76638,DAL:130|SAS:190|HOU:223|OKC:309|MEM:539
76058,DAL:64|OKC:217|SAS:251|HOU:262|MEM:474
76093,DAL:83|OKC:252|SAS:257|HOU:272|MEM:494
76627,DAL:88|SAS:239|HOU:253|OKC:257|MEM:499
76059,DAL:55|OKC:222|SAS:242|HOU:252|MEM:466
76692,DAL:82|SAS:223|HOU:237|OKC:261|MEM:491
76633,DAL:124|SAS:214|HOU:227|OKC:304|MEM:534
76031,DAL:67|OKC:237|SAS:243|HOU:258|MEM:478
76636,DAL:81|SAS:240|OKC:251|HOU:254|MEM:492
76712,DAL:114|SAS:187|HOU:207|OKC:293|MEM:523
76622,DAL:89|SAS:205|HOU:220|OKC:268|MEM:499
76708,DAL:101|SAS:191|HOU:203|OKC:280|MEM:510
76009,DAL:43|OKC:216|SAS:233|HOU:240|MEM:454
76710,DAL:105|SAS:180|HOU:200|OKC:284|MEM:514
76707,DAL:98|SAS:180|HOU:197|OKC:277|MEM:508
76050,DAL:60|SAS:226|OKC:229|HOU:240|MEM:471
76711,DAL:98|SAS:174|HOU:195|OKC:277|MEM:507
76055,DAL:64|SAS:216|HOU:230|OKC:234|MEM:475
76701,DAL:96|SAS:177|HOU:193|OKC:275|MEM:505
76645,DAL:66|SAS:208|HOU:222|OKC:245|MEM:476
76704,DAL:92|SAS:179|HOU:191|OKC:271|MEM:501
76798,DAL:95|SAS:177|HOU:193|OKC:274|MEM:504
76691,DAL:83|SAS:193|HOU:207|OKC:262|MEM:492
76084,DAL:40|OKC:228|HOU:237|SAS:245|MEM:451
76621,DAL:76|SAS:198|HOU:213|OKC:255|MEM:485
76705,DAL:90|SAS:183|HOU:194|OKC:269|MEM:500
76640,DAL:88|SAS:190|HOU:204|OKC:268|MEM:498
76064,DAL:56|HOU:237|SAS:243|OKC:246|MEM:466
76654,DAL:86|SAS:195|HOU:207|OKC:265|MEM:496
76065,DAL:32|OKC:224|HOU:225|SAS:248|MEM:443
76670,DAL:67|SAS:232|HOU:245|OKC:261|MEM:477
76628,DAL:64|SAS:219|HOU:225|OKC:254|MEM:473
76631,DAL:76|SAS:218|HOU:224|OKC:255|MEM:486
76676,DAL:96|SAS:220|HOU:227|OKC:275|MEM:505
76624,DAL:99|SAS:195|HOU:204|OKC:278|MEM:509
75167,DAL:43|HOU:223|OKC:237|SAS:240|MEM:452
76666,DAL:70|HOU:225|SAS:230|OKC:264|MEM:480
76660,DAL:78|HOU:215|SAS:220|OKC:262|MEM:487
76673,DAL:100|SAS:201|HOU:210|OKC:281|MEM:503
76651,DAL:50|HOU:220|SAS:224|OKC:244|MEM:460
76650,DAL:76|HOU:219|SAS:230|OKC:270|MEM:485
76041,DAL:54|HOU:235|SAS:237|OKC:248|MEM:464
76648,DAL:89|HOU:204|SAS:209|OKC:268|MEM:495
75165,DAL:37|HOU:209|OKC:231|SAS:240|MEM:446
76664,DAL:124|HOU:195|SAS:209|OKC:303|MEM:531
76623,DAL:55|HOU:216|SAS:235|OKC:249|MEM:465
76641,DAL:70|HOU:208|SAS:233|OKC:264|MEM:480
76678,DAL:116|HOU:197|SAS:208|OKC:297|MEM:519
76626,DAL:74|HOU:208|SAS:245|OKC:267|MEM:481
75101,DAL:52|HOU:204|SAS:244|OKC:248|MEM:456
75152,DAL:37|HOU:207|OKC:233|SAS:261|MEM:440
76635,DAL:109|HOU:194|SAS:226|OKC:292|MEM:513
76639,DAL:93|HOU:201|SAS:221|OKC:286|MEM:496
75102,DAL:85|HOU:204|SAS:247|OKC:280|MEM:488
75119,DAL:46|HOU:199|OKC:241|SAS:261|MEM:449
76679,DAL:89|HOU:201|SAS:232|OKC:284|MEM:492
76686,DAL:99|HOU:185|SAS:233|OKC:294|MEM:502
75110,DAL:67|HOU:183|SAS:235|OKC:262|MEM:470
75155,DAL:58|HOU:196|OKC:253|SAS:258|MEM:461
76667,DAL:102|HOU:179|SAS:240|OKC:297|NOP:504
75157,DAL:57|HOU:217|OKC:250|SAS:278|MEM:450
76693,DAL:84|HOU:182|SAS:247|OKC:280|MEM:487
76681,DAL:76|HOU:173|SAS:249|OKC:271|MEM:479
75158,DAL:58|HOU:219|OKC:252|SAS:280|MEM:450
75105,DAL:74|HOU:207|OKC:269|SAS:269|MEM:477
75153,DAL:72|HOU:193|SAS:253|OKC:268|MEM:476
75109,DAL:72|HOU:184|SAS:245|OKC:267|MEM:475
75848,DAL:91|HOU:164|SAS:256|OKC:287|NOP:489
75859,DAL:91|HOU:177|SAS:265|OKC:287|MEM:494
75860,DAL:103|HOU:149|SAS:260|OKC:298|NOP:474
75143,DAL:59|HOU:223|OKC:253|SAS:285|MEM:450
75144,DAL:77|HOU:194|SAS:255|OKC:272|MEM:463
75163,DAL:85|HOU:204|SAS:264|OKC:278|MEM:455
75156,DAL:69|HOU:222|OKC:262|SAS:283|MEM:449
75840,DAL:97|HOU:161|SAS:271|OKC:293|NOP:486
75147,DAL:73|HOU:247|OKC:266|SAS:307|MEM:441
75148,DAL:96|HOU:213|SAS:276|OKC:289|MEM:455
75124,DAL:72|HOU:230|OKC:266|SAS:291|MEM:447
75751,DAL:103|HOU:210|SAS:293|OKC:297|MEM:457
75886,DAL:138|HOU:196|SAS:306|OKC:333|MEM:480
75884,DAL:134|HOU:191|SAS:302|OKC:329|MEM:475
75861,DAL:122|HOU:189|SAS:295|OKC:318|MEM:473
75855,DAL:127|HOU:155|SAS:265|OKC:322|MEM:473
75853,DAL:120|HOU:205|SAS:306|OKC:313|MEM:469
75752,DAL:83|HOU:223|OKC:277|SAS:284|MEM:429
75778,DAL:93|HOU:233|OKC:287|SAS:294|MEM:427
75803,DAL:123|HOU:191|SAS:302|OKC:317|MEM:450
75754,DAL:91|HOU:251|OKC:278|SAS:313|MEM:425
75770,DAL:109|HOU:228|OKC:303|SAS:308|MEM:444
75782,DAL:97|HOU:203|OKC:290|SAS:296|MEM:424
75756,DAL:110|HOU:243|OKC:303|SAS:311|MEM:423
75839,DAL:141|HOU:163|SAS:276|OKC:335|NOP:445
75801,DAL:135|HOU:181|SAS:291|OKC:329|MEM:451
75763,DAL:108|HOU:200|OKC:302|SAS:307|MEM:425
75758,DAL:107|HOU:224|OKC:295|SAS:311|MEM:413
75779,DAL:125|HOU:185|SAS:295|OKC:318|MEM:435
75704,DAL:103|HOU:239|OKC:290|SAS:326|MEM:410
75844,HOU:161|DAL:162|SAS:274|OKC:356|NOP:441
75759,DAL:111|HOU:206|OKC:305|SAS:310|MEM:426
75762,DAL:103|HOU:212|OKC:290|SAS:316|MEM:404
75709,DAL:99|HOU:224|OKC:286|SAS:312|MEM:401
75757,DAL:123|HOU:221|OKC:310|SAS:325|MEM:415
75703,DAL:109|HOU:221|OKC:296|SAS:323|MEM:401
75702,DAL:99|HOU:229|OKC:286|SAS:319|MEM:390
75701,DAL:106|HOU:227|OKC:294|SAS:322|MEM:394
75706,DAL:101|HOU:248|OKC:288|SAS:336|MEM:391
75711,DAL:106|HOU:230|OKC:293|SAS:322|MEM:392
75766,DAL:124|HOU:199|SAS:316|OKC:317|MEM:422
75791,DAL:116|HOU:229|OKC:303|SAS:331|MEM:401
75708,DAL:106|HOU:241|OKC:293|SAS:333|MEM:384
75785,DAL:143|HOU:188|SAS:317|OKC:336|NOP:425
75707,DAL:117|HOU:236|OKC:304|SAS:333|MEM:399
75764,DAL:137|HOU:197|SAS:329|OKC:330|MEM:429
75792,DAL:104|HOU:246|OKC:291|SAS:338|MEM:372
75789,DAL:139|HOU:234|OKC:326|SAS:350|MEM:421
75780,DAL:134|HOU:208|SAS:326|OKC:327|MEM:413
75750,DAL:126|HOU:236|OKC:313|SAS:342|MEM:402
75705,DAL:109|HOU:236|OKC:296|SAS:333|MEM:382
75784,DAL:153|HOU:195|SAS:334|OKC:346|MEM:417
75687,DAL:155|HOU:229|OKC:342|SAS:357|MEM:411
75689,DAL:139|HOU:223|OKC:326|SAS:355|MEM:398
75682,DAL:137|HOU:229|OKC:324|SAS:357|MEM:395
75684,DAL:134|HOU:228|OKC:321|SAS:358|MEM:389
75788,DAL:158|HOU:186|SAS:339|OKC:351|NOP:414
75658,DAL:144|HOU:216|OKC:332|SAS:358|MEM:395
75662,DAL:117|HOU:227|OKC:305|SAS:347|MEM:375
75760,DAL:167|HOU:187|SAS:345|OKC:360|NOP:415
75667,DAL:158|HOU:198|SAS:350|OKC:351|MEM:403
75654,DAL:157|HOU:217|OKC:344|SAS:354|MEM:402
75652,DAL:144|HOU:218|OKC:331|SAS:365|MEM:388
75680,DAL:154|HOU:192|OKC:341|SAS:352|MEM:397
75603,DAL:129|HOU:229|OKC:316|SAS:361|MEM:369
75681,DAL:166|HOU:188|SAS:348|OKC:353|MEM:389
75602,DAL:140|HOU:251|OKC:327|MEM:373|SAS:374
75641,DAL:137|HOU:235|OKC:325|SAS:369|MEM:379
75669,DAL:172|HOU:203|OKC:359|SAS:363|MEM:385
75691,DAL:143|HOU:228|OKC:330|MEM:366|SAS:375
75946,HOU:178|DAL:189|SAS:338|OKC:376|NOP:381
75631,DAL:160|HOU:223|OKC:347|MEM:370|NOP:381
75975,HOU:187|DAL:188|SAS:347|NOP:370|OKC:376
75643,DAL:186|HOU:208|SAS:368|OKC:373|NOP:380
75671,DAL:150|HOU:239|OKC:337|MEM:349|NOP:364
75672,DAL:151|HOU:237|OKC:338|MEM:349|NOP:358
75633,DAL:173|HOU:219|OKC:361|NOP:370|MEM:372
75974,DAL:185|HOU:203|NOP:359|SAS:363|OKC:372
75642,DAL:165|HOU:234|OKC:353|NOP:358|MEM:360
75639,DAL:176|HOU:232|NOP:356|MEM:358|OKC:363
75692,DAL:171|HOU:260|NOP:355|MEM:356|OKC:358
71007,DAL:179|HOU:245|NOP:342|MEM:347|OKC:366
71033,DAL:167|HOU:249|MEM:338|NOP:338|OKC:354
71049,DAL:222|HOU:238|NOP:350|MEM:393|SAS:399
71046,DAL:204|HOU:258|NOP:336|MEM:371|OKC:392
71129,DAL:174|HOU:246|NOP:332|MEM:337|OKC:362
71119,DAL:178|HOU:262|MEM:339|NOP:342|OKC:365
71047,DAL:193|HOU:265|NOP:349|MEM:357|OKC:380
71109,DAL:177|HOU:261|MEM:328|NOP:330|OKC:364
71118,DAL:183|HOU:261|NOP:323|MEM:336|OKC:370
71078,DAL:197|HOU:266|NOP:315|MEM:350|OKC:384
71032,DAL:211|HOU:256|NOP:316|MEM:365|OKC:399
71030,DAL:202|HOU:257|NOP:314|MEM:356|OKC:389
71108,DAL:180|HOU:265|NOP:323|MEM:333|OKC:368
71103,DAL:177|HOU:261|NOP:326|MEM:328|OKC:364
71106,DAL:187|HOU:268|NOP:319|MEM:340|OKC:374
71104,DAL:184|HOU:268|NOP:326|MEM:334|OKC:371
71105,DAL:188|HOU:272|NOP:326|MEM:337|OKC:375
71027,DAL:201|HOU:274|NOP:306|MEM:353|OKC:388
71112,DAL:196|HOU:280|NOP:334|MEM:342|OKC:383
71115,
71037,DAL:210|HOU:294|MEM:350|NOP:352|OKC:397
71051,DAL:231|HOU:315|NOP:367|MEM:374|OKC:418
71023,DAL:216|HOU:300|MEM:356|NOP:360|OKC:403
71068,DAL:240|HOU:310|NOP:333|MEM:374|OKC:428
71039,DAL:225|HOU:309|NOP:340|MEM:354|OKC:412
71024,DAL:230|HOU:314|MEM:353|NOP:353|OKC:417
71045,DAL:245|HOU:317|NOP:339|MEM:352|OKC:432
71028,DAL:234|HOU:318|MEM:338|NOP:349|OKC:421
71008,DAL:252|HOU:320|NOP:328|MEM:339|OKC:439
79323,DAL:405|SAS:429|OKC:444|DEN:604|HOU:605
79359,DAL:376|SAS:400|OKC:406|HOU:577|DEN:593
79378,DAL:367|SAS:391|OKC:393|HOU:567|DEN:583
79342,DAL:355|SAS:379|OKC:414|HOU:556|DEN:604
79377,DAL:336|SAS:360|OKC:398|HOU:537|DEN:588
79331,DAL:312|SAS:337|OKC:400|HOU:513|DEN:600
79373,DAL:330|SAS:373|OKC:374|HOU:543|DEN:573
79351,DAL:344|SAS:368|OKC:394|HOU:544|DEN:594
79738,DAL:308|SAS:360|OKC:399|HOU:520|DEN:638
79356,DAL:307|OKC:358|SAS:359|HOU:519|DEN:598
79330,DAL:301|SAS:354|OKC:393|HOU:514|DEN:624
79517,DAL:275|SAS:327|OKC:367|HOU:487|DEN:616
79527,DAL:267|SAS:315|OKC:361|HOU:479|DEN:644
79549,DAL:264|SAS:316|OKC:344|HOU:476|DEN:629
79526,DAL:238|SAS:290|OKC:339|HOU:450|DEN:629
79518,DAL:294|OKC:331|SAS:352|HOU:506|DEN:648
79528,DAL:277|OKC:325|SAS:334|HOU:489|DEN:646
79546,DAL:241|SAS:298|OKC:313|HOU:453|DEN:652
79543,DAL:225|SAS:282|OKC:302|HOU:437|MEM:636
79502,DAL:259|OKC:280|SAS:343|HOU:471|DEN:653
79534,DAL:223|OKC:290|SAS:293|HOU:435|MEM:635
79560,DAL:226|SAS:303|OKC:307|HOU:438|MEM:638
79561,DAL:204|SAS:281|OKC:316|HOU:416|MEM:616
79520,DAL:223|OKC:278|SAS:311|HOU:435|MEM:635
79540,DAL:249|OKC:264|SAS:338|HOU:461|MEM:661
79548,DAL:235|OKC:254|SAS:324|HOU:447|MEM:647
79547,DAL:243|OKC:246|SAS:333|HOU:456|MEM:655
79501,DAL:197|OKC:266|SAS:287|HOU:410|MEM:609
79539,OKC:244|DAL:247|SAS:357|HOU:475|MEM:655
79544,OKC:236|DAL:239|SAS:342|HOU:465|MEM:647
79553,DAL:218|OKC:251|SAS:307|HOU:430|MEM:629
79529,OKC:235|DAL:238|SAS:364|HOU:466|MEM:646
79525,DAL:199|OKC:280|SAS:288|HOU:411|MEM:611
79503,DAL:221|OKC:264|SAS:313|HOU:433|MEM:632
76371,OKC:221|DAL:223|SAS:355|HOU:451|MEM:632
76388,OKC:226|DAL:228|SAS:343|HOU:456|MEM:636
79601,DAL:191|SAS:286|OKC:308|HOU:403|MEM:602
79521,DAL:240|OKC:244|SAS:331|HOU:455|MEM:654
79533,DAL:250|OKC:308|SAS:347|HOU:462|MEM:662
76483,DAL:217|OKC:252|SAS:375|HOU:434|MEM:631
76430,DAL:195|OKC:280|SAS:334|HOU:409|MEM:607
76464,DAL:166|OKC:289|SAS:317|HOU:379|MEM:578
76491,DAL:199|OKC:264|SAS:370|HOU:415|MEM:613
76372,DAL:173|OKC:220|SAS:375|HOU:395|MEM:589
76370,DAL:166|OKC:212|SAS:381|HOU:394|MEM:582
76424,DAL:166|OKC:250|SAS:336|HOU:380|MEM:577
76374,DAL:150|OKC:198|SAS:365|HOU:378|MEM:566
76481,DAL:157|OKC:237|SAS:352|HOU:373|MEM:570
76470,DAL:126|OKC:279|SAS:298|HOU:340|MEM:538
76429,DAL:148|OKC:253|SAS:331|HOU:362|MEM:560
76450,DAL:160|OKC:240|SAS:355|HOU:375|MEM:573
76460,DAL:141|OKC:204|SAS:363|HOU:369|MEM:557
76475,DAL:136|OKC:289|SAS:310|HOU:350|MEM:548
76427,DAL:126|OKC:221|SAS:335|HOU:354|MEM:542
76459,DAL:123|OKC:206|SAS:350|HOU:351|MEM:539
76453,DAL:114|OKC:267|SAS:291|HOU:328|MEM:525
76449,DAL:119|OKC:255|SAS:313|HOU:333|MEM:531
76484,DAL:114|OKC:267|SAS:295|HOU:328|MEM:526
76458,DAL:110|OKC:217|HOU:338|SAS:338|MEM:526
76472,DAL:102|OKC:255|SAS:284|HOU:316|MEM:514
76067,DAL:95|OKC:248|SAS:288|HOU:309|MEM:506
76486,DAL:103|OKC:230|SAS:313|HOU:330|MEM:519
76490,DAL:112|OKC:238|SAS:310|HOU:327|MEM:525
76462,DAL:108|OKC:262|SAS:276|HOU:322|MEM:520
76066,DAL:90|OKC:244|SAS:292|HOU:304|MEM:502
76439,DAL:86|OKC:239|SAS:291|HOU:300|MEM:497
76487,DAL:92|OKC:228|HOU:320|SAS:321|MEM:509
76088,DAL:96|OKC:245|HOU:311|SAS:311|MEM:508
76431,DAL:100|OKC:204|HOU:328|SAS:330|MEM:513
76426,DAL:96|OKC:200|HOU:324|SAS:326|MEM:508
76087,DAL:78|OKC:231|HOU:292|SAS:292|MEM:489
76086,DAL:68|OKC:222|HOU:283|SAS:283|MEM:480
76270,DAL:91|OKC:188|HOU:318|SAS:320|MEM:504
76082,DAL:68|OKC:210|HOU:296|SAS:297|MEM:484
76073,DAL:99|OKC:213|HOU:326|SAS:328|MEM:514
76085,DAL:87|OKC:231|HOU:301|SAS:301|MEM:499
76225,DAL:96|OKC:201|HOU:324|SAS:326|MEM:509
76035,DAL:81|OKC:235|SAS:283|HOU:290|MEM:492
76008,DAL:71|OKC:224|SAS:280|HOU:283|MEM:482
76023,DAL:71|OKC:201|HOU:299|SAS:300|MEM:487
76020,DAL:56|OKC:210|HOU:284|SAS:286|MEM:472
76108,DAL:62|OKC:215|HOU:284|SAS:284|MEM:478
76126,DAL:63|OKC:216|SAS:268|HOU:271|MEM:474
76234,DAL:79|OKC:170|HOU:307|SAS:309|MEM:488
76071,DAL:53|OKC:197|HOU:281|SAS:283|MEM:469
76135,DAL:53|OKC:206|HOU:281|SAS:282|MEM:469
76078,DAL:55|OKC:188|HOU:283|SAS:285|MEM:471
76116,DAL:50|OKC:203|HOU:262|SAS:263|MEM:460
76179,DAL:49|OKC:198|HOU:277|SAS:279|MEM:465
76127,DAL:51|OKC:204|HOU:276|SAS:276|MEM:467
76036,DAL:56|OKC:210|SAS:253|HOU:264|MEM:466
76132,DAL:51|OKC:204|HOU:259|SAS:260|MEM:461
76114,DAL:47|OKC:200|SAS:271|HOU:272|MEM:463
76123,DAL:54|OKC:208|SAS:259|HOU:264|MEM:464
76267,DAL:74|OKC:161|HOU:302|SAS:317|MEM:481
76109,DAL:50|OKC:204|HOU:260|SAS:261|MEM:461
76107,DAL:45|OKC:198|SAS:262|HOU:263|MEM:455
76133,DAL:48|OKC:205|HOU:257|SAS:257|MEM:459
76052,DAL:51|OKC:190|HOU:278|SAS:280|MEM:467
76129,DAL:47|OKC:200|HOU:262|SAS:262|MEM:457
76106,DAL:44|OKC:197|SAS:270|HOU:271|MEM:460
76164,DAL:43|OKC:195|HOU:265|SAS:265|MEM:458
76238,DAL:79|OKC:155|HOU:307|SAS:324|MEM:480
76131,DAL:40|OKC:192|HOU:268|SAS:271|MEM:456
76110,DAL:45|OKC:198|SAS:256|HOU:258|MEM:455
76115,DAL:45|OKC:198|HOU:253|SAS:253|MEM:455
76134,DAL:49|OKC:203|SAS:251|HOU:258|MEM:460
76102,DAL:38|OKC:191|HOU:258|SAS:259|MEM:451
76247,DAL:54|OKC:180|HOU:282|SAS:291|MEM:467
76104,DAL:40|OKC:193|SAS:255|HOU:256|MEM:450
76259,DAL:65|OKC:178|HOU:293|SAS:305|MEM:472
76028,DAL:52|OKC:206|SAS:245|HOU:256|MEM:463
76177,DAL:42|OKC:179|HOU:269|SAS:273|MEM:455
76249,DAL:62|OKC:172|HOU:290|SAS:308|MEM:470
76111,DAL:36|OKC:190|HOU:260|SAS:261|MEM:452
76137,DAL:36|OKC:188|HOU:264|SAS:267|MEM:453
76140,DAL:45|OKC:207|HOU:254|SAS:255|MEM:456
76244,DAL:44|OKC:185|HOU:272|SAS:276|MEM:458
76103,DAL:38|OKC:200|HOU:259|SAS:265|MEM:449
76105,DAL:41|OKC:199|HOU:254|SAS:262|MEM:452
76117,DAL:37|OKC:196|HOU:264|SAS:267|MEM:453
76119,DAL:40|OKC:199|HOU:250|SAS:259|MEM:450
76148,DAL:35|OKC:194|HOU:263|SAS:273|MEM:451
76248,DAL:44|OKC:193|HOU:271|SAS:283|MEM:457
76180,DAL:31|OKC:193|HOU:259|SAS:271|MEM:448
76262,DAL:33|OKC:180|HOU:261|SAS:278|MEM:446
76112,DAL:32|OKC:199|HOU:253|SAS:263|MEM:442
76060,DAL:41|OKC:208|HOU:248|SAS:262|MEM:452
76266,DAL:62|OKC:158|HOU:289|SAS:307|MEM:469
76182,DAL:37|OKC:198|HOU:265|SAS:278|MEM:453
76061,DAL:52|OKC:224|HOU:247|SAS:249|MEM:463
76118,DAL:36|OKC:202|HOU:260|SAS:275|MEM:448
76016,DAL:38|OKC:208|HOU:247|SAS:262|MEM:449
76120,DAL:30|OKC:200|HOU:253|SAS:267|MEM:440
76053,DAL:31|OKC:197|HOU:258|SAS:271|MEM:447
76054,DAL:31|OKC:198|HOU:259|SAS:274|MEM:447
76226,DAL:49|OKC:176|HOU:277|SAS:290|MEM:463
76207,DAL:46|OKC:160|HOU:274|SAS:289|MEM:454
76017,DAL:35|OKC:210|HOU:244|SAS:264|MEM:446
76001,DAL:42|OKC:211|HOU:244|SAS:265|MEM:453
76013,DAL:34|OKC:210|HOU:250|SAS:270|MEM:444
76203,DAL:44|OKC:163|HOU:272|SAS:292|MEM:452
76034,DAL:34|OKC:197|HOU:262|SAS:282|MEM:448
76092,DAL:29|OKC:186|HOU:257|SAS:285|MEM:442
76201,DAL:48|OKC:162|HOU:275|SAS:294|MEM:455
76022,DAL:26|OKC:197|HOU:254|SAS:274|MEM:442
76063,DAL:44|OKC:215|HOU:239|SAS:259|MEM:455
76012,DAL:29|OKC:208|HOU:252|SAS:274|MEM:440
76015,DAL:35|OKC:211|HOU:244|SAS:265|MEM:446
76021,DAL:27|OKC:199|HOU:255|SAS:276|MEM:443
76205,DAL:43|OKC:165|HOU:271|SAS:295|MEM:450
76272,DAL:66|OKC:151|HOU:293|SAS:311|MEM:473
75022,DAL:43|OKC:186|HOU:271|SAS:294|MEM:452
76209,DAL:49|OKC:167|HOU:277|SAS:300|MEM:456
76040,DAL:25|OKC:201|HOU:253|SAS:279|MEM:441
76006,DAL:29|OKC:209|HOU:251|SAS:277|MEM:439
76210,DAL:41|OKC:168|HOU:269|SAS:298|MEM:449
76002,DAL:38|OKC:218|HOU:244|SAS:266|MEM:448
76018,DAL:31|OKC:211|HOU:240|SAS:268|MEM:442
76014,DAL:32|OKC:211|HOU:241|SAS:268|MEM:442
76039,DAL:26|OKC:197|HOU:254|SAS:280|MEM:442
76011,DAL:23|OKC:203|HOU:246|SAS:275|MEM:434
76010,DAL:27|OKC:206|HOU:242|SAS:271|MEM:437
76051,DAL:27|OKC:189|HOU:254|SAS:283|MEM:439
76005,DAL:29|OKC:205|HOU:256|SAS:283|MEM:444
75028,DAL:38|OKC:184|HOU:266|SAS:298|MEM:445
75077,DAL:37|OKC:176|HOU:265|SAS:297|MEM:444
76208,DAL:50|OKC:171|HOU:278|SAS:305|MEM:457
75261,DAL:28|OKC:195|HOU:256|SAS:287|MEM:443
76155,DAL:21|OKC:198|HOU:249|SAS:280|MEM:437
75052,DAL:30|OKC:209|HOU:239|SAS:269|MEM:441
75054,DAL:36|OKC:215|HOU:245|SAS:266|MEM:446
75065,DAL:40|OKC:176|HOU:267|SAS:299|MEM:447
75050,DAL:26|OKC:205|HOU:250|SAS:282|MEM:437
75063,DAL:27|OKC:189|HOU:254|SAS:284|MEM:438
75067,DAL:29|OKC:179|HOU:257|SAS:289|MEM:436
75051,DAL:24|OKC:205|HOU:240|SAS:270|MEM:434
76227,DAL:60|OKC:177|HOU:288|SAS:313|MEM:453
75019,DAL:31|OKC:188|HOU:258|SAS:291|MEM:438
75038,DAL:22|OKC:194|HOU:250|SAS:282|MEM:434
75057,DAL:32|OKC:177|HOU:260|SAS:292|MEM:439
75104,DAL:25|OKC:217|HOU:236|SAS:260|MEM:436
75061,DAL:17|OKC:196|HOU:245|SAS:277|MEM:433
75249,DAL:27|OKC:210|HOU:237|SAS:266|MEM:438
75062,DAL:16|OKC:195|HOU:244|SAS:276|MEM:433
75060,DAL:19|OKC:197|HOU:244|SAS:274|MEM:432
75068,DAL:56|OKC:184|HOU:284|SAS:316|MEM:456
75039,DAL:18|OKC:192|HOU:246|SAS:278|MEM:431
75236,DAL:20|OKC:200|HOU:232|SAS:262|MEM:430
76258,DAL:76|OKC:178|HOU:303|SAS:328|MEM:470
75036,DAL:44|OKC:198|HOU:270|SAS:304|MEM:444
76271,DAL:68|OKC:159|HOU:295|SAS:323|MEM:457
75137,DAL:20|OKC:211|HOU:231|SAS:261|MEM:431
75116,DAL:21|OKC:208|HOU:230|SAS:260|MEM:432
75056,DAL:36|OKC:188|HOU:264|SAS:296|MEM:434
75211,DAL:18|OKC:198|HOU:239|SAS:270|MEM:428
75006,DAL:25|OKC:186|HOU:252|SAS:284|MEM:432
75007,DAL:29|OKC:186|HOU:256|SAS:290|MEM:431
75234,DAL:20|OKC:186|HOU:248|SAS:280|MEM:426
75212,DAL:14|OKC:200|HOU:237|SAS:270|MEM:424
75247,DAL:11|OKC:196|HOU:239|SAS:271|MEM:427
75220,DAL:16|OKC:192|HOU:243|SAS:276|MEM:430
75010,DAL:28|OKC:189|HOU:255|SAS:289|MEM:430
75237,DAL:16|OKC:209|HOU:229|SAS:259|MEM:427
75233,DAL:18|OKC:205|HOU:234|SAS:262|MEM:428
75229,DAL:22|OKC:192|HOU:248|SAS:281|MEM:427
75115,DAL:26|OKC:217|HOU:234|SAS:256|MEM:436
75235,DAL:13|OKC:195|HOU:239|SAS:273|MEM:429
75033,DAL:33|OKC:197|HOU:259|SAS:293|MEM:433
75390,DAL:9|OKC:195|HOU:236|SAS:269|MEM:425
75287,DAL:23|OKC:188|HOU:250|SAS:284|MEM:425
75208,DAL:12|OKC:205|HOU:235|SAS:263|MEM:422
75232,DAL:17|OKC:211|HOU:227|SAS:255|MEM:427
75224,DAL:13|OKC:206|HOU:230|SAS:259|MEM:423
75034,DAL:31|OKC:193|HOU:258|SAS:292|MEM:431
75001,DAL:21|OKC:191|HOU:247|SAS:281|MEM:426
75244,DAL:14|OKC:192|HOU:239|SAS:275|MEM:418
75209,DAL:11|OKC:201|HOU:239|SAS:272|MEM:428
75207,DAL:6|OKC:200|HOU:233|SAS:266|MEM:422
75219,DAL:8|OKC:200|HOU:232|SAS:269|MEM:422
75093,DAL:27|OKC:194|HOU:254|SAS:288|MEM:429
75024,DAL:28|OKC:195|HOU:254|SAS:288|MEM:430
75154,DAL:27|OKC:221|HOU:224|SAS:246|MEM:437
75078,DAL:39|OKC:193|HOU:266|SAS:300|MEM:433
75202,DAL:4|OKC:200|HOU:229|SAS:264|MEM:419
75270,DAL:4|OKC:199|HOU:229|SAS:264|MEM:419
75203,DAL:11|OKC:205|HOU:230|SAS:264|MEM:422
75254,DAL:20|OKC:194|HOU:243|SAS:280|MEM:422
75201,DAL:3|OKC:199|HOU:227|SAS:266|MEM:418
75248,DAL:23|OKC:196|HOU:248|SAS:284|MEM:427
75205,DAL:11|OKC:201|HOU:233|SAS:272|MEM:424
75230,DAL:16|OKC:198|HOU:240|SAS:277|MEM:422
75240,DAL:18|OKC:192|HOU:241|SAS:279|MEM:420
75225,DAL:13|OKC:198|HOU:236|SAS:274|MEM:426
75204,DAL:8|OKC:203|HOU:230|SAS:270|MEM:416
75252,DAL:26|OKC:192|HOU:250|SAS:287|MEM:423
75216,DAL:15|OKC:210|HOU:225|SAS:263|MEM:423
75134,DAL:24|OKC:217|HOU:225|SAS:256|MEM:428
75226,DAL:8|OKC:203|HOU:228|SAS:267|MEM:414
75035,DAL:42|OKC:206|HOU:268|SAS:302|MEM:433
75251,DAL:16|OKC:195|HOU:237|SAS:278|MEM:418
75246,DAL:10|OKC:205|HOU:231|SAS:270|MEM:414
75206,DAL:11|OKC:202|HOU:233|SAS:273|MEM:420
75215,DAL:11|OKC:206|HOU:226|SAS:268|MEM:418
75241,DAL:19|OKC:214|HOU:220|SAS:259|MEM:422
75009,DAL:59|OKC:193|HOU:286|SAS:320|MEM:441
75146,DAL:33|HOU:226|OKC:227|SAS:258|MEM:438
75231,DAL:16|OKC:202|HOU:238|SAS:278|MEM:420
75210,DAL:14|OKC:209|HOU:229|SAS:271|MEM:414
75223,DAL:12|OKC:208|HOU:231|SAS:269|MEM:410
75214,DAL:17|OKC:208|HOU:239|SAS:279|MEM:421
75080,DAL:22|OKC:200|HOU:243|SAS:284|MEM:424
75075,DAL:28|OKC:197|HOU:250|SAS:290|MEM:421
75025,DAL:36|OKC:202|HOU:258|SAS:299|MEM:428
75058,DAL:63|OKC:178|HOU:286|SAS:324|MEM:439
75243,DAL:17|OKC:195|HOU:239|SAS:280|MEM:415
75023,DAL:30|OKC:203|HOU:252|SAS:292|MEM:426
75238,DAL:23|OKC:200|HOU:241|SAS:282|MEM:413
75081,DAL:24|OKC:202|HOU:245|SAS:286|MEM:424
75218,DAL:25|OKC:208|HOU:246|SAS:283|MEM:418
75072,DAL:45|OKC:207|HOU:267|SAS:307|MEM:422
75070,DAL:39|OKC:201|HOU:260|SAS:301|MEM:421
75013,DAL:32|OKC:201|HOU:254|SAS:295|MEM:422
75141,DAL:20|OKC:216|HOU:217|SAS:264|MEM:423
75227,DAL:22|OKC:216|HOU:236|SAS:277|MEM:415
75217,DAL:14|OKC:210|HOU:228|SAS:269|MEM:420
75228,DAL:22|OKC:210|HOU:241|SAS:278|MEM:412
75042,DAL:26|OKC:203|HOU:244|SAS:285|MEM:416
75172,DAL:23|HOU:215|OKC:218|SAS:266|MEM:426
75074,DAL:29|OKC:202|HOU:250|SAS:291|MEM:422
75082,DAL:25|OKC:196|HOU:247|SAS:288|MEM:414
75041,DAL:26|OKC:203|HOU:240|SAS:281|MEM:412
75044,DAL:30|OKC:201|HOU:252|SAS:292|MEM:412
75150,DAL:21|OKC:206|HOU:234|SAS:275|MEM:405
75071,DAL:40|OKC:199|HOU:261|SAS:302|MEM:414
75125,DAL:32|HOU:213|OKC:227|SAS:269|MEM:435
75040,DAL:34|OKC:205|HOU:251|SAS:291|MEM:412
75149,DAL:22|OKC:208|HOU:232|SAS:273|MEM:409
75180,DAL:21|OKC:210|HOU:225|SAS:266|MEM:411
75094,DAL:35|OKC:205|HOU:256|SAS:297|MEM:421
75253,DAL:21|OKC:215|HOU:226|SAS:268|MEM:416
75002,DAL:42|OKC:215|HOU:264|SAS:305|MEM:419
75069,DAL:38|OKC:205|HOU:259|SAS:300|MEM:408
75048,DAL:37|OKC:208|HOU:252|SAS:293|MEM:412
75043,DAL:25|OKC:210|HOU:240|SAS:281|MEM:403
75454,DAL:43|OKC:196|HOU:264|SAS:305|MEM:416
75181,DAL:30|OKC:219|HOU:234|SAS:275|MEM:421
75182,DAL:28|OKC:215|HOU:241|SAS:282|MEM:408
75495,DAL:59|OKC:192|HOU:280|SAS:321|MEM:427
75089,DAL:34|OKC:208|HOU:249|SAS:289|MEM:407
75088,DAL:28|OKC:208|HOU:243|SAS:284|MEM:400
75159,DAL:33|HOU:226|OKC:227|SAS:279|MEM:428
75098,DAL:42|OKC:214|HOU:257|SAS:298|MEM:408
75409,DAL:56|OKC:199|HOU:278|SAS:318|MEM:421
75407,DAL:58|OKC:220|HOU:279|SAS:320|MEM:407
75126,DAL:30|OKC:217|HOU:241|SAS:281|MEM:414
75166,DAL:47|OKC:223|HOU:262|SAS:303|MEM:402
75114,DAL:37|OKC:231|HOU:238|SAS:283|MEM:432
75087,DAL:36|OKC:221|HOU:251|SAS:292|MEM:393
75032,DAL:39|OKC:225|HOU:254|SAS:295|MEM:401
75491,DAL:71|OKC:192|HOU:292|SAS:333|MEM:411
75173,DAL:56|OKC:231|HOU:272|SAS:312|MEM:400
75424,DAL:59|OKC:205|HOU:280|SAS:321|MEM:403
75132,DAL:36|OKC:221|HOU:251|SAS:292|MEM:387
75442,DAL:60|OKC:218|HOU:282|SAS:322|MEM:391
75189,DAL:46|OKC:232|HOU:261|SAS:302|MEM:388
75490,DAL:63|OKC:196|HOU:284|SAS:325|MEM:404
75164,DAL:57|OKC:233|HOU:272|SAS:313|MEM:395
75160,DAL:43|OKC:230|HOU:250|SAS:291|MEM:414
75475,DAL:66|OKC:199|HOU:288|SAS:329|MEM:407
75142,DAL:49|OKC:243|HOU:244|SAS:296|MEM:438
75452,DAL:73|OKC:205|HOU:294|SAS:335|MEM:400
75135,DAL:51|OKC:233|HOU:266|SAS:306|MEM:380
75423,DAL:72|OKC:209|HOU:287|SAS:328|MEM:386
75413,DAL:77|OKC:209|HOU:299|SAS:339|MEM:403
75161,DAL:56|OKC:243|HOU:263|SAS:303|MEM:429
75474,DAL:76|OKC:262|HOU:284|SAS:325|MEM:403
75401,DAL:63|OKC:221|HOU:279|SAS:319|MEM:376
75402,DAL:57|OKC:235|HOU:272|SAS:313|MEM:374
75496,DAL:82|OKC:222|HOU:297|SAS:338|MEM:394
75169,DAL:61|OKC:249|HOU:266|SAS:307|MEM:408
75449,DAL:88|OKC:226|HOU:303|SAS:344|MEM:390
75453,DAL:73|OKC:245|HOU:288|SAS:329|MEM:376
75422,DAL:66|OKC:240|HOU:281|SAS:322|MEM:365
75428,DAL:75|OKC:238|HOU:290|SAS:331|MEM:377
75429,DAL:74|OKC:238|HOU:289|SAS:330|MEM:376
75103,DAL:75|HOU:259|OKC:262|SAS:319|MEM:418
75472,DAL:87|OKC:259|HOU:289|SAS:336|MEM:387
75117,DAL:79|OKC:266|HOU:274|SAS:325|MEM:396
75469,DAL:96|OKC:242|HOU:311|SAS:351|MEM:389
75433,DAL:80|OKC:254|HOU:295|SAS:336|MEM:361
75127,DAL:86|OKC:273|HOU:277|SAS:332|MEM:407
75448,DAL:81|OKC:241|HOU:296|SAS:337|MEM:379
75440,DAL:90|OKC:262|HOU:276|SAS:346|MEM:377
75415,DAL:102|OKC:245|HOU:317|SAS:358|MEM:389
75420,DAL:84|OKC:258|HOU:299|SAS:340|MEM:355
75140,DAL:88|HOU:266|OKC:276|SAS:334|MEM:402
75432,DAL:89|OKC:234|HOU:304|SAS:344|MEM:375
75790,DAL:76|HOU:244|OKC:263|SAS:321|MEM:404
75441,DAL:95|OKC:238|HOU:310|SAS:351|MEM:379
75410,DAL:97|HOU:263|OKC:269|SAS:345|MEM:379
75482,DAL:84|OKC:257|HOU:299|SAS:340|MEM:345
75497,DAL:103|OKC:276|HOU:282|SAS:359|MEM:363
75437,DAL:104|OKC:272|HOU:319|MEM:352|SAS:359
75450,DAL:115|OKC:250|HOU:330|SAS:371|MEM:388
75431,DAL:101|OKC:275|HOU:298|MEM:353|SAS:357
75773,DAL:107|HOU:252|OKC:288|SAS:339|MEM:385
75771,DAL:100|HOU:246|OKC:287|SAS:333|MEM:401
75783,DAL:118|HOU:274|OKC:296|SAS:361|MEM:373
75471,DAL:124|OKC:297|HOU:320|MEM:366|SAS:379
75481,DAL:120|OKC:266|HOU:335|MEM:356|SAS:376
75478,DAL:97|OKC:270|HOU:312|MEM:329|SAS:353
75434,DAL:139|OKC:250|HOU:350|MEM:363|SAS:395
75494,DAL:126|HOU:295|OKC:300|MEM:356|SAS:382
75765,DAL:114|HOU:259|OKC:301|SAS:347|MEM:375
75457,DAL:106|OKC:272|HOU:313|MEM:326|SAS:362
75480,DAL:126|OKC:297|HOU:301|MEM:347|SAS:382
75487,DAL:141|OKC:260|HOU:326|MEM:339|SAS:397
75417,DAL:156|OKC:258|HOU:346|MEM:357|SAS:412
75451,DAL:136|OKC:303|HOU:306|MEM:347|SAS:392
75493,DAL:111|OKC:276|HOU:307|MEM:320|SAS:367
75755,DAL:131|HOU:275|OKC:318|SAS:365|MEM:372
75644,DAL:147|HOU:279|OKC:306|MEM:350|SAS:382
75455,DAL:119|OKC:267|HOU:304|MEM:313|SAS:375
75647,DAL:117|HOU:250|OKC:304|SAS:352|MEM:367
75686,DAL:131|HOU:282|OKC:284|MEM:328|SAS:386
75550,DAL:173|OKC:272|MEM:326|HOU:367|SAS:429
75645,DAL:142|HOU:269|OKC:314|MEM:358|SAS:377
75693,DAL:124|HOU:243|OKC:311|SAS:359|MEM:368
75558,DAL:123|OKC:277|MEM:304|HOU:308|SAS:379
75604,DAL:124|HOU:242|OKC:311|SAS:359|MEM:368
75571,DAL:158|OKC:311|MEM:323|HOU:342|SAS:414
75683,DAL:158|HOU:282|OKC:321|MEM:347|SAS:392
75638,DAL:139|OKC:292|HOU:301|MEM:327|SAS:395
75601,DAL:131|HOU:242|OKC:318|MEM:365|SAS:366
75605,DAL:141|HOU:254|OKC:328|MEM:369|SAS:376
75640,DAL:155|HOU:277|OKC:332|MEM:367|SAS:390
75668,DAL:162|HOU:297|OKC:315|MEM:343|SAS:408
75568,DAL:150|HOU:302|OKC:303|MEM:315|SAS:406
75630,DAL:188|HOU:307|OKC:341|MEM:350|SAS:424
75656,DAL:155|HOU:291|OKC:308|MEM:321|SAS:411
75574,DAL:151|MEM:294|OKC:302|HOU:319|SAS:407
75650,DAL:140|HOU:252|OKC:328|MEM:354|SAS:375
75651,DAL:160|HOU:261|MEM:343|OKC:343|NOP:387
75566,DAL:183|HOU:310|MEM:333|OKC:337|NOP:434
75570,DAL:147|MEM:276|OKC:288|HOU:317|SAS:403
75670,DAL:150|HOU:246|OKC:338|MEM:343|NOP:372
75563,DAL:178|HOU:282|MEM:312|OKC:331|NOP:406
75560,DAL:173|HOU:286|MEM:302|OKC:326|NOP:410
75694,DAL:154|HOU:243|MEM:328|OKC:342|NOP:367
75567,DAL:171|MEM:289|HOU:297|OKC:314|NOP:421
75657,DAL:171|HOU:260|MEM:321|OKC:344|NOP:384
75562,DAL:183|HOU:275|MEM:307|OKC:336|NOP:393
75564,DAL:193|HOU:282|MEM:324|OKC:353|NOP:403
75573,DAL:187|MEM:287|HOU:316|OKC:329|NOP:428
75551,DAL:186|HOU:286|MEM:291|OKC:339|NOP:402
75661,DAL:170|HOU:259|MEM:337|OKC:357|NOP:358
75555,DAL:208|HOU:299|MEM:317|OKC:361|NOP:394
75501,DAL:177|MEM:270|HOU:311|OKC:319|NOP:407
75572,DAL:188|MEM:280|HOU:299|OKC:329|NOP:409
75569,DAL:165|MEM:260|OKC:307|HOU:314|NOP:405
75659,DAL:167|HOU:256|MEM:347|NOP:350|OKC:355
75565,DAL:206|HOU:297|MEM:308|OKC:359|NOP:380
75556,DAL:196|MEM:285|HOU:301|OKC:338|NOP:391
71060,DAL:185|HOU:269|MEM:324|NOP:355|OKC:372
71069,DAL:209|MEM:294|HOU:301|OKC:353|NOP:370
71082,DAL:212|HOU:298|MEM:314|NOP:368|OKC:373
71061,DAL:198|HOU:282|MEM:311|NOP:357|OKC:370
71834,DAL:204|MEM:287|HOU:308|OKC:346|NOP:377
71854,DAL:187|MEM:265|HOU:328|OKC:328|NOP:407
71009,DAL:183|HOU:267|MEM:321|NOP:341|OKC:370
71043,DAL:205|HOU:289|MEM:298|OKC:357|NOP:359
71044,DAL:210|MEM:294|HOU:295|OKC:353|NOP:364
71107,DAL:192|HOU:276|MEM:321|NOP:344|OKC:379
71004,DAL:198|HOU:282|MEM:308|NOP:351|OKC:367
71837,DAL:195|MEM:278|HOU:322|OKC:337|NOP:391
71029,DAL:208|HOU:292|MEM:305|NOP:361|OKC:364
71101,DAL:181|HOU:265|NOP:326|MEM:330|OKC:368
71839,DAL:223|MEM:298|HOU:347|OKC:365|NOP:416
71826,DAL:220|MEM:303|HOU:322|OKC:362|NOP:392
71111,DAL:190|HOU:274|MEM:329|NOP:340|OKC:377
71064,DAL:218|HOU:302|MEM:311|NOP:369|OKC:370
71006,DAL:221|HOU:305|MEM:346|NOP:372|OKC:405
71845,DAL:212|MEM:280|HOU:352|OKC:354|NOP:419
71110,DAL:200|HOU:284|MEM:343|NOP:345|OKC:387
71861,DAL:242|MEM:299|HOU:333|OKC:384|NOP:400
71860,DAL:224|MEM:281|HOU:358|OKC:365|NOP:425
71075,DAL:245|MEM:317|HOU:329|NOP:396|OKC:396
71067,DAL:224|HOU:308|MEM:363|NOP:368|OKC:411
71071,DAL:238|MEM:320|HOU:322|NOP:387|OKC:390
71021,DAL:247|MEM:319|HOU:331|NOP:396|OKC:398
71018,DAL:231|HOU:315|MEM:333|NOP:378|OKC:397
71827,DAL:221|MEM:266|HOU:359|OKC:363|NOP:425
71072,DAL:253|MEM:326|HOU:338|NOP:396|OKC:405
71073,DAL:226|HOU:310|MEM:360|NOP:364|OKC:413
71770,DAL:235|MEM:269|HOU:373|OKC:377|NOP:437
71055,DAL:235|HOU:319|MEM:357|NOP:380|OKC:422
71752,DAL:250|MEM:282|HOU:387|OKC:391|NOP:436
71753,DAL:259|MEM:307|HOU:389|OKC:401|NOP:437
71740,DAL:259|MEM:307|HOU:364|OKC:401|NOP:406
71038,DAL:265|MEM:314|HOU:349|NOP:391|OKC:423
71003,DAL:238|HOU:322|MEM:330|NOP:360|OKC:425
71040,DAL:250|MEM:310|HOU:334|NOP:376|OKC:437
71001,DAL:239|HOU:323|MEM:327|NOP:347|OKC:426
71275,DAL:248|MEM:321|HOU:332|NOP:333|OKC:435
79505,OKC:224|DAL:227|SAS:380|HOU:455|MEM:635
76363,OKC:210|DAL:212|SAS:356|HOU:440|MEM:621
76380,OKC:187|DAL:191|SAS:375|HOU:418|MEM:598
76366,OKC:163|DAL:171|HOU:399|SAS:401|MEM:574
76351,DAL:176|OKC:179|SAS:391|HOU:404|MEM:587
76308,OKC:139|DAL:146|HOU:374|SAS:376|MEM:549
76310,OKC:158|DAL:163|HOU:391|SAS:393|MEM:566
76379,OKC:170|DAL:176|HOU:404|SAS:406|MEM:579
76302,OKC:134|DAL:140|HOU:367|SAS:369|MEM:542
76389,DAL:158|OKC:188|SAS:385|HOU:386|MEM:574
76365,DAL:129|OKC:157|HOU:357|SAS:359|MEM:532
76228,DAL:123|OKC:185|HOU:350|SAS:352|MEM:536
76261,DAL:129|OKC:165|HOU:356|SAS:358|MEM:517
76230,DAL:102|OKC:184|HOU:330|SAS:332|MEM:516
73569,DAL:161|OKC:172|HOU:389|SAS:391|MEM:549
76255,DAL:113|OKC:168|HOU:341|SAS:358|MEM:499
76251,DAL:112|OKC:174|HOU:340|SAS:347|MEM:498
76239,DAL:92|OKC:170|HOU:319|SAS:331|MEM:496
76265,DAL:100|OKC:161|HOU:328|SAS:346|MEM:486
73441,DAL:121|OKC:137|HOU:348|SAS:366|MEM:507
76263,DAL:86|OKC:162|HOU:314|SAS:332|MEM:488
76252,DAL:91|OKC:152|HOU:319|SAS:337|MEM:477
73430,DAL:116|OKC:132|HOU:344|SAS:362|MEM:502
76253,DAL:82|OKC:143|HOU:310|SAS:328|MEM:468
73453,DAL:110|OKC:115|HOU:337|SAS:355|MEM:496
76250,DAL:85|OKC:146|HOU:313|SAS:331|MEM:471
76240,DAL:79|OKC:134|HOU:306|SAS:324|MEM:465
76241,DAL:73|OKC:134|HOU:301|SAS:319|MEM:459
73459,DAL:81|OKC:119|HOU:309|SAS:327|MEM:468
73448,DAL:99|OKC:115|HOU:327|SAS:345|MEM:486
76273,DAL:107|OKC:169|HOU:328|SAS:355|MEM:459
76233,DAL:78|OKC:160|HOU:305|SAS:330|MEM:454
73440,DAL:119|OKC:135|HOU:341|SAS:365|MEM:472
76245,DAL:105|OKC:157|HOU:326|SAS:353|MEM:457
76264,DAL:95|OKC:162|HOU:317|SAS:351|MEM:447
73446,OKC:123|DAL:124|HOU:346|SAS:372|MEM:476
76268,DAL:77|OKC:163|HOU:299|SAS:340|MEM:435
73439,DAL:120|OKC:146|HOU:342|SAS:369|MEM:472
75076,DAL:95|OKC:183|HOU:316|SAS:357|MEM:447
75092,DAL:73|OKC:163|HOU:295|SAS:335|MEM:426
75459,DAL:64|OKC:174|HOU:286|SAS:326|MEM:437
75020,DAL:78|OKC:179|HOU:300|SAS:340|MEM:434
74731,DAL:88|OKC:181|HOU:309|SAS:350|MEM:442
75090,DAL:74|OKC:184|HOU:295|SAS:336|MEM:435
73449,DAL:102|OKC:152|HOU:324|SAS:364|MEM:450
74753,DAL:92|OKC:173|HOU:313|SAS:354|MEM:443
74748,DAL:109|OKC:154|HOU:330|SAS:371|MEM:458
75489,DAL:68|OKC:188|HOU:289|SAS:330|MEM:416
74733,DAL:94|OKC:185|HOU:315|SAS:356|MEM:445
75021,DAL:85|OKC:186|HOU:307|SAS:348|MEM:424
74730,DAL:95|OKC:174|HOU:317|SAS:357|MEM:447
75414,DAL:80|OKC:179|HOU:301|SAS:342|MEM:413
73432,DAL:113|OKC:142|HOU:335|SAS:376|MEM:456
74701,DAL:102|OKC:171|HOU:323|SAS:364|MEM:444
74720,DAL:94|OKC:181|HOU:316|SAS:356|MEM:436
75479,DAL:93|OKC:191|HOU:314|SAS:355|MEM:416
74747,DAL:107|OKC:203|HOU:328|SAS:369|MEM:447
74741,DAL:112|OKC:199|HOU:334|SAS:374|MEM:434
75439,DAL:82|OKC:193|HOU:304|SAS:344|MEM:410
74729,DAL:107|OKC:167|HOU:329|SAS:370|MEM:443
75476,DAL:99|OKC:202|HOU:320|SAS:361|MEM:418
74533,DAL:113|OKC:168|HOU:335|SAS:375|MEM:442
74726,DAL:118|OKC:194|HOU:339|SAS:380|MEM:439
75418,DAL:78|OKC:194|HOU:300|SAS:340|MEM:403
74721,DAL:108|OKC:185|HOU:330|SAS:371|MEM:435
75447,DAL:103|OKC:213|HOU:324|SAS:365|MEM:421
75438,DAL:88|OKC:198|HOU:310|SAS:350|MEM:396
74723,DAL:122|OKC:195|HOU:344|SAS:384|MEM:418
75488,DAL:114|OKC:224|HOU:335|SAS:376|MEM:417
75492,DAL:92|OKC:201|HOU:313|SAS:354|MEM:388
74555,DAL:140|OKC:166|HOU:362|SAS:402|MEM:417
75446,DAL:98|OKC:207|HOU:319|SAS:360|MEM:384
74727,DAL:132|OKC:199|HOU:353|SAS:394|MEM:401
75470,DAL:111|OKC:221|HOU:333|SAS:373|MEM:384
75486,DAL:143|OKC:240|HOU:360|MEM:389|SAS:401
75477,DAL:109|OKC:228|HOU:324|SAS:365|MEM:380
75421,DAL:123|OKC:230|HOU:344|MEM:379|SAS:385
74759,DAL:160|OKC:210|HOU:382|MEM:409|SAS:422
75411,DAL:140|OKC:204|HOU:356|MEM:382|SAS:396
75460,DAL:110|OKC:211|HOU:326|MEM:359|SAS:366
74523,DAL:167|OKC:175|HOU:382|MEM:401|SAS:423
74743,DAL:140|OKC:184|HOU:356|MEM:377|SAS:396
75462,DAL:112|OKC:216|HOU:327|MEM:355|SAS:368
75473,DAL:128|OKC:200|HOU:343|MEM:370|SAS:384
74738,DAL:139|OKC:197|HOU:354|MEM:380|SAS:395
75468,DAL:130|OKC:231|HOU:343|MEM:356|SAS:386
74543,DAL:198|OKC:205|HOU:413|MEM:424|SAS:454
74756,DAL:168|OKC:210|HOU:383|MEM:383|SAS:424
74760,DAL:169|OKC:203|HOU:384|MEM:384|SAS:425
75416,DAL:147|OKC:248|HOU:362|MEM:365|SAS:403
74562,DAL:188|OKC:209|MEM:403|HOU:404|SAS:444
75435,DAL:136|OKC:238|HOU:336|MEM:349|SAS:392
74735,DAL:178|OKC:221|MEM:380|HOU:394|SAS:434
75436,DAL:139|OKC:233|MEM:345|HOU:355|SAS:395
74761,DAL:163|OKC:206|MEM:354|HOU:378|SAS:419
74755,DAL:199|OKC:233|MEM:377|HOU:415|SAS:455
75412,DAL:171|OKC:249|MEM:349|HOU:379|SAS:427
74754,DAL:199|OKC:223|MEM:365|HOU:414|SAS:455
74764,DAL:189|OKC:231|MEM:355|HOU:404|SAS:445
75426,DAL:159|OKC:258|MEM:330|HOU:363|SAS:415
74750,DAL:174|OKC:216|MEM:340|HOU:389|SAS:430
74736,DAL:183|OKC:232|MEM:347|HOU:387|SAS:439
74766,DAL:194|OKC:236|MEM:346|HOU:409|SAS:450
74737,DAL:212|OKC:254|MEM:346|HOU:427|SAS:468
74722,DAL:262|OKC:293|MEM:366|HOU:460|SAS:518
74724,DAL:246|OKC:289|MEM:351|HOU:445|SAS:502
74728,DAL:240|OKC:282|MEM:352|HOU:438|SAS:496
74745,DAL:200|OKC:244|MEM:335|HOU:385|SAS:456
75554,DAL:165|OKC:264|MEM:302|HOU:346|SAS:421
75559,DAL:157|OKC:277|MEM:295|HOU:339|SAS:413
74740,DAL:204|OKC:280|MEM:330|HOU:373|SAS:460
74963,DAL:269|OKC:294|MEM:327|HOU:441|SAS:525
74734,DAL:236|OKC:278|MEM:320|HOU:418|SAS:492
71836,DAL:172|OKC:294|MEM:298|HOU:341|SAS:428
71937,DAL:250|OKC:295|MEM:302|HOU:415|NOP:502
71866,DAL:195|OKC:306|MEM:318|HOU:364|SAS:451
71832,DAL:220|OKC:272|MEM:289|HOU:387|NOP:473
71841,DAL:236|OKC:290|MEM:303|HOU:401|NOP:488
71944,DAL:234|OKC:289|MEM:302|HOU:400|NOP:486
71973,DAL:247|MEM:295|OKC:301|HOU:412|NOP:499
71842,DAL:218|OKC:299|MEM:310|HOU:377|NOP:464
75561,DAL:162|MEM:275|OKC:304|HOU:332|SAS:418
71820,DAL:197|MEM:302|OKC:316|HOU:366|NOP:452
71972,DAL:260|MEM:287|OKC:308|HOU:426|NOP:512
71822,DAL:189|MEM:274|OKC:320|HOU:338|NOP:424
71865,DAL:195|MEM:279|OKC:310|HOU:344|NOP:430
75503,DAL:172|MEM:266|OKC:313|HOU:324|NOP:414
71846,DAL:219|MEM:292|OKC:302|HOU:368|NOP:455
71823,DAL:208|MEM:289|OKC:307|HOU:357|NOP:443
71971,DAL:265|MEM:271|OKC:326|HOU:414|NOP:501
71833,DAL:240|MEM:260|OKC:300|HOU:389|NOP:475
71851,DAL:223|MEM:271|OKC:325|HOU:372|NOP:454
71853,DAL:198|MEM:283|OKC:339|HOU:347|NOP:433
71959,DAL:256|MEM:262|OKC:316|HOU:405|NOP:491
71859,DAL:210|MEM:264|OKC:345|HOU:359|NOP:441
71852,DAL:233|MEM:266|OKC:325|HOU:382|NOP:464
71831,DAL:213|MEM:261|OKC:350|HOU:362|NOP:444
71952,MEM:255|DAL:268|OKC:328|HOU:417|NOP:503
71838,DAL:190|MEM:243|OKC:331|HOU:339|NOP:421
71935,MEM:274|DAL:313|OKC:360|HOU:463|NOP:549
71855,DAL:217|MEM:251|OKC:339|HOU:366|NOP:448
71862,DAL:212|MEM:250|OKC:353|HOU:361|NOP:443
71950,MEM:240|DAL:267|OKC:328|HOU:416|NOP:503
71958,MEM:254|DAL:258|OKC:346|HOU:407|NOP:489
71847,DAL:228|MEM:241|OKC:338|HOU:377|NOP:459
71801,DAL:208|MEM:239|OKC:349|HOU:357|NOP:439
71825,DAL:222|MEM:234|OKC:349|HOU:371|NOP:453
71940,MEM:235|DAL:238|OKC:359|HOU:387|NOP:469
71835,DAL:218|MEM:248|OKC:360|HOU:367|NOP:449
71864,DAL:230|MEM:253|OKC:371|HOU:379|NOP:445
71858,DAL:221|MEM:245|OKC:363|HOU:371|NOP:444
74957,DAL:254|OKC:269|MEM:331|HOU:445|SAS:510
71945,DAL:261|OKC:293|MEM:303|HOU:427|NOP:513
71953,OKC:272|DAL:274|MEM:283|HOU:439|NOP:526
71961,MEM:249|OKC:292|DAL:317|HOU:482|NOP:564
88353,DEN:421|OKC:454|PHX:539|DAL:579|SAS:621
88136,
88119,OKC:461|DEN:472|DAL:537|SAS:590|PHX:624
88134,OKC:413|DEN:454|DAL:489|SAS:541|PHX:606
87124,DEN:432|PHX:456|OKC:531|DAL:656|UTA:672
87144,DEN:422|PHX:455|OKC:529|DAL:655|UTA:657
87114,DEN:419|PHX:435|OKC:508|DAL:634|UTA:671
87107,DEN:417|PHX:429|OKC:497|DAL:623|UTA:675
87048,DEN:424|PHX:449|OKC:519|DAL:645|UTA:670
87004,DEN:419|PHX:460|OKC:527|DAL:653|UTA:663
87110,DEN:417|PHX:429|OKC:490|DAL:616|UTA:674
87109,DEN:413|PHX:433|OKC:498|DAL:623|UTA:671
87113,DEN:407|PHX:434|OKC:501|DAL:627|UTA:665
87112,DEN:423|PHX:434|OKC:487|DAL:612|UTA:680
87111,DEN:419|PHX:440|OKC:494|DAL:619|UTA:678
87122,DEN:414|PHX:442|OKC:498|DAL:624|UTA:672
87123,DEN:425|PHX:435|OKC:480|DAL:606|UTA:681
87043,DEN:416|PHX:458|OKC:525|DAL:651|UTA:674
87008,
87001,DEN:413|PHX:473|OKC:539|DAL:665|UTA:689
87059,DEN:442|PHX:462|OKC:487|DAL:612|SAS:690
87047,DEN:436|PHX:479|OKC:510|DAL:635|SAS:713
87015,DEN:425|PHX:460|OKC:471|DAL:596|SAS:674
87010,DEN:417|PHX:511|OKC:530|DAL:656|UTA:731
87032,DEN:424|OKC:470|PHX:475|DAL:595|SAS:673
87016,DEN:438|OKC:483|PHX:489|DAL:609|SAS:687
87035,DEN:419|OKC:464|PHX:482|DAL:589|SAS:667
87063,
87056,DEN:423|OKC:490|PHX:495|DAL:616|SAS:694
87540,DEN:371|OKC:467|PHX:498|DAL:593|SAS:671
87070,DEN:432|OKC:477|PHX:520|DAL:602|SAS:680
87562,DEN:363|OKC:500|PHX:520|DAL:626|SAS:704
87538,DEN:385|OKC:523|PHX:559|DAL:648|SAS:726
87560,DEN:447|OKC:564|PHX:604|DAL:690|SAS:767
88321,
87583,DEN:357|OKC:456|PHX:521|DAL:582|SAS:659
87569,DEN:333|OKC:471|PHX:530|DAL:596|SAS:674
87711,DEN:338|OKC:429|PHX:539|DAL:555|SAS:632
87724,DEN:375|OKC:446|PHX:556|DAL:571|SAS:649
88435,DEN:401|OKC:413|DAL:538|PHX:553|SAS:616
88421,DEN:400|OKC:422|DAL:548|PHX:609|SAS:659
88439,DEN:394|OKC:443|DAL:568|PHX:618|SAS:679
88431,OKC:405|DEN:437|DAL:531|PHX:590|SAS:641
88417,OKC:411|DEN:428|DAL:536|PHX:580|SAS:620
88416,OKC:407|DEN:427|DAL:532|PHX:606|SAS:643
88121,OKC:402|DEN:469|DAL:502|SAS:554|PHX:622
88401,OKC:367|DEN:458|DAL:493|SAS:583|PHX:611
88427,OKC:372|DEN:463|DAL:493|SAS:545|PHX:615
87413,PHX:482|DEN:501|UTA:530|OKC:670|LAL:787
87037,PHX:501|DEN:533|UTA:562|OKC:653|DAL:779
87018,PHX:479|DEN:539|UTA:592|OKC:652|DAL:778
87013,PHX:491|DEN:526|UTA:626|OKC:635|DAL:760
87029,DEN:473|PHX:574|UTA:629|OKC:642|DAL:767
87027,DEN:491|PHX:537|UTA:600|OKC:604|DAL:730
87046,DEN:473|PHX:552|UTA:615|OKC:619|DAL:744
87053,DEN:435|PHX:476|OKC:543|UTA:634|DAL:669
87024,DEN:447|PHX:488|OKC:555|UTA:647|DAL:681
87017,DEN:512|PHX:595|UTA:658|OKC:662|DAL:788
87044,DEN:466|PHX:508|OKC:575|UTA:666|DAL:700
87012,DEN:485|PHX:605|OKC:646|UTA:668|DAL:772
87025,DEN:459|PHX:522|OKC:585|UTA:661|DAL:711
87064,DEN:435|PHX:569|OKC:597|UTA:632|DAL:722
87510,DEN:487|PHX:674|OKC:688|UTA:716|DAL:814
87516,DEN:437|PHX:584|OKC:599|UTA:656|DAL:724
87072,DEN:453|PHX:525|OKC:580|DAL:705|UTA:741
87052,DEN:403|PHX:475|OKC:530|DAL:655|UTA:691
87083,DEN:412|PHX:494|OKC:539|DAL:664|UTA:710
87041,DEN:397|PHX:479|OKC:524|DAL:649|UTA:695
87544,
87537,
87547,DEN:424|PHX:535|OKC:550|DAL:675|UTA:718
87530,DEN:384|PHX:578|OKC:592|UTA:694|DAL:718
87548,DEN:396|PHX:542|OKC:557|UTA:671|DAL:682
87532,DEN:398|PHX:528|OKC:543|DAL:668|UTA:698
87507,DEN:377|PHX:478|OKC:503|DAL:629|UTA:694
87566,DEN:383|PHX:532|OKC:547|DAL:672|UTA:689
87567,DEN:393|PHX:519|OKC:534|DAL:659|UTA:699
87582,DEN:413|PHX:574|OKC:589|DAL:715|UTA:723
87539,DEN:371|PHX:576|OKC:590|DAL:716|UTA:722
87511,DEN:394|PHX:553|OKC:567|DAL:693|UTA:712
87549,DEN:368|PHX:562|OKC:577|DAL:703|UTA:710
87506,DEN:416|PHX:528|OKC:543|DAL:668|UTA:744
87508,DEN:363|OKC:483|PHX:490|DAL:609|SAS:686
87531,DEN:357|PHX:549|OKC:564|DAL:689|UTA:709
87505,DEN:387|PHX:506|OKC:513|DAL:638|SAS:716
87523,DEN:399|PHX:533|OKC:548|DAL:674|UTA:717
87501,
87522,
87527,DEN:377|PHX:568|OKC:583|DAL:708|UTA:728
87517,DEN:354|PHX:584|OKC:599|UTA:722|DAL:725
87578,DEN:401|PHX:556|OKC:571|DAL:697|UTA:740
87535,DEN:351|OKC:489|PHX:493|DAL:614|SAS:692
87553,DEN:382|OKC:569|PHX:575|DAL:694|UTA:743
87573,
87529,DEN:337|OKC:588|PHX:596|DAL:713|UTA:725
87543,DEN:380|OKC:567|PHX:580|DAL:693|UTA:750
87557,DEN:354|PHX:587|OKC:589|DAL:715|UTA:744
87552,DEN:410|OKC:547|PHX:560|DAL:673|SAS:751
87521,
87579,
87565,DEN:376|OKC:520|PHX:568|DAL:645|SAS:723
87732,
87742,DEN:349|OKC:500|PHX:576|DAL:626|SAS:704
87571,DEN:333|OKC:564|PHX:593|DAL:690|UTA:732
87715,DEN:353|OKC:512|PHX:588|DAL:638|SAS:715
87731,DEN:347|OKC:495|PHX:571|DAL:620|SAS:698
87723,DEN:355|OKC:514|PHX:590|DAL:639|SAS:717
87713,DEN:380|OKC:539|PHX:615|DAL:665|SAS:743
87722,DEN:358|OKC:527|PHX:603|DAL:653|SAS:731
87745,DEN:325|OKC:476|PHX:553|DAL:602|SAS:680
87710,DEN:355|OKC:586|PHX:656|DAL:712|SAS:792
87736,DEN:347|OKC:510|PHX:586|DAL:636|SAS:713
87712,DEN:315|OKC:496|PHX:572|DAL:622|SAS:699
87735,DEN:326|OKC:512|PHX:588|DAL:637|SAS:715
87734,DEN:334|OKC:541|PHX:617|DAL:667|SAS:745
87714,DEN:311|OKC:542|PHX:666|DAL:668|SAS:787
87753,DEN:311|OKC:495|PHX:571|DAL:621|SAS:698
87701,DEN:345|OKC:487|PHX:569|DAL:613|SAS:696
87750,DEN:306|OKC:491|PHX:567|DAL:616|SAS:694
87729,DEN:322|OKC:539|PHX:649|DAL:665|SAS:776
87752,
87747,DEN:276|OKC:463|DAL:589|PHX:618|SAS:708
87730,DEN:296|OKC:461|DAL:587|PHX:638|SAS:706
87746,DEN:370|OKC:480|DAL:605|PHX:677|SAS:716
87743,DEN:345|OKC:479|DAL:605|PHX:665|SAS:724
88422,DEN:305|OKC:449|DAL:575|PHX:653|SAS:694
87733,DEN:355|OKC:441|DAL:567|PHX:674|SAS:686
88424,DEN:294|OKC:416|DAL:542|SAS:661|PHX:671
88426,OKC:383|DEN:417|DAL:508|SAS:622|PHX:649
88415,DEN:313|OKC:382|DAL:508|SAS:627|PHX:678
88410,DEN:388|OKC:392|DAL:518|SAS:637|PHX:700
88430,OKC:371|DEN:415|DAL:497|SAS:616|PHX:668
88436,DEN:335|OKC:362|DAL:488|SAS:607|PHX:702
79087,DEN:320|OKC:347|DAL:473|SAS:592|HOU:701
79022,OKC:335|DEN:345|DAL:461|SAS:580|HOU:689
87420,PHX:412|UTA:465|DEN:545|LAL:717|LAC:728
81331,UTA:411|PHX:505|DEN:509|LAL:810|LAC:821
81321,UTA:419|PHX:450|DEN:509|LAL:755|LAC:766
81334,
87421,PHX:433|UTA:460|DEN:507|OKC:719|LAL:738
81330,
87416,PHX:444|UTA:490|DEN:512|OKC:706|LAL:749
87417,PHX:440|UTA:468|DEN:492|OKC:703|LAL:746
81328,
87401,PHX:454|DEN:474|UTA:481|OKC:683|LAL:759
87402,PHX:458|DEN:473|UTA:486|OKC:690|LAL:763
87418,UTA:477|PHX:480|DEN:485|OKC:717|LAL:785
81326,UTA:447|DEN:455|PHX:491|OKC:729|LAL:796
87415,DEN:466|PHX:468|UTA:495|OKC:691|LAL:773
87410,DEN:458|PHX:486|UTA:492|OKC:697|LAL:791
81303,DEN:428|UTA:463|PHX:498|OKC:709|LAL:803
87419,DEN:449|UTA:517|PHX:522|OKC:720|LAL:827
81137,DEN:424|UTA:492|PHX:520|OKC:732|LAL:826
87412,DEN:469|PHX:540|UTA:566|OKC:736|LAL:845
81122,DEN:427|UTA:497|PHX:545|OKC:764|LAL:851
81121,DEN:405|UTA:514|PHX:549|OKC:760|LAL:854
81147,DEN:358|UTA:519|PHX:567|OKC:721|DAL:847
87528,DEN:414|PHX:583|UTA:608|OKC:696|DAL:821
87551,DEN:387|UTA:616|PHX:638|OKC:652|DAL:778
87520,DEN:362|UTA:585|PHX:609|OKC:661|DAL:786
81128,
87575,DEN:391|UTA:620|PHX:633|OKC:652|DAL:777
87518,DEN:405|PHX:607|OKC:622|UTA:634|DAL:747
87515,DEN:423|PHX:624|OKC:638|UTA:652|DAL:764
81120,DEN:347|OKC:695|UTA:695|PHX:729|DAL:821
81140,DEN:283|UTA:627|OKC:631|PHX:665|DAL:757
87581,DEN:390|PHX:588|OKC:603|UTA:713|DAL:728
81124,DEN:275|OKC:623|UTA:626|PHX:657|DAL:749
87554,DEN:393|PHX:614|OKC:628|UTA:722|DAL:754
81129,DEN:286|PHX:632|OKC:633|UTA:647|DAL:759
87577,DEN:337|PHX:598|OKC:613|UTA:680|DAL:738
81148,DEN:277|OKC:625|PHX:636|UTA:639|DAL:751
81141,DEN:279|OKC:627|PHX:653|UTA:655|DAL:753
81101,DEN:243|OKC:590|UTA:615|PHX:671|DAL:716
81151,DEN:329|OKC:677|UTA:714|PHX:742|DAL:803
87513,DEN:365|OKC:626|PHX:629|UTA:722|DAL:751
87519,DEN:288|OKC:587|PHX:627|DAL:713|UTA:716
81138,DEN:276|OKC:624|PHX:669|UTA:704|DAL:750
87564,DEN:323|OKC:613|PHX:627|DAL:739|UTA:748
87514,DEN:326|OKC:589|PHX:598|DAL:714|UTA:719
87580,DEN:347|OKC:610|PHX:619|DAL:736|UTA:740
81123,DEN:231|OKC:579|UTA:646|PHX:703|DAL:705
87556,DEN:280|OKC:594|PHX:634|UTA:708|DAL:720
87524,DEN:259|OKC:605|PHX:645|UTA:687|DAL:731
87525,DEN:336|OKC:599|PHX:608|DAL:724|UTA:729
87558,
81152,DEN:254|OKC:602|UTA:682|PHX:685|DAL:728
81126,DEN:267|OKC:615|UTA:695|PHX:699|DAL:741
87512,
81133,DEN:226|OKC:573|UTA:663|DAL:699|PHX:712
87718,DEN:310|OKC:541|PHX:635|DAL:667|UTA:764
87749,DEN:295|OKC:526|PHX:650|DAL:651|SAS:770
81055,DEN:205|OKC:553|DAL:679|UTA:681|PHX:725
81091,DEN:239|OKC:523|DAL:649|PHX:695|UTA:715
81024,DEN:228|OKC:513|DAL:639|PHX:685|UTA:704
81020,
87728,DEN:259|OKC:498|DAL:624|PHX:624|UTA:735
81082,DEN:208|OKC:496|DAL:622|PHX:668|UTA:684
81046,DEN:207|OKC:499|DAL:625|PHX:671|UTA:683
87740,DEN:241|OKC:461|DAL:587|PHX:643|SAS:706
81081,DEN:256|OKC:501|DAL:627|PHX:713|UTA:732
88414,DEN:258|OKC:439|DAL:565|PHX:669|SAS:684
81027,
88418,DEN:296|OKC:442|DAL:568|SAS:687|PHX:707
88419,DEN:341|OKC:503|DAL:629|SAS:748|PHX:752
81049,DEN:286|OKC:473|DAL:599|SAS:724|UTA:762
81064,
73946,DEN:384|OKC:417|DAL:543|SAS:669|HOU:771
73937,DEN:331|OKC:378|DAL:504|SAS:622|PHX:721
81073,DEN:293|OKC:415|DAL:541|SAS:667|UTA:748
73933,DEN:344|OKC:363|DAL:489|SAS:615|HOU:717
81029,DEN:333|OKC:408|DAL:534|SAS:660|HOU:762
81087,DEN:299|OKC:418|DAL:544|SAS:670|UTA:754
81090,DEN:317|OKC:435|DAL:561|SAS:687|UTA:772
73947,OKC:358|DEN:367|DAL:490|SAS:616|HOU:718
67862,DEN:340|OKC:407|DAL:578|SAS:703|UTA:795
67950,OKC:357|DEN:390|DAL:513|SAS:638|HOU:740
67953,DEN:376|OKC:384|DAL:540|SAS:665|HOU:768
67954,OKC:356|DEN:387|DAL:530|SAS:656|HOU:758
81324,UTA:385|DEN:483|PHX:505|LAL:810|LAC:821
81429,DEN:403|UTA:409|PHX:596|LAL:837|LAC:847
81320,UTA:379|DEN:477|PHX:493|LAL:798|LAC:809
81335,UTA:372|PHX:458|DEN:469|LAL:763|LAC:774
81325,UTA:424|DEN:487|PHX:543|LAL:849|LAC:859
81422,UTA:392|DEN:413|PHX:579|LAL:819|LAC:830
81327,UTA:381|PHX:457|DEN:479|LAL:763|LAC:773
81431,UTA:403|DEN:451|PHX:561|LAL:830|LAC:841
81424,UTA:405|DEN:431|PHX:592|LAL:832|LAC:843
81423,
81323,
81425,DEN:373|UTA:425|PHX:710|LAL:852|LAC:863
81430,DEN:409|UTA:448|PHX:602|LAL:875|LAC:886
81332,DEN:465|UTA:468|PHX:531|LAL:836|LAC:847
81403,DEN:376|UTA:428|PHX:656|LAL:855|LAC:866
81435,DEN:437|UTA:471|PHX:587|OKC:875|LAL:892
81301,DEN:451|UTA:465|PHX:513|OKC:751|LAL:818
81426,DEN:435|UTA:469|PHX:553|OKC:822|LAL:859
81432,DEN:368|UTA:420|PHX:606|OKC:847|LAL:848
81427,
81433,
81220,DEN:367|UTA:467|PHX:721|OKC:845|LAL:894
81235,
81243,DEN:303|UTA:483|PHX:708|OKC:780|DAL:906
81130,DEN:374|UTA:602|PHX:712|OKC:737|DAL:863
81230,DEN:303|UTA:485|PHX:740|OKC:781|DAL:907
81154,DEN:295|UTA:580|PHX:628|OKC:657|DAL:783
81248,DEN:226|UTA:492|OKC:703|PHX:746|DAL:829
81132,DEN:275|UTA:593|OKC:641|PHX:647|DAL:767
81149,DEN:253|UTA:539|OKC:680|PHX:711|DAL:806
81144,DEN:273|UTA:594|OKC:620|PHX:668|DAL:746
81242,DEN:188|UTA:535|OKC:662|PHX:730|DAL:788
81125,DEN:259|UTA:577|OKC:633|PHX:674|DAL:759
81155,DEN:224|UTA:572|OKC:672|PHX:728|DAL:798
81143,DEN:238|UTA:586|OKC:664|PHX:726|DAL:790
81222,DEN:263|UTA:614|OKC:679|DAL:805|PHX:824
81233,DEN:223|UTA:570|OKC:646|DAL:772|PHX:780
81136,DEN:261|UTA:604|OKC:619|PHX:692|DAL:745
81131,DEN:316|UTA:661|OKC:689|PHX:754|DAL:815
81146,DEN:247|OKC:595|UTA:615|PHX:700|DAL:721
81223,DEN:188|UTA:590|OKC:606|DAL:731|PHX:777
81232,DEN:196|UTA:586|OKC:595|DAL:720|PHX:766
81252,DEN:190|OKC:578|UTA:611|DAL:704|PHX:750
81040,DEN:186|OKC:543|UTA:647|DAL:669|PHX:715
81244,DEN:150|OKC:612|UTA:625|DAL:738|PHX:784
81221,DEN:147|OKC:607|UTA:623|DAL:733|PHX:779
81226,DEN:150|OKC:612|UTA:626|DAL:738|PHX:784
81253,DEN:156|OKC:592|UTA:632|DAL:718|PHX:764
81023,DEN:156|OKC:583|UTA:632|DAL:709|PHX:755
81069,DEN:165|OKC:551|UTA:641|DAL:677|PHX:722
81019,DEN:143|OKC:532|UTA:619|DAL:658|PHX:704
81005,DEN:146|OKC:581|UTA:622|DAL:707|PHX:752
81007,DEN:166|OKC:621|UTA:642|DAL:747|PHX:793
81004,DEN:148|OKC:545|UTA:624|DAL:671|PHX:717
81089,
81003,DEN:120|OKC:559|UTA:596|DAL:685|PHX:731
81008,DEN:109|OKC:573|UTA:585|DAL:699|PHX:745
81001,DEN:120|OKC:566|UTA:595|DAL:692|PHX:738
81006,DEN:131|OKC:569|UTA:607|DAL:695|PHX:741
81022,DEN:184|OKC:617|UTA:660|DAL:743|PHX:789
81025,
81039,DEN:190|OKC:565|UTA:666|DAL:691|PHX:737
81059,DEN:236|OKC:529|DAL:655|PHX:701|UTA:712
81062,DEN:195|OKC:608|UTA:671|DAL:734|PHX:792
81058,DEN:167|OKC:567|UTA:643|DAL:693|PHX:755
81033,DEN:165|OKC:569|UTA:641|DAL:695|PHX:760
81063,
81067,DEN:184|OKC:552|UTA:660|DAL:678|PHX:734
81077,DEN:197|OKC:551|UTA:673|DAL:677|PHX:748
81076,
81030,DEN:201|OKC:531|DAL:657|UTA:677|PHX:756
81050,DEN:236|OKC:559|DAL:685|UTA:712|PHX:775
81021,DEN:219|OKC:565|UTA:689|DAL:691|PHX:804
81054,DEN:240|OKC:525|DAL:651|UTA:716|SAS:777
81044,
81092,
81057,DEN:228|OKC:490|DAL:616|UTA:683|SAS:742
81036,DEN:192|OKC:515|DAL:641|UTA:647|SAS:766
81052,
81084,DEN:288|OKC:436|DAL:565|SAS:690|UTA:743
81041,DEN:287|OKC:486|DAL:616|SAS:742|UTA:742
81071,DEN:231|OKC:495|DAL:646|UTA:685|SAS:772
81043,DEN:245|OKC:454|DAL:617|UTA:700|SAS:743
81047,DEN:280|OKC:464|DAL:638|UTA:735|SAS:770
67836,DEN:266|OKC:433|DAL:608|UTA:721|SAS:756
67878,DEN:282|OKC:427|DAL:602|UTA:737|SAS:756
67879,DEN:257|OKC:454|DAL:630|UTA:712|SAS:800
67855,DEN:335|OKC:385|DAL:559|SAS:707|HOU:787
67857,DEN:300|OKC:410|DAL:584|UTA:754|SAS:765
67861,DEN:280|OKC:432|DAL:608|UTA:735|SAS:801
67880,DEN:359|OKC:368|DAL:542|SAS:718|HOU:770
67860,DEN:325|OKC:403|DAL:577|SAS:766|UTA:780
67838,DEN:336|OKC:392|DAL:567|SAS:760|MEM:788
67851,DEN:343|OKC:390|DAL:565|SAS:758|MEM:786
67871,DEN:288|OKC:402|DAL:578|UTA:743|SAS:772
67839,DEN:320|OKC:375|DAL:565|MEM:756|UTA:775
81507,DEN:282|UTA:313|PHX:630|LAL:741|LAC:751
81505,DEN:299|UTA:326|PHX:643|LAL:753|LAC:764
81630,DEN:288|UTA:387|PHX:704|LAL:815|LAC:825
81506,DEN:255|UTA:295|PHX:612|LAL:723|LAC:733
81501,DEN:259|UTA:300|PHX:617|LAL:727|LAC:738
81504,DEN:276|UTA:324|PHX:641|LAL:751|LAC:762
81503,DEN:259|UTA:309|PHX:626|LAL:736|LAC:747
81527,DEN:302|UTA:354|PHX:671|LAL:781|LAC:792
81520,DEN:252|UTA:304|PHX:621|LAL:731|LAC:742
81526,DEN:246|UTA:309|PHX:626|LAL:736|LAC:747
81416,DEN:338|UTA:390|PHX:706|LAL:817|LAC:828
81643,DEN:252|UTA:335|PHX:652|LAL:763|LAC:773
81418,DEN:368|UTA:420|PHX:737|LAL:847|LAC:858
81646,DEN:311|UTA:394|PHX:711|LAL:821|LAC:832
81410,DEN:309|UTA:361|PHX:677|LAL:788|LAC:799
81413,DEN:318|UTA:395|PHX:712|LAL:822|LAC:833
81401,DEN:343|UTA:406|PHX:660|OKC:820|LAL:833
81419,DEN:338|UTA:416|PHX:733|LAL:844|LAC:854
81624,
81652,DEN:207|UTA:364|PHX:681|LAL:791|LAC:802
81415,DEN:340|UTA:419|PHX:735|LAL:846|OKC:850
81428,DEN:326|UTA:430|PHX:747|LAL:857|LAC:868
81434,DEN:352|UTA:477|PHX:794|LAL:905|LAC:916
81623,
81654,
81225,DEN:294|UTA:492|PHX:780|OKC:793|DAL:919
81615,DEN:237|UTA:435|PHX:752|OKC:810|LAL:862
81224,DEN:288|UTA:505|PHX:760|OKC:773|DAL:899
81621,DEN:228|UTA:426|PHX:742|OKC:830|LAL:853
81612,
81656,DEN:294|UTA:492|PHX:809|OKC:875|LAL:919
81210,DEN:294|UTA:533|PHX:787|OKC:801|DAL:926
81611,
81237,DEN:268|UTA:505|OKC:746|PHX:759|DAL:871
81239,DEN:270|UTA:516|OKC:748|PHX:770|DAL:874
81642,DEN:185|UTA:486|OKC:777|PHX:803|DAL:903
81241,DEN:283|UTA:541|OKC:782|PHX:795|DAL:908
81645,
81251,DEN:155|UTA:491|OKC:741|PHX:808|DAL:867
81211,
81649,DEN:156|UTA:468|OKC:759|PHX:784|DAL:892
81227,DEN:197|UTA:525|OKC:674|PHX:752|DAL:800
80461,DEN:124|UTA:463|OKC:721|PHX:780|DAL:847
81228,DEN:152|UTA:489|OKC:702|PHX:785|DAL:828
81236,DEN:200|UTA:547|OKC:705|PHX:788|DAL:831
80420,DEN:143|UTA:517|OKC:724|PHX:827|DAL:850
81201,DEN:194|UTA:542|OKC:674|PHX:752|DAL:799
80440,DEN:159|UTA:552|OKC:737|PHX:832|DAL:863
80424,DEN:114|UTA:481|OKC:716|PHX:797|DAL:867
80432,DEN:139|UTA:553|OKC:741|PHX:845|DAL:867
80448,DEN:108|UTA:534|OKC:711|PHX:847|DAL:869
80449,DEN:157|UTA:549|OKC:697|PHX:813|DAL:823
80456,DEN:126|UTA:553|OKC:715|DAL:841|PHX:845
80475,
80820,DEN:168|UTA:560|OKC:650|DAL:776|PHX:822
80421,DEN:79|UTA:549|OKC:682|DAL:842|PHX:868
80827,DEN:141|UTA:557|OKC:662|DAL:788|PHX:821
81212,DEN:159|UTA:589|OKC:621|DAL:747|PHX:793
80470,
80816,DEN:152|UTA:598|OKC:673|DAL:799|PHX:845
80433,DEN:60|UTA:530|OKC:663|DAL:823|PHX:869
80425,DEN:101|UTA:570|OKC:702|DAL:827|PHX:873
80814,DEN:119|UTA:577|OKC:640|DAL:766|PHX:812
80135,
80813,DEN:137|UTA:599|OKC:658|DAL:784|PHX:830
80860,DEN:152|UTA:615|OKC:674|DAL:800|PHX:846
80125,DEN:42|UTA:518|OKC:634|DAL:785|PHX:831
80863,DEN:115|UTA:591|OKC:636|DAL:762|PHX:808
81240,DEN:139|OKC:613|UTA:615|DAL:739|PHX:785
80131,DEN:40|UTA:521|OKC:628|DAL:777|PHX:823
80809,
80819,DEN:102|UTA:578|OKC:623|DAL:749|PHX:795
80829,
80109,DEN:48|UTA:524|OKC:621|DAL:767|PHX:813
80926,DEN:111|UTA:587|OKC:618|DAL:744|PHX:790
80133,DEN:61|UTA:537|OKC:618|DAL:744|PHX:790
80118,DEN:52|UTA:528|OKC:622|DAL:748|PHX:793
80919,DEN:79|UTA:555|OKC:610|DAL:736|PHX:782
80906,DEN:100|UTA:576|OKC:616|DAL:741|PHX:787
80904,DEN:76|UTA:552|OKC:602|DAL:728|PHX:774
80840,DEN:70|UTA:546|OKC:616|DAL:742|PHX:788
80132,DEN:57|UTA:533|OKC:614|DAL:740|PHX:786
80108,DEN:40|UTA:516|OKC:622|DAL:771|PHX:817
80905,DEN:78|UTA:554|OKC:595|DAL:721|PHX:767
80902,DEN:125|UTA:601|OKC:625|DAL:751|PHX:797
80907,DEN:73|UTA:549|OKC:600|DAL:726|PHX:772
80104,DEN:51|UTA:527|OKC:614|DAL:769|PHX:814
80921,DEN:64|UTA:540|OKC:617|DAL:743|PHX:789
80903,DEN:77|UTA:553|OKC:597|DAL:723|PHX:769
80918,DEN:73|UTA:549|OKC:609|DAL:735|PHX:781
80134,DEN:42|UTA:510|OKC:609|DAL:777|PHX:823
80910,DEN:82|UTA:558|OKC:595|DAL:721|PHX:767
80909,DEN:81|UTA:557|OKC:601|DAL:727|PHX:773
80920,DEN:69|UTA:544|OKC:610|DAL:736|PHX:782
80913,DEN:122|UTA:598|OKC:622|DAL:748|PHX:794
80917,DEN:80|UTA:556|OKC:608|DAL:734|PHX:780
80924,DEN:73|UTA:549|OKC:611|DAL:741|PHX:786
80911,DEN:89|UTA:565|OKC:593|DAL:719|PHX:765
80915,DEN:85|UTA:561|OKC:603|DAL:729|PHX:775
80923,DEN:75|UTA:551|OKC:607|DAL:740|PHX:785
80116,DEN:67|UTA:535|OKC:604|DAL:771|PHX:817
80916,DEN:91|UTA:567|OKC:599|DAL:724|PHX:770
80914,DEN:89|UTA:565|OKC:603|DAL:729|PHX:775
80922,DEN:83|UTA:559|OKC:610|DAL:737|PHX:783
80908,DEN:73|UTA:549|OKC:607|DAL:749|PHX:794
80817,DEN:94|UTA:570|OKC:577|DAL:703|PHX:749
80939,DEN:87|UTA:563|OKC:604|DAL:735|PHX:781
80927,DEN:82|UTA:558|OKC:602|DAL:742|PHX:788
80951,DEN:92|UTA:568|OKC:609|DAL:740|PHX:785
80938,DEN:86|UTA:562|OKC:605|DAL:747|PHX:793
80925,DEN:96|UTA:572|OKC:599|DAL:725|PHX:771
80929,DEN:98|UTA:574|OKC:606|DAL:740|PHX:786
80107,DEN:64|UTA:525|OKC:585|DAL:776|PHX:833
80106,DEN:89|UTA:558|OKC:597|DAL:775|PHX:820
80930,
80831,DEN:94|UTA:570|OKC:590|DAL:750|PHX:796
80928,DEN:134|UTA:609|OKC:620|DAL:746|PHX:792
80117,DEN:92|UTA:547|OKC:597|DAL:787|PHX:855
80808,DEN:107|OKC:576|UTA:583|DAL:766|PHX:813
80864,DEN:138|UTA:614|OKC:616|DAL:763|PHX:818
80835,
80833,
80101,DEN:88|UTA:543|OKC:560|DAL:750|MIN:881
80830,DEN:122|OKC:559|UTA:577|DAL:749|PHX:851
80832,DEN:138|OKC:575|UTA:593|DAL:723|PHX:835
80828,DEN:93|OKC:530|UTA:548|DAL:720|PHX:852
80826,DEN:101|OKC:538|UTA:556|DAL:728|PHX:857
80818,DEN:133|OKC:550|UTA:588|DAL:740|MIN:873
80821,
80823,
80804,DEN:122|OKC:518|UTA:576|DAL:708|MIN:853
81045,DEN:213|OKC:552|UTA:668|DAL:678|SAS:804
80815,DEN:142|OKC:519|UTA:597|DAL:709|MIN:854
80862,DEN:156|OKC:548|UTA:611|DAL:695|SAS:820
80834,DEN:129|OKC:506|UTA:584|DAL:696|MIN:841
80825,DEN:172|OKC:519|UTA:627|DAL:666|SAS:792
80861,DEN:153|OKC:499|UTA:607|DAL:689|MIN:834
80836,DEN:145|OKC:478|UTA:600|DAL:669|MIN:814
80805,DEN:149|OKC:484|UTA:604|DAL:674|MIN:819
80810,DEN:191|OKC:491|UTA:646|DAL:679|SAS:805
80807,DEN:164|OKC:464|UTA:619|DAL:654|MIN:799
80802,DEN:207|OKC:470|DAL:660|UTA:662|SAS:807
67741,DEN:188|OKC:466|UTA:643|DAL:656|MIN:801
67762,DEN:219|OKC:463|DAL:653|UTA:673|MIN:817
67758,DEN:225|OKC:441|DAL:632|UTA:680|MIN:796
67735,DEN:190|OKC:443|DAL:633|UTA:645|MIN:778
67761,DEN:243|OKC:428|DAL:618|UTA:698|MIN:782
67733,DEN:207|OKC:423|DAL:613|UTA:662|MIN:758
67732,DEN:208|OKC:424|DAL:614|UTA:662|MIN:759
67743,DEN:218|OKC:418|DAL:608|UTA:673|MIN:751
67863,DEN:310|OKC:439|DAL:615|UTA:765|SAS:808
67764,DEN:279|OKC:433|DAL:623|UTA:734|MIN:787
67747,DEN:256|OKC:411|DAL:601|UTA:711|MIN:765
67701,DEN:220|OKC:407|DAL:597|UTA:675|MIN:733
67748,DEN:246|OKC:395|DAL:585|UTA:701|MIN:752
67753,DEN:247|OKC:418|DAL:609|UTA:702|MIN:718
67738,DEN:274|OKC:404|DAL:594|UTA:729|MIN:772
67850,DEN:308|OKC:411|DAL:601|UTA:763|MEM:791
67737,DEN:255|OKC:370|DAL:560|UTA:710|MIN:739
67736,DEN:291|OKC:406|DAL:596|UTA:746|MIN:774
67740,DEN:259|OKC:398|DAL:589|UTA:714|MIN:715
67751,DEN:262|OKC:367|DAL:557|UTA:717|MIN:735
67752,DEN:273|OKC:365|DAL:555|UTA:728|MIN:733
67650,DEN:279|OKC:393|DAL:583|MIN:708|UTA:734
67631,DEN:279|OKC:355|DAL:546|MIN:724|UTA:734
67659,DEN:294|OKC:396|DAL:586|MIN:711|UTA:749
67642,DEN:292|OKC:375|DAL:565|MIN:689|UTA:747
67625,DEN:304|OKC:370|DAL:560|MIN:684|MEM:751
81650,DEN:258|UTA:384|PHX:720|LAL:831|LAC:841
81635,DEN:306|UTA:456|PHX:773|LAL:883|LAC:894
81641,DEN:269|UTA:365|PHX:735|LAL:846|LAC:856
81638,DEN:291|UTA:365|PHX:768|LAL:879|LAC:889
81647,DEN:186|UTA:362|PHX:679|OKC:788|LAL:789
81601,DEN:193|UTA:391|PHX:708|OKC:796|LAL:818
81637,DEN:174|UTA:410|PHX:727|OKC:777|LAL:837
80426,DEN:212|UTA:447|PHX:764|OKC:814|LAL:875
80469,DEN:204|UTA:412|PHX:799|OKC:807|LAL:910
80483,DEN:202|UTA:431|PHX:796|OKC:804|LAL:907
80479,DEN:223|UTA:464|PHX:818|OKC:825|LAL:928
80467,DEN:232|UTA:443|OKC:835|PHX:837|LAL:947
81631,DEN:153|UTA:414|PHX:731|OKC:755|LAL:841
80463,DEN:172|UTA:430|PHX:766|OKC:774|LAL:877
81655,DEN:147|UTA:425|PHX:741|OKC:749|LAL:852
81632,DEN:133|UTA:423|OKC:736|PHX:740|LAL:850
80423,DEN:220|UTA:498|PHX:815|OKC:822|LAL:925
81620,DEN:140|UTA:437|OKC:743|PHX:754|LAL:865
80459,DEN:141|UTA:437|OKC:744|PHX:820|DAL:917
81657,DEN:110|UTA:433|OKC:712|PHX:750|LAL:860
80498,
80443,DEN:100|UTA:443|OKC:703|PHX:760|LAL:871
80473,DEN:183|UTA:423|OKC:786|PHX:901|DAL:959
80468,DEN:130|UTA:503|OKC:732|PHX:820|DAL:905
80451,DEN:196|UTA:513|OKC:798|PHX:887|DAL:971
80435,DEN:123|UTA:498|OKC:725|PHX:815|DAL:898
80446,DEN:152|UTA:491|OKC:755|PHX:882|DAL:928
80442,DEN:122|UTA:514|OKC:725|PHX:871|DAL:898
80478,DEN:142|UTA:522|OKC:744|PHX:890|DAL:917
80476,DEN:73|UTA:484|OKC:676|PHX:801|DAL:849
80447,DEN:162|UTA:500|OKC:764|PHX:891|DAL:937
80438,
80482,DEN:108|UTA:522|OKC:711|PHX:857|DAL:884
80444,DEN:104|UTA:528|OKC:706|PHX:845|DAL:879
80436,DEN:64|UTA:499|OKC:667|PHX:816|DAL:840
80517,DEN:115|UTA:506|OKC:703|DAL:893|MIN:939
80510,
80452,DEN:53|UTA:502|OKC:656|PHX:819|DAL:829
80481,
80474,DEN:104|UTA:549|OKC:701|DAL:882|PHX:891
80466,DEN:91|UTA:535|OKC:690|DAL:878|PHX:887
80422,DEN:70|UTA:532|OKC:666|DAL:848|PHX:850
80427,DEN:63|UTA:514|OKC:665|PHX:831|DAL:838
80532,DEN:120|UTA:492|OKC:708|DAL:898|MIN:927
80439,DEN:60|UTA:529|OKC:663|DAL:831|PHX:855
80471,DEN:83|UTA:533|OKC:680|DAL:861|PHX:879
80540,
80455,DEN:69|UTA:491|OKC:667|DAL:855|PHX:901
80515,DEN:143|UTA:514|OKC:730|DAL:920|MIN:949
80302,DEN:64|UTA:507|OKC:662|DAL:850|PHX:895
80403,DEN:43|UTA:506|OKC:640|DAL:821|PHX:860
80457,DEN:45|UTA:514|OKC:648|DAL:810|PHX:843
80025,DEN:51|UTA:494|OKC:649|DAL:837|PHX:883
80304,DEN:52|UTA:488|OKC:650|DAL:839|PHX:884
80310,DEN:43|UTA:486|OKC:641|DAL:829|PHX:875
80305,DEN:40|UTA:484|OKC:638|DAL:827|PHX:873
80454,DEN:52|UTA:522|OKC:655|DAL:815|PHX:860
80453,DEN:38|UTA:507|OKC:641|DAL:803|PHX:846
80401,DEN:35|UTA:504|OKC:638|DAL:811|PHX:839
80503,DEN:65|UTA:470|OKC:654|DAL:844|MIN:889
80303,DEN:32|UTA:475|OKC:630|DAL:818|PHX:864
80465,DEN:51|UTA:520|OKC:653|DAL:813|PHX:859
80419,DEN:22|UTA:493|OKC:627|DAL:799|PHX:837
80301,DEN:51|UTA:478|OKC:646|DAL:836|PHX:884
80537,DEN:74|UTA:452|OKC:661|DAL:852|MIN:882
80007,DEN:47|UTA:491|OKC:643|DAL:828|PHX:867
80228,DEN:22|UTA:491|OKC:625|DAL:801|PHX:838
80544,DEN:56|UTA:467|OKC:644|DAL:835|MIN:881
80127,DEN:62|UTA:533|OKC:653|DAL:813|PHX:859
80027,DEN:32|UTA:476|OKC:631|DAL:819|PHX:865
80005,DEN:36|UTA:490|OKC:633|DAL:820|PHX:859
80004,DEN:26|UTA:489|OKC:623|DAL:810|PHX:849
80513,DEN:59|UTA:451|OKC:647|DAL:837|MIN:876
80215,DEN:20|UTA:491|OKC:625|DAL:798|PHX:844
80021,DEN:32|UTA:483|OKC:631|DAL:819|PHX:865
80002,DEN:22|UTA:484|OKC:618|DAL:806|PHX:845
80033,DEN:21|UTA:488|OKC:621|DAL:805|PHX:848
80227,DEN:27|UTA:504|OKC:637|DAL:798|PHX:844
80501,DEN:49|UTA:458|OKC:637|DAL:827|MIN:872
80026,DEN:45|UTA:471|OKC:631|DAL:821|MIN:870
80226,DEN:17|UTA:497|OKC:628|DAL:796|PHX:842
80232,DEN:22|UTA:502|OKC:631|DAL:796|PHX:842
80235,DEN:26|UTA:505|OKC:634|DAL:798|PHX:844
80128,DEN:33|UTA:507|OKC:625|DAL:785|PHX:831
80020,DEN:33|UTA:472|OKC:626|DAL:817|MIN:866
80123,DEN:27|UTA:507|OKC:634|DAL:794|PHX:840
80214,DEN:16|UTA:489|OKC:621|DAL:797|PHX:843
80003,DEN:24|UTA:484|OKC:621|DAL:808|PHX:852
80212,DEN:13|UTA:484|OKC:614|DAL:797|PHX:843
80236,DEN:20|UTA:501|OKC:629|DAL:793|PHX:839
80031,DEN:28|UTA:475|OKC:626|DAL:814|PHX:860
80030,DEN:22|UTA:479|OKC:619|DAL:807|PHX:853
80219,DEN:17|UTA:496|OKC:625|DAL:790|PHX:835
80504,DEN:43|UTA:452|OKC:631|DAL:821|MIN:866
80204,DEN:7|UTA:486|OKC:617|DAL:789|PHX:835
80211,DEN:9|UTA:485|OKC:613|DAL:795|PHX:841
80516,DEN:39|UTA:463|OKC:627|DAL:817|MIN:866
80129,DEN:33|UTA:512|OKC:621|DAL:781|PHX:827
80221,DEN:19|UTA:479|OKC:617|DAL:806|PHX:851
80120,DEN:24|UTA:504|OKC:627|DAL:786|PHX:832
80110,DEN:17|UTA:497|OKC:625|DAL:789|PHX:835
80023,DEN:37|UTA:468|OKC:626|DAL:816|MIN:865
80528,DEN:67|UTA:432|OKC:654|DAL:844|MIN:857
80223,DEN:12|UTA:492|OKC:620|DAL:785|PHX:831
80234,DEN:26|UTA:466|OKC:623|DAL:813|PHX:859
80260,DEN:24|UTA:471|OKC:623|DAL:811|PHX:857
80542,DEN:45|UTA:445|OKC:632|DAL:822|MIN:869
80202,DEN:4|UTA:482|OKC:613|DAL:792|PHX:838
80293,DEN:7|UTA:483|OKC:614|DAL:791|PHX:837
80294,DEN:6|UTA:483|OKC:613|DAL:793|PHX:838
80290,DEN:8|UTA:484|OKC:615|DAL:791|PHX:837
80264,DEN:8|UTA:485|OKC:615|DAL:790|PHX:836
80203,DEN:9|UTA:486|OKC:617|DAL:789|PHX:834
80218,DEN:11|UTA:488|OKC:619|DAL:789|PHX:835
80209,DEN:14|UTA:492|OKC:619|DAL:784|PHX:830
80113,DEN:23|UTA:503|OKC:621|DAL:786|PHX:832
80205,DEN:11|UTA:486|OKC:612|DAL:794|PHX:840
80126,DEN:36|UTA:511|OKC:619|DAL:779|PHX:825
80210,DEN:16|UTA:496|OKC:617|DAL:781|PHX:827
80216,DEN:15|UTA:482|OKC:610|DAL:800|PHX:847
80229,DEN:24|UTA:475|OKC:620|DAL:810|MIN:854
80514,DEN:40|UTA:458|OKC:627|DAL:817|MIN:858
80122,DEN:34|UTA:511|OKC:620|DAL:780|PHX:825
80241,DEN:33|UTA:470|OKC:623|DAL:813|MIN:862
80121,DEN:29|UTA:509|OKC:622|DAL:783|PHX:829
80206,DEN:13|UTA:490|OKC:617|DAL:789|PHX:835
80233,DEN:30|UTA:472|OKC:623|DAL:813|MIN:855
80534,DEN:55|UTA:442|OKC:643|DAL:833|MIN:864
80520,DEN:44|UTA:457|OKC:631|DAL:821|MIN:858
80246,DEN:20|UTA:498|OKC:619|DAL:785|PHX:831
80222,DEN:15|UTA:495|OKC:614|DAL:779|PHX:825
80130,DEN:40|UTA:514|OKC:623|DAL:780|PHX:826
80530,DEN:44|UTA:460|OKC:631|DAL:821|MIN:853
80024,DEN:22|UTA:480|OKC:614|DAL:804|MIN:849
80207,DEN:18|UTA:487|OKC:609|DAL:796|PHX:841
80220,DEN:18|UTA:492|OKC:613|DAL:791|PHX:836
80224,DEN:19|UTA:499|OKC:617|DAL:782|PHX:828
80602,DEN:42|UTA:469|OKC:622|DAL:812|MIN:859
80237,DEN:22|UTA:502|OKC:611|DAL:778|PHX:824
80266,DEN:21|UTA:484|OKC:608|DAL:798|PHX:844
80550,DEN:72|UTA:441|OKC:660|DAL:850|MIN:859
80124,DEN:37|UTA:513|OKC:622|DAL:777|PHX:823
80230,DEN:24|UTA:497|OKC:612|DAL:793|PHX:839
80231,DEN:26|UTA:506|OKC:618|DAL:786|PHX:832
80111,DEN:23|UTA:504|OKC:614|DAL:775|PHX:821
80640,DEN:23|UTA:475|OKC:614|DAL:804|MIN:849
80238,DEN:18|UTA:482|OKC:607|DAL:797|PHX:843
80247,DEN:28|UTA:503|OKC:611|DAL:790|PHX:836
80112,DEN:32|UTA:511|OKC:620|DAL:779|PHX:824
80010,DEN:26|UTA:493|OKC:606|DAL:792|PHX:838
80543,DEN:68|UTA:447|OKC:655|DAL:846|MIN:857
80012,DEN:28|UTA:496|OKC:605|DAL:784|PHX:830
80014,DEN:27|UTA:501|OKC:610|DAL:782|PHX:828
80045,DEN:28|UTA:494|OKC:603|DAL:789|PHX:835
80239,DEN:26|UTA:489|OKC:601|DAL:791|PHX:840
80651,DEN:52|UTA:461|OKC:634|DAL:824|MIN:852
80601,DEN:33|UTA:473|OKC:611|DAL:801|MIN:843
80621,DEN:43|UTA:469|OKC:625|DAL:815|MIN:842
80015,DEN:34|UTA:502|OKC:611|DAL:789|PHX:835
80634,DEN:68|UTA:446|OKC:656|DAL:846|MIN:849
80011,DEN:28|UTA:490|OKC:597|DAL:787|PHX:838
80022,DEN:36|UTA:479|OKC:605|DAL:795|PHX:847
80623,DEN:57|UTA:461|OKC:639|DAL:829|MIN:850
80017,DEN:36|UTA:497|OKC:606|DAL:791|PHX:837
80013,DEN:37|UTA:495|OKC:604|DAL:789|PHX:835
80016,DEN:36|UTA:495|OKC:604|DAL:780|PHX:825
80620,DEN:67|UTA:454|OKC:649|DAL:839|MIN:843
80646,DEN:73|UTA:444|OKC:655|DAL:845|MIN:846
80249,DEN:40|UTA:484|OKC:608|DAL:799|PHX:850
80018,DEN:39|UTA:492|OKC:594|DAL:784|PHX:839
80019,DEN:40|UTA:485|OKC:602|DAL:792|PHX:843
80631,DEN:71|UTA:448|OKC:653|DAL:843|MIN:844
80138,DEN:48|UTA:506|OKC:608|DAL:792|PHX:838
80603,DEN:44|UTA:487|OKC:616|DAL:806|MIN:844
80645,DEN:65|UTA:473|OKC:645|DAL:835|MIN:849
80642,DEN:52|UTA:492|OKC:632|DAL:822|MIN:840
80137,DEN:37|UTA:492|OKC:587|DAL:777|PHX:844
80643,DEN:51|UTA:487|OKC:628|DAL:818|MIN:826
80102,DEN:42|UTA:497|OKC:576|DAL:766|PHX:849
80644,DEN:74|UTA:467|OKC:650|MIN:821|DAL:840
80624,
80136,DEN:61|UTA:516|OKC:586|DAL:776|PHX:868
80652,
80649,DEN:105|UTA:506|OKC:667|MIN:838|DAL:857
80103,DEN:71|UTA:525|OKC:580|DAL:770|MIN:853
80654,DEN:86|UTA:508|OKC:638|MIN:813|DAL:829
80653,DEN:111|UTA:527|OKC:660|MIN:831|DAL:850
80105,DEN:69|UTA:524|OKC:562|DAL:752|MIN:858
80705,DEN:83|UTA:505|OKC:617|MIN:788|DAL:807
80701,DEN:107|UTA:529|OKC:638|MIN:809|DAL:828
80750,DEN:104|UTA:505|OKC:617|MIN:788|DAL:807
80757,DEN:93|UTA:548|OKC:571|DAL:761|MIN:814
80723,DEN:106|UTA:528|OKC:606|MIN:789|DAL:796
80733,DEN:103|UTA:525|OKC:616|MIN:770|DAL:806
80740,DEN:98|UTA:553|OKC:557|DAL:748|MIN:828
80722,DEN:147|UTA:567|OKC:635|MIN:788|DAL:825
80720,DEN:130|UTA:552|OKC:589|DAL:779|MIN:806
80801,DEN:114|OKC:542|UTA:569|DAL:732|MIN:830
80743,DEN:143|UTA:565|OKC:575|DAL:765|MIN:808
80812,DEN:137|OKC:527|UTA:592|DAL:717|MIN:815
80759,DEN:150|OKC:547|UTA:572|DAL:737|MIN:785
80822,DEN:148|OKC:521|UTA:603|DAL:711|MIN:810
80727,DEN:175|OKC:554|UTA:597|DAL:744|MIN:792
80824,DEN:159|OKC:509|UTA:614|DAL:699|MIN:797
80755,DEN:209|OKC:533|UTA:628|DAL:723|MIN:793
80735,DEN:172|OKC:493|UTA:624|DAL:683|MIN:779
80758,DEN:191|OKC:534|UTA:594|DAL:724|MIN:770
69030,DEN:237|OKC:567|UTA:649|DAL:757|MIN:777
69023,DEN:232|OKC:559|UTA:594|MIN:747|DAL:749
67756,DEN:197|OKC:493|UTA:640|DAL:683|MIN:754
69041,DEN:248|OKC:555|UTA:650|DAL:746|MIN:754
69021,DEN:226|OKC:520|UTA:615|DAL:710|MIN:718
67731,DEN:212|OKC:482|UTA:653|DAL:672|MIN:734
69037,DEN:245|OKC:528|UTA:639|DAL:718|MIN:721
69045,DEN:261|OKC:524|UTA:610|MIN:714|DAL:715
67745,DEN:227|OKC:475|DAL:665|UTA:670|MIN:727
69043,DEN:245|OKC:509|UTA:646|DAL:699|MIN:702
69040,DEN:270|OKC:501|UTA:619|DAL:691|MIN:691
67730,DEN:243|OKC:462|DAL:652|UTA:682|MIN:715
69044,DEN:265|OKC:501|UTA:646|DAL:691|MIN:694
67744,DEN:255|OKC:470|DAL:660|UTA:690|MIN:715
67734,DEN:259|OKC:431|DAL:621|UTA:713|MIN:745
69024,DEN:264|OKC:484|UTA:636|DAL:674|MIN:674
67739,DEN:281|OKC:476|DAL:667|UTA:683|MIN:716
69001,DEN:280|OKC:474|UTA:645|MIN:663|DAL:664
67757,DEN:255|OKC:427|DAL:617|MIN:707|UTA:710
67749,DEN:266|OKC:439|DAL:629|MIN:678|UTA:681
67635,DEN:262|OKC:416|DAL:606|MIN:691|UTA:708
69034,DEN:295|OKC:483|MIN:648|UTA:668|DAL:673
69026,DEN:296|OKC:465|DAL:655|MIN:655|UTA:677
69042,DEN:313|OKC:514|UTA:651|MIN:657|DAL:704
69036,DEN:304|OKC:467|MIN:652|DAL:657|UTA:685
67643,DEN:282|OKC:434|DAL:624|MIN:688|UTA:728
69020,DEN:312|OKC:472|MIN:648|DAL:662|UTA:685
67653,DEN:303|OKC:446|DAL:637|MIN:681|UTA:715
67629,DEN:299|OKC:444|DAL:634|MIN:691|UTA:742
69022,DEN:317|OKC:477|MIN:641|DAL:667|UTA:671
69046,DEN:320|OKC:457|MIN:643|DAL:647|UTA:698
68948,DEN:324|OKC:460|MIN:624|DAL:650|UTA:679
68946,DEN:321|OKC:445|MIN:631|DAL:635|UTA:686
67654,DEN:304|OKC:419|DAL:609|MIN:657|UTA:712
68922,DEN:323|OKC:448|MIN:608|DAL:638|UTA:661
67645,DEN:301|OKC:407|DAL:597|MIN:675|UTA:730
68926,DEN:332|OKC:440|MIN:626|DAL:631|UTA:686
68936,DEN:333|OKC:440|MIN:604|DAL:630|UTA:672
67622,DEN:323|OKC:411|DAL:601|MIN:642|UTA:723
68927,DEN:324|OKC:452|MIN:592|DAL:642|UTA:662
68967,DEN:345|OKC:429|MIN:600|DAL:619|UTA:684
68977,DEN:356|OKC:440|MIN:628|DAL:630|UTA:710
67646,DEN:332|OKC:405|DAL:595|MIN:673|UTA:762
67664,DEN:326|OKC:397|DAL:587|MIN:649|UTA:726
67647,DEN:340|OKC:417|DAL:608|MIN:628|CHI:718
68923,DEN:335|OKC:436|MIN:583|DAL:626|CHI:673
68966,DEN:353|OKC:419|MIN:607|DAL:609|CHI:697
68949,DEN:331|OKC:433|MIN:577|DAL:623|CHI:667
68920,DEN:355|OKC:414|MIN:600|DAL:604|CHI:689
67661,DEN:344|OKC:382|DAL:572|MIN:625|CHI:714
67639,DEN:337|OKC:370|DAL:560|MIN:644|CHI:733
68971,DEN:365|OKC:409|DAL:599|MIN:600|CHI:689
68982,DEN:351|OKC:420|MIN:579|DAL:610|CHI:669
68960,DEN:369|OKC:400|DAL:590|MIN:591|CHI:680
67621,DEN:363|OKC:387|DAL:577|MIN:641|CHI:730
68924,DEN:342|OKC:427|MIN:560|DAL:617|CHI:650
68929,DEN:380|OKC:407|DAL:597|MIN:598|CHI:688
68947,DEN:356|OKC:404|MIN:571|DAL:594|CHI:661
68939,DEN:374|OKC:388|DAL:578|MIN:580|CHI:669
68959,DEN:351|OKC:416|MIN:557|DAL:606|CHI:646
68981,DEN:364|OKC:397|MIN:570|DAL:587|CHI:659
68932,DEN:375|OKC:391|MIN:573|DAL:581|CHI:662
68950,DEN:367|OKC:403|MIN:555|DAL:593|CHI:644
68973,DEN:376|OKC:400|MIN:550|DAL:590|CHI:640
81625,DEN:312|UTA:367|PHX:819|OKC:915|LAL:930
82321,UTA:292|DEN:305|PHX:823|SAC:874|OKC:893
82323,UTA:298|DEN:308|PHX:820|SAC:880|OKC:899
82332,DEN:304|UTA:322|PHX:845|OKC:891|SAC:905
81639,
81653,DEN:370|UTA:392|PHX:894|OKC:972|SAC:974
80428,DEN:283|UTA:431|OKC:885|PHX:889|LAL:999
80487,DEN:216|UTA:388|OKC:819|PHX:822|LAL:933
82331,DEN:238|UTA:309|OKC:826|SAC:891|PHX:924
82325,DEN:268|UTA:339|OKC:856|SAC:921|PHX:924
80430,DEN:181|UTA:409|OKC:784|PHX:860|MIN:954
80480,DEN:204|UTA:407|OKC:807|PHX:883|MIN:952
80434,DEN:201|UTA:372|OKC:788|PHX:897|MIN:917
82055,DEN:207|UTA:361|OKC:795|MIN:923|SAC:944
82063,
82070,DEN:162|UTA:367|OKC:750|MIN:878|DAL:940
80545,DEN:255|UTA:497|OKC:843|MIN:1005|DAL:1033
80512,DEN:169|UTA:485|OKC:757|DAL:947|MIN:947
82072,
82084,
82073,DEN:134|UTA:369|OKC:721|MIN:850|DAL:911
80536,DEN:131|UTA:418|OKC:719|MIN:894|DAL:909
82052,DEN:121|UTA:367|OKC:708|MIN:837|DAL:899
80538,
80535,DEN:91|UTA:396|OKC:679|MIN:858|DAL:869
82059,DEN:169|UTA:429|OKC:756|MIN:885|DAL:947
82061,DEN:191|UTA:453|OKC:779|MIN:892|DAL:969
80526,DEN:82|UTA:427|OKC:670|DAL:860|MIN:871
80521,DEN:81|UTA:416|OKC:669|DAL:859|MIN:864
80549,DEN:88|UTA:413|OKC:675|MIN:839|DAL:865
80525,DEN:67|UTA:431|OKC:655|DAL:845|MIN:857
80524,DEN:75|UTA:422|OKC:662|MIN:850|DAL:852
80547,DEN:65|UTA:429|OKC:653|DAL:843|MIN:855
82001,DEN:106|UTA:390|OKC:693|MIN:821|DAL:883
82005,DEN:103|UTA:392|OKC:691|MIN:816|DAL:881
82009,DEN:122|UTA:410|OKC:709|MIN:818|DAL:899
80546,DEN:76|UTA:438|OKC:663|DAL:853|MIN:862
80612,DEN:102|UTA:411|OKC:690|MIN:834|DAL:880
80650,DEN:86|UTA:427|OKC:674|MIN:850|DAL:864
80648,DEN:102|UTA:421|OKC:688|MIN:844|DAL:878
82007,
80615,DEN:85|UTA:447|OKC:665|MIN:853|DAL:855
80610,DEN:109|UTA:452|OKC:689|MIN:875|DAL:879
82060,DEN:143|UTA:430|OKC:723|MIN:802|DAL:913
80622,DEN:89|UTA:459|OKC:669|MIN:856|DAL:859
82054,DEN:133|UTA:420|OKC:698|MIN:802|DAL:888
82053,DEN:132|UTA:419|OKC:697|MIN:796|DAL:887
80732,DEN:144|UTA:431|OKC:709|MIN:813|DAL:899
82050,
80611,DEN:116|UTA:477|OKC:685|MIN:841|DAL:875
80729,DEN:148|UTA:445|OKC:695|MIN:827|DAL:885
82082,DEN:147|UTA:434|OKC:686|MIN:790|DAL:876
69128,DEN:150|UTA:437|OKC:674|MIN:775|DAL:864
80742,DEN:153|UTA:521|OKC:685|MIN:840|DAL:875
69145,DEN:163|UTA:450|OKC:664|MIN:757|DAL:854
80754,DEN:131|UTA:498|OKC:648|MIN:801|DAL:838
80741,DEN:138|UTA:512|OKC:647|MIN:784|DAL:837
69133,DEN:171|UTA:458|OKC:646|MIN:754|DAL:836
80745,DEN:196|UTA:540|OKC:700|MIN:807|DAL:890
69156,DEN:185|UTA:471|OKC:656|MIN:763|DAL:846
80751,DEN:132|UTA:523|OKC:638|MIN:758|DAL:828
80747,DEN:171|UTA:498|OKC:650|MIN:757|DAL:840
80736,DEN:147|UTA:517|OKC:642|MIN:755|DAL:832
69162,DEN:175|UTA:475|OKC:628|MIN:736|DAL:819
69131,DEN:205|UTA:499|OKC:651|MIN:721|DAL:841
69141,DEN:199|UTA:492|OKC:644|MIN:732|DAL:835
80728,DEN:154|UTA:556|OKC:611|MIN:750|DAL:801
80726,DEN:163|UTA:535|OKC:633|MIN:746|DAL:823
69149,DEN:207|UTA:506|OKC:631|MIN:738|DAL:821
80731,DEN:173|UTA:567|OKC:594|MIN:760|DAL:785
80749,DEN:170|UTA:535|OKC:617|MIN:724|DAL:807
80746,DEN:176|UTA:564|OKC:572|MIN:740|DAL:762
80744,DEN:169|UTA:525|OKC:603|MIN:711|DAL:793
69129,DEN:193|UTA:513|OKC:602|MIN:710|DAL:792
69154,DEN:219|UTA:539|OKC:620|MIN:722|DAL:810
80734,DEN:195|OKC:555|UTA:558|MIN:734|DAL:745
80737,DEN:183|UTA:534|OKC:593|MIN:711|DAL:783
80721,DEN:200|UTA:560|OKC:570|MIN:720|DAL:760
69122,DEN:185|UTA:522|OKC:585|MIN:693|DAL:776
69168,DEN:217|UTA:568|OKC:586|MIN:719|DAL:777
69127,DEN:193|UTA:532|OKC:578|MIN:685|DAL:768
69146,DEN:238|UTA:577|OKC:607|MIN:715|DAL:797
69140,DEN:223|UTA:562|OKC:564|MIN:697|DAL:755
69033,DEN:234|OKC:543|UTA:592|MIN:727|DAL:733
69153,DEN:208|UTA:547|OKC:574|MIN:682|DAL:764
69144,
69150,DEN:237|OKC:568|UTA:576|MIN:696|DAL:758
69027,DEN:243|OKC:528|UTA:592|MIN:717|DAL:718
69155,DEN:227|OKC:561|UTA:565|MIN:668|DAL:751
69134,DEN:244|OKC:558|UTA:583|MIN:686|DAL:748
69169,DEN:250|OKC:540|UTA:588|MIN:669|DAL:730
69165,DEN:224|OKC:540|UTA:563|MIN:647|DAL:730
69032,DEN:285|OKC:528|UTA:623|MIN:704|DAL:718
69143,DEN:239|OKC:540|UTA:577|MIN:647|DAL:730
69132,DEN:259|OKC:535|UTA:597|MIN:668|DAL:725
69101,DEN:248|OKC:531|UTA:586|MIN:635|DAL:722
69170,DEN:265|OKC:513|UTA:604|MIN:650|DAL:703
69038,DEN:299|OKC:525|UTA:638|MIN:661|DAL:715
69025,DEN:287|OKC:505|UTA:625|MIN:631|DAL:695
69151,DEN:263|OKC:519|UTA:602|MIN:626|DAL:709
69039,DEN:300|OKC:498|MIN:624|UTA:638|DAL:688
69123,DEN:267|OKC:508|UTA:606|MIN:615|DAL:698
69029,DEN:297|OKC:491|MIN:618|UTA:636|DAL:681
69120,DEN:293|OKC:536|MIN:592|UTA:631|DAL:726
69138,DEN:283|OKC:502|MIN:610|UTA:622|DAL:692
69171,DEN:279|OKC:489|MIN:596|UTA:617|DAL:679
69028,DEN:303|OKC:481|MIN:607|UTA:642|DAL:671
68825,DEN:314|OKC:509|MIN:584|UTA:652|DAL:699
69130,DEN:292|OKC:489|MIN:597|UTA:631|DAL:680
68937,DEN:307|OKC:464|MIN:593|UTA:646|DAL:654
68860,DEN:323|OKC:494|MIN:576|UTA:661|DAL:684
68850,DEN:301|OKC:479|MIN:586|UTA:639|DAL:669
68976,DEN:325|OKC:464|MIN:596|DAL:654|UTA:663
68834,DEN:319|OKC:480|MIN:582|UTA:658|DAL:670
68822,DEN:328|OKC:497|MIN:553|UTA:667|DAL:687
68863,DEN:312|OKC:465|MIN:573|UTA:650|DAL:655
68958,DEN:321|OKC:444|MIN:578|DAL:634|UTA:659
68878,DEN:332|OKC:476|MIN:582|DAL:666|UTA:670
68814,DEN:339|OKC:479|MIN:544|DAL:669|CHI:674
68858,DEN:332|OKC:468|MIN:568|DAL:658|CHI:666
68836,DEN:311|OKC:450|MIN:557|DAL:640|CHI:647
68881,DEN:345|OKC:493|MIN:541|DAL:683|UTA:683
68855,DEN:357|OKC:483|MIN:558|DAL:673|CHI:679
68812,DEN:342|OKC:469|MIN:577|DAL:659|CHI:667
68861,DEN:319|OKC:447|MIN:554|DAL:637|CHI:644
68940,DEN:329|OKC:437|MIN:562|DAL:627|CHI:652
68845,DEN:331|OKC:455|MIN:563|DAL:645|CHI:653
68870,DEN:343|OKC:456|MIN:564|DAL:647|CHI:654
68815,DEN:357|OKC:486|MIN:524|CHI:668|DAL:676
68852,DEN:360|OKC:464|MIN:552|DAL:654|CHI:659
68866,DEN:357|OKC:465|MIN:557|DAL:655|CHI:660
68849,DEN:329|OKC:441|MIN:550|DAL:631|CHI:639
68844,DEN:361|OKC:456|MIN:548|DAL:646|CHI:651
68847,DEN:331|OKC:437|MIN:545|DAL:627|CHI:635
68853,DEN:364|OKC:465|MIN:523|CHI:651|DAL:655
68869,DEN:363|OKC:444|MIN:536|DAL:634|CHI:639
68840,DEN:341|OKC:435|MIN:541|DAL:625|CHI:630
68871,DEN:376|OKC:450|MIN:537|DAL:640|CHI:645
68859,DEN:380|OKC:477|MIN:512|CHI:652|DAL:667
68817,DEN:380|OKC:460|MIN:525|CHI:643|DAL:650
68945,DEN:353|OKC:415|MIN:549|DAL:605|CHI:638
68876,DEN:353|OKC:430|MIN:536|DAL:621|CHI:626
68820,DEN:390|OKC:451|MIN:538|DAL:641|CHI:646
68956,DEN:353|OKC:418|MIN:539|DAL:608|CHI:628
68838,DEN:389|OKC:454|MIN:519|CHI:637|DAL:644
68824,DEN:367|OKC:428|MIN:520|DAL:618|CHI:623
68835,DEN:392|OKC:453|MIN:511|CHI:635|DAL:643
68883,DEN:354|OKC:414|MIN:520|DAL:605|CHI:610
68831,DEN:379|OKC:440|MIN:519|DAL:630|CHI:635
68955,DEN:365|OKC:407|MIN:534|DAL:597|CHI:624
68810,DEN:360|OKC:414|MIN:520|DAL:604|CHI:609
68873,DEN:393|OKC:439|MIN:504|CHI:621|DAL:629
68803,DEN:372|OKC:417|MIN:509|DAL:607|CHI:613
68832,DEN:364|OKC:407|MIN:513|DAL:597|CHI:602
68901,DEN:379|OKC:394|MIN:528|DAL:584|CHI:617
68872,DEN:387|OKC:429|MIN:508|DAL:620|CHI:625
68801,DEN:378|OKC:411|MIN:501|DAL:601|CHI:607
68980,DEN:379|OKC:395|MIN:528|DAL:586|CHI:618
68865,DEN:378|OKC:404|MIN:510|DAL:594|CHI:599
82322,DEN:270|UTA:306|OKC:858|SAC:888|MIN:905
82301,DEN:281|UTA:296|OKC:869|SAC:879|PHX:918
82334,DEN:277|UTA:319|OKC:864|SAC:901|PHX:940
82335,DEN:216|UTA:286|OKC:804|SAC:868|PHX:907
82327,DEN:332|UTA:428|OKC:919|MIN:962|SAC:1010
82324,DEN:204|UTA:311|OKC:791|SAC:893|MIN:920
82329,DEN:268|UTA:369|OKC:855|MIN:936|SAC:951
82083,DEN:202|UTA:337|OKC:790|MIN:899|SAC:919
82051,DEN:226|UTA:385|OKC:814|MIN:860|SAC:967
82058,DEN:289|UTA:423|OKC:876|MIN:887|SAC:1006
82201,DEN:198|UTA:475|OKC:786|MIN:822|DAL:976
82213,DEN:190|UTA:471|MIN:759|OKC:778|DAL:968
82210,DEN:149|UTA:438|OKC:737|MIN:813|DAL:927
82214,DEN:224|UTA:513|MIN:764|OKC:777|DAL:967
82215,DEN:243|UTA:519|MIN:742|OKC:789|DAL:979
82212,DEN:238|UTA:527|OKC:773|MIN:778|DAL:963
82219,DEN:275|UTA:555|MIN:760|OKC:810|DAL:1000
82081,DEN:172|UTA:461|OKC:760|MIN:807|DAL:950
82244,DEN:203|UTA:492|OKC:767|MIN:779|DAL:957
82243,DEN:208|UTA:497|OKC:767|MIN:774|DAL:957
82223,DEN:224|UTA:513|OKC:759|MIN:764|DAL:949
82221,DEN:168|UTA:457|OKC:733|MIN:773|DAL:923
82218,DEN:192|UTA:480|OKC:736|MIN:748|DAL:926
82217,DEN:201|UTA:490|OKC:765|MIN:781|DAL:955
82240,DEN:238|UTA:527|OKC:773|MIN:778|DAL:963
69358,DEN:226|UTA:515|OKC:745|MIN:750|DAL:935
69352,DEN:189|UTA:478|OKC:718|MIN:738|DAL:908
69357,
69345,DEN:188|UTA:474|OKC:685|MIN:733|DAL:876
69341,DEN:192|UTA:481|OKC:692|MIN:719|DAL:883
69361,
69355,DEN:206|UTA:495|OKC:685|MIN:706|DAL:876
69356,DEN:219|UTA:508|OKC:697|MIN:711|DAL:888
69353,DEN:212|UTA:501|OKC:680|MIN:707|DAL:870
69354,DEN:265|UTA:554|MIN:680|OKC:743|MIL:921
69334,DEN:226|UTA:515|OKC:683|MIN:696|DAL:873
69348,DEN:265|UTA:554|MIN:664|OKC:727|MIL:905
69336,
69331,DEN:252|UTA:541|MIN:688|OKC:692|DAL:882
69301,DEN:256|UTA:545|MIN:659|OKC:697|CHI:883
69125,DEN:223|UTA:516|OKC:644|MIN:709|DAL:834
69148,DEN:273|UTA:575|OKC:675|MIN:708|DAL:865
69351,DEN:284|UTA:573|MIN:642|OKC:672|CHI:856
69340,
69335,DEN:293|UTA:583|MIN:641|OKC:651|CHI:835
69147,
69333,
69121,DEN:244|UTA:583|OKC:608|MIN:675|DAL:798
69350,DEN:272|UTA:611|MIN:634|OKC:635|CHI:819
69366,
69152,
69167,DEN:281|OKC:569|UTA:619|MIN:640|DAL:760
69161,
69166,
69163,
69142,DEN:329|OKC:548|MIN:573|UTA:667|CHI:733
69135,
69157,
69214,
68833,DEN:327|OKC:531|MIN:565|UTA:665|DAL:721
68813,
69210,DEN:379|MIN:522|OKC:576|UTA:718|MIL:730
68856,DEN:316|OKC:510|MIN:566|UTA:655|DAL:700
68821,
69217,
68879,
68714,
68874,DEN:358|OKC:514|MIN:535|CHI:695|UTA:697
68828,DEN:356|OKC:505|MIN:524|CHI:682|DAL:695
68823,DEN:402|MIN:507|OKC:525|CHI:681|MIL:714
68837,DEN:397|OKC:505|MIN:522|CHI:680|DAL:695
68862,DEN:375|OKC:481|MIN:499|CHI:657|DAL:672
68875,DEN:394|OKC:477|MIN:509|CHI:649|DAL:667
82630,DEN:418|UTA:471|MIN:963|OKC:1006|SAC:1053
82638,DEN:329|UTA:403|MIN:873|OKC:916|SAC:985
82620,DEN:315|UTA:351|MIN:874|OKC:903|SAC:933
82648,DEN:324|UTA:441|MIN:869|OKC:912|SAC:1023
82646,DEN:304|UTA:436|MIN:849|OKC:892|SAC:1018
82604,DEN:321|UTA:452|MIN:866|OKC:909|SAC:1035
82644,DEN:263|UTA:395|MIN:807|OKC:850|SAC:977
82601,DEN:269|UTA:406|MIN:811|OKC:856|SAC:988
82643,DEN:297|UTA:435|MIN:775|OKC:885|SAC:1017
82635,DEN:307|UTA:444|MIN:780|OKC:894|SAC:1026
82609,DEN:267|UTA:420|MIN:812|OKC:855|SAC:1002
82636,DEN:247|UTA:430|MIN:792|OKC:835|SAC:1013
82637,DEN:253|UTA:445|MIN:798|OKC:841|SAC:1027
82633,DEN:278|UTA:509|MIN:804|OKC:865|MIL:1045
82229,DEN:250|UTA:507|MIN:761|OKC:838|MIL:1003
82224,DEN:236|UTA:492|MIN:747|OKC:824|MIL:989
82227,DEN:235|UTA:492|MIN:725|OKC:823|MIL:967
82222,DEN:291|UTA:547|MIN:724|OKC:869|MIL:966
82225,DEN:264|UTA:520|MIN:694|OKC:824|MIL:936
82242,DEN:267|UTA:523|MIN:707|OKC:788|MIL:949
57735,DEN:309|UTA:565|MIN:634|OKC:834|MIL:876
69346,
57747,DEN:344|UTA:600|MIN:614|OKC:815|MIL:856
69339,DEN:294|UTA:580|MIN:678|OKC:765|MIL:919
69367,DEN:308|UTA:586|MIN:663|OKC:778|MIL:905
57763,DEN:335|UTA:613|MIN:628|OKC:782|MIL:870
57782,DEN:351|UTA:629|MIN:632|OKC:798|MIL:874
57766,DEN:375|UTA:631|MIN:633|OKC:826|MIL:875
57722,DEN:417|MIN:649|UTA:698|OKC:827|MIL:891
69337,DEN:317|UTA:595|MIN:638|OKC:758|MIL:880
57764,
69347,DEN:298|UTA:587|MIN:616|OKC:732|MIL:858
57770,DEN:377|MIN:614|UTA:666|OKC:787|MIL:856
57772,DEN:430|MIN:602|UTA:715|OKC:823|MIL:844
69360,DEN:316|MIN:598|UTA:605|OKC:726|MIL:840
57756,DEN:381|MIN:597|UTA:670|OKC:775|MIL:838
69365,
57794,DEN:372|MIN:587|UTA:661|OKC:765|MIL:829
57752,DEN:428|MIN:566|UTA:717|OKC:782|MIL:808
57716,DEN:370|MIN:571|UTA:659|OKC:751|MIL:813
57714,DEN:442|MIN:594|UTA:731|OKC:797|MIL:836
69343,DEN:385|MIN:609|UTA:674|OKC:744|MIL:850
57551,DEN:378|MIN:534|UTA:682|OKC:727|MIL:776
69218,
57547,DEN:414|MIN:513|UTA:718|MIL:754|OKC:763
57574,DEN:420|MIN:553|UTA:723|OKC:745|MIL:795
69211,DEN:393|MIN:580|OKC:695|UTA:704|MIL:822
57560,DEN:451|MIN:517|OKC:729|UTA:755|MIL:759
57572,DEN:451|MIN:578|UTA:755|OKC:760|MIL:820
57566,DEN:444|MIN:541|OKC:725|UTA:748|MIL:783
69219,DEN:393|MIN:577|OKC:664|UTA:718|MIL:819
69216,DEN:390|MIN:543|OKC:659|UTA:701|MIL:785
57570,DEN:424|MIN:500|OKC:684|UTA:735|MIL:741
69212,DEN:404|MIN:540|OKC:652|UTA:716|MIL:782
57555,DEN:415|MIN:486|OKC:661|MIL:727|UTA:749
69201,DEN:378|MIN:549|OKC:624|UTA:717|MIL:786
57563,DEN:434|MIN:484|OKC:680|MIL:726|UTA:768
69221,DEN:402|MIN:541|OKC:618|UTA:740|MIL:749
69220,DEN:416|MIN:524|OKC:631|UTA:750|MIL:757
57580,MIN:473|DEN:481|OKC:686|MIL:715|CHI:788
68778,DEN:432|MIN:501|OKC:612|MIL:734|CHI:750
82442,DEN:478|UTA:495|MIN:864|POR:1065|OKC:1066
82834,DEN:376|UTA:513|MIN:767|OKC:963|POR:1021
82639,DEN:323|UTA:460|MIN:783|OKC:911|POR:1037
82640,DEN:311|UTA:448|MIN:762|OKC:899|SAC:1031
82718,DEN:346|UTA:556|MIN:737|OKC:934|MIL:979
82732,DEN:297|UTA:496|MIN:719|OKC:884|MIL:961
82727,DEN:348|UTA:557|MIN:666|MIL:908|OKC:935
82721,DEN:387|UTA:597|MIN:673|MIL:915|OKC:953
82730,DEN:383|UTA:598|MIN:679|MIL:921|OKC:953
82701,DEN:406|UTA:625|MIN:720|MIL:961|OKC:966
82723,DEN:362|UTA:615|MIN:672|MIL:914|OKC:922
82729,DEN:388|UTA:602|MIN:627|MIL:868|OKC:907
57783,DEN:426|MIN:607|UTA:636|MIL:849|OKC:887
57754,DEN:416|MIN:623|UTA:672|MIL:864|OKC:903
57799,DEN:415|MIN:594|UTA:625|MIL:835|OKC:874
57745,DEN:415|MIN:613|UTA:671|MIL:855|OKC:894
57732,DEN:418|MIN:601|UTA:652|MIL:843|OKC:881
57730,DEN:368|MIN:615|UTA:624|MIL:857|OKC:858
57773,DEN:347|UTA:603|MIN:626|OKC:841|MIL:868
57759,DEN:442|MIN:598|UTA:677|MIL:840|OKC:878
57741,DEN:427|MIN:577|UTA:642|MIL:819|OKC:858
57751,DEN:404|MIN:584|UTA:660|MIL:826|OKC:864
57702,DEN:438|MIN:602|UTA:694|MIL:843|OKC:882
57718,DEN:430|MIN:576|UTA:680|MIL:817|OKC:856
57769,DEN:422|MIN:567|UTA:660|MIL:809|OKC:847
57701,DEN:406|MIN:552|UTA:662|MIL:794|OKC:832
57785,DEN:474|MIN:624|UTA:689|MIL:866|OKC:905
57738,DEN:378|MIN:592|UTA:634|MIL:834|OKC:836
57706,DEN:420|MIN:555|UTA:676|MIL:796|OKC:835
57703,DEN:406|MIN:558|UTA:663|MIL:800|OKC:838
57744,DEN:388|MIN:581|UTA:645|MIL:822|OKC:832
57719,DEN:437|MIN:570|UTA:693|MIL:812|OKC:850
57725,DEN:424|MIN:558|UTA:680|MIL:800|OKC:839
57761,DEN:440|MIN:555|UTA:696|MIL:797|OKC:835
57767,DEN:427|MIN:522|UTA:683|MIL:764|OKC:802
57780,
57791,
57790,DEN:454|MIN:515|UTA:710|MIL:757|OKC:796
57775,DEN:487|MIN:549|UTA:744|MIL:791|OKC:829
57750,DEN:457|MIN:530|UTA:756|MIL:772|OKC:798
57567,DEN:474|MIN:512|MIL:754|UTA:758|OKC:792
57577,DEN:428|MIN:509|UTA:731|MIL:750|OKC:769
57553,DEN:517|MIN:542|UTA:779|MIL:784|OKC:832
57543,DEN:424|MIN:477|MIL:719|UTA:728|OKC:758
57552,DEN:514|MIN:518|MIL:760|OKC:798|UTA:813
57521,
57562,MIN:442|DEN:461|MIL:684|OKC:722|CHI:757
57579,DEN:447|MIN:466|OKC:693|MIL:708|UTA:774
57559,MIN:450|DEN:480|MIL:691|OKC:729|CHI:764
57585,DEN:476|MIN:486|OKC:711|MIL:728|CHI:800
82844,DEN:423|UTA:560|MIN:803|POR:974|OKC:1010
82833,DEN:423|UTA:560|MIN:803|POR:1006|OKC:1010
59016,DEN:480|UTA:617|MIN:813|POR:959|OKC:1067
82842,DEN:379|UTA:516|MIN:759|OKC:966|POR:986
82801,DEN:390|UTA:527|MIN:771|POR:964|OKC:978
82832,DEN:397|UTA:534|MIN:777|OKC:984|POR:989
82845,DEN:412|UTA:550|MIN:793|POR:986|OKC:1000
59025,DEN:467|UTA:605|MIN:848|POR:999|OKC:1055
59012,DEN:527|UTA:664|MIN:835|POR:1037|MIL:1077
82835,DEN:443|UTA:581|MIN:821|OKC:1031|MIL:1063
82837,DEN:412|UTA:549|MIN:790|OKC:999|MIL:1031
59062,DEN:562|UTA:699|MIN:833|POR:1064|MIL:1075
59003,DEN:489|UTA:651|MIN:748|POR:979|MIL:990
82831,DEN:435|UTA:576|MIN:779|MIL:1021|OKC:1023
82725,DEN:434|UTA:630|MIN:778|MIL:1020|OKC:1021
82716,DEN:385|UTA:595|MIN:730|MIL:971|OKC:973
59317,DEN:463|UTA:672|MIN:722|MIL:964|OKC:1002
59314,DEN:405|UTA:615|MIN:739|MIL:981|OKC:993
82731,DEN:392|UTA:602|MIN:732|MIL:974|OKC:980
59316,DEN:482|UTA:692|MIN:705|MIL:946|OKC:985
59332,DEN:513|MIN:720|UTA:723|MIL:962|OKC:1000
82714,DEN:383|UTA:593|MIN:642|MIL:883|OKC:922
82720,DEN:426|UTA:635|MIN:672|MIL:914|OKC:952
59311,DEN:508|MIN:700|UTA:718|MIL:942|OKC:981
82711,DEN:408|UTA:617|MIN:634|MIL:876|OKC:914
82710,DEN:448|MIN:655|UTA:658|MIL:897|OKC:936
59319,
82712,DEN:406|MIN:608|UTA:616|MIL:850|OKC:888
57717,DEN:467|MIN:644|UTA:677|MIL:886|OKC:925
57779,DEN:427|MIN:588|UTA:636|MIL:830|OKC:868
57762,DEN:453|MIN:630|UTA:663|MIL:872|OKC:911
57793,DEN:432|MIN:589|UTA:642|MIL:831|OKC:869
57776,
57760,DEN:518|MIN:670|UTA:728|MIL:912|OKC:950
57788,DEN:490|MIN:640|UTA:705|MIL:882|OKC:921
57651,DEN:549|MIN:662|UTA:759|MIL:964|OKC:1002
57649,DEN:554|MIN:637|UTA:764|MIL:961|OKC:1005
57758,DEN:531|MIN:666|UTA:742|MIL:908|OKC:952
57787,DEN:498|MIN:619|UTA:713|MIL:861|OKC:904
57620,DEN:596|MIN:637|UTA:806|MIL:948|OKC:992
57737,
57792,DEN:495|MIN:580|UTA:711|MIL:822|OKC:867
57626,DEN:573|MIN:623|UTA:785|MIL:864|OKC:909
57644,
57748,DEN:519|MIN:568|UTA:734|MIL:809|OKC:854
57623,MIN:589|DEN:598|UTA:813|MIL:853|OKC:902
57622,
59323,DEN:550|UTA:687|MIN:746|POR:1002|MIL:1082
59327,DEN:545|UTA:639|MIN:675|POR:944|MIL:1012
59043,
59347,
59333,DEN:560|MIN:648|UTA:654|POR:959|MIL:985
59301,DEN:568|MIN:646|UTA:681|MIL:982|POR:986
59351,DEN:506|UTA:716|MIN:728|MIL:1007|OKC:1046
59343,DEN:489|UTA:699|MIN:748|MIL:990|OKC:1029
59345,DEN:592|MIN:758|UTA:799|MIL:1088|POR:1104
59336,
59344,DEN:651|MIN:667|UTA:801|MIL:1004|CHI:1076
59324,DEN:568|MIN:715|UTA:777|MIL:1001|OKC:1040
59354,DEN:606|MIN:641|UTA:815|MIL:977|CHI:1050
59313,DEN:628|MIN:647|UTA:822|MIL:984|CHI:1057
57724,DEN:537|MIN:651|UTA:746|MIL:956|OKC:994
58643,DEN:589|MIN:611|UTA:799|MIL:948|CHI:1020
58651,DEN:561|MIN:583|UTA:771|MIL:920|CHI:992
57720,
58623,DEN:543|MIN:568|UTA:753|MIL:905|CHI:978
57755,
58653,DEN:567|MIN:570|UTA:777|MIL:907|CHI:980
57650,DEN:582|MIN:616|UTA:791|MIL:952|CHI:1025
58649,MIN:569|DEN:578|UTA:787|MIL:906|CHI:979
57640,MIN:601|DEN:604|UTA:814|MIL:938|CHI:1010
58639,MIN:574|DEN:600|UTA:810|MIL:910|CHI:983
59312,DEN:663|MIN:732|UTA:780|POR:1064|MIL:1069
59214,
59338,DEN:606|MIN:666|UTA:724|MIL:1002|POR:1029
59349,
59339,MIN:599|DEN:648|UTA:766|MIL:936|CHI:1009
59315,MIN:626|DEN:674|UTA:792|MIL:962|CHI:1035
59326,MIN:637|DEN:639|UTA:757|MIL:973|CHI:1046
59330,MIN:575|DEN:624|UTA:742|MIL:912|CHI:985
59262,MIN:633|DEN:681|UTA:799|MIL:969|CHI:1042
59353,MIN:565|DEN:652|UTA:770|MIL:902|CHI:974
58632,MIN:568|DEN:674|UTA:800|MIL:905|CHI:977
58621,MIN:574|DEN:681|UTA:805|MIL:911|CHI:983
58654,MIN:573|DEN:680|UTA:807|MIL:910|CHI:983
58645,MIN:532|DEN:639|UTA:804|MIL:869|CHI:942
58620,MIN:553|DEN:587|UTA:797|MIL:889|CHI:962
59223,MIN:714|DEN:747|UTA:828|MIL:1050|POR:1064
59225,MIN:762|DEN:811|UTA:886|MIL:1098|POR:1109
59215,
59201,MIN:701|DEN:750|UTA:867|MIL:1037|POR:1090
59274,MIN:669|DEN:718|UTA:836|MIL:1005|CHI:1078
59255,MIN:716|DEN:779|UTA:898|MIL:1052|CHI:1125
59259,MIN:648|DEN:696|UTA:814|MIL:985|CHI:1058
59213,
59243,MIN:682|DEN:732|UTA:850|MIL:1018|CHI:1091
59217,MIN:617|DEN:665|UTA:783|MIL:953|CHI:1026
59270,MIN:635|DEN:694|UTA:812|MIL:972|CHI:1044
59253,
59263,MIN:779|DEN:828|UTA:946|MIL:1115|POR:1175
46730,IND:167|DET:179|CHI:212|CLE:217|MIL:319
46706,IND:163|DET:185|CHI:221|CLE:222|MIL:329
46793,IND:163|DET:173|CLE:208|CHI:209|MIL:317
46788,IND:166|DET:175|CLE:217|CHI:238|MIL:346
46785,IND:170|DET:172|CLE:209|CHI:230|MIL:338
46721,DET:160|IND:174|CLE:198|CHI:220|MIL:327
46743,DET:163|IND:164|CLE:205|CHI:243|MIL:350
45813,DET:151|IND:166|CLE:193|CHI:249|MIL:356
43526,DET:155|IND:176|CLE:197|CHI:236|MIL:343
43517,DET:151|IND:188|CLE:189|CHI:224|MIL:331
43520,DET:148|CLE:185|IND:189|CHI:235|MIL:342
43536,DET:148|IND:188|CLE:190|CHI:247|MIL:354
45855,DET:150|IND:181|CLE:192|CHI:266|MIL:374
43556,DET:141|CLE:183|IND:183|CHI:245|MIL:353
45879,DET:150|IND:183|CLE:192|CHI:267|MIL:374
45821,DET:135|IND:175|CLE:177|CHI:256|MIL:363
43506,DET:140|CLE:174|IND:199|CHI:227|MIL:334
43549,DET:144|CLE:186|IND:193|CHI:240|MIL:348
45849,DET:152|IND:185|CLE:194|CHI:271|MIL:379
45861,DET:148|CLE:190|IND:193|CHI:277|MIL:384
43519,DET:132|CLE:174|IND:202|CHI:241|MIL:349
43557,DET:131|CLE:168|IND:208|CHI:236|MIL:344
45873,DET:149|CLE:191|IND:201|CHI:280|TOR:386
43512,DET:123|CLE:165|IND:186|CHI:255|TOR:359
45876,DET:162|IND:188|CLE:192|CHI:274|MIL:382
45827,DET:166|IND:203|CLE:208|CHI:290|MIL:398
43530,DET:116|CLE:158|IND:193|CHI:260|TOR:353
45844,DET:164|CLE:194|IND:194|CHI:281|MIL:388
43555,DET:116|CLE:158|IND:203|CHI:243|MIL:351
45831,DET:148|CLE:190|IND:211|CHI:280|TOR:385
45853,DET:156|CLE:194|IND:202|CHI:289|TOR:393
45809,DET:149|CLE:179|IND:195|CHI:282|TOR:386
43548,DET:135|CLE:177|IND:210|CHI:279|TOR:372
45807,DET:154|CLE:184|IND:204|CHI:291|TOR:391
43527,DET:127|CLE:169|IND:205|CHI:271|TOR:363
45893,DET:150|CLE:180|IND:199|CHI:286|TOR:387
45864,DET:141|CLE:183|IND:219|CHI:286|TOR:378
43545,DET:109|CLE:151|IND:200|CHI:253|TOR:346
45830,DET:152|CLE:187|IND:209|CHI:296|TOR:389
45820,DET:144|CLE:173|IND:197|CHI:284|TOR:380
45848,DET:146|CLE:184|IND:213|CHI:299|TOR:382
45804,DET:147|CLE:184|IND:189|CHI:301|TOR:384
45875,DET:143|CLE:181|IND:213|CHI:299|TOR:379
43524,DET:126|CLE:167|IND:215|CHI:274|TOR:362
45801,DET:146|CLE:178|IND:195|CHI:300|TOR:383
43535,DET:119|CLE:160|IND:213|CHI:268|TOR:356
45856,DET:141|CLE:180|IND:232|CHI:291|TOR:378
43523,DET:115|CLE:154|IND:212|CHI:266|TOR:351
45808,DET:134|CLE:170|IND:196|CHI:291|TOR:371
43532,DET:108|CLE:150|IND:212|CHI:259|TOR:345
45854,DET:142|CLE:172|IND:200|CHI:299|TOR:379
43510,DET:105|CLE:147|IND:215|CHI:259|TOR:342
45815,DET:133|CLE:172|IND:230|CHI:289|TOR:370
45896,DET:165|CLE:193|IND:193|CHI:318|TOR:402
45877,DET:137|CLE:175|IND:213|CHI:307|TOR:374
43534,DET:111|CLE:151|IND:216|CHI:270|TOR:348
45850,DET:153|CLE:181|IND:204|CHI:309|TOR:389
43516,DET:127|CLE:166|IND:224|CHI:283|TOR:364
45817,DET:128|CLE:165|IND:205|CHI:298|TOR:365
43547,DET:100|CLE:140|IND:224|CHI:261|TOR:337
45868,DET:131|CLE:169|IND:217|CHI:313|TOR:368
43346,DET:162|CLE:187|IND:199|CHI:317|TOR:399
43522,DET:99|CLE:141|IND:222|CHI:274|TOR:336
43541,DET:111|CLE:149|IND:226|CHI:283|TOR:348
43511,DET:115|CLE:153|IND:228|CHI:288|TOR:352
45812,DET:160|CLE:184|IND:215|CHI:323|TOR:396
45810,DET:139|CLE:164|IND:210|CHI:303|TOR:376
45858,DET:118|CLE:157|IND:231|CHI:304|TOR:355
45816,DET:122|CLE:159|IND:217|CHI:308|TOR:359
43569,DET:103|CLE:141|IND:225|CHI:279|TOR:340
45859,DET:150|CLE:172|IND:215|CHI:314|TOR:387
43529,DET:115|CLE:154|IND:238|CHI:295|TOR:352
45881,DET:128|CLE:165|IND:212|CHI:307|TOR:365
43566,DET:89|CLE:131|IND:225|CHI:269|TOR:326
43565,DET:98|CLE:137|IND:230|CHI:280|TOR:335
45841,DET:134|CLE:162|IND:217|CHI:310|TOR:371
43462,DET:105|CLE:143|IND:232|CHI:289|TOR:342
43525,DET:91|CLE:132|IND:232|CHI:273|TOR:328
45835,DET:146|CLE:163|IND:224|CHI:316|TOR:383
45872,DET:106|CLE:144|IND:232|CHI:292|TOR:342
43413,DET:100|CLE:139|IND:234|CHI:286|TOR:337
45897,DET:133|CLE:153|IND:218|CHI:307|TOR:370
43402,DET:90|CLE:129|IND:235|CHI:276|TOR:326
45840,DET:115|CLE:148|IND:220|CHI:301|TOR:352
45836,DET:135|CLE:152|IND:218|CHI:308|TOR:372
45889,DET:108|CLE:146|IND:231|CHI:294|TOR:344
43403,DET:91|CLE:130|IND:235|CHI:277|TOR:328
43451,DET:95|CLE:130|IND:235|CHI:281|TOR:331
43414,DET:82|CLE:122|IND:237|CHI:268|TOR:319
45814,DET:130|CLE:158|IND:226|CHI:315|TOR:367
43437,DET:104|CLE:136|IND:238|CHI:290|TOR:340
44817,DET:111|CLE:139|IND:240|CHI:297|TOR:348
45867,DET:132|CLE:151|IND:230|CHI:318|TOR:369
44804,DET:119|CLE:139|IND:234|CHI:306|TOR:356
43466,DET:104|CLE:123|IND:246|CHI:290|TOR:340
45890,DET:128|CLE:147|IND:233|CHI:314|TOR:364
43450,DET:92|CLE:118|IND:246|CHI:282|TOR:329
43467,DET:108|CLE:128|IND:249|CHI:296|TOR:345
43443,DET:83|CLE:115|IND:251|CHI:276|TOR:320
43406,DET:94|CLE:114|IND:245|CHI:287|TOR:331
43457,DET:101|CLE:121|IND:254|CHI:294|TOR:337
44802,DET:126|CLE:131|IND:244|CHI:319|TOR:363
44830,DET:116|CLE:129|IND:250|CHI:309|TOR:352
43469,DET:87|CLE:108|IND:255|CHI:280|TOR:324
43431,DET:96|CLE:109|IND:256|CHI:289|TOR:333
43435,DET:102|CLE:109|IND:257|CHI:295|TOR:339
44841,DET:114|CLE:117|IND:265|CHI:307|TOR:350
44809,CLE:116|DET:122|IND:253|CHI:315|TOR:359
43416,DET:94|CLE:103|IND:264|CHI:283|TOR:330
43407,CLE:108|DET:109|IND:268|CHI:300|TOR:346
44815,CLE:109|DET:112|IND:265|CHI:304|TOR:349
43442,DET:98|CLE:101|IND:266|CHI:289|TOR:334
44861,CLE:111|DET:118|IND:274|CHI:310|TOR:355
43420,CLE:92|DET:102|IND:271|CHI:290|TOR:339
49060,DET:145|CHI:197|IND:255|CLE:264|MIL:301
49012,DET:139|CHI:193|IND:248|CLE:258|MIL:297
49066,DET:151|CHI:194|IND:232|CLE:241|MIL:301
49034,DET:131|CHI:189|IND:241|CLE:250|MIL:293
49040,DET:163|CHI:191|IND:222|CLE:231|MIL:298
49052,DET:145|CHI:197|IND:239|CLE:249|MIL:300
49037,DET:130|CHI:196|IND:240|CLE:249|MIL:299
49051,DET:134|CHI:203|IND:237|CLE:246|MIL:307
49089,DET:152|CHI:203|IND:226|CLE:235|MIL:310
49015,DET:128|CHI:191|IND:238|CLE:247|MIL:295
49011,DET:137|CHI:206|IND:231|CLE:240|MIL:310
49017,DET:139|CHI:207|IND:248|CLE:258|MIL:311
46789,DET:177|IND:184|CHI:196|CLE:215|MIL:304
49028,DET:159|CHI:188|IND:210|CLE:221|MIL:295
46776,DET:166|CHI:185|IND:192|CLE:203|MIL:293
46747,DET:173|IND:179|CHI:199|CLE:211|MIL:307
49094,DET:140|CHI:212|IND:215|CLE:225|MIL:320
49014,DET:116|CHI:196|IND:226|CLE:235|MIL:300
49029,DET:130|CHI:208|IND:215|CLE:225|MIL:312
49033,DET:121|CHI:199|IND:224|CLE:234|MIL:303
46705,DET:165|IND:166|CHI:201|CLE:203|MIL:308
49021,DET:136|CHI:217|IND:242|CLE:251|MIL:321
49036,DET:147|IND:199|CHI:201|CLE:209|MIL:308
46779,DET:167|IND:179|CLE:201|CHI:210|MIL:317
46703,DET:156|IND:177|CHI:192|CLE:193|MIL:299
49092,DET:126|IND:210|CHI:216|CLE:219|MIL:322
49068,DET:108|CHI:204|IND:223|CLE:232|MIL:308
46737,DET:164|CLE:198|IND:200|CHI:203|MIL:311
49076,DET:129|CHI:217|IND:237|CLE:247|MIL:321
46742,DET:154|IND:183|CLE:188|CHI:215|MIL:322
49082,DET:136|IND:203|CHI:209|CLE:213|MIL:316
49255,DET:155|CLE:196|IND:197|CHI:200|MIL:308
49245,DET:114|IND:220|CHI:226|CLE:226|MIL:332
49227,DET:126|CLE:205|IND:209|CHI:215|MIL:322
49252,DET:126|CLE:214|IND:216|CHI:222|MIL:330
49274,DET:135|CLE:198|IND:215|CHI:222|MIL:329
43518,DET:140|CLE:175|IND:196|CHI:201|MIL:309
49224,DET:103|CHI:217|CLE:229|IND:241|MIL:320
43505,DET:147|CLE:181|IND:193|CHI:211|MIL:318
49284,DET:108|CHI:226|CLE:234|IND:250|MIL:330
49232,DET:153|CLE:190|IND:219|CHI:223|MIL:330
49258,DET:116|CLE:217|IND:225|CHI:231|MIL:338
49237,DET:102|CLE:228|CHI:230|IND:231|MIL:333
43543,DET:140|CLE:175|IND:206|CHI:211|MIL:318
49250,DET:121|CLE:216|IND:230|CHI:236|MIL:344
49242,DET:129|CLE:196|IND:229|CHI:235|MIL:343
49241,DET:108|CLE:217|IND:237|CHI:242|MIL:346
49269,DET:92|CLE:218|CHI:222|IND:246|MIL:326
43554,DET:134|CLE:168|IND:212|CHI:214|MIL:322
49283,DET:93|CLE:219|CHI:232|IND:238|MIL:336
49264,DET:104|CLE:230|CHI:248|IND:270|TOR:332
49266,DET:133|CLE:185|IND:231|CHI:234|MIL:342
49246,DET:104|CLE:215|IND:242|CHI:245|MIL:349
43531,DET:136|CLE:170|IND:218|CHI:219|MIL:326
49277,DET:94|CLE:220|CHI:240|IND:264|TOR:332
49262,DET:114|CLE:195|IND:237|CHI:243|MIL:350
43501,DET:135|CLE:170|IND:222|CHI:225|MIL:332
49201,DET:87|CLE:213|CHI:233|IND:257|TOR:333
49249,DET:108|CLE:203|IND:240|CHI:246|MIL:353
49271,DET:126|CLE:186|IND:244|CHI:246|MIL:354
43570,DET:126|CLE:160|IND:211|CHI:222|MIL:329
49288,DET:131|CLE:175|IND:230|CHI:238|MIL:346
49251,DET:100|CLE:226|CHI:246|IND:270|TOR:327
49202,DET:82|CLE:208|CHI:231|IND:255|TOR:328
49203,DET:86|CLE:212|CHI:238|IND:256|TOR:332
49282,DET:102|CLE:198|IND:241|CHI:248|TOR:348
49234,DET:89|CLE:199|CHI:244|IND:245|TOR:335
49233,DET:99|CLE:198|IND:244|CHI:250|TOR:345
49272,DET:95|CLE:221|CHI:244|IND:268|TOR:335
49247,DET:121|CLE:180|IND:238|CHI:248|MIL:356
49220,DET:103|CLE:190|IND:245|CHI:251|TOR:349
49254,DET:84|CLE:210|CHI:239|IND:260|TOR:330
43502,DET:122|CLE:156|IND:213|CHI:230|MIL:337
43521,DET:125|CLE:160|IND:230|CHI:237|MIL:345
49253,DET:112|CLE:187|IND:253|CHI:259|TOR:355
49259,DET:93|CLE:219|CHI:251|IND:275|TOR:333
49261,DET:90|CLE:205|CHI:247|IND:258|TOR:335
43553,DET:119|CLE:153|IND:215|CHI:238|MIL:346
49230,DET:97|CLE:203|IND:257|CHI:260|TOR:342
49256,DET:120|CLE:162|IND:237|CHI:247|MIL:355
49285,DET:91|CLE:217|CHI:263|IND:287|TOR:320
49235,DET:115|CLE:176|IND:247|CHI:258|TOR:352
49263,DET:84|CLE:204|CHI:254|IND:264|TOR:329
49240,DET:74|CLE:200|CHI:246|IND:270|TOR:320
49265,DET:102|CLE:187|IND:257|CHI:263|TOR:343
43567,DET:109|CLE:143|IND:220|CHI:233|MIL:341
49289,DET:107|CLE:161|IND:246|CHI:255|TOR:344
49279,DET:108|CLE:161|IND:246|CHI:256|TOR:345
43533,DET:105|CLE:151|IND:237|CHI:246|TOR:342
48137,DET:83|CLE:214|CHI:269|IND:293|TOR:324
49287,DET:94|CLE:183|IND:263|CHI:269|TOR:333
49221,DET:103|CLE:169|IND:258|CHI:268|TOR:340
48118,DET:67|CLE:193|CHI:251|IND:275|TOR:313
48158,DET:76|CLE:191|CHI:264|IND:271|TOR:321
49248,DET:100|CLE:157|IND:247|CHI:256|TOR:337
43515,DET:105|CLE:139|IND:224|CHI:237|TOR:341
48169,DET:74|CLE:205|CHI:278|IND:302|TOR:313
43540,DET:95|CLE:143|IND:243|CHI:253|TOR:331
49236,DET:89|CLE:185|IND:277|CHI:283|TOR:328
49286,DET:92|CLE:176|IND:276|CHI:282|TOR:331
49268,DET:92|CLE:158|IND:263|CHI:273|TOR:329
48130,DET:63|CLE:189|CHI:264|IND:288|TOR:309
43558,DET:96|CLE:132|IND:234|CHI:252|TOR:333
49228,DET:86|CLE:148|IND:254|CHI:266|TOR:323
48143,DET:69|CLE:200|CHI:284|IND:306|TOR:308
48103,DET:55|CLE:181|CHI:262|IND:286|TOR:301
43504,DET:86|CLE:136|IND:244|CHI:260|TOR:323
48176,DET:68|CLE:177|IND:277|CHI:281|TOR:307
49229,DET:80|CLE:162|IND:268|CHI:288|TOR:319
43571,DET:92|CLE:134|IND:223|CHI:262|TOR:329
48139,DET:60|CLE:191|CHI:277|IND:297|TOR:299
49238,DET:81|CLE:157|IND:263|CHI:287|TOR:319
48189,DET:56|CLE:188|CHI:275|IND:294|TOR:302
49276,DET:76|CLE:142|IND:248|CHI:273|TOR:313
43542,DET:89|CLE:129|IND:231|CHI:256|TOR:326
43528,DET:86|CLE:131|IND:240|CHI:256|TOR:323
43560,DET:81|CLE:137|IND:243|CHI:263|TOR:317
48108,DET:54|CLE:173|CHI:268|IND:279|TOR:293
43617,DET:80|CLE:132|IND:239|CHI:261|TOR:317
49267,DET:75|CLE:136|IND:242|CHI:269|TOR:312
48104,DET:54|CLE:175|CHI:273|IND:281|TOR:298
48109,DET:52|CLE:178|CHI:271|IND:284|TOR:298
48105,DET:49|CLE:181|CHI:264|IND:287|TOR:295
43537,DET:81|CLE:121|IND:231|CHI:259|TOR:318
49270,DET:76|CLE:148|IND:254|CHI:281|TOR:314
48160,DET:59|CLE:157|IND:263|CHI:280|TOR:298
48131,DET:65|CLE:159|IND:265|CHI:285|TOR:304
43615,DET:77|CLE:125|IND:237|CHI:263|TOR:314
48178,DET:54|CLE:194|CHI:281|IND:300|TOR:300
43623,DET:73|CLE:132|IND:241|CHI:269|TOR:310
48197,DET:52|CLE:174|CHI:277|IND:280|TOR:292
48144,DET:69|CLE:135|IND:246|CHI:273|TOR:306
43614,DET:77|CLE:122|IND:235|CHI:259|TOR:314
48165,DET:49|CLE:192|CHI:291|TOR:294|IND:308
43606,DET:70|CLE:129|IND:245|CHI:271|TOR:307
43607,DET:72|CLE:127|IND:241|CHI:267|TOR:309
43613,DET:69|CLE:129|IND:243|CHI:271|TOR:306
48190,DET:57|CLE:170|IND:276|CHI:284|TOR:296
48198,DET:49|CLE:179|CHI:279|IND:288|TOR:293
48182,DET:64|CLE:137|IND:252|CHI:279|TOR:301
48177,DET:61|CLE:137|IND:253|CHI:280|TOR:298
48140,DET:64|CLE:142|IND:260|CHI:287|TOR:301
43551,DET:82|CLE:120|IND:239|CHI:268|TOR:319
43609,DET:72|CLE:124|IND:237|CHI:266|TOR:309
48191,DET:58|CLE:171|IND:279|CHI:290|TOR:295
43610,DET:66|CLE:124|IND:242|CHI:270|TOR:302
43460,DET:74|CLE:120|IND:240|CHI:266|TOR:310
43620,DET:67|CLE:123|IND:241|CHI:270|TOR:304
43612,DET:68|CLE:128|IND:250|CHI:278|TOR:304
48159,DET:65|CLE:161|IND:275|CHI:299|TOR:301
48168,DET:41|CLE:186|CHI:284|TOR:287|IND:298
43604,DET:67|CLE:122|IND:239|CHI:268|TOR:304
48170,DET:37|CLE:182|CHI:280|TOR:283|IND:294
43608,DET:64|CLE:121|IND:244|CHI:273|TOR:301
48167,DET:45|CLE:189|CHI:288|TOR:291|IND:302
48374,DET:45|CLE:188|TOR:290|CHI:293|IND:307
43605,DET:66|CLE:119|IND:244|CHI:271|TOR:303
43463,DET:79|CLE:111|IND:242|CHI:271|TOR:316
43465,DET:76|CLE:113|IND:245|CHI:271|TOR:312
48111,DET:50|CLE:171|CHI:289|TOR:289|IND:292
48188,DET:45|CLE:172|CHI:286|TOR:287|IND:294
43611,DET:63|CLE:124|IND:249|CHI:278|TOR:299
48133,DET:56|CLE:127|IND:253|CHI:281|TOR:293
48187,DET:42|CLE:176|CHI:286|TOR:288|IND:299
48161,DET:56|CLE:144|IND:267|TOR:293|CHI:294
43619,DET:70|CLE:114|IND:248|CHI:273|TOR:306
48375,DET:42|CLE:185|TOR:287|CHI:295|IND:309
48145,DET:57|CLE:134|IND:259|CHI:287|TOR:294
43434,DET:76|CLE:128|IND:256|CHI:283|TOR:313
48157,DET:55|CLE:133|IND:259|CHI:287|TOR:292
43447,DET:76|CLE:114|IND:251|CHI:275|TOR:312
48162,DET:54|CLE:153|IND:277|TOR:291|CHI:304
48117,DET:50|CLE:154|IND:279|TOR:287|CHI:303
43616,DET:75|CLE:125|IND:255|CHI:282|TOR:311
48335,DET:40|CLE:183|TOR:284|CHI:298|IND:309
48164,DET:44|CLE:156|IND:281|TOR:282|CHI:293
48184,DET:42|CLE:173|TOR:281|CHI:291|IND:298
48174,DET:35|CLE:166|TOR:275|CHI:284|IND:291
48185,DET:36|CLE:178|TOR:282|CHI:295|IND:304
48150,DET:28|CLE:183|TOR:274|CHI:287|IND:301
43430,DET:80|CLE:108|IND:253|CHI:275|TOR:317
48152,DET:32|CLE:182|TOR:278|CHI:290|IND:304
48154,DET:28|CLE:183|TOR:274|CHI:286|IND:300
48186,DET:43|CLE:179|TOR:283|CHI:297|IND:304
43408,DET:82|CLE:113|IND:258|CHI:283|TOR:319
48242,DET:39|CLE:165|TOR:279|IND:290|CHI:292
48336,DET:37|CLE:189|TOR:283|CHI:298|IND:312
43468,DET:80|CLE:115|IND:258|CHI:283|TOR:317
48135,DET:35|CLE:181|TOR:281|CHI:297|IND:307
43412,DET:84|CLE:117|IND:264|CHI:289|TOR:321
48141,DET:40|CLE:178|TOR:279|CHI:296|IND:303
43445,DET:86|CLE:108|IND:262|CHI:286|TOR:323
48240,DET:29|CLE:192|TOR:275|CHI:294|IND:308
48134,DET:37|CLE:159|TOR:274|IND:284|CHI:304
48033,DET:36|CLE:193|TOR:280|CHI:301|IND:315
48166,DET:41|CLE:150|IND:275|TOR:278|CHI:304
48034,DET:37|CLE:191|TOR:276|CHI:305|IND:316
48239,DET:26|CLE:191|TOR:272|CHI:292|IND:306
48127,DET:32|CLE:185|TOR:277|CHI:298|IND:311
48180,DET:31|CLE:168|TOR:267|IND:293|CHI:298
48125,DET:30|CLE:174|TOR:269|CHI:292|IND:299
48128,DET:32|CLE:182|TOR:273|CHI:302|IND:307
48179,DET:36|CLE:154|TOR:272|IND:280|CHI:308
43432,DET:92|CLE:113|IND:270|CHI:292|TOR:329
48219,DET:30|CLE:195|TOR:276|CHI:297|IND:311
48124,DET:31|CLE:176|TOR:267|CHI:297|IND:301
48223,DET:22|CLE:189|TOR:268|CHI:291|IND:305
48076,DET:37|CLE:197|TOR:271|CHI:312|IND:322
48075,DET:30|CLE:195|TOR:270|CHI:305|IND:319
48228,DET:22|CLE:184|TOR:268|CHI:297|IND:309
48183,DET:33|CLE:162|TOR:270|IND:287|CHI:310
43458,DET:96|CLE:106|IND:269|CHI:291|TOR:333
48173,DET:36|CLE:157|TOR:273|IND:282|CHI:311
48193,DET:30|CLE:163|TOR:266|IND:288|CHI:308
48101,DET:23|CLE:168|TOR:260|IND:293|CHI:296
48195,DET:26|CLE:165|TOR:263|IND:290|CHI:305
48235,DET:26|CLE:194|TOR:270|CHI:303|IND:317
48227,DET:19|CLE:187|TOR:265|CHI:294|IND:308
48126,DET:23|CLE:181|TOR:265|CHI:303|IND:306
48072,DET:29|CLE:199|TOR:262|CHI:313|IND:324
48237,DET:28|CLE:200|TOR:261|CHI:310|IND:324
48122,DET:22|CLE:171|TOR:259|IND:296|CHI:297
48146,DET:20|CLE:165|TOR:257|IND:291|CHI:301
48070,DET:28|CLE:201|TOR:261|CHI:315|IND:326
48120,DET:25|CLE:177|TOR:262|IND:302|CHI:304
48192,DET:30|CLE:172|TOR:267|IND:298|CHI:311
48138,DET:41|CLE:165|TOR:278|IND:290|CHI:318
48217,DET:17|CLE:165|TOR:254|IND:290|CHI:302
48221,DET:22|CLE:193|TOR:263|CHI:306|IND:318
48069,DET:23|CLE:199|TOR:256|CHI:316|IND:324
48204,DET:13|CLE:181|TOR:259|CHI:296|IND:306
48238,DET:17|CLE:185|TOR:263|CHI:298|IND:310
48229,DET:21|CLE:170|TOR:258|IND:295|CHI:306
48067,DET:20|CLE:196|TOR:253|CHI:314|IND:321
43449,CLE:99|DET:102|IND:275|CHI:297|TOR:339
48220,DET:22|CLE:197|TOR:258|CHI:315|IND:323
48218,DET:20|CLE:170|TOR:255|IND:296|CHI:305
48210,DET:14|CLE:177|TOR:258|CHI:302|IND:302
48209,DET:14|CLE:169|TOR:250|IND:295|CHI:305
48206,DET:12|CLE:184|TOR:262|CHI:301|IND:309
48203,DET:15|CLE:191|TOR:257|CHI:307|IND:316
48030,DET:17|CLE:192|TOR:252|CHI:311|IND:318
48208,DET:7|CLE:178|TOR:256|CHI:300|IND:303
48216,DET:8|CLE:174|TOR:252|IND:299|CHI:304
48202,DET:9|CLE:185|TOR:260|CHI:305|IND:310
48233,DET:8|CLE:177|TOR:255|IND:302|CHI:306
48201,DET:2|CLE:180|TOR:258|CHI:305|IND:305
48091,DET:22|CLE:198|TOR:249|CHI:317|IND:323
48212,DET:16|CLE:191|TOR:259|CHI:309|IND:317
48226,DET:4|CLE:180|TOR:258|IND:305|CHI:307
48211,DET:14|CLE:189|TOR:260|CHI:310|IND:315
43439,CLE:89|DET:110|IND:283|CHI:303|TOR:346
48243,DET:6|CLE:181|TOR:256|IND:306|CHI:308
48234,DET:19|CLE:195|TOR:255|CHI:313|IND:320
48015,DET:28|CLE:204|TOR:246|CHI:320|IND:329
48207,DET:10|CLE:187|TOR:263|IND:312|CHI:313
48213,DET:18|CLE:194|TOR:256|CHI:314|IND:319
48089,DET:31|CLE:207|TOR:247|CHI:324|IND:333
48214,DET:13|CLE:190|TOR:260|CHI:315|IND:315
48205,DET:25|CLE:201|TOR:252|CHI:321|IND:326
48215,DET:19|CLE:196|TOR:256|CHI:321|IND:321
43452,CLE:85|DET:114|IND:283|CHI:302|TOR:351
48021,DET:34|CLE:209|TOR:244|CHI:329|IND:334
48224,DET:23|CLE:198|TOR:248|CHI:319|IND:324
48225,DET:28|CLE:204|TOR:245|CHI:324|IND:329
48230,DET:25|CLE:201|TOR:253|CHI:324|IND:327
48080,DET:34|CLE:209|TOR:243|CHI:329|IND:335
48081,DET:35|CLE:211|TOR:240|CHI:327|IND:336
48236,DET:32|CLE:207|TOR:249|CHI:327|IND:332
43433,CLE:82|DET:122|IND:291|CHI:310|TOR:359
43456,CLE:121|DET:163|IND:332|CHI:351|TOR:400
43436,
43446,CLE:155|DET:197|IND:365|CHI:385|TOR:433
49333,DET:168|CHI:213|IND:280|CLE:289|MIL:317
49302,DET:151|CHI:218|IND:288|CLE:289|MIL:322
49046,DET:157|CHI:211|IND:266|CLE:276|MIL:315
49331,DET:156|CHI:226|CLE:294|IND:303|MIL:330
49326,DET:183|CHI:241|CLE:321|IND:330|MIL:345
49325,DET:148|CHI:230|IND:278|CLE:286|MIL:334
49058,DET:157|CHI:222|IND:266|CLE:276|MIL:326
48815,DET:147|CHI:230|CLE:285|IND:290|MIL:334
48838,DET:173|CHI:242|CLE:312|IND:322|MIL:346
48809,DET:162|CHI:238|CLE:300|IND:311|MIL:342
48850,DET:183|CHI:248|CLE:321|IND:340|MIL:352
49050,DET:142|CHI:210|IND:252|CLE:261|MIL:314
48881,DET:142|CHI:229|CLE:280|IND:291|MIL:333
48886,DET:179|CHI:255|CLE:317|IND:338|MIL:359
48885,DET:172|CHI:256|CLE:311|IND:321|MIL:360
48897,DET:138|CHI:238|IND:272|CLE:276|MIL:342
48849,DET:139|CHI:232|IND:274|CLE:277|MIL:336
49073,DET:136|CHI:224|IND:259|CLE:268|MIL:328
48888,DET:175|CHI:269|CLE:313|IND:324|TOR:372
48865,DET:156|CHI:253|CLE:294|IND:305|TOR:353
48846,DET:141|CHI:241|CLE:279|IND:291|TOR:337
48884,DET:162|CHI:258|CLE:300|IND:312|TOR:359
48852,DET:169|CHI:269|CLE:307|IND:328|TOR:366
48834,DET:158|CHI:257|CLE:296|IND:307|TOR:354
48829,DET:170|CHI:268|CLE:308|IND:336|TOR:366
49096,DET:132|CHI:239|IND:264|CLE:271|TOR:341
48870,DET:152|CHI:255|CLE:291|IND:302|TOR:349
48890,DET:129|CHI:244|IND:266|CLE:267|TOR:329
48875,DET:127|CHI:238|CLE:266|IND:274|TOR:324
48851,DET:133|CHI:243|CLE:271|IND:282|TOR:329
48860,DET:146|CHI:256|CLE:284|IND:296|TOR:343
48861,DET:121|CHI:241|CLE:259|IND:261|TOR:324
48891,DET:162|CHI:274|CLE:300|IND:328|TOR:358
48818,DET:160|CHI:276|CLE:298|IND:318|TOR:357
48811,DET:149|CHI:271|CLE:287|IND:312|TOR:346
48845,DET:155|CHI:268|CLE:293|IND:306|TOR:352
48813,DET:120|CHI:228|IND:248|CLE:257|TOR:330
48877,DET:155|CHI:277|CLE:293|IND:321|TOR:351
48873,DET:135|CHI:253|CLE:273|IND:286|TOR:332
48889,DET:151|CHI:283|CLE:290|IND:317|TOR:348
48894,DET:125|CHI:251|CLE:263|IND:276|TOR:322
48832,DET:151|CHI:281|CLE:289|IND:317|TOR:347
48837,DET:114|CHI:240|CLE:253|IND:260|TOR:318
48822,DET:118|CHI:249|CLE:256|IND:269|TOR:314
48835,DET:132|CHI:262|CLE:271|IND:284|TOR:329
48856,DET:142|CLE:280|CHI:283|IND:308|TOR:339
48876,DET:112|CHI:230|CLE:250|IND:250|TOR:321
48853,DET:130|CLE:268|CHI:276|IND:296|TOR:327
48801,DET:148|CLE:286|CHI:291|IND:314|TOR:343
48871,DET:137|CLE:275|CHI:282|IND:302|TOR:333
48827,DET:112|CHI:235|CLE:238|IND:255|TOR:333
48821,DET:106|CHI:238|CLE:244|IND:258|TOR:320
48917,DET:104|CHI:238|CLE:242|IND:258|TOR:310
48874,DET:130|CLE:268|CHI:276|IND:296|TOR:327
48820,DET:115|CHI:250|CLE:253|IND:270|TOR:309
48906,DET:109|CHI:245|CLE:247|IND:265|TOR:302
48879,DET:120|CLE:259|CHI:266|IND:286|TOR:317
48880,DET:151|CLE:289|CHI:296|IND:316|TOR:337
48847,DET:138|CLE:276|CHI:283|IND:304|TOR:335
48911,DET:100|CLE:238|CHI:240|IND:260|TOR:314
48915,DET:103|CLE:241|CHI:244|IND:264|TOR:307
48933,DET:99|CLE:237|CHI:242|IND:262|TOR:305
48862,DET:132|CLE:270|CHI:278|IND:298|TOR:329
48842,DET:103|CLE:240|CHI:244|IND:264|TOR:316
48910,DET:98|CLE:236|CHI:249|IND:269|TOR:309
48912,DET:99|CLE:237|CHI:247|IND:267|TOR:303
48806,DET:133|CLE:271|CHI:278|IND:299|TOR:321
48825,DET:100|CLE:238|CHI:248|IND:268|TOR:303
48824,DET:99|CLE:237|CHI:249|IND:269|TOR:302
48615,DET:139|CLE:291|CHI:299|IND:319|TOR:325
48823,DET:106|CLE:244|CHI:256|IND:276|TOR:299
48808,DET:110|CLE:248|CHI:254|IND:274|TOR:297
48854,DET:99|CLE:231|CHI:251|IND:271|TOR:313
48662,DET:140|CLE:293|CHI:302|IND:322|TOR:326
48807,DET:132|CLE:281|CHI:288|IND:308|TOR:319
48864,DET:97|CLE:236|CHI:253|IND:273|TOR:302
48866,DET:119|CLE:261|CHI:269|IND:289|TOR:305
48840,DET:103|CLE:242|CHI:260|IND:280|TOR:296
48831,DET:130|CLE:275|CHI:283|IND:303|TOR:316
48848,DET:110|CLE:253|CHI:270|IND:290|TOR:296
48637,DET:128|CLE:281|CHI:307|TOR:314|IND:327
48614,DET:132|CLE:285|CHI:302|TOR:319|IND:322
48819,DET:98|CLE:233|CHI:262|IND:286|TOR:322
48895,DET:85|CLE:224|CHI:258|IND:278|TOR:301
48841,DET:122|CLE:275|CHI:298|TOR:308|IND:318
48872,DET:94|CLE:232|CHI:267|IND:287|TOR:287
48626,DET:122|CLE:275|TOR:308|CHI:315|IND:335
48649,DET:120|CLE:272|CHI:300|TOR:306|IND:321
48867,DET:102|CLE:253|CHI:281|TOR:288|IND:301
48892,DET:81|CLE:219|CHI:262|IND:282|TOR:304
48655,DET:127|CLE:280|CHI:312|TOR:313|IND:332
48857,DET:99|CLE:241|CHI:270|TOR:285|IND:290
48616,DET:108|CLE:261|TOR:294|CHI:301|IND:321
48609,DET:116|CLE:269|TOR:302|CHI:329|IND:349
48414,DET:94|CLE:241|CHI:275|TOR:280|IND:295
48836,DET:75|CLE:213|CHI:267|IND:287|TOR:308
48817,DET:92|CLE:245|TOR:279|CHI:287|IND:307
48476,DET:87|CLE:240|TOR:273|CHI:276|IND:296
48603,DET:117|CLE:270|TOR:303|CHI:331|IND:351
48638,DET:109|CLE:262|TOR:295|CHI:324|IND:344
48429,DET:90|CLE:241|TOR:276|CHI:278|IND:298
48460,DET:95|CLE:248|TOR:281|CHI:297|IND:317
48602,DET:107|CLE:259|TOR:293|CHI:321|IND:341
48418,DET:93|CLE:231|CHI:287|TOR:290|IND:307
48604,DET:112|CLE:264|TOR:298|CHI:331|IND:351
48816,DET:84|CLE:222|CHI:287|TOR:290|IND:307
48449,DET:85|CLE:238|TOR:271|CHI:283|IND:303
48417,DET:101|CLE:254|TOR:287|CHI:305|IND:325
48607,DET:104|CLE:257|TOR:291|CHI:322|IND:342
48724,DET:109|CLE:262|TOR:295|CHI:327|IND:347
48843,DET:66|CLE:204|CHI:276|IND:296|TOR:305
48855,DET:81|CLE:219|CHI:296|TOR:299|IND:316
48457,DET:93|CLE:246|TOR:279|CHI:301|IND:321
48601,DET:105|CLE:258|TOR:292|CHI:324|IND:345
48436,DET:86|CLE:231|TOR:282|CHI:294|IND:314
48433,DET:87|CLE:240|TOR:274|CHI:298|IND:318
48722,DET:98|CLE:251|TOR:284|CHI:317|IND:337
48473,DET:78|CLE:228|TOR:264|CHI:286|IND:306
48451,DET:76|CLE:214|TOR:278|CHI:296|IND:316
48415,DET:97|CLE:250|TOR:283|CHI:316|IND:336
48532,DET:78|CLE:231|TOR:267|CHI:291|IND:311
48116,DET:59|CLE:193|CHI:281|TOR:296|IND:299
48114,DET:61|CLE:199|CHI:286|TOR:293|IND:305
48734,DET:111|CLE:264|TOR:297|CHI:330|IND:350
48504,DET:78|CLE:230|TOR:264|CHI:297|IND:317
48430,DET:70|CLE:208|TOR:274|CHI:295|IND:314
48507,DET:72|CLE:225|TOR:261|CHI:295|IND:315
48353,DET:69|CLE:207|TOR:290|CHI:294|IND:313
48503,DET:75|CLE:228|TOR:258|CHI:291|IND:311
48420,DET:87|CLE:241|TOR:270|CHI:307|IND:327
48505,DET:76|CLE:234|TOR:260|CHI:297|IND:317
48502,DET:71|CLE:229|TOR:254|CHI:291|IND:311
48458,DET:82|CLE:240|TOR:266|CHI:303|IND:323
48757,DET:122|CLE:275|TOR:299|CHI:341|IND:361
48380,DET:60|CLE:203|CHI:293|TOR:296|IND:312
48529,DET:71|CLE:229|TOR:258|CHI:297|IND:317
48357,DET:76|CLE:217|TOR:300|CHI:304|IND:323
48439,DET:66|CLE:231|TOR:264|CHI:302|IND:322
48506,DET:81|CLE:239|TOR:258|CHI:301|IND:321
48437,DET:85|CLE:243|TOR:262|CHI:305|IND:325
48519,DET:78|CLE:236|TOR:256|CHI:303|IND:323
48509,DET:78|CLE:236|TOR:253|CHI:298|IND:318
48442,DET:63|CLE:232|TOR:284|CHI:319|IND:338
48356,DET:67|CLE:210|TOR:296|CHI:303|IND:322
48381,DET:58|CLE:201|CHI:299|TOR:303|IND:318
48768,DET:115|CLE:270|TOR:281|CHI:334|IND:354
48393,DET:46|CLE:189|TOR:291|CHI:292|IND:311
48746,DET:106|CLE:260|TOR:273|CHI:325|IND:345
48350,DET:62|CLE:221|TOR:287|CHI:320|IND:339
48411,DET:72|CLE:237|TOR:255|CHI:309|IND:329
48383,DET:74|CLE:217|TOR:302|CHI:320|IND:339
48463,DET:99|CLE:257|TOR:266|CHI:318|IND:338
48423,DET:84|CLE:241|TOR:250|CHI:303|IND:323
48382,DET:57|CLE:201|TOR:300|CHI:309|IND:326
48438,DET:75|CLE:242|TOR:257|CHI:311|IND:332
48386,DET:65|CLE:209|TOR:294|CHI:320|IND:334
48390,DET:48|CLE:191|TOR:294|CHI:303|IND:316
48377,DET:42|CLE:185|TOR:288|CHI:298|IND:310
48346,DET:52|CLE:214|TOR:280|CHI:318|IND:338
48462,DET:70|CLE:244|TOR:273|CHI:323|IND:343
48464,DET:115|CLE:270|TOR:271|CHI:334|IND:354
48327,DET:56|CLE:202|TOR:283|CHI:318|IND:327
48331,DET:46|CLE:189|TOR:289|CHI:304|IND:314
48440,DET:84|CLE:252|TOR:253|CHI:314|IND:335
48348,DET:56|CLE:230|TOR:285|CHI:323|IND:343
48324,DET:51|CLE:196|TOR:282|CHI:311|IND:321
48421,DET:108|TOR:260|CLE:265|CHI:327|IND:347
48329,DET:54|CLE:213|TOR:283|CHI:326|IND:338
48723,DET:137|TOR:284|CLE:290|CHI:356|IND:376
48322,DET:51|CLE:194|TOR:286|CHI:309|IND:319
48323,DET:51|CLE:196|TOR:282|CHI:311|IND:321
48328,DET:52|CLE:210|TOR:279|CHI:325|IND:335
48435,DET:120|TOR:268|CLE:278|CHI:339|IND:359
48744,DET:126|TOR:274|CLE:283|CHI:345|IND:365
48334,DET:42|CLE:188|TOR:281|CHI:303|IND:313
48446,DET:91|TOR:242|CLE:248|CHI:310|IND:330
48320,DET:45|CLE:205|TOR:276|CHI:321|IND:330
48302,DET:41|CLE:204|TOR:273|CHI:318|IND:329
48341,DET:39|CLE:214|TOR:267|CHI:329|IND:339
48455,DET:79|TOR:246|CLE:255|CHI:323|IND:343
48340,DET:44|CLE:220|TOR:272|CHI:328|IND:345
48371,DET:72|CLE:248|TOR:270|CHI:343|IND:363
48301,DET:45|CLE:201|TOR:278|CHI:316|IND:326
48359,DET:45|CLE:221|TOR:274|CHI:328|IND:346
48342,DET:37|CLE:213|TOR:264|CHI:331|IND:338
48362,DET:51|CLE:227|TOR:267|CHI:333|IND:352
48025,DET:40|CLE:198|TOR:277|CHI:313|IND:323
48360,DET:50|CLE:226|TOR:274|CHI:333|IND:351
48760,DET:125|TOR:268|CLE:287|CHI:349|IND:369
48326,DET:39|CLE:215|TOR:268|CHI:326|IND:340
48304,DET:33|CLE:209|TOR:266|CHI:327|IND:334
48009,DET:36|CLE:207|TOR:270|CHI:322|IND:332
48461,DET:118|TOR:261|CLE:279|CHI:340|IND:361
48370,DET:73|CLE:249|TOR:261|CHI:350|IND:370
48309,DET:38|CLE:214|TOR:261|CHI:332|IND:340
48727,DET:119|TOR:262|CLE:293|CHI:355|IND:375
48741,DET:126|TOR:267|CLE:295|CHI:360|IND:380
48098,DET:32|CLE:208|TOR:265|CHI:326|IND:333
48084,DET:26|CLE:202|TOR:260|CHI:321|IND:327
48412,DET:99|TOR:240|CLE:264|CHI:326|IND:346
48729,DET:134|TOR:276|CLE:308|CHI:372|IND:392
48073,DET:27|CLE:203|TOR:260|CHI:321|IND:328
48363,DET:59|CLE:235|TOR:253|CHI:343|IND:360
48428,DET:84|TOR:239|CLE:260|CHI:326|IND:346
48017,DET:27|CLE:203|TOR:260|CHI:321|IND:328
48306,DET:58|CLE:234|TOR:256|CHI:344|IND:359
48367,DET:74|CLE:250|TOR:255|CHI:342|IND:363
48307,DET:46|CLE:222|TOR:260|CHI:340|IND:347
48085,DET:33|CLE:209|TOR:259|CHI:328|IND:334
48083,DET:27|CLE:203|TOR:260|CHI:321|IND:328
48071,DET:21|CLE:197|TOR:254|CHI:315|IND:322
48310,DET:30|CLE:206|TOR:255|CHI:325|IND:332
48092,DET:30|CLE:206|TOR:255|CHI:324|IND:331
48316,DET:51|CLE:227|TOR:249|CHI:346|IND:353
48314,DET:40|CLE:216|TOR:254|CHI:334|IND:341
48094,DET:57|CLE:233|TOR:250|CHI:351|IND:358
48317,DET:48|CLE:224|TOR:247|CHI:343|IND:349
48095,DET:58|CLE:234|TOR:245|CHI:353|IND:359
48444,DET:88|TOR:234|CLE:264|CHI:330|IND:350
48003,DET:76|TOR:235|CLE:252|CHI:332|IND:352
48065,DET:64|CLE:240|TOR:245|CHI:343|IND:363
48453,DET:118|TOR:261|CLE:293|CHI:355|IND:375
48093,DET:32|CLE:208|TOR:248|CHI:324|IND:333
48312,DET:39|CLE:215|TOR:250|CHI:332|IND:340
48315,DET:48|CLE:224|TOR:244|CHI:343|IND:349
48313,DET:46|CLE:222|TOR:251|CHI:341|IND:348
48416,DET:111|TOR:248|CLE:286|CHI:348|IND:368
48088,DET:33|CLE:209|TOR:245|CHI:325|IND:334
48026,DET:36|CLE:212|TOR:243|CHI:328|IND:337
48038,DET:49|CLE:225|TOR:242|CHI:341|IND:350
48066,DET:32|CLE:208|TOR:239|CHI:324|IND:333
48014,DET:88|TOR:222|CLE:264|CHI:329|IND:349
48044,DET:54|CLE:230|TOR:237|CHI:346|IND:355
48096,DET:60|CLE:236|TOR:236|CHI:355|IND:361
48002,DET:83|TOR:231|CLE:259|CHI:341|IND:361
48036,DET:46|CLE:222|TOR:237|CHI:338|IND:347
48005,DET:72|TOR:235|CLE:248|CHI:351|IND:371
48042,DET:55|CLE:230|TOR:235|CHI:347|IND:356
48035,DET:39|CLE:215|TOR:238|CHI:331|IND:340
48082,DET:38|CLE:214|TOR:237|CHI:330|IND:339
48043,DET:43|CLE:219|TOR:234|CHI:335|IND:344
48471,DET:129|TOR:247|CLE:305|CHI:370|IND:390
48097,DET:106|TOR:234|CLE:282|CHI:356|IND:376
48051,DET:49|CLE:225|TOR:229|CHI:341|IND:350
48045,DET:45|CLE:221|TOR:237|CHI:337|IND:346
48454,DET:108|TOR:236|CLE:284|CHI:358|IND:378
48041,DET:85|TOR:221|CLE:261|CHI:340|IND:360
48466,DET:120|TOR:242|CLE:296|CHI:369|IND:389
48022,DET:93|TOR:221|CLE:269|CHI:342|IND:362
48050,DET:59|TOR:225|CLE:235|CHI:351|IND:360
48048,DET:55|TOR:229|CLE:231|CHI:347|IND:356
48062,DET:71|TOR:227|CLE:247|CHI:351|IND:371
48047,DET:52|CLE:228|TOR:229|CHI:344|IND:353
48027,DET:84|TOR:214|CLE:260|CHI:346|IND:367
48006,DET:103|TOR:224|CLE:279|CHI:356|IND:376
48063,DET:75|TOR:223|CLE:251|CHI:363|IND:376
48064,DET:64|TOR:221|CLE:240|CHI:356|IND:365
48401,DET:121|TOR:239|CLE:297|CHI:394|IND:414
48419,DET:121|TOR:239|CLE:297|CHI:383|IND:403
48023,DET:63|TOR:231|CLE:239|CHI:355|IND:364
48422,DET:107|TOR:225|CLE:283|CHI:376|IND:396
48028,DET:101|TOR:260|CLE:277|CHI:394|IND:403
48032,DET:101|TOR:219|CLE:277|CHI:375|IND:395
48001,DET:77|TOR:239|CLE:253|CHI:370|IND:379
48049,DET:90|TOR:210|CLE:266|CHI:358|IND:378
48074,DET:82|TOR:208|CLE:258|CHI:353|IND:373
48469,DET:113|TOR:231|CLE:289|CHI:387|IND:407
48079,DET:65|TOR:207|CLE:241|CHI:357|IND:366
48039,DET:70|TOR:225|CLE:246|CHI:362|IND:371
48450,DET:98|TOR:216|CLE:274|CHI:372|IND:392
48054,DET:72|TOR:218|CLE:248|CHI:365|IND:373
48059,DET:86|TOR:204|CLE:262|CHI:360|IND:380
48040,DET:70|TOR:204|CLE:246|CHI:355|IND:372
48060,DET:77|TOR:197|CLE:253|CHI:351|IND:371
49305,DET:192|CHI:283|CLE:339|IND:367|TOR:378
49340,DET:185|CHI:273|CLE:324|IND:351|MIL:377
49310,DET:183|CHI:276|CLE:321|IND:349|TOR:379
48632,DET:174|CHI:302|CLE:327|IND:357|TOR:360
48893,DET:185|CHI:288|CLE:323|IND:351|TOR:374
49632,DET:210|CHI:326|CLE:363|IND:393|TOR:396
48633,DET:187|CHI:322|CLE:340|IND:370|TOR:373
49667,DET:197|CHI:323|CLE:350|IND:380|TOR:383
48896,DET:170|CHI:283|CLE:309|IND:336|TOR:366
48622,DET:168|CHI:312|CLE:321|IND:350|TOR:354
48625,DET:179|CHI:332|CLE:332|IND:362|TOR:365
48858,DET:163|CHI:289|CLE:301|IND:329|TOR:357
48629,DET:190|CHI:335|CLE:343|IND:373|TOR:376
48878,DET:167|CHI:299|CLE:306|IND:333|TOR:356
48630,DET:190|CHI:334|CLE:343|IND:373|TOR:376
48859,DET:159|CHI:293|CLE:297|IND:325|TOR:355
48627,DET:199|CHI:344|CLE:352|IND:383|TOR:386
48617,DET:161|CHI:314|CLE:314|IND:344|TOR:347
48883,DET:160|CLE:298|CHI:305|IND:326|TOR:356
48651,DET:192|CLE:345|CHI:354|TOR:378|IND:389
48653,DET:187|CLE:340|CHI:357|TOR:373|IND:396
48618,DET:150|CLE:303|CHI:323|TOR:337|IND:347
48656,DET:186|CLE:339|CHI:371|TOR:372|IND:409
48624,DET:181|CLE:334|CHI:354|TOR:368|IND:384
48612,DET:163|CLE:316|CHI:346|TOR:349|IND:372
48657,DET:155|CLE:308|TOR:342|CHI:348|IND:370
48620,DET:149|CLE:302|TOR:336|CHI:342|IND:363
48640,DET:140|CLE:293|CHI:320|TOR:327|IND:340
48628,DET:151|CLE:304|TOR:338|CHI:345|IND:366
48661,DET:177|CLE:330|TOR:364|CHI:385|IND:417
48642,DET:144|CLE:297|TOR:330|CHI:350|IND:370
48652,DET:154|CLE:307|TOR:341|CHI:364|IND:385
48610,DET:160|CLE:313|TOR:346|CHI:379|IND:399
48613,DET:154|CLE:307|TOR:340|CHI:371|IND:393
48623,DET:124|CLE:276|TOR:310|CHI:338|IND:358
48654,DET:190|CLE:343|TOR:376|CHI:402|IND:429
48611,DET:127|CLE:280|TOR:313|CHI:346|IND:366
48659,DET:151|CLE:304|TOR:337|CHI:370|IND:390
48634,DET:128|CLE:280|TOR:314|CHI:347|IND:367
48650,DET:131|CLE:284|TOR:318|CHI:350|IND:370
48631,DET:125|CLE:278|TOR:311|CHI:344|IND:364
48635,DET:182|CLE:335|TOR:369|CHI:395|IND:421
48710,DET:117|CLE:270|TOR:303|CHI:336|IND:356
48756,DET:177|CLE:330|TOR:363|CHI:396|IND:416
48706,DET:119|CLE:272|TOR:305|CHI:338|IND:358
48658,DET:146|CLE:299|TOR:332|CHI:365|IND:385
48749,DET:172|CLE:325|TOR:358|CHI:391|IND:411
48743,DET:195|CLE:348|TOR:381|CHI:408|IND:434
48766,DET:166|CLE:319|TOR:352|CHI:385|IND:405
48708,DET:120|CLE:273|TOR:306|CHI:339|IND:359
48739,DET:187|CLE:340|TOR:373|CHI:406|IND:426
48770,DET:175|CLE:328|TOR:362|CHI:394|IND:414
48732,DET:129|CLE:282|TOR:316|CHI:349|IND:369
48747,DET:121|CLE:274|TOR:308|CHI:341|IND:361
48765,DET:178|CLE:331|TOR:365|CHI:398|IND:418
48748,DET:191|CLE:344|TOR:378|CHI:410|IND:430
48703,DET:170|CLE:322|TOR:356|CHI:389|IND:409
48763,DET:194|CLE:347|TOR:381|CHI:413|IND:433
48733,DET:130|CLE:283|TOR:300|CHI:349|IND:369
48701,DET:142|CLE:295|TOR:311|CHI:361|IND:381
48730,DET:214|CLE:367|TOR:400|CHI:433|IND:453
48750,DET:216|CLE:369|TOR:402|CHI:435|IND:455
48767,DET:147|CLE:300|TOR:306|CHI:366|IND:386
48720,DET:171|TOR:317|CLE:324|CHI:390|IND:410
48759,DET:160|TOR:309|CLE:313|CHI:380|IND:400
48735,DET:154|TOR:295|CLE:318|CHI:384|IND:404
48755,DET:165|TOR:306|CLE:331|CHI:397|IND:417
48754,DET:155|TOR:297|CLE:326|CHI:392|IND:412
48725,DET:180|TOR:322|CLE:343|CHI:409|IND:429
48726,DET:141|TOR:283|CLE:313|CHI:379|IND:399
48731,DET:164|TOR:306|CLE:338|CHI:402|IND:422
48426,DET:133|TOR:275|CLE:309|CHI:371|IND:391
48413,DET:153|TOR:294|CLE:328|CHI:390|IND:410
48445,DET:170|TOR:310|CLE:346|CHI:407|IND:428
48467,DET:178|TOR:313|CLE:354|CHI:415|IND:435
48432,DET:164|TOR:304|CLE:339|CHI:401|IND:421
48472,DET:139|TOR:264|CLE:315|CHI:376|IND:396
48410,DET:142|TOR:266|CLE:318|CHI:380|IND:400
48475,DET:150|TOR:276|CLE:326|CHI:388|IND:408
48468,DET:173|TOR:291|CLE:349|CHI:423|IND:443
48470,DET:155|TOR:273|CLE:331|CHI:410|IND:430
48456,DET:147|TOR:265|CLE:323|CHI:403|IND:423
48427,DET:136|TOR:254|CLE:312|CHI:390|IND:410
48441,DET:161|TOR:279|CLE:337|CHI:422|IND:442
48465,DET:142|TOR:260|CLE:318|CHI:400|IND:420
48434,DET:136|TOR:254|CLE:312|CHI:410|IND:430
49733,DET:207|CLE:360|CHI:363|TOR:393|IND:402
49717,DET:252|CLE:405|CHI:409|TOR:439|MIL:445
49735,DET:220|CLE:373|CHI:376|TOR:406|IND:415
49791,DET:251|CLE:404|CHI:408|MIL:437|TOR:437
49738,DET:211|CLE:364|CHI:368|TOR:397|IND:406
49749,DET:250|CLE:403|CHI:407|TOR:437|MIL:443
49799,DET:243|CLE:396|CHI:399|TOR:429|IND:438
49795,DET:242|CLE:395|CHI:398|TOR:428|IND:437
49705,DET:257|CLE:410|CHI:413|TOR:443|MIL:448
49751,DET:237|CLE:390|CHI:393|TOR:423|IND:432
48636,DET:216|CLE:369|CHI:383|TOR:402|IND:421
49756,DET:238|CLE:391|CHI:403|TOR:424|IND:442
49765,DET:263|CLE:416|CHI:420|TOR:450|MIL:455
49709,DET:255|CLE:408|CHI:420|TOR:442|IND:459
49759,DET:279|CLE:432|CHI:435|TOR:465|MIL:466
48647,DET:208|CLE:361|CHI:394|TOR:394|IND:432
48619,DET:224|CLE:377|CHI:410|TOR:410|IND:449
48621,DET:216|CLE:369|CHI:402|TOR:402|IND:441
49746,DET:261|CLE:414|CHI:438|TOR:447|IND:477
49743,DET:271|CLE:424|CHI:453|TOR:458|MIL:488
48761,DET:204|CLE:357|TOR:390|CHI:417|IND:443
49779,DET:273|CLE:426|CHI:450|TOR:460|MIL:480
48728,DET:221|CLE:374|TOR:407|CHI:415|IND:454
49753,DET:244|CLE:397|TOR:431|CHI:438|IND:477
48737,DET:209|CLE:362|TOR:396|CHI:429|IND:449
49776,DET:261|CLE:414|TOR:447|CHI:455|IND:494
49744,DET:250|CLE:402|TOR:436|CHI:443|IND:482
48705,DET:224|CLE:377|TOR:410|CHI:432|IND:463
49747,DET:268|CLE:421|TOR:455|CHI:466|IND:504
48762,DET:251|CLE:404|TOR:438|CHI:459|IND:491
48745,DET:236|CLE:389|TOR:422|CHI:455|IND:475
49777,DET:282|CLE:435|TOR:468|CHI:474|MIL:503
49707,DET:265|CLE:418|TOR:451|CHI:459|IND:497
48742,DET:241|CLE:394|TOR:427|CHI:449|IND:480
49766,DET:256|CLE:409|TOR:442|CHI:464|IND:495
48740,DET:229|CLE:382|TOR:415|CHI:437|IND:468
48738,DET:232|CLE:385|TOR:419|CHI:451|IND:471
48721,DET:244|CLE:397|TOR:431|CHI:453|IND:484
49745,DET:303|MIL:424|CLE:456|CHI:459|TOR:489
49775,DET:350|CLE:503|CHI:507|MIL:514|TOR:537
49721,DET:264|CLE:417|CHI:421|MIL:437|TOR:450
49784,DET:311|MIL:432|CLE:464|CHI:468|TOR:498
49752,DET:316|MIL:437|CLE:469|CHI:473|TOR:503
49724,DET:322|MIL:441|CLE:475|CHI:479|TOR:508
49719,DET:322|MIL:442|CLE:475|CHI:478|TOR:508
49774,DET:333|MIL:454|CLE:486|CHI:490|TOR:520
49783,DET:330|MIL:445|CLE:483|CHI:486|TOR:516
49710,DET:355|MIL:476|CLE:508|CHI:512|TOR:542
49736,DET:358|MIL:479|CLE:511|CHI:515|TOR:544
49725,DET:356|MIL:477|CLE:509|CHI:512|TOR:542
49726,DET:420|MIL:541|CLE:573|CHI:576|TOR:606
93430,LAC:267|LAL:268|GSW:278|SAC:336|PHX:618
93923,GSW:219|SAC:286|LAL:429|LAC:431|PHX:779
93924,GSW:165|SAC:233|LAL:356|LAC:358|PHX:705
93920,GSW:236|SAC:304|LAC:347|LAL:349|PHX:699
93928,
93927,GSW:166|SAC:234|LAL:304|LAC:306|PHX:653
93960,GSW:141|SAC:209|LAL:291|LAC:293|PHX:640
93452,
93930,GSW:170|SAC:237|LAL:275|LAC:277|PHX:624
93932,GSW:216|SAC:284|LAL:288|LAC:290|PHX:637
93428,GSW:293|LAL:303|LAC:304|SAC:351|PHX:652
93426,GSW:223|LAL:264|LAC:266|SAC:291|PHX:614
93954,GSW:185|SAC:246|LAL:276|LAC:278|PHX:626
93450,GSW:218|SAC:284|LAL:301|LAC:303|PHX:650
93446,GSW:220|LAL:232|LAC:234|SAC:280|PHX:581
93451,
93210,SAC:219|GSW:225|LAL:241|LAC:243|PHX:590
93624,SAC:206|GSW:212|LAL:234|LAC:236|PHX:583
93234,SAC:205|LAL:209|GSW:211|LAC:211|PHX:559
93656,SAC:216|GSW:225|LAL:241|LAC:243|PHX:590
93246,SAC:224|GSW:230|LAL:236|LAC:238|PHX:585
93245,SAC:215|LAL:218|LAC:221|GSW:224|PHX:568
93242,SAC:207|LAL:227|GSW:229|LAC:229|PHX:576
94019,GSW:49|SAC:147|LAL:404|LAC:406|POR:712
94074,GSW:64|SAC:162|LAL:407|LAC:410|POR:728
94062,GSW:48|SAC:146|LAL:386|LAC:388|POR:712
94060,
94070,GSW:41|SAC:137|LAL:382|LAC:385|POR:703
94021,
95017,GSW:101|SAC:198|LAL:407|LAC:409|PHX:756
94061,GSW:42|SAC:139|LAL:380|LAC:382|POR:705
94020,GSW:70|SAC:168|LAL:397|LAC:399|POR:734
94028,GSW:48|SAC:146|LAL:378|LAC:380|POR:712
94027,GSW:41|SAC:138|LAL:377|LAC:379|POR:703
94063,GSW:35|SAC:132|LAL:375|LAC:378|POR:697
94025,GSW:44|SAC:139|LAL:377|LAC:379|POR:705
94305,GSW:47|SAC:145|LAL:377|LAC:379|POR:710
94304,GSW:43|SAC:141|LAL:370|LAC:372|POR:707
94301,GSW:43|SAC:137|LAL:372|LAC:374|POR:703
95006,GSW:89|SAC:176|LAL:396|LAC:398|POR:742
94022,GSW:50|SAC:144|LAL:369|LAC:371|POR:709
94306,GSW:50|SAC:142|LAL:374|LAC:377|POR:708
94303,GSW:42|SAC:137|LAL:372|LAC:374|POR:703
95007,GSW:94|SAC:169|LAL:386|LAC:388|PHX:735
94024,GSW:48|SAC:142|LAL:366|LAC:369|POR:707
95060,
95005,GSW:103|SAC:177|LAL:385|LAC:387|PHX:734
94040,GSW:49|SAC:136|LAL:367|LAC:369|POR:702
95014,GSW:56|SAC:142|LAL:366|LAC:368|POR:708
94041,GSW:48|SAC:134|LAL:365|LAC:367|POR:700
94043,GSW:44|SAC:132|LAL:365|LAC:367|POR:698
95018,GSW:96|SAC:169|LAL:378|LAC:380|PHX:727
95064,GSW:101|SAC:174|LAL:375|LAC:377|PHX:725
95041,GSW:95|SAC:168|LAL:375|LAC:377|PHX:724
95070,GSW:63|SAC:149|LAL:366|LAC:368|PHX:715
94087,GSW:51|SAC:137|LAL:364|LAC:366|POR:703
94086,GSW:52|SAC:136|LAL:366|LAC:368|POR:701
94085,GSW:48|SAC:131|LAL:361|LAC:363|POR:696
94089,GSW:49|SAC:130|LAL:364|LAC:366|POR:695
95066,GSW:88|SAC:161|LAL:372|LAC:374|PHX:721
95002,
95129,GSW:58|SAC:136|LAL:363|LAC:365|POR:702
95062,GSW:96|SAC:169|LAL:362|LAC:364|PHX:711
95130,GSW:58|SAC:140|LAL:360|LAC:362|POR:706
95051,GSW:57|SAC:136|LAL:365|LAC:367|POR:702
95065,GSW:88|SAC:161|LAL:369|LAC:372|PHX:719
95030,GSW:64|SAC:137|LAL:358|LAC:360|POR:703
95033,GSW:80|SAC:153|LAL:373|LAC:375|POR:719
95054,GSW:52|SAC:130|LAL:362|LAC:364|POR:696
95117,GSW:58|SAC:134|LAL:361|LAC:363|POR:699
95008,GSW:61|SAC:135|LAL:357|LAC:359|POR:701
95010,GSW:94|SAC:167|LAL:358|LAC:360|PHX:707
95050,GSW:57|SAC:131|LAL:360|LAC:362|POR:696
95134,GSW:52|SAC:122|LAL:361|LAC:363|POR:688
93953,GSW:138|SAC:206|LAL:351|LAC:353|PHX:700
95053,GSW:58|SAC:130|LAL:360|LAC:362|POR:696
95128,GSW:58|SAC:129|LAL:358|LAC:361|POR:695
95073,GSW:95|SAC:168|LAL:368|LAC:371|PHX:718
93950,GSW:137|SAC:205|LAL:350|LAC:352|PHX:699
95124,GSW:61|SAC:137|LAL:352|LAC:354|PHX:701
93921,GSW:134|SAC:201|LAL:346|LAC:348|PHX:696
93944,GSW:135|SAC:203|LAL:348|LAC:350|PHX:697
95126,GSW:59|SAC:129|LAL:356|LAC:358|POR:695
95110,GSW:57|SAC:127|LAL:356|LAC:358|POR:693
95032,GSW:109|SAC:184|LAL:397|LAC:399|PHX:746
95131,GSW:57|SAC:124|LAL:357|LAC:359|POR:689
95125,GSW:62|SAC:131|LAL:353|LAC:355|POR:697
95118,GSW:63|SAC:136|LAL:352|LAC:354|PHX:701
95113,GSW:57|SAC:128|LAL:354|LAC:356|POR:694
95112,GSW:58|SAC:128|LAL:354|LAC:356|POR:694
95003,GSW:106|SAC:179|LAL:361|LAC:363|PHX:710
95035,GSW:62|SAC:118|LAL:363|LAC:365|POR:683
93943,GSW:127|SAC:195|LAL:341|LAC:344|PHX:691
95133,GSW:60|SAC:123|LAL:356|LAC:358|POR:689
95116,GSW:57|SAC:124|LAL:352|LAC:354|POR:690
95136,GSW:64|SAC:133|LAL:352|LAC:354|POR:699
95120,GSW:86|SAC:162|LAL:375|LAC:377|PHX:724
95122,GSW:59|SAC:126|LAL:349|LAC:352|POR:692
95123,GSW:66|SAC:136|LAL:348|LAC:350|PHX:697
95111,GSW:64|SAC:132|LAL:346|LAC:348|PHX:696
95121,GSW:60|SAC:128|LAL:348|LAC:350|POR:694
93940,GSW:130|SAC:198|LAL:333|LAC:335|PHX:682
95119,GSW:70|SAC:139|LAL:347|LAC:349|PHX:696
93955,GSW:129|SAC:197|LAL:344|LAC:346|PHX:693
95132,GSW:77|SAC:133|LAL:377|LAC:379|POR:699
95127,GSW:69|SAC:130|LAL:363|LAC:365|POR:696
95019,GSW:105|SAC:178|LAL:346|LAC:348|PHX:696
95148,GSW:68|SAC:132|LAL:356|LAC:358|POR:697
93933,GSW:124|SAC:192|LAL:334|LAC:336|PHX:683
95039,GSW:111|SAC:184|LAL:341|LAC:343|PHX:690
95139,GSW:70|SAC:138|LAL:345|LAC:347|PHX:694
95076,GSW:110|SAC:183|LAL:346|LAC:348|PHX:695
95138,GSW:90|SAC:157|LAL:361|LAC:363|PHX:710
95013,GSW:71|SAC:138|LAL:339|LAC:341|PHX:688
95012,GSW:113|SAC:181|LAL:335|LAC:338|PHX:685
95037,GSW:83|SAC:151|LAL:340|LAC:342|PHX:689
93907,GSW:107|SAC:175|LAL:328|LAC:330|PHX:677
93962,GSW:121|SAC:189|LAL:322|LAC:325|PHX:672
95140,GSW:99|SAC:155|LAL:369|LAC:371|PHX:719
93906,GSW:114|SAC:182|LAL:330|LAC:332|PHX:679
95004,GSW:108|SAC:176|LAL:338|LAC:340|PHX:687
93901,GSW:118|SAC:186|LAL:320|LAC:322|PHX:669
93905,GSW:118|SAC:186|LAL:322|LAC:324|PHX:671
93908,GSW:130|SAC:197|LAL:323|LAC:325|PHX:672
95046,GSW:84|SAC:152|LAL:332|LAC:334|PHX:681
95020,GSW:86|SAC:154|LAL:321|LAC:324|PHX:671
95135,
95045,GSW:107|SAC:173|LAL:329|LAC:331|PHX:678
93925,GSW:145|SAC:213|LAL:328|LAC:330|PHX:677
93926,GSW:142|SAC:210|LAL:314|LAC:316|PHX:663
95023,GSW:121|SAC:167|LAL:323|LAC:325|PHX:672
95363,SAC:120|GSW:127|LAL:335|LAC:337|PHX:684
95075,GSW:151|SAC:201|LAL:356|LAC:358|PHX:705
95313,SAC:103|GSW:109|LAL:310|LAC:312|PHX:659
95360,SAC:107|GSW:113|LAL:302|LAC:304|PHX:651
95322,SAC:120|GSW:126|LAL:288|LAC:290|PHX:637
95043,
95324,SAC:111|GSW:129|LAL:313|LAC:315|PHX:662
93635,SAC:130|GSW:137|LAL:280|LAC:282|PHX:629
95374,SAC:117|GSW:134|LAL:305|LAC:307|PHX:654
95334,SAC:111|GSW:134|LAL:302|LAC:304|PHX:651
93665,SAC:155|GSW:161|LAL:280|LAC:282|PHX:629
93622,SAC:150|GSW:156|LAL:259|LAC:261|PHX:608
93620,SAC:143|GSW:150|LAL:282|LAC:284|PHX:631
95317,SAC:138|GSW:161|LAL:282|LAC:284|PHX:631
93640,SAC:178|GSW:185|LAL:250|LAC:252|PHX:599
93608,SAC:180|GSW:187|LAL:233|LAC:235|PHX:582
93668,SAC:189|GSW:195|LAL:255|LAC:257|PHX:604
93637,SAC:174|GSW:197|LAL:267|LAC:270|PHX:617
93660,SAC:193|GSW:199|LAL:255|LAC:257|PHX:605
93630,SAC:193|GSW:210|LAL:257|LAC:259|PHX:606
93627,SAC:214|GSW:220|LAL:247|LAC:249|PHX:596
93606,SAC:181|GSW:204|LAL:249|LAC:251|PHX:599
93706,SAC:196|GSW:218|LAL:240|LAC:242|PHX:589
93652,SAC:198|GSW:221|LAL:233|LAC:235|PHX:582
93609,SAC:201|GSW:224|LAL:230|LAC:232|PHX:579
93662,SAC:196|LAL:212|LAC:214|GSW:219|PHX:561
95430,GSW:128|SAC:159|LAL:485|LAC:487|POR:724
95465,GSW:142|SAC:173|LAL:499|LAC:501|POR:738
94923,GSW:105|SAC:136|LAL:462|LAC:465|POR:702
95486,GSW:124|SAC:155|LAL:482|LAC:484|POR:721
95462,GSW:123|SAC:154|LAL:480|LAC:482|POR:719
94929,GSW:102|SAC:133|LAL:460|LAC:462|POR:699
95419,GSW:107|SAC:138|LAL:465|LAC:467|POR:704
94922,GSW:98|SAC:129|LAL:455|LAC:457|POR:694
94972,GSW:93|SAC:124|LAL:451|LAC:453|POR:690
94937,GSW:96|SAC:139|LAL:465|LAC:467|POR:705
95436,GSW:109|SAC:140|LAL:467|LAC:469|POR:702
94971,GSW:91|SAC:122|LAL:448|LAC:450|POR:687
94940,GSW:104|SAC:136|LAL:462|LAC:464|POR:701
95444,GSW:99|SAC:130|LAL:457|LAC:459|POR:696
95472,GSW:99|SAC:130|LAL:457|LAC:459|POR:696
94956,
95401,GSW:94|SAC:124|LAL:451|LAC:453|POR:690
95439,GSW:91|SAC:122|LAL:449|LAC:451|POR:684
94950,GSW:71|SAC:127|LAL:447|LAC:449|POR:693
94952,GSW:84|SAC:115|LAL:441|LAC:443|POR:680
95407,GSW:83|SAC:114|LAL:441|LAC:443|POR:680
94924,GSW:66|SAC:133|LAL:444|LAC:446|POR:698
94938,GSW:79|SAC:127|LAL:437|LAC:439|POR:692
94931,GSW:77|SAC:108|LAL:435|LAC:437|POR:674
94946,GSW:73|SAC:113|LAL:431|LAC:433|POR:679
94928,GSW:80|SAC:111|LAL:437|LAC:439|POR:677
94933,GSW:69|SAC:119|LAL:427|LAC:429|POR:685
95405,GSW:88|SAC:119|LAL:445|LAC:447|POR:682
94963,GSW:70|SAC:120|LAL:428|LAC:430|POR:685
94970,GSW:59|SAC:132|LAL:437|LAC:439|POR:698
94951,GSW:81|SAC:108|LAL:438|LAC:440|POR:673
94973,GSW:68|SAC:118|LAL:426|LAC:428|POR:684
94947,GSW:71|SAC:102|LAL:429|LAC:431|POR:668
94930,GSW:62|SAC:111|LAL:419|LAC:422|POR:677
94941,GSW:56|SAC:130|LAL:434|LAC:437|POR:696
95409,GSW:115|SAC:135|LAL:473|LAC:475|POR:695
94960,GSW:57|SAC:106|LAL:414|LAC:416|POR:672
94957,GSW:49|SAC:103|LAL:410|LAC:412|POR:669
94903,GSW:54|SAC:95|LAL:412|LAC:414|POR:660
94954,GSW:76|SAC:96|LAL:429|LAC:432|POR:662
94945,GSW:60|SAC:87|LAL:417|LAC:419|POR:653
94904,GSW:48|SAC:105|LAL:410|LAC:412|POR:670
95452,GSW:104|SAC:111|LAL:453|LAC:455|POR:676
94939,GSW:44|SAC:104|LAL:409|LAC:411|POR:670
94965,GSW:44|SAC:128|LAL:425|LAC:427|POR:694
95442,GSW:93|SAC:100|LAL:442|LAC:444|POR:665
95431,GSW:89|SAC:95|LAL:437|LAC:439|POR:661
94925,GSW:40|SAC:99|LAL:404|LAC:406|POR:665
94949,GSW:58|SAC:89|LAL:415|LAC:417|POR:655
94901,GSW:52|SAC:101|LAL:409|LAC:412|POR:667
94121,GSW:24|SAC:115|LAL:404|LAC:406|POR:680
94037,GSW:41|SAC:139|LAL:418|LAC:421|POR:704
94964,GSW:38|SAC:92|LAL:396|LAC:398|POR:658
94116,GSW:18|SAC:116|LAL:405|LAC:407|POR:681
94132,GSW:16|SAC:114|LAL:401|LAC:403|POR:680
94122,GSW:19|SAC:115|LAL:404|LAC:406|POR:680
94015,GSW:15|SAC:113|LAL:398|LAC:400|POR:679
94044,GSW:26|SAC:123|LAL:405|LAC:407|POR:689
94038,GSW:40|SAC:138|LAL:416|LAC:418|POR:703
94018,GSW:45|SAC:143|LAL:407|LAC:409|POR:709
94129,GSW:22|SAC:113|LAL:402|LAC:405|POR:679
94920,GSW:49|SAC:115|LAL:420|LAC:422|POR:681
94118,GSW:19|SAC:110|LAL:399|LAC:401|POR:675
95476,GSW:81|SAC:89|LAL:430|LAC:432|POR:655
94127,GSW:14|SAC:112|LAL:402|LAC:404|POR:678
94014,GSW:16|SAC:114|LAL:401|LAC:404|POR:680
94117,GSW:14|SAC:106|LAL:396|LAC:398|POR:672
94112,GSW:10|SAC:108|LAL:397|LAC:399|POR:673
94131,GSW:15|SAC:111|LAL:400|LAC:402|POR:676
94115,GSW:14|SAC:105|LAL:395|LAC:397|POR:671
94114,GSW:12|SAC:106|LAL:396|LAC:398|POR:672
94123,GSW:17|SAC:107|LAL:397|LAC:399|POR:673
94066,GSW:19|SAC:117|LAL:392|LAC:394|POR:683
94573,GSW:81|SAC:83|LAL:425|LAC:427|POR:648
94109,GSW:13|SAC:103|LAL:393|LAC:395|POR:669
94102,GSW:10|SAC:104|LAL:393|LAC:395|POR:669
94080,GSW:18|SAC:115|LAL:392|LAC:394|POR:681
94110,GSW:10|SAC:105|LAL:394|LAC:396|POR:670
94103,GSW:8|SAC:101|LAL:391|LAC:393|POR:667
94134,GSW:13|SAC:110|LAL:398|LAC:401|POR:676
94133,GSW:13|SAC:103|LAL:393|LAC:395|POR:669
94562,GSW:80|SAC:81|LAL:424|LAC:426|POR:646
94108,GSW:10|SAC:100|LAL:390|LAC:392|POR:666
94005,GSW:17|SAC:115|LAL:396|LAC:398|POR:681
94030,GSW:23|SAC:120|LAL:391|LAC:393|POR:686
94104,GSW:10|SAC:100|LAL:390|LAC:392|POR:666
94107,GSW:6|SAC:104|LAL:394|LAC:396|POR:670
94111,GSW:10|SAC:101|LAL:391|LAC:393|POR:667
94801,GSW:44|SAC:91|LAL:401|LAC:404|POR:657
94105,GSW:9|SAC:99|LAL:389|LAC:391|POR:665
94158,GSW:2|SAC:101|LAL:391|LAC:393|POR:667
94128,GSW:20|SAC:118|LAL:388|LAC:390|POR:683
94124,GSW:14|SAC:112|LAL:401|LAC:403|POR:677
94188,GSW:9|SAC:107|LAL:397|LAC:399|POR:673
94599,GSW:82|SAC:83|LAL:425|LAC:428|POR:648
94010,GSW:31|SAC:128|LAL:393|LAC:395|POR:694
94130,GSW:15|SAC:96|LAL:386|LAC:388|POR:662
94804,GSW:30|SAC:84|LAL:387|LAC:389|POR:650
94806,GSW:36|SAC:79|LAL:394|LAC:396|POR:645
94402,GSW:31|SAC:128|LAL:384|LAC:386|POR:694
94805,GSW:29|SAC:77|LAL:387|LAC:389|POR:643
94401,GSW:27|SAC:125|LAL:381|LAC:384|POR:690
94710,GSW:25|SAC:84|LAL:382|LAC:384|POR:649
94403,GSW:31|SAC:127|LAL:382|LAC:385|POR:693
94607,GSW:20|SAC:88|LAL:380|LAC:382|POR:654
94530,GSW:32|SAC:82|LAL:389|LAC:391|POR:648
94002,GSW:34|SAC:132|LAL:385|LAC:387|POR:698
94559,GSW:62|SAC:63|LAL:406|LAC:408|POR:629
94706,GSW:29|SAC:84|LAL:387|LAC:389|POR:650
94608,GSW:24|SAC:87|LAL:381|LAC:383|POR:653
94702,GSW:28|SAC:86|LAL:385|LAC:388|POR:652
94592,GSW:56|SAC:67|LAL:400|LAC:402|POR:633
94803,GSW:39|SAC:81|LAL:392|LAC:394|POR:647
94707,GSW:34|SAC:88|LAL:392|LAC:394|POR:653
94501,GSW:30|SAC:99|LAL:380|LAC:382|POR:664
94703,GSW:29|SAC:89|LAL:383|LAC:385|POR:654
94564,GSW:41|SAC:77|LAL:396|LAC:398|POR:643
94404,GSW:31|SAC:123|LAL:381|LAC:383|POR:689
94612,GSW:26|SAC:94|LAL:380|LAC:382|POR:660
94709,GSW:33|SAC:89|LAL:386|LAC:388|POR:655
94609,GSW:24|SAC:92|LAL:378|LAC:380|POR:657
94708,GSW:40|SAC:90|LAL:394|LAC:396|POR:656
94704,GSW:30|SAC:91|LAL:382|LAC:384|POR:657
94547,GSW:41|SAC:73|LAL:390|LAC:392|POR:639
94720,GSW:31|SAC:93|LAL:383|LAC:385|POR:659
94590,GSW:46|SAC:64|LAL:389|LAC:391|POR:630
94065,GSW:34|SAC:130|LAL:382|LAC:384|POR:696
94589,GSW:51|SAC:62|LAL:395|LAC:397|POR:627
94606,GSW:27|SAC:95|LAL:375|LAC:377|POR:661
94610,GSW:24|SAC:92|LAL:375|LAC:377|POR:658
94502,GSW:36|SAC:105|LAL:378|LAC:380|POR:671
94618,GSW:28|SAC:91|LAL:376|LAC:378|POR:657
94705,GSW:29|SAC:90|LAL:379|LAC:381|POR:656
94572,GSW:42|SAC:74|LAL:394|LAC:396|POR:639
94525,GSW:44|SAC:68|LAL:394|LAC:396|POR:634
94503,GSW:60|SAC:65|LAL:404|LAC:406|POR:631
94601,GSW:29|SAC:97|LAL:372|LAC:374|POR:662
94611,GSW:27|SAC:89|LAL:374|LAC:376|POR:654
94621,GSW:32|SAC:100|LAL:369|LAC:371|POR:666
94563,GSW:29|SAC:85|LAL:377|LAC:379|POR:651
94602,GSW:27|SAC:94|LAL:374|LAC:376|POR:659
94591,GSW:52|SAC:62|LAL:396|LAC:398|POR:628
94569,GSW:47|SAC:72|LAL:387|LAC:389|POR:637
94613,GSW:29|SAC:95|LAL:370|LAC:372|POR:661
94603,GSW:35|SAC:102|LAL:371|LAC:373|POR:668
94577,GSW:35|SAC:104|LAL:369|LAC:371|POR:669
94516,GSW:38|SAC:96|LAL:383|LAC:385|POR:662
94619,GSW:34|SAC:98|LAL:376|LAC:378|POR:664
94579,GSW:42|SAC:110|LAL:368|LAC:370|POR:676
94553,GSW:51|SAC:81|LAL:386|LAC:388|POR:647
94605,GSW:30|SAC:97|LAL:369|LAC:371|POR:662
94580,GSW:40|SAC:108|LAL:366|LAC:368|POR:674
94578,GSW:34|SAC:101|LAL:363|LAC:365|POR:666
94545,GSW:38|SAC:112|LAL:370|LAC:373|POR:678
94510,GSW:56|SAC:58|LAL:385|LAC:387|POR:624
94549,GSW:36|SAC:82|LAL:374|LAC:376|POR:648
94534,SAC:51|GSW:61|LAL:401|LAC:403|POR:617
94575,GSW:45|SAC:89|LAL:381|LAC:383|POR:655
94556,GSW:48|SAC:92|LAL:384|LAC:386|POR:658
94546,GSW:46|SAC:110|LAL:372|LAC:374|POR:676
94555,GSW:59|SAC:129|LAL:383|LAC:385|POR:695
94541,GSW:40|SAC:106|LAL:364|LAC:366|POR:672
94523,GSW:47|SAC:76|LAL:376|LAC:378|POR:641
94587,GSW:50|SAC:118|LAL:377|LAC:379|POR:684
94597,GSW:41|SAC:77|LAL:370|LAC:372|POR:642
94595,GSW:43|SAC:81|LAL:370|LAC:372|POR:646
94544,GSW:47|SAC:116|LAL:374|LAC:376|POR:681
94596,GSW:46|SAC:84|LAL:374|LAC:376|POR:650
94520,GSW:49|SAC:76|LAL:378|LAC:380|POR:642
94560,GSW:56|SAC:125|LAL:375|LAC:377|POR:691
94542,GSW:50|SAC:114|LAL:371|LAC:373|POR:680
94518,GSW:50|SAC:80|LAL:379|LAC:381|POR:646
94598,GSW:50|SAC:82|LAL:379|LAC:381|POR:648
94519,GSW:62|SAC:86|LAL:391|LAC:393|POR:652
94552,GSW:40|SAC:100|LAL:357|LAC:359|POR:666
94507,GSW:47|SAC:84|LAL:368|LAC:370|POR:650
94583,GSW:52|SAC:89|LAL:360|LAC:362|POR:655
94526,GSW:50|SAC:87|LAL:364|LAC:366|POR:653
94536,GSW:58|SAC:117|LAL:376|LAC:378|POR:683
94521,GSW:57|SAC:88|LAL:386|LAC:388|POR:654
94528,GSW:60|SAC:97|LAL:376|LAC:378|POR:662
94538,GSW:56|SAC:114|LAL:366|LAC:368|POR:680
94565,GSW:58|SAC:82|LAL:381|LAC:383|POR:648
94582,GSW:60|SAC:97|LAL:364|LAC:366|POR:663
94539,GSW:64|SAC:113|LAL:371|LAC:373|POR:678
94506,GSW:64|SAC:101|LAL:371|LAC:373|POR:667
94568,GSW:51|SAC:98|LAL:353|LAC:355|POR:664
94517,GSW:74|SAC:104|LAL:379|LAC:381|POR:669
94588,GSW:60|SAC:98|LAL:360|LAC:362|POR:663
94586,GSW:59|SAC:105|LAL:364|LAC:366|POR:671
94566,GSW:62|SAC:107|LAL:362|LAC:364|POR:673
94509,GSW:61|SAC:79|LAL:370|LAC:372|POR:652
94531,GSW:68|SAC:83|LAL:368|LAC:370|POR:659
94551,GSW:62|SAC:96|LAL:349|LAC:351|POR:675
94561,GSW:73|SAC:85|LAL:371|LAC:373|POR:664
94513,GSW:73|SAC:86|LAL:359|LAC:362|POR:664
94548,GSW:84|SAC:96|LAL:373|LAC:375|POR:674
94514,GSW:88|SAC:93|LAL:354|LAC:356|POR:678
95391,GSW:79|SAC:90|LAL:345|LAC:347|UTA:676
94505,GSW:87|SAC:93|LAL:353|LAC:355|POR:678
94550,GSW:106|SAC:136|LAL:374|LAC:376|POR:719
95377,
95376,SAC:72|GSW:75|LAL:332|LAC:334|UTA:658
95304,SAC:79|GSW:90|LAL:329|LAC:331|UTA:664
95385,SAC:81|GSW:90|LAL:321|LAC:323|UTA:667
95387,SAC:90|GSW:99|LAL:321|LAC:323|PHX:670
95420,GSW:242|SAC:261|LAL:600|LAC:602|POR:685
95456,GSW:225|SAC:244|LAL:583|LAC:585|POR:696
95460,GSW:227|SAC:246|LAL:585|LAC:587|POR:687
95410,GSW:227|SAC:245|LAL:584|LAC:586|POR:716
95432,GSW:230|SAC:248|LAL:587|LAC:589|POR:744
95468,GSW:215|SAC:246|LAL:572|LAC:574|POR:769
95459,GSW:217|SAC:235|LAL:574|LAC:576|POR:755
95463,GSW:198|SAC:217|LAL:556|LAC:558|POR:726
95466,GSW:186|SAC:204|LAL:543|LAC:545|POR:724
95445,GSW:213|SAC:244|LAL:570|LAC:572|POR:804
95497,GSW:172|SAC:203|LAL:530|LAC:532|POR:769
95480,GSW:176|SAC:207|LAL:533|LAC:535|POR:772
95415,GSW:161|SAC:179|LAL:518|LAC:520|POR:699
95494,GSW:161|SAC:179|LAL:518|LAC:520|POR:710
95412,GSW:188|SAC:219|LAL:546|LAC:548|POR:785
95450,GSW:132|SAC:163|LAL:490|LAC:492|POR:729
95421,GSW:174|SAC:204|LAL:531|LAC:533|POR:770
95449,GSW:145|SAC:163|LAL:502|LAC:504|POR:675
95425,GSW:142|SAC:160|LAL:499|LAC:501|POR:698
95441,GSW:125|SAC:143|LAL:482|LAC:484|POR:696
95446,GSW:123|SAC:154|LAL:480|LAC:482|POR:717
95471,GSW:116|SAC:147|LAL:473|LAC:475|POR:709
95448,GSW:100|SAC:127|LAL:458|LAC:460|POR:682
95492,GSW:96|SAC:127|LAL:453|LAC:455|POR:689
95403,GSW:91|SAC:122|LAL:448|LAC:450|POR:680
95404,GSW:113|SAC:138|LAL:471|LAC:473|POR:695
77983,HOU:200|SAS:204|DAL:386|NOP:550|OKC:565
77982,HOU:210|SAS:215|DAL:398|NOP:560|OKC:577
77964,SAS:138|HOU:143|DAL:295|OKC:474|NOP:489
77986,HOU:120|SAS:127|DAL:285|OKC:464|NOP:466
77957,HOU:123|SAS:163|DAL:332|NOP:473|OKC:511
77969,HOU:139|SAS:172|DAL:355|NOP:489|OKC:534
77979,HOU:157|SAS:167|DAL:349|NOP:507|OKC:528
77991,HOU:145|SAS:183|DAL:365|NOP:495|OKC:544
77978,HOU:149|SAS:176|DAL:359|NOP:499|OKC:538
77971,HOU:130|SAS:180|DAL:354|NOP:480|OKC:534
77962,HOU:101|SAS:168|DAL:325|NOP:451|OKC:504
77442,HOU:107|SAS:142|DAL:287|NOP:453|OKC:466
77455,HOU:100|SAS:180|DAL:324|NOP:450|OKC:504
77970,HOU:124|SAS:186|DAL:348|NOP:474|OKC:528
77460,HOU:96|SAS:131|DAL:276|NOP:442|OKC:455
77961,HOU:132|SAS:193|DAL:356|NOP:482|OKC:536
77437,HOU:79|SAS:155|DAL:300|NOP:429|OKC:479
77436,HOU:84|SAS:162|DAL:303|NOP:434|OKC:482
77419,HOU:119|SAS:201|DAL:343|NOP:469|OKC:525
77458,HOU:107|SAS:189|DAL:331|NOP:457|OKC:513
77432,HOU:102|SAS:183|DAL:326|NOP:452|OKC:508
77465,HOU:132|SAS:207|DAL:356|NOP:482|OKC:537
77467,HOU:74|SAS:167|DAL:299|NOP:424|OKC:491
77443,HOU:70|SAS:164|DAL:294|NOP:420|OKC:485
77428,HOU:156|SAS:238|DAL:380|NOP:506|OKC:562
77440,HOU:117|SAS:199|DAL:342|NOP:467|OKC:523
77488,HOU:67|SAS:172|DAL:291|NOP:417|OKC:486
77456,HOU:116|SAS:203|DAL:340|NOP:466|OKC:527
77448,HOU:63|SAS:170|DAL:287|NOP:413|OKC:474
77451,HOU:58|SAS:171|DAL:282|NOP:408|OKC:476
77453,HOU:82|SAS:187|DAL:307|NOP:432|OKC:502
77417,HOU:49|SAS:172|DAL:273|NOP:399|OKC:468
77457,HOU:134|SAS:242|DAL:359|NOP:482|OKC:555
77420,HOU:76|SAS:192|DAL:301|NOP:427|OKC:496
77482,HOU:94|SAS:209|DAL:318|NOP:444|OKC:514
77414,HOU:121|SAS:237|DAL:347|NOP:469|OKC:542
77483,HOU:129|SAS:248|DAL:355|NOP:477|OKC:550
77468,HOU:98|SAS:213|DAL:323|NOP:448|OKC:518
77431,HOU:95|SAS:219|DAL:319|NOP:443|OKC:514
77444,HOU:76|SAS:200|DAL:301|NOP:427|OKC:496
77461,HOU:55|SAS:179|DAL:279|NOP:405|OKC:474
77480,HOU:84|SAS:214|DAL:309|NOP:432|OKC:505
77415,HOU:94|SAS:235|DAL:320|NOP:442|OKC:515
77469,HOU:43|SAS:188|DAL:267|NOP:393|OKC:463
77486,HOU:79|SAS:208|DAL:305|NOP:427|OKC:500
77430,HOU:82|SAS:205|DAL:306|NOP:432|OKC:501
77422,HOU:83|SAS:225|DAL:309|NOP:431|OKC:504
77481,HOU:51|SAS:198|DAL:275|NOP:401|OKC:471
77566,HOU:59|SAS:223|DAL:284|NOP:406|OKC:479
77583,HOU:41|SAS:216|DAL:266|NOP:388|OKC:461
77515,HOU:52|SAS:225|DAL:277|NOP:400|OKC:473
77531,HOU:64|SAS:232|DAL:289|NOP:412|OKC:484
77578,HOU:31|SAS:205|DAL:256|NOP:378|OKC:452
77541,HOU:72|SAS:238|DAL:297|NOP:420|OKC:492
77534,HOU:64|SAS:239|DAL:290|NOP:412|OKC:485
77577,HOU:72|SAS:247|DAL:297|NOP:412|OKC:492
77511,HOU:52|SAS:227|DAL:277|NOP:388|OKC:472
77517,HOU:58|SAS:241|DAL:285|NOP:394|OKC:480
77510,HOU:47|SAS:230|DAL:274|NOP:383|OKC:469
77563,HOU:76|SAS:259|DAL:303|NOP:412|OKC:498
77539,HOU:42|SAS:225|DAL:269|NOP:372|OKC:464
77591,HOU:37|SAS:220|DAL:264|NOP:372|OKC:459
77568,HOU:40|SAS:223|DAL:267|NOP:374|OKC:462
77554,HOU:73|SAS:256|DAL:300|NOP:399|OKC:495
77590,HOU:47|SAS:229|DAL:273|NOP:373|OKC:469
77551,HOU:54|SAS:237|DAL:281|NOP:381|OKC:476
77555,HOU:57|SAS:240|DAL:284|NOP:375|OKC:479
77550,HOU:57|SAS:240|DAL:284|NOP:374|OKC:479
77650,HOU:98|SAS:281|DAL:325|NOP:334|OKC:520
78948,SAS:132|HOU:138|DAL:208|OKC:387|NOP:483
78942,HOU:122|SAS:128|DAL:212|OKC:391|NOP:467
78945,HOU:102|SAS:110|DAL:229|OKC:408|NOP:448
77853,HOU:133|SAS:138|DAL:207|OKC:386|NOP:478
78951,HOU:102|SAS:112|DAL:270|NOP:448|OKC:449
78946,HOU:118|SAS:142|DAL:226|OKC:405|NOP:463
77852,HOU:123|SAS:140|DAL:195|OKC:374|NOP:468
78962,HOU:97|SAS:107|DAL:264|NOP:442|OKC:443
78932,HOU:111|SAS:148|DAL:232|OKC:411|NOP:456
78938,HOU:97|SAS:129|DAL:250|OKC:429|NOP:443
78954,HOU:118|SAS:137|DAL:244|OKC:424|NOP:463
77475,HOU:112|SAS:138|DAL:290|NOP:458|OKC:469
78940,HOU:113|SAS:141|DAL:261|OKC:440|NOP:459
78943,HOU:82|SAS:110|DAL:257|NOP:428|OKC:436
77835,HOU:99|SAS:151|DAL:228|OKC:407|NOP:444
78934,HOU:80|SAS:111|DAL:255|NOP:426|OKC:434
77863,HOU:106|SAS:158|DAL:200|OKC:379|NOP:451
77470,HOU:105|SAS:140|DAL:284|NOP:451|OKC:464
78944,HOU:104|SAS:156|DAL:250|OKC:429|NOP:450
78950,HOU:96|SAS:143|DAL:255|OKC:435|NOP:442
77879,HOU:119|SAS:178|DAL:212|OKC:391|NOP:463
77412,HOU:86|SAS:121|DAL:266|NOP:432|OKC:446
78931,HOU:108|SAS:171|DAL:250|OKC:430|NOP:454
77878,HOU:123|SAS:172|DAL:200|OKC:379|NOP:467
78935,HOU:85|SAS:126|DAL:271|NOP:431|OKC:450
77833,HOU:90|SAS:163|DAL:218|OKC:398|NOP:435
78933,HOU:83|SAS:131|DAL:263|NOP:429|OKC:442
77434,HOU:79|SAS:139|DAL:279|NOP:425|OKC:458
77426,HOU:75|SAS:171|DAL:233|OKC:413|NOP:420
77418,HOU:86|SAS:162|DAL:253|NOP:432|OKC:432
77454,HOU:80|SAS:144|DAL:284|NOP:430|OKC:463
77866,HOU:100|SAS:199|DAL:201|OKC:380|NOP:437
77474,HOU:65|SAS:136|DAL:266|NOP:411|OKC:445
77880,HOU:102|SAS:187|DAL:222|OKC:402|NOP:439
77435,HOU:67|SAS:151|DAL:285|NOP:417|OKC:464
77473,HOU:57|SAS:138|DAL:261|NOP:403|OKC:441
77445,HOU:63|SAS:174|DAL:227|OKC:406|NOP:408
77485,HOU:59|SAS:146|DAL:268|NOP:409|OKC:448
77868,HOU:84|SAS:202|DAL:210|OKC:389|NOP:421
77466,HOU:54|SAS:153|DAL:262|NOP:400|OKC:442
77446,HOU:58|SAS:182|DAL:231|NOP:402|OKC:410
77423,HOU:55|SAS:154|DAL:261|NOP:401|OKC:440
77476,HOU:48|SAS:156|DAL:266|NOP:399|OKC:458
77464,HOU:58|SAS:159|DAL:282|NOP:408|OKC:461
77484,HOU:56|SAS:184|DAL:238|NOP:400|OKC:417
77441,HOU:46|SAS:156|DAL:262|NOP:396|OKC:458
77471,HOU:43|SAS:164|DAL:267|NOP:393|OKC:462
77363,HOU:64|SAS:210|DAL:219|NOP:401|OKC:401
77493,HOU:47|SAS:164|DAL:247|NOP:393|OKC:442
77447,HOU:50|SAS:180|DAL:233|NOP:393|OKC:425
77494,HOU:44|SAS:161|DAL:253|NOP:392|OKC:449
77406,HOU:51|SAS:181|DAL:268|NOP:401|OKC:463
77355,HOU:60|SAS:190|DAL:231|NOP:395|OKC:419
77433,HOU:47|SAS:173|DAL:234|NOP:392|OKC:429
77450,HOU:39|SAS:167|DAL:253|NOP:385|OKC:448
77449,HOU:42|SAS:164|DAL:242|NOP:388|OKC:437
77356,HOU:85|DAL:219|SAS:237|NOP:409|OKC:415
77407,HOU:35|SAS:174|DAL:256|NOP:385|OKC:451
77094,HOU:31|SAS:162|DAL:244|NOP:377|OKC:440
77316,HOU:63|DAL:208|SAS:208|NOP:395|OKC:403
77377,HOU:54|SAS:192|DAL:228|NOP:388|OKC:423
77362,HOU:46|SAS:192|DAL:223|NOP:383|OKC:416
77429,HOU:46|SAS:186|DAL:225|NOP:385|OKC:420
77084,HOU:35|SAS:171|DAL:244|NOP:381|OKC:439
77095,HOU:39|SAS:179|DAL:240|NOP:384|OKC:436
77498,HOU:37|SAS:180|DAL:259|NOP:387|OKC:455
77083,HOU:29|SAS:176|DAL:250|NOP:379|OKC:446
77354,HOU:67|SAS:213|DAL:223|NOP:404|OKC:419
77077,HOU:32|SAS:170|DAL:245|NOP:378|OKC:441
77082,HOU:27|SAS:174|DAL:249|NOP:377|OKC:444
77479,HOU:33|SAS:186|DAL:257|NOP:383|OKC:453
77478,HOU:28|SAS:186|DAL:252|NOP:378|OKC:447
77065,HOU:35|SAS:186|DAL:234|NOP:380|OKC:429
77079,HOU:23|SAS:168|DAL:237|NOP:369|OKC:433
77375,HOU:47|SAS:191|DAL:215|NOP:375|OKC:411
77099,HOU:26|SAS:183|DAL:247|NOP:376|OKC:442
77041,HOU:31|SAS:180|DAL:237|NOP:377|OKC:432
77072,HOU:24|SAS:182|DAL:245|NOP:375|OKC:441
77043,HOU:25|SAS:172|DAL:235|NOP:370|OKC:430
77070,HOU:33|SAS:188|DAL:222|NOP:376|OKC:417
77477,HOU:24|SAS:185|DAL:248|NOP:374|OKC:444
77042,HOU:21|SAS:174|DAL:237|NOP:371|OKC:432
77318,HOU:67|DAL:188|SAS:231|OKC:384|NOP:392
77382,HOU:53|DAL:207|SAS:210|NOP:388|OKC:403
77031,HOU:24|SAS:184|DAL:247|NOP:374|OKC:443
77064,HOU:32|SAS:184|DAL:224|NOP:374|OKC:420
77036,HOU:19|SAS:180|DAL:243|NOP:369|OKC:439
77379,HOU:47|SAS:194|DAL:217|NOP:377|OKC:412
77459,HOU:32|SAS:194|DAL:257|NOP:379|OKC:452
77040,HOU:28|SAS:182|DAL:229|NOP:372|OKC:425
77069,HOU:37|SAS:195|DAL:225|NOP:380|OKC:420
77080,HOU:23|SAS:176|DAL:236|NOP:369|OKC:432
77063,HOU:18|SAS:179|DAL:242|NOP:368|OKC:437
77071,HOU:24|SAS:185|DAL:248|NOP:374|OKC:444
77389,HOU:46|SAS:197|DAL:214|NOP:374|OKC:409
77304,HOU:54|DAL:191|SAS:218|NOP:377|OKC:386
77074,HOU:19|SAS:184|DAL:244|NOP:369|OKC:439
77489,HOU:30|SAS:189|DAL:252|NOP:375|OKC:447
77024,HOU:20|SAS:177|DAL:239|NOP:365|OKC:434
77066,HOU:31|SAS:190|DAL:224|NOP:374|OKC:419
77381,HOU:45|SAS:202|DAL:203|NOP:380|OKC:398
77384,HOU:46|DAL:199|SAS:210|NOP:381|OKC:394
77055,HOU:19|SAS:176|DAL:238|NOP:365|OKC:433
77086,HOU:28|SAS:189|DAL:223|NOP:372|OKC:418
77057,HOU:16|SAS:182|DAL:240|NOP:366|OKC:435
77068,HOU:35|SAS:199|DAL:219|NOP:379|OKC:415
77085,HOU:22|SAS:187|DAL:247|NOP:370|OKC:442
77096,HOU:19|SAS:189|DAL:243|NOP:369|OKC:438
77081,HOU:14|SAS:183|DAL:238|NOP:364|OKC:434
77092,HOU:21|SAS:183|DAL:233|NOP:366|OKC:428
77545,HOU:32|SAS:197|DAL:257|NOP:378|OKC:453
77035,HOU:19|SAS:189|DAL:242|NOP:368|OKC:438
77056,HOU:15|SAS:181|DAL:236|NOP:365|OKC:432
77380,HOU:40|SAS:203|DAL:205|NOP:374|OKC:401
77388,HOU:34|SAS:200|DAL:209|NOP:371|OKC:405
77053,HOU:26|SAS:190|DAL:252|NOP:372|OKC:447
77401,HOU:15|SAS:184|DAL:238|NOP:365|OKC:434
77014,HOU:32|SAS:197|DAL:222|NOP:377|OKC:417
77088,HOU:22|SAS:194|DAL:225|NOP:368|OKC:420
77067,HOU:27|SAS:190|DAL:217|NOP:369|OKC:412
77027,HOU:13|SAS:183|DAL:237|NOP:363|OKC:432
77038,HOU:24|SAS:191|DAL:219|NOP:370|OKC:414
77090,HOU:31|SAS:201|DAL:215|NOP:376|OKC:411
77091,HOU:19|SAS:187|DAL:224|NOP:365|OKC:420
77025,HOU:17|SAS:190|DAL:243|NOP:366|OKC:438
77046,HOU:10|SAS:184|DAL:236|NOP:360|OKC:431
77045,HOU:20|SAS:193|DAL:246|NOP:369|OKC:441
77301,HOU:52|DAL:193|SAS:215|NOP:371|OKC:388
77385,HOU:46|DAL:203|SAS:210|NOP:379|OKC:398
77018,HOU:18|SAS:184|DAL:228|NOP:362|OKC:424
77005,HOU:10|SAS:187|DAL:236|NOP:360|OKC:432
77008,HOU:16|SAS:185|DAL:230|NOP:361|OKC:425
77098,HOU:9|SAS:186|DAL:235|NOP:359|OKC:431
77019,HOU:8|SAS:184|DAL:234|NOP:359|OKC:429
77007,HOU:10|SAS:180|DAL:232|NOP:356|OKC:427
77054,HOU:16|SAS:194|DAL:243|NOP:366|OKC:438
77030,HOU:10|SAS:192|DAL:237|NOP:360|OKC:432
77073,HOU:25|SAS:196|DAL:209|NOP:367|OKC:405
77060,HOU:22|SAS:192|DAL:215|NOP:364|OKC:411
77006,HOU:6|SAS:187|DAL:232|NOP:358|OKC:428
77037,HOU:21|SAS:196|DAL:221|NOP:366|OKC:416
77047,HOU:14|SAS:196|DAL:240|NOP:364|OKC:435
77373,HOU:38|SAS:207|DAL:213|NOP:372|OKC:409
77076,HOU:16|SAS:192|DAL:222|NOP:361|OKC:417
77022,HOU:11|SAS:187|DAL:223|NOP:358|OKC:418
77051,HOU:14|SAS:196|DAL:241|NOP:364|OKC:436
77303,HOU:63|DAL:193|SAS:227|NOP:368|OKC:389
77378,HOU:76|DAL:199|SAS:240|NOP:383|OKC:394
77009,HOU:10|SAS:186|DAL:226|NOP:356|OKC:422
77002,HOU:2|SAS:185|DAL:228|NOP:354|OKC:424
77004,HOU:6|SAS:190|DAL:234|NOP:357|OKC:429
77010,HOU:2|SAS:185|DAL:229|NOP:354|OKC:425
77021,HOU:11|SAS:194|DAL:238|NOP:361|OKC:433
77386,HOU:44|SAS:205|DAL:216|NOP:366|OKC:411
77584,HOU:28|SAS:202|DAL:253|NOP:372|OKC:449
77039,HOU:22|SAS:197|DAL:220|NOP:364|OKC:415
77003,HOU:5|SAS:188|DAL:232|NOP:354|OKC:428
77032,HOU:33|SAS:204|DAL:224|NOP:369|OKC:420
77302,HOU:56|DAL:209|SAS:220|NOP:370|OKC:405
77204,HOU:9|SAS:191|DAL:235|NOP:360|OKC:430
77093,HOU:16|SAS:194|DAL:224|NOP:359|OKC:419
77033,HOU:15|SAS:196|DAL:241|NOP:359|OKC:436
77026,HOU:11|SAS:189|DAL:227|NOP:352|OKC:422
77048,HOU:21|SAS:200|DAL:248|NOP:363|OKC:443
77023,HOU:7|SAS:189|DAL:233|NOP:356|OKC:428
77306,HOU:56|DAL:204|SAS:226|NOP:367|OKC:400
77020,HOU:11|SAS:188|DAL:232|NOP:349|OKC:428
77011,HOU:10|SAS:192|DAL:237|NOP:353|OKC:432
77087,HOU:12|SAS:194|DAL:238|NOP:356|OKC:434
77016,HOU:19|SAS:197|DAL:230|NOP:359|OKC:425
77028,HOU:17|SAS:194|DAL:231|NOP:352|OKC:426
77338,HOU:29|SAS:207|DAL:226|NOP:366|OKC:421
77581,HOU:29|SAS:204|DAL:255|NOP:363|OKC:450
77061,HOU:19|SAS:202|DAL:246|NOP:364|OKC:441
77365,HOU:38|SAS:209|DAL:219|NOP:358|OKC:415
77012,HOU:12|SAS:194|DAL:237|NOP:351|OKC:432
77050,HOU:27|SAS:205|DAL:234|NOP:368|OKC:429
77075,HOU:18|SAS:201|DAL:245|NOP:360|OKC:441
77396,HOU:26|SAS:200|DAL:225|NOP:357|OKC:420
77029,HOU:16|SAS:193|DAL:235|NOP:346|OKC:430
77017,HOU:16|SAS:198|DAL:241|NOP:353|OKC:437
77078,HOU:26|SAS:203|DAL:239|NOP:354|OKC:434
77547,HOU:18|SAS:196|DAL:238|NOP:349|OKC:433
77013,HOU:17|SAS:194|DAL:235|NOP:349|OKC:430
77587,HOU:18|SAS:200|DAL:244|NOP:357|OKC:439
77089,HOU:22|SAS:203|DAL:248|NOP:355|OKC:443
77339,HOU:36|SAS:213|DAL:232|NOP:361|OKC:427
77372,HOU:55|DAL:213|SAS:231|NOP:361|OKC:409
77502,HOU:20|SAS:202|DAL:245|NOP:351|OKC:441
77034,HOU:21|SAS:203|DAL:247|NOP:353|OKC:443
77546,HOU:34|SAS:216|DAL:260|NOP:369|OKC:456
77328,HOU:62|DAL:206|SAS:238|NOP:359|OKC:402
77506,HOU:19|SAS:201|DAL:244|NOP:350|OKC:439
77504,HOU:23|SAS:205|DAL:249|NOP:354|OKC:444
77357,HOU:42|SAS:214|DAL:224|NOP:350|OKC:420
77044,HOU:32|SAS:209|DAL:233|NOP:353|OKC:429
77346,HOU:39|SAS:214|DAL:239|NOP:351|OKC:434
77015,HOU:23|SAS:200|DAL:241|NOP:342|OKC:437
77345,HOU:43|SAS:220|DAL:236|NOP:360|OKC:431
77503,HOU:22|SAS:204|DAL:245|NOP:345|OKC:441
77049,HOU:26|SAS:203|DAL:240|NOP:348|OKC:436
77505,HOU:27|SAS:209|DAL:252|NOP:352|OKC:448
77598,HOU:25|SAS:207|DAL:251|NOP:360|OKC:446
77062,HOU:28|SAS:210|DAL:254|NOP:363|OKC:449
77059,HOU:36|SAS:218|DAL:262|NOP:364|OKC:457
77536,HOU:25|SAS:208|DAL:250|NOP:348|OKC:445
77530,HOU:27|SAS:204|DAL:245|NOP:340|OKC:440
77336,HOU:55|SAS:226|DAL:237|NOP:347|OKC:432
77058,HOU:32|SAS:214|DAL:258|NOP:361|OKC:453
77573,HOU:32|SAS:214|DAL:258|NOP:364|OKC:454
77507,HOU:41|SAS:223|DAL:267|NOP:353|OKC:462
77571,HOU:29|SAS:211|DAL:254|NOP:342|OKC:449
77532,HOU:36|SAS:213|DAL:251|NOP:342|OKC:446
77562,HOU:32|SAS:209|DAL:251|NOP:337|OKC:446
77586,HOU:38|SAS:221|DAL:264|NOP:350|OKC:459
77565,HOU:43|SAS:226|DAL:269|NOP:355|OKC:464
77520,HOU:35|SAS:213|DAL:255|NOP:337|OKC:450
77518,HOU:42|SAS:225|DAL:269|NOP:356|OKC:464
77371,HOU:72|DAL:226|SAS:248|NOP:364|OKC:422
77521,HOU:32|SAS:209|DAL:251|NOP:325|OKC:446
77327,HOU:73|DAL:236|SAS:249|NOP:345|OKC:432
77535,HOU:50|SAS:227|DAL:243|NOP:328|OKC:438
77580,HOU:44|SAS:221|DAL:254|NOP:324|OKC:449
77523,HOU:47|SAS:225|DAL:262|NOP:328|OKC:458
77368,HOU:81|DAL:242|SAS:257|NOP:345|OKC:437
77575,HOU:60|SAS:237|DAL:258|NOP:322|OKC:453
77561,HOU:63|SAS:240|DAL:251|NOP:324|OKC:446
77369,HOU:102|DAL:256|SAS:279|NOP:344|OKC:452
77597,HOU:55|SAS:232|DAL:272|NOP:313|OKC:467
77376,HOU:99|DAL:253|SAS:275|NOP:331|OKC:448
77582,HOU:65|SAS:242|DAL:263|NOP:312|OKC:458
77564,HOU:91|DAL:256|SAS:268|NOP:324|OKC:451
77374,HOU:108|DAL:261|SAS:284|NOP:330|OKC:457
77514,HOU:71|SAS:248|DAL:288|NOP:323|OKC:483
77533,HOU:80|SAS:257|DAL:277|NOP:327|OKC:473
77560,HOU:62|SAS:239|DAL:279|NOP:308|OKC:475
77519,HOU:98|DAL:266|SAS:275|NOP:324|OKC:461
77585,HOU:103|DAL:268|SAS:280|NOP:320|OKC:463
77538,HOU:78|SAS:255|DAL:285|NOP:318|OKC:481
77617,HOU:98|SAS:275|DAL:315|NOP:320|OKC:510
77629,HOU:90|SAS:267|DAL:288|NOP:306|OKC:483
77659,HOU:107|SAS:284|DAL:287|NOP:310|OKC:482
77623,HOU:94|SAS:271|DAL:311|NOP:317|OKC:507
77665,HOU:72|SAS:249|DAL:289|NOP:295|OKC:485
77625,HOU:115|DAL:280|SAS:292|NOP:309|OKC:475
77661,HOU:73|SAS:250|DAL:290|NOP:296|OKC:485
77613,HOU:86|SAS:263|DAL:284|NOP:294|OKC:479
77622,HOU:84|SAS:261|NOP:298|DAL:301|OKC:496
77713,HOU:90|SAS:267|NOP:285|DAL:288|OKC:484
77657,HOU:105|NOP:280|SAS:282|DAL:292|OKC:487
77705,HOU:90|SAS:267|NOP:291|DAL:307|OKC:502
77656,HOU:125|DAL:295|NOP:296|SAS:302|OKC:490
77706,HOU:96|SAS:273|NOP:275|DAL:288|OKC:484
77707,HOU:90|SAS:267|NOP:273|DAL:293|OKC:488
77708,HOU:101|NOP:274|SAS:278|DAL:289|OKC:484
77702,HOU:93|NOP:268|SAS:270|DAL:291|OKC:487
77703,HOU:98|NOP:267|SAS:275|DAL:292|OKC:488
77701,HOU:94|NOP:267|SAS:271|DAL:295|OKC:491
77615,HOU:121|NOP:277|DAL:294|SAS:298|OKC:490
77662,HOU:109|NOP:264|SAS:286|DAL:306|OKC:502
77627,HOU:100|SAS:277|NOP:280|DAL:306|OKC:501
77651,HOU:107|NOP:277|SAS:284|DAL:314|OKC:509
77640,HOU:96|SAS:273|NOP:275|DAL:313|OKC:509
77655,HOU:116|SAS:293|NOP:298|DAL:333|OKC:528
77612,HOU:134|NOP:276|DAL:306|SAS:311|OKC:494
77619,HOU:97|NOP:268|SAS:274|DAL:311|OKC:507
77642,HOU:101|NOP:267|SAS:278|DAL:315|OKC:511
77630,HOU:119|NOP:260|SAS:296|DAL:319|OKC:514
77611,HOU:109|NOP:262|SAS:286|DAL:323|OKC:518
77632,HOU:127|NOP:257|SAS:304|DAL:325|OKC:520
77614,HOU:129|NOP:259|SAS:306|DAL:324|OKC:512
70661,HOU:146|NOP:264|SAS:323|DAL:342|OKC:530
70668,HOU:127|NOP:237|SAS:304|DAL:325|OKC:520
70631,
70645,
70665,HOU:144|NOP:237|SAS:321|DAL:342|MEM:536
70663,HOU:152|NOP:232|SAS:329|DAL:350|MEM:531
70633,HOU:177|NOP:255|SAS:354|DAL:369|MEM:536
70605,HOU:159|NOP:226|SAS:336|DAL:357|MEM:525
70669,HOU:150|NOP:216|SAS:327|DAL:347|MEM:515
70629,HOU:151|NOP:209|SAS:328|DAL:348|MEM:509
70601,HOU:152|NOP:211|SAS:329|DAL:349|MEM:510
70609,HOU:154|NOP:214|SAS:331|DAL:351|MEM:513
70611,HOU:164|NOP:218|SAS:341|DAL:361|MEM:517
70607,HOU:173|NOP:233|SAS:350|DAL:370|MEM:532
70615,HOU:156|NOP:204|SAS:333|DAL:353|MEM:503
70630,HOU:181|NOP:228|SAS:358|DAL:378|MEM:527
70647,HOU:163|NOP:196|SAS:340|DAL:361|MEM:495
70646,HOU:184|NOP:207|SAS:361|DAL:381|MEM:506
70650,HOU:171|NOP:194|SAS:348|DAL:368|MEM:493
70640,HOU:173|NOP:204|SAS:350|DAL:370|MEM:487
70632,
70549,HOU:205|NOP:216|SAS:382|DAL:403|MEM:515
70591,HOU:177|NOP:189|SAS:354|DAL:374|MEM:488
70643,HOU:216|NOP:257|SAS:393|DAL:433|MEM:557
76567,SAS:148|HOU:158|DAL:176|OKC:355|NOP:503
76520,DAL:158|HOU:160|SAS:169|OKC:337|NOP:502
76556,HOU:137|SAS:160|DAL:166|OKC:345|NOP:481
77857,HOU:148|DAL:177|SAS:178|OKC:356|NOP:485
77836,HOU:121|SAS:146|DAL:184|OKC:363|NOP:466
77837,HOU:145|DAL:151|SAS:197|OKC:330|NOP:482
77867,HOU:132|SAS:170|DAL:171|OKC:350|NOP:469
77859,HOU:129|DAL:163|SAS:184|OKC:342|NOP:466
77807,HOU:126|SAS:169|DAL:181|OKC:360|NOP:463
77856,DAL:140|HOU:150|SAS:203|OKC:335|NOP:481
77803,HOU:111|SAS:167|DAL:178|OKC:357|NOP:447
77882,HOU:139|DAL:172|SAS:194|OKC:361|NOP:476
77801,HOU:111|SAS:173|DAL:184|OKC:363|NOP:448
77843,HOU:108|SAS:177|DAL:189|OKC:369|NOP:445
77840,HOU:104|SAS:178|DAL:186|OKC:365|NOP:441
77802,HOU:106|SAS:177|DAL:179|OKC:359|NOP:443
77808,HOU:123|DAL:172|SAS:188|OKC:367|NOP:459
77845,HOU:98|SAS:184|DAL:187|OKC:367|NOP:435
77865,DAL:142|HOU:147|SAS:238|OKC:338|NOP:472
77871,HOU:127|DAL:147|SAS:208|OKC:343|NOP:452
77861,HOU:128|DAL:176|SAS:209|OKC:371|NOP:453
77855,HOU:126|DAL:139|SAS:225|OKC:334|NOP:451
77872,HOU:121|DAL:158|SAS:200|OKC:354|NOP:446
77830,HOU:104|DAL:195|SAS:210|OKC:391|NOP:439
77875,HOU:101|DAL:180|SAS:203|OKC:375|NOP:426
75850,HOU:119|DAL:130|SAS:233|OKC:326|NOP:443
77831,HOU:108|DAL:167|SAS:222|OKC:362|NOP:433
77864,HOU:99|DAL:137|SAS:210|OKC:332|NOP:424
77876,HOU:112|DAL:194|SAS:225|OKC:389|NOP:437
75833,DAL:131|HOU:133|SAS:247|OKC:327|NOP:457
77873,HOU:99|DAL:197|SAS:227|OKC:393|NOP:422
75852,HOU:123|DAL:157|SAS:235|OKC:352|NOP:447
77342,HOU:80|DAL:159|SAS:233|OKC:355|NOP:405
77341,HOU:74|DAL:161|SAS:232|OKC:356|NOP:399
77320,HOU:90|DAL:169|SAS:243|OKC:364|NOP:415
77340,HOU:81|DAL:174|SAS:245|OKC:369|NOP:406
75851,HOU:129|DAL:177|SAS:255|OKC:372|NOP:443
75835,HOU:140|DAL:174|SAS:253|OKC:369|NOP:432
75849,HOU:143|DAL:161|SAS:256|OKC:355|NOP:425
77358,HOU:79|DAL:186|SAS:243|OKC:381|NOP:403
77367,HOU:101|DAL:184|SAS:257|OKC:379|NOP:423
77334,HOU:120|DAL:207|SAS:277|OKC:402|NOP:432
75862,HOU:116|DAL:199|SAS:272|OKC:394|NOP:422
77359,HOU:106|DAL:192|SAS:262|OKC:388|NOP:410
75856,HOU:148|DAL:191|SAS:274|OKC:386|NOP:424
77364,HOU:102|DAL:189|SAS:259|OKC:384|NOP:394
77331,HOU:87|DAL:202|SAS:263|NOP:383|OKC:398
75858,HOU:159|DAL:191|SAS:275|OKC:385|NOP:398
75847,HOU:158|DAL:192|SAS:276|OKC:387|NOP:407
77360,HOU:102|DAL:201|SAS:271|NOP:388|OKC:396
75845,HOU:149|DAL:226|SAS:310|OKC:421|NOP:423
75865,HOU:137|DAL:239|SAS:313|NOP:412|OKC:433
75926,HOU:136|DAL:205|SAS:293|NOP:394|OKC:398
77335,HOU:81|DAL:220|SAS:257|NOP:366|OKC:415
77350,HOU:108|DAL:229|SAS:284|NOP:394|OKC:424
75969,HOU:159|DAL:181|SAS:297|OKC:374|NOP:396
75960,HOU:102|DAL:225|SAS:278|NOP:387|OKC:418
75904,HOU:138|DAL:199|SAS:306|NOP:389|OKC:392
77326,HOU:92|DAL:240|SAS:268|NOP:356|OKC:435
77351,HOU:93|DAL:219|SAS:269|NOP:360|OKC:414
75939,HOU:108|DAL:218|SAS:284|NOP:382|OKC:411
75934,HOU:106|DAL:230|SAS:282|NOP:378|OKC:423
75941,HOU:118|DAL:209|SAS:294|NOP:391|OKC:402
75903,HOU:139|DAL:183|SAS:297|NOP:374|OKC:377
75901,HOU:138|DAL:197|SAS:309|NOP:373|OKC:390
75936,HOU:129|DAL:242|SAS:305|NOP:357|OKC:435
75949,HOU:155|DAL:215|SAS:326|NOP:374|OKC:408
75942,HOU:129|DAL:249|SAS:305|NOP:342|OKC:442
77663,HOU:118|DAL:269|SAS:295|NOP:310|OKC:463
77664,HOU:124|DAL:262|SAS:301|NOP:315|OKC:457
75937,HOU:185|DAL:232|SAS:350|NOP:370|OKC:419
75979,HOU:155|DAL:281|SAS:331|NOP:348|OKC:475
75944,HOU:164|DAL:217|SAS:330|NOP:355|OKC:410
75938,HOU:141|DAL:242|SAS:317|NOP:355|OKC:435
75980,HOU:175|DAL:238|SAS:350|NOP:362|OKC:431
77624,HOU:141|DAL:267|SAS:317|NOP:332|OKC:462
77616,HOU:142|DAL:289|NOP:312|SAS:319|OKC:484
75929,HOU:197|DAL:249|SAS:363|NOP:374|OKC:442
77660,HOU:163|DAL:303|NOP:333|SAS:340|OKC:497
75951,HOU:151|DAL:262|NOP:319|SAS:327|OKC:455
75930,HOU:193|DAL:246|NOP:350|SAS:359|OKC:434
75931,HOU:170|DAL:258|NOP:334|SAS:347|OKC:446
75956,HOU:162|DAL:303|NOP:312|SAS:339|OKC:491
75968,HOU:177|DAL:244|NOP:339|SAS:353|OKC:432
75933,HOU:151|NOP:281|DAL:307|SAS:328|OKC:495
75977,HOU:176|DAL:271|NOP:325|SAS:352|OKC:459
75948,HOU:196|DAL:266|NOP:341|SAS:372|OKC:454
75966,HOU:176|DAL:298|NOP:309|SAS:353|OKC:486
75928,HOU:169|NOP:299|DAL:315|SAS:346|OKC:503
75932,HOU:181|DAL:298|NOP:315|SAS:357|MEM:484
70653,HOU:206|NOP:302|DAL:339|SAS:383|MEM:525
70639,HOU:192|NOP:291|DAL:309|SAS:368|MEM:480
71426,HOU:225|DAL:269|NOP:296|SAS:391|MEM:422
70660,HOU:179|NOP:263|DAL:347|SAS:356|MEM:515
71403,HOU:204|NOP:294|DAL:298|SAS:380|MEM:450
71429,HOU:227|DAL:278|NOP:296|SAS:399|MEM:430
71439,HOU:227|DAL:290|NOP:296|SAS:403|MEM:442
71461,HOU:209|NOP:286|DAL:312|SAS:385|MEM:464
70659,HOU:212|NOP:267|DAL:318|SAS:389|MEM:470
70652,HOU:192|NOP:246|DAL:354|SAS:369|MEM:506
70634,HOU:199|NOP:253|DAL:330|SAS:376|MEM:482
71459,HOU:217|NOP:285|DAL:315|SAS:393|MEM:467
71446,HOU:210|NOP:266|DAL:304|SAS:386|MEM:456
70657,HOU:192|NOP:246|DAL:368|SAS:369|MEM:513
71468,HOU:255|DAL:282|NOP:290|SAS:431|MEM:434
71475,HOU:215|NOP:264|DAL:310|SAS:392|MEM:454
70658,HOU:195|NOP:229|DAL:370|SAS:372|MEM:494
71474,HOU:234|NOP:265|DAL:307|SAS:410|MEM:455
70662,HOU:232|NOP:258|DAL:358|SAS:409|MEM:493
71455,HOU:263|NOP:264|DAL:278|MEM:430|SAS:439
70637,HOU:242|NOP:278|DAL:384|SAS:419|MEM:526
70651,HOU:231|NOP:257|DAL:406|SAS:408|MEM:523
70644,HOU:227|NOP:250|DAL:363|SAS:404|MEM:484
71434,NOP:258|HOU:265|DAL:273|MEM:425|SAS:442
70656,HOU:250|NOP:261|DAL:353|SAS:427|MEM:484
71427,NOP:249|HOU:253|DAL:283|SAS:429|MEM:435
70648,HOU:194|NOP:221|DAL:369|SAS:371|MEM:486
71438,NOP:262|HOU:263|DAL:334|SAS:439|MEM:464
70654,HOU:210|NOP:233|DAL:361|SAS:387|MEM:478
71447,NOP:241|HOU:261|DAL:283|MEM:431|SAS:437
75925,DAL:153|HOU:171|SAS:306|OKC:346|NOP:408
75976,HOU:161|DAL:169|SAS:306|OKC:362|NOP:398
75943,DAL:170|HOU:180|SAS:323|OKC:363|NOP:412
75964,HOU:175|DAL:193|SAS:335|OKC:386|NOP:406
75962,HOU:161|DAL:188|SAS:322|OKC:376|NOP:392
75965,HOU:168|DAL:181|SAS:328|OKC:368|NOP:393
75961,HOU:172|DAL:204|SAS:332|NOP:376|OKC:391
75935,HOU:213|DAL:215|NOP:373|SAS:373|OKC:402
75972,HOU:182|DAL:217|NOP:339|SAS:347|OKC:404
75954,DAL:220|HOU:237|NOP:355|SAS:397|MEM:403
75973,HOU:233|DAL:237|NOP:374|SAS:398|OKC:425
75959,HOU:195|DAL:247|NOP:327|SAS:361|OKC:435
71462,HOU:246|DAL:265|NOP:327|SAS:411|MEM:419
71419,HOU:246|DAL:247|NOP:323|MEM:401|SAS:412
71486,HOU:220|DAL:252|NOP:303|SAS:386|MEM:406
71052,DAL:229|HOU:269|NOP:310|MEM:381|OKC:416
71449,HOU:210|DAL:262|NOP:293|SAS:376|MEM:418
71063,DAL:232|HOU:265|NOP:295|MEM:385|OKC:420
71406,HOU:236|DAL:250|NOP:297|MEM:402|SAS:402
71065,DAL:242|HOU:244|NOP:294|MEM:395|SAS:409
71450,DAL:241|HOU:250|NOP:289|MEM:393|SAS:416
71019,DAL:242|HOU:284|NOP:307|MEM:395|OKC:430
71034,DAL:240|HOU:296|NOP:319|MEM:380|OKC:427
71469,HOU:234|DAL:244|NOP:268|MEM:397|SAS:400
71066,DAL:242|HOU:258|NOP:280|MEM:394|SAS:424
71016,DAL:264|HOU:325|NOP:346|MEM:376|OKC:451
71002,DAL:259|HOU:301|NOP:319|MEM:371|OKC:446
71497,DAL:249|HOU:253|NOP:269|MEM:401|SAS:419
71457,DAL:251|HOU:255|NOP:268|MEM:403|SAS:421
71411,DAL:272|HOU:281|NOP:297|MEM:399|SAS:446
71428,DAL:251|NOP:254|HOU:256|MEM:403|SAS:422
71414,DAL:259|HOU:266|NOP:282|MEM:399|SAS:432
71070,DAL:294|HOU:311|NOP:327|MEM:381|SAS:477
71456,NOP:259|DAL:265|HOU:270|MEM:417|SAS:435
71452,NOP:251|DAL:263|HOU:268|MEM:415|SAS:434
71031,DAL:287|HOU:298|NOP:298|MEM:380|SAS:464
71416,NOP:257|DAL:270|HOU:275|MEM:422|SAS:441
71454,NOP:276|DAL:284|HOU:292|MEM:405|SAS:457
42463,IND:248|MEM:286|ATL:412|CHI:418|MIL:510
42404,IND:244|MEM:288|ATL:405|CHI:419|MIL:512
42450,IND:245|MEM:276|ATL:394|CHI:433|MIL:525
42441,IND:248|MEM:279|ATL:386|CHI:444|DET:531
42436,IND:248|MEM:298|ATL:391|CHI:444|DET:531
42410,IND:237|MEM:276|ATL:366|CHI:434|DET:521
42442,IND:251|MEM:279|ATL:367|CHI:447|CLE:524
42431,IND:229|MEM:275|ATL:365|CHI:426|DET:513
42440,IND:235|MEM:270|ATL:360|CHI:432|CLE:515
42413,IND:226|MEM:284|ATL:374|CHI:423|DET:510
42464,IND:250|MEM:282|ATL:367|CHI:447|CLE:520
42344,IND:268|MEM:298|ATL:389|CHI:465|CLE:521
42372,IND:244|MEM:295|ATL:385|CHI:442|CLE:513
42325,IND:251|MEM:291|ATL:380|CHI:448|CLE:507
42345,IND:264|MEM:294|ATL:377|CHI:461|CLE:512
42350,IND:231|MEM:303|ATL:381|CHI:435|CLE:509
42367,IND:253|MEM:292|ATL:375|CHI:456|CLE:503
42374,IND:237|MEM:289|ATL:367|CHI:440|CLE:495
42330,IND:240|MEM:288|ATL:366|CHI:444|CLE:494
42280,IND:292|MEM:304|ATL:355|CHI:495|CHA:532
42332,IND:247|MEM:290|ATL:361|CHI:451|CLE:495
42321,IND:259|MEM:301|ATL:361|CHI:463|CLE:507
42328,IND:245|MEM:316|ATL:393|CHI:448|CLE:506
42323,IND:253|MEM:295|ATL:351|CHI:456|CLE:500
42324,IND:264|MEM:306|ATL:360|CHI:467|CLE:512
42326,IND:262|MEM:304|ATL:368|CHI:465|CLE:510
42369,IND:242|MEM:299|ATL:377|CHI:446|CLE:493
42339,IND:264|MEM:304|ATL:351|CHI:467|CLE:511
42256,IND:268|MEM:290|ATL:337|CHI:471|CHA:514
42337,IND:259|MEM:301|ATL:360|CHI:462|CLE:507
42354,IND:238|MEM:309|ATL:375|CHI:441|CLE:487
42276,IND:282|MEM:282|ATL:328|CHI:489|CHA:504
42320,IND:260|MEM:333|ATL:395|CHI:464|CLE:506
42273,IND:261|MEM:314|ATL:371|CHI:465|CLE:507
42333,IND:249|MEM:322|ATL:374|CHI:452|CLE:495
42206,IND:274|MEM:294|ATL:339|CHI:484|CHA:499
42370,IND:235|MEM:318|ATL:379|CHI:439|CLE:480
42349,IND:249|MEM:336|ATL:388|CHI:457|CLE:487
42261,IND:253|MEM:314|ATL:358|CHI:457|CLE:495
42274,IND:260|MEM:291|ATL:335|CHI:470|CHA:495
42170,IND:263|MEM:282|ATL:326|CHI:474|CHA:486
42134,IND:263|MEM:266|ATL:310|CHA:470|CHI:473
42721,IND:220|MEM:322|ATL:380|CHI:431|CLE:458
42252,IND:250|MEM:330|ATL:374|CHI:460|CLE:487
37148,MEM:263|IND:272|ATL:295|CHA:454|CHI:483
42101,IND:259|MEM:303|ATL:347|CHI:469|CLE:496
42275,IND:257|MEM:332|ATL:376|CHI:467|CLE:494
42104,IND:252|MEM:287|ATL:331|CHI:462|CLE:489
42762,IND:217|MEM:331|ATL:389|CHI:427|CLE:454
42122,IND:253|MEM:286|ATL:330|CHI:464|CHA:481
42103,IND:246|MEM:292|ATL:336|CHI:457|CLE:484
42754,IND:209|MEM:335|ATL:392|CHI:419|CLE:446
42210,IND:242|MEM:314|ATL:358|CHI:452|CLE:479
42285,IND:237|MEM:321|ATL:365|CHI:447|CLE:474
42120,IND:272|MEM:294|ATL:319|CHA:470|CHI:482
42207,IND:232|MEM:323|ATL:367|CHI:442|CLE:470
42159,IND:239|MEM:299|ATL:343|CHI:449|CLE:476
37186,IND:273|MEM:278|ATL:303|CHA:454|CHI:484
42164,IND:253|MEM:292|ATL:317|CHI:464|CHA:468
42171,IND:232|MEM:296|ATL:340|CHI:443|CLE:470
42259,
42726,IND:212|MEM:348|ATL:397|CHI:422|CLE:449
42163,IND:228|MEM:305|ATL:349|CHI:438|CLE:465
42729,IND:228|MEM:350|ATL:394|CHI:438|CLE:465
42160,IND:227|MEM:311|ATL:355|CHI:437|CLE:464
42156,IND:242|MEM:304|ATL:329|CHI:452|CHA:464
42153,IND:271|MEM:308|ATL:332|CHA:452|CHI:481
42123,IND:256|MEM:317|ATL:341|CHA:462|CHI:466
42133,IND:265|MEM:318|ATL:330|CHA:445|CHI:476
42765,IND:213|MEM:330|ATL:374|CHI:423|CLE:450
42784,IND:196|MEM:334|ATL:378|CHI:406|CLE:433
42127,IND:217|MEM:311|ATL:354|CHI:428|CLE:455
42131,IND:251|MEM:328|ATL:334|CHA:450|CHI:461
42141,IND:241|MEM:322|ATL:349|CHI:452|CHA:464
42749,IND:217|MEM:321|ATL:361|CHI:427|CLE:454
42713,IND:201|MEM:331|ATL:375|CHI:411|CLE:438
42140,IND:274|ATL:314|MEM:319|CHA:430|CHI:484
42157,IND:265|ATL:331|MEM:339|CHA:446|CHI:475
42130,IND:243|MEM:322|ATL:328|CHA:444|CHI:453
42757,IND:211|MEM:351|ATL:393|CHI:422|CLE:449
42746,IND:226|MEM:333|ATL:368|CHI:436|CLE:463
42166,IND:255|ATL:328|MEM:335|CHA:444|CHI:465
42154,IND:253|MEM:338|ATL:350|CHI:464|CHA:465
42722,IND:223|MEM:341|ATL:378|CHI:434|CLE:461
42214,IND:235|MEM:337|ATL:351|CHI:445|CHA:466
42716,IND:197|MEM:353|ATL:390|CHI:407|CLE:434
42167,IND:263|ATL:304|MEM:337|CHA:420|CHI:473
42124,IND:255|ATL:321|MEM:335|CHA:436|CHI:466
42782,IND:231|MEM:359|ATL:396|CHI:441|CLE:468
42764,IND:206|MEM:362|ATL:385|CHI:416|CLE:444
42129,IND:254|ATL:335|MEM:336|CHA:451|CHI:465
42743,IND:235|MEM:352|ATL:359|CHI:445|CLE:461
42759,IND:264|ATL:324|MEM:344|CHA:439|CHI:474
42742,IND:256|MEM:350|ATL:357|CHA:456|CHI:466
42715,IND:271|ATL:341|MEM:363|CHA:457|CHI:481
42717,IND:276|ATL:316|MEM:355|CHA:431|CHI:486
42718,IND:221|MEM:372|ATL:378|CHI:431|CLE:446
42728,IND:239|MEM:349|ATL:352|CHA:438|CHI:449
42741,IND:263|ATL:347|MEM:365|CHA:451|CHI:473
42758,IND:232|ATL:378|MEM:380|CHI:442|CLE:448
42733,IND:242|ATL:382|MEM:391|CHI:453|CLE:458
42753,IND:250|ATL:364|MEM:377|CHA:450|CHI:460
42629,IND:271|ATL:329|MEM:374|CHA:436|CLE:476
40009,IND:230|ATL:393|MEM:409|CHI:440|CLE:446
42642,IND:268|ATL:345|MEM:370|CHA:428|CLE:468
42528,IND:258|ATL:353|MEM:377|CHA:438|CLE:453
42539,IND:245|ATL:363|MEM:387|CLE:440|CHA:441
42565,IND:264|ATL:361|MEM:385|CHA:426|CLE:459
40437,IND:230|ATL:378|MEM:402|CLE:426|CHA:437
42544,IND:290|ATL:365|MEM:396|CHA:424|CLE:466
42541,IND:239|ATL:371|MEM:395|CLE:435|CHA:438
42516,IND:269|ATL:378|MEM:403|CHA:437|CLE:464
42566,IND:258|ATL:373|MEM:406|CHA:432|CLE:447
40448,IND:235|ATL:381|MEM:408|CLE:423|CHA:425
40442,IND:246|ATL:373|MEM:401|CLE:431|CHA:432
42553,IND:264|ATL:356|MEM:398|CHA:415|CLE:449
40489,IND:242|ATL:363|MEM:405|CHA:422|CLE:427
42518,IND:301|ATL:356|CHA:415|MEM:423|CLE:466
42567,IND:255|ATL:360|MEM:403|CHA:420|CLE:436
42533,IND:267|ATL:338|MEM:394|CHA:397|CLE:436
42519,IND:285|ATL:326|CHA:385|MEM:407|CLE:451
42503,IND:270|ATL:345|CHA:394|MEM:398|CLE:426
40419,IND:243|ATL:359|CHA:402|CLE:418|MEM:431
42501,IND:287|ATL:359|CHA:402|MEM:414|CLE:450
40409,IND:247|ATL:352|CHA:395|CLE:412|MEM:424
40456,IND:251|ATL:342|CHA:385|CLE:406|MEM:422
40460,IND:260|ATL:351|CHA:394|CLE:415|DET:435
40445,IND:269|ATL:354|CHA:397|CLE:424|DET:444
40729,IND:293|ATL:353|CHA:395|CLE:448|MEM:454
40737,IND:289|ATL:322|CHA:365|CLE:444|MEM:449
40741,IND:271|ATL:325|CHA:368|CLE:426|MEM:430
40744,IND:285|ATL:330|CHA:373|CLE:440|MEM:445
40481,IND:285|ATL:394|CHA:437|CLE:440|DET:459
40447,IND:285|ATL:376|CHA:418|CLE:440|DET:460
40402,IND:286|ATL:342|CHA:385|CLE:441|MEM:446
40434,IND:280|ATL:353|CHA:396|CLE:435|DET:455
40486,IND:293|ATL:352|CHA:395|CLE:448|MEM:456
41386,IND:291|ATL:380|CHA:423|CLE:446|DET:466
40983,IND:310|ATL:387|CHA:418|CLE:465|DET:485
41364,IND:297|ATL:377|CHA:416|CLE:452|DET:472
41314,IND:289|ATL:379|CHA:422|CLE:444|DET:463
62220,IND:261|MEM:290|CHI:323|MIL:400|OKC:508
62243,IND:272|MEM:294|CHI:334|MIL:411|OKC:519
62255,IND:284|MEM:289|CHI:355|MIL:432|OKC:539
62258,IND:255|MEM:300|CHI:327|MIL:404|OKC:524
62257,MEM:273|IND:275|CHI:350|MIL:427|OKC:538
62282,IND:267|MEM:284|CHI:342|MIL:421|OKC:532
62266,IND:251|MEM:297|CHI:327|MIL:410|OKC:530
62214,IND:263|MEM:303|CHI:339|MIL:428|ATL:541
62237,MEM:274|IND:276|CHI:352|MIL:445|ATL:535
62268,IND:264|MEM:284|CHI:340|MIL:432|ATL:537
62271,IND:245|MEM:285|CHI:320|MIL:410|ATL:522
62263,IND:250|MEM:286|CHI:326|MIL:419|ATL:528
62803,IND:239|MEM:283|CHI:314|MIL:407|ATL:521
62888,IND:257|MEM:262|CHI:333|MIL:426|ATL:505
62831,IND:248|MEM:277|CHI:324|MIL:416|ATL:520
62877,IND:243|MEM:283|CHI:319|MIL:411|ATL:520
62876,IND:240|MEM:279|CHI:315|MIL:408|ATL:516
62808,IND:236|MEM:275|CHI:312|MIL:404|ATL:512
62848,IND:226|MEM:270|CHI:301|MIL:394|ATL:508
62883,IND:250|MEM:268|CHI:326|MIL:418|ATL:505
62865,MEM:240|IND:248|CHI:323|MIL:416|ATL:477
62898,IND:227|MEM:268|CHI:303|MIL:396|ATL:505
62825,MEM:242|IND:250|CHI:326|MIL:418|ATL:479
62822,MEM:238|IND:246|CHI:321|MIL:414|ATL:475
62884,IND:241|MEM:245|CHI:317|MIL:410|ATL:482
62891,MEM:243|IND:251|CHI:326|MIL:419|ATL:480
62894,IND:232|MEM:259|CHI:307|MIL:400|ATL:496
62893,IND:219|MEM:273|CHI:294|MIL:387|DET:508
62819,MEM:238|IND:246|CHI:321|MIL:414|ATL:475
62874,MEM:226|IND:247|CHI:323|MIL:416|ATL:463
62830,IND:206|MEM:260|CHI:282|MIL:374|DET:496
62816,IND:235|MEM:256|CHI:311|MIL:404|ATL:493
62812,MEM:230|IND:237|CHI:313|MIL:405|ATL:467
62896,MEM:225|IND:245|CHI:321|MIL:413|ATL:462
62897,IND:230|MEM:233|CHI:306|MIL:398|ATL:470
62864,IND:220|MEM:257|CHI:296|MIL:388|ATL:495
62846,IND:237|MEM:251|CHI:313|MIL:406|ATL:488
62856,MEM:241|IND:247|CHI:323|MIL:415|ATL:478
62889,IND:227|MEM:280|CHI:303|MIL:395|ATL:517
62836,IND:245|MEM:250|CHI:321|MIL:413|ATL:487
62872,IND:231|MEM:266|CHI:306|MIL:399|ATL:503
62810,IND:238|MEM:270|CHI:314|MIL:406|ATL:508
62890,MEM:240|IND:254|CHI:330|MIL:423|ATL:477
62860,MEM:258|IND:262|CHI:338|MIL:430|ATL:495
62814,IND:240|MEM:278|CHI:316|MIL:408|ATL:515
62851,IND:238|MEM:285|CHI:314|MIL:406|ATL:515
62935,MEM:245|IND:260|CHI:342|MIL:434|ATL:478
62828,IND:243|MEM:285|CHI:328|MIL:421|ATL:515
62850,IND:240|MEM:301|CHI:316|MIL:408|ATL:522
62895,IND:224|MEM:275|CHI:319|MIL:411|ATL:496
62977,MEM:255|IND:260|CHI:359|MIL:452|ATL:480
62859,IND:238|MEM:267|CHI:332|MIL:425|ATL:490
62886,IND:233|MEM:286|CHI:323|MIL:416|ATL:505
62946,MEM:250|IND:263|CHI:368|MIL:461|ATL:467
62965,MEM:242|IND:250|CHI:360|MIL:452|ATL:465
62829,IND:249|MEM:269|CHI:343|MIL:436|ATL:486
62817,IND:247|MEM:262|CHI:346|MIL:439|ATL:479
62930,IND:244|MEM:257|CHI:364|MIL:457|ATL:472
62842,IND:225|CHI:304|MEM:306|MIL:396|ATL:505
62887,IND:219|MEM:290|CHI:336|MIL:428|ATL:490
62934,MEM:263|IND:264|CHI:381|ATL:465|MIL:474
62837,IND:216|MEM:288|CHI:316|MIL:409|ATL:488
62809,IND:213|MEM:285|CHI:329|MIL:422|ATL:485
62835,IND:228|MEM:283|CHI:346|MIL:438|ATL:491
62862,IND:213|MEM:292|CHI:336|MIL:428|ATL:485
62869,IND:236|MEM:273|CHI:369|MIL:462|ATL:473
62954,IND:253|MEM:261|CHI:379|ATL:455|MIL:471
62871,IND:230|MEM:268|CHI:370|MIL:463|ATL:467
62820,IND:199|MEM:285|CHI:329|MIL:421|ATL:471
62979,IND:245|MEM:268|CHI:383|ATL:461|MIL:476
62446,IND:225|CHI:322|MEM:323|MIL:415|ATL:510
62843,IND:218|MEM:304|CHI:329|MIL:421|ATL:490
62833,IND:223|MEM:315|CHI:336|MIL:428|ATL:495
62984,IND:254|MEM:277|CHI:395|ATL:457|MIL:487
62919,IND:290|MEM:294|CHI:416|ATL:490|MIL:508
62821,IND:213|MEM:291|CHI:362|MIL:455|ATL:475
62867,IND:225|MEM:285|CHI:388|ATL:462|MIL:480
62806,IND:211|MEM:317|CHI:323|MIL:416|ATL:483
62844,IND:200|MEM:309|CHI:343|MIL:436|ATL:472
62827,IND:198|MEM:303|CHI:347|MIL:439|ATL:470
62861,IND:228|MEM:299|CHI:376|MIL:469|ATL:472
42459,IND:239|MEM:282|CHI:400|ATL:419|MIL:493
62818,IND:200|MEM:323|CHI:326|MIL:418|ATL:484
62815,IND:220|CHI:327|MEM:335|MIL:420|ATL:498
42437,IND:231|MEM:288|CHI:406|ATL:433|MIL:499
47616,IND:193|MEM:313|CHI:353|MIL:446|ATL:464
47620,IND:200|MEM:287|CHI:373|ATL:437|MIL:465
62811,IND:198|MEM:323|CHI:333|MIL:426|ATL:481
47631,IND:198|MEM:311|CHI:359|MIL:452|ATL:454
42461,IND:236|MEM:292|CHI:410|ATL:439|MIL:503
62852,IND:193|MEM:316|CHI:341|MIL:434|ATL:476
62863,IND:192|MEM:330|CHI:337|MIL:430|ATL:475
42462,IND:218|MEM:291|CHI:409|ATL:420|DET:502
47633,IND:177|MEM:312|CHI:352|ATL:444|MIL:445
47638,IND:194|MEM:319|CHI:369|ATL:440|MIL:462
47665,IND:192|MEM:335|CHI:368|MIL:468|ATL:470
47612,IND:176|MEM:321|CHI:361|ATL:447|MIL:453
42409,IND:230|MEM:294|ATL:400|CHI:426|DET:513
42406,IND:217|MEM:303|CHI:413|ATL:415|DET:500
47712,IND:191|MEM:308|CHI:385|ATL:428|DET:474
42444,IND:217|MEM:304|ATL:397|CHI:414|DET:501
47720,IND:182|MEM:317|CHI:369|ATL:431|MIL:462
47524,IND:169|CHI:336|MEM:362|MIL:436|DET:453
47666,IND:167|CHI:334|MEM:347|MIL:434|DET:451
47670,IND:165|CHI:341|MEM:342|MIL:441|DET:448
47710,IND:178|MEM:315|CHI:368|ATL:422|DET:461
47708,IND:179|MEM:309|CHI:374|ATL:415|DET:463
47639,IND:165|MEM:327|CHI:352|ATL:438|DET:449
47713,IND:182|MEM:315|CHI:376|ATL:414|DET:466
47648,IND:160|MEM:331|CHI:346|ATL:442|DET:444
42452,IND:207|MEM:302|ATL:392|CHI:404|DET:491
47711,IND:174|MEM:316|CHI:365|ATL:421|DET:457
42455,IND:222|MEM:303|ATL:393|CHI:418|DET:506
47725,IND:169|MEM:327|CHI:361|ATL:432|DET:453
47714,IND:177|MEM:315|CHI:374|ATL:414|DET:461
42420,IND:203|MEM:318|CHI:399|ATL:408|DET:486
42456,IND:223|MEM:290|ATL:381|CHI:419|DET:507
47640,IND:156|CHI:338|MEM:361|MIL:438|DET:440
47715,IND:173|MEM:316|CHI:374|ATL:422|DET:457
47649,IND:154|MEM:347|CHI:354|DET:438|MIL:454
42458,IND:202|MEM:322|CHI:398|ATL:412|DET:485
47613,IND:165|MEM:339|CHI:367|ATL:443|DET:449
47654,IND:154|MEM:337|CHI:357|DET:438|ATL:445
42451,IND:205|MEM:326|CHI:402|ATL:416|DET:489
47610,IND:185|MEM:336|CHI:386|ATL:441|DET:468
42322,IND:218|MEM:303|ATL:393|CHI:414|DET:501
47683,IND:153|MEM:341|CHI:356|DET:437|ATL:448
47630,IND:181|MEM:328|CHI:382|ATL:426|DET:464
47660,IND:161|MEM:352|CHI:364|DET:445|ATL:459
42356,IND:224|MEM:314|ATL:404|CHI:422|DET:507
47619,IND:164|MEM:334|CHI:364|ATL:443|DET:448
47567,IND:150|CHI:354|MEM:367|DET:434|MIL:452
42327,IND:227|MEM:309|ATL:399|CHI:424|DET:511
42371,IND:232|MEM:299|ATL:390|CHI:428|DET:515
47584,IND:160|MEM:346|CHI:364|DET:444|ATL:455
47601,IND:188|MEM:341|CHI:387|ATL:439|DET:471
42301,IND:220|MEM:335|ATL:411|CHI:423|CLE:504
47598,IND:146|CHI:349|MEM:360|DET:429|MIL:448
47634,IND:197|MEM:347|CHI:400|ATL:420|CLE:481
47585,IND:172|MEM:374|CHI:376|DET:456|ATL:464
47637,IND:180|MEM:355|CHI:383|ATL:447|CLE:462
47635,IND:187|MEM:344|CHI:391|ATL:409|CLE:471
47590,IND:163|CHI:366|MEM:379|DET:447|MIL:465
47564,IND:142|CHI:346|MEM:376|DET:426|MIL:444
42376,IND:220|MEM:321|ATL:399|CHI:424|DET:504
42352,IND:224|MEM:308|ATL:386|CHI:428|CLE:501
47537,IND:177|MEM:371|CHI:381|ATL:446|CLE:461
47611,IND:176|MEM:364|CHI:379|ATL:425|DET:459
42303,IND:198|MEM:334|ATL:396|CHI:402|CLE:482
47541,IND:165|MEM:362|CHI:368|DET:449|ATL:452
47523,IND:162|MEM:354|CHI:366|ATL:440|CLE:445
47552,IND:162|MEM:361|CHI:366|ATL:430|CLE:446
42355,IND:187|MEM:346|CHI:391|ATL:407|CLE:471
47542,IND:146|CHI:349|MEM:362|DET:430|ATL:444
47615,IND:183|MEM:365|CHI:386|ATL:428|CLE:467
42366,IND:212|MEM:346|ATL:408|CHI:416|CLE:484
47546,IND:136|CHI:340|MEM:372|DET:420|MIL:438
47550,IND:175|MEM:372|CHI:378|ATL:434|CLE:453
47579,IND:172|MEM:371|CHI:375|ATL:440|CLE:451
42347,IND:233|MEM:326|ATL:382|CHI:436|CLE:496
42378,IND:224|MEM:346|ATL:404|CHI:428|CLE:493
42351,IND:210|MEM:371|CHI:414|ATL:432|CLE:477
47532,IND:159|MEM:361|CHI:362|CLE:434|DET:443
47531,IND:185|MEM:383|CHI:389|ATL:444|CLE:461
47577,IND:174|MEM:372|CHI:377|CLE:439|ATL:451
47588,IND:192|MEM:381|CHI:395|ATL:445|CLE:455
47575,IND:161|CHI:364|MEM:380|DET:444|CLE:454
42338,IND:240|MEM:330|ATL:386|CHI:444|CLE:494
47527,IND:147|CHI:351|MEM:394|DET:431|MIL:449
42348,IND:211|MEM:368|CHI:419|ATL:424|CLE:463
47580,IND:162|CHI:365|MEM:389|DET:446|CLE:448
42368,IND:225|MEM:348|ATL:404|CHI:430|CLE:477
47521,IND:155|CHI:359|MEM:396|DET:439|CLE:452
47513,IND:167|CHI:370|MEM:385|CLE:440|DET:450
42361,IND:243|MEM:337|ATL:395|CHI:453|CLE:486
47515,IND:185|MEM:383|CHI:389|CLE:438|DET:457
42343,IND:224|MEM:343|ATL:400|CHI:435|CLE:476
47586,IND:196|MEM:392|CHI:406|CLE:448|ATL:452
47520,IND:202|MEM:380|CHI:412|ATL:440|CLE:454
47432,IND:151|CHI:355|MEM:412|DET:435|CLE:449
40111,IND:220|MEM:372|ATL:428|CHI:430|CLE:472
47116,IND:164|CHI:367|MEM:386|CLE:429|DET:448
47576,IND:171|MEM:380|CHI:381|CLE:423|DET:442
47514,IND:174|CHI:384|MEM:384|CLE:426|DET:446
47551,IND:182|MEM:391|CHI:392|CLE:434|DET:453
47574,IND:210|MEM:403|CHI:420|CLE:462|ATL:463
47525,IND:189|MEM:397|CHI:399|CLE:441|ATL:458
47175,IND:172|CHI:375|MEM:402|CLE:444|DET:455
40119,IND:219|MEM:345|ATL:403|CHI:429|CLE:471
40143,IND:197|MEM:361|CHI:407|ATL:419|CLE:449
40170,IND:202|MEM:394|CHI:412|ATL:452|CLE:454
47118,IND:158|CHI:362|MEM:391|CLE:421|DET:440
47174,IND:160|CHI:370|MEM:384|CLE:412|DET:432
47123,IND:158|CHI:362|MEM:388|CLE:418|DET:437
40152,IND:213|MEM:360|ATL:418|CHI:423|CLE:465
40171,IND:190|MEM:391|CHI:401|CLE:442|ATL:450
47137,IND:184|CHI:394|MEM:408|CLE:436|DET:455
40178,IND:196|MEM:354|CHI:406|ATL:412|CLE:448
40161,IND:185|CHI:395|MEM:396|CLE:437|ATL:454
40144,IND:188|MEM:362|CHI:398|ATL:420|CLE:440
40157,IND:183|CHI:393|MEM:403|CLE:435|ATL:452
47140,IND:159|CHI:362|MEM:408|CLE:421|DET:441
40176,IND:183|MEM:382|CHI:393|CLE:435|ATL:439
40104,IND:181|CHI:391|MEM:408|CLE:433|ATL:452
40145,IND:217|MEM:376|CHI:427|ATL:433|CLE:469
40146,IND:182|MEM:375|CHI:393|ATL:433|CLE:434
47145,IND:173|CHI:376|MEM:410|CLE:428|DET:448
47125,IND:143|CHI:346|CLE:410|MEM:422|DET:426
40140,IND:200|MEM:376|CHI:410|ATL:434|CLE:452
40115,IND:211|MEM:385|CHI:421|ATL:442|CLE:463
47115,IND:153|CHI:362|CLE:405|MEM:412|DET:424
47110,IND:156|CHI:366|MEM:399|CLE:408|DET:428
40142,IND:178|MEM:381|CHI:388|ATL:425|CLE:425
47142,IND:159|CHI:369|MEM:395|CLE:411|DET:431
47120,IND:149|CHI:353|CLE:405|DET:425|MEM:426
40108,IND:165|CHI:375|MEM:387|CLE:417|ATL:431
47166,IND:152|CHI:362|CLE:404|MEM:413|DET:424
42712,IND:209|MEM:354|ATL:408|CHI:419|CLE:446
47112,IND:145|CHI:355|CLE:397|MEM:401|DET:417
40117,IND:171|MEM:376|CHI:381|ATL:420|CLE:420
47161,IND:147|CHI:357|CLE:399|MEM:413|DET:419
42732,IND:198|MEM:357|ATL:404|CHI:408|CLE:435
47164,IND:148|CHI:359|CLE:400|DET:420|MEM:427
40175,IND:184|MEM:378|CHI:395|ATL:422|CLE:430
47135,IND:165|CHI:376|MEM:403|CLE:417|DET:437
47114,IND:143|CHI:354|CLE:395|MEM:407|DET:415
42724,IND:197|MEM:363|ATL:407|CHI:408|CLE:435
47160,IND:148|CHI:358|CLE:400|MEM:411|DET:420
40162,IND:189|MEM:366|CHI:400|ATL:410|CLE:432
42788,IND:196|MEM:354|ATL:398|CHI:406|CLE:433
47124,IND:138|CHI:348|CLE:390|DET:409|MEM:424
40155,IND:172|MEM:374|CHI:382|CLE:407|ATL:418
47122,IND:136|CHI:346|CLE:388|DET:408|MEM:417
47117,IND:151|CHI:361|CLE:403|MEM:414|DET:423
47136,IND:138|CHI:348|CLE:390|DET:410|MEM:413
40121,IND:183|MEM:379|CHI:394|CLE:419|ATL:423
42740,IND:199|MEM:354|ATL:398|CHI:409|CLE:436
40160,IND:181|MEM:362|CHI:391|ATL:406|CLE:418
42776,IND:193|MEM:340|ATL:384|CHI:403|CLE:430
40177,IND:167|CHI:378|MEM:382|CLE:403|DET:423
47106,IND:126|CHI:336|CLE:391|DET:406|MEM:428
47119,IND:142|CHI:352|CLE:394|DET:413|MEM:431
40258,IND:150|CHI:360|CLE:394|MEM:396|DET:414
40272,IND:159|CHI:370|MEM:393|CLE:395|DET:415
47150,IND:128|CHI:339|CLE:380|DET:400|MEM:411
42701,IND:174|MEM:348|CHI:384|ATL:392|CLE:411
40216,IND:142|CHI:352|CLE:390|MEM:401|DET:410
40211,IND:133|CHI:344|CLE:381|DET:401|MEM:403
40212,IND:128|CHI:338|CLE:376|DET:396|MEM:403
40210,IND:129|CHI:339|CLE:376|DET:396|MEM:398
40215,IND:137|CHI:348|CLE:382|MEM:390|DET:401
40214,IND:143|CHI:353|MEM:386|CLE:387|DET:407
47143,IND:108|CHI:319|CLE:383|DET:389|MIL:417
47172,IND:117|CHI:327|CLE:377|DET:397|MEM:414
47129,IND:118|CHI:328|CLE:372|DET:392|MEM:406
40208,IND:130|CHI:340|CLE:378|MEM:392|DET:398
40203,IND:123|CHI:334|CLE:371|DET:391|MEM:396
40118,IND:153|CHI:363|MEM:383|CLE:389|DET:408
40221,IND:138|CHI:348|CLE:378|MEM:386|DET:398
40202,IND:123|CHI:333|CLE:371|DET:391|MEM:396
40109,IND:151|CHI:361|MEM:378|CLE:388|DET:408
40217,IND:130|CHI:340|CLE:377|MEM:390|DET:397
40209,IND:138|CHI:349|CLE:379|MEM:387|DET:399
40204,IND:128|CHI:338|CLE:373|DET:393|MEM:395
40213,IND:137|CHI:348|CLE:377|MEM:383|DET:397
40206,IND:126|CHI:337|CLE:369|DET:388|MEM:402
47130,IND:120|CHI:330|CLE:367|DET:387|MEM:412
40165,IND:152|CHI:363|MEM:371|CLE:390|DET:409
40231,IND:136|CHI:346|CLE:374|MEM:388|DET:393
42748,IND:193|MEM:356|ATL:400|CHI:403|CLE:430
40219,IND:143|CHI:353|MEM:381|CLE:383|DET:403
40280,IND:127|CHI:337|CLE:370|DET:390|MEM:400
40205,IND:131|CHI:341|CLE:372|DET:391|MEM:392
40150,IND:175|MEM:381|CHI:386|CLE:413|ATL:425
40041,IND:134|CHI:344|CLE:367|DET:387|MEM:400
40229,IND:149|CHI:360|CLE:382|MEM:383|DET:402
40218,IND:138|CHI:349|CLE:374|MEM:391|DET:394
40207,IND:136|CHI:346|CLE:367|DET:387|MEM:402
40025,IND:132|CHI:343|CLE:366|DET:386|MEM:410
40110,IND:164|MEM:373|CHI:374|CLE:401|ATL:417
40228,IND:150|CHI:361|CLE:382|MEM:388|DET:402
47111,IND:123|CHI:333|CLE:381|DET:401|MEM:427
40220,IND:139|CHI:349|CLE:371|DET:391|MEM:398
40222,IND:134|CHI:344|CLE:363|DET:383|MEM:400
40107,IND:188|MEM:372|CHI:399|ATL:416|CLE:426
40242,IND:135|CHI:345|CLE:365|DET:385|MEM:405
40059,IND:138|CHI:348|CLE:360|DET:380|MEM:415
40291,IND:148|CHI:358|CLE:378|MEM:392|DET:398
40051,IND:188|MEM:369|CHI:398|ATL:413|CLE:425
40241,IND:127|CHI:337|CLE:357|DET:377|MEM:403
40047,IND:157|CHI:368|MEM:384|CLE:388|DET:408
40223,IND:135|CHI:346|CLE:366|DET:386|MEM:403
40243,IND:139|CHI:349|CLE:369|DET:389|MEM:400
40299,IND:153|CHI:363|CLE:384|MEM:402|DET:404
40026,IND:144|CHI:355|CLE:361|DET:381|MEM:424
40052,IND:215|MEM:392|ATL:421|CHI:425|CLE:449
40056,IND:133|CHI:344|CLE:356|DET:376|MEM:404
40013,IND:164|CHI:374|MEM:383|CLE:394|DET:414
40004,IND:178|MEM:373|CHI:388|CLE:408|ATL:417
40060,IND:213|MEM:385|ATL:408|CHI:423|CLE:444
40010,IND:139|CHI:349|CLE:354|DET:373|MEM:419
40245,IND:144|CHI:354|CLE:370|DET:390|MEM:411
40077,IND:161|CLE:366|CHI:371|DET:386|MEM:441
40062,IND:200|MEM:389|ATL:406|CHI:411|CLE:431
40014,IND:140|CHI:350|CLE:354|DET:373|MEM:414
40023,IND:149|CHI:359|CLE:379|DET:399|MEM:404
40037,IND:199|MEM:389|ATL:409|CHI:409|CLE:429
40031,IND:142|CLE:348|CHI:352|DET:368|MEM:422
40049,IND:199|MEM:389|ATL:409|CHI:409|CLE:429
40020,IND:170|CHI:381|MEM:389|CLE:401|DET:421
40071,IND:162|CHI:372|CLE:392|MEM:405|DET:412
40067,IND:146|CHI:357|CLE:372|DET:391|MEM:408
40063,IND:213|MEM:393|ATL:399|CHI:424|CLE:431
40022,IND:155|CHI:365|CLE:382|DET:402|MEM:411
40055,IND:150|CLE:344|CHI:360|DET:364|MEM:430
40068,IND:151|CLE:345|CHI:361|DET:365|MEM:431
40008,IND:171|CHI:382|MEM:389|CLE:402|DET:422
40061,IND:192|MEM:386|CHI:403|ATL:407|CLE:413
40070,IND:157|CLE:341|DET:361|CHI:368|MEM:437
40033,IND:210|MEM:391|ATL:397|CHI:420|CLE:425
40065,IND:153|CHI:363|CLE:369|DET:389|MEM:414
40069,IND:197|MEM:390|CHI:407|ATL:409|CLE:414
40050,IND:158|CLE:343|DET:363|CHI:368|MEM:438
40019,IND:161|CLE:353|CHI:371|DET:373|MEM:432
40058,IND:155|CLE:344|DET:364|CHI:365|MEM:434
40046,IND:175|CHI:385|CLE:401|MEM:411|DET:420
40012,IND:178|CHI:388|MEM:393|CLE:400|DET:420
40078,IND:188|MEM:395|CHI:398|CLE:402|DET:422
40076,IND:163|CHI:373|CLE:376|DET:395|MEM:422
40040,IND:204|MEM:411|CHI:414|CLE:418|ATL:423
40057,IND:173|CLE:358|DET:378|CHI:383|MEM:446
40003,IND:176|CLE:374|CHI:386|DET:393|MEM:437
40328,IND:231|ATL:411|MEM:416|CLE:430|CHI:441
40007,IND:178|CLE:342|DET:362|CHI:388|ATL:451
40468,IND:210|ATL:394|MEM:403|CLE:412|CHI:420
40342,IND:183|CLE:379|CHI:394|DET:399|MEM:411
40036,IND:189|CLE:347|DET:367|CHI:399|ATL:452
40464,IND:234|ATL:408|MEM:427|CLE:432|CHI:444
40372,IND:188|CLE:384|CHI:398|DET:404|ATL:409
40330,IND:209|CLE:405|ATL:407|CHI:419|DET:425
40601,IND:180|CLE:353|DET:373|CHI:390|ATL:422
40440,IND:227|ATL:396|MEM:422|CLE:423|CHI:437
40359,IND:189|CLE:339|DET:359|CHI:396|ATL:450
40422,IND:209|ATL:383|CLE:405|MEM:414|CHI:419
40310,IND:203|ATL:397|CLE:399|CHI:413|DET:419
40383,IND:198|CLE:379|DET:399|CHI:408|ATL:424
40347,IND:184|CLE:361|DET:381|CHI:394|ATL:415
40379,IND:199|CLE:351|DET:371|CHI:408|ATL:422
40390,IND:211|CLE:382|DET:402|ATL:408|CHI:421
40484,IND:225|ATL:371|CLE:412|CHA:414|MEM:415
40339,IND:197|CLE:372|DET:391|CHI:407|ATL:409
41010,IND:173|CLE:323|DET:343|CHI:380|ATL:426
40513,IND:196|CLE:368|DET:388|CHI:406|ATL:411
40510,IND:193|CLE:356|DET:376|ATL:403|CHI:404
40444,IND:236|ATL:387|CLE:409|DET:429|CHA:430
40356,IND:208|CLE:377|DET:397|ATL:405|CHI:419
40514,IND:201|CLE:364|DET:384|ATL:399|CHI:412
40324,IND:184|CLE:334|DET:354|CHI:391|ATL:403
40504,IND:197|CLE:356|DET:376|ATL:402|CHI:408
40503,IND:203|CLE:361|DET:381|ATL:397|CHI:413
40370,IND:179|CLE:329|DET:349|CHI:386|ATL:417
40508,
40536,IND:202|CLE:357|DET:377|ATL:397|CHI:412
40526,IND:204|CLE:359|DET:378|ATL:397|CHI:414
40507,IND:197|CLE:352|DET:372|ATL:394|CHI:407
40517,IND:207|CLE:363|DET:383|ATL:392|CHI:417
40502,IND:204|CLE:359|DET:379|ATL:391|CHI:414
40511,IND:205|CLE:355|DET:375|ATL:405|CHI:412
40505,IND:197|CLE:352|DET:372|ATL:392|CHI:407
40515,IND:213|CLE:368|ATL:385|DET:387|CHI:423
40461,IND:249|ATL:381|CLE:404|CHA:424|DET:424
40509,IND:209|CLE:364|DET:384|ATL:392|CHI:419
40516,IND:206|CLE:360|DET:379|ATL:399|CHI:416
40475,IND:220|ATL:371|CLE:375|DET:395|CHA:414
41031,IND:205|CLE:355|DET:375|CHI:412|ATL:436
40404,IND:233|ATL:357|CLE:388|CHA:400|DET:407
40403,IND:236|ATL:360|CLE:391|CHA:403|DET:410
40361,IND:217|CLE:367|DET:387|ATL:416|CHI:424
40348,IND:220|CLE:358|DET:390|ATL:419|CHI:427
40391,IND:221|CLE:376|DET:396|ATL:398|CHI:431
40385,IND:237|ATL:384|CLE:392|DET:412|CHA:427
40357,IND:226|CLE:376|DET:395|ATL:411|CHA:429
40311,IND:241|CLE:365|DET:408|ATL:440|CHI:447
40336,IND:249|ATL:393|CLE:404|DET:424|CHA:435
40353,IND:226|CLE:376|DET:401|ATL:407|CHA:414
40312,IND:235|CLE:390|DET:410|ATL:416|CHA:427
40374,IND:242|CLE:365|DET:414|ATL:423|CHA:423
40350,IND:250|CLE:365|DET:408|ATL:438|CHA:441
41039,IND:233|CLE:343|DET:387|CHA:427|CHI:440
40472,IND:252|CLE:407|ATL:408|DET:426|CHA:435
40337,IND:244|CLE:395|DET:418|ATL:421|CHA:428
40380,IND:257|CLE:412|ATL:421|CHA:429|DET:431
40360,IND:241|CLE:366|CHA:407|DET:415|ATL:423
40334,IND:251|CLE:381|CHA:420|DET:426|ATL:433
40346,IND:258|CLE:394|CHA:432|DET:433|ATL:440
41311,IND:270|ATL:376|CHA:419|CLE:425|DET:444
41041,IND:231|CLE:334|DET:383|CHA:414|CHI:438
40376,IND:245|ATL:398|CLE:400|CHA:406|DET:420
40358,IND:250|CLE:376|CHA:415|DET:425|ATL:431
41397,IND:264|ATL:391|CHA:417|CLE:419|DET:439
41049,IND:253|CLE:356|DET:405|CHA:418|ATL:442
40322,IND:266|CLE:392|CHA:427|ATL:434|DET:441
41365,IND:261|ATL:396|CHA:407|CLE:416|DET:436
41360,IND:262|ATL:406|CHA:408|CLE:417|DET:437
40371,IND:269|CLE:385|CHA:423|DET:444|ATL:450
41093,IND:269|CLE:366|DET:421|CHA:425|ATL:470
40316,IND:274|CLE:397|CHA:416|ATL:431|DET:449
41301,IND:272|CHA:407|ATL:418|CLE:419|DET:446
40387,IND:277|CLE:388|CHA:415|ATL:433|DET:449
40351,IND:263|CLE:359|CHA:397|DET:421|ATL:444
41425,IND:283|CLE:392|CHA:407|ATL:433|DET:453
40313,IND:263|CLE:359|CHA:398|DET:421|ATL:444
41332,IND:274|CHA:388|CLE:396|ATL:420|DET:449
41352,IND:275|CLE:388|CHA:389|ATL:421|DET:449
41385,IND:294|CHA:410|CLE:425|ATL:434|DET:469
41408,IND:282|CHA:390|CLE:399|ATL:428|DET:457
41135,IND:289|CLE:350|CHA:388|DET:425|WAS:469
41472,IND:291|CLE:386|CHA:398|ATL:437|DET:450
41421,IND:305|CLE:376|CHA:411|DET:451|ATL:452
41171,IND:294|CLE:359|CHA:398|DET:435|ATL:451
41164,IND:288|CLE:345|CHA:383|DET:420|WAS:463
41149,IND:305|CLE:358|CHA:397|DET:433|ATL:465
41142,IND:285|CLE:335|CHA:374|DET:410|WAS:454
41143,IND:293|CLE:324|CHA:362|DET:399|WAS:442
41159,IND:325|CLE:376|CHA:395|DET:451|ATL:471
41226,IND:324|CLE:373|CHA:387|DET:448|ATL:470
41219,IND:317|CHA:374|CLE:377|DET:452|ATL:463
41146,IND:298|CLE:329|CHA:368|DET:404|WAS:448
41180,IND:318|CLE:349|CHA:387|DET:424|WAS:467
41181,IND:307|CLE:337|CHA:376|DET:412|WAS:456
41124,IND:326|CLE:359|CHA:385|DET:435|WAS:469
41121,IND:292|CLE:305|CHA:358|DET:380|WAS:438
41132,IND:304|CLE:335|CHA:369|DET:410|WAS:449
41201,IND:333|CLE:346|CHA:375|DET:421|WAS:456
41168,IND:318|CLE:332|CHA:361|DET:407|WAS:441
41102,IND:300|CLE:313|CHA:359|DET:388|WAS:439
41129,IND:313|CLE:326|CHA:356|DET:401|WAS:436
41101,IND:287|CLE:300|CHA:349|DET:375|WAS:429
25530,IND:302|CLE:315|CHA:341|DET:390|WAS:421
25555,IND:326|CLE:339|CHA:365|DET:414|WAS:446
25507,IND:296|CLE:310|CHA:336|DET:385|WAS:416
45680,IND:297|CLE:310|CHA:347|DET:385|WAS:427
25704,IND:313|CLE:315|CHA:340|DET:401|WAS:420
25535,CLE:313|IND:314|CHA:339|DET:402|WAS:419
63379,IND:313|MEM:332|CHI:370|MIL:447|OKC:510
63362,IND:306|MEM:324|CHI:369|MIL:446|OKC:506
63369,IND:294|MEM:318|CHI:357|MIL:434|OKC:513
63389,IND:298|MEM:322|CHI:362|MIL:438|OKC:518
63347,IND:309|MEM:333|CHI:362|MIL:439|OKC:528
63366,IND:283|MEM:307|CHI:346|MIL:423|OKC:503
62006,IND:321|CHI:344|MEM:348|MIL:421|OKC:544
62047,IND:307|CHI:330|MEM:359|MIL:407|OKC:555
63376,IND:276|MEM:300|CHI:339|MIL:416|OKC:495
62036,IND:301|MEM:331|CHI:356|MIL:433|OKC:527
62013,IND:303|MEM:333|CHI:356|MIL:432|OKC:529
63303,IND:274|MEM:291|CHI:337|MIL:414|OKC:487
62031,IND:288|CHI:318|MEM:346|MIL:395|OKC:549
63146,IND:271|MEM:288|CHI:334|MIL:411|OKC:484
62037,IND:291|CHI:334|MEM:343|MIL:411|OKC:539
63045,IND:267|MEM:291|CHI:330|MIL:407|OKC:487
63301,IND:278|MEM:307|CHI:341|MIL:418|OKC:503
63141,IND:270|MEM:279|CHI:333|MIL:410|OKC:475
63043,IND:270|MEM:288|CHI:333|MIL:410|OKC:484
63044,IND:264|MEM:290|CHI:327|MIL:404|OKC:486
63074,IND:265|MEM:293|CHI:328|MIL:405|OKC:489
63373,IND:282|MEM:321|CHI:341|MIL:417|OKC:517
63042,IND:256|MEM:293|CHI:319|MIL:396|OKC:489
63132,IND:267|MEM:291|CHI:331|MIL:407|OKC:486
63124,IND:270|MEM:287|CHI:333|MIL:409|OKC:483
63114,IND:264|MEM:293|CHI:327|MIL:404|OKC:488
62028,IND:272|CHI:326|MEM:328|MIL:403|OKC:530
63031,IND:264|MEM:299|CHI:327|MIL:404|OKC:494
62054,IND:286|CHI:303|MEM:344|MIL:380|OKC:548
63119,IND:267|MEM:277|CHI:329|MIL:406|OKC:472
63144,IND:265|MEM:280|CHI:327|MIL:404|OKC:475
63134,IND:257|MEM:293|CHI:321|MIL:398|OKC:489
63117,IND:264|MEM:285|CHI:326|MIL:403|OKC:480
63105,IND:265|MEM:287|CHI:327|MIL:404|OKC:483
62022,IND:274|CHI:316|MEM:330|MIL:393|OKC:532
63130,IND:267|MEM:292|CHI:330|MIL:407|OKC:487
63140,IND:260|MEM:296|CHI:323|MIL:400|OKC:492
63143,IND:264|MEM:281|CHI:326|MIL:403|OKC:476
62052,IND:270|CHI:302|MEM:329|MIL:379|OKC:533
63133,IND:266|MEM:293|CHI:328|MIL:405|OKC:489
63121,IND:262|MEM:297|CHI:326|MIL:403|OKC:492
63135,IND:257|MEM:299|CHI:320|MIL:397|OKC:494
63109,IND:264|MEM:275|CHI:326|MIL:403|OKC:478
63139,IND:261|MEM:279|CHI:323|MIL:400|OKC:476
63034,IND:264|MEM:309|CHI:327|MIL:404|OKC:505
63112,IND:263|MEM:291|CHI:325|MIL:402|OKC:486
63033,IND:257|MEM:305|CHI:320|MIL:397|OKC:501
63110,IND:258|MEM:282|CHI:320|MIL:397|OKC:477
63116,IND:261|MEM:274|CHI:323|MIL:400|OKC:483
63120,IND:261|MEM:293|CHI:324|MIL:401|OKC:494
63136,IND:255|MEM:301|CHI:318|MIL:395|OKC:500
63108,IND:258|MEM:287|CHI:320|MIL:397|OKC:483
63111,IND:258|MEM:271|CHI:320|MIL:397|OKC:481
63113,IND:256|MEM:287|CHI:318|MIL:395|OKC:484
62035,IND:271|CHI:323|MEM:328|MIL:400|OKC:529
63115,IND:257|MEM:289|CHI:319|MIL:396|OKC:489
63118,IND:255|MEM:275|CHI:317|MIL:394|OKC:483
62081,IND:300|CHI:303|MEM:358|MIL:380|DET:558
63386,IND:258|MEM:310|CHI:317|MIL:393|OKC:506
63103,IND:253|MEM:280|CHI:315|MIL:392|OKC:483
63147,IND:255|MEM:288|CHI:318|MIL:395|OKC:492
63104,IND:254|MEM:276|CHI:316|MIL:393|OKC:483
63137,IND:249|MEM:297|CHI:312|MIL:389|OKC:501
63107,IND:253|MEM:286|CHI:315|MIL:392|OKC:488
63106,IND:250|MEM:284|CHI:313|MIL:389|OKC:487
63155,IND:252|MEM:279|CHI:315|MIL:391|OKC:485
62044,CHI:287|IND:291|MEM:362|MIL:364|DET:541
63101,IND:250|MEM:281|CHI:312|MIL:389|OKC:487
63102,IND:248|MEM:281|CHI:310|MIL:387|OKC:487
62240,IND:261|MEM:283|CHI:324|MIL:400|OKC:492
62059,IND:247|MEM:286|CHI:309|MIL:386|OKC:492
62206,IND:252|MEM:281|CHI:314|MIL:391|OKC:490
62090,IND:250|MEM:289|CHI:313|MIL:390|OKC:495
62030,IND:281|CHI:307|MEM:340|MIL:383|OKC:544
63138,IND:262|MEM:318|CHI:325|MIL:402|OKC:516
62239,IND:262|MEM:285|CHI:325|MIL:401|OKC:495
62063,IND:281|CHI:302|MEM:340|MIL:379|OKC:544
62012,IND:266|CHI:305|MEM:325|MIL:381|OKC:528
62060,IND:249|MEM:292|CHI:311|MIL:388|OKC:498
62201,IND:244|MEM:284|CHI:306|MIL:383|OKC:490
62048,IND:249|MEM:305|CHI:312|MIL:389|OKC:510
62002,IND:256|CHI:308|MEM:315|MIL:385|OKC:523
62079,IND:278|CHI:300|MEM:336|MIL:377|OKC:540
62207,IND:249|MEM:284|CHI:311|MIL:388|OKC:493
62205,IND:246|MEM:283|CHI:308|MIL:385|OKC:492
62040,IND:243|MEM:297|CHI:307|MIL:384|OKC:503
62204,IND:243|MEM:288|CHI:306|MIL:382|OKC:495
62024,IND:251|CHI:305|MEM:310|MIL:382|OKC:518
62630,CHI:298|IND:298|MEM:357|MIL:374|DET:552
62018,IND:251|CHI:302|MEM:309|MIL:379|OKC:519
62203,IND:243|MEM:284|CHI:305|MIL:382|OKC:493
62095,IND:246|CHI:305|MEM:305|MIL:382|OKC:514
62087,IND:242|MEM:301|CHI:305|MIL:382|OKC:509
62084,IND:247|MEM:306|CHI:310|MIL:387|OKC:514
62649,CHI:287|IND:291|MIL:363|MEM:366|DET:541
62223,IND:251|MEM:288|CHI:313|MIL:390|OKC:498
62010,IND:254|CHI:302|MEM:313|MIL:379|OKC:522
62674,CHI:276|IND:280|MIL:353|MEM:376|DET:530
62232,IND:243|MEM:296|CHI:305|MIL:382|OKC:504
62208,IND:248|MEM:293|CHI:311|MIL:387|OKC:502
62026,IND:238|CHI:299|MEM:305|MIL:376|OKC:514
62226,IND:255|MEM:293|CHI:317|MIL:394|OKC:502
62667,CHI:270|IND:275|MIL:347|MEM:383|DET:525
62685,IND:284|CHI:296|MEM:352|MIL:373|DET:550
62067,IND:252|CHI:293|MEM:319|MIL:370|DET:542
62234,IND:235|CHI:297|MEM:297|MIL:374|OKC:505
62021,IND:259|CHI:297|MEM:326|MIL:373|DET:549
62034,IND:231|CHI:295|MEM:302|MIL:372|OKC:510
62062,IND:233|CHI:296|MEM:297|MIL:373|OKC:505
62014,IND:260|CHI:285|MEM:329|MIL:362|DET:540
62025,IND:239|CHI:289|MEM:311|MIL:366|DET:529
62269,IND:250|MEM:301|CHI:312|MIL:389|OKC:510
62221,IND:254|MEM:296|CHI:320|MIL:397|OKC:508
62626,CHI:271|IND:272|MIL:348|MEM:357|DET:526
62294,IND:235|CHI:297|MEM:304|MIL:374|DET:524
62097,IND:248|CHI:285|MEM:323|MIL:362|DET:538
62225,IND:252|MEM:303|CHI:319|MIL:396|OKC:516
62093,IND:261|CHI:279|MEM:338|MIL:356|DET:534
62033,IND:259|CHI:275|MEM:341|MIL:351|DET:529
62046,IND:239|CHI:280|MEM:311|MIL:357|DET:528
62254,IND:242|MEM:309|CHI:314|MIL:391|DET:532
62640,CHI:257|IND:261|MIL:333|MEM:369|DET:511
62085,IND:253|CHI:271|MEM:330|MIL:348|DET:526
62672,CHI:256|IND:261|MIL:333|MEM:367|DET:511
62088,IND:249|CHI:275|MEM:324|MIL:352|DET:529
62009,IND:252|CHI:270|MEM:329|MIL:347|DET:525
62281,IND:235|CHI:307|MEM:319|MIL:384|DET:524
62023,IND:261|CHI:280|MEM:338|MIL:357|DET:534
62061,IND:221|CHI:292|MEM:310|MIL:369|DET:511
62058,IND:238|CHI:272|MEM:317|MIL:349|DET:527
62289,IND:241|MEM:309|CHI:314|MIL:391|DET:530
62001,IND:231|CHI:283|MEM:320|MIL:360|DET:521
62069,IND:252|CHI:268|MEM:329|MIL:345|DET:523
62572,CHI:258|IND:263|MIL:335|MEM:361|DET:513
62293,IND:235|MEM:308|CHI:310|MIL:393|DET:524
62074,IND:240|CHI:279|MEM:325|MIL:356|DET:529
62265,IND:244|MEM:300|CHI:320|MIL:403|OKC:523
62056,IND:240|CHI:256|MEM:333|MIL:333|DET:510
62249,IND:216|CHI:292|MEM:317|MIL:380|DET:506
62533,CHI:239|IND:243|MIL:315|MEM:352|DET:493
62091,IND:250|CHI:282|MEM:342|MIL:359|DET:537
62560,IND:251|CHI:254|MIL:331|MEM:349|DET:508
62216,IND:238|MEM:311|CHI:314|MIL:404|DET:528
62215,IND:249|MEM:292|CHI:325|MIL:405|OKC:525
62086,IND:232|CHI:294|MEM:339|MIL:370|DET:522
62273,IND:216|CHI:292|MEM:322|MIL:384|DET:506
62245,IND:244|MEM:301|CHI:320|MIL:413|DET:534
62275,IND:209|CHI:284|MEM:324|MIL:377|DET:498
62015,IND:232|CHI:264|MIL:341|MEM:350|DET:519
62230,IND:231|CHI:307|MEM:311|MIL:400|DET:521
62538,IND:245|CHI:259|MIL:335|MEM:355|DET:504
62077,IND:225|CHI:291|MEM:345|MIL:368|DET:514
62089,IND:222|CHI:278|MEM:352|MIL:354|DET:512
62049,IND:220|CHI:276|MEM:350|MIL:353|DET:510
62218,IND:237|MEM:305|CHI:313|MIL:405|DET:526
62546,IND:235|CHI:251|MIL:337|MEM:362|DET:494
62019,IND:227|CHI:294|MEM:354|MIL:370|DET:517
62219,IND:224|CHI:300|MEM:304|MIL:393|DET:514
62246,IND:206|CHI:281|MEM:332|MIL:374|DET:495
62051,IND:235|CHI:275|MIL:361|MEM:362|DET:518
62556,IND:228|CHI:243|MIL:330|MEM:369|DET:487
62017,IND:213|CHI:289|MEM:343|MIL:373|DET:503
62094,IND:232|CHI:270|MIL:356|MEM:362|DET:513
62231,IND:228|CHI:304|MEM:313|MIL:397|DET:518
62284,IND:203|CHI:279|MEM:334|MIL:372|DET:493
62253,IND:215|CHI:291|MEM:333|MIL:383|DET:505
62075,IND:236|CHI:262|MIL:348|MEM:366|DET:505
62032,IND:210|CHI:284|MEM:340|MIL:370|DET:500
62250,IND:225|MEM:291|CHI:301|MIL:393|DET:515
62262,IND:198|CHI:274|MEM:329|MIL:367|DET:488
62076,IND:228|CHI:258|MIL:344|MEM:358|DET:501
62011,IND:206|CHI:280|MEM:336|MIL:366|DET:496
62555,IND:232|CHI:247|MIL:333|MEM:366|DET:490
62083,IND:226|CHI:256|MIL:342|MEM:356|DET:499
62801,IND:217|MEM:276|CHI:292|MIL:385|DET:506
62471,IND:184|CHI:260|MEM:312|MIL:352|DET:474
62875,IND:209|CHI:285|MEM:301|MIL:378|DET:499
62882,IND:202|CHI:278|MEM:282|MIL:371|DET:492
62557,IND:220|CHI:249|MIL:335|MEM:350|DET:492
62553,IND:206|CHI:258|MEM:336|MIL:344|DET:495
62080,IND:194|CHI:268|MEM:324|MIL:354|DET:484
62892,IND:199|CHI:275|MEM:300|MIL:368|DET:489
62885,IND:196|CHI:272|MEM:307|MIL:364|DET:486
62870,IND:202|CHI:278|MEM:282|MIL:370|DET:491
62431,IND:194|CHI:270|MEM:339|MIL:357|DET:484
62418,IND:187|CHI:263|MEM:332|MIL:356|DET:477
62571,IND:211|CHI:250|MIL:336|MEM:359|DET:493
62807,IND:187|CHI:263|MEM:287|MIL:355|DET:476
62881,IND:200|CHI:276|MEM:281|MIL:369|DET:490
62853,IND:204|MEM:270|CHI:279|MIL:372|DET:493
62422,IND:185|CHI:261|MEM:348|MIL:354|DET:475
62880,IND:186|CHI:262|MEM:303|MIL:355|DET:476
62438,IND:190|CHI:256|MIL:348|MEM:355|DET:480
62458,IND:169|CHI:245|MEM:321|MIL:338|DET:459
62414,IND:181|CHI:257|MEM:344|MIL:349|DET:470
62854,IND:186|CHI:262|MEM:291|MIL:355|DET:476
62565,IND:200|CHI:244|MIL:336|MEM:365|DET:487
62849,IND:216|CHI:292|MEM:297|MIL:385|DET:506
62838,IND:176|CHI:252|MEM:297|MIL:344|DET:466
62444,IND:179|CHI:243|MIL:336|MEM:344|DET:469
62411,IND:168|CHI:244|MEM:328|MIL:337|DET:458
62461,IND:161|CHI:237|MEM:326|MIL:329|DET:451
62426,IND:177|CHI:253|MEM:313|MIL:346|DET:467
62899,IND:216|CHI:292|MEM:305|MIL:384|DET:505
62465,IND:178|CHI:234|MIL:327|MEM:343|DET:468
62443,IND:164|CHI:239|MEM:303|MIL:332|DET:453
61957,IND:188|CHI:224|MIL:317|MEM:353|DET:467
62463,IND:171|CHI:228|MIL:321|MEM:337|DET:460
62473,IND:164|CHI:239|MEM:311|MIL:332|DET:453
62401,IND:152|CHI:227|MEM:316|MIL:320|DET:441
61928,IND:179|CHI:213|MIL:306|MEM:354|DET:456
62878,IND:221|CHI:297|MEM:325|MIL:390|DET:510
62839,IND:203|CHI:279|MEM:310|MIL:372|DET:493
62858,IND:186|CHI:262|MEM:319|MIL:355|DET:476
62462,IND:156|CHI:224|MIL:317|MEM:329|DET:446
62447,IND:159|CHI:211|MIL:303|MEM:337|DET:449
62823,IND:215|CHI:293|MEM:311|MIL:386|DET:505
62467,IND:147|CHI:235|MIL:327|MEM:328|DET:436
62424,IND:167|CHI:253|MEM:336|MIL:346|DET:456
61938,IND:168|CHI:202|MIL:294|MEM:343|DET:445
62879,IND:184|CHI:274|MEM:325|MIL:367|DET:474
62824,IND:198|CHI:287|MEM:318|MIL:380|DET:488
62469,IND:156|CHI:217|MIL:310|MEM:350|DET:445
62445,IND:146|CHI:235|MIL:328|MEM:331|DET:435
62434,IND:181|CHI:271|MEM:336|MIL:363|DET:470
62479,IND:160|CHI:250|MEM:342|MIL:342|DET:449
62468,IND:139|CHI:229|MIL:322|MEM:347|DET:429
62440,IND:155|CHI:212|MIL:304|MEM:352|DET:445
62436,IND:152|CHI:256|MIL:348|MEM:352|DET:442
62868,IND:194|CHI:293|MEM:324|MIL:386|DET:479
62448,IND:162|CHI:264|MEM:356|MIL:357|DET:452
62432,IND:138|CHI:248|MIL:340|MEM:351|DET:428
62428,IND:143|CHI:254|MIL:347|MEM:357|DET:432
62425,IND:169|CHI:274|MEM:344|MIL:367|DET:459
62450,IND:184|CHI:289|MEM:332|MIL:381|DET:469
62475,IND:173|CHI:279|MEM:356|MIL:371|DET:462
62474,IND:137|CHI:223|MIL:315|MEM:367|DET:427
62459,IND:164|CHI:275|MEM:363|MIL:368|DET:454
62481,IND:140|CHI:262|MIL:355|MEM:365|DET:430
62476,IND:209|CHI:314|MEM:335|MIL:407|DET:494
62452,IND:206|CHI:311|MEM:345|MIL:404|DET:490
62480,IND:158|CHI:276|MIL:368|MEM:370|DET:448
62420,IND:120|CHI:249|MIL:342|MEM:353|DET:410
62419,IND:198|CHI:315|MEM:349|MIL:407|DET:482
62421,IND:177|CHI:302|MEM:347|MIL:395|DET:461
62449,IND:161|CHI:281|MIL:374|MEM:376|DET:451
62442,IND:117|CHI:258|MIL:350|MEM:361|DET:406
62466,IND:166|CHI:303|MEM:348|MIL:396|DET:450
62413,IND:147|CHI:289|MIL:381|MEM:392|DET:436
62464,IND:157|CHI:289|MIL:382|MEM:384|DET:447
62417,IND:169|CHI:318|MEM:364|MIL:411|DET:453
62454,IND:153|CHI:302|MIL:394|MEM:397|DET:443
62478,IND:141|CHI:290|MIL:383|MEM:394|DET:430
62410,IND:182|CHI:342|MEM:346|MIL:435|DET:466
62460,IND:176|CHI:336|MEM:352|MIL:428|DET:459
62433,IND:137|CHI:294|MIL:387|MEM:398|DET:427
62441,IND:101|CHI:259|MIL:352|MEM:367|DET:391
62427,IND:171|CHI:328|MEM:394|MIL:420|DET:461
62477,IND:123|CHI:281|MIL:374|MEM:386|DET:412
62439,IND:159|CHI:324|MEM:373|MIL:420|DET:442
62451,IND:160|CHI:318|MEM:409|MIL:411|DET:449
62423,IND:107|CHI:265|MIL:360|MEM:387|DET:396
47861,IND:126|CHI:288|MIL:388|MEM:411|DET:416
47849,IND:118|CHI:278|MIL:378|DET:408|MEM:418
47591,IND:148|CHI:315|MEM:369|MIL:415|DET:432
47869,IND:102|CHI:262|MIL:362|DET:392|MEM:402
47870,IND:93|CHI:250|MIL:350|DET:383|MEM:390
47561,IND:129|CHI:294|MEM:380|MIL:394|DET:419
47850,IND:106|CHI:271|MIL:371|DET:395|MEM:409
47516,IND:140|CHI:305|MEM:380|MIL:405|DET:424
47802,IND:96|CHI:261|MIL:361|DET:385|MEM:399
47882,IND:110|CHI:275|MIL:375|DET:400|MEM:400
47809,IND:90|CHI:238|MIL:338|DET:380|MEM:387
47807,IND:90|CHI:238|MIL:338|DET:380|MEM:387
47865,IND:117|CHI:282|MIL:382|MEM:396|DET:407
47804,IND:94|CHI:237|MIL:337|DET:384|MEM:390
47838,IND:124|CHI:289|MIL:389|MEM:394|DET:414
47879,IND:101|CHI:266|MIL:366|DET:391|MEM:404
47557,IND:145|CHI:335|MEM:367|DET:429|MIL:435
47866,IND:100|CHI:266|MIL:366|DET:390|MEM:404
47573,IND:143|CHI:324|MEM:395|MIL:424|DET:426
47512,IND:129|CHI:312|MEM:385|MIL:412|DET:413
47535,IND:132|CHI:303|MEM:396|MIL:403|DET:416
47803,IND:81|CHI:248|MIL:348|DET:371|MEM:389
47855,IND:109|CHI:274|MIL:374|DET:399|MEM:413
47871,IND:84|CHI:254|MIL:354|DET:374|MEM:391
47597,IND:131|CHI:323|MEM:380|DET:415|MIL:423
47848,IND:122|CHI:290|MIL:389|DET:412|MEM:412
47528,IND:129|CHI:311|MEM:403|MIL:410|DET:412
47845,IND:104|CHI:280|MIL:380|DET:394|MEM:419
47596,IND:122|CHI:309|MEM:398|DET:406|MIL:409
47858,IND:95|CHI:273|MIL:372|DET:385|MEM:411
47578,IND:118|CHI:315|MEM:395|DET:402|MIL:415
47846,IND:83|CHI:266|MIL:366|DET:372|MEM:403
47881,IND:78|CHI:261|MIL:361|DET:368|CLE:401
47445,IND:112|CHI:296|MIL:396|DET:402|MEM:422
47438,IND:103|CHI:287|MIL:387|DET:393|CLE:425
47501,IND:125|CHI:328|MEM:374|DET:409|MIL:427
47441,IND:119|CHI:298|MIL:398|DET:405|MEM:416
47841,IND:83|CHI:275|DET:373|MIL:375|CLE:406
47568,IND:123|CHI:326|MEM:391|DET:406|MIL:425
47443,IND:120|CHI:319|DET:404|MEM:411|MIL:419
47529,IND:109|CHI:312|MEM:385|DET:393|MIL:411
47840,IND:80|CHI:271|DET:369|MIL:371|CLE:402
47558,IND:127|CHI:330|MEM:377|DET:411|MIL:429
47465,IND:112|CHI:311|DET:398|MIL:411|MEM:413
47427,IND:101|CHI:293|DET:391|MIL:393|CLE:424
47471,IND:104|CHI:296|DET:393|MIL:396|MEM:418
47449,IND:105|CHI:309|DET:389|MEM:403|MIL:407
47519,IND:141|CHI:344|MEM:397|DET:425|MIL:443
47833,IND:85|CHI:277|DET:375|MIL:377|CLE:408
47562,IND:107|CHI:310|DET:391|MEM:394|MIL:409
47455,IND:92|CHI:284|DET:382|MIL:383|CLE:414
47431,IND:102|CHI:303|DET:389|MIL:402|CLE:421
47553,IND:117|CHI:320|MEM:386|DET:401|MIL:419
47457,IND:97|CHI:300|DET:381|MEM:396|MIL:399
47868,IND:82|CHI:283|DET:372|MIL:381|CLE:404
47424,IND:99|CHI:302|DET:382|MIL:401|MEM:405
47522,
47460,IND:84|CHI:284|DET:373|MIL:383|CLE:406
47453,IND:87|CHI:291|DET:371|MIL:389|CLE:404
47581,IND:131|CHI:335|MEM:409|DET:415|MIL:433
47459,IND:87|CHI:290|DET:371|MIL:389|CLE:403
47456,IND:61|CHI:262|DET:350|MIL:360|CLE:383
47437,IND:113|CHI:316|DET:397|MEM:413|MIL:415
47464,IND:80|CHI:284|DET:364|MIL:382|CLE:397
47462,IND:101|CHI:304|DET:384|MIL:402|CLE:417
47470,IND:106|CHI:309|DET:389|MIL:407|CLE:422
47433,IND:65|CHI:265|DET:351|MIL:363|CLE:383
47429,IND:76|CHI:279|DET:359|MIL:378|CLE:392
47403,IND:76|CHI:280|DET:360|MIL:378|CLE:393
47469,IND:135|CHI:338|DET:419|MEM:425|MIL:437
47404,IND:67|CHI:270|DET:351|MIL:369|CLE:383
46166,IND:67|CHI:267|DET:353|MIL:365|CLE:386
47420,IND:86|CHI:290|DET:370|MIL:388|CLE:403
47434,IND:78|CHI:282|DET:362|MIL:380|CLE:395
47451,IND:87|CHI:290|DET:371|MIL:389|CLE:403
47405,IND:66|CHI:270|DET:350|MIL:368|CLE:383
47406,IND:66|CHI:270|DET:350|MIL:368|CLE:383
47446,IND:106|CHI:309|DET:390|MIL:408|CLE:423
47458,IND:73|CHI:277|DET:357|MIL:375|CLE:390
47408,IND:72|CHI:276|DET:356|MIL:374|CLE:389
47421,IND:95|CHI:299|DET:379|MIL:397|CLE:412
47454,IND:132|CHI:335|DET:416|MEM:418|CLE:429
47401,IND:77|CHI:280|DET:361|MIL:379|CLE:393
46151,IND:48|CHI:250|DET:332|MIL:348|CLE:365
47452,IND:119|CHI:322|DET:403|MIL:421|CLE:435
47468,IND:64|CHI:267|DET:347|MIL:366|CLE:380
47436,IND:96|CHI:299|DET:380|MIL:398|CLE:413
47467,IND:120|CHI:323|DET:403|MIL:421|CLE:436
47435,IND:71|CHI:275|DET:355|MIL:373|CLE:388
46160,IND:59|CHI:262|DET:342|MIL:361|CLE:375
47108,IND:123|CHI:326|DET:407|MIL:425|CLE:427
47264,IND:114|CHI:325|DET:395|CLE:415|MIL:423
47448,IND:75|CHI:285|DET:356|CLE:379|MIL:384
47260,IND:109|CHI:320|DET:390|CLE:406|MIL:418
46181,IND:55|CHI:262|DET:339|MIL:360|CLE:372
47235,IND:95|CHI:305|DET:376|CLE:395|MIL:404
46164,IND:79|CHI:289|DET:360|MIL:387|CLE:393
47281,IND:104|CHI:315|DET:385|CLE:400|MIL:413
47167,IND:121|CHI:331|DET:402|CLE:412|MIL:430
47220,IND:93|CHI:303|DET:373|CLE:389|MIL:402
46131,IND:37|CHI:247|DET:317|MIL:346|CLE:350
47165,IND:133|CHI:344|CLE:400|DET:414|MEM:437
47201,IND:63|CHI:273|DET:343|CLE:363|MIL:372
47280,IND:46|CHI:256|DET:327|CLE:353|MIL:355
46124,IND:42|CHI:253|DET:323|MIL:351|CLE:355
47274,IND:77|CHI:288|DET:358|CLE:374|MIL:386
47247,IND:69|CHI:279|DET:350|CLE:360|MIL:378
47226,IND:56|CHI:267|DET:337|CLE:344|MIL:365
47229,IND:90|CHI:300|DET:371|CLE:386|MIL:399
47170,IND:96|CHI:306|DET:377|CLE:391|MIL:405
47203,IND:65|CHI:275|CLE:338|DET:345|MIL:374
47102,IND:90|CHI:300|DET:370|CLE:385|MIL:399
47177,IND:111|CHI:322|DET:392|CLE:396|MIL:420
47232,IND:82|CHI:292|CLE:358|DET:363|MIL:391
47126,IND:98|CHI:308|DET:379|CLE:393|MIL:407
47234,IND:58|CHI:268|DET:334|CLE:343|MIL:367
47246,IND:64|CHI:275|CLE:336|DET:340|MIL:373
47273,IND:87|CHI:297|CLE:361|DET:368|MIL:396
47236,IND:79|CHI:289|CLE:345|DET:356|MIL:388
47270,IND:93|CHI:303|DET:373|CLE:386|MIL:402
47244,IND:77|CHI:287|CLE:335|DET:346|MIL:386
47163,IND:119|CHI:330|CLE:389|DET:400|MIL:428
46182,IND:49|CHI:256|DET:321|CLE:323|MIL:354
47227,IND:103|CHI:313|CLE:375|DET:383|MIL:412
47265,IND:90|CHI:301|CLE:352|DET:363|MIL:399
47230,IND:101|CHI:311|CLE:380|DET:382|MIL:410
47272,IND:53|CHI:260|CLE:324|DET:326|MIL:359
47141,IND:128|CHI:338|CLE:395|DET:408|MIL:436
47282,IND:92|CHI:303|CLE:356|DET:366|MIL:401
47283,IND:81|CHI:287|CLE:330|DET:340|MIL:386
47138,IND:124|CHI:334|CLE:379|DET:398|MIL:433
47147,IND:123|CHI:334|CLE:376|DET:395|MIL:432
47231,IND:113|CHI:323|CLE:376|DET:386|MIL:421
46156,IND:65|CHI:272|CLE:323|DET:324|MIL:370
47162,IND:137|CHI:347|CLE:390|DET:409|MIL:446
47243,IND:124|CHI:335|CLE:371|DET:389|MIL:433
47223,IND:103|CHI:312|CLE:337|DET:348|MIL:410
47240,IND:65|CHI:272|CLE:314|DET:325|MIL:371
47104,IND:146|CHI:356|CLE:399|DET:417|MIL:454
47023,IND:96|CHI:303|CLE:329|DET:339|MIL:402
47250,IND:129|CHI:336|CLE:356|DET:366|MIL:434
40045,IND:134|CHI:344|CLE:349|DET:369|MIL:442
47225,IND:77|CHI:284|CLE:317|DET:326|MIL:383
40006,IND:151|CLE:348|CHI:361|DET:368|MEM:444
47263,IND:67|CHI:274|CLE:299|DET:310|MIL:372
47034,IND:79|CHI:286|CLE:311|DET:322|MIL:384
47037,IND:83|CHI:290|CLE:315|DET:326|MIL:388
47042,IND:106|CHI:313|CLE:330|DET:340|MIL:411
47036,IND:91|CHI:297|CLE:320|DET:331|MIL:396
47224,IND:123|CHI:330|CLE:338|DET:349|MIL:428
47006,IND:77|CHI:284|CLE:298|DET:308|MIL:383
47024,IND:93|CHI:300|DET:306|CLE:311|MIL:398
47017,IND:115|CHI:322|CLE:328|DET:339|MIL:420
41008,IND:150|CLE:326|DET:346|CHI:360|MEM:440
47033,IND:78|CHI:285|CLE:292|DET:302|MIL:383
40011,IND:154|CLE:337|DET:356|CHI:364|MEM:434
47021,IND:117|CLE:318|CHI:324|DET:328|MIL:422
47031,IND:98|CHI:305|CLE:306|DET:317|MIL:403
47030,IND:96|CHI:303|DET:311|CLE:316|MIL:401
40075,IND:166|CLE:331|DET:351|CHI:376|MEM:447
47018,IND:130|CLE:324|DET:335|CHI:337|MIL:435
47043,IND:136|CLE:341|CHI:342|DET:352|MIL:441
47041,IND:84|CHI:291|CLE:292|DET:303|MIL:389
47011,IND:131|CLE:329|CHI:338|DET:340|MIL:436
47032,IND:111|CHI:318|CLE:319|DET:330|MIL:417
41045,IND:180|CLE:334|DET:354|CHI:391|MEM:472
40363,IND:183|CLE:343|DET:363|CHI:393|ATL:458
41083,IND:171|CLE:326|DET:346|CHI:381|MEM:460
41098,IND:170|CLE:327|DET:347|CHI:380|MEM:453
47012,IND:108|DET:291|CLE:296|CHI:315|MIL:413
47001,IND:118|CLE:301|DET:312|CHI:324|MIL:423
47022,IND:104|CLE:299|DET:309|CHI:311|MIL:410
47020,IND:156|CLE:340|DET:352|CHI:363|MIL:462
47040,IND:143|CLE:321|DET:331|CHI:350|MIL:449
47035,IND:96|CLE:279|DET:290|CHI:303|MIL:401
47016,IND:110|CLE:293|DET:304|CHI:317|MIL:415
41086,IND:161|CLE:311|DET:330|CHI:368|MEM:456
47025,IND:104|CLE:282|DET:293|CHI:311|MIL:409
40355,IND:171|CLE:321|DET:341|CHI:378|ATL:459
47060,IND:101|CLE:282|DET:293|CHI:308|MIL:407
47038,IND:150|CLE:328|DET:338|CHI:357|MIL:455
41080,IND:125|CLE:289|DET:299|CHI:331|MIL:430
41046,IND:167|CLE:316|DET:336|CHI:373|ATL:468
45053,IND:113|CLE:283|DET:292|CHI:320|MIL:418
45052,IND:116|CLE:280|DET:291|CHI:323|MIL:422
41052,IND:173|CLE:322|DET:342|CHI:379|ATL:454
45033,IND:111|CLE:274|DET:285|CHI:318|MIL:416
45030,IND:101|CLE:272|DET:283|CHI:307|MIL:406
45002,IND:107|CLE:270|DET:281|CHI:314|MIL:412
41005,IND:135|CLE:299|DET:310|CHI:342|MIL:440
41095,IND:159|CLE:309|DET:328|CHI:366|ATL:464
45056,IND:130|DET:279|CLE:284|CHI:331|MIL:429
41091,IND:152|CLE:306|DET:326|CHI:359|MIL:458
45001,IND:117|CLE:280|DET:291|CHI:323|MIL:422
41048,IND:123|CLE:287|DET:297|CHI:329|MIL:428
45041,IND:103|CLE:266|DET:276|CHI:310|MIL:408
41092,IND:151|CLE:301|DET:320|CHI:358|MIL:456
45233,IND:127|CLE:286|DET:297|CHI:334|MIL:432
45248,IND:112|CLE:272|DET:282|CHI:319|MIL:417
45247,IND:108|CLE:265|DET:275|CHI:315|MIL:413
45051,IND:129|CLE:285|DET:299|CHI:336|MIL:434
41035,IND:166|CLE:316|DET:335|CHI:373|ATL:458
45013,IND:127|CLE:271|DET:273|CHI:333|MIL:432
41042,IND:133|CLE:283|DET:303|CHI:340|MIL:439
45252,IND:114|CLE:263|DET:274|CHI:320|MIL:419
41094,IND:149|CLE:299|DET:319|CHI:356|MIL:454
45238,IND:127|CLE:278|DET:293|CHI:334|MIL:433
41018,IND:130|CLE:280|DET:300|CHI:337|MIL:436
45211,IND:117|CLE:272|DET:286|CHI:324|MIL:423
45251,IND:115|CLE:265|DET:275|CHI:322|MIL:420
41030,IND:151|CLE:301|DET:321|CHI:358|ATL:447
41097,IND:158|CLE:308|DET:328|CHI:365|ATL:430
45239,IND:113|CLE:264|DET:278|CHI:320|MIL:418
45204,IND:136|CLE:280|DET:299|CHI:343|MIL:442
45205,IND:126|CLE:272|DET:288|CHI:333|MIL:432
45015,IND:129|CLE:263|DET:265|CHI:336|MIL:435
41017,IND:129|CLE:276|DET:298|CHI:336|MIL:435
45062,IND:135|DET:267|CLE:268|CHI:334|MIL:433
45225,IND:117|CLE:270|DET:283|CHI:324|MIL:422
45014,IND:124|CLE:265|DET:276|CHI:331|MIL:429
45223,IND:120|CLE:272|DET:285|CHI:326|MIL:425
41016,IND:134|CLE:275|DET:294|CHI:340|MIL:439
41051,IND:146|CLE:289|DET:311|CHI:353|MIL:452
45231,IND:119|CLE:267|DET:278|CHI:326|MIL:425
45214,IND:121|CLE:268|DET:282|CHI:328|MIL:426
45203,IND:122|CLE:268|DET:283|CHI:329|MIL:428
41011,IND:130|CLE:271|DET:290|CHI:336|MIL:435
45224,IND:117|CLE:260|DET:274|CHI:323|MIL:422
45240,IND:118|CLE:255|DET:265|CHI:325|MIL:423
45232,IND:123|CLE:265|DET:278|CHI:330|MIL:429
45220,IND:121|CLE:265|DET:279|CHI:328|MIL:426
45218,IND:121|CLE:258|DET:269|CHI:328|MIL:427
45219,IND:123|CLE:261|DET:283|CHI:330|MIL:429
45055,IND:139|CLE:265|DET:268|CHI:342|MIL:440
41063,IND:157|CLE:298|DET:320|CHI:363|ATL:459
41014,IND:130|CLE:272|DET:291|CHI:337|MIL:436
45202,IND:129|CLE:265|DET:289|CHI:336|MIL:434
45267,IND:124|CLE:263|DET:280|CHI:331|MIL:430
45217,IND:122|CLE:260|DET:274|CHI:329|MIL:428
45011,IND:141|CLE:264|DET:266|CHI:346|MIL:445
45229,IND:123|CLE:260|DET:276|CHI:330|MIL:429
45206,IND:127|CLE:261|DET:281|CHI:334|MIL:432
45216,IND:121|CLE:257|DET:270|CHI:328|MIL:426
45067,IND:144|CLE:263|DET:265|CHI:344|MIL:442
41071,IND:135|CLE:271|DET:295|CHI:342|MIL:440
41015,IND:142|CLE:283|DET:305|CHI:349|MIL:447
41073,IND:131|CLE:268|DET:291|CHI:338|MIL:437
41033,IND:166|CLE:316|DET:336|CHI:373|ATL:462
45207,IND:129|CLE:258|DET:280|CHI:335|MIL:434
45246,IND:118|CLE:249|DET:259|CHI:325|MIL:423
45215,IND:123|CLE:255|DET:263|CHI:330|MIL:429
41074,IND:134|CLE:271|DET:295|CHI:341|MIL:440
41075,IND:134|CLE:271|DET:294|CHI:341|MIL:440
45212,IND:130|CLE:253|DET:276|CHI:337|MIL:435
45237,IND:122|CLE:256|DET:272|CHI:329|MIL:427
41076,IND:140|CLE:275|DET:297|CHI:347|MIL:445
45208,IND:135|CLE:259|DET:283|CHI:342|MIL:440
45209,IND:131|CLE:256|DET:280|CHI:338|MIL:437
45226,IND:138|CLE:262|DET:286|CHI:345|MIL:444
45213,IND:126|CLE:254|DET:275|CHI:333|MIL:431
45069,IND:133|CLE:260|DET:262|CHI:339|MIL:438
45044,IND:143|CLE:253|DET:256|CHI:350|MIL:448
41001,IND:152|CLE:288|DET:310|CHI:359|MIL:457
45241,IND:126|CLE:249|DET:264|CHI:333|MIL:431
45236,IND:124|CLE:250|DET:274|CHI:331|MIL:430
41085,IND:141|CLE:277|DET:301|CHI:348|MIL:446
41003,IND:190|CLE:340|DET:359|CHI:397|ATL:450
45230,IND:142|CLE:268|DET:290|CHI:349|MIL:447
45227,IND:137|CLE:257|DET:280|CHI:344|MIL:443
45050,IND:135|CLE:245|DET:247|CHI:342|MIL:440
45242,IND:130|CLE:245|DET:269|CHI:337|MIL:436
41006,IND:170|CLE:306|DET:328|CHI:376|ATL:465
41059,IND:157|CLE:293|DET:317|CHI:364|MIL:462
45243,IND:134|CLE:253|DET:277|CHI:341|MIL:439
41040,IND:185|CLE:324|DET:346|CHI:392|ATL:460
45255,IND:145|CLE:266|DET:288|CHI:352|MIL:450
45249,IND:130|CLE:244|DET:268|CHI:336|MIL:435
45244,IND:150|CLE:267|DET:289|CHI:357|MIL:456
45040,IND:139|CLE:242|DET:263|CHI:345|MIL:444
45174,IND:144|CLE:261|DET:283|CHI:351|MIL:450
41007,IND:159|CLE:295|DET:317|CHI:366|MIL:464
45147,IND:133|CLE:249|DET:271|CHI:340|MIL:438
45111,IND:135|CLE:251|DET:273|CHI:342|MIL:440
45245,IND:146|CLE:262|DET:284|CHI:353|MIL:451
45140,IND:135|CLE:251|DET:273|CHI:341|MIL:440
45034,IND:135|CLE:234|DET:265|CHI:342|MIL:441
45039,IND:140|CLE:242|DET:274|CHI:347|MIL:446
45150,IND:142|CLE:258|DET:280|CHI:348|MIL:447
45157,IND:158|CLE:282|DET:304|CHI:364|MIL:463
45036,IND:146|CLE:237|DET:253|CHI:353|MIL:452
45065,IND:140|CLE:233|DET:265|CHI:347|MIL:445
45156,IND:168|CLE:293|DET:315|CHI:375|MIL:474
41043,IND:182|CLE:318|DET:340|CHI:388|CHA:473
45102,IND:156|CLE:274|DET:296|CHI:362|MIL:461
45153,IND:167|CLE:291|DET:313|CHI:374|MIL:472
45103,IND:153|CLE:269|DET:291|CHI:360|MIL:458
45112,IND:175|CLE:299|DET:321|CHI:381|CHA:475
45160,IND:149|CLE:266|DET:288|CHI:356|MIL:455
45122,IND:153|CLE:256|DET:292|CHI:360|MIL:459
45152,IND:153|CLE:237|DET:274|CHI:360|MIL:458
45120,IND:174|CLE:299|DET:321|CHI:381|CHA:476
41004,IND:195|CLE:331|DET:353|CHI:402|CHA:464
45054,IND:147|CLE:223|DET:270|CHI:354|MIL:453
45158,IND:154|CLE:256|DET:292|CHI:361|MIL:459
45162,IND:157|CLE:247|DET:288|CHI:364|MIL:462
45106,IND:182|CLE:297|DET:320|CHI:389|CHA:486
41064,IND:222|CLE:358|DET:380|CHI:429|ATL:456
45176,IND:164|CLE:277|DET:302|CHI:370|CHA:469
45119,IND:184|CLE:292|DET:324|CHI:390|CHA:473
45130,IND:182|CLE:289|DET:321|CHI:389|CHA:474
45113,IND:157|CLE:227|DET:275|CHI:364|MIL:462
45107,IND:168|CLE:244|DET:293|CHI:375|MIL:473
41002,IND:196|CLE:323|DET:350|CHI:403|CHA:454
41044,IND:208|CLE:334|DET:366|CHI:415|CHA:454
45131,IND:190|CLE:302|DET:337|CHI:397|CHA:460
45118,IND:173|CLE:256|DET:307|CHI:379|CHA:470
45154,IND:168|CLE:262|DET:306|CHI:374|CHA:457
45121,IND:189|CLE:288|DET:327|CHI:396|CHA:465
41034,IND:221|CLE:333|DET:375|CHI:428|CHA:459
45148,IND:177|CLE:243|DET:294|CHI:384|CHA:478
41055,IND:223|CLE:334|DET:377|CHI:430|CHA:441
45177,IND:162|CLE:214|DET:265|CHI:369|CHA:457
45146,IND:173|CLE:235|DET:287|CHI:380|CHA:469
45142,IND:178|CLE:251|DET:303|CHI:385|CHA:469
45171,IND:173|CLE:271|DET:312|CHI:380|CHA:446
45167,IND:199|CLE:295|DET:337|CHI:406|CHA:454
41056,IND:212|CLE:317|DET:365|CHI:418|CHA:428
45168,IND:196|CLE:287|DET:334|CHI:403|CHA:455
45155,IND:180|CLE:265|DET:318|CHI:386|CHA:451
45101,IND:218|CLE:307|DET:356|CHI:424|CHA:439
45115,IND:203|CLE:294|DET:341|CHI:410|CHA:443
45159,IND:180|CLE:232|DET:283|CHI:386|CHA:460
45166,IND:173|CLE:210|DET:273|CHI:380|CHA:445
45697,IND:188|CLE:279|DET:327|CHI:395|CHA:439
45618,IND:190|CLE:281|DET:328|CHI:397|CHA:437
45144,IND:211|CLE:297|DET:350|CHI:418|CHA:428
45105,IND:205|CLE:290|DET:343|CHI:412|CHA:431
45132,IND:186|CLE:227|DET:290|CHI:393|CHA:450
45133,IND:202|CLE:251|DET:306|CHI:409|CHA:450
45679,IND:200|CLE:272|DET:328|CHI:407|CHA:441
41189,IND:233|CLE:327|DET:384|CHA:414|CHI:440
45135,IND:193|CLE:228|DET:291|CHI:400|CHA:448
45693,IND:212|CLE:293|DET:350|CHI:419|CHA:435
45650,IND:221|CLE:299|DET:359|CHA:419|CHI:428
45123,IND:205|CLE:226|DET:290|CHI:412|CHA:432
45172,IND:217|CLE:264|DET:324|CHI:424|CHA:425
41179,IND:266|CLE:321|DET:396|CHA:408|CHI:473
45660,IND:208|CLE:268|DET:335|CHI:415|CHA:418
45624,IND:219|CLE:254|DET:318|CHI:426|CHA:432
45646,IND:241|CLE:288|DET:348|CHA:441|CHI:447
45616,IND:233|CLE:307|DET:371|CHA:418|CHI:440
45612,IND:224|CLE:249|DET:314|CHI:431|CHA:433
45681,IND:232|CLE:252|DET:317|CHA:435|CHI:438
45671,IND:226|CLE:270|DET:345|CHA:420|CHI:433
45657,IND:229|CLE:281|DET:356|CHA:410|CHI:436
45628,IND:206|CLE:224|DET:290|CHI:412|CHA:414
45684,IND:255|CLE:290|DET:365|CHA:397|CHI:462
45617,IND:225|CLE:233|DET:308|CHA:416|CHI:431
41141,IND:276|CLE:303|DET:378|CHA:393|WAS:473
45663,IND:248|CLE:284|DET:359|CHA:391|CHI:455
45661,IND:226|CLE:253|DET:328|CHA:403|CHI:433
41166,IND:271|CLE:292|DET:367|CHA:395|WAS:475
45630,IND:248|CLE:279|DET:354|CHA:385|CHI:455
45652,IND:244|CLE:270|DET:345|CHA:396|CHI:451
45642,IND:226|CLE:244|DET:319|CHA:394|CHI:433
45690,CLE:240|IND:241|DET:315|CHA:409|CHI:447
45648,IND:238|CLE:251|DET:327|CHA:385|CHI:445
41174,IND:258|CLE:278|DET:354|CHA:382|WAS:463
41175,IND:276|CLE:296|DET:371|CHA:383|WAS:463
45699,IND:248|CLE:261|DET:336|CHA:386|CHI:455
41144,IND:290|CLE:303|DET:378|CHA:381|WAS:461
45662,IND:260|CLE:273|DET:348|CHA:376|WAS:456
45653,IND:257|CLE:270|DET:345|CHA:382|WAS:462
45636,IND:273|CLE:286|CHA:360|DET:362|WAS:440
45629,IND:276|CLE:289|DET:364|CHA:372|WAS:452
45694,IND:273|CLE:286|DET:362|CHA:380|WAS:460
45677,IND:270|CLE:283|DET:358|CHA:380|WAS:460
41183,IND:285|CLE:299|CHA:360|DET:374|WAS:440
41169,IND:282|CLE:295|CHA:356|DET:370|WAS:436
41139,IND:287|CLE:301|CHA:357|DET:376|WAS:438
45638,IND:284|CLE:297|CHA:353|DET:372|WAS:434
62690,CHI:248|IND:253|MIL:325|MEM:370|DET:503
62689,CHI:245|IND:249|MIL:321|MEM:373|DET:499
62615,CHI:238|IND:243|MIL:315|MEM:370|DET:493
62530,CHI:234|IND:239|MIL:311|MEM:362|DET:489
62536,CHI:231|IND:236|MIL:308|MEM:367|DET:486
62558,CHI:236|IND:241|MIL:313|MEM:369|DET:490
62570,IND:242|CHI:252|MIL:329|MEM:385|DET:500
62517,IND:232|CHI:247|MIL:324|MEM:380|DET:490
62540,IND:231|CHI:247|MIL:327|MEM:383|DET:490
62531,IND:231|CHI:237|MIL:314|MEM:384|DET:490
62568,IND:220|CHI:235|MIL:321|MEM:373|DET:478
62547,IND:208|CHI:224|MIL:310|MEM:406|DET:467
62567,IND:209|CHI:224|MIL:310|MEM:380|DET:467
62551,IND:195|CHI:211|MIL:297|MEM:397|DET:454
62513,IND:210|CHI:225|MIL:311|MEM:392|DET:468
62537,IND:193|CHI:209|MIL:295|MEM:395|DET:452
62522,IND:198|CHI:214|MIL:300|MEM:398|DET:457
62514,IND:194|CHI:209|MIL:295|MEM:388|DET:452
62510,IND:215|CHI:230|MIL:316|MEM:362|DET:473
62550,IND:207|CHI:223|MIL:309|MEM:372|DET:466
62526,IND:186|CHI:201|MIL:287|MEM:397|DET:444
62532,IND:194|CHI:209|MIL:295|MEM:382|DET:452
62544,IND:201|CHI:216|MIL:302|MEM:381|DET:459
62535,IND:186|CHI:202|MIL:281|MEM:400|DET:445
62523,IND:189|CHI:205|MIL:290|MEM:393|DET:448
62521,IND:197|CHI:213|MIL:298|MEM:392|DET:456
62554,IND:179|CHI:195|MIL:282|MEM:404|DET:438
62549,IND:198|CHI:213|MIL:303|MEM:392|DET:457
61925,IND:208|CHI:224|MIL:313|MEM:398|DET:467
62501,IND:175|CHI:191|MIL:283|MEM:408|DET:434
62534,IND:211|CHI:241|MIL:332|MEM:376|DET:484
61914,IND:215|CHI:235|MIL:326|MEM:390|DET:478
61830,IND:168|CHI:184|MIL:276|MEM:412|DET:427
61936,IND:192|CHI:208|MIL:300|MEM:401|DET:451
61818,IND:183|CHI:198|MIL:291|MEM:410|DET:441
61855,IND:184|CHI:200|MIL:293|MEM:423|DET:443
61937,IND:207|CHI:223|MIL:315|MEM:397|DET:466
61929,IND:197|CHI:212|MIL:304|MEM:400|DET:455
61951,IND:197|CHI:229|MIL:322|MEM:373|DET:472
61856,IND:159|CHI:174|MIL:267|MEM:399|DET:417
61813,IND:172|CHI:188|MIL:280|MEM:411|DET:431
61884,IND:157|CHI:173|MIL:265|MEM:403|DET:416
61913,IND:179|CHI:194|MIL:286|MEM:389|DET:437
61911,IND:185|CHI:200|MIL:293|MEM:373|DET:444
61851,IND:158|CHI:173|MIL:265|MEM:394|DET:416
61875,IND:151|CHI:166|MIL:259|MEM:396|DET:409
61872,IND:166|CHI:181|MIL:274|MEM:393|DET:424
61931,IND:186|CHI:202|MIL:294|MEM:364|DET:445
61815,IND:147|CHI:164|MIL:256|MEM:395|DET:407
61822,IND:143|CHI:160|MIL:253|MEM:396|DET:403
61910,IND:176|CHI:204|MIL:296|MEM:354|DET:447
61953,IND:164|CHI:179|MIL:272|MEM:368|DET:423
61863,IND:152|CHI:167|MIL:260|MEM:371|DET:410
61821,IND:139|CHI:156|MIL:248|MEM:391|DET:399
61874,IND:145|CHI:161|MIL:253|MEM:387|DET:404
61880,IND:156|CHI:172|MIL:264|MEM:385|DET:415
61820,IND:135|CHI:155|MIL:248|MEM:394|DET:398
61801,IND:133|CHI:158|MIL:251|MEM:398|DET:402
61920,IND:157|CHI:213|MIL:306|MEM:361|DET:446
61802,IND:132|CHI:163|MIL:256|MEM:402|DET:407
61864,IND:148|CHI:176|MIL:269|MEM:396|DET:419
61878,IND:142|CHI:152|MIL:244|DET:395|MEM:405
61919,IND:179|CHI:194|MIL:287|MEM:383|DET:437
61956,IND:163|CHI:191|MIL:284|MEM:384|DET:434
61930,IND:157|CHI:196|MIL:289|MEM:370|DET:439
61877,IND:142|CHI:187|MIL:279|MEM:408|DET:421
61941,IND:172|CHI:194|MIL:287|MEM:383|DET:437
61852,IND:155|CHI:195|MIL:288|MEM:395|DET:433
61912,IND:146|CHI:218|MIL:311|MEM:366|DET:436
61873,IND:125|CHI:168|MIL:261|DET:404|MEM:407
61943,IND:149|CHI:207|MIL:300|MEM:381|DET:439
61847,IND:146|CHI:153|MIL:245|DET:396|MEM:418
61816,IND:146|CHI:199|MIL:292|MEM:405|DET:425
61942,IND:162|CHI:200|MIL:292|MEM:389|DET:441
61871,IND:127|CHI:168|MIL:261|DET:405|MEM:413
61849,IND:130|CHI:183|MIL:276|DET:408|MEM:417
61859,IND:119|CHI:171|MIL:264|DET:398|MEM:410
61862,IND:138|CHI:159|MIL:252|DET:402|MEM:424
61812,IND:127|CHI:175|MIL:268|DET:406|MEM:424
61810,IND:144|CHI:197|MIL:290|MEM:408|DET:422
61933,IND:135|CHI:228|MIL:321|MEM:380|DET:425
61917,IND:152|CHI:215|MIL:308|MEM:400|DET:441
61932,IND:151|CHI:209|MIL:302|MEM:399|DET:430
61844,IND:120|CHI:178|MIL:270|DET:398|MEM:416
61949,IND:137|CHI:224|MIL:317|MEM:397|DET:427
61857,IND:116|CHI:179|MIL:272|DET:394|MEM:418
61876,IND:143|CHI:209|MIL:302|MEM:420|DET:422
61841,IND:127|CHI:198|MIL:291|DET:406|MEM:433
61940,IND:147|CHI:216|MIL:309|MEM:405|DET:426
61865,IND:131|CHI:170|MIL:263|DET:398|MEM:435
61831,IND:121|CHI:178|MIL:270|DET:399|MEM:429
61858,IND:113|CHI:187|MIL:280|DET:391|MEM:426
61850,IND:129|CHI:214|MIL:307|DET:407|MEM:429
61817,IND:114|CHI:199|MIL:291|DET:392|CLE:434
61944,IND:119|CHI:237|MIL:330|MEM:384|DET:409
61848,IND:126|CHI:179|MIL:271|DET:390|CLE:432
61834,IND:115|CHI:192|MIL:284|DET:394|MEM:431
61924,IND:137|CHI:225|MIL:318|MEM:406|DET:416
60942,IND:144|CHI:166|MIL:259|DET:372|CLE:414
60963,IND:148|CHI:192|MIL:284|DET:400|CLE:442
61833,IND:100|CHI:185|MIL:278|DET:379|CLE:421
61883,IND:107|CHI:195|MIL:287|DET:385|CLE:427
61832,IND:103|CHI:190|MIL:282|DET:382|CLE:424
61811,IND:127|CHI:184|MIL:276|DET:385|CLE:427
61870,IND:127|CHI:215|MIL:307|DET:405|MEM:423
61846,IND:116|CHI:204|MIL:297|DET:394|MEM:429
61955,IND:115|CHI:242|MIL:342|MEM:396|DET:405
61814,IND:121|CHI:193|MIL:293|DET:390|CLE:432
47982,IND:114|CHI:194|MIL:294|DET:391|CLE:433
47875,IND:119|CHI:224|MIL:324|MEM:408|DET:409
47831,IND:114|CHI:226|MIL:326|MEM:402|DET:403
47847,IND:124|CHI:213|MIL:313|DET:403|MEM:423
47974,IND:99|CHI:188|MIL:288|DET:377|CLE:419
47917,IND:127|CHI:158|MIL:258|DET:355|CLE:397
47885,IND:106|CHI:245|MIL:345|DET:396|MEM:397
47928,IND:115|CHI:204|MIL:304|DET:393|MEM:433
47876,IND:100|CHI:238|MIL:338|DET:390|MEM:391
47863,IND:102|CHI:228|MIL:328|DET:391|MEM:393
47842,IND:113|CHI:225|MIL:325|DET:403|MEM:408
47884,IND:107|CHI:225|MIL:325|DET:397|MEM:402
47991,IND:107|CHI:168|MIL:268|DET:365|CLE:407
47880,IND:103|CHI:225|MIL:325|DET:392|MEM:398
47932,IND:97|CHI:182|MIL:282|DET:375|CLE:417
47966,IND:111|CHI:200|MIL:300|DET:390|MEM:422
47993,IND:111|CHI:168|MIL:268|DET:365|CLE:407
47854,IND:117|CHI:206|MIL:306|DET:396|MEM:415
47921,IND:120|CHI:148|MIL:248|DET:345|CLE:387
47862,IND:114|CHI:216|MIL:316|DET:399|MEM:423
47860,IND:116|CHI:223|MIL:323|DET:401|MEM:417
47805,IND:100|CHI:245|MIL:345|DET:390|MEM:402
47952,IND:102|CHI:210|MIL:309|DET:380|CLE:422
47874,IND:110|CHI:236|MIL:335|DET:400|MEM:414
47832,IND:113|CHI:227|MIL:327|DET:391|CLE:433
47975,IND:112|CHI:161|MIL:261|DET:336|CLE:378
47851,IND:93|CHI:251|MIL:350|DET:382|MEM:411
47987,IND:81|CHI:192|MIL:292|DET:360|CLE:401
47918,IND:102|CHI:180|MIL:280|DET:348|CLE:390
47836,IND:94|CHI:242|MIL:342|DET:384|CLE:416
47859,IND:96|CHI:222|MIL:321|DET:374|CLE:416
47872,IND:99|CHI:230|MIL:330|DET:384|CLE:422
47969,IND:84|CHI:186|MIL:286|DET:347|CLE:389
47958,IND:84|CHI:191|MIL:291|DET:351|CLE:393
47949,IND:87|CHI:207|MIL:307|DET:366|CLE:408
47834,IND:74|CHI:258|MIL:358|DET:364|CLE:397
47970,IND:103|CHI:163|MIL:261|DET:327|CLE:369
47837,IND:87|CHI:248|MIL:348|DET:376|CLE:409
47857,IND:78|CHI:262|MIL:362|DET:367|CLE:400
47994,IND:78|CHI:192|MIL:290|DET:344|CLE:385
47853,IND:76|CHI:263|MIL:363|DET:366|CLE:399
47990,IND:75|CHI:204|MIL:302|DET:353|CLE:395
47916,IND:91|CHI:224|MIL:322|DET:369|CLE:411
47989,IND:91|CHI:227|MIL:326|DET:369|CLE:411
47992,IND:92|CHI:179|MIL:278|DET:331|CLE:373
47967,IND:82|CHI:192|MIL:291|DET:344|CLE:386
47906,IND:93|CHI:157|MIL:255|DET:316|CLE:358
46175,IND:86|CHI:237|MIL:336|DET:366|CLE:408
46171,IND:70|CHI:263|DET:359|MIL:362|CLE:392
47981,IND:86|CHI:183|MIL:282|DET:335|CLE:377
47965,IND:77|CHI:213|MIL:312|DET:355|CLE:397
47907,IND:82|CHI:158|MIL:256|DET:309|CLE:351
47933,IND:64|CHI:200|MIL:299|DET:342|CLE:384
47909,IND:86|CHI:169|MIL:267|DET:320|CLE:362
46135,IND:73|CHI:251|MIL:349|DET:362|CLE:395
47901,IND:78|CHI:157|MIL:255|DET:306|CLE:348
47904,IND:77|CHI:152|MIL:251|DET:301|CLE:343
47955,IND:77|CHI:187|MIL:286|DET:339|CLE:381
46170,IND:58|CHI:255|DET:348|MIL:354|CLE:381
47954,IND:72|CHI:228|MIL:327|DET:352|CLE:394
46172,IND:69|CHI:231|MIL:330|DET:349|CLE:390
46105,IND:68|CHI:236|MIL:334|DET:353|CLE:391
46120,IND:53|CHI:254|DET:343|MIL:353|CLE:376
47983,IND:71|CHI:173|MIL:271|DET:322|CLE:364
47941,IND:69|CHI:156|MIL:255|DET:306|CLE:348
47905,IND:77|CHI:157|MIL:255|DET:303|CLE:345
47924,IND:82|CHI:156|MIL:254|DET:292|CLE:334
47968,IND:57|CHI:220|MIL:318|DET:337|CLE:379
47940,IND:66|CHI:197|MIL:296|DET:333|CLE:375
46128,IND:68|CHI:251|MIL:349|DET:357|CLE:390
47930,IND:69|CHI:178|MIL:277|DET:328|CLE:370
46035,IND:66|CHI:182|MIL:281|DET:329|CLE:371
46121,IND:59|CHI:234|MIL:333|DET:349|CLE:381
46058,IND:83|CHI:173|MIL:271|DET:315|CLE:357
46125,IND:47|CHI:247|DET:336|MIL:346|CLE:369
46165,IND:53|CHI:216|MIL:314|DET:333|CLE:375
46147,IND:46|CHI:202|MIL:301|DET:326|CLE:368
46102,IND:49|CHI:200|MIL:298|DET:324|CLE:366
46180,IND:44|CHI:245|DET:333|MIL:343|CLE:366
46103,IND:53|CHI:230|MIL:329|DET:343|CLE:375
46065,IND:85|CHI:170|MIL:268|DET:301|CLE:343
46071,IND:56|CHI:187|MIL:286|DET:323|CLE:365
46149,IND:40|CHI:203|MIL:302|DET:321|CLE:362
46122,IND:50|CHI:212|MIL:311|DET:330|CLE:372
46118,IND:43|CHI:228|MIL:326|DET:333|CLE:366
46157,IND:49|CHI:250|DET:339|MIL:349|CLE:372
46920,IND:91|CHI:185|MIL:284|DET:301|CLE:343
46041,IND:69|CHI:182|MIL:280|DET:302|CLE:344
46167,IND:36|CHI:206|MIL:304|DET:316|CLE:358
46052,IND:41|CHI:185|MIL:283|DET:309|CLE:351
46123,IND:37|CHI:223|DET:322|MIL:322|CLE:359
46168,IND:30|CHI:231|DET:320|MIL:330|CLE:353
46915,IND:92|CHI:191|DET:283|MIL:289|CLE:325
46112,IND:33|CHI:205|MIL:304|DET:311|CLE:353
46057,IND:81|CHI:194|MIL:292|DET:295|CLE:337
46158,IND:37|CHI:236|DET:323|MIL:335|CLE:356
46111,IND:41|CHI:240|DET:327|MIL:338|CLE:359
46050,IND:72|CHI:202|MIL:300|DET:307|CLE:349
46075,IND:44|CHI:198|MIL:296|DET:310|CLE:352
46231,IND:27|CHI:223|DET:317|MIL:321|CLE:350
46234,IND:27|CHI:212|DET:308|MIL:310|CLE:350
46039,IND:93|CHI:197|DET:289|MIL:296|CLE:331
46113,IND:31|CHI:227|DET:313|MIL:325|CLE:346
46278,IND:27|CHI:200|DET:298|MIL:299|CLE:340
46214,IND:22|CHI:209|DET:306|MIL:307|CLE:346
46183,IND:27|CHI:223|DET:309|MIL:321|CLE:342
46077,IND:40|CHI:204|DET:303|MIL:303|CLE:345
46241,IND:20|CHI:217|DET:310|MIL:315|CLE:343
46979,IND:97|CHI:199|DET:284|MIL:297|CLE:326
46254,IND:22|CHI:205|DET:303|MIL:304|CLE:345
46224,IND:18|CHI:208|DET:305|MIL:307|CLE:347
46221,IND:18|CHI:220|DET:302|MIL:319|CLE:335
46268,IND:29|CHI:206|DET:295|MIL:305|CLE:337
46069,IND:63|CHI:205|DET:294|MIL:303|CLE:336
46049,IND:79|CHI:209|DET:283|MIL:307|CLE:325
46222,IND:14|CHI:213|DET:304|MIL:311|CLE:341
46106,IND:39|CHI:243|DET:323|MIL:341|CLE:356
46228,IND:21|CHI:213|DET:301|MIL:312|CLE:343
46217,IND:17|CHI:223|DET:302|MIL:322|CLE:334
46260,IND:27|CHI:211|DET:292|MIL:310|CLE:334
46142,IND:25|CHI:231|DET:310|MIL:329|CLE:343
46032,IND:39|CHI:213|DET:294|MIL:311|CLE:336
46074,IND:48|CHI:213|DET:294|MIL:311|CLE:336
46208,IND:14|CHI:214|DET:296|MIL:312|CLE:335
46225,IND:7|CHI:224|DET:304|MIL:323|CLE:337
46290,IND:31|CHI:207|DET:288|MIL:306|CLE:330
46202,IND:5|CHI:215|DET:299|MIL:314|CLE:332
46206,IND:3|CHI:222|DET:304|MIL:320|CLE:337
46204,IND:2|CHI:219|DET:300|MIL:317|CLE:333
46045,IND:72|CHI:211|DET:277|MIL:310|CLE:319
46280,IND:33|CHI:214|DET:290|MIL:312|CLE:332
46205,IND:17|CHI:220|DET:290|MIL:318|CLE:332
46227,IND:19|CHI:227|DET:302|MIL:326|CLE:334
46240,IND:28|CHI:213|DET:286|MIL:312|CLE:328
46143,IND:31|CHI:240|DET:312|MIL:338|CLE:344
46068,IND:76|CHI:209|DET:267|MIL:308|CLE:309
46201,IND:9|CHI:223|DET:298|MIL:321|CLE:329
46220,IND:24|CHI:219|DET:284|MIL:318|CLE:326
46965,IND:79|CHI:205|DET:263|MIL:304|CLE:305
46218,IND:14|CHI:219|DET:292|MIL:318|CLE:326
46203,IND:14|CHI:231|DET:300|MIL:330|CLE:333
46902,IND:80|CHI:208|DET:264|CLE:306|MIL:306
46107,IND:16|CHI:230|DET:298|MIL:328|CLE:331
46033,IND:41|CHI:219|DET:284|MIL:318|CLE:326
46237,IND:23|CHI:233|DET:301|MIL:332|CLE:333
46072,IND:73|CHI:218|DET:271|CLE:313|MIL:317
46184,IND:33|CHI:243|DET:313|MIL:341|CLE:346
46250,IND:28|CHI:210|DET:278|MIL:308|CLE:320
46062,IND:52|CHI:218|DET:279|MIL:317|CLE:321
46226,IND:22|CHI:218|DET:283|MIL:316|CLE:325
46034,IND:58|CHI:219|DET:273|CLE:315|MIL:317
46219,IND:19|CHI:225|DET:291|CLE:321|MIL:324
46937,IND:83|CHI:211|DET:257|CLE:299|MIL:310
46030,IND:60|CHI:228|DET:270|CLE:312|MIL:326
46038,IND:36|CHI:220|DET:274|CLE:316|MIL:319
46256,IND:35|CHI:220|DET:280|MIL:319|CLE:322
46031,IND:64|CHI:230|DET:265|CLE:307|MIL:329
46216,IND:32|CHI:222|DET:288|MIL:321|CLE:327
46239,IND:23|CHI:230|DET:295|CLE:327|MIL:328
46259,IND:30|CHI:236|DET:302|CLE:335|MIL:335
46229,IND:31|CHI:231|DET:297|CLE:323|MIL:330
46235,IND:30|CHI:225|DET:288|CLE:320|MIL:323
46236,IND:38|CHI:225|DET:284|MIL:323|CLE:326
46162,IND:37|CHI:248|DET:316|MIL:346|CLE:347
46047,IND:71|CHI:228|DET:258|CLE:300|MIL:326
46076,IND:85|CHI:227|DET:259|CLE:301|MIL:325
46037,IND:42|CHI:227|DET:272|CLE:314|MIL:325
46060,IND:51|CHI:234|DET:273|CLE:315|MIL:332
46936,IND:95|CHI:222|DET:246|CLE:288|MIL:322
46110,IND:40|CHI:247|DET:313|CLE:344|MIL:346
46163,IND:31|CHI:236|DET:302|CLE:324|MIL:335
46055,IND:41|CHI:236|DET:284|CLE:325|MIL:335
46126,IND:36|CHI:243|DET:308|CLE:341|MIL:341
46051,IND:50|CHI:234|DET:268|CLE:310|MIL:332
46130,IND:38|CHI:245|DET:307|CLE:329|MIL:343
46040,IND:47|CHI:236|DET:270|CLE:312|MIL:335
46036,IND:71|CHI:240|DET:251|CLE:293|MIL:339
46986,IND:91|CHI:232|DET:240|CLE:282|MIL:333
46048,IND:51|CHI:236|DET:266|CLE:307|MIL:335
46044,IND:68|CHI:247|DET:258|CLE:300|MIL:346
46176,IND:42|CHI:249|DET:315|CLE:331|MIL:347
46140,IND:37|CHI:237|DET:282|CLE:305|MIL:336
46154,IND:38|CHI:238|DET:275|CLE:306|MIL:337
46011,IND:69|CHI:253|DET:265|CLE:307|MIL:352
46064,IND:56|CHI:241|DET:263|CLE:305|MIL:339
46063,IND:75|DET:247|CHI:248|CLE:289|MIL:346
46161,IND:51|CHI:256|DET:302|CLE:324|MIL:355
46013,IND:56|CHI:240|DET:254|CLE:296|MIL:339
46928,IND:89|DET:235|CHI:243|CLE:277|MIL:341
46016,IND:59|CHI:243|DET:255|CLE:297|MIL:342
46070,IND:87|DET:241|CHI:249|CLE:283|MIL:347
46001,IND:81|DET:248|CHI:258|CLE:290|MIL:357
46144,IND:56|CHI:261|DET:306|CLE:328|MIL:359
46186,IND:59|CHI:259|DET:272|CLE:305|MIL:358
46012,IND:69|CHI:253|DET:254|CLE:296|MIL:352
46117,IND:57|CHI:257|DET:280|CLE:304|MIL:355
46017,IND:63|CHI:247|DET:253|CLE:295|MIL:345
46056,IND:64|CHI:248|DET:260|CLE:302|MIL:346
46150,IND:58|CHI:265|DET:326|CLE:331|MIL:363
46104,IND:62|CHI:267|DET:308|CLE:324|MIL:366
46938,IND:86|DET:227|CHI:248|CLE:269|MIL:347
46933,IND:90|DET:223|CHI:252|CLE:265|MIL:351
46930,IND:86|DET:227|CHI:250|CLE:269|MIL:349
46146,IND:55|CHI:261|DET:318|CLE:323|MIL:360
46115,IND:64|CHI:264|DET:293|CLE:309|MIL:363
47384,IND:61|CHI:260|DET:273|CLE:306|MIL:359
47334,IND:66|DET:247|CHI:250|CLE:289|MIL:348
47351,IND:61|CHI:261|DET:273|CLE:306|MIL:359
47396,IND:77|DET:249|CHI:261|CLE:291|MIL:360
47342,IND:85|DET:240|CHI:268|CLE:282|MIL:367
47356,IND:73|CHI:257|DET:260|CLE:302|MIL:356
46957,IND:90|DET:230|CHI:257|CLE:272|MIL:356
46989,IND:91|DET:226|CHI:258|CLE:268|MIL:357
46148,IND:64|CHI:264|DET:293|CLE:299|MIL:362
47344,IND:62|CHI:262|DET:280|CLE:299|MIL:360
47304,IND:78|DET:244|CHI:262|CLE:286|MIL:361
47385,IND:59|CHI:259|DET:284|CLE:289|MIL:358
47388,IND:74|CHI:258|DET:267|CLE:298|MIL:357
47337,IND:60|CHI:260|DET:285|CLE:290|MIL:358
46173,IND:71|CHI:278|DET:313|CLE:318|MIL:376
46155,IND:66|CHI:266|DET:293|CLE:298|MIL:365
47306,IND:83|DET:250|CHI:267|CLE:287|MIL:366
47367,IND:84|DET:264|CHI:269|CLE:298|MIL:368
47305,IND:81|DET:248|CHI:265|CLE:284|MIL:364
47386,IND:79|DET:266|CHI:271|CLE:300|MIL:370
47361,IND:71|CHI:263|DET:268|CLE:293|MIL:361
47303,IND:86|DET:242|CHI:270|CLE:278|MIL:369
47302,IND:81|DET:256|CHI:265|CLE:292|MIL:363
47362,IND:64|CHI:263|DET:277|CLE:293|MIL:362
47352,IND:68|CHI:268|DET:287|CLE:292|MIL:366
47348,IND:105|DET:237|CHI:271|CLE:279|MIL:372
47338,IND:98|DET:247|CHI:278|CLE:284|MIL:377
46127,IND:85|CHI:285|DET:298|CLE:304|MIL:384
46133,IND:85|CHI:292|DET:304|CLE:309|MIL:390
47387,IND:68|CHI:268|DET:277|CLE:283|MIL:367
47320,IND:107|DET:245|CLE:282|CHI:291|MIL:389
47383,IND:93|DET:255|CHI:277|CLE:291|MIL:376
47366,IND:62|CHI:262|DET:272|CLE:277|MIL:360
47360,IND:81|DET:270|CHI:275|CLE:284|MIL:374
47336,IND:112|DET:239|CLE:275|CHI:287|MIL:388
47335,IND:71|CHI:271|DET:274|CLE:279|MIL:369
47368,IND:100|DET:252|CHI:284|CLE:288|MIL:383
47354,IND:91|DET:267|CLE:283|CHI:285|MIL:383
47327,IND:75|DET:272|CHI:274|CLE:277|MIL:373
47346,IND:81|DET:276|CHI:281|CLE:281|MIL:379
47331,IND:93|DET:287|CLE:292|CHI:297|MIL:396
47373,IND:103|DET:228|CLE:264|CHI:288|MIL:386
47357,IND:82|DET:279|CHI:282|CLE:284|MIL:380
47370,IND:73|DET:269|CHI:273|CLE:274|MIL:372
47340,IND:104|DET:247|CLE:283|CHI:289|MIL:388
47358,IND:95|DET:262|CLE:286|CHI:291|MIL:390
47339,IND:86|DET:271|CLE:276|CHI:286|MIL:385
47345,IND:79|DET:261|CLE:266|CHI:279|MIL:378
47380,IND:113|DET:231|CLE:267|CHI:297|MIL:395
47330,IND:93|DET:269|CLE:274|CHI:293|MIL:391
47325,IND:111|DET:279|CLE:284|CHI:311|MIL:409
47393,IND:92|DET:259|CLE:266|CHI:292|MIL:391
47394,IND:114|DET:236|CLE:272|CHI:302|MIL:400
47371,IND:122|DET:218|CLE:254|CHI:289|MIL:397
47392,IND:88|DET:255|CLE:260|CHI:288|MIL:386
47355,IND:102|DET:245|CLE:267|CHI:302|MIL:401
47353,IND:114|DET:270|CLE:275|CHI:314|MIL:413
47382,IND:121|DET:234|CLE:270|CHI:305|MIL:411
47341,IND:99|DET:256|CLE:264|CHI:299|MIL:398
47374,IND:89|DET:246|CLE:251|CHI:289|MIL:387
47381,IND:137|DET:223|CLE:259|CHI:304|MIL:412
47324,IND:102|DET:257|CLE:262|CHI:302|MIL:400
47010,IND:130|DET:289|CLE:294|CHI:336|MIL:435
47390,IND:127|DET:238|CLE:275|CHI:313|MIL:417
47003,IND:121|DET:278|CLE:283|CHI:322|MIL:421
45003,IND:123|DET:270|CLE:275|CHI:324|MIL:422
45332,IND:108|DET:238|CLE:261|CHI:308|MIL:407
45347,IND:103|DET:247|CLE:254|CHI:303|MIL:401
45390,IND:138|DET:228|CLE:265|CHI:320|MIL:426
45846,IND:138|DET:205|CLE:241|CHI:305|MIL:412
45352,IND:115|DET:229|CLE:253|CHI:315|MIL:414
45346,IND:116|DET:233|CLE:256|CHI:316|MIL:415
45321,IND:108|DET:241|CLE:246|CHI:308|MIL:406
45828,IND:150|DET:197|CLE:233|CHI:300|MIL:408
45320,IND:109|DET:245|CLE:250|CHI:309|MIL:408
45303,IND:137|DET:214|CLE:250|CHI:324|MIL:431
45311,IND:119|DET:254|CLE:259|CHI:319|MIL:417
45348,IND:152|DET:204|CLE:240|CHI:313|MIL:421
45331,IND:129|DET:221|CLE:251|CHI:329|MIL:427
45310,IND:151|DET:200|CLE:236|CHI:309|MIL:417
45362,IND:148|DET:209|CLE:245|CHI:318|MIL:425
45883,IND:149|DET:196|CLE:232|CHI:304|MIL:412
45382,IND:109|DET:234|CLE:240|CHI:309|MIL:407
45064,IND:128|DET:261|CLE:266|CHI:328|MIL:427
45350,IND:142|DET:198|CLE:235|CHI:308|MIL:416
45070,IND:128|DET:255|CLE:260|CHI:328|MIL:426
45866,IND:156|DET:186|CLE:222|CHI:295|MIL:403
45338,IND:110|DET:228|CLE:233|CHI:310|MIL:408
45330,IND:121|DET:246|CLE:251|CHI:321|MIL:419
45304,IND:126|DET:228|CLE:239|CHI:326|MIL:425
45381,IND:118|DET:237|CLE:242|CHI:318|MIL:417
45860,IND:155|DET:197|CLE:233|CHI:306|MIL:414
45380,IND:143|DET:210|CLE:246|CHI:321|MIL:429
45328,IND:132|DET:207|CLE:243|CHI:332|MIL:431
45351,IND:150|DET:200|CLE:237|CHI:313|MIL:420
45826,IND:159|DET:189|CLE:225|CHI:305|MIL:412
45378,IND:119|DET:228|CLE:233|CHI:319|MIL:417
45358,IND:130|DET:220|CLE:234|CHI:330|MIL:429
45388,IND:151|DET:200|CLE:236|CHI:316|MIL:423
45308,IND:139|DET:208|CLE:244|CHI:338|MIL:437
45325,IND:133|DET:240|CLE:245|CHI:333|MIL:431
45337,IND:131|DET:216|CLE:235|CHI:331|MIL:429
45042,IND:153|DET:256|CLE:258|CHI:353|MIL:451
45309,IND:118|DET:222|CLE:227|CHI:318|MIL:416
45361,IND:127|DET:213|CLE:230|CHI:326|MIL:425
45327,IND:137|DET:247|CLE:248|CHI:337|MIL:436
45363,IND:156|DET:203|CLE:239|CHI:336|TOR:440
45354,IND:122|DET:221|CLE:226|CHI:322|MIL:420
45345,IND:129|DET:235|CLE:238|CHI:329|MIL:428
45869,IND:172|DET:184|CLE:221|CHI:312|MIL:419
45845,IND:165|DET:196|CLE:232|CHI:326|TOR:432
45865,IND:167|DET:186|CLE:222|CHI:316|TOR:422
45318,IND:143|DET:197|CLE:233|CHI:343|TOR:433
45359,IND:143|DET:203|CLE:233|CHI:343|TOR:440
45339,IND:139|DET:203|CLE:233|CHI:339|MIL:437
45315,IND:117|DET:216|CLE:222|CHI:317|MIL:415
45383,IND:135|DET:208|CLE:230|CHI:335|MIL:434
45333,IND:161|DET:192|CLE:228|CHI:334|TOR:429
45322,IND:126|DET:215|CLE:223|CHI:326|MIL:425
45426,IND:125|DET:220|CLE:225|CHI:325|MIL:423
45871,DET:177|IND:181|CLE:214|CHI:316|TOR:414
45005,IND:142|CLE:236|DET:238|CHI:349|MIL:448
45417,IND:133|DET:226|CLE:228|CHI:333|MIL:432
45342,IND:149|CLE:234|DET:235|CHI:349|MIL:447
45428,IND:135|DET:224|CLE:226|CHI:335|MIL:433
45416,IND:127|DET:215|CLE:222|CHI:327|MIL:425
45415,IND:126|DET:214|CLE:219|CHI:326|MIL:425
45336,DET:170|IND:173|CLE:207|CHI:320|TOR:407
45406,IND:130|DET:218|CLE:224|CHI:330|MIL:429
45449,IND:147|DET:229|CLE:231|CHI:347|MIL:446
45439,IND:144|DET:226|CLE:228|CHI:344|MIL:443
45356,IND:152|DET:187|CLE:223|CHI:338|TOR:423
45377,IND:129|DET:210|CLE:218|CHI:329|MIL:427
45066,IND:152|CLE:240|DET:244|CHI:359|MIL:457
45405,IND:130|DET:213|CLE:219|CHI:330|MIL:429
45414,IND:137|DET:215|CLE:222|CHI:337|MIL:435
45302,IND:170|DET:171|CLE:207|CHI:322|TOR:408
45402,IND:134|DET:217|CLE:219|CHI:334|MIL:433
45373,IND:143|DET:196|CLE:226|CHI:343|TOR:433
45423,IND:136|DET:216|CLE:218|CHI:336|MIL:434
45409,IND:144|DET:225|CLE:227|CHI:344|MIL:442
45306,DET:167|IND:174|CLE:204|CHI:319|TOR:404
45469,IND:141|DET:221|CLE:223|CHI:341|MIL:440
45419,IND:144|DET:224|CLE:226|CHI:344|MIL:443
45459,IND:150|CLE:224|DET:233|CHI:351|MIL:450
45371,IND:138|DET:202|CLE:222|CHI:337|MIL:436
45429,IND:149|CLE:229|DET:229|CHI:349|MIL:447
45410,IND:140|DET:219|CLE:220|CHI:340|MIL:439
45458,IND:159|CLE:232|DET:242|CHI:360|MIL:458
45365,IND:159|DET:176|CLE:212|CHI:328|TOR:413
45404,IND:139|DET:216|CLE:217|CHI:339|MIL:438
45403,IND:140|CLE:217|DET:217|CHI:340|MIL:439
45420,IND:146|CLE:224|DET:225|CHI:346|MIL:445
45424,IND:139|CLE:213|DET:217|CHI:339|MIL:437
45440,IND:154|CLE:221|DET:234|CHI:354|MIL:453
45326,IND:156|DET:193|CLE:213|CHI:344|TOR:430
45312,IND:151|DET:203|CLE:216|CHI:351|TOR:439
45360,IND:168|DET:181|CLE:202|CHI:332|TOR:417
45432,IND:148|CLE:216|DET:226|CHI:348|MIL:446
45305,IND:160|CLE:226|DET:239|CHI:361|MIL:459
45431,IND:151|CLE:214|DET:228|CHI:351|MIL:449
45430,IND:154|CLE:222|DET:232|CHI:353|MIL:452
45435,IND:149|CLE:212|DET:226|CHI:348|MIL:447
45340,IND:173|DET:180|CLE:199|CHI:331|TOR:416
45433,IND:161|CLE:228|DET:239|CHI:361|MIL:459
45334,DET:173|IND:178|CLE:197|CHI:324|TOR:410
45353,IND:172|DET:189|CLE:204|CHI:340|TOR:426
45068,IND:162|CLE:229|DET:263|CHI:369|MIL:467
45370,IND:169|CLE:230|DET:255|CHI:376|CHA:472
45434,IND:154|CLE:218|DET:232|CHI:354|MIL:452
45389,IND:156|DET:208|CLE:212|CHI:356|TOR:445
45301,IND:155|CLE:218|DET:233|CHI:355|MIL:454
45341,IND:141|CLE:206|DET:219|CHI:341|MIL:439
45317,IND:168|DET:201|CLE:214|CHI:352|TOR:437
45344,IND:151|CLE:219|DET:220|CHI:351|MIL:449
45032,IND:158|CLE:219|DET:262|CHI:365|CHA:462
45324,IND:147|CLE:210|DET:226|CHI:347|MIL:446
43343,IND:178|DET:190|CLE:198|CHI:341|TOR:426
43070,IND:176|DET:198|CLE:205|CHI:349|TOR:434
43072,IND:162|DET:204|CLE:205|CHI:356|TOR:441
45319,IND:144|CLE:201|DET:220|CHI:344|MIL:442
45349,IND:155|CLE:206|DET:217|CHI:355|MIL:453
45323,IND:150|CLE:204|DET:228|CHI:350|MIL:448
43333,DET:185|IND:188|CLE:192|CHI:336|TOR:421
45385,IND:161|CLE:213|DET:239|CHI:361|CHA:455
43318,IND:183|CLE:192|DET:195|CHI:348|TOR:432
45502,IND:159|CLE:207|DET:226|CHI:359|MIL:458
43348,DET:182|CLE:189|IND:190|CHI:334|TOR:418
45384,IND:159|CLE:213|DET:238|CHI:359|CHA:457
45387,IND:153|CLE:202|DET:231|CHI:353|MIL:452
45504,IND:149|CLE:197|DET:227|CHI:349|MIL:447
45372,IND:155|CLE:195|DET:223|CHI:355|MIL:454
45506,IND:152|CLE:196|DET:230|CHI:352|MIL:450
45316,IND:158|CLE:201|DET:236|CHI:358|MIL:456
43324,DET:174|CLE:181|IND:191|CHI:332|TOR:411
45501,IND:149|CLE:194|DET:227|CHI:349|MIL:447
43078,IND:165|CLE:193|DET:214|CHI:365|TOR:451
45164,IND:167|CLE:209|DET:260|CHI:374|CHA:452
45314,IND:170|CLE:213|DET:248|CHI:370|CHA:460
45503,IND:156|CLE:188|DET:229|CHI:356|MIL:454
43311,CLE:176|DET:183|IND:188|CHI:341|TOR:420
45505,IND:153|CLE:193|DET:231|CHI:353|MIL:451
43357,IND:178|CLE:182|DET:197|CHI:354|TOR:433
45335,IND:174|CLE:204|DET:253|CHI:374|CHA:446
45307,IND:167|CLE:202|DET:259|CHI:373|CHA:445
45169,IND:177|CLE:212|DET:275|CHI:384|CHA:445
45368,IND:165|CLE:193|DET:243|CHI:365|MIL:463
43009,IND:177|CLE:179|DET:210|CHI:368|TOR:447
43010,IND:165|CLE:182|DET:228|CHI:365|MIL:463
45369,IND:161|CLE:182|DET:237|CHI:361|MIL:459
43128,IND:180|CLE:195|DET:263|CHI:384|CHA:444
43142,IND:176|CLE:197|DET:261|CHI:382|CHA:438
43153,IND:185|CLE:200|DET:263|CHI:385|CHA:459
43151,IND:185|CLE:188|DET:254|CHI:387|CHA:448
43160,IND:186|CLE:207|DET:271|CHI:392|CHA:427
43106,IND:187|CLE:190|DET:266|CHI:394|CHA:438
43145,CLE:201|IND:201|DET:277|CHI:407|CHA:430
47944,IND:118|CHI:144|MIL:244|DET:342|CLE:384
47971,IND:106|CHI:152|MIL:252|DET:330|CLE:372
47986,IND:103|CHI:151|MIL:251|DET:326|CLE:368
47995,IND:105|CHI:131|MIL:230|DET:315|CLE:357
47923,IND:94|CHI:143|MIL:242|DET:313|CLE:355
47929,IND:107|CHI:147|MIL:246|DET:318|CLE:360
47980,IND:109|CHI:140|MIL:239|DET:303|CLE:345
47920,IND:90|CHI:159|MIL:258|DET:309|CLE:351
47960,IND:118|CHI:161|MIL:259|DET:292|CLE:334
47925,IND:129|CHI:155|MIL:253|DET:301|CLE:343
47997,IND:106|CHI:166|MIL:264|DET:298|CLE:340
47950,IND:131|CHI:173|MIL:272|DET:292|CLE:334
46923,IND:94|CHI:168|MIL:267|DET:278|CLE:320
47926,IND:129|CHI:172|MIL:270|DET:282|CLE:324
46978,IND:134|CHI:174|MIL:277|DET:280|CLE:322
46913,IND:96|CHI:186|MIL:284|DET:295|CLE:337
46929,IND:107|CHI:187|MIL:285|DET:287|CLE:329
46917,IND:112|CHI:186|DET:278|MIL:285|CLE:320
46939,IND:149|CHI:173|MIL:280|DET:287|CLE:329
46947,IND:118|CHI:184|DET:261|MIL:282|CLE:303
46950,IND:134|CHI:186|DET:272|MIL:291|CLE:314
46998,IND:104|CHI:195|DET:278|MIL:293|CLE:320
46932,IND:111|CHI:207|DET:278|MIL:305|CLE:319
46931,IND:134|CHI:172|DET:270|MIL:280|CLE:312
46994,IND:109|CHI:200|DET:262|MIL:298|CLE:304
46975,IND:135|CHI:163|DET:269|MIL:270|CLE:310
46988,IND:124|CHI:189|DET:261|MIL:296|CLE:303
46967,IND:108|CHI:203|DET:260|CLE:301|MIL:306
46961,IND:111|CHI:194|DET:248|CLE:290|MIL:299
46901,IND:94|CHI:212|DET:269|MIL:310|CLE:311
46971,IND:105|CHI:200|DET:257|CLE:298|MIL:307
46958,IND:115|CHI:185|DET:247|CLE:289|MIL:292
46959,IND:94|CHI:200|DET:256|CLE:298|MIL:307
46951,IND:128|CHI:184|DET:256|MIL:292|CLE:297
46914,IND:99|CHI:201|DET:257|CLE:299|MIL:308
46970,IND:113|CHI:194|DET:242|CLE:284|MIL:302
46926,IND:125|CHI:187|DET:249|CLE:291|MIL:295
46910,IND:142|CHI:180|DET:250|MIL:287|CLE:292
46539,IND:156|CHI:167|DET:248|MIL:275|CLE:289
46508,IND:165|CHI:174|DET:244|MIL:282|CLE:286
46911,IND:113|CHI:217|DET:249|CLE:291|MIL:324
46974,IND:142|CHI:199|DET:243|CLE:285|MIL:307
46982,IND:152|CHI:192|DET:239|CLE:281|MIL:300
46510,IND:161|CHI:184|DET:241|CLE:283|MIL:291
46919,IND:104|CHI:226|DET:240|CLE:282|MIL:333
46580,IND:166|CHI:170|DET:228|CLE:270|MIL:278
46943,IND:149|CHI:203|DET:237|CLE:279|MIL:310
46992,IND:120|CHI:212|DET:229|CLE:270|MIL:320
46984,IND:109|CHI:222|DET:238|CLE:280|MIL:329
46590,IND:172|CHI:173|DET:221|CLE:263|MIL:280
46962,IND:147|CHI:202|DET:226|CLE:268|MIL:310
46987,IND:101|DET:228|CHI:234|CLE:270|MIL:341
46980,IND:145|CHI:208|DET:227|CLE:269|MIL:316
46946,IND:152|CHI:200|DET:231|CLE:273|MIL:308
46990,IND:143|CHI:211|DET:223|CLE:265|MIL:319
46941,IND:138|CHI:222|DET:226|CLE:268|MIL:330
46940,IND:116|DET:229|CHI:236|CLE:271|MIL:343
46562,IND:169|CHI:181|DET:218|CLE:260|MIL:288
46953,IND:92|DET:224|CHI:244|CLE:266|MIL:345
46952,IND:105|DET:227|CHI:245|CLE:269|MIL:353
46702,IND:126|DET:216|CHI:230|CLE:258|MIL:338
46764,IND:164|CHI:186|DET:212|CLE:254|MIL:293
46787,IND:145|CHI:198|DET:218|CLE:260|MIL:305
46760,IND:170|CHI:199|DET:215|CLE:253|MIL:306
46991,IND:102|DET:211|CHI:249|CLE:253|MIL:356
46750,IND:122|DET:203|CHI:223|CLE:245|MIL:330
46796,IND:164|CHI:201|DET:209|CLE:248|MIL:308
46725,IND:155|CHI:196|DET:201|CLE:243|MIL:304
46792,IND:109|DET:209|CHI:249|CLE:251|MIL:356
46701,IND:169|CHI:199|DET:202|CLE:241|MIL:306
46783,IND:128|DET:188|CHI:224|CLE:230|MIL:331
46723,IND:153|DET:198|CHI:209|CLE:240|MIL:316
46770,IND:116|DET:195|CLE:237|CHI:239|MIL:346
46814,IND:135|DET:194|CHI:212|CLE:236|MIL:320
46704,IND:139|DET:190|CHI:207|CLE:232|MIL:315
46766,IND:126|DET:214|CLE:256|CHI:258|MIL:366
47359,IND:107|DET:225|CHI:261|CLE:261|MIL:369
46799,IND:126|DET:185|CLE:227|CHI:233|MIL:340
46755,IND:169|DET:183|CHI:202|CLE:221|MIL:310
46781,IND:125|DET:223|CLE:265|CHI:266|MIL:374
46818,IND:143|DET:188|CHI:209|CLE:230|MIL:317
46791,IND:125|DET:197|CLE:239|CHI:248|MIL:355
46710,IND:159|DET:189|CHI:211|CLE:227|MIL:318
46763,IND:161|DET:196|CHI:220|CLE:234|MIL:328
46804,IND:134|DET:191|CHI:223|CLE:233|MIL:331
46798,IND:132|DET:186|CLE:227|CHI:234|MIL:342
46809,IND:130|DET:184|CLE:226|CHI:228|MIL:336
46759,IND:124|DET:217|CLE:259|CHI:274|MIL:382
46808,IND:143|DET:187|CHI:216|CLE:229|MIL:323
46714,IND:134|DET:200|CLE:242|CHI:258|MIL:365
46802,IND:140|DET:181|CHI:221|CLE:223|MIL:329
46748,IND:151|DET:189|CHI:222|CLE:231|MIL:329
46778,IND:120|DET:213|CLE:255|CHI:270|MIL:378
46738,IND:156|DET:183|CHI:218|CLE:221|MIL:325
46777,IND:135|DET:187|CLE:229|CHI:244|MIL:351
46807,IND:138|DET:180|CLE:222|CHI:228|MIL:335
47369,IND:130|DET:230|CLE:266|CHI:284|MIL:391
46819,IND:135|DET:177|CLE:219|CHI:234|MIL:342
46825,IND:143|DET:182|CHI:220|CLE:224|MIL:328
46805,IND:146|DET:177|CLE:219|CHI:223|MIL:331
46845,IND:146|DET:180|CLE:222|CHI:223|MIL:330
46731,IND:140|DET:200|CLE:242|CHI:257|MIL:364
46806,IND:142|DET:174|CLE:216|CHI:232|MIL:340
46803,IND:148|DET:171|CLE:212|CHI:229|MIL:336
46815,IND:151|DET:172|CLE:214|CHI:228|MIL:335
46816,IND:141|DET:174|CLE:216|CHI:240|MIL:348
46835,IND:149|DET:168|CLE:210|CHI:227|MIL:335
46765,IND:158|DET:181|CLE:223|CHI:232|MIL:339
46745,IND:146|DET:177|CLE:219|CHI:243|MIL:351
46774,IND:147|DET:163|CLE:205|CHI:233|MIL:341
47326,IND:126|DET:206|CLE:242|CHI:277|MIL:385
46740,IND:132|DET:207|CLE:248|CHI:273|MIL:380
46741,IND:159|DET:172|CLE:214|CHI:236|MIL:343
46733,IND:146|DET:186|CLE:228|CHI:252|MIL:360
46711,IND:136|DET:202|CLE:244|CHI:268|MIL:376
46772,IND:147|DET:201|CLE:240|CHI:267|MIL:374
46773,IND:158|DET:174|CLE:216|CHI:245|MIL:352
46797,DET:155|IND:158|CLE:197|CHI:242|MIL:349
45899,IND:162|DET:192|CLE:221|CHI:269|MIL:376
45898,IND:157|DET:196|CLE:226|CHI:267|MIL:374
45880,DET:159|IND:167|CLE:201|CHI:253|MIL:361
45832,IND:166|DET:176|CLE:209|CHI:252|MIL:360
45874,IND:169|DET:188|CLE:218|CHI:271|MIL:378
45882,IND:159|DET:194|CLE:224|CHI:277|MIL:384
45886,DET:163|IND:171|CLE:205|CHI:257|MIL:365
45851,DET:158|IND:172|CLE:200|CHI:259|MIL:366
45822,IND:148|DET:181|CLE:218|CHI:290|MIL:398
45891,DET:170|IND:174|CLE:199|CHI:260|MIL:368
45862,IND:165|DET:188|CLE:219|CHI:284|MIL:391
45838,IND:175|DET:181|CLE:211|CHI:282|MIL:389
45894,IND:178|DET:180|CLE:210|CHI:283|MIL:390
45863,DET:163|IND:181|CLE:196|CHI:268|MIL:375
45885,IND:165|DET:175|CLE:211|CHI:300|MIL:408
45887,DET:171|IND:181|CLE:202|CHI:290|MIL:397
45833,DET:159|IND:187|CLE:189|CHI:274|MIL:381
45819,DET:165|IND:177|CLE:201|CHI:304|TOR:402
45805,DET:153|CLE:187|IND:193|CHI:292|TOR:390
45895,DET:161|IND:178|CLE:197|CHI:313|TOR:398
45806,DET:153|IND:188|CLE:189|CHI:304|TOR:389
45888,DET:156|IND:182|CLE:192|CHI:307|TOR:392
45884,DET:162|IND:178|CLE:198|CHI:313|TOR:399
45870,DET:169|IND:187|CLE:196|CHI:321|TOR:405
43331,DET:174|IND:192|CLE:193|CHI:327|TOR:411
93042,
90704,
92629,LAL:72|LAC:73|PHX:372|SAC:445|GSW:452
92624,LAL:69|LAC:71|PHX:370|SAC:443|GSW:449
92675,LAL:64|LAC:66|PHX:365|SAC:438|GSW:444
92673,LAL:77|LAC:78|PHX:377|SAC:450|GSW:457
92672,
92055,
92054,LAL:93|LAC:94|PHX:381|SAC:466|GSW:473
92058,LAL:105|LAC:106|PHX:375|SAC:478|GSW:485
92008,LAL:101|LAC:102|PHX:383|SAC:474|GSW:481
92056,LAL:103|LAC:104|PHX:380|SAC:476|GSW:483
92011,LAL:106|LAC:108|PHX:384|SAC:480|GSW:486
92057,LAL:108|LAC:109|PHX:365|SAC:481|GSW:488
92010,LAL:105|LAC:107|PHX:382|SAC:479|GSW:485
92007,LAL:110|LAC:111|PHX:374|SAC:483|GSW:490
92075,LAL:114|LAC:116|PHX:373|SAC:488|GSW:494
92024,LAL:114|LAC:115|PHX:384|SAC:487|GSW:494
92037,LAL:128|LAC:130|PHX:365|SAC:502|GSW:508
92014,LAL:120|LAC:122|PHX:377|SAC:494|GSW:500
92083,LAL:102|LAC:104|PHX:371|SAC:476|GSW:482
92009,LAL:116|LAC:117|PHX:383|SAC:489|GSW:496
92107,LAL:138|LAC:140|PHX:365|SAC:512|GSW:518
92081,LAL:108|LAC:109|PHX:373|SAC:481|GSW:488
92106,LAL:142|LAC:144|PHX:370|SAC:516|GSW:522
92093,LAL:126|LAC:127|PHX:372|SAC:499|GSW:506
92092,LAL:124|LAC:125|PHX:368|SAC:497|GSW:504
92109,LAL:131|LAC:133|PHX:366|SAC:505|GSW:511
92161,LAL:124|LAC:126|PHX:369|SAC:498|GSW:504
92028,LAL:108|LAC:110|PHX:348|SAC:481|GSW:488
92147,LAL:137|LAC:139|PHX:367|SAC:510|GSW:517
92122,LAL:126|LAC:128|PHX:364|SAC:500|GSW:506
92118,LAL:144|LAC:146|PHX:369|SAC:518|GSW:524
92130,LAL:118|LAC:120|PHX:368|SAC:492|GSW:498
92121,LAL:121|LAC:122|PHX:365|SAC:494|GSW:501
92110,LAL:131|LAC:133|PHX:361|SAC:505|GSW:511
92084,LAL:114|LAC:116|PHX:370|SAC:488|GSW:494
92117,LAL:129|LAC:130|PHX:365|SAC:502|GSW:509
92003,LAL:116|LAC:119|PHX:356|SAC:489|GSW:496
92140,LAL:133|LAC:134|PHX:364|SAC:506|GSW:513
92135,LAL:145|LAC:146|PHX:369|SAC:518|GSW:525
92067,LAL:123|LAC:125|PHX:383|SAC:497|GSW:503
92091,LAL:124|LAC:125|PHX:383|SAC:497|GSW:504
92078,LAL:117|LAC:118|PHX:374|SAC:490|GSW:497
92101,LAL:136|LAC:137|PHX:363|SAC:509|GSW:516
92132,LAL:136|LAC:138|PHX:362|SAC:510|GSW:516
92111,LAL:132|LAC:133|PHX:363|SAC:505|GSW:512
92103,LAL:134|LAC:135|PHX:361|SAC:507|GSW:514
92069,LAL:113|LAC:115|PHX:362|SAC:487|GSW:493
92155,LAL:144|LAC:146|PHX:369|SAC:518|GSW:525
92096,LAL:112|LAC:114|PHX:369|SAC:485|GSW:492
92134,LAL:137|LAC:139|PHX:364|SAC:511|GSW:517
92126,LAL:130|LAC:132|PHX:367|SAC:504|GSW:510
92145,LAL:128|LAC:130|PHX:370|SAC:502|GSW:508
92108,LAL:134|LAC:136|PHX:358|SAC:507|GSW:514
92123,LAL:132|LAC:134|PHX:359|SAC:506|GSW:512
92104,LAL:134|LAC:135|PHX:359|SAC:507|GSW:514
92129,LAL:127|LAC:128|PHX:370|SAC:500|GSW:507
92026,LAL:122|LAC:124|PHX:362|SAC:495|GSW:501
92127,LAL:128|LAC:130|PHX:375|SAC:502|GSW:508
92029,LAL:119|LAC:121|PHX:368|SAC:493|GSW:499
92116,LAL:131|LAC:132|PHX:356|SAC:504|GSW:511
92136,LAL:137|LAC:139|PHX:360|SAC:511|GSW:517
92113,LAL:136|LAC:138|PHX:359|SAC:510|GSW:516
92102,LAL:137|LAC:138|PHX:356|SAC:510|GSW:517
91932,LAL:152|LAC:153|PHX:372|SAC:525|GSW:532
91950,LAL:139|LAC:141|PHX:362|SAC:513|GSW:519
92105,LAL:137|LAC:139|PHX:360|SAC:511|GSW:517
92124,LAL:133|LAC:135|PHX:359|SAC:507|GSW:513
92182,LAL:138|LAC:139|PHX:353|SAC:511|GSW:518
92120,LAL:138|LAC:140|PHX:355|SAC:512|GSW:518
92128,LAL:124|LAC:126|PHX:372|SAC:498|GSW:504
92115,LAL:140|LAC:142|PHX:356|SAC:514|GSW:520
91910,LAL:143|LAC:145|PHX:364|SAC:517|GSW:523
92114,LAL:141|LAC:143|PHX:357|SAC:515|GSW:521
92173,LAL:148|LAC:149|PHX:368|SAC:521|GSW:528
91911,LAL:146|LAC:148|PHX:367|SAC:520|GSW:526
92139,LAL:143|LAC:144|PHX:358|SAC:516|GSW:523
92131,LAL:139|LAC:141|PHX:372|SAC:513|GSW:519
91945,LAL:141|LAC:142|PHX:353|SAC:514|GSW:521
92025,LAL:121|LAC:123|PHX:370|SAC:495|GSW:501
92119,LAL:140|LAC:141|PHX:356|SAC:513|GSW:520
91942,LAL:138|LAC:140|PHX:350|SAC:512|GSW:518
92064,LAL:136|LAC:138|PHX:370|SAC:510|GSW:516
91902,LAL:150|LAC:152|PHX:361|SAC:523|GSW:530
92082,LAL:142|LAC:144|PHX:382|SAC:515|GSW:521
91941,LAL:143|LAC:144|PHX:350|SAC:516|GSW:523
92071,LAL:138|LAC:140|PHX:352|SAC:511|GSW:518
91977,LAL:147|LAC:149|PHX:356|SAC:521|GSW:527
91913,LAL:149|LAC:151|PHX:367|SAC:523|GSW:529
92027,LAL:154|LAC:155|PHX:403|SAC:527|GSW:534
92020,LAL:142|LAC:143|PHX:345|SAC:515|GSW:522
92154,LAL:155|LAC:156|PHX:375|SAC:528|GSW:535
91914,LAL:154|LAC:155|PHX:363|SAC:527|GSW:534
91915,LAL:156|LAC:157|PHX:367|SAC:529|GSW:536
92179,LAL:157|LAC:158|PHX:376|SAC:530|GSW:537
91978,LAL:164|LAC:166|PHX:373|SAC:538|GSW:544
92040,LAL:148|LAC:150|PHX:349|SAC:522|GSW:528
92021,LAL:149|LAC:150|PHX:339|SAC:522|GSW:529
92019,LAL:152|LAC:153|PHX:346|SAC:525|GSW:532
92065,LAL:152|LAC:154|PHX:370|SAC:526|GSW:533
91935,LAL:177|LAC:179|PHX:353|SAC:551|GSW:557
91917,LAL:172|LAC:174|PHX:350|SAC:546|GSW:552
91901,LAL:172|LAC:173|PHX:345|SAC:545|GSW:552
91980,LAL:178|LAC:179|PHX:339|SAC:551|GSW:558
91916,LAL:177|LAC:178|PHX:337|SAC:550|GSW:557
91963,LAL:221|LAC:222|PHX:357|SAC:594|GSW:601
91931,LAL:170|LAC:171|PHX:323|SAC:543|GSW:550
91962,LAL:174|LAC:175|PHX:323|SAC:547|GSW:554
91906,LAL:199|LAC:200|PHX:327|SAC:572|GSW:579
91948,LAL:175|LAC:176|PHX:321|SAC:548|GSW:555
91905,LAL:190|LAC:192|PHX:302|SAC:564|GSW:571
91934,LAL:225|LAC:227|PHX:313|SAC:599|GSW:605
93117,LAC:131|LAL:132|GSW:328|SAC:386|PHX:483
93106,LAC:120|LAL:121|GSW:346|SAC:404|PHX:472
93111,LAC:116|LAL:117|GSW:344|SAC:402|PHX:467
93110,LAC:112|LAL:114|GSW:348|SAC:405|PHX:464
93109,LAC:113|LAL:115|GSW:355|SAC:413|PHX:465
93101,LAC:108|LAL:109|GSW:350|SAC:407|PHX:460
93103,LAC:115|LAL:116|GSW:360|SAC:418|PHX:467
93108,LAC:112|LAL:113|GSW:364|SAC:422|PHX:463
93067,LAC:102|LAL:104|GSW:357|SAC:415|PHX:454
93013,
93001,
93022,LAC:94|LAL:95|GSW:390|SAC:404|PHX:445
93035,LAC:84|LAL:85|GSW:394|SAC:409|PHX:436
93003,LAC:83|LAL:84|GSW:386|SAC:399|PHX:434
93043,LAC:82|LAL:84|GSW:394|SAC:409|PHX:434
93041,LAC:84|LAL:85|GSW:398|SAC:413|PHX:435
93030,LAC:75|LAL:76|GSW:392|SAC:407|PHX:426
93004,LAC:82|LAL:83|GSW:389|SAC:394|PHX:434
93036,LAC:77|LAL:78|GSW:391|SAC:400|PHX:429
93033,LAC:75|LAL:77|GSW:400|SAC:412|PHX:427
93060,LAC:107|LAL:108|SAC:406|GSW:411|PHX:458
93010,LAC:71|LAL:73|GSW:397|SAC:407|PHX:423
93066,LAC:81|LAL:83|SAC:390|GSW:397|PHX:432
93012,LAC:61|LAL:62|GSW:399|SAC:401|PHX:412
91320,LAC:61|LAL:62|SAC:401|GSW:406|PHX:412
91361,LAC:57|LAL:58|SAC:398|GSW:404|PHX:408
91360,LAC:58|LAL:59|SAC:394|GSW:400|PHX:409
90265,LAC:59|LAL:60|SAC:400|GSW:406|PHX:410
91362,LAC:56|LAL:57|SAC:397|GSW:403|PHX:407
91377,LAC:54|LAL:56|SAC:395|GSW:402|PHX:406
91301,LAC:49|LAL:50|SAC:390|GSW:396|PHX:400
90263,LAL:51|LAC:52|SAC:401|GSW:407|PHX:411
91302,LAC:49|LAL:50|SAC:390|GSW:396|PHX:400
90290,LAC:56|LAL:57|SAC:397|GSW:404|PHX:408
90272,
90402,LAL:25|LAC:26|SAC:383|PHX:385|GSW:390
90401,LAC:21|LAL:21|PHX:380|SAC:381|GSW:388
90403,LAL:24|LAC:25|PHX:384|SAC:385|GSW:391
90404,LAC:20|LAL:20|PHX:379|SAC:380|GSW:387
90405,LAC:22|LAL:22|PHX:381|SAC:382|GSW:389
90291,LAC:21|LAL:27|PHX:386|SAC:387|GSW:393
90073,LAC:19|LAL:21|SAC:376|PHX:380|GSW:382
90292,LAC:24|LAL:33|PHX:392|SAC:392|GSW:399
90025,LAC:16|LAL:18|PHX:377|SAC:378|GSW:384
90293,LAC:13|LAL:25|PHX:381|SAC:392|GSW:398
90066,LAC:17|LAL:23|SAC:381|PHX:382|GSW:388
90064,LAL:18|LAC:19|PHX:378|SAC:378|GSW:384
90094,LAC:16|LAL:26|SAC:384|PHX:385|GSW:390
90045,LAC:15|LAL:28|PHX:384|SAC:394|GSW:400
90266,LAC:18|LAL:30|PHX:386|SAC:394|GSW:400
90245,LAC:13|LAL:25|PHX:381|SAC:391|GSW:398
90034,LAL:15|LAC:21|PHX:374|SAC:380|GSW:386
90254,LAC:23|LAL:36|PHX:388|SAC:399|GSW:405
90230,LAC:17|LAL:23|PHX:383|SAC:383|GSW:389
90232,LAL:17|LAC:18|PHX:377|SAC:381|GSW:388
90277,LAC:23|LAL:35|PHX:388|SAC:399|GSW:406
90274,LAC:37|LAL:38|PHX:391|SAC:413|GSW:419
90278,LAC:15|LAL:28|PHX:380|SAC:391|GSW:398
90056,LAC:14|LAL:22|PHX:382|SAC:385|GSW:392
90275,LAC:37|LAL:39|PHX:391|SAC:415|GSW:421
90304,LAC:5|LAL:21|PHX:377|SAC:386|GSW:392
90301,LAC:6|LAL:24|PHX:380|SAC:383|GSW:390
90302,LAC:10|LAL:20|PHX:382|SAC:386|GSW:393
90503,LAC:21|LAL:30|PHX:382|SAC:397|GSW:403
90250,LAC:9|LAL:22|PHX:378|SAC:389|GSW:396
90260,LAC:14|LAL:26|PHX:378|SAC:390|GSW:396
90505,LAC:28|LAL:32|PHX:384|SAC:404|GSW:411
90008,LAL:15|LAC:18|PHX:374|SAC:387|GSW:393
90043,LAC:12|LAL:19|PHX:378|SAC:390|GSW:396
90303,LAC:6|LAL:21|PHX:377|SAC:390|GSW:397
90504,LAC:15|LAL:23|PHX:375|SAC:391|GSW:397
90305,LAC:8|LAL:20|PHX:381|SAC:390|GSW:397
90506,LAC:17|LAL:25|PHX:377|SAC:393|GSW:400
90717,LAC:26|LAL:28|PHX:380|SAC:404|GSW:411
90249,LAC:14|LAL:20|PHX:376|SAC:396|GSW:402
90501,LAC:21|LAL:25|PHX:377|SAC:397|GSW:403
90732,LAC:28|LAL:30|PHX:382|SAC:406|GSW:412
90047,LAC:8|LAL:16|PHX:377|SAC:394|GSW:400
90710,LAC:24|LAL:26|PHX:378|SAC:402|GSW:408
90247,LAC:16|LAL:18|PHX:373|SAC:397|GSW:403
90502,LAC:21|LAL:22|PHX:375|SAC:398|GSW:405
90044,LAC:10|LAL:14|PHX:374|SAC:393|GSW:400
90248,LAC:17|LAL:19|PHX:370|SAC:397|GSW:403
90731,LAC:28|LAL:30|PHX:382|SAC:406|GSW:413
90061,LAC:14|LAL:16|PHX:374|SAC:395|GSW:402
90003,LAL:11|LAC:14|PHX:373|SAC:394|GSW:401
90745,LAC:22|LAL:24|PHX:375|SAC:400|GSW:406
90744,LAC:25|LAL:27|PHX:379|SAC:403|GSW:409
90746,LAC:23|LAL:25|PHX:370|SAC:401|GSW:408
90747,LAC:22|LAL:23|PHX:369|SAC:401|GSW:408
90059,LAC:14|LAL:18|PHX:371|SAC:395|GSW:402
90002,LAC:17|LAL:17|PHX:373|SAC:398|GSW:404
90222,LAC:18|LAL:22|PHX:372|SAC:399|GSW:406
90220,LAC:22|LAL:24|PHX:368|SAC:401|GSW:408
90810,LAC:31|LAL:33|PHX:380|SAC:407|GSW:413
90802,LAC:35|LAL:37|PHX:379|SAC:410|GSW:417
90221,LAC:23|LAL:25|PHX:366|SAC:402|GSW:409
90262,LAC:16|LAL:21|PHX:369|SAC:397|GSW:404
90831,LAC:32|LAL:34|PHX:377|SAC:408|GSW:415
90813,LAC:31|LAL:33|PHX:375|SAC:407|GSW:413
90807,LAC:27|LAL:29|PHX:372|SAC:403|GSW:410
90805,LAC:24|LAL:28|PHX:365|SAC:403|GSW:409
90806,LAC:26|LAL:28|PHX:369|SAC:402|GSW:409
90755,LAC:28|LAL:30|PHX:368|SAC:404|GSW:411
90723,LAC:21|LAL:25|PHX:367|SAC:401|GSW:407
90804,LAC:33|LAL:35|PHX:371|SAC:409|GSW:415
90712,LAC:30|LAL:33|PHX:366|SAC:409|GSW:415
90814,LAC:34|LAL:36|PHX:370|SAC:410|GSW:417
90803,LAC:39|LAL:41|PHX:371|SAC:415|GSW:422
90706,LAC:25|LAL:29|PHX:363|SAC:405|GSW:412
90840,LAC:33|LAL:35|PHX:368|SAC:409|GSW:415
90822,LAC:34|LAL:36|PHX:366|SAC:409|GSW:416
90815,LAC:31|LAL:33|PHX:364|SAC:406|GSW:413
90713,LAC:30|LAL:33|PHX:364|SAC:406|GSW:413
90808,LAC:32|LAL:34|PHX:368|SAC:408|GSW:415
90743,LAC:43|LAL:45|PHX:371|SAC:419|GSW:426
90701,LAC:29|LAL:31|PHX:358|SAC:405|GSW:411
90715,LAC:30|LAL:33|PHX:364|SAC:406|GSW:413
90742,LAC:44|LAL:46|PHX:372|SAC:420|GSW:426
90740,LAC:34|LAL:36|PHX:362|SAC:410|GSW:416
90716,LAC:30|LAL:32|PHX:364|SAC:406|GSW:412
90703,LAC:31|LAL:33|PHX:358|SAC:407|GSW:413
90720,LAC:33|LAL:36|PHX:367|SAC:409|GSW:416
92649,LAC:45|LAL:47|PHX:369|SAC:421|GSW:427
90623,LAC:33|LAL:35|PHX:356|SAC:409|GSW:416
90630,LAC:38|LAL:40|PHX:361|SAC:414|GSW:420
92845,LAC:36|LAL:38|PHX:362|SAC:412|GSW:418
92648,LAC:52|LAL:54|PHX:373|SAC:428|GSW:435
92647,LAC:43|LAL:45|PHX:366|SAC:419|GSW:425
90680,LAC:42|LAL:44|PHX:362|SAC:418|GSW:424
92683,LAC:39|LAL:41|PHX:359|SAC:415|GSW:422
92655,LAC:40|LAL:42|PHX:360|SAC:415|GSW:422
92841,LAC:40|LAL:42|PHX:360|SAC:416|GSW:422
92804,LAL:39|LAC:40|PHX:357|SAC:412|GSW:419
92844,LAC:40|LAL:42|PHX:353|SAC:416|GSW:423
92646,LAC:52|LAL:54|PHX:370|SAC:428|GSW:435
92708,LAC:41|LAL:43|PHX:360|SAC:417|GSW:424
92840,LAL:42|LAC:45|PHX:357|SAC:416|GSW:422
92843,LAC:40|LAL:42|PHX:352|SAC:416|GSW:423
92663,LAC:53|LAL:54|PHX:360|SAC:428|GSW:434
92627,LAC:50|LAL:52|PHX:358|SAC:425|GSW:432
92661,LAC:60|LAL:61|PHX:367|SAC:435|GSW:441
92626,LAC:46|LAL:48|PHX:357|SAC:422|GSW:428
92703,LAC:46|LAL:47|PHX:356|SAC:421|GSW:427
92704,LAC:51|LAL:53|PHX:363|SAC:426|GSW:433
92662,LAC:56|LAL:58|PHX:366|SAC:432|GSW:439
92706,LAL:43|LAC:47|PHX:354|SAC:417|GSW:423
92660,LAC:52|LAL:54|PHX:361|SAC:427|GSW:434
92707,LAL:49|LAC:50|PHX:355|SAC:422|GSW:429
92625,LAC:54|LAL:56|PHX:363|SAC:430|GSW:436
92701,LAL:42|LAC:46|PHX:351|SAC:416|GSW:422
92697,LAC:50|LAL:52|PHX:359|SAC:426|GSW:432
92617,LAC:51|LAL:53|PHX:360|SAC:427|GSW:433
92614,LAC:49|LAL:50|PHX:352|SAC:423|GSW:430
92606,LAL:49|LAC:50|PHX:349|SAC:422|GSW:429
92657,LAC:53|LAL:55|PHX:362|SAC:429|GSW:435
92612,LAC:51|LAL:52|PHX:356|SAC:425|GSW:432
92780,LAL:42|LAC:46|PHX:348|SAC:416|GSW:422
92603,LAC:57|LAL:59|PHX:361|SAC:433|GSW:440
92604,LAL:51|LAC:55|PHX:351|SAC:425|GSW:431
92651,LAC:58|LAL:59|PHX:360|SAC:433|GSW:439
92618,LAL:52|LAC:56|PHX:352|SAC:425|GSW:432
92656,LAC:60|LAL:61|PHX:362|SAC:435|GSW:441
92637,LAL:59|LAC:62|PHX:359|SAC:432|GSW:439
92677,LAC:68|LAL:68|PHX:369|SAC:442|GSW:448
92653,LAL:59|LAC:62|PHX:359|SAC:432|GSW:439
92630,LAL:58|LAC:61|PHX:355|SAC:432|GSW:438
92691,LAL:62|LAC:65|PHX:363|SAC:436|GSW:442
92692,LAL:62|LAC:65|PHX:361|SAC:436|GSW:443
92688,LAL:63|LAC:67|PHX:357|SAC:437|GSW:443
92694,LAL:74|LAC:76|PHX:369|SAC:447|GSW:454
93424,LAC:272|LAL:274|GSW:312|SAC:370|PHX:624
93449,LAC:207|LAL:208|GSW:252|SAC:310|PHX:558
93445,LAC:210|LAL:212|GSW:281|SAC:339|PHX:562
93434,LAC:202|LAL:203|GSW:288|SAC:346|PHX:553
93433,LAC:204|LAL:205|GSW:258|SAC:316|PHX:555
93429,LAC:193|LAL:195|GSW:292|SAC:350|PHX:545
93437,LAC:182|LAL:184|GSW:291|SAC:349|PHX:534
93444,LAC:193|LAL:194|GSW:267|SAC:325|PHX:544
93458,LAC:191|LAL:192|GSW:280|SAC:337|PHX:543
93455,
93436,LAC:202|LAL:204|GSW:367|SAC:425|PHX:554
93454,LAC:226|LAL:227|GSW:327|SAC:385|PHX:577
93440,LAC:182|LAL:183|GSW:303|SAC:361|PHX:533
93427,LAC:171|LAL:173|GSW:322|SAC:380|PHX:523
93463,LAC:159|LAL:161|GSW:312|SAC:370|PHX:511
93441,LAC:181|LAL:183|GSW:323|SAC:381|PHX:533
93105,LAC:181|LAL:182|GSW:397|SAC:455|PHX:533
93460,
92590,LAL:111|LAC:113|PHX:351|SAC:484|GSW:490
92059,LAL:127|LAC:129|PHX:367|SAC:500|GSW:506
92061,LAL:129|LAC:131|PHX:367|SAC:502|GSW:509
92060,LAL:151|LAC:153|PHX:374|SAC:524|GSW:531
92536,LAL:132|LAC:134|PHX:311|SAC:505|GSW:512
92070,LAL:176|LAC:179|PHX:371|SAC:549|GSW:556
92086,LAL:159|LAC:161|PHX:352|SAC:531|GSW:538
92066,LAL:172|LAC:174|PHX:327|SAC:545|GSW:551
92036,
92004,LAL:225|LAC:227|PHX:321|SAC:598|GSW:605
92274,LAL:160|LAC:171|PHX:257|SAC:530|GSW:536
92259,LAL:229|LAC:231|PHX:270|SAC:603|GSW:609
92275,
92251,LAL:238|LAC:250|PHX:277|SAC:608|GSW:614
92273,LAL:231|LAC:232|PHX:260|SAC:604|GSW:611
92281,LAL:204|LAC:216|PHX:252|SAC:574|GSW:580
92243,LAL:235|LAC:238|PHX:256|SAC:604|GSW:611
92231,LAL:244|LAC:249|PHX:261|SAC:613|GSW:620
92257,LAL:229|LAC:241|PHX:294|SAC:599|GSW:605
92233,LAL:227|LAC:239|PHX:261|SAC:597|GSW:603
92249,LAL:232|LAC:243|PHX:251|SAC:601|GSW:608
92227,LAL:228|PHX:232|LAC:239|SAC:597|GSW:604
93021,LAL:63|LAC:64|SAC:383|GSW:389|PHX:412
93015,LAL:69|LAC:72|SAC:365|GSW:371|PHX:419
93065,LAL:56|LAC:57|SAC:382|GSW:388|PHX:406
93064,LAL:60|LAC:61|SAC:385|GSW:392|PHX:409
93063,LAL:52|LAC:53|SAC:377|GSW:384|PHX:402
91307,LAC:48|LAL:50|SAC:384|GSW:391|PHX:400
91304,LAL:51|LAC:52|SAC:376|GSW:383|PHX:401
91367,LAC:38|LAL:40|SAC:379|GSW:386|PHX:390
91381,LAL:49|LAC:51|SAC:354|GSW:360|PHX:398
91311,LAL:48|LAC:49|SAC:373|GSW:380|PHX:397
91303,LAC:42|LAL:43|SAC:382|GSW:388|PHX:394
91364,LAC:37|LAL:38|SAC:378|GSW:384|PHX:388
91306,LAC:42|LAL:44|SAC:379|GSW:385|PHX:394
91371,LAC:37|LAL:38|SAC:378|GSW:384|PHX:389
91355,LAL:49|LAC:51|SAC:351|GSW:358|PHX:398
91326,LAL:44|LAC:45|SAC:369|GSW:375|PHX:393
91354,LAL:56|LAC:58|SAC:350|GSW:357|PHX:405
91324,LAC:44|LAL:45|SAC:370|GSW:377|PHX:394
91356,LAC:36|LAL:37|SAC:377|GSW:383|PHX:387
91335,LAC:38|LAL:40|SAC:375|GSW:381|PHX:390
91330,LAC:42|LAL:43|SAC:369|GSW:375|PHX:393
91325,LAC:40|LAL:41|SAC:369|GSW:375|PHX:393
91316,LAC:33|LAL:34|SAC:374|GSW:381|PHX:385
91344,LAL:39|LAC:40|SAC:361|GSW:367|PHX:388
91350,LAL:49|LAC:51|SAC:354|GSW:360|PHX:398
90049,LAC:31|LAL:32|SAC:384|GSW:390|PHX:391
91436,LAC:32|LAL:33|SAC:372|GSW:379|PHX:383
91406,LAC:33|LAL:34|SAC:367|GSW:373|PHX:386
91321,LAL:40|LAC:42|SAC:355|GSW:362|PHX:389
91343,LAC:33|LAL:34|SAC:362|GSW:368|PHX:386
91403,LAC:28|LAL:29|SAC:368|GSW:375|PHX:382
91411,LAC:29|LAL:31|SAC:367|GSW:373|PHX:383
91351,LAL:50|LAC:52|SAC:362|GSW:368|PHX:399
90077,LAC:36|LAL:38|SAC:389|GSW:396|PHX:397
91345,LAL:32|LAC:38|SAC:361|GSW:367|PHX:381
91405,LAC:35|LAL:36|SAC:367|GSW:374|PHX:386
91402,LAL:35|LAC:37|SAC:367|GSW:374|PHX:384
90095,LAC:25|LAL:26|SAC:377|GSW:384|PHX:386
90024,LAC:23|LAL:24|SAC:378|PHX:383|GSW:384
91340,LAL:35|LAC:42|SAC:362|GSW:368|PHX:383
91423,LAL:28|LAC:32|SAC:370|GSW:377|PHX:378
91401,LAL:31|LAC:33|SAC:371|GSW:377|PHX:381
91331,LAL:32|LAC:42|SAC:363|GSW:370|PHX:381
90210,LAL:31|LAC:36|SAC:388|PHX:390|GSW:395
90067,LAL:22|LAC:26|PHX:381|SAC:383|GSW:389
90212,LAL:21|LAC:28|PHX:381|SAC:385|GSW:392
91605,LAL:32|LAC:42|SAC:367|GSW:374|PHX:381
91607,LAL:28|LAC:35|SAC:369|GSW:376|PHX:378
91604,LAL:29|LAC:37|SAC:375|PHX:378|GSW:382
91606,LAL:29|LAC:39|SAC:368|GSW:374|PHX:378
90035,LAL:18|LAC:25|PHX:378|SAC:384|GSW:390
90211,LAL:21|LAC:27|PHX:380|SAC:387|GSW:393
91342,LAL:53|LAC:58|SAC:377|GSW:383|PHX:396
90069,LAL:28|LAC:36|PHX:386|SAC:388|GSW:395
90048,LAL:21|LAC:28|PHX:381|SAC:388|GSW:394
91601,LAL:27|LAC:36|SAC:368|GSW:375|PHX:376
91602,LAL:24|LAC:34|SAC:370|PHX:374|GSW:376
91352,LAL:27|LAC:45|SAC:366|GSW:373|PHX:376
91387,LAL:190|LAC:192|SAC:505|GSW:512|PHX:526
90046,LAL:30|LAC:38|PHX:387|SAC:387|GSW:394
90016,LAL:12|LAC:21|PHX:372|SAC:383|GSW:389
91608,LAL:22|LAC:37|SAC:371|GSW:378|PHX:378
90036,LAL:17|LAC:29|PHX:380|SAC:388|GSW:395
91505,LAL:26|LAC:40|SAC:373|PHX:375|GSW:380
90019,LAL:14|LAC:26|PHX:375|SAC:385|GSW:392
91040,LAL:32|LAC:48|SAC:368|GSW:374|PHX:375
90068,LAL:27|LAC:45|SAC:382|PHX:385|GSW:388
90038,LAL:17|LAC:33|PHX:376|SAC:381|GSW:387
90028,LAL:18|LAC:35|PHX:375|SAC:377|GSW:383
91506,LAL:24|LAC:41|SAC:373|PHX:374|GSW:379
91504,LAL:31|LAC:49|SAC:373|GSW:380|PHX:380
90018,LAL:10|LAC:20|PHX:369|SAC:384|GSW:390
90004,LAL:12|LAC:29|PHX:371|SAC:382|GSW:389
90020,LAL:10|LAC:27|PHX:373|SAC:384|GSW:391
91502,LAL:20|LAC:38|PHX:370|SAC:370|GSW:377
90062,LAL:13|LAC:17|PHX:374|SAC:390|GSW:397
90005,LAL:8|LAC:25|PHX:372|SAC:385|GSW:391
90010,LAL:8|LAC:25|PHX:372|SAC:385|GSW:391
90027,LAL:22|LAC:40|PHX:375|SAC:382|GSW:389
90029,LAL:13|LAC:30|PHX:371|SAC:381|GSW:387
90006,LAL:6|LAC:23|PHX:370|SAC:387|GSW:393
91501,LAL:28|LAC:45|SAC:375|PHX:377|GSW:381
91201,LAL:22|LAC:39|PHX:371|SAC:372|GSW:378
90037,LAL:9|LAC:17|PHX:371|SAC:392|GSW:398
90089,LAL:9|LAC:18|PHX:370|SAC:389|GSW:395
90007,LAL:7|LAC:19|PHX:369|SAC:387|GSW:394
90057,LAL:6|LAC:24|PHX:368|SAC:384|GSW:391
90015,LAL:4|LAC:21|PHX:365|SAC:388|GSW:394
91042,LAL:42|LAC:56|SAC:375|GSW:382|PHX:384
90017,LAL:5|LAC:22|PHX:366|SAC:387|GSW:393
91202,LAL:30|LAC:47|PHX:377|SAC:382|GSW:388
90026,LAL:9|LAC:27|PHX:366|SAC:380|GSW:386
91203,LAL:21|LAC:38|PHX:368|SAC:374|GSW:380
90039,LAL:18|LAC:36|PHX:369|SAC:376|GSW:382
91204,LAL:22|LAC:39|PHX:371|SAC:376|GSW:382
90052,LAL:14|LAC:19|PHX:372|SAC:396|GSW:403
90011,LAL:11|LAC:21|PHX:367|SAC:391|GSW:398
91210,LAL:22|LAC:39|PHX:369|SAC:375|GSW:382
90079,LAL:5|LAC:23|PHX:363|SAC:388|GSW:394
90071,LAL:5|LAC:23|PHX:364|SAC:385|GSW:391
90014,LAL:6|LAC:24|PHX:363|SAC:387|GSW:394
90001,LAL:15|LAC:19|PHX:371|SAC:396|GSW:402
91214,LAL:28|LAC:45|PHX:370|SAC:374|GSW:381
91205,LAL:21|LAC:39|PHX:369|SAC:380|GSW:386
91207,LAL:26|LAC:44|PHX:373|SAC:381|GSW:388
91046,LAL:25|LAC:43|PHX:368|SAC:373|GSW:380
90013,LAL:8|LAC:25|PHX:361|SAC:387|GSW:393
91208,LAL:27|LAC:44|PHX:374|SAC:380|GSW:387
90012,LAL:9|LAC:27|PHX:361|SAC:381|GSW:387
90021,LAL:10|LAC:25|PHX:363|SAC:387|GSW:394
91020,LAL:25|LAC:42|PHX:367|SAC:373|GSW:380
90065,LAL:19|LAC:37|PHX:370|SAC:381|GSW:388
93510,LAL:70|LAC:72|SAC:385|GSW:392|PHX:411
90255,LAL:19|LAC:25|PHX:371|SAC:398|GSW:404
90058,LAL:15|LAC:27|PHX:366|SAC:393|GSW:399
91206,LAL:22|LAC:40|PHX:370|SAC:380|GSW:386
90033,LAL:13|LAC:29|PHX:359|SAC:383|GSW:390
90031,LAL:16|LAC:34|PHX:365|SAC:381|GSW:388
90041,LAL:22|LAC:40|PHX:366|SAC:381|GSW:387
91011,LAL:26|LAC:44|PHX:367|SAC:376|GSW:382
90023,LAL:14|LAC:29|PHX:361|SAC:388|GSW:395
90280,LAC:19|LAL:24|PHX:369|SAC:398|GSW:405
90042,LAL:19|LAC:36|PHX:370|SAC:385|GSW:391
90270,LAL:20|LAC:27|PHX:364|SAC:394|GSW:400
90032,LAL:20|LAC:38|PHX:362|SAC:390|GSW:396
90063,LAL:15|LAC:31|PHX:359|SAC:387|GSW:393
90201,LAL:21|LAC:23|PHX:365|SAC:395|GSW:401
91105,LAL:25|LAC:43|PHX:365|SAC:384|GSW:391
91103,LAL:25|LAC:42|PHX:361|SAC:379|GSW:385
91030,LAL:23|LAC:40|PHX:364|SAC:387|GSW:393
90022,LAL:17|LAC:30|PHX:359|SAC:390|GSW:397
90040,LAL:17|LAC:28|PHX:363|SAC:391|GSW:398
91803,LAL:17|LAC:34|PHX:356|SAC:387|GSW:393
91754,LAL:19|LAC:34|PHX:358|SAC:391|GSW:398
90242,LAC:20|LAL:24|PHX:365|SAC:401|GSW:407
91101,LAL:26|LAC:43|PHX:361|SAC:383|GSW:389
91001,LAL:31|LAC:49|PHX:367|SAC:384|GSW:391
90241,LAL:23|LAC:24|PHX:364|SAC:397|GSW:403
91106,LAL:27|LAC:44|PHX:360|SAC:384|GSW:390
91801,LAL:20|LAC:37|PHX:357|SAC:390|GSW:397
91125,LAL:28|LAC:46|PHX:361|SAC:385|GSW:391
91104,LAL:26|LAC:44|PHX:361|SAC:383|GSW:390
90240,LAL:21|LAC:27|PHX:361|SAC:395|GSW:401
91755,LAL:21|LAC:37|PHX:357|SAC:394|GSW:401
91108,LAL:27|LAC:45|PHX:364|SAC:389|GSW:396
90640,LAL:21|LAC:36|PHX:359|SAC:395|GSW:402
91776,LAL:23|LAC:41|PHX:355|SAC:394|GSW:400
90660,LAL:28|LAC:32|PHX:359|SAC:402|GSW:408
91775,LAL:29|LAC:46|PHX:361|SAC:391|GSW:398
91107,LAL:28|LAC:45|PHX:357|SAC:384|GSW:391
91770,LAL:22|LAC:39|PHX:352|SAC:392|GSW:398
90650,LAL:25|LAC:26|PHX:360|SAC:399|GSW:405
90606,LAL:28|LAC:31|PHX:356|SAC:402|GSW:408
90670,LAL:27|LAC:31|PHX:363|SAC:400|GSW:407
93550,LAL:68|LAC:80|SAC:393|GSW:400|PHX:400
91780,LAL:26|LAC:43|PHX:355|SAC:392|GSW:399
91733,LAL:22|LAC:36|PHX:353|SAC:396|GSW:403
91007,LAL:32|LAC:49|PHX:358|SAC:390|GSW:397
91024,LAL:37|LAC:55|PHX:364|SAC:394|GSW:400
91731,LAL:24|LAC:41|PHX:351|SAC:395|GSW:401
90601,LAL:33|LAC:39|PHX:359|SAC:408|GSW:414
91006,LAL:33|LAC:46|PHX:353|SAC:390|GSW:396
90602,LAL:36|LAC:38|PHX:360|SAC:409|GSW:416
90605,LAL:34|LAC:38|PHX:359|SAC:408|GSW:414
90620,LAC:34|LAL:36|PHX:355|SAC:409|GSW:416
90639,LAL:34|LAC:38|PHX:363|SAC:408|GSW:414
91732,LAL:26|LAC:37|PHX:347|SAC:397|GSW:403
90604,LAL:37|LAC:40|PHX:363|SAC:410|GSW:417
90638,LAL:35|LAC:39|PHX:361|SAC:408|GSW:415
91016,LAL:35|LAC:46|PHX:354|SAC:392|GSW:399
90621,LAL:31|LAC:35|PHX:355|SAC:404|GSW:411
90603,LAL:39|LAC:43|PHX:357|SAC:413|GSW:420
91746,LAL:29|LAC:38|PHX:351|SAC:401|GSW:408
91745,LAL:29|LAC:40|PHX:347|SAC:404|GSW:410
93543,LAL:92|LAC:94|PHX:389|SAC:406|GSW:413
91008,LAL:35|LAC:45|PHX:352|SAC:393|GSW:400
91706,LAL:31|LAC:41|PHX:350|SAC:397|GSW:403
92833,LAL:38|LAC:40|PHX:357|SAC:411|GSW:418
91010,LAL:31|LAC:41|PHX:349|SAC:392|GSW:399
90631,LAL:41|LAC:50|PHX:359|SAC:416|GSW:422
92801,LAL:33|LAC:36|PHX:350|SAC:406|GSW:413
91790,LAL:30|LAC:41|PHX:344|SAC:400|GSW:407
91744,LAL:37|LAC:48|PHX:349|SAC:407|GSW:414
92832,LAL:39|LAC:41|PHX:352|SAC:412|GSW:419
92802,LAL:36|LAC:40|PHX:355|SAC:410|GSW:416
92835,LAL:46|LAC:48|PHX:352|SAC:419|GSW:426
91722,LAL:34|LAC:46|PHX:345|SAC:399|GSW:406
92805,LAL:38|LAC:42|PHX:350|SAC:411|GSW:418
91792,LAL:39|LAC:50|PHX:351|SAC:412|GSW:418
91748,LAL:35|LAC:47|PHX:347|SAC:410|GSW:417
92831,LAL:42|LAC:44|PHX:351|SAC:415|GSW:422
93553,LAL:91|LAC:93|PHX:379|SAC:406|GSW:412
91791,LAL:32|LAC:44|PHX:340|SAC:403|GSW:409
91723,LAL:32|LAC:44|PHX:342|SAC:403|GSW:409
92868,LAL:40|LAC:43|PHX:348|SAC:413|GSW:420
92806,LAL:39|LAC:41|PHX:345|SAC:412|GSW:419
92821,LAL:47|LAC:51|PHX:350|SAC:422|GSW:428
91740,LAL:39|LAC:49|PHX:343|SAC:400|GSW:406
91789,LAL:38|LAC:49|PHX:344|SAC:412|GSW:419
92870,LAL:46|LAC:48|PHX:352|SAC:420|GSW:426
91724,LAL:35|LAC:46|PHX:340|SAC:405|GSW:412
92865,LAL:43|LAC:46|PHX:347|SAC:417|GSW:423
92866,LAL:42|LAC:46|PHX:348|SAC:415|GSW:422
91741,LAL:45|LAC:55|PHX:347|SAC:406|GSW:412
93563,LAL:101|LAC:119|PHX:366|SAC:440|GSW:446
91765,
92861,LAL:46|LAC:48|PHX:346|SAC:419|GSW:426
91773,LAL:42|LAC:52|PHX:341|SAC:403|GSW:409
92886,LAL:52|LAC:54|PHX:348|SAC:425|GSW:432
91702,
92867,LAL:47|LAC:49|PHX:347|SAC:420|GSW:427
92782,LAL:45|LAC:49|PHX:349|SAC:419|GSW:425
92823,LAL:52|LAC:56|PHX:351|SAC:426|GSW:433
91768,LAL:40|LAC:52|PHX:336|SAC:409|GSW:416
92807,LAL:43|LAC:45|PHX:338|SAC:416|GSW:423
92705,LAL:50|LAC:54|PHX:352|SAC:424|GSW:430
91750,LAL:48|LAC:58|PHX:343|SAC:409|GSW:416
92869,LAL:55|LAC:57|PHX:343|SAC:428|GSW:435
92620,LAL:50|LAC:54|PHX:349|SAC:423|GSW:430
93544,LAL:107|LAC:109|PHX:362|SAC:418|GSW:424
91766,LAL:43|LAC:54|PHX:335|SAC:412|GSW:419
92397,
92808,LAL:49|LAC:51|PHX:338|SAC:422|GSW:429
91767,LAL:41|LAC:53|PHX:332|SAC:411|GSW:418
92602,LAL:52|LAC:56|PHX:347|SAC:426|GSW:432
92887,LAL:51|LAC:53|PHX:341|SAC:424|GSW:431
91709,LAL:76|LAC:87|PHX:366|SAC:447|GSW:453
91711,LAL:49|LAC:58|PHX:337|SAC:409|GSW:416
91759,
91763,LAL:43|LAC:55|PHX:329|SAC:413|GSW:420
91710,LAL:48|LAC:59|PHX:331|SAC:418|GSW:425
91762,LAL:48|LAC:60|PHX:330|SAC:418|GSW:425
91786,LAL:48|LAC:59|PHX:329|SAC:413|GSW:420
91784,LAL:51|LAC:61|PHX:332|SAC:412|GSW:418
92610,LAL:61|LAC:64|PHX:354|SAC:434|GSW:441
91708,LAL:59|LAC:70|PHX:339|SAC:430|GSW:436
92372,LAL:96|LAC:107|PHX:349|SAC:427|GSW:434
92676,LAL:71|LAC:73|PHX:358|SAC:445|GSW:451
92880,LAL:63|LAC:68|PHX:334|SAC:436|GSW:442
91764,LAL:49|LAC:60|PHX:324|SAC:419|GSW:425
91701,LAL:54|LAC:63|PHX:328|SAC:414|GSW:421
92882,LAL:58|LAC:60|PHX:329|SAC:431|GSW:438
91761,LAL:50|LAC:61|PHX:324|SAC:423|GSW:429
91730,LAL:54|LAC:66|PHX:327|SAC:420|GSW:426
91737,LAL:57|LAC:66|PHX:329|SAC:417|GSW:424
92881,LAL:71|LAC:73|PHX:336|SAC:444|GSW:450
92358,
92679,LAL:69|LAC:73|PHX:363|SAC:442|GSW:449
92860,LAL:63|LAC:67|PHX:331|SAC:436|GSW:443
92371,LAL:98|LAC:108|PHX:351|SAC:438|GSW:444
91752,LAL:58|LAC:69|PHX:323|SAC:430|GSW:437
92879,LAL:62|LAC:64|PHX:323|SAC:435|GSW:441
91739,LAL:62|LAC:72|PHX:328|SAC:423|GSW:429
92678,
92505,LAL:66|LAC:69|PHX:325|SAC:439|GSW:446
92883,LAL:70|LAC:72|PHX:335|SAC:443|GSW:449
92337,LAL:59|LAC:71|PHX:318|SAC:430|GSW:436
92335,LAL:60|LAC:71|PHX:318|SAC:430|GSW:436
92336,LAL:59|LAC:68|PHX:321|SAC:419|GSW:426
92503,LAL:68|LAC:71|PHX:324|SAC:441|GSW:448
92509,LAL:61|LAC:72|PHX:316|SAC:434|GSW:440
92392,LAL:92|LAC:103|PHX:345|SAC:424|GSW:433
92344,LAL:82|LAC:93|PHX:335|SAC:434|GSW:442
92377,LAL:67|LAC:77|PHX:320|SAC:428|GSW:434
92504,LAL:71|LAC:73|PHX:320|SAC:444|GSW:450
92316,LAL:63|LAC:74|PHX:312|SAC:433|GSW:439
92407,LAL:75|LAC:86|PHX:327|SAC:437|GSW:443
92376,LAL:67|LAC:79|PHX:315|SAC:430|GSW:437
92501,LAL:64|LAC:75|PHX:311|SAC:437|GSW:443
92530,LAL:105|LAC:107|PHX:364|SAC:477|GSW:484
92506,LAL:76|LAC:78|PHX:320|SAC:449|GSW:455
92562,LAL:125|LAC:127|PHX:372|SAC:497|GSW:504
92508,LAL:79|LAC:83|PHX:314|SAC:452|GSW:458
92411,LAL:71|LAC:81|PHX:314|SAC:432|GSW:438
92322,LAL:100|LAC:110|PHX:337|SAC:461|GSW:468
92570,LAL:92|LAC:94|PHX:331|SAC:465|GSW:471
92521,LAL:69|LAC:80|PHX:309|SAC:442|GSW:449
92313,LAL:71|LAC:81|PHX:308|SAC:440|GSW:447
92345,LAL:98|LAC:109|PHX:351|SAC:450|GSW:458
92507,LAL:72|LAC:83|PHX:314|SAC:445|GSW:451
92532,LAL:95|LAC:97|PHX:334|SAC:467|GSW:474
92405,LAL:68|LAC:78|PHX:314|SAC:429|GSW:435
92401,LAL:72|LAC:83|PHX:310|SAC:435|GSW:442
92324,LAL:78|LAC:90|PHX:316|SAC:448|GSW:454
92415,LAL:72|LAC:84|PHX:311|SAC:436|GSW:443
92518,LAL:75|LAC:87|PHX:310|SAC:448|GSW:455
92325,LAL:101|LAC:111|PHX:338|SAC:462|GSW:468
92408,LAL:72|LAC:84|PHX:307|SAC:441|GSW:447
92410,LAL:76|LAC:88|PHX:309|SAC:440|GSW:446
92350,LAL:71|LAC:82|PHX:304|SAC:441|GSW:447
92595,LAL:84|LAC:86|PHX:337|SAC:457|GSW:463
92557,LAL:77|LAC:88|PHX:306|SAC:450|GSW:457
92587,LAL:94|LAC:96|PHX:334|SAC:467|GSW:474
92354,LAL:73|LAC:84|PHX:306|SAC:443|GSW:449
92553,LAL:75|LAC:87|PHX:304|SAC:448|GSW:455
92404,LAL:85|LAC:95|PHX:319|SAC:446|GSW:452
92391,LAL:98|LAC:108|PHX:335|SAC:459|GSW:465
92385,LAL:96|LAC:106|PHX:333|SAC:457|GSW:463
92378,LAL:100|LAC:110|PHX:337|SAC:461|GSW:467
92551,LAL:83|LAC:94|PHX:308|SAC:455|GSW:462
92369,LAL:78|LAC:87|PHX:308|SAC:438|GSW:445
92317,LAL:102|LAC:112|PHX:339|SAC:463|GSW:469
92586,LAL:89|LAC:99|PHX:324|SAC:462|GSW:468
92571,LAL:83|LAC:94|PHX:309|SAC:456|GSW:462
92352,LAL:110|LAC:119|PHX:346|SAC:470|GSW:477
92584,LAL:96|LAC:100|PHX:328|SAC:469|GSW:475
92346,LAL:80|LAC:90|PHX:308|SAC:441|GSW:447
92374,LAL:75|LAC:87|PHX:300|SAC:445|GSW:451
92585,LAL:86|LAC:97|PHX:315|SAC:458|GSW:465
92373,LAL:86|LAC:97|PHX:306|SAC:456|GSW:462
92308,LAL:119|LAC:130|PHX:372|SAC:456|GSW:465
92563,LAL:101|LAC:104|PHX:324|SAC:474|GSW:481
92321,LAL:117|LAC:127|PHX:347|SAC:478|GSW:484
92555,LAL:83|LAC:94|PHX:296|SAC:456|GSW:462
92382,LAL:103|LAC:112|PHX:331|SAC:463|GSW:470
92591,LAL:105|LAC:107|PHX:337|SAC:478|GSW:484
92548,LAL:94|LAC:105|PHX:312|SAC:467|GSW:473
92567,LAL:104|LAC:115|PHX:314|SAC:477|GSW:483
92359,LAL:92|LAC:104|PHX:308|SAC:462|GSW:468
92341,LAL:120|LAC:130|PHX:348|SAC:480|GSW:487
92320,LAL:83|LAC:94|PHX:289|SAC:452|GSW:459
92596,LAL:135|LAC:144|PHX:346|SAC:508|GSW:515
92545,LAL:104|LAC:115|PHX:303|SAC:477|GSW:483
92592,LAL:111|LAC:113|PHX:336|SAC:484|GSW:491
92582,LAL:102|LAC:113|PHX:299|SAC:475|GSW:481
92399,LAL:95|LAC:107|PHX:304|SAC:465|GSW:471
92333,LAL:138|LAC:148|PHX:367|SAC:499|GSW:506
92223,LAL:90|LAC:101|PHX:284|SAC:459|GSW:466
92543,LAL:143|LAC:152|PHX:354|SAC:516|GSW:523
92315,LAL:153|LAC:165|PHX:366|SAC:517|GSW:523
92583,LAL:103|LAC:114|PHX:299|SAC:475|GSW:482
92356,LAL:143|LAC:154|PHX:354|SAC:465|GSW:474
92544,LAL:143|LAC:155|PHX:348|SAC:516|GSW:523
92305,LAL:118|LAC:130|PHX:331|SAC:488|GSW:494
92220,LAL:101|LAC:112|PHX:281|SAC:470|GSW:477
92339,
92386,LAL:141|LAC:152|PHX:353|SAC:488|GSW:496
92314,LAL:141|LAC:153|PHX:354|SAC:492|GSW:501
92230,LAL:104|LAC:116|PHX:274|SAC:474|GSW:480
92549,
92282,LAL:119|LAC:131|PHX:276|SAC:489|GSW:495
92539,LAL:155|LAC:157|PHX:298|SAC:528|GSW:534
92256,LAL:142|LAC:153|PHX:294|SAC:512|GSW:518
92561,LAL:161|LAC:172|PHX:309|SAC:532|GSW:539
92258,LAL:116|LAC:128|PHX:265|SAC:486|GSW:492
92262,LAL:114|LAC:125|PHX:264|SAC:484|GSW:490
92268,LAL:163|LAC:174|PHX:314|SAC:526|GSW:534
92240,LAL:123|LAC:134|PHX:265|SAC:492|GSW:499
92285,LAL:159|LAC:170|PHX:319|SAC:487|GSW:495
92264,
92234,LAL:124|LAC:136|PHX:253|SAC:494|GSW:500
92270,LAL:130|LAC:141|PHX:252|SAC:499|GSW:506
92284,LAL:148|LAC:159|PHX:300|SAC:504|GSW:513
92260,LAL:142|LAC:153|PHX:261|SAC:511|GSW:518
92276,LAL:128|LAC:139|PHX:251|SAC:497|GSW:504
92211,LAL:135|LAC:146|PHX:247|SAC:504|GSW:511
92210,LAL:147|LAC:158|PHX:260|SAC:516|GSW:523
92253,LAL:147|LAC:158|PHX:253|SAC:516|GSW:523
92252,LAL:161|LAC:173|PHX:294|SAC:525|GSW:534
92241,LAL:147|LAC:158|PHX:255|SAC:517|GSW:523
92203,LAL:137|LAC:149|PHX:243|SAC:507|GSW:513
92201,LAL:139|LAC:150|PHX:241|SAC:509|GSW:515
92236,LAL:142|LAC:153|PHX:237|SAC:511|GSW:518
92278,LAL:215|LAC:226|PHX:309|SAC:579|GSW:587
92254,LAL:162|LAC:173|PHX:252|SAC:531|GSW:538
92277,LAL:204|LAC:216|PHX:251|SAC:564|GSW:572
92239,
93402,LAC:247|LAL:248|GSW:278|SAC:336|PHX:598
93442,LAC:247|LAL:248|GSW:251|SAC:309|PHX:598
93405,LAC:225|LAL:227|GSW:255|SAC:313|PHX:577
93408,LAC:224|LAL:225|GSW:250|SAC:308|PHX:575
93409,LAC:222|LAL:224|GSW:248|SAC:306|PHX:574
93422,GSW:231|LAC:237|LAL:239|SAC:289|PHX:589
93407,LAC:221|LAL:222|GSW:246|SAC:304|PHX:572
93410,LAC:221|LAL:222|GSW:246|SAC:304|PHX:573
93401,LAC:220|LAL:222|GSW:261|SAC:319|PHX:572
93432,LAL:245|LAC:247|GSW:261|SAC:293|PHX:594
93420,LAC:231|LAL:232|GSW:284|SAC:342|PHX:583
93453,LAC:289|LAL:289|GSW:349|SAC:406|PHX:638
93254,LAL:169|LAC:171|GSW:330|SAC:347|PHX:518
93251,LAL:171|LAC:174|SAC:282|GSW:288|PHX:521
93224,LAL:166|LAC:168|SAC:295|GSW:302|PHX:515
93206,LAL:137|LAC:139|SAC:253|GSW:260|PHX:486
93268,LAL:148|LAC:150|SAC:298|GSW:304|PHX:497
93276,LAL:144|LAC:146|SAC:283|GSW:290|PHX:493
93252,
93263,LAL:142|LAC:145|SAC:271|GSW:278|PHX:492
93023,LAC:113|LAL:114|SAC:383|GSW:389|PHX:465
93314,LAL:135|LAC:138|SAC:274|GSW:280|PHX:485
93222,LAL:124|LAC:126|SAC:351|GSW:357|PHX:473
93311,LAL:130|LAC:132|SAC:298|GSW:304|PHX:479
93312,LAL:131|LAC:133|SAC:283|GSW:290|PHX:480
93309,LAL:123|LAC:125|SAC:287|GSW:294|PHX:472
93313,LAL:113|LAC:115|SAC:291|GSW:298|PHX:462
93225,LAL:97|LAC:99|SAC:325|GSW:331|PHX:446
93304,LAL:121|LAC:123|SAC:284|GSW:293|PHX:470
93301,LAL:126|LAC:128|SAC:281|GSW:294|PHX:475
93040,
93305,LAL:128|LAC:130|SAC:283|GSW:296|PHX:477
93307,LAL:125|LAC:127|SAC:301|GSW:308|PHX:474
93241,LAL:124|LAC:126|SAC:300|GSW:307|PHX:473
93203,LAL:118|LAC:121|SAC:306|GSW:312|PHX:468
93243,LAL:114|LAC:116|SAC:354|GSW:361|PHX:463
93220,
93306,LAL:143|LAC:145|SAC:298|GSW:311|PHX:489
91384,LAL:66|LAC:68|SAC:354|GSW:360|PHX:415
93531,LAL:149|LAC:151|SAC:318|GSW:326|PHX:464
93581,LAL:145|LAC:147|SAC:336|GSW:344|PHX:459
93532,LAL:103|LAC:105|SAC:345|GSW:351|PHX:437
93561,LAL:144|LAC:147|SAC:336|GSW:345|PHX:459
91390,LAL:74|LAC:76|SAC:361|GSW:367|PHX:423
93518,LAL:186|LAC:188|SAC:353|GSW:361|PHX:505
93536,LAL:113|LAC:115|SAC:357|GSW:363|PHX:437
93560,LAL:111|LAC:114|SAC:365|GSW:373|PHX:435
93551,LAL:91|LAC:93|SAC:386|GSW:393|PHX:413
93501,LAL:115|LAC:117|SAC:352|GSW:360|PHX:436
93534,LAL:84|LAC:86|SAC:367|GSW:374|PHX:407
93552,LAL:81|LAC:84|PHX:386|SAC:387|GSW:393
93519,LAL:131|LAC:133|SAC:361|GSW:370|PHX:447
93505,LAL:133|LAC:135|SAC:363|GSW:372|PHX:423
93535,LAL:104|LAC:106|PHX:393|SAC:397|GSW:403
93523,LAL:126|LAC:129|SAC:362|GSW:370|PHX:409
93524,
93591,LAL:100|LAC:103|PHX:377|SAC:406|GSW:412
93554,LAL:195|LAC:197|SAC:426|GSW:434|PHX:455
93516,LAL:140|LAC:142|SAC:375|GSW:383|PHX:397
93528,LAL:161|LAC:163|SAC:391|GSW:400|PHX:418
93558,
92301,LAL:133|LAC:142|PHX:386|SAC:440|GSW:449
92394,LAL:99|LAC:109|PHX:352|SAC:418|GSW:427
92342,LAL:119|LAC:130|PHX:372|SAC:416|GSW:424
92368,LAL:117|LAC:127|PHX:370|SAC:430|GSW:438
92395,LAL:98|LAC:109|PHX:351|SAC:431|GSW:439
92347,LAL:149|LAC:159|PHX:402|SAC:415|GSW:423
92307,LAL:133|LAC:144|PHX:386|SAC:462|GSW:470
92311,LAL:139|LAC:150|PHX:392|SAC:427|GSW:435
92398,LAL:152|LAC:163|PHX:402|SAC:442|GSW:451
92327,LAL:143|LAC:154|PHX:378|SAC:433|GSW:442
92310,
92365,LAL:169|LAC:180|PHX:391|SAC:460|GSW:468
92338,
92309,
92304,LAL:224|LAC:235|PHX:311|SAC:515|GSW:523
92364,LAL:240|LAC:251|PHX:350|UTA:452|SAC:530
92332,LAL:260|LAC:271|PHX:327|UTA:544|SAC:551
93465,GSW:222|LAL:232|LAC:234|SAC:280|PHX:581
93461,LAL:234|LAC:236|GSW:274|SAC:284|PHX:583
93204,LAL:201|LAC:203|SAC:224|GSW:231|PHX:550
93239,LAL:191|LAC:193|SAC:216|GSW:223|PHX:540
93249,LAL:171|LAC:173|SAC:249|GSW:255|PHX:520
93266,LAL:204|LAC:206|SAC:224|GSW:230|PHX:553
93202,LAL:210|LAC:213|SAC:219|GSW:226|PHX:560
93230,LAL:208|LAC:210|SAC:223|GSW:235|PHX:557
93212,LAL:200|LAC:202|SAC:259|GSW:266|PHX:549
93201,LAL:189|LAC:191|SAC:271|GSW:278|PHX:538
93673,LAL:201|SAC:202|LAC:203|GSW:225|PHX:550
93280,LAL:170|LAC:172|SAC:266|GSW:273|PHX:519
93227,LAL:196|LAC:198|SAC:212|GSW:235|PHX:545
93274,LAL:186|LAC:189|SAC:230|GSW:252|PHX:536
93291,LAL:203|LAC:206|SAC:220|GSW:243|PHX:553
93277,LAL:190|LAC:192|SAC:215|GSW:238|PHX:539
93272,LAL:175|LAC:177|SAC:235|GSW:258|PHX:524
93256,LAL:170|LAC:172|SAC:242|GSW:265|PHX:519
93219,LAL:161|LAC:163|SAC:243|GSW:266|PHX:510
93670,LAL:219|LAC:221|SAC:222|GSW:245|PHX:568
93235,LAL:211|LAC:213|SAC:230|GSW:253|PHX:560
93292,LAL:208|LAC:210|SAC:228|GSW:250|PHX:557
93223,LAL:204|LAC:206|SAC:229|GSW:252|PHX:553
93250,LAL:148|LAC:150|SAC:259|GSW:282|PHX:497
93215,LAL:158|LAC:160|SAC:255|GSW:278|PHX:507
93258,LAL:188|LAC:191|SAC:248|GSW:271|PHX:538
93261,LAL:167|LAC:169|SAC:266|GSW:289|PHX:516
93286,LAL:228|LAC:230|SAC:250|GSW:272|PHX:577
93247,LAL:191|LAC:193|SAC:244|GSW:267|PHX:540
93267,LAL:183|LAC:185|SAC:245|GSW:267|PHX:532
93270,LAL:169|LAC:171|SAC:262|GSW:285|PHX:518
93218,LAL:160|LAC:162|SAC:264|GSW:287|PHX:510
93221,LAL:225|LAC:227|SAC:252|GSW:275|PHX:574
93603,LAL:243|LAC:245|SAC:270|GSW:292|PHX:592
93244,LAL:216|LAC:218|SAC:243|GSW:266|PHX:565
93308,LAL:148|LAC:150|SAC:298|GSW:312|PHX:497
93287,LAL:178|LAC:180|SAC:293|GSW:316|PHX:527
93237,LAL:237|LAC:239|SAC:264|GSW:287|PHX:587
93257,LAL:219|LAC:221|SAC:294|GSW:317|PHX:568
93271,LAL:247|LAC:250|SAC:274|GSW:297|PHX:597
93226,LAL:188|LAC:190|SAC:309|GSW:332|PHX:537
93265,LAL:240|LAC:243|SAC:309|GSW:332|PHX:590
93262,
93260,LAL:200|LAC:202|SAC:314|GSW:337|PHX:549
93208,LAL:222|LAC:224|SAC:294|GSW:317|PHX:571
93207,LAL:257|LAC:259|SAC:355|GSW:378|PHX:601
93238,LAL:260|LAC:262|SAC:374|GSW:397|PHX:601
93285,
93205,LAL:203|LAC:205|SAC:357|GSW:370|PHX:542
93240,LAL:183|LAC:186|SAC:338|GSW:351|PHX:523
93283,
93255,
93527,LAL:218|LAC:220|SAC:448|GSW:456|PHX:507
93530,LAL:241|LAC:243|SAC:445|GSW:480|PHX:531
93549,
93555,LAL:172|LAC:174|SAC:403|GSW:411|PHX:441
93522,LAL:259|LAC:261|SAC:484|GSW:498|PHX:548
93562,LAL:212|LAC:214|SAC:442|GSW:450|PHX:475
92328,
92389,
92384,
89060,LAL:319|LAC:330|PHX:421|UTA:464|SAC:550
89048,LAL:299|LAC:310|PHX:394|UTA:452|SAC:565
89061,LAL:320|LAC:331|PHX:410|UTA:468|SAC:592
89124,LAL:351|LAC:362|PHX:410|UTA:451|SAC:607
89019,LAL:278|LAC:289|PHX:390|UTA:447|SAC:569
89161,LAL:300|LAC:311|PHX:372|UTA:429|SAC:591
89166,LAL:343|LAC:354|PHX:402|UTA:443|SAC:619
89004,LAL:287|LAC:297|PHX:358|UTA:416|SAC:577
89135,LAL:307|LAC:318|PHX:379|UTA:436|SAC:598
89138,LAL:287|LAC:298|PHX:351|UTA:401|SAC:578
89179,LAL:288|LAC:299|PHX:391|UTA:449|SAC:579
89144,LAL:286|LAC:297|PHX:344|UTA:394|SAC:576
89134,LAL:285|LAC:296|PHX:344|UTA:394|SAC:576
89148,LAL:274|LAC:284|PHX:339|UTA:399|SAC:564
89178,LAL:282|LAC:293|PHX:357|UTA:414|SAC:573
89149,LAL:291|LAC:302|PHX:350|UTA:390|SAC:582
89143,LAL:291|LAC:302|PHX:350|UTA:391|SAC:582
89129,LAL:289|LAC:300|PHX:348|UTA:396|SAC:580
89026,LAL:270|LAC:281|PHX:373|UTA:431|SAC:561
89117,LAL:283|LAC:294|PHX:347|UTA:397|SAC:574
89147,LAL:278|LAC:289|PHX:343|UTA:401|SAC:568
89145,LAL:284|LAC:294|PHX:343|UTA:392|SAC:574
89128,LAL:283|LAC:294|PHX:342|UTA:392|SAC:574
89113,LAL:271|LAC:282|PHX:337|UTA:396|SAC:562
89131,LAL:298|LAC:309|PHX:357|UTA:395|SAC:589
89146,LAL:278|LAC:289|PHX:344|UTA:394|SAC:569
89130,LAL:289|LAC:300|PHX:348|UTA:388|SAC:579
89108,LAL:285|LAC:296|PHX:344|UTA:393|SAC:576
89118,LAL:272|LAC:282|PHX:337|UTA:395|SAC:562
89103,LAL:274|LAC:284|PHX:341|UTA:392|SAC:564
89139,LAL:267|LAC:278|PHX:338|UTA:396|SAC:558
89107,LAL:279|LAC:290|PHX:338|UTA:388|SAC:569
89141,LAL:264|LAC:275|PHX:342|UTA:400|SAC:555
89085,LAL:295|LAC:306|PHX:356|UTA:385|SAC:585
89054,LAL:261|LAC:272|PHX:346|UTA:404|SAC:552
89102,LAL:274|LAC:285|PHX:340|UTA:388|SAC:565
89158,LAL:271|LAC:282|PHX:338|UTA:389|SAC:561
89032,LAL:283|LAC:293|PHX:344|UTA:386|SAC:573
89031,LAL:287|LAC:298|PHX:348|UTA:386|SAC:578
89109,LAL:273|LAC:284|PHX:341|UTA:389|SAC:564
89106,LAL:278|LAC:289|PHX:337|UTA:385|SAC:568
89183,LAL:265|LAC:276|PHX:335|UTA:398|SAC:555
89084,LAL:292|LAC:303|PHX:354|UTA:383|SAC:583
89123,LAL:270|LAC:280|PHX:331|UTA:396|SAC:560
89119,LAL:273|LAC:284|PHX:334|UTA:396|SAC:564
89169,LAL:277|LAC:287|PHX:335|UTA:392|SAC:567
89030,LAL:280|LAC:291|PHX:340|UTA:380|SAC:571
89101,LAL:278|LAC:289|PHX:333|UTA:386|SAC:569
89086,LAL:288|LAC:298|PHX:350|UTA:378|SAC:578
89104,LAL:281|LAC:292|PHX:331|UTA:390|SAC:571
89052,LAL:271|LAC:282|PHX:336|UTA:406|SAC:562
89081,LAL:285|LAC:296|PHX:347|UTA:383|SAC:576
89120,LAL:278|LAC:288|PHX:328|UTA:396|SAC:568
89121,LAL:283|LAC:294|PHX:329|UTA:392|SAC:574
89074,LAL:277|LAC:288|PHX:327|UTA:400|SAC:567
89014,LAL:283|LAC:294|PHX:325|UTA:399|SAC:574
89044,LAL:278|LAC:288|PHX:348|UTA:418|SAC:568
89110,LAL:284|LAC:295|PHX:336|UTA:389|SAC:575
89012,LAL:281|LAC:292|PHX:325|UTA:404|SAC:572
89115,LAL:287|LAC:298|PHX:349|UTA:377|SAC:578
89122,LAL:287|LAC:298|PHX:327|UTA:396|SAC:578
89142,LAL:288|LAC:299|PHX:337|UTA:395|SAC:579
89191,
89156,LAL:331|LAC:342|PHX:360|UTA:429|SAC:622
89011,LAL:293|LAC:304|PHX:328|UTA:408|SAC:584
89002,LAL:283|LAC:294|PHX:314|UTA:402|SAC:574
89015,LAL:304|LAC:315|PHX:332|UTA:422|SAC:594
89005,LAL:301|LAC:312|PHX:312|UTA:420|SAC:592
93618,SAC:209|LAL:216|LAC:218|GSW:232|PHX:565
93666,SAC:213|LAL:222|LAC:225|GSW:236|PHX:572
93615,LAL:219|SAC:219|LAC:221|GSW:242|PHX:568
93647,SAC:247|LAL:252|LAC:254|GSW:270|PHX:601
93628,SAC:308|GSW:331|LAL:336|LAC:338|PHX:685
93526,LAL:261|LAC:263|SAC:400|GSW:441|PHX:551
93545,LAL:238|LAC:240|SAC:422|GSW:464|PHX:528
89013,LAL:429|LAC:431|SAC:474|UTA:486|PHX:546
89003,LAL:340|LAC:342|PHX:458|SAC:488|UTA:499
89020,LAL:320|LAC:331|PHX:427|UTA:468|SAC:520
89018,LAL:319|LAC:330|PHX:378|UTA:419|SAC:557
89070,LAL:329|LAC:339|PHX:388|UTA:428|SAC:585
89001,LAL:421|LAC:432|UTA:442|PHX:483|SAC:596
89025,
71764,DAL:253|MEM:258|HOU:393|OKC:394|NOP:428
71758,DAL:271|MEM:271|HOU:402|NOP:412|OKC:412
71048,DAL:271|MEM:305|HOU:356|NOP:382|OKC:458
71749,MEM:294|DAL:302|HOU:386|NOP:391|OKC:448
71079,MEM:294|DAL:304|HOU:388|NOP:390|OKC:460
71751,MEM:256|DAL:279|NOP:405|HOU:409|OKC:421
71762,MEM:256|DAL:279|NOP:397|HOU:401|OKC:421
71256,MEM:280|DAL:295|NOP:372|HOU:379|OKC:447
71235,DAL:263|MEM:294|NOP:341|HOU:347|OKC:450
71222,DAL:269|MEM:280|NOP:347|HOU:354|OKC:447
71759,MEM:248|DAL:283|NOP:388|HOU:392|OKC:425
71272,DAL:248|MEM:307|NOP:323|HOU:332|OKC:435
71730,MEM:255|DAL:281|NOP:382|HOU:385|OKC:423
71277,MEM:278|DAL:286|NOP:361|HOU:370|OKC:445
71724,MEM:238|DAL:292|NOP:393|HOU:397|OKC:419
71744,MEM:225|DAL:286|NOP:405|OKC:406|HOU:409
71745,MEM:228|DAL:290|OKC:410|NOP:414|HOU:418
71241,DAL:292|MEM:317|NOP:345|HOU:376|OKC:479
71765,MEM:277|DAL:301|NOP:376|HOU:406|OKC:443
71234,DAL:283|MEM:325|NOP:333|HOU:368|OKC:471
71651,MEM:274|DAL:326|NOP:412|HOU:431|OKC:461
71260,MEM:298|DAL:302|NOP:342|HOU:386|OKC:468
71747,MEM:277|DAL:312|NOP:361|HOU:405|OKC:454
71291,DAL:284|NOP:306|MEM:310|HOU:369|OKC:472
71647,MEM:261|DAL:339|NOP:407|OKC:453|HOU:459
71201,DAL:284|MEM:294|NOP:298|HOU:368|OKC:471
71280,MEM:289|DAL:304|NOP:316|HOU:389|OKC:490
71203,DAL:298|MEM:300|NOP:303|HOU:382|OKC:485
71635,MEM:250|DAL:322|NOP:362|HOU:426|OKC:450
71220,MEM:263|DAL:320|NOP:331|HOU:405|OKC:463
71229,MEM:288|NOP:302|DAL:305|HOU:389|OKC:489
71642,MEM:228|DAL:357|NOP:373|OKC:421|HOU:448
71646,MEM:232|DAL:343|NOP:359|OKC:432|HOU:433
71264,NOP:289|MEM:290|DAL:315|HOU:399|ATL:489
71261,MEM:276|NOP:329|DAL:341|HOU:425|OKC:499
71223,MEM:255|NOP:330|DAL:341|HOU:425|OKC:488
71658,MEM:245|DAL:385|NOP:389|OKC:468|HOU:475
71250,MEM:247|NOP:347|DAL:354|HOU:438|OKC:488
71676,MEM:234|NOP:349|DAL:357|HOU:441|OKC:469
71661,MEM:228|NOP:359|DAL:368|HOU:453|OKC:468
71237,MEM:258|NOP:282|DAL:330|HOU:415|ATL:474
71266,MEM:263|NOP:315|DAL:363|HOU:448|ATL:507
71663,MEM:215|NOP:355|DAL:381|OKC:469|HOU:470
71263,MEM:238|NOP:314|DAL:363|HOU:447|OKC:496
71242,MEM:237|NOP:300|DAL:349|HOU:433|ATL:493
71253,MEM:214|NOP:322|DAL:371|HOU:455|OKC:473
71653,MEM:203|NOP:347|DAL:387|OKC:444|HOU:477
71640,MEM:201|NOP:328|DAL:388|OKC:459|HOU:472
71254,MEM:248|NOP:310|DAL:378|HOU:462|ATL:503
71286,MEM:259|NOP:287|DAL:366|HOU:450|ATL:480
71276,MEM:266|NOP:280|DAL:362|HOU:446|ATL:472
38731,MEM:222|NOP:336|DAL:449|ATL:506|OKC:511
39113,MEM:239|NOP:283|DAL:413|ATL:476|HOU:490
38703,MEM:179|NOP:325|DAL:412|ATL:463|OKC:474
38744,MEM:211|NOP:309|DAL:438|ATL:495|OKC:500
38745,MEM:227|NOP:316|DAL:446|ATL:508|OKC:516
38723,MEM:181|NOP:312|DAL:408|ATL:464|OKC:470
38701,MEM:177|NOP:315|DAL:404|ATL:461|OKC:466
38760,MEM:182|NOP:329|DAL:424|ATL:467|OKC:486
39054,MEM:219|NOP:271|DAL:401|ATL:463|HOU:478
38776,MEM:166|NOP:313|DAL:415|ATL:451|OKC:477
39159,MEM:215|NOP:275|DAL:406|ATL:468|HOU:483
38765,MEM:199|NOP:296|DAL:438|ATL:483|OKC:510
38722,MEM:174|NOP:302|DAL:419|ATL:457|OKC:481
38748,MEM:184|NOP:294|DAL:428|ATL:468|OKC:490
38756,MEM:166|NOP:312|DAL:420|ATL:449|OKC:482
39177,MEM:257|NOP:276|DAL:406|ATL:468|HOU:483
39061,MEM:196|NOP:295|DAL:437|ATL:480|OKC:506
39156,NOP:249|MEM:261|DAL:379|ATL:442|HOU:456
38721,MEM:208|NOP:277|DAL:429|ATL:470|HOU:506
39088,MEM:259|NOP:284|DAL:414|ATL:477|HOU:491
38751,MEM:167|NOP:291|DAL:423|ATL:428|OKC:485
39162,MEM:259|NOP:264|DAL:402|ATL:457|HOU:479
38754,MEM:195|NOP:283|ATL:451|DAL:455|OKC:517
39097,MEM:219|NOP:263|DAL:441|ATL:455|HOU:518
38753,MEM:177|NOP:278|ATL:433|DAL:436|OKC:498
39115,MEM:210|NOP:265|DAL:443|ATL:458|HOU:520
39194,MEM:226|NOP:254|DAL:438|ATL:446|HOU:511
39166,MEM:214|NOP:260|DAL:447|ATL:452|HOU:517
39038,MEM:199|NOP:270|ATL:449|DAL:458|OKC:520
39173,MEM:233|NOP:250|DAL:421|ATL:443|HOU:498
38761,MEM:186|NOP:305|ATL:428|DAL:449|OKC:511
39040,NOP:233|MEM:236|ATL:425|DAL:428|HOU:490
38941,MEM:168|NOP:303|ATL:408|DAL:444|OKC:506
38946,MEM:180|NOP:290|ATL:419|DAL:464|OKC:526
39071,NOP:210|MEM:216|ATL:403|DAL:406|HOU:467
39169,MEM:198|NOP:293|ATL:438|DAL:485|HOU:550
39039,MEM:203|NOP:241|ATL:430|DAL:446|HOU:498
38954,MEM:178|NOP:319|ATL:418|DAL:480|OKC:542
38924,MEM:180|NOP:292|ATL:420|DAL:484|OKC:548
39095,MEM:179|NOP:268|ATL:419|DAL:473|HOU:525
39179,MEM:178|NOP:229|ATL:418|DAL:434|HOU:486
39146,MEM:173|NOP:236|ATL:413|DAL:441|HOU:493
39046,MEM:196|NOP:221|ATL:404|DAL:426|HOU:478
38923,MEM:154|NOP:293|ATL:394|DAL:497|HOU:550
39063,MEM:160|NOP:255|ATL:400|DAL:460|HOU:512
39079,MEM:176|NOP:254|ATL:417|DAL:459|HOU:511
39045,MEM:221|NOP:275|ATL:441|DAL:480|HOU:532
39176,MEM:150|NOP:281|ATL:390|DAL:486|HOU:538
39160,MEM:177|NOP:273|ATL:413|DAL:478|HOU:530
39192,MEM:159|NOP:271|ATL:399|DAL:476|HOU:528
38967,MEM:133|NOP:284|ATL:367|DAL:489|HOU:541
39094,MEM:232|NOP:238|ATL:382|DAL:448|HOU:495
39090,MEM:181|NOP:281|ATL:388|DAL:491|HOU:538
39747,MEM:140|NOP:291|ATL:348|DAL:496|HOU:548
39051,MEM:207|NOP:253|ATL:380|DAL:463|HOU:510
39745,MEM:167|NOP:307|ATL:369|DAL:512|HOU:564
39767,MEM:155|NOP:307|ATL:352|DAL:511|HOU:564
39067,MEM:190|NOP:300|ATL:381|DAL:506|HOU:557
39189,MEM:243|NOP:275|ATL:375|DAL:486|HOU:532
39359,MEM:238|NOP:259|ATL:359|DAL:470|HOU:517
39108,MEM:192|NOP:315|ATL:368|DAL:521|HOU:571
39772,MEM:189|NOP:328|ATL:361|DAL:534|HOU:585
39735,MEM:181|NOP:317|ATL:342|DAL:527|HOU:574
39350,MEM:230|NOP:260|ATL:348|DAL:508|HOU:555
39365,NOP:241|MEM:256|ATL:341|DAL:488|HOU:534
39346,MEM:233|NOP:281|ATL:364|DAL:522|HOU:569
39769,MEM:206|ATL:335|NOP:335|DAL:545|CHA:592
39339,MEM:214|NOP:299|ATL:344|DAL:509|HOU:556
39325,NOP:235|MEM:275|ATL:330|DAL:517|HOU:559
39354,MEM:247|NOP:269|ATL:327|DAL:539|CHA:585
39759,MEM:197|ATL:308|NOP:313|DAL:540|CHA:565
39762,MEM:196|ATL:303|NOP:307|DAL:544|CHA:561
39320,NOP:229|MEM:290|ATL:316|DAL:514|HOU:553
39328,NOP:254|MEM:263|ATL:310|DAL:538|CHA:567
39326,NOP:242|MEM:292|ATL:326|DAL:528|HOU:567
39736,MEM:204|NOP:304|ATL:310|CHA:568|DAL:573
39753,MEM:190|ATL:294|NOP:301|CHA:551|DAL:559
39743,MEM:206|NOP:294|ATL:312|CHA:570|DAL:575
39361,MEM:231|NOP:263|ATL:302|DAL:548|CHA:560
39739,MEM:204|NOP:278|ATL:297|CHA:555|DAL:563
39341,MEM:218|NOP:263|ATL:303|DAL:549|CHA:561
39309,NOP:236|MEM:292|ATL:317|DAL:521|HOU:560
39701,MEM:203|ATL:290|NOP:293|CHA:548|DAL:572
39335,NOP:225|MEM:270|ATL:294|DAL:510|HOU:549
39352,NOP:230|MEM:249|ATL:283|DAL:515|CHA:541
39358,MEM:239|NOP:244|ATL:283|DAL:529|CHA:541
39702,MEM:212|ATL:282|NOP:315|CHA:540|DAL:581
35459,NOP:270|MEM:283|ATL:286|CHA:544|DAL:556
35477,MEM:272|NOP:286|ATL:287|CHA:545|DAL:571
35461,MEM:218|ATL:264|NOP:321|CHA:522|DAL:587
35460,NOP:252|ATL:259|MEM:284|CHA:517|DAL:537
35442,MEM:264|ATL:265|NOP:292|CHA:523|DAL:577
35447,MEM:262|ATL:284|NOP:334|CHA:542|DAL:619
35464,NOP:256|ATL:257|MEM:272|CHA:515|DAL:541
35491,ATL:253|NOP:275|MEM:280|CHA:511|DAL:561
35470,NOP:264|ATL:286|MEM:310|CHA:544|DAL:550
35481,MEM:227|ATL:253|NOP:322|CHA:511|IND:594
35443,ATL:242|NOP:254|MEM:292|CHA:500|DAL:540
35462,ATL:242|NOP:269|MEM:286|CHA:500|DAL:554
35466,ATL:251|MEM:258|NOP:330|CHA:508|IND:594
35458,MEM:250|ATL:254|NOP:340|CHA:512|IND:592
35480,ATL:236|MEM:292|NOP:292|CHA:494|DAL:577
35469,ATL:220|NOP:268|MEM:285|CHA:477|DAL:553
35457,ATL:230|MEM:253|NOP:310|CHA:488|IND:574
35446,ATL:233|MEM:262|NOP:301|CHA:491|IND:577
