zip,category,names,post_office,state,hrsa_type,usps_class,zcta
00501,organization,Internal Revenue Service,Holtsville,NY,Post Office or large volume customer,UNIQUE,11742
00544,organization,Internal Revenue Service,Holtsville,NY,Post Office or large volume customer,UNIQUE,11742
00604,PO boxes,,Aguadilla,PR,Post Office or large volume customer,PO BOX,00603
00605,PO boxes,,Aguadilla,PR,Post Office or large volume customer,PO BOX,00603
00613,PO boxes,,Arecibo,PR,Post Office or large volume customer,PO BOX,00612
00614,PO boxes,,Arecibo,PR,Post Office or large volume customer,PO BOX,00612
00681,PO boxes,,Mayaguez,PR,Post Office or large volume customer,PO BOX,00682
00721,PO boxes,,Palmer,PR,Post Office or large volume customer,PO BOX,00745
00726,PO boxes,,Caguas,PR,Post Office or large volume customer,PO BOX,00725
00732,PO boxes,,Ponce,PR,Post Office or large volume customer,PO BOX,00730
00733,PO boxes,,Ponce,PR,Post Office or large volume customer,PO BOX,00730
00734,PO boxes,,Ponce,PR,Post Office or large volume customer,PO BOX,00730
00737,PO boxes,,Cayey,PR,Post Office or large volume customer,PO BOX,00736
00742,other,,Roosevelt Roads,PR,Post Office or large volume customer,STANDARD,00735
00744,PO boxes,,Rio Blanco,PR,Post Office or large volume customer,PO BOX,00718
00785,PO boxes,,Guayama,PR,Post Office or large volume customer,PO BOX,00784
00792,PO boxes,,Humacao,PR,Post Office or large volume customer,PO BOX,00791
00801,PO boxes,,St Thomas,VI,Post Office or large volume customer,PO BOX,00802
00803,PO boxes,,St Thomas,VI,Post Office or large volume customer,PO BOX,00802
00804,PO boxes,,St Thomas,VI,Post Office or large volume customer,PO BOX,00802
00805,PO boxes,,St Thomas,VI,Post Office or large volume customer,PO BOX,00802
00821,PO boxes,,Christiansted,VI,Post Office or large volume customer,PO BOX,00820
00822,PO boxes,,Christiansted,VI,Post Office or large volume customer,PO BOX,00820
00823,PO boxes,,Christiansted,VI,Post Office or large volume customer,PO BOX,00820
00824,PO boxes,,Christiansted,VI,Post Office or large volume customer,PO BOX,00820
00831,PO boxes,,St John,VI,Post Office or large volume customer,PO BOX,00830
00841,PO boxes,,Frederiksted,VI,Post Office or large volume customer,PO BOX,00840
00902,PO boxes,,San Juan,PR,Post Office or large volume customer,PO BOX,00901
00908,PO boxes,,San Juan,PR,Post Office or large volume customer,PO BOX,00907
00910,PO boxes,,San Juan,PR,Post Office or large volume customer,PO BOX,00909
00914,PO boxes,,San Juan,PR,Post Office or large volume customer,PO BOX,00911
00916,PO boxes,,San Juan,PR,Post Office or large volume customer,PO BOX,00915
00919,PO boxes,,San Juan,PR,Post Office or large volume customer,PO BOX,00918
00922,PO boxes,,San Juan,PR,Post Office or large volume customer,PO BOX,00966
00928,PO boxes,,San Juan,PR,Post Office or large volume customer,PO BOX,00925
00929,PO boxes,,San Juan,PR,Post Office or large volume customer,PO BOX,00924
00930,PO boxes,,San Juan,PR,Post Office or large volume customer,PO BOX,00923
00931,PO boxes,,San Juan,PR,Post Office or large volume customer,PO BOX,00925
00933,PO boxes,,San Juan,PR,Post Office or large volume customer,PO BOX,00918
00935,organization,Centro Medico Metropolitano,San Juan,PR,Post Office or large volume customer,UNIQUE,00921
00936,PO boxes,,San Juan,PR,Post Office or large volume customer,PO BOX,00918
00937,PO boxes,,San Juan,PR,Post Office or large volume customer,PO BOX,00979
00939,business reply mail,Unique Brm,San Juan,PR,Post Office or large volume customer,UNIQUE,00918
00940,PO boxes,,San Juan,PR,Post Office or large volume customer,PO BOX,00909
00954,PO boxes,,Toa Alta,PR,Post Office or large volume customer,PO BOX,00953
00955,PO boxes,,San Juan,PR,Post Office or large volume customer,PO BOX,00921
00958,PO boxes,,Bayamon,PR,Post Office or large volume customer,PO BOX,00957
00963,PO boxes,,Catano,PR,Post Office or large volume customer,PO BOX,00962
00970,PO boxes,,Guaynabo,PR,Post Office or large volume customer,PO BOX,00969
00975,organization,Bureau Of Census,San Juan,PR,Post Office or large volume customer,UNIQUE,00917
00977,PO boxes,,Trujillo Alto,PR,Post Office or large volume customer,PO BOX,00962
00978,PO boxes,,Saint Just,PR,Post Office or large volume customer,PO BOX,00976
00981,PO boxes,,Carolina,PR,Post Office or large volume customer,PO BOX,00979
00984,PO boxes,,Carolina,PR,Post Office or large volume customer,PO BOX,00983
00986,PO boxes,,Carolina,PR,Post Office or large volume customer,PO BOX,00985
00988,PO boxes,,Carolina,PR,Post Office or large volume customer,PO BOX,00983
01004,PO boxes,,Amherst,MA,Post Office or large volume customer,PO BOX,01002
01014,PO boxes,,Chicopee,MA,Post Office or large volume customer,PO BOX,01013
01021,PO boxes,,Chicopee,MA,Post Office or large volume customer,PO BOX,01020
01041,PO boxes,,Holyoke,MA,Post Office or large volume customer,PO BOX,01040
01059,PO boxes,,North Amherst,MA,Post Office or large volume customer,PO BOX,01002
01061,PO boxes,,Northampton,MA,Post Office or large volume customer,PO BOX,01060
01086,PO boxes,,Westfield,MA,Post Office or large volume customer,PO BOX,01085
01090,PO boxes,,West Springfield,MA,Post Office or large volume customer,PO BOX,01089
01101,PO boxes,,Springfield,MA,Post Office or large volume customer,PO BOX,01103
01102,PO boxes,,Springfield,MA,Post Office or large volume customer,PO BOX,01103
01111,organization,Mass Mutual Life Ins Co,Springfield,MA,Post Office or large volume customer,UNIQUE,01109
01115,PO boxes,,Springfield,MA,Post Office or large volume customer,PO BOX,01144
01116,PO boxes,,Longmeadow,MA,Post Office or large volume customer,PO BOX,01106
01138,PO boxes,,Springfield,MA,Post Office or large volume customer,PO BOX,01108
01139,PO boxes,,Springfield,MA,Post Office or large volume customer,PO BOX,01109
01152,other,,Springfield,MA,Post Office or large volume customer,STANDARD,01151
01199,organization,Baystate Medical,Springfield,MA,Post Office or large volume customer,UNIQUE,01107
01202,PO boxes,,Pittsfield,MA,Post Office or large volume customer,PO BOX,01201
01203,PO boxes,,Pittsfield,MA,Post Office or large volume customer,PO BOX,01201
01227,PO boxes,,Dalton,MA,Post Office or large volume customer,PO BOX,01226
01252,other,,North Egremont,MA,Post Office or large volume customer,STANDARD,01230
01263,organization,Assoc Of Marian Helpers; Marian Helpers; Marion Fathers,Stockbridge,MA,Post Office or large volume customer,UNIQUE,01262
01302,PO boxes,,Greenfield,MA,Post Office or large volume customer,PO BOX,01301
01441,organization,Tyco,Westminster,MA,Post Office or large volume customer,UNIQUE,01473
01467,PO boxes,,Still River,MA,Post Office or large volume customer,PO BOX,01451
01470,business reply mail,New England Business Brm,Groton,MA,Post Office or large volume customer,UNIQUE,01450
01471,organization,New England Business Svc Inc,Groton,MA,Post Office or large volume customer,UNIQUE,01450
01472,PO boxes,,West Groton,MA,Post Office or large volume customer,PO BOX,01450
01508,PO boxes,,Charlton City,MA,Post Office or large volume customer,PO BOX,01507
01509,PO boxes,,Charlton Depot,MA,Post Office or large volume customer,PO BOX,01507
01526,PO boxes,,Manchaug,MA,Post Office or large volume customer,PO BOX,01590
01538,PO boxes,,North Uxbridge,MA,Post Office or large volume customer,PO BOX,01569
01546,organization,Central Mass P & D Ctr,Shrewsbury,MA,Post Office or large volume customer,UNIQUE,01545
01586,PO boxes,,West Millbury,MA,Post Office or large volume customer,PO BOX,01527
01601,PO boxes,,Worcester,MA,Post Office or large volume customer,PO BOX,01608
01613,PO boxes,,Worcester,MA,Post Office or large volume customer,PO BOX,01604
01614,PO boxes,,Worcester,MA,Post Office or large volume customer,PO BOX,01608
01615,PO boxes,,Worcester,MA,Post Office or large volume customer,PO BOX,01605
01653,organization,Allmerica,Worcester,MA,Post Office or large volume customer,UNIQUE,01605
01655,other,,Worcester,MA,Post Office or large volume customer,STANDARD,01605
01703,PO boxes,,Framingham,MA,Post Office or large volume customer,PO BOX,01701
01704,PO boxes,,Framingham,MA,Post Office or large volume customer,PO BOX,01702
01705,PO boxes,,Framingham,MA,Post Office or large volume customer,PO BOX,01701
01784,PO boxes,,Woodville,MA,Post Office or large volume customer,PO BOX,01748
01805,organization,Lahey Clinic Med Ctr,Burlington,MA,Post Office or large volume customer,UNIQUE,01803
01812,organization,Internal Revenue Service,Andover,MA,Post Office or large volume customer,UNIQUE,01810
01813,organization,Mellon Financial Services,Woburn,MA,Post Office or large volume customer,UNIQUE,01801
01815,organization,Bank Of America,Woburn,MA,Post Office or large volume customer,UNIQUE,01801
01822,PO boxes,,Billerica,MA,Post Office or large volume customer,PO BOX,01821
01831,PO boxes,,Haverhill,MA,Post Office or large volume customer,PO BOX,01830
01842,PO boxes,,Lawrence,MA,Post Office or large volume customer,PO BOX,01840
01853,PO boxes,,Lowell,MA,Post Office or large volume customer,PO BOX,01854
01865,PO boxes,,Nutting Lake,MA,Post Office or large volume customer,PO BOX,01821
01866,PO boxes,,Pinehurst,MA,Post Office or large volume customer,PO BOX,01821
01885,PO boxes,,West Boxford,MA,Post Office or large volume customer,PO BOX,01921
01888,PO boxes,,Woburn,MA,Post Office or large volume customer,PO BOX,01801
01889,organization,Massachusetts District,North Reading,MA,Post Office or large volume customer,UNIQUE,01864
01899,organization,Bar Coded Irs,Andover,MA,Post Office or large volume customer,UNIQUE,01810
01903,PO boxes,,Lynn,MA,Post Office or large volume customer,PO BOX,01901
01910,organization,General Elec Co,Lynn,MA,Post Office or large volume customer,UNIQUE,01905
01931,PO boxes,,Gloucester,MA,Post Office or large volume customer,PO BOX,01930
01936,PO boxes,,Hamilton,MA,Post Office or large volume customer,PO BOX,01982
01961,PO boxes,,Peabody,MA,Post Office or large volume customer,PO BOX,01960
01971,PO boxes,,Salem,MA,Post Office or large volume customer,PO BOX,01970
02018,PO boxes,,Accord,MA,Post Office or large volume customer,PO BOX,02043
02020,PO boxes,,Brant Rock,MA,Zip Code Area,PO BOX,02050
02027,PO boxes,,Dedham,MA,Post Office or large volume customer,PO BOX,02026
02040,PO boxes,,Greenbush,MA,Post Office or large volume customer,PO BOX,02066
02041,PO boxes,,Green Harbor,MA,Post Office or large volume customer,PO BOX,02050
02044,organization,Shared Firm Zip Code,Hingham,MA,Post Office or large volume customer,UNIQUE,02043
02051,PO boxes,,Marshfield Hills,MA,Post Office or large volume customer,PO BOX,02050
02055,PO boxes,,Minot,MA,Post Office or large volume customer,PO BOX,02066
02059,PO boxes,,North Marshfield,MA,Post Office or large volume customer,PO BOX,02050
02060,PO boxes,,North Scituate,MA,Post Office or large volume customer,PO BOX,02066
02065,PO boxes,,Ocean Bluff,MA,Post Office or large volume customer,PO BOX,02050
02070,PO boxes,,Sheldonville,MA,Post Office or large volume customer,PO BOX,02093
02112,PO boxes,,Boston,MA,Post Office or large volume customer,PO BOX,02111
02117,PO boxes,,Boston,MA,Post Office or large volume customer,PO BOX,02116
02123,PO boxes,,Boston,MA,Post Office or large volume customer,PO BOX,02115
02137,PO boxes,,Readville,MA,Post Office or large volume customer,PO BOX,02136
02153,PO boxes,,Medford,MA,Zip Code Area,PO BOX,02155
02156,PO boxes,,West Medford,MA,Post Office or large volume customer,PO BOX,02155
02185,PO boxes,,Braintree,MA,Post Office or large volume customer,PO BOX,02184
02187,PO boxes,,Milton Village,MA,Post Office or large volume customer,PO BOX,02186
02196,PO boxes,,Boston,MA,Post Office or large volume customer,PO BOX,02110
02201,organization,Boston City Hall,Boston,MA,Post Office or large volume customer,UNIQUE,02108
02204,organization,Mass Tax; Massachusetts Tax,Boston,MA,Post Office or large volume customer,UNIQUE,02150
02206,organization,State Street Corporation,Boston,MA,Post Office or large volume customer,UNIQUE,02150
02211,organization,Bank Of America,Boston,MA,Post Office or large volume customer,UNIQUE,02109
02212,organization,Bank Of America,Boston,MA,Post Office or large volume customer,UNIQUE,02109
02217,organization,John Hancock P O Box 505,Boston,MA,Post Office or large volume customer,UNIQUE,02116
02222,other,,Boston,MA,Post Office or large volume customer,STANDARD,02114
02238,PO boxes,,Cambridge,MA,Post Office or large volume customer,PO BOX,02138
02241,organization,Bank Of America; Fleet Bank Boston,Boston,MA,Post Office or large volume customer,UNIQUE,02110
02269,PO boxes,,Quincy,MA,Post Office or large volume customer,PO BOX,02169
02283,PO boxes,,Boston,MA,Post Office or large volume customer,PO BOX,02205
02284,PO boxes,,Boston,MA,Post Office or large volume customer,PO BOX,02205
02293,organization,Fidelity Service Company,Boston,MA,Post Office or large volume customer,UNIQUE,02205
02297,organization,Cash Management,Boston,MA,Post Office or large volume customer,UNIQUE,02205
02298,PO boxes,,Boston,MA,Post Office or large volume customer,PO BOX,02205
02303,PO boxes,,Brockton,MA,Post Office or large volume customer,PO BOX,02302
02304,PO boxes,,Brockton,MA,Post Office or large volume customer,PO BOX,02301
02305,PO boxes,,Brockton,MA,Post Office or large volume customer,PO BOX,02301
02327,PO boxes,,Bryantville,MA,Post Office or large volume customer,PO BOX,02359
02331,PO boxes,,Duxbury,MA,Post Office or large volume customer,PO BOX,02332
02334,PO boxes,,Easton,MA,Post Office or large volume customer,PO BOX,02356
02337,PO boxes,,Elmwood,MA,Post Office or large volume customer,PO BOX,02333
02344,organization,Aetna Life & Casualty Co,Middleboro,MA,Post Office or large volume customer,UNIQUE,02346
02345,PO boxes,,Manomet,MA,Post Office or large volume customer,PO BOX,02360
02348,organization,Talbots,Lakeville,MA,Post Office or large volume customer,UNIQUE,02347
02349,organization,Ocean Spray,Middleboro,MA,Post Office or large volume customer,UNIQUE,02347
02355,PO boxes,,North Carver,MA,Post Office or large volume customer,PO BOX,02330
02358,PO boxes,,North Pembroke,MA,Post Office or large volume customer,PO BOX,02359
02361,PO boxes,,Plymouth,MA,Post Office or large volume customer,PO BOX,02360
02362,PO boxes,,Plymouth,MA,Post Office or large volume customer,PO BOX,02360
02381,PO boxes,,White Horse Beach,MA,Post Office or large volume customer,PO BOX,02360
02447,PO boxes,,Brookline Village,MA,Post Office or large volume customer,PO BOX,02445
02454,PO boxes,,Waltham,MA,Post Office or large volume customer,PO BOX,02453
02455,PO boxes,,North Waltham,MA,Post Office or large volume customer,PO BOX,02452
02456,PO boxes,,New Town,MA,Post Office or large volume customer,PO BOX,02472
02471,PO boxes,,Watertown,MA,Post Office or large volume customer,PO BOX,02472
02475,PO boxes,,Arlington Heights,MA,Post Office or large volume customer,PO BOX,02476
02477,organization,Field Premium Inc,Watertown,MA,Post Office or large volume customer,UNIQUE,02472
02479,PO boxes,,Waverley,MA,Post Office or large volume customer,PO BOX,02478
02495,PO boxes,,Nonantum,MA,Post Office or large volume customer,PO BOX,02458
02541,PO boxes,,Falmouth,MA,Post Office or large volume customer,PO BOX,02540
02552,PO boxes,,Menemsha,MA,Post Office or large volume customer,PO BOX,02535
02574,PO boxes,,West Falmouth,MA,Post Office or large volume customer,PO BOX,02540
02634,PO boxes,,Centerville,MA,Post Office or large volume customer,PO BOX,02632
02651,PO boxes,,North Eastham,MA,Post Office or large volume customer,PO BOX,02642
02661,PO boxes,,South Harwich,MA,Post Office or large volume customer,PO BOX,02645
02662,PO boxes,,South Orleans,MA,Post Office or large volume customer,PO BOX,02653
02669,PO boxes,,West Chatham,MA,Post Office or large volume customer,PO BOX,02633
02712,PO boxes,,Chartley,MA,Post Office or large volume customer,PO BOX,02766
02714,PO boxes,,Dartmouth,MA,Post Office or large volume customer,PO BOX,02748
02722,PO boxes,,Fall River,MA,Post Office or large volume customer,PO BOX,02721
02741,PO boxes,,New Bedford,MA,Post Office or large volume customer,PO BOX,02740
02742,PO boxes,,New Bedford,MA,Post Office or large volume customer,PO BOX,02740
02761,PO boxes,,North Attleboro,MA,Post Office or large volume customer,PO BOX,02760
02768,PO boxes,,Raynham Center,MA,Post Office or large volume customer,PO BOX,02767
02801,PO boxes,,Adamsville,RI,Post Office or large volume customer,PO BOX,02837
02862,PO boxes,,Pawtucket,RI,Post Office or large volume customer,PO BOX,02860
02877,delivery area,,Slocum,RI,Zip Code Area,STANDARD,02874
02880,PO boxes,,Wakefield,RI,Post Office or large volume customer,PO BOX,02879
02883,PO boxes,,Peace Dale,RI,Post Office or large volume customer,PO BOX,02879
02887,PO boxes,,Warwick,RI,Post Office or large volume customer,PO BOX,02886
02901,PO boxes,,Providence,RI,Post Office or large volume customer,PO BOX,02903
02902,organization,Providence Journal,Providence,RI,Post Office or large volume customer,UNIQUE,02903
02940,PO boxes,,Providence,RI,Post Office or large volume customer,PO BOX,02904
03040,PO boxes,,East Candia,NH,Post Office or large volume customer,PO BOX,03034
03041,PO boxes,,East Derry,NH,Post Office or large volume customer,PO BOX,03038
03061,PO boxes,,Nashua,NH,Post Office or large volume customer,PO BOX,03060
03073,PO boxes,,North Salem,NH,Post Office or large volume customer,PO BOX,03079
03105,PO boxes,,Manchester,NH,Post Office or large volume customer,PO BOX,03101
03108,PO boxes,,Manchester,NH,Post Office or large volume customer,PO BOX,03103
03111,organization,Shared Firm Zip,Manchester,NH,Post Office or large volume customer,UNIQUE,03103
03247,PO boxes,,Laconia,NH,Post Office or large volume customer,PO BOX,03246
03252,PO boxes,,Lochmere,NH,Post Office or large volume customer,PO BOX,03276
03272,PO boxes,,South Newbury,NH,Post Office or large volume customer,PO BOX,03255
03289,PO boxes,,Winnisquam,NH,Post Office or large volume customer,PO BOX,03220
03298,organization,Brm J Jill; J Jill; J Jill Brm,Tilton,NH,Post Office or large volume customer,UNIQUE,03253
03299,organization,J Jill,Tilton,NH,Post Office or large volume customer,UNIQUE,03253
03302,PO boxes,,Concord,NH,Post Office or large volume customer,PO BOX,03301
03305,organization,Nh Dept Of Safety,Concord,NH,Post Office or large volume customer,UNIQUE,03301
03435,organization,Keene State College,Keene,NH,Post Office or large volume customer,UNIQUE,03431
03468,PO boxes,,West Peterborough,NH,Post Office or large volume customer,PO BOX,03458
03469,PO boxes,,West Swanzey,NH,Post Office or large volume customer,PO BOX,03446
03589,PO boxes,,Mount Washington,NH,Post Office or large volume customer,PO BOX,03593
03746,PO boxes,,Cornish Flat,NH,Post Office or large volume customer,PO BOX,03745
03749,PO boxes,,Enfield Center,NH,Post Office or large volume customer,PO BOX,03748
03754,PO boxes,,Guild,NH,Post Office or large volume customer,PO BOX,03773
03756,delivery area,,Lebanon,NH,Zip Code Area,STANDARD,03766
03769,PO boxes,,Lyme Center,NH,Post Office or large volume customer,PO BOX,03768
03802,PO boxes,,Portsmouth,NH,Post Office or large volume customer,PO BOX,03801
03803,organization,Air National Guard,Portsmouth,NH,Post Office or large volume customer,UNIQUE,03801
03804,PO boxes,,Portsmouth,ME,Post Office or large volume customer,PO BOX,03904
03815,PO boxes,,Center Strafford,NH,Post Office or large volume customer,PO BOX,03884
03821,PO boxes,,Dover,NH,Post Office or large volume customer,PO BOX,03820
03822,organization,Liberty Mutual Insurance,Dover,NH,Post Office or large volume customer,UNIQUE,03820
03843,PO boxes,,Hampton,NH,Post Office or large volume customer,PO BOX,03842
03859,PO boxes,,Newton Junction,NH,Post Office or large volume customer,PO BOX,03858
03866,PO boxes,,Rochester,NH,Post Office or large volume customer,PO BOX,03867
03896,PO boxes,,Wolfeboro Falls,NH,Post Office or large volume customer,PO BOX,03894
04004,PO boxes,,Bar Mills,ME,Post Office or large volume customer,PO BOX,04093
04007,PO boxes,,Biddeford,ME,Post Office or large volume customer,PO BOX,04005
04013,delivery area,,Bustins Island,ME,Zip Code Area,STANDARD,04032
04014,PO boxes,,Cape Porpoise,ME,Post Office or large volume customer,PO BOX,04046
04016,PO boxes,,Center Lovell,ME,Post Office or large volume customer,PO BOX,04051
04028,PO boxes,,East Parsonsfield,ME,Post Office or large volume customer,PO BOX,04047
04033,organization,Ll Bean Co,Freeport,ME,Post Office or large volume customer,UNIQUE,04032
04034,organization,Ll Bean Co,Freeport,ME,Post Office or large volume customer,UNIQUE,04032
04054,PO boxes,,Moody,ME,Post Office or large volume customer,PO BOX,04090
04070,PO boxes,,Scarborough,ME,Post Office or large volume customer,PO BOX,04074
04077,PO boxes,,South Casco,ME,Post Office or large volume customer,PO BOX,04015
04078,PO boxes,,South Freeport,ME,Post Office or large volume customer,PO BOX,04032
04082,PO boxes,,South Windham,ME,Post Office or large volume customer,PO BOX,04062
04094,PO boxes,,West Kennebunk,ME,Post Office or large volume customer,PO BOX,04043
04098,PO boxes,,Westbrook,ME,Post Office or large volume customer,PO BOX,04092
04104,PO boxes,,Portland,ME,Post Office or large volume customer,PO BOX,04101
04112,PO boxes,,Portland,ME,Post Office or large volume customer,PO BOX,04101
04116,PO boxes,,South Portland,ME,Post Office or large volume customer,PO BOX,04106
04122,organization,Union Mutual Life Ins,Portland,ME,Post Office or large volume customer,UNIQUE,04102
04123,organization,Union Mutual Life Ins,Portland,ME,Post Office or large volume customer,UNIQUE,04102
04124,organization,Union Mutual Life Ins,Portland,ME,Post Office or large volume customer,UNIQUE,04102
04211,PO boxes,,Auburn,ME,Post Office or large volume customer,PO BOX,04210
04212,PO boxes,,Auburn,ME,Post Office or large volume customer,PO BOX,04210
04223,PO boxes,,Danville,ME,Post Office or large volume customer,PO BOX,04210
04225,PO boxes,,Dryden,ME,Post Office or large volume customer,PO BOX,04294
04228,PO boxes,,East Livermore,ME,Post Office or large volume customer,PO BOX,04254
04230,PO boxes,,East Poland,ME,Post Office or large volume customer,PO BOX,04274
04241,PO boxes,,Lewiston,ME,Post Office or large volume customer,PO BOX,04240
04243,PO boxes,,Lewiston,ME,Post Office or large volume customer,PO BOX,04240
04262,PO boxes,,North Jay,ME,Post Office or large volume customer,PO BOX,04239
04266,PO boxes,,North Turner,ME,Post Office or large volume customer,PO BOX,04282
04288,PO boxes,,West Minot,ME,Post Office or large volume customer,PO BOX,04258
04291,PO boxes,,West Poland,ME,Post Office or large volume customer,PO BOX,04274
04332,PO boxes,,Augusta,ME,Post Office or large volume customer,PO BOX,04330
04333,organization,Me State Agencies,Augusta,ME,Post Office or large volume customer,UNIQUE,04330
04336,organization,Central Me Power Co,Augusta,ME,Post Office or large volume customer,UNIQUE,04330
04338,PO boxes,,Augusta,ME,Post Office or large volume customer,PO BOX,04330
04343,PO boxes,,East Winthrop,ME,Post Office or large volume customer,PO BOX,04364
04402,PO boxes,,Bangor,ME,Post Office or large volume customer,PO BOX,04401
04420,organization,Maine Maritime Academy,Castine,ME,Post Office or large volume customer,UNIQUE,04421
04549,delivery area,,Isle of Springs,ME,Zip Code Area,STANDARD,04575
04565,PO boxes,,Sebasco Estates,ME,Post Office or large volume customer,PO BOX,04562
04629,PO boxes,,East Blue Hill,ME,Post Office or large volume customer,PO BOX,04614
04637,PO boxes,,Grand Lake Stream,ME,Post Office or large volume customer,PO BOX,04668
04644,PO boxes,,Hulls Cove,ME,Post Office or large volume customer,PO BOX,04609
04672,PO boxes,,Salsbury Cove,ME,Post Office or large volume customer,PO BOX,04609
04738,PO boxes,,Crouseville,ME,Post Office or large volume customer,PO BOX,04786
04741,PO boxes,,Estcourt Station,ME,Zip Code Area,PO BOX,04774
04744,PO boxes,,Fort Kent Mills,ME,Post Office or large volume customer,PO BOX,04743
04751,organization,Defense Finance Accounting,Limestone,ME,Zip Code Area,UNIQUE,04750
04775,PO boxes,,Sheridan,ME,Post Office or large volume customer,PO BOX,04732
04850,PO boxes,,Lincolnville Center,ME,Post Office or large volume customer,PO BOX,04849
04865,PO boxes,,West Rockport,ME,Post Office or large volume customer,PO BOX,04856
04903,PO boxes,,Waterville,ME,Post Office or large volume customer,PO BOX,04901
04933,PO boxes,,East Newport,ME,Post Office or large volume customer,PO BOX,04953
04935,PO boxes,,East Vassalboro,ME,Post Office or large volume customer,PO BOX,04989
04954,PO boxes,,New Portland,ME,Post Office or large volume customer,PO BOX,04961
04962,PO boxes,,North Vassalboro,ME,Post Office or large volume customer,PO BOX,04926
04972,PO boxes,,Sandy Point,ME,Post Office or large volume customer,PO BOX,04981
05047,PO boxes,,Hartford,VT,Post Office or large volume customer,PO BOX,05001
05049,PO boxes,,Hartland Four Corners,VT,Post Office or large volume customer,PO BOX,05048
05054,PO boxes,,North Thetford,VT,Post Office or large volume customer,PO BOX,05043
05074,PO boxes,,Thetford,VT,Post Office or large volume customer,PO BOX,05083
05085,PO boxes,,West Newbury,VT,Post Office or large volume customer,PO BOX,05051
05159,PO boxes,,Westminster Station,VT,Post Office or large volume customer,PO BOX,05158
05302,PO boxes,,Brattleboro,VT,Post Office or large volume customer,PO BOX,05301
05303,PO boxes,,Brattleboro,VT,Post Office or large volume customer,PO BOX,05301
05304,PO boxes,,Brattleboro,VT,Post Office or large volume customer,PO BOX,05301
05357,PO boxes,,West Dummerston,VT,Post Office or large volume customer,PO BOX,05301
05402,PO boxes,,Burlington,VT,Post Office or large volume customer,PO BOX,05401
05406,PO boxes,,Burlington,VT,Post Office or large volume customer,PO BOX,05403
05407,PO boxes,,South Burlington,VT,Post Office or large volume customer,PO BOX,05403
05449,PO boxes,,Colchester,VT,Post Office or large volume customer,PO BOX,05446
05451,PO boxes,,Essex,VT,Post Office or large volume customer,PO BOX,05452
05453,PO boxes,,Essex Junction,VT,Post Office or large volume customer,PO BOX,05452
05460,PO boxes,,Highgate Springs,VT,Post Office or large volume customer,PO BOX,05488
05466,PO boxes,,Jonesville,VT,Post Office or large volume customer,PO BOX,05477
05469,PO boxes,,Monkton,VT,Post Office or large volume customer,PO BOX,05443
05470,PO boxes,,Montgomery,VT,Post Office or large volume customer,PO BOX,05471
05479,organization,Eastern Reg Serv Ctr; Us Citizenship & Immigration,Saint Albans,VT,Post Office or large volume customer,UNIQUE,05478
05490,PO boxes,,Underhill Center,VT,Post Office or large volume customer,PO BOX,05489
05501,organization,Internal Revenue Service,Andover,MA,Post Office or large volume customer,UNIQUE,01810
05601,PO boxes,,Montpelier,VT,Post Office or large volume customer,PO BOX,05602
05603,organization,Dept Motor Vehicles,Montpelier,VT,Post Office or large volume customer,UNIQUE,05602
05604,organization,National Life Ins,Montpelier,VT,Post Office or large volume customer,UNIQUE,05602
05609,organization,State Of Vermont,Montpelier,VT,Post Office or large volume customer,UNIQUE,05602
05620,organization,State Of Vermont,Montpelier,VT,Post Office or large volume customer,UNIQUE,05602
05633,organization,State Of Vermont,Montpelier,VT,Post Office or large volume customer,UNIQUE,05602
05657,PO boxes,,Lake Elmore,VT,Post Office or large volume customer,PO BOX,05661
05662,PO boxes,,Moscow,VT,Post Office or large volume customer,PO BOX,05672
05665,PO boxes,,North Hyde Park,VT,Post Office or large volume customer,PO BOX,05655
05671,organization,State Of Vermont,Waterbury,VT,Zip Code Area,UNIQUE,05676
05702,PO boxes,,Rutland,VT,Post Office or large volume customer,PO BOX,05701
05740,PO boxes,,East Middlebury,VT,Post Office or large volume customer,PO BOX,05753
05741,PO boxes,,East Poultney,VT,Post Office or large volume customer,PO BOX,05764
05745,PO boxes,,Forest Dale,VT,Post Office or large volume customer,PO BOX,05733
05750,PO boxes,,Hydeville,VT,Post Office or large volume customer,PO BOX,05735
05823,PO boxes,,Beebe Plain,VT,Post Office or large volume customer,PO BOX,05855
05838,PO boxes,,East Saint Johnsbury,VT,Post Office or large volume customer,PO BOX,05819
05848,PO boxes,,Lower Waterford,VT,Post Office or large volume customer,PO BOX,05819
05849,PO boxes,,Lyndon,VT,Post Office or large volume customer,PO BOX,05851
05861,PO boxes,,Passumpsic,VT,Post Office or large volume customer,PO BOX,05819
05863,PO boxes,,Saint Johnsbury Center,VT,Post Office or large volume customer,PO BOX,05819
06006,organization,Northeast Area,Windsor,CT,Post Office or large volume customer,UNIQUE,06095
06011,PO boxes,,Bristol,CT,Post Office or large volume customer,PO BOX,06010
06025,PO boxes,,East Glastonbury,CT,Post Office or large volume customer,PO BOX,06033
06028,PO boxes,,East Windsor Hill,CT,Post Office or large volume customer,PO BOX,06074
06030,organization,University Of Ct Health Ctr,Farmington,CT,Post Office or large volume customer,UNIQUE,06032
06034,PO boxes,,Farmington,CT,Post Office or large volume customer,PO BOX,06032
06041,organization,Jc Penney Co,Manchester,CT,Post Office or large volume customer,UNIQUE,06042
06045,PO boxes,,Manchester,CT,Post Office or large volume customer,PO BOX,06042
06050,PO boxes,,New Britain,CT,Post Office or large volume customer,PO BOX,06051
06064,PO boxes,,Poquonock,CT,Post Office or large volume customer,PO BOX,06095
06075,PO boxes,,Stafford,CT,Post Office or large volume customer,PO BOX,06076
06077,PO boxes,,Staffordville,CT,Post Office or large volume customer,PO BOX,06076
06083,PO boxes,,Enfield,CT,Post Office or large volume customer,PO BOX,06082
06094,PO boxes,,Winchester Center,CT,Post Office or large volume customer,PO BOX,06098
06101,other,,Hartford,CT,Post Office or large volume customer,STANDARD,06120
06102,PO boxes,,Hartford,CT,Post Office or large volume customer,PO BOX,06103
06104,PO boxes,,Hartford,CT,Post Office or large volume customer,PO BOX,06120
06115,PO boxes,,Hartford,CT,Post Office or large volume customer,PO BOX,06105
06123,PO boxes,,Hartford,CT,Post Office or large volume customer,PO BOX,06103
06126,PO boxes,,Hartford,CT,Post Office or large volume customer,PO BOX,06106
06127,PO boxes,,West Hartford,CT,Post Office or large volume customer,PO BOX,06107
06128,PO boxes,,East Hartford,CT,Post Office or large volume customer,PO BOX,06108
06129,PO boxes,,Wethersfield,CT,Post Office or large volume customer,PO BOX,06109
06131,PO boxes,,Newington,CT,Post Office or large volume customer,PO BOX,06111
06132,PO boxes,,Hartford,CT,Post Office or large volume customer,PO BOX,06112
06133,PO boxes,,West Hartford,CT,Post Office or large volume customer,PO BOX,06110
06134,PO boxes,,Hartford,CT,Post Office or large volume customer,PO BOX,06114
06137,PO boxes,,West Hartford,CT,Post Office or large volume customer,PO BOX,06117
06138,PO boxes,,East Hartford,CT,Post Office or large volume customer,PO BOX,06118
06140,PO boxes,,Hartford,CT,Post Office or large volume customer,PO BOX,06120
06141,PO boxes,,Hartford,CT,Post Office or large volume customer,PO BOX,06120
06142,PO boxes,,Hartford,CT,Post Office or large volume customer,PO BOX,06120
06143,PO boxes,,Hartford,CT,Post Office or large volume customer,PO BOX,06120
06144,PO boxes,,Hartford,CT,Post Office or large volume customer,PO BOX,06120
06145,PO boxes,,Hartford,CT,Post Office or large volume customer,PO BOX,06120
06146,PO boxes,,Hartford,CT,Post Office or large volume customer,PO BOX,06120
06147,PO boxes,,Hartford,CT,Post Office or large volume customer,PO BOX,06120
06150,organization,Bank Of America; Hartford Natl Bank,Hartford,CT,Post Office or large volume customer,UNIQUE,06120
06151,organization,Bank Of America,Hartford,CT,Post Office or large volume customer,UNIQUE,06120
06152,other,,Hartford,CT,Post Office or large volume customer,STANDARD,06002
06153,organization,Allstate,Hartford,CT,Post Office or large volume customer,UNIQUE,06032
06154,organization,C T Mutual Insurance Co,Hartford,CT,Post Office or large volume customer,UNIQUE,06105
06155,organization,Hartford Insurance Group,Hartford,CT,Post Office or large volume customer,UNIQUE,06105
06156,organization,Aetna Life,Hartford,CT,Post Office or large volume customer,UNIQUE,06105
06160,organization,Aetna Insurance,Hartford,CT,Post Office or large volume customer,UNIQUE,06105
06161,organization,Ct Dept Of Motor Vehicles,Hartford,CT,Post Office or large volume customer,UNIQUE,06109
06167,organization,A A R P Pharmacy,Hartford,CT,Post Office or large volume customer,UNIQUE,06106
06176,organization,Irs,Hartford,CT,Post Office or large volume customer,UNIQUE,06103
06180,organization,Bank Of America,Hartford,CT,Post Office or large volume customer,UNIQUE,06107
06183,organization,Travelers Ins,Hartford,CT,Post Office or large volume customer,UNIQUE,06103
06199,PO boxes,,Hartford,CT,Post Office or large volume customer,PO BOX,06096
06230,PO boxes,,Abington,CT,Zip Code Area,PO BOX,06259
06233,PO boxes,,Ballouville,CT,Post Office or large volume customer,PO BOX,06241
06244,PO boxes,,East Woodstock,CT,Post Office or large volume customer,PO BOX,06281
06245,PO boxes,,Fabyan,CT,Post Office or large volume customer,PO BOX,06255
06246,PO boxes,,Grosvenor Dale,CT,Post Office or large volume customer,PO BOX,06255
06251,PO boxes,,Mansfield Depot,CT,Post Office or large volume customer,PO BOX,06268
06265,other,,South Willington,CT,Post Office or large volume customer,STANDARD,06279
06267,PO boxes,,South Woodstock,CT,Post Office or large volume customer,PO BOX,06259
06349,PO boxes,,Groton,CT,Zip Code Area,PO BOX,06340
06372,PO boxes,,Old Mystic,CT,Post Office or large volume customer,PO BOX,06355
06383,PO boxes,,Versailles,CT,Post Office or large volume customer,PO BOX,06351
06388,PO boxes,,West Mystic,CT,Post Office or large volume customer,PO BOX,06355
06404,PO boxes,,Botsford,CT,Post Office or large volume customer,PO BOX,06470
06408,organization,Macys By Mail,Cheshire,CT,Post Office or large volume customer,UNIQUE,06410
06411,organization,Bloomingdales By Mail Ltd,Cheshire,CT,Post Office or large volume customer,UNIQUE,06410
06440,PO boxes,,Hawleyville,CT,Post Office or large volume customer,PO BOX,06470
06474,PO boxes,,North Westchester,CT,Post Office or large volume customer,PO BOX,06415
06487,PO boxes,,South Britain,CT,Post Office or large volume customer,PO BOX,06488
06491,PO boxes,,Stevenson,CT,Post Office or large volume customer,PO BOX,06468
06493,organization,Ct Gen Med Claims Office; Publishers Clearing House,Wallingford,CT,Post Office or large volume customer,UNIQUE,06492
06494,organization,Fosdick Corp,Wallingford,CT,Post Office or large volume customer,UNIQUE,06492
06495,organization,International Masters Pub,Wallingford,CT,Post Office or large volume customer,UNIQUE,06492
06501,PO boxes,,New Haven,CT,Post Office or large volume customer,PO BOX,06510
06502,PO boxes,,New Haven,CT,Post Office or large volume customer,PO BOX,06510
06503,PO boxes,,New Haven,CT,Post Office or large volume customer,PO BOX,06510
06504,PO boxes,,New Haven,CT,Post Office or large volume customer,PO BOX,06510
06505,PO boxes,,New Haven,CT,Post Office or large volume customer,PO BOX,06510
06506,PO boxes,,New Haven,CT,Post Office or large volume customer,PO BOX,06510
06507,PO boxes,,New Haven,CT,Post Office or large volume customer,PO BOX,06510
06508,PO boxes,,New Haven,CT,Post Office or large volume customer,PO BOX,06510
06509,PO boxes,,New Haven,CT,Post Office or large volume customer,PO BOX,06510
06520,PO boxes,,New Haven,CT,Post Office or large volume customer,PO BOX,06511
06521,PO boxes,,New Haven,CT,Post Office or large volume customer,PO BOX,06510
06530,PO boxes,,New Haven,CT,Post Office or large volume customer,PO BOX,06511
06531,PO boxes,,New Haven,CT,Post Office or large volume customer,PO BOX,06511
06532,PO boxes,,New Haven,CT,Post Office or large volume customer,PO BOX,06511
06533,PO boxes,,New Haven,CT,Post Office or large volume customer,PO BOX,06511
06534,PO boxes,,New Haven,CT,Post Office or large volume customer,PO BOX,06511
06535,PO boxes,,New Haven,CT,Post Office or large volume customer,PO BOX,06511
06536,PO boxes,,New Haven,CT,Post Office or large volume customer,PO BOX,06511
06537,organization,Advertising Distr Co,New Haven,CT,Post Office or large volume customer,UNIQUE,06511
06538,organization,Advertising Distr Co,New Haven,CT,Post Office or large volume customer,UNIQUE,06511
06540,organization,Conn Bank & Trust Co,New Haven,CT,Post Office or large volume customer,UNIQUE,06511
06601,PO boxes,,Bridgeport,CT,Post Office or large volume customer,PO BOX,06604
06602,PO boxes,,Bridgeport,CT,Post Office or large volume customer,PO BOX,06604
06673,organization,Promotion Marketing Ser Inc,Bridgeport,CT,Post Office or large volume customer,UNIQUE,06615
06699,organization,Controlled Distribution,Bridgeport,CT,Post Office or large volume customer,UNIQUE,06604
06701,other,,Waterbury,CT,Post Office or large volume customer,STANDARD,06702
06703,PO boxes,,Waterbury,CT,Post Office or large volume customer,PO BOX,06704
06720,PO boxes,,Waterbury,CT,Post Office or large volume customer,PO BOX,06702
06721,PO boxes,,Waterbury,CT,Post Office or large volume customer,PO BOX,06702
06722,PO boxes,,Waterbury,CT,Post Office or large volume customer,PO BOX,06702
06723,PO boxes,,Waterbury,CT,Post Office or large volume customer,PO BOX,06702
06724,PO boxes,,Waterbury,CT,Post Office or large volume customer,PO BOX,06702
06725,PO boxes,,Waterbury,CT,Post Office or large volume customer,PO BOX,06702
06726,PO boxes,,Waterbury,CT,Post Office or large volume customer,PO BOX,06702
06749,organization,Uniroyal Inc,Waterbury,CT,Post Office or large volume customer,UNIQUE,06762
06781,PO boxes,,Pequabuck,CT,Post Office or large volume customer,PO BOX,06786
06792,organization,Mbi Inc,Torrington,CT,Post Office or large volume customer,UNIQUE,06790
06813,PO boxes,,Danbury,CT,Post Office or large volume customer,PO BOX,06810
06828,other,,Fairfield,CT,Post Office or large volume customer,STANDARD,06825
06829,PO boxes,,Georgetown,CT,Post Office or large volume customer,PO BOX,06883
06836,PO boxes,,Greenwich,CT,Post Office or large volume customer,PO BOX,06830
06838,PO boxes,,Greens Farms,CT,Post Office or large volume customer,PO BOX,06880
06852,PO boxes,,Norwalk,CT,Post Office or large volume customer,PO BOX,06850
06856,PO boxes,,Norwalk,CT,Post Office or large volume customer,PO BOX,06854
06857,organization,Mbi Inc,Norwalk,CT,Post Office or large volume customer,UNIQUE,06854
06858,organization,Setan Industries,Norwalk,CT,Post Office or large volume customer,UNIQUE,06850
06860,business reply mail,Shared Zip For Brm,Norwalk,CT,Post Office or large volume customer,UNIQUE,06854
06875,PO boxes,,Redding Center,CT,Post Office or large volume customer,PO BOX,06896
06876,PO boxes,,Redding Ridge,CT,Post Office or large volume customer,PO BOX,06896
06879,organization,Promotion Systems Inc,Ridgefield,CT,Post Office or large volume customer,UNIQUE,06877
06881,PO boxes,,Westport,CT,Post Office or large volume customer,PO BOX,06880
06888,organization,Promotional Dev Inc,Westport,CT,Post Office or large volume customer,UNIQUE,06880
06889,organization,Websters Unified,Westport,CT,Post Office or large volume customer,UNIQUE,06880
06904,PO boxes,,Stamford,CT,Post Office or large volume customer,PO BOX,06902
06910,other,,Stamford,CT,Post Office or large volume customer,STANDARD,06902
06911,PO boxes,,Stamford,CT,Post Office or large volume customer,PO BOX,06902
06912,PO boxes,,Stamford,CT,Post Office or large volume customer,PO BOX,06902
06913,business reply mail,Shared Zip For Brm,Stamford,CT,Post Office or large volume customer,UNIQUE,06902
06914,business reply mail,Shared Zip For Brm,Stamford,CT,Post Office or large volume customer,UNIQUE,06901
06926,organization,Pitney Bowes Inc,Stamford,CT,Post Office or large volume customer,UNIQUE,06902
06927,organization,Gecc,Stamford,CT,Post Office or large volume customer,UNIQUE,06905
07007,PO boxes,,Caldwell,NJ,Post Office or large volume customer,PO BOX,07006
07015,PO boxes,,Clifton,NJ,Post Office or large volume customer,PO BOX,07011
07019,PO boxes,,East Orange,NJ,Post Office or large volume customer,PO BOX,07018
07051,PO boxes,,Orange,NJ,Post Office or large volume customer,PO BOX,07050
07061,PO boxes,,Plainfield,NJ,Post Office or large volume customer,PO BOX,07060
07091,PO boxes,,Westfield,NJ,Post Office or large volume customer,PO BOX,07090
07096,PO boxes,,Secaucus,NJ,Post Office or large volume customer,PO BOX,07094
07097,organization,Nj International And Bmc,Jersey City,NJ,Post Office or large volume customer,UNIQUE,07307
07099,organization,Usps,Kearny,NJ,Post Office or large volume customer,UNIQUE,07032
07101,PO boxes,,Newark,NJ,Post Office or large volume customer,PO BOX,07102
07175,organization,Usps,Newark,NJ,Post Office or large volume customer,UNIQUE,07102
07184,organization,Cenlar Bank,Newark,NJ,Post Office or large volume customer,UNIQUE,07102
07188,organization,Jp Morgan Chase,Newark,NJ,Post Office or large volume customer,UNIQUE,07102
07189,organization,Bank Of America,Newark,NJ,Post Office or large volume customer,UNIQUE,07102
07191,organization,Wachovia Bank,Newark,NJ,Post Office or large volume customer,UNIQUE,07102
07192,organization,Wachovia Bank,Newark,NJ,Post Office or large volume customer,UNIQUE,07102
07193,organization,Jp Morgan Chase,Newark,NJ,Post Office or large volume customer,UNIQUE,07102
07195,organization,Bank Of New York,Newark,NJ,Post Office or large volume customer,UNIQUE,07102
07198,organization,Bank Of New York,Newark,NJ,Post Office or large volume customer,UNIQUE,07102
07199,organization,Merrill Lynch Inc,Newark,NJ,Post Office or large volume customer,UNIQUE,07102
07207,PO boxes,,Elizabeth,NJ,Post Office or large volume customer,PO BOX,07208
07303,PO boxes,,Jersey City,NJ,Post Office or large volume customer,PO BOX,07302
07308,PO boxes,,Jersey City,NJ,Post Office or large volume customer,PO BOX,07302
07395,organization,Usps,Jersey City,NJ,Post Office or large volume customer,UNIQUE,07302
07399,organization,Pershing,Jersey City,NJ,Post Office or large volume customer,UNIQUE,07307
07428,PO boxes,,Mc Afee,NJ,Post Office or large volume customer,PO BOX,07462
07451,PO boxes,,Ridgewood,NJ,Post Office or large volume customer,PO BOX,07450
07474,PO boxes,,Wayne,NJ,Post Office or large volume customer,PO BOX,07470
07495,other,,Mahwah,NJ,Post Office or large volume customer,STANDARD,07430
07507,PO boxes,,Hawthorne,NJ,Post Office or large volume customer,PO BOX,07506
07509,PO boxes,,Paterson,NJ,Post Office or large volume customer,PO BOX,07505
07510,other,,Paterson,NJ,Post Office or large volume customer,STANDARD,07505
07511,PO boxes,,Totowa,NJ,Post Office or large volume customer,PO BOX,07512
07533,PO boxes,,Paterson,NJ,Post Office or large volume customer,PO BOX,07503
07538,PO boxes,,Haledon,NJ,Post Office or large volume customer,PO BOX,07508
07543,PO boxes,,Paterson,NJ,Post Office or large volume customer,PO BOX,07513
07544,PO boxes,,Paterson,NJ,Post Office or large volume customer,PO BOX,07505
07602,PO boxes,,Hackensack,NJ,Post Office or large volume customer,PO BOX,07601
07653,PO boxes,,Paramus,NJ,Post Office or large volume customer,PO BOX,07652
07699,organization,Nnj Metro P&Dc; Usps,Teterboro,NJ,Post Office or large volume customer,UNIQUE,07608
07710,PO boxes,,Adelphia,NJ,Post Office or large volume customer,PO BOX,07728
07715,organization,Nj Natural Gas Co,Belmar,NJ,Post Office or large volume customer,UNIQUE,07719
07752,PO boxes,,Navesink,NJ,Post Office or large volume customer,PO BOX,07716
07754,PO boxes,,Neptune,NJ,Post Office or large volume customer,PO BOX,07753
07763,PO boxes,,Tennent,NJ,Post Office or large volume customer,PO BOX,07726
07765,PO boxes,,Wickatunk,NJ,Post Office or large volume customer,PO BOX,07751
07799,other,,Eatontown,NJ,Post Office or large volume customer,STANDARD,07724
07802,PO boxes,,Dover,NJ,Post Office or large volume customer,PO BOX,07801
07806,other,,Picatinny Arsenal,NJ,Post Office or large volume customer,STANDARD,07801
07837,PO boxes,,Glasser,NJ,Post Office or large volume customer,PO BOX,07821
07839,PO boxes,,Greendell,NJ,Post Office or large volume customer,PO BOX,07821
07845,PO boxes,,Ironia,NJ,Post Office or large volume customer,PO BOX,07945
07855,PO boxes,,Middleville,NJ,Post Office or large volume customer,PO BOX,07860
07875,PO boxes,,Stillwater,NJ,Post Office or large volume customer,PO BOX,07860
07877,PO boxes,,Swartswood,NJ,Post Office or large volume customer,PO BOX,07860
07879,PO boxes,,Tranquility,NJ,Post Office or large volume customer,PO BOX,07821
07890,organization,Selected Risks Insurance Co,Branchville,NJ,Post Office or large volume customer,UNIQUE,07826
07902,PO boxes,,Summit,NJ,Post Office or large volume customer,PO BOX,07901
07938,PO boxes,,Liberty Corner,NJ,Post Office or large volume customer,PO BOX,07920
07962,PO boxes,,Morristown,NJ,Post Office or large volume customer,PO BOX,07960
07963,PO boxes,,Morristown,NJ,Post Office or large volume customer,PO BOX,07960
07978,PO boxes,,Pluckemin,NJ,Post Office or large volume customer,PO BOX,07921
07999,other,,Whippany,NJ,Post Office or large volume customer,STANDARD,07981
08018,PO boxes,,Cedar Brook,NJ,Post Office or large volume customer,PO BOX,08009
08025,PO boxes,,Ewan,NJ,Post Office or large volume customer,PO BOX,08062
08076,PO boxes,,Riverton,NJ,Post Office or large volume customer,PO BOX,08077
08099,PO boxes,,Bellmawr,NJ,Post Office or large volume customer,PO BOX,08031
08101,PO boxes,,Camden,NJ,Post Office or large volume customer,PO BOX,08102
08213,PO boxes,,Cologne,NJ,Post Office or large volume customer,PO BOX,08215
08214,PO boxes,,Dennisville,NJ,Zip Code Area,PO BOX,08270
08218,PO boxes,,Goshen,NJ,Post Office or large volume customer,PO BOX,08210
08219,PO boxes,,Green Creek,NJ,Post Office or large volume customer,PO BOX,08204
08220,PO boxes,,Leeds Point,NJ,Post Office or large volume customer,PO BOX,08205
08231,PO boxes,,Oceanville,NJ,Post Office or large volume customer,PO BOX,08205
08250,PO boxes,,Tuckahoe,NJ,Post Office or large volume customer,PO BOX,08270
08252,PO boxes,,Whitesboro,NJ,Post Office or large volume customer,PO BOX,08210
08313,PO boxes,,Deerfield Street,NJ,Post Office or large volume customer,PO BOX,08302
08315,PO boxes,,Dividing Creek,NJ,Post Office or large volume customer,PO BOX,08349
08342,PO boxes,,Mizpah,NJ,Post Office or large volume customer,PO BOX,08330
08347,PO boxes,,Norma,NJ,Post Office or large volume customer,PO BOX,08318
08362,PO boxes,,Vineland,NJ,Post Office or large volume customer,PO BOX,08360
08404,PO boxes,,Atlantic City,NJ,Post Office or large volume customer,PO BOX,08401
08405,organization,Nat Aviation Fac Exp Ctr,Atlantic City,NJ,Post Office or large volume customer,UNIQUE,08401
08504,PO boxes,,Blawenburg,NJ,Post Office or large volume customer,PO BOX,08558
08526,PO boxes,,Imlaystown,NJ,Post Office or large volume customer,PO BOX,08514
08541,organization,Educational Testing Service,Princeton,NJ,Post Office or large volume customer,UNIQUE,08540
08543,PO boxes,,Princeton,NJ,Post Office or large volume customer,PO BOX,08540
08556,delivery area,,Rosemont,NJ,Zip Code Area,STANDARD,08559
08557,PO boxes,,Sergeantsville,NJ,Post Office or large volume customer,PO BOX,08559
08601,PO boxes,,Trenton,NJ,Post Office or large volume customer,PO BOX,08608
08602,PO boxes,,Trenton,NJ,Post Office or large volume customer,PO BOX,08608
08603,PO boxes,,Trenton,NJ,Post Office or large volume customer,PO BOX,08608
08604,PO boxes,,Trenton,NJ,Post Office or large volume customer,PO BOX,08608
08605,PO boxes,,Trenton,NJ,Post Office or large volume customer,PO BOX,08608
08606,PO boxes,,Trenton,NJ,Post Office or large volume customer,PO BOX,08608
08607,PO boxes,,Trenton,NJ,Post Office or large volume customer,PO BOX,08608
08625,PO boxes,,Trenton,NJ,Post Office or large volume customer,PO BOX,08608
08645,organization,Nj Income Tax; State Income Tax,Trenton,NJ,Post Office or large volume customer,UNIQUE,08608
08646,organization,Division Of Revenue; Nj Taxation Dept,Trenton,NJ,Post Office or large volume customer,UNIQUE,08608
08647,organization,Nj Income Tax,Trenton,NJ,Post Office or large volume customer,UNIQUE,08608
08650,PO boxes,,Trenton,NJ,Post Office or large volume customer,PO BOX,08691
08666,organization,Nj Motor Vehicles,Trenton,NJ,Post Office or large volume customer,UNIQUE,08608
08695,organization,Division Of Revenue; Nj Taxation Dept,Trenton,NJ,Post Office or large volume customer,UNIQUE,08608
08739,PO boxes,,Normandy Beach,NJ,Post Office or large volume customer,PO BOX,08735
08754,PO boxes,,Toms River,NJ,Post Office or large volume customer,PO BOX,08753
08756,PO boxes,,Toms River,NJ,Post Office or large volume customer,PO BOX,08721
08803,PO boxes,,Baptistown,NJ,Post Office or large volume customer,PO BOX,08825
08808,PO boxes,,Broadway,NJ,Post Office or large volume customer,PO BOX,07882
08818,PO boxes,,Edison,NJ,Post Office or large volume customer,PO BOX,08817
08834,PO boxes,,Little York,NJ,Post Office or large volume customer,PO BOX,08848
08855,PO boxes,,Piscataway,NJ,Post Office or large volume customer,PO BOX,08854
08862,PO boxes,,Perth Amboy,NJ,Post Office or large volume customer,PO BOX,08861
08868,PO boxes,,Quakertown,NJ,Post Office or large volume customer,PO BOX,08867
08870,PO boxes,,Readington,NJ,Post Office or large volume customer,PO BOX,08889
08871,PO boxes,,Sayreville,NJ,Post Office or large volume customer,PO BOX,08872
08875,PO boxes,,Somerset,NJ,Post Office or large volume customer,PO BOX,08873
08885,PO boxes,,Stanton,NJ,Post Office or large volume customer,PO BOX,08822
08888,PO boxes,,Whitehouse,NJ,Post Office or large volume customer,PO BOX,08889
08899,other,,Edison,NJ,Post Office or large volume customer,STANDARD,08817
08903,PO boxes,,New Brunswick,NJ,Post Office or large volume customer,PO BOX,08901
08906,PO boxes,,New Brunswick,NJ,Post Office or large volume customer,PO BOX,08817
08933,organization,Johnson & Johnson,New Brunswick,NJ,Post Office or large volume customer,UNIQUE,08901
08989,organization,Merrill Lynch,New Brunswick,NJ,Post Office or large volume customer,UNIQUE,08817
10008,PO boxes,,New York,NY,Post Office or large volume customer,PO BOX,10007
10041,other,,New York,NY,Post Office or large volume customer,STANDARD,10004
10043,organization,Citibank,New York,NY,Post Office or large volume customer,UNIQUE,10005
10045,other,,New York,NY,Post Office or large volume customer,STANDARD,10005
10055,other,,New York,NY,Post Office or large volume customer,STANDARD,10022
10060,other,,New York,NY,Post Office or large volume customer,STANDARD,10199
10080,organization,Merrill Lynch,New York,NY,Post Office or large volume customer,UNIQUE,10280
10081,organization,Jp Morgan Bank,New York,NY,Post Office or large volume customer,UNIQUE,10005
10087,organization,Jp Morgan Bank,New York,NY,Post Office or large volume customer,UNIQUE,10017
10090,other,,New York,NY,Post Office or large volume customer,STANDARD,10007
10101,PO boxes,,New York,NY,Post Office or large volume customer,PO BOX,10019
10102,business reply mail,Business Reply,New York,NY,Post Office or large volume customer,UNIQUE,10019
10104,other,,New York,NY,Post Office or large volume customer,STANDARD,10019
10105,other,,New York,NY,Post Office or large volume customer,STANDARD,10019
10106,other,,New York,NY,Post Office or large volume customer,STANDARD,10019
10107,other,,New York,NY,Post Office or large volume customer,STANDARD,10019
10108,PO boxes,,New York,NY,Post Office or large volume customer,PO BOX,10036
10109,business reply mail,Business Reply,New York,NY,Post Office or large volume customer,UNIQUE,10036
10113,PO boxes,,New York,NY,Post Office or large volume customer,PO BOX,10011
10114,business reply mail,Business Reply,New York,NY,Post Office or large volume customer,UNIQUE,10003
10116,PO boxes,,New York,NY,Post Office or large volume customer,PO BOX,10001
10117,business reply mail,Business Reply,New York,NY,Post Office or large volume customer,UNIQUE,10119
10118,other,,New York,NY,Post Office or large volume customer,STANDARD,10001
10120,other,,New York,NY,Post Office or large volume customer,STANDARD,10001
10121,other,,New York,NY,Post Office or large volume customer,STANDARD,10011
10122,other,,New York,NY,Post Office or large volume customer,STANDARD,10001
10123,other,,New York,NY,Post Office or large volume customer,STANDARD,10001
10124,business reply mail,Business Reply,New York,NY,Post Office or large volume customer,UNIQUE,10152
10125,business reply mail,Business Reply,New York,NY,Post Office or large volume customer,UNIQUE,10001
10126,business reply mail,Business Reply,New York,NY,Post Office or large volume customer,UNIQUE,10022
10129,PO boxes,,New York,NY,Post Office or large volume customer,PO BOX,10018
10130,organization,Business Reply; Gracie,New York,NY,Post Office or large volume customer,UNIQUE,10001
10131,organization,Business Reply; Lenox Hill,New York,NY,Post Office or large volume customer,UNIQUE,10021
10132,business reply mail,Business Reply,New York,NY,Post Office or large volume customer,UNIQUE,10024
10133,business reply mail,Business Reply,New York,NY,Post Office or large volume customer,UNIQUE,10023
10138,organization,Business Reply; Midtown,New York,NY,Post Office or large volume customer,UNIQUE,10016
10150,PO boxes,,New York,NY,Post Office or large volume customer,PO BOX,10022
10151,other,,New York,NY,Post Office or large volume customer,STANDARD,10022
10155,other,,New York,NY,Post Office or large volume customer,STANDARD,10022
10156,PO boxes,,New York,NY,Post Office or large volume customer,PO BOX,10016
10157,business reply mail,Business Reply,New York,NY,Post Office or large volume customer,UNIQUE,10016
10158,other,,New York,NY,Post Office or large volume customer,STANDARD,10016
10159,PO boxes,,New York,NY,Post Office or large volume customer,PO BOX,10010
10160,business reply mail,Business Reply,New York,NY,Post Office or large volume customer,UNIQUE,10010
10163,PO boxes,,New York,NY,Post Office or large volume customer,PO BOX,10170
10164,business reply mail,Business Reply,New York,NY,Post Office or large volume customer,UNIQUE,10017
10166,other,,New York,NY,Post Office or large volume customer,STANDARD,10017
10175,other,,New York,NY,Post Office or large volume customer,STANDARD,10173
10176,other,,New York,NY,Post Office or large volume customer,STANDARD,10017
10178,other,,New York,NY,Post Office or large volume customer,STANDARD,10016
10179,organization,Bear Stearns,New York,NY,Post Office or large volume customer,UNIQUE,10017
10185,PO boxes,,New York,NY,Post Office or large volume customer,PO BOX,10017
10203,business reply mail,Bank Of New York Brm,New York,NY,Post Office or large volume customer,UNIQUE,10005
10211,business reply mail,Business Reply,New York,NY,Post Office or large volume customer,UNIQUE,10199
10212,business reply mail,Business Reply,New York,NY,Post Office or large volume customer,UNIQUE,10199
10213,business reply mail,Business Reply,New York,NY,Post Office or large volume customer,UNIQUE,10013
10242,PO boxes,,New York,NY,Post Office or large volume customer,PO BOX,10007
10249,PO boxes,,New York,NY,Post Office or large volume customer,PO BOX,10007
10256,organization,Deutsche Bank,New York,NY,Post Office or large volume customer,UNIQUE,10006
10258,organization,European American Bank,New York,NY,Post Office or large volume customer,UNIQUE,10271
10259,organization,Hsbc Bank,New York,NY,Post Office or large volume customer,UNIQUE,10017
10260,other,,New York,NY,Post Office or large volume customer,STANDARD,10005
10261,organization,Jp Morgan Bank,New York,NY,Post Office or large volume customer,UNIQUE,10017
10265,other,,New York,NY,Post Office or large volume customer,STANDARD,10005
10268,PO boxes,,New York,NY,Post Office or large volume customer,PO BOX,10007
10269,business reply mail,Business Reply,New York,NY,Post Office or large volume customer,UNIQUE,10005
10270,other,,New York,NY,Post Office or large volume customer,STANDARD,10005
10272,PO boxes,,New York,NY,Post Office or large volume customer,PO BOX,10038
10273,business reply mail,Business Reply,New York,NY,Post Office or large volume customer,UNIQUE,10038
10274,PO boxes,,New York,NY,Post Office or large volume customer,PO BOX,10007
10275,business reply mail,Business Reply,New York,NY,Post Office or large volume customer,UNIQUE,10004
10276,PO boxes,,New York,NY,Post Office or large volume customer,PO BOX,10003
10277,business reply mail,Business Reply,New York,NY,Post Office or large volume customer,UNIQUE,10278
10281,delivery area,,New York,NY,Zip Code Area,STANDARD,10280
10285,organization,Shearson American Express,New York,NY,Post Office or large volume customer,UNIQUE,10282
10286,organization,Bank Of New York,New York,NY,Post Office or large volume customer,UNIQUE,10005
10313,PO boxes,,Staten Island,NY,Post Office or large volume customer,PO BOX,10314
10521,PO boxes,,Croton on Hudson,NY,Post Office or large volume customer,PO BOX,10520
10551,PO boxes,,Mount Vernon,NY,Post Office or large volume customer,PO BOX,10550
10587,PO boxes,,Shenorock,NY,Post Office or large volume customer,PO BOX,10598
10602,PO boxes,,White Plains,NY,Post Office or large volume customer,PO BOX,10606
10610,PO boxes,,White Plains,NY,Post Office or large volume customer,PO BOX,10604
10702,PO boxes,,Yonkers,NY,Post Office or large volume customer,PO BOX,10701
10802,PO boxes,,New Rochelle,NY,Post Office or large volume customer,PO BOX,10801
10912,PO boxes,,Bellvale,NY,Post Office or large volume customer,PO BOX,10990
10949,PO boxes,,Monroe,NY,Post Office or large volume customer,PO BOX,10950
10959,PO boxes,,New Milford,NY,Post Office or large volume customer,PO BOX,10990
10981,PO boxes,,Sugar Loaf,NY,Post Office or large volume customer,PO BOX,10918
10982,PO boxes,,Tallman,NY,Post Office or large volume customer,PO BOX,10901
10997,PO boxes,,West Point,NY,Post Office or large volume customer,PO BOX,10996
11002,PO boxes,,Floral Park,NY,Post Office or large volume customer,PO BOX,11001
11022,PO boxes,,Great Neck,NY,Post Office or large volume customer,PO BOX,11021
11026,PO boxes,,Great Neck,NY,Post Office or large volume customer,PO BOX,11021
11027,PO boxes,,Great Neck,NY,Post Office or large volume customer,PO BOX,11021
11051,business reply mail,Publishers Clearing Hse Brm,Port Washington,NY,Post Office or large volume customer,UNIQUE,11050
11052,organization,Publishers Clearing House,Port Washington,NY,Post Office or large volume customer,UNIQUE,11050
11053,organization,Publishers Clearing House,Port Washington,NY,Post Office or large volume customer,UNIQUE,11050
11054,organization,Publishers Clearing House,Port Washington,NY,Post Office or large volume customer,UNIQUE,11050
11055,organization,Publishers Clearing House,Port Washington,NY,Post Office or large volume customer,UNIQUE,11050
11120,organization,Citicorp,Long Island City,NY,Post Office or large volume customer,UNIQUE,11101
11202,PO boxes,,Brooklyn,NY,Post Office or large volume customer,PO BOX,11201
11241,other,,Brooklyn,NY,Post Office or large volume customer,STANDARD,11201
11242,other,,Brooklyn,NY,Post Office or large volume customer,STANDARD,11201
11243,other,,Brooklyn,NY,Post Office or large volume customer,STANDARD,11217
11245,organization,Chase Manhattan Bank,Brooklyn,NY,Post Office or large volume customer,UNIQUE,11201
11247,PO boxes,,Brooklyn,NY,Post Office or large volume customer,PO BOX,11216
11251,organization,Brooklyn Navy Yard,Brooklyn,NY,Zip Code Area,UNIQUE,11205
11252,delivery area,,Brooklyn,NY,Zip Code Area,STANDARD,11209
11256,other,,Brooklyn,NY,Post Office or large volume customer,STANDARD,11208
11351,other,,Flushing,NY,Post Office or large volume customer,STANDARD,11356
11352,PO boxes,,Flushing,NY,Post Office or large volume customer,PO BOX,11355
11380,PO boxes,,Elmhurst,NY,Post Office or large volume customer,PO BOX,11373
11381,organization,Metropolitan Museum Of Art,Flushing,NY,Post Office or large volume customer,UNIQUE,11379
11386,PO boxes,,Ridgewood,NY,Post Office or large volume customer,PO BOX,11385
11405,organization,Motor Vehicle Bureau,Jamaica,NY,Post Office or large volume customer,UNIQUE,11433
11425,organization,Vet Admin Ext Care Ctr,Jamaica,NY,Post Office or large volume customer,UNIQUE,11434
11431,PO boxes,,Jamaica,NY,Post Office or large volume customer,PO BOX,11432
11437,organization,Aramex,Jamaica,NY,Zip Code Area,UNIQUE,11413
11499,organization,Amf/Jfk Incoming Express Mai,Jamaica,NY,Post Office or large volume customer,UNIQUE,11430
11531,PO boxes,,Garden City,NY,Post Office or large volume customer,PO BOX,11530
11551,PO boxes,,Hempstead,NY,Post Office or large volume customer,PO BOX,11550
11555,organization,Citibank,Uniondale,NY,Post Office or large volume customer,UNIQUE,11553
11571,PO boxes,,Rockville Centre,NY,Post Office or large volume customer,PO BOX,11570
11582,PO boxes,,Valley Stream,NY,Post Office or large volume customer,PO BOX,11580
11599,other,,Garden City,NY,Post Office or large volume customer,STANDARD,11530
11690,PO boxes,,Far Rockaway,NY,Post Office or large volume customer,PO BOX,11691
11695,PO boxes,,Far Rockaway,NY,Post Office or large volume customer,PO BOX,11693
11707,PO boxes,,West Babylon,NY,Post Office or large volume customer,PO BOX,11702
11737,other,,Farmingdale,NY,Post Office or large volume customer,STANDARD,11735
11760,PO boxes,,Melville,NY,Post Office or large volume customer,PO BOX,11788
11773,organization,Publishers Clearing House,Melville,NY,Post Office or large volume customer,UNIQUE,11791
11775,organization,Don Jagoda Assc Inc,Melville,NY,Post Office or large volume customer,UNIQUE,11747
11802,PO boxes,,Hicksville,NY,Post Office or large volume customer,PO BOX,11801
11815,organization,L I Power Authority,Hicksville,NY,Post Office or large volume customer,UNIQUE,11801
11853,organization,Uhc Berdon,Jericho,NY,Post Office or large volume customer,UNIQUE,11590
11969,PO boxes,,Southampton,NY,Post Office or large volume customer,PO BOX,11968
12016,other,,Auriesville,NY,Post Office or large volume customer,STANDARD,12010
12050,PO boxes,,Columbiaville,NY,Post Office or large volume customer,PO BOX,12534
12055,other,,Dormansville,NY,Post Office or large volume customer,STANDARD,12193
12073,PO boxes,,Gallupville,NY,Post Office or large volume customer,PO BOX,12157
12089,PO boxes,,Hoosick,NY,Post Office or large volume customer,PO BOX,12090
12107,PO boxes,,Knox,NY,Post Office or large volume customer,PO BOX,12009
12128,PO boxes,,Newtonville,NY,Post Office or large volume customer,PO BOX,12110
12133,PO boxes,,North Hoosick,NY,Post Office or large volume customer,PO BOX,12057
12141,PO boxes,,Quaker Street,NY,Post Office or large volume customer,PO BOX,12053
12181,PO boxes,,Troy,NY,Post Office or large volume customer,PO BOX,12180
12201,PO boxes,,Albany,NY,Post Office or large volume customer,PO BOX,12207
12212,PO boxes,,Albany,NY,Post Office or large volume customer,PO BOX,12205
12214,business reply mail,Albany Brm,Albany,NY,Post Office or large volume customer,UNIQUE,12207
12220,PO boxes,,Albany,NY,Post Office or large volume customer,PO BOX,12210
12223,other,,Albany,NY,Post Office or large volume customer,STANDARD,12207
12224,PO boxes,,Albany,NY,Post Office or large volume customer,PO BOX,12207
12225,PO boxes,,Albany,NY,Post Office or large volume customer,PO BOX,12207
12227,organization,Nys Dept Of Tax & Finance,Albany,NY,Post Office or large volume customer,UNIQUE,12207
12228,organization,Ny Dept Of Motor Vehicles,Albany,NY,Post Office or large volume customer,UNIQUE,12202
12229,organization,Mental Hygiene Dept,Albany,NY,Post Office or large volume customer,UNIQUE,12208
12230,organization,Ny Educ Dept,Albany,NY,Post Office or large volume customer,UNIQUE,12207
12231,organization,Ny Secretary Of State,Albany,NY,Post Office or large volume customer,UNIQUE,12210
12232,organization,Ny Dept Trans,Albany,NY,Post Office or large volume customer,UNIQUE,12226
12233,organization,Ny Conservation Dept,Albany,NY,Post Office or large volume customer,UNIQUE,12207
12234,organization,State Office Bldg,Albany,NY,Post Office or large volume customer,UNIQUE,12207
12235,organization,Ny Agr And Mkts,Albany,NY,Post Office or large volume customer,UNIQUE,12205
12236,organization,Audit And Control Dept,Albany,NY,Post Office or large volume customer,UNIQUE,12207
12237,organization,Ny Health Dept,Albany,NY,Post Office or large volume customer,UNIQUE,12207
12238,organization,Ny Park And Rec Dept,Albany,NY,Post Office or large volume customer,UNIQUE,12207
12239,organization,Ny Civil Serv Dept,Albany,NY,Post Office or large volume customer,UNIQUE,12207
12240,organization,Ny Labor Div Empl,Albany,NY,Post Office or large volume customer,UNIQUE,12226
12241,organization,Ny Workman Comp,Albany,NY,Post Office or large volume customer,UNIQUE,12207
12242,organization,Ny Standards And Purc,Albany,NY,Post Office or large volume customer,UNIQUE,12207
12243,organization,Ny Soc Serv Dept,Albany,NY,Post Office or large volume customer,UNIQUE,12207
12244,organization,Ny Empl Retirement,Albany,NY,Post Office or large volume customer,UNIQUE,12207
12245,organization,Ny Dept Commerce,Albany,NY,Post Office or large volume customer,UNIQUE,12207
12246,organization,S U N Y 99 WASH,Albany,NY,Post Office or large volume customer,UNIQUE,12222
12247,organization,New York State Gov,Albany,NY,Post Office or large volume customer,UNIQUE,12207
12248,organization,Ny Assembly,Albany,NY,Post Office or large volume customer,UNIQUE,12207
12249,organization,Ny Labor Unemp Ins,Albany,NY,Post Office or large volume customer,UNIQUE,12207
12250,organization,Ny Tele Co,Albany,NY,Post Office or large volume customer,UNIQUE,12204
12255,organization,Ny Hghr Educ Serv Corp,Albany,NY,Post Office or large volume customer,UNIQUE,12210
12257,organization,Ny State Dept Financial Svc,Albany,NY,Post Office or large volume customer,UNIQUE,12206
12260,other,,Albany,NY,Post Office or large volume customer,STANDARD,12206
12261,organization,Nys Tax Processing Ctr,Albany,NY,Post Office or large volume customer,UNIQUE,12206
12288,organization,Us Postal Service,Albany,NY,Post Office or large volume customer,UNIQUE,12205
12301,PO boxes,,Schenectady,NY,Post Office or large volume customer,PO BOX,12305
12325,PO boxes,,Schenectady,NY,Post Office or large volume customer,PO BOX,12302
12345,organization,General Electric,Schenectady,NY,Post Office or large volume customer,UNIQUE,12309
12402,PO boxes,,Kingston,NY,Post Office or large volume customer,PO BOX,12401
12506,PO boxes,,Bangall,NY,Post Office or large volume customer,PO BOX,12581
12510,PO boxes,,Billings,NY,Post Office or large volume customer,PO BOX,12540
12511,PO boxes,,Castle Point,NY,Post Office or large volume customer,PO BOX,12590
12537,PO boxes,,Hughsonville,NY,Post Office or large volume customer,PO BOX,12590
12541,PO boxes,,Livingston,NY,Post Office or large volume customer,PO BOX,12502
12551,PO boxes,,Newburgh,NY,Post Office or large volume customer,PO BOX,12550
12552,PO boxes,,Newburgh,NY,Post Office or large volume customer,PO BOX,12550
12555,PO boxes,,Newburgh,NY,Post Office or large volume customer,PO BOX,12550
12568,PO boxes,,Plattekill,NY,Post Office or large volume customer,PO BOX,12589
12584,PO boxes,,Vails Gate,NY,Post Office or large volume customer,PO BOX,12553
12588,PO boxes,,Walker Valley,NY,Post Office or large volume customer,PO BOX,12566
12602,PO boxes,,Poughkeepsie,NY,Post Office or large volume customer,PO BOX,12601
12727,other,,Cochecton,NY,Post Office or large volume customer,STANDARD,12752
12848,PO boxes,,Middle Falls,NY,Post Office or large volume customer,PO BOX,12834
12879,other,,Newcomb,NY,Post Office or large volume customer,STANDARD,12852
12949,other,,Lawrenceville,NY,Post Office or large volume customer,STANDARD,12967
12995,PO boxes,,Whippleville,NY,Post Office or large volume customer,PO BOX,12953
13022,PO boxes,,Auburn,NY,Post Office or large volume customer,PO BOX,13021
13043,PO boxes,,Clockville,NY,Post Office or large volume customer,PO BOX,13032
13056,PO boxes,,East Homer,NY,Post Office or large volume customer,PO BOX,13077
13064,PO boxes,,Fair Haven,NY,Post Office or large volume customer,PO BOX,13156
13089,PO boxes,,Liverpool,NY,Post Office or large volume customer,PO BOX,13090
13093,PO boxes,,Lycoming,NY,Post Office or large volume customer,PO BOX,13126
13107,PO boxes,,Maple View,NY,Post Office or large volume customer,PO BOX,13114
13137,PO boxes,,Plainville,NY,Post Office or large volume customer,PO BOX,13027
13139,PO boxes,,Poplar Ridge,NY,Post Office or large volume customer,PO BOX,13026
13201,PO boxes,,Syracuse,NY,Post Office or large volume customer,PO BOX,13202
13217,PO boxes,,Syracuse,NY,Post Office or large volume customer,PO BOX,13210
13218,PO boxes,,Syracuse,NY,Post Office or large volume customer,PO BOX,13204
13220,PO boxes,,Syracuse,NY,Post Office or large volume customer,PO BOX,13212
13221,PO boxes,,Syracuse,NY,Post Office or large volume customer,PO BOX,13212
13225,organization,Syracuse Amf,Syracuse,NY,Post Office or large volume customer,UNIQUE,13212
13235,PO boxes,,Syracuse,NY,Post Office or large volume customer,PO BOX,13210
13250,business reply mail,Caller Firms Brm,Syracuse,NY,Post Office or large volume customer,UNIQUE,13212
13251,organization,Firms,Syracuse,NY,Post Office or large volume customer,UNIQUE,13212
13252,organization,National Grid,Syracuse,NY,Post Office or large volume customer,UNIQUE,13202
13261,PO boxes,,Syracuse,NY,Post Office or large volume customer,PO BOX,13202
13341,PO boxes,,Franklin Springs,NY,Post Office or large volume customer,PO BOX,13323
13362,PO boxes,,Knoxboro,NY,Post Office or large volume customer,PO BOX,13425
13401,PO boxes,,Mc Connellsville,NY,Post Office or large volume customer,PO BOX,13308
13426,PO boxes,,Orwell,NY,Zip Code Area,PO BOX,13144
13442,PO boxes,,Rome,NY,Post Office or large volume customer,PO BOX,13440
13449,business reply mail,Brm Customer,Rome,NY,Post Office or large volume customer,UNIQUE,13440
13465,other,,Solsville,NY,Post Office or large volume customer,STANDARD,13402
13479,PO boxes,,Washington Mills,NY,Post Office or large volume customer,PO BOX,13413
13503,PO boxes,,Utica,NY,Post Office or large volume customer,PO BOX,13502
13504,PO boxes,,Utica,NY,Post Office or large volume customer,PO BOX,13501
13505,PO boxes,,Utica,NY,Post Office or large volume customer,PO BOX,13502
13599,business reply mail,Brm Customer,Utica,NY,Post Office or large volume customer,UNIQUE,13501
13627,PO boxes,,Deer River,NY,Post Office or large volume customer,PO BOX,13619
13631,PO boxes,,Denmark,NY,Post Office or large volume customer,PO BOX,13619
13657,PO boxes,,Limerick,NY,Post Office or large volume customer,PO BOX,13634
13671,PO boxes,,Antwerp,NY,Post Office or large volume customer,PO BOX,13608
13677,PO boxes,,Pyrites,NY,Post Office or large volume customer,PO BOX,13652
13737,PO boxes,,Bible School Park,NY,Post Office or large volume customer,PO BOX,13760
13745,PO boxes,,Chenango Bridge,NY,Post Office or large volume customer,PO BOX,13901
13749,PO boxes,,Corbettsville,NY,Post Office or large volume customer,PO BOX,13795
13758,PO boxes,,East Pharsalia,NY,Post Office or large volume customer,PO BOX,13801
13761,PO boxes,,Endicott,NY,Post Office or large volume customer,PO BOX,13760
13762,PO boxes,,Endwell,NY,Post Office or large volume customer,PO BOX,13760
13763,PO boxes,,Endicott,NY,Post Office or large volume customer,PO BOX,13760
13794,PO boxes,,Killawog,NY,Post Office or large volume customer,PO BOX,13803
13840,PO boxes,,Smithboro,NY,Post Office or large volume customer,PO BOX,13734
13845,PO boxes,,Tioga Center,NY,Post Office or large volume customer,PO BOX,13734
13848,PO boxes,,Tunnel,NY,Post Office or large volume customer,PO BOX,13833
13851,PO boxes,,Vestal,NY,Post Office or large volume customer,PO BOX,13850
14010,PO boxes,,Athol Springs,NY,Post Office or large volume customer,PO BOX,14075
14021,PO boxes,,Batavia,NY,Post Office or large volume customer,PO BOX,14020
14038,PO boxes,,Crittenden,NY,Post Office or large volume customer,PO BOX,14004
14095,PO boxes,,Lockport,NY,Post Office or large volume customer,PO BOX,14094
14107,PO boxes,,Model City,NY,Post Office or large volume customer,PO BOX,14092
14110,PO boxes,,North Boston,NY,Post Office or large volume customer,PO BOX,14075
14133,PO boxes,,Sandusky,NY,Post Office or large volume customer,PO BOX,14065
14140,PO boxes,,Spring Brook,NY,Post Office or large volume customer,PO BOX,14059
14144,other,,Stella Niagara,NY,Post Office or large volume customer,STANDARD,14092
14151,PO boxes,,Tonawanda,NY,Post Office or large volume customer,PO BOX,14150
14205,PO boxes,,Buffalo,NY,Post Office or large volume customer,PO BOX,14203
14231,PO boxes,,Buffalo,NY,Post Office or large volume customer,PO BOX,14221
14233,organization,Jingo,Buffalo,NY,Post Office or large volume customer,UNIQUE,14203
14240,PO boxes,,Buffalo,NY,Post Office or large volume customer,PO BOX,14206
14241,organization,Usps Buffalo Amf,Buffalo,NY,Post Office or large volume customer,UNIQUE,14225
14263,organization,Roswell Park Memorial Instit,Buffalo,NY,Post Office or large volume customer,UNIQUE,14203
14264,organization,Nat Fuel Gas Co,Buffalo,NY,Post Office or large volume customer,UNIQUE,14203
14265,organization,Ind Order Of Foresters,Buffalo,NY,Post Office or large volume customer,UNIQUE,14221
14267,organization,M And T Bank,Buffalo,NY,Post Office or large volume customer,UNIQUE,14202
14269,organization,Harlequin Books,Buffalo,NY,Post Office or large volume customer,UNIQUE,14043
14270,organization,Hsbc Bank; Marine Midland,Buffalo,NY,Post Office or large volume customer,UNIQUE,14203
14272,organization,Silhouette Books,Buffalo,NY,Post Office or large volume customer,UNIQUE,14043
14273,organization,Hsbc Atrium; Hsbc Bank,Buffalo,NY,Post Office or large volume customer,UNIQUE,14203
14276,organization,Scoreball,Buffalo,NY,Post Office or large volume customer,UNIQUE,14206
14280,business reply mail,Shared Brm,Buffalo,NY,Post Office or large volume customer,UNIQUE,14203
14410,PO boxes,,Adams Basin,NY,Post Office or large volume customer,PO BOX,14559
14429,PO boxes,,Clarendon,NY,Post Office or large volume customer,PO BOX,14470
14430,PO boxes,,Clarkson,NY,Post Office or large volume customer,PO BOX,14420
14443,PO boxes,,East Bloomfield,NY,Post Office or large volume customer,PO BOX,14469
14449,PO boxes,,East Williamson,NY,Post Office or large volume customer,PO BOX,14589
14452,PO boxes,,Fancher,NY,Post Office or large volume customer,PO BOX,14470
14461,PO boxes,,Gorham,NY,Post Office or large volume customer,PO BOX,14561
14488,PO boxes,,Livonia Center,NY,Post Office or large volume customer,PO BOX,14487
14508,PO boxes,,Morton,NY,Post Office or large volume customer,PO BOX,14464
14518,PO boxes,,Oaks Corners,NY,Post Office or large volume customer,PO BOX,14532
14520,PO boxes,,Ontario Center,NY,Post Office or large volume customer,PO BOX,14519
14538,PO boxes,,Pultneyville,NY,Post Office or large volume customer,PO BOX,14589
14547,PO boxes,,Seneca Castle,NY,Post Office or large volume customer,PO BOX,14561
14558,PO boxes,,South Lima,NY,Post Office or large volume customer,PO BOX,14487
14563,PO boxes,,Union Hill,NY,Post Office or large volume customer,PO BOX,14519
14602,PO boxes,,Rochester,NY,Post Office or large volume customer,PO BOX,14623
14603,PO boxes,,Rochester,NY,Post Office or large volume customer,PO BOX,14605
14638,organization,Bank Of America,Rochester,NY,Post Office or large volume customer,UNIQUE,14604
14639,organization,Hsbc,Rochester,NY,Post Office or large volume customer,UNIQUE,14604
14643,organization,Jp Morgan Bank,Rochester,NY,Post Office or large volume customer,UNIQUE,14604
14644,organization,Xerox,Rochester,NY,Post Office or large volume customer,UNIQUE,14604
14646,organization,Frontier,Rochester,NY,Post Office or large volume customer,UNIQUE,14604
14647,organization,Excellus Bcbs,Rochester,NY,Post Office or large volume customer,UNIQUE,14607
14649,organization,Roch Gas & Elec Corp,Rochester,NY,Post Office or large volume customer,UNIQUE,14604
14650,organization,Kodak Office,Rochester,NY,Post Office or large volume customer,UNIQUE,14608
14651,organization,Eastman Kodak,Rochester,NY,Post Office or large volume customer,UNIQUE,14608
14652,organization,Kodak Park,Rochester,NY,Post Office or large volume customer,UNIQUE,14608
14653,organization,Kodak Apparatus Division,Rochester,NY,Post Office or large volume customer,UNIQUE,14624
14692,PO boxes,,Rochester,NY,Post Office or large volume customer,PO BOX,14623
14694,organization,West Group,Rochester,NY,Post Office or large volume customer,UNIQUE,14614
14702,PO boxes,,Jamestown,NY,Post Office or large volume customer,PO BOX,14701
14730,PO boxes,,East Randolph,NY,Post Office or large volume customer,PO BOX,14772
14745,PO boxes,,Hume,NY,Post Office or large volume customer,PO BOX,14735
14751,PO boxes,,Leon,NY,Post Office or large volume customer,PO BOX,14726
14758,PO boxes,,Niobe,NY,Post Office or large volume customer,PO BOX,14767
14766,PO boxes,,Otto,NY,Post Office or large volume customer,PO BOX,14719
14786,PO boxes,,West Clarksville,NY,Post Office or large volume customer,PO BOX,14727
14831,organization,Corning Inc,Corning,NY,Post Office or large volume customer,UNIQUE,14830
14851,PO boxes,,Ithaca,NY,Post Office or large volume customer,PO BOX,14850
14852,PO boxes,,Ithaca,NY,Post Office or large volume customer,PO BOX,14850
14857,PO boxes,,Lakemont,NY,Post Office or large volume customer,PO BOX,14837
14863,PO boxes,,Mecklenburg,NY,Post Office or large volume customer,PO BOX,14886
14876,PO boxes,,Reading Center,NY,Post Office or large volume customer,PO BOX,14891
14887,PO boxes,,Tyrone,NY,Post Office or large volume customer,PO BOX,14891
14902,PO boxes,,Elmira,NY,Post Office or large volume customer,PO BOX,14901
15032,PO boxes,,Curtisville,PA,Zip Code Area,PO BOX,15084
15069,organization,Alcoa Center,New Kensington,PA,Post Office or large volume customer,UNIQUE,15068
15091,PO boxes,,Wildwood,PA,Post Office or large volume customer,PO BOX,15044
15095,PO boxes,,Warrendale,PA,Post Office or large volume customer,PO BOX,16046
15096,organization,Soc Auto Engineers,Warrendale,PA,Post Office or large volume customer,UNIQUE,15086
15127,PO boxes,,Ingomar,PA,Post Office or large volume customer,PO BOX,15143
15134,PO boxes,,McKeesport,PA,Post Office or large volume customer,PO BOX,15132
15230,PO boxes,,Pittsburgh,PA,Post Office or large volume customer,PO BOX,15222
15231,PO boxes,,Pittsburgh,PA,Zip Code Area,PO BOX,15108
15240,PO boxes,,Pittsburgh,PA,Post Office or large volume customer,PO BOX,15215
15242,PO boxes,,Pittsburgh,PA,Post Office or large volume customer,PO BOX,15205
15244,PO boxes,,Pittsburgh,PA,Post Office or large volume customer,PO BOX,15205
15250,organization,Bank Of Ny Mellon,Pittsburgh,PA,Post Office or large volume customer,UNIQUE,15212
15251,organization,Bank Of Ny Mellon,Pittsburgh,PA,Post Office or large volume customer,UNIQUE,15212
15252,organization (unnamed),,Pittsburgh,PA,Post Office or large volume customer,UNIQUE,15219
15253,PO boxes,,Pittsburgh,PA,Post Office or large volume customer,PO BOX,15212
15254,organization (unnamed),,Pittsburgh,PA,Post Office or large volume customer,UNIQUE,15219
15255,organization,Bell Telephone Co,Pittsburgh,PA,Post Office or large volume customer,UNIQUE,15212
15257,organization (unnamed),,Pittsburgh,PA,Post Office or large volume customer,UNIQUE,15219
15258,organization (unnamed),,Pittsburgh,PA,Post Office or large volume customer,UNIQUE,15219
15259,organization (unnamed),,Pittsburgh,PA,Post Office or large volume customer,UNIQUE,15219
15261,organization (unnamed),,Pittsburgh,PA,Zip Code Area,UNIQUE,15213
15262,organization (unnamed),,Pittsburgh,PA,Post Office or large volume customer,UNIQUE,15219
15264,PO boxes,,Pittsburgh,PA,Post Office or large volume customer,PO BOX,15212
15265,organization,Pnc Bank,Pittsburgh,PA,Post Office or large volume customer,UNIQUE,15222
15267,organization,Duguesne,Pittsburgh,PA,Post Office or large volume customer,UNIQUE,15233
15268,organization,National City Bank,Pittsburgh,PA,Post Office or large volume customer,UNIQUE,15212
15270,organization,Columbia Gas Of Pa,Pittsburgh,PA,Post Office or large volume customer,UNIQUE,15228
15272,other,,Pittsburgh,PA,Post Office or large volume customer,STANDARD,15222
15274,PO boxes,,Pittsburgh,PA,Post Office or large volume customer,PO BOX,15212
15276,other,,Pittsburgh,PA,Post Office or large volume customer,STANDARD,15205
15277,organization,Eastern Area,Pittsburgh,PA,Post Office or large volume customer,UNIQUE,15205
15278,organization,National City Bank,Pittsburgh,PA,Post Office or large volume customer,UNIQUE,15222
15279,organization,Duquesne Light Co,Pittsburgh,PA,Post Office or large volume customer,UNIQUE,15233
15281,organization,Macys Dept Store,Pittsburgh,PA,Post Office or large volume customer,UNIQUE,15219
15283,organization,AT & T,Pittsburgh,PA,Post Office or large volume customer,UNIQUE,15220
15286,organization (unnamed),,Pittsburgh,PA,Post Office or large volume customer,UNIQUE,15212
15289,organization,Carnegie Mellon Univ,Pittsburgh,PA,Post Office or large volume customer,UNIQUE,15213
15295,other,,Pittsburgh,PA,Post Office or large volume customer,STANDARD,15202
15336,PO boxes,,Gastonville,PA,Post Office or large volume customer,PO BOX,15332
15339,PO boxes,,Hendersonville,PA,Post Office or large volume customer,PO BOX,15317
15415,PO boxes,,Brier Hill,PA,Post Office or large volume customer,PO BOX,15468
15439,PO boxes,,Gans,PA,Post Office or large volume customer,PO BOX,15451
15485,PO boxes,,Ursina,PA,Post Office or large volume customer,PO BOX,15424
15548,delivery area,,Kantner,PA,Zip Code Area,STANDARD,15563
15549,PO boxes,,Listie,PA,Post Office or large volume customer,PO BOX,15541
15553,PO boxes,,New Baltimore,PA,Zip Code Area,PO BOX,15530
15605,organization,Bureau Of Voc Rehab,Greensburg,PA,Post Office or large volume customer,UNIQUE,15601
15606,organization,Allegheny Power,Greensburg,PA,Post Office or large volume customer,UNIQUE,15601
15621,PO boxes,,Calumet,PA,Post Office or large volume customer,PO BOX,15666
15664,PO boxes,,Mammoth,PA,Post Office or large volume customer,PO BOX,15666
15685,PO boxes,,Southwest,PA,Zip Code Area,PO BOX,15666
15758,delivery area,,Marchand,PA,Zip Code Area,STANDARD,15767
15822,other,,Brandy Camp,PA,Post Office or large volume customer,STANDARD,15853
15907,PO boxes,,Johnstown,PA,Post Office or large volume customer,PO BOX,15901
15915,other,,Johnstown,PA,Post Office or large volume customer,STANDARD,15901
15959,PO boxes,,Tire Hill,PA,Zip Code Area,PO BOX,15905
16003,PO boxes,,Butler,PA,Post Office or large volume customer,PO BOX,16001
16016,organization,Social Security Admin,Boyers,PA,Post Office or large volume customer,UNIQUE,16061
16017,organization,Office Of Personnel Mgmt,Boyers,PA,Post Office or large volume customer,UNIQUE,16061
16018,organization,Natl Agency For Check Inqu,Boyers,PA,Post Office or large volume customer,UNIQUE,16020
16021,other,,Branchton,PA,Post Office or large volume customer,STANDARD,16038
16039,PO boxes,,Herman,PA,Post Office or large volume customer,PO BOX,16001
16058,PO boxes,,Turkey City,PA,Post Office or large volume customer,PO BOX,16373
16103,PO boxes,,New Castle,PA,Post Office or large volume customer,PO BOX,16101
16107,PO boxes,,New Castle,PA,Post Office or large volume customer,PO BOX,16101
16108,other,,New Castle,PA,Post Office or large volume customer,STANDARD,16101
16221,PO boxes,,Curllsville,PA,Post Office or large volume customer,PO BOX,16255
16225,PO boxes,,Fisher,PA,Zip Code Area,PO BOX,16258
16234,PO boxes,,Limestone,PA,Zip Code Area,PO BOX,16214
16257,other,,Snydersburg,PA,Post Office or large volume customer,STANDARD,16235
16261,other,,Widnoon,PA,Post Office or large volume customer,STANDARD,16259
16366,organization,Blair Corp,Warren,PA,Post Office or large volume customer,UNIQUE,16365
16367,organization,New Process Co,Warren,PA,Post Office or large volume customer,UNIQUE,16365
16368,organization,Crossing Pointe,Warren,PA,Post Office or large volume customer,UNIQUE,16365
16369,organization,Crossing Pointe,Warren,PA,Post Office or large volume customer,UNIQUE,16365
16375,PO boxes,,Lamartine,PA,Post Office or large volume customer,PO BOX,16232
16388,organization,Warren Industries,Meadville,PA,Post Office or large volume customer,UNIQUE,16335
16413,PO boxes,,Elgin,PA,Post Office or large volume customer,PO BOX,16407
16432,other,,Riceville,PA,Post Office or large volume customer,STANDARD,16404
16512,PO boxes,,Erie,PA,Post Office or large volume customer,PO BOX,16501
16514,PO boxes,,Erie,PA,Post Office or large volume customer,PO BOX,16510
16515,other,,Erie,PA,Post Office or large volume customer,STANDARD,16506
16522,organization,Citizens Bank,Erie,PA,Post Office or large volume customer,UNIQUE,16501
16530,organization,Erie Ins Exchange,Erie,PA,Post Office or large volume customer,UNIQUE,16501
16531,organization,General Electric Co,Erie,PA,Post Office or large volume customer,UNIQUE,16511
16534,organization,Times Publishing Co,Erie,PA,Post Office or large volume customer,UNIQUE,16501
16538,organization,National City Of Pa,Erie,PA,Post Office or large volume customer,UNIQUE,16501
16541,organization,Gannon University,Erie,PA,Post Office or large volume customer,UNIQUE,16501
16544,organization,Saint Vincent Health,Erie,PA,Post Office or large volume customer,UNIQUE,16502
16553,organization,Pnc Bank,Erie,PA,Post Office or large volume customer,UNIQUE,16501
16565,delivery area,,Erie,PA,Zip Code Area,STANDARD,16509
16603,PO boxes,,Altoona,PA,Post Office or large volume customer,PO BOX,16601
16629,other,,Coupon,PA,Post Office or large volume customer,STANDARD,16613
16644,PO boxes,,Glasgow,PA,Post Office or large volume customer,PO BOX,16639
16660,PO boxes,,Mc Connellstown,PA,Zip Code Area,PO BOX,16652
16663,PO boxes,,Morann,PA,Zip Code Area,PO BOX,16651
16681,PO boxes,,Smokerun,PA,Post Office or large volume customer,PO BOX,16627
16698,organization (unnamed),,Houtzdale,PA,Post Office or large volume customer,UNIQUE,16651
16728,other,,De Young,PA,Post Office or large volume customer,STANDARD,16735
16804,PO boxes,,State College,PA,Post Office or large volume customer,PO BOX,16801
16805,PO boxes,,State College,PA,Post Office or large volume customer,PO BOX,16801
16850,delivery area,,Lecontes Mills,PA,Zip Code Area,STANDARD,16836
16873,PO boxes,,Shawville,PA,Post Office or large volume customer,PO BOX,16830
16945,PO boxes,,Sylvania,PA,Post Office or large volume customer,PO BOX,16947
17001,PO boxes,,Camp Hill,PA,Post Office or large volume customer,PO BOX,17011
17072,PO boxes,,New Kingstown,PA,Post Office or large volume customer,PO BOX,17050
17083,PO boxes,,Quentin,PA,Post Office or large volume customer,PO BOX,17042
17085,PO boxes,,Rexmont,PA,Post Office or large volume customer,PO BOX,17042
17089,organization,Blue Shield; High Mark Blue Shield,Camp Hill,PA,Post Office or large volume customer,UNIQUE,17011
17105,PO boxes,,Harrisburg,PA,Post Office or large volume customer,PO BOX,17110
17106,PO boxes,,Harrisburg,PA,Post Office or large volume customer,PO BOX,17110
17107,organization,Usps Official,Harrisburg,PA,Post Office or large volume customer,UNIQUE,17110
17108,PO boxes,,Harrisburg,PA,Post Office or large volume customer,PO BOX,17120
17121,organization,State Employment Security,Harrisburg,PA,Post Office or large volume customer,UNIQUE,17102
17122,organization,Bureau Of Motor Vehicles,Harrisburg,PA,Post Office or large volume customer,UNIQUE,17104
17123,organization,Traffic Safety,Harrisburg,PA,Post Office or large volume customer,UNIQUE,17120
17124,organization,State Liquor Control,Harrisburg,PA,Post Office or large volume customer,UNIQUE,17120
17125,organization,State General Services,Harrisburg,PA,Post Office or large volume customer,UNIQUE,17120
17126,organization,State Dept Of Education,Harrisburg,PA,Post Office or large volume customer,UNIQUE,17120
17127,organization,Department Of Revenue,Harrisburg,PA,Post Office or large volume customer,UNIQUE,17120
17128,organization,Department Of Revenue,Harrisburg,PA,Post Office or large volume customer,UNIQUE,17120
17129,other,,Harrisburg,PA,Post Office or large volume customer,STANDARD,17101
17130,organization,Pheaa,Harrisburg,PA,Post Office or large volume customer,UNIQUE,17120
17140,organization,Blue Shield; Pa Blue Shield,Harrisburg,PA,Post Office or large volume customer,UNIQUE,17111
17177,organization,Blue Cross; Capital Blue Cross,Harrisburg,PA,Post Office or large volume customer,UNIQUE,17109
17231,PO boxes,,Lemasters,PA,Post Office or large volume customer,PO BOX,17236
17256,PO boxes,,Shady Grove,PA,Post Office or large volume customer,PO BOX,17225
17272,PO boxes,,Zullinger,PA,Post Office or large volume customer,PO BOX,17268
17310,PO boxes,,Cashtown,PA,Post Office or large volume customer,PO BOX,17353
17312,PO boxes,,Craley,PA,Post Office or large volume customer,PO BOX,17368
17332,organization,Direct Brands,Hanover,PA,Post Office or large volume customer,UNIQUE,17331
17333,organization,Hanover Direct,Hanover,PA,Post Office or large volume customer,UNIQUE,17331
17334,organization,Direct Brands,Hanover,PA,Post Office or large volume customer,UNIQUE,17331
17335,organization,Direct Brands,Hanover,PA,Post Office or large volume customer,UNIQUE,17331
17337,PO boxes,,Idaville,PA,Post Office or large volume customer,PO BOX,17324
17358,PO boxes,,Rossville,PA,Post Office or large volume customer,PO BOX,17365
17375,organization,Knouse Foods,Peach Glen,PA,Post Office or large volume customer,UNIQUE,17324
17405,PO boxes,,York,PA,Post Office or large volume customer,PO BOX,17401
17503,PO boxes,,Bart,PA,Post Office or large volume customer,PO BOX,17562
17521,PO boxes,,Elm,PA,Post Office or large volume customer,PO BOX,17543
17528,PO boxes,,Goodville,PA,Post Office or large volume customer,PO BOX,17519
17533,PO boxes,,Hopeland,PA,Post Office or large volume customer,PO BOX,17543
17537,PO boxes,,Lampeter,PA,Post Office or large volume customer,PO BOX,17602
17549,PO boxes,,Martindale,PA,Post Office or large volume customer,PO BOX,17522
17564,PO boxes,,Penryn,PA,Post Office or large volume customer,PO BOX,17545
17567,PO boxes,,Reamstown,PA,Post Office or large volume customer,PO BOX,17578
17573,organization,Jay Advertising,Lancaster,PA,Post Office or large volume customer,UNIQUE,17572
17575,PO boxes,,Silver Spring,PA,Post Office or large volume customer,PO BOX,17601
17580,PO boxes,,Talmage,PA,Post Office or large volume customer,PO BOX,17540
17585,PO boxes,,Witmer,PA,Post Office or large volume customer,PO BOX,17602
17604,PO boxes,,Lancaster,PA,Post Office or large volume customer,PO BOX,17601
17605,PO boxes,,Lancaster,PA,Post Office or large volume customer,PO BOX,17601
17607,PO boxes,,Lancaster,PA,Post Office or large volume customer,PO BOX,17601
17608,PO boxes,,Lancaster,PA,Post Office or large volume customer,PO BOX,17603
17611,other,,Lancaster,PA,Post Office or large volume customer,STANDARD,17601
17622,organization,Qvc Network Inc,Lancaster,PA,Post Office or large volume customer,UNIQUE,17538
17699,organization,Qvc Network Inc,Lancaster,PA,Post Office or large volume customer,UNIQUE,17538
17703,PO boxes,,Williamsport,PA,Post Office or large volume customer,PO BOX,17701
17705,organization,Bro Dart,Williamsport,PA,Post Office or large volume customer,UNIQUE,17701
17726,PO boxes,,Castanea,PA,Post Office or large volume customer,PO BOX,17745
17735,PO boxes,,Grover,PA,Zip Code Area,PO BOX,17724
17831,PO boxes,,Hummels Wharf,PA,Post Office or large volume customer,PO BOX,17870
17833,PO boxes,,Kreamer,PA,Post Office or large volume customer,PO BOX,17842
17843,other,,Beaver Springs,PA,Post Office or large volume customer,STANDARD,17812
17877,PO boxes,,Snydertown,PA,Zip Code Area,PO BOX,17801
17882,PO boxes,,Troxelville,PA,Post Office or large volume customer,PO BOX,17812
17932,organization,State Correctional Inst,Frackville,PA,Post Office or large volume customer,UNIQUE,17931
17966,PO boxes,,Ravine,PA,Post Office or large volume customer,PO BOX,17963
18001,PO boxes,,Lehigh Valley,PA,Post Office or large volume customer,PO BOX,18101
18002,PO boxes,,Lehigh Valley,PA,Post Office or large volume customer,PO BOX,18017
18003,business reply mail,Business Reply Mail,Lehigh Valley,PA,Post Office or large volume customer,UNIQUE,18017
18016,other,,Bethlehem,PA,Post Office or large volume customer,STANDARD,18018
18025,organization,Dun & Bradstreet,Bethlehem,PA,Post Office or large volume customer,UNIQUE,18018
18039,PO boxes,,Durham,PA,Post Office or large volume customer,PO BOX,18077
18043,PO boxes,,Easton,PA,Post Office or large volume customer,PO BOX,18045
18044,PO boxes,,Easton,PA,Post Office or large volume customer,PO BOX,18042
18060,PO boxes,,Limeport,PA,Post Office or large volume customer,PO BOX,18036
18068,PO boxes,,Old Zionsville,PA,Post Office or large volume customer,PO BOX,18092
18084,PO boxes,,Sumneytown,PA,Zip Code Area,PO BOX,18054
18098,organization,Rodale Press,Emmaus,PA,Post Office or large volume customer,UNIQUE,18049
18099,organization,Rodale Press; Rodale Press Brm,Emmaus,PA,Post Office or large volume customer,UNIQUE,18049
18105,PO boxes,,Allentown,PA,Post Office or large volume customer,PO BOX,18101
18247,PO boxes,,Saint Johns,PA,Post Office or large volume customer,PO BOX,18222
18251,PO boxes,,Sybertsville,PA,Post Office or large volume customer,PO BOX,18249
18320,PO boxes,,Analomink,PA,Post Office or large volume customer,PO BOX,18301
18341,PO boxes,,Minisink Hills,PA,Post Office or large volume customer,PO BOX,18301
18348,PO boxes,,Pocono Lake Preserve,PA,Post Office or large volume customer,PO BOX,18347
18352,delivery area,,Reeders,PA,Zip Code Area,STANDARD,18360
18410,PO boxes,,Chinchilla,PA,Post Office or large volume customer,PO BOX,18411
18416,PO boxes,,Elmhurst,PA,Post Office or large volume customer,PO BOX,18444
18427,PO boxes,,Hamlin,PA,Zip Code Area,PO BOX,18436
18448,organization,Cinram,Olyphant,PA,Post Office or large volume customer,UNIQUE,18447
18449,PO boxes,,Orson,PA,Post Office or large volume customer,PO BOX,18470
18459,PO boxes,,South Canaan,PA,Post Office or large volume customer,PO BOX,18436
18501,PO boxes,,Scranton,PA,Post Office or large volume customer,PO BOX,18503
18502,PO boxes,,Scranton,PA,Post Office or large volume customer,PO BOX,18503
18515,other,,Scranton,PA,Post Office or large volume customer,STANDARD,18508
18540,business reply mail,Brm Zip,Scranton,PA,Post Office or large volume customer,UNIQUE,18505
18577,organization,United Parcel Service,Scranton,PA,Post Office or large volume customer,UNIQUE,18505
18601,PO boxes,,Beach Haven,PA,Post Office or large volume customer,PO BOX,18603
18611,PO boxes,,Cambra,PA,Post Office or large volume customer,PO BOX,17878
18653,PO boxes,,Ransom,PA,Post Office or large volume customer,PO BOX,18411
18654,PO boxes,,Shawanese,PA,Post Office or large volume customer,PO BOX,18618
18703,PO boxes,,Wilkes Barre,PA,Post Office or large volume customer,PO BOX,18701
18710,PO boxes,,Wilkes Barre,PA,Post Office or large volume customer,PO BOX,18701
18711,other,,Wilkes Barre,PA,Post Office or large volume customer,STANDARD,18702
18762,organization,Altria,Wilkes Barre,PA,Post Office or large volume customer,UNIQUE,18706
18764,organization,Wilkes Barre General Hsptl,Wilkes Barre,PA,Post Office or large volume customer,UNIQUE,18702
18765,organization,Geisinger South,Wilkes Barre,PA,Post Office or large volume customer,UNIQUE,18702
18766,organization,Wilkes University,Wilkes Barre,PA,Post Office or large volume customer,UNIQUE,18702
18767,organization,Social Security Admin; Social Security Admin Brm,Wilkes Barre,PA,Post Office or large volume customer,UNIQUE,18702
18769,organization,Social Sec Admin,Wilkes Barre,PA,Post Office or large volume customer,UNIQUE,18702
18773,PO boxes,,Wilkes Barre,PA,Post Office or large volume customer,PO BOX,18701
18813,PO boxes,,Brooklyn,PA,Post Office or large volume customer,PO BOX,18826
18815,PO boxes,,Camptown,PA,Post Office or large volume customer,PO BOX,18853
18827,PO boxes,,Lanesboro,PA,Post Office or large volume customer,PO BOX,18847
18910,PO boxes,,Bedminster,PA,Post Office or large volume customer,PO BOX,18944
18911,PO boxes,,Blooming Glen,PA,Post Office or large volume customer,PO BOX,18944
18916,PO boxes,,Danboro,PA,Post Office or large volume customer,PO BOX,18901
18918,PO boxes,,Earlington,PA,Post Office or large volume customer,PO BOX,18969
18922,PO boxes,,Forest Grove,PA,Post Office or large volume customer,PO BOX,18925
18928,PO boxes,,Holicong,PA,Post Office or large volume customer,PO BOX,18902
18931,PO boxes,,Lahaska,PA,Post Office or large volume customer,PO BOX,18938
18934,delivery area,,Mechanicsville,PA,Zip Code Area,STANDARD,18902
18943,PO boxes,,Penns Park,PA,Post Office or large volume customer,PO BOX,18940
18949,PO boxes,,Plumsteadville,PA,Post Office or large volume customer,PO BOX,18947
18953,PO boxes,,Revere,PA,Post Office or large volume customer,PO BOX,18942
18956,PO boxes,,Rushland,PA,Post Office or large volume customer,PO BOX,18925
18957,PO boxes,,Salford,PA,Post Office or large volume customer,PO BOX,19438
18958,PO boxes,,Salfordville,PA,Post Office or large volume customer,PO BOX,19438
18963,PO boxes,,Solebury,PA,Post Office or large volume customer,PO BOX,18938
18968,PO boxes,,Spinnerstown,PA,Post Office or large volume customer,PO BOX,18951
18971,PO boxes,,Tylersport,PA,Post Office or large volume customer,PO BOX,18969
18979,PO boxes,,Woxall,PA,Post Office or large volume customer,PO BOX,19438
18981,PO boxes,,Zionhill,PA,Post Office or large volume customer,PO BOX,18951
18991,organization,W Atlee Burpee Co,Warminster,PA,Post Office or large volume customer,UNIQUE,18974
19016,PO boxes,,Chester,PA,Post Office or large volume customer,PO BOX,19013
19019,PO boxes,,Philadelphia,PA,Post Office or large volume customer,PO BOX,19115
19028,PO boxes,,Edgemont,PA,Post Office or large volume customer,PO BOX,19073
19037,PO boxes,,Glen Riddle Lima,PA,Post Office or large volume customer,PO BOX,19063
19039,PO boxes,,Gradyville,PA,Post Office or large volume customer,PO BOX,19342
19048,business reply mail,Union Fidelity Busi Reply,Fort Washington,PA,Post Office or large volume customer,UNIQUE,19053
19049,organization,Union Fidelity Postage Pd,Fort Washington,PA,Post Office or large volume customer,UNIQUE,19053
19058,PO boxes,,Levittown,PA,Post Office or large volume customer,PO BOX,19055
19065,PO boxes,,Media,PA,Post Office or large volume customer,PO BOX,19063
19091,organization,Franklin Mt Ctr,Media,PA,Post Office or large volume customer,UNIQUE,19342
19092,business reply mail,Firm Zip Concept (Brm),Philadelphia,PA,Post Office or large volume customer,UNIQUE,19104
19093,organization,Firm Zip Concept (Courtesy),Philadelphia,PA,Post Office or large volume customer,UNIQUE,19104
19098,organization,National Fulfillment Serv,Holmes,PA,Post Office or large volume customer,UNIQUE,19043
19099,organization,Philadelphia Ndc,Philadelphia,PA,Post Office or large volume customer,UNIQUE,19104
19101,PO boxes,,Philadelphia,PA,Post Office or large volume customer,PO BOX,19104
19105,PO boxes,,Philadelphia,PA,Post Office or large volume customer,PO BOX,19107
19110,other,,Philadelphia,PA,Post Office or large volume customer,STANDARD,19107
19155,PO boxes,,Philadelphia,PA,Post Office or large volume customer,PO BOX,19114
19160,PO boxes,,Philadelphia,PA,Post Office or large volume customer,PO BOX,19140
19161,business reply mail,Firm Zip Concept (Brm),Philadelphia,PA,Post Office or large volume customer,UNIQUE,19104
19162,organization,Firm Zip Concept (Courtesy),Philadelphia,PA,Post Office or large volume customer,UNIQUE,19104
19170,organization,Citibank Delaware; First Data Remitco,Philadelphia,PA,Post Office or large volume customer,UNIQUE,19104
19171,organization,Wachovia Bank,Philadelphia,PA,Post Office or large volume customer,UNIQUE,19109
19172,organization,Penn Mutual Ins Co,Philadelphia,PA,Post Office or large volume customer,UNIQUE,19106
19173,organization,Verizon,Philadelphia,PA,Post Office or large volume customer,UNIQUE,19103
19175,organization,Mellon Bank East,Philadelphia,PA,Post Office or large volume customer,UNIQUE,19106
19176,PO boxes,,Philadelphia,PA,Post Office or large volume customer,PO BOX,19153
19177,organization,Wachovia Bank,Philadelphia,PA,Post Office or large volume customer,UNIQUE,19106
19178,organization,Wachovia Bank,Philadelphia,PA,Post Office or large volume customer,UNIQUE,19104
19179,organization,Veterans Administration,Philadelphia,PA,Post Office or large volume customer,UNIQUE,19144
19181,organization,Colonial Penn Group,Philadelphia,PA,Post Office or large volume customer,UNIQUE,19106
19182,organization,Pnc Bank,Philadelphia,PA,Post Office or large volume customer,UNIQUE,19106
19183,business reply mail,Colonial Penn (Brm),Philadelphia,PA,Post Office or large volume customer,UNIQUE,19106
19184,organization,Sunmark Industries,Philadelphia,PA,Post Office or large volume customer,UNIQUE,19104
19185,organization,Selective Service System,Philadelphia,PA,Post Office or large volume customer,UNIQUE,19112
19187,organization,A A R P Ins,Philadelphia,PA,Post Office or large volume customer,UNIQUE,19102
19188,organization,Hosiery Corp Of America,Philadelphia,PA,Post Office or large volume customer,UNIQUE,19123
19190,organization,National Passport Agency,Philadelphia,PA,Post Office or large volume customer,UNIQUE,19104
19191,organization,Wachovia Bank,Philadelphia,PA,Post Office or large volume customer,UNIQUE,19102
19192,organization,Cigna Corporation,Philadelphia,PA,Post Office or large volume customer,UNIQUE,19103
19193,organization,Ford Motor Credit Corp,Philadelphia,PA,Post Office or large volume customer,UNIQUE,19104
19194,organization,First Chicago,Philadelphia,PA,Post Office or large volume customer,UNIQUE,19104
19195,organization,Commerce Bank,Philadelphia,PA,Post Office or large volume customer,UNIQUE,19104
19196,organization,Classification & Rates Admin,Philadelphia,PA,Post Office or large volume customer,UNIQUE,19104
19197,organization,Usps Eastern Region Hdqtrs,Philadelphia,PA,Post Office or large volume customer,UNIQUE,19104
19244,organization,Internal Revenue Service,Philadelphia,PA,Post Office or large volume customer,UNIQUE,19154
19255,organization,Internal Revenue Service,Philadelphia,PA,Post Office or large volume customer,UNIQUE,19154
19318,PO boxes,,Chatham,PA,Post Office or large volume customer,PO BOX,19390
19331,PO boxes,,Concordville,PA,Post Office or large volume customer,PO BOX,19342
19339,organization,State Farm Insurance,Concordville,PA,Post Office or large volume customer,UNIQUE,19373
19340,organization,State Farm Insurance,Concordville,PA,Post Office or large volume customer,UNIQUE,19342
19346,PO boxes,,Kelton,PA,Post Office or large volume customer,PO BOX,19390
19347,PO boxes,,Kemblesville,PA,Post Office or large volume customer,PO BOX,19350
19351,PO boxes,,Lewisville,PA,Post Office or large volume customer,PO BOX,19350
19353,PO boxes,,Lionville,PA,Post Office or large volume customer,PO BOX,19341
19354,PO boxes,,Lyndell,PA,Post Office or large volume customer,PO BOX,19335
19357,PO boxes,,Mendenhall,PA,Post Office or large volume customer,PO BOX,19348
19360,PO boxes,,New London,PA,Post Office or large volume customer,PO BOX,19352
19366,PO boxes,,Pocopson,PA,Post Office or large volume customer,PO BOX,19382
19376,PO boxes,,Wagontown,PA,Post Office or large volume customer,PO BOX,19320
19381,PO boxes,,West Chester,PA,Post Office or large volume customer,PO BOX,19380
19395,PO boxes,,Westtown,PA,Post Office or large volume customer,PO BOX,19382
19397,PO boxes,,Southeastern,PA,Post Office or large volume customer,PO BOX,19087
19398,PO boxes,,Southeastern,PA,Post Office or large volume customer,PO BOX,19087
19399,PO boxes,,Southeastern,PA,Post Office or large volume customer,PO BOX,19087
19404,PO boxes,,Norristown,PA,Post Office or large volume customer,PO BOX,19401
19407,PO boxes,,Audubon,PA,Post Office or large volume customer,PO BOX,19403
19408,PO boxes,,Eagleville,PA,Post Office or large volume customer,PO BOX,19403
19409,PO boxes,,Fairview Village,PA,Post Office or large volume customer,PO BOX,19403
19415,organization,Shared Return Zip,Eagleville,PA,Post Office or large volume customer,UNIQUE,19403
19421,PO boxes,,Birchrunville,PA,Post Office or large volume customer,PO BOX,19425
19423,PO boxes,,Cedars,PA,Post Office or large volume customer,PO BOX,19446
19424,organization,Unisys,Blue Bell,PA,Post Office or large volume customer,UNIQUE,19422
19429,organization,Bell Telephone Co,Conshohocken,PA,Post Office or large volume customer,UNIQUE,19428
19430,PO boxes,,Creamery,PA,Post Office or large volume customer,PO BOX,19473
19432,PO boxes,,Devault,PA,Post Office or large volume customer,PO BOX,19355
19441,organization,Harleysville Insurance Co,Harleysville,PA,Post Office or large volume customer,UNIQUE,19438
19443,PO boxes,,Kulpsville,PA,Post Office or large volume customer,PO BOX,19446
19450,PO boxes,,Lederach,PA,Post Office or large volume customer,PO BOX,19438
19451,PO boxes,,Mainland,PA,Post Office or large volume customer,PO BOX,19438
19455,organization,Harriet Carter Gifts,North Wales,PA,Post Office or large volume customer,UNIQUE,18936
19470,PO boxes,,Saint Peters,PA,Post Office or large volume customer,PO BOX,19520
19478,PO boxes,,Spring Mount,PA,Post Office or large volume customer,PO BOX,19473
19480,PO boxes,,Uwchland,PA,Post Office or large volume customer,PO BOX,19425
19481,PO boxes,,Valley Forge,PA,Post Office or large volume customer,PO BOX,19460
19482,PO boxes,,Valley Forge,PA,Post Office or large volume customer,PO BOX,19460
19484,PO boxes,,Valley Forge,PA,Post Office or large volume customer,PO BOX,19406
19486,PO boxes,,West Point,PA,Post Office or large volume customer,PO BOX,19446
19493,organization,Providian Agon,Valley Forge,PA,Post Office or large volume customer,UNIQUE,19355
19494,organization,Providian Agon,Valley Forge,PA,Post Office or large volume customer,UNIQUE,19355
19495,organization,Providian Agon,Valley Forge,PA,Post Office or large volume customer,UNIQUE,19355
19496,organization,The Vanguard Group,Valley Forge,PA,Post Office or large volume customer,UNIQUE,19355
19519,PO boxes,,Earlville,PA,Post Office or large volume customer,PO BOX,19518
19548,PO boxes,,Pine Forge,PA,Post Office or large volume customer,PO BOX,19518
19603,PO boxes,,Reading,PA,Post Office or large volume customer,PO BOX,19601
19612,PO boxes,,Reading,PA,Post Office or large volume customer,PO BOX,19604
19708,PO boxes,,Kirkwood,DE,Post Office or large volume customer,PO BOX,19701
19712,organization,Shared Firm Zip,Newark,DE,Post Office or large volume customer,UNIQUE,19713
19714,PO boxes,,Newark,DE,Post Office or large volume customer,PO BOX,19711
19715,PO boxes,,Newark,DE,Post Office or large volume customer,PO BOX,19711
19718,organization,Christiana Medical Center,Newark,DE,Post Office or large volume customer,UNIQUE,19713
19721,organization,Citibank,New Castle,DE,Post Office or large volume customer,UNIQUE,19720
19725,organization,Shared Firm Zip,Newark,DE,Post Office or large volume customer,UNIQUE,19711
19726,organization,Shared Firm Zip,New Castle,DE,Post Office or large volume customer,UNIQUE,19720
19850,PO boxes,,Wilmington,DE,Post Office or large volume customer,PO BOX,19801
19880,PO boxes,,Wilmington,DE,Post Office or large volume customer,PO BOX,19801
19884,organization,Bank Of America,Wilmington,DE,Post Office or large volume customer,UNIQUE,19801
19885,organization,Shared Firm Zip,Wilmington,DE,Post Office or large volume customer,UNIQUE,19801
19886,organization,Bank Of America; Shared Firm Zip,Wilmington,DE,Post Office or large volume customer,UNIQUE,19801
19890,organization,Wilmington Trust,Wilmington,DE,Post Office or large volume customer,UNIQUE,19801
19891,organization,Bank Of America,Wilmington,DE,Post Office or large volume customer,UNIQUE,19713
19892,organization,Citibank,Wilmington,DE,Post Office or large volume customer,UNIQUE,19720
19893,organization,Chase Manhattan Bank N A,Wilmington,DE,Post Office or large volume customer,UNIQUE,19801
19894,organization,Shared Firm Zip,Wilmington,DE,Post Office or large volume customer,UNIQUE,19804
19895,organization,Delmarva Power,Wilmington,DE,Post Office or large volume customer,UNIQUE,19801
19896,organization,Shared Firm Zip,Wilmington,DE,Post Office or large volume customer,UNIQUE,19801
19897,organization,Astrazeneca,Wilmington,DE,Post Office or large volume customer,UNIQUE,19803
19898,organization,Dupont Inc,Wilmington,DE,Post Office or large volume customer,UNIQUE,19801
19899,PO boxes,,Wilmington,DE,Post Office or large volume customer,PO BOX,19801
19903,PO boxes,,Dover,DE,Post Office or large volume customer,PO BOX,19901
19905,PO boxes,,Dover,DE,Post Office or large volume customer,PO BOX,19936
19906,other,,Dover,DE,Post Office or large volume customer,STANDARD,19901
19961,PO boxes,,Little Creek,DE,Post Office or large volume customer,PO BOX,19901
19969,PO boxes,,Nassau,DE,Post Office or large volume customer,PO BOX,19958
20013,PO boxes,,Washington,DC,Post Office or large volume customer,PO BOX,20002
20022,PO boxes,,Washington,DC,Post Office or large volume customer,PO BOX,20002
20026,PO boxes,,Washington,DC,Post Office or large volume customer,PO BOX,20260
20027,PO boxes,,Washington,DC,Post Office or large volume customer,PO BOX,20007
20029,PO boxes,,Washington,DC,Post Office or large volume customer,PO BOX,20019
20030,PO boxes,,Washington,DC,Post Office or large volume customer,PO BOX,20020
20033,PO boxes,,Washington,DC,Post Office or large volume customer,PO BOX,20036
20035,PO boxes,,Washington,DC,Post Office or large volume customer,PO BOX,20036
20038,PO boxes,,Washington,DC,Post Office or large volume customer,PO BOX,20006
20039,PO boxes,,Washington,DC,Post Office or large volume customer,PO BOX,20011
20040,PO boxes,,Washington,DC,Post Office or large volume customer,PO BOX,20011
20041,PO boxes,Dulles International Airp,Washington,VA,Zip Code Area,PO BOX,20151
20042,organization,Sun Trust Bank Inc,Washington,DC,Post Office or large volume customer,UNIQUE,20018
20043,PO boxes,,Washington,DC,Post Office or large volume customer,PO BOX,20005
20044,PO boxes,,Washington,DC,Post Office or large volume customer,PO BOX,20004
20047,organization,Criterion Ins Co,Washington,DC,Post Office or large volume customer,UNIQUE,20015
20049,organization,Amer Assc Retired Persons,Washington,DC,Post Office or large volume customer,UNIQUE,20004
20050,PO boxes,,Washington,DC,Post Office or large volume customer,PO BOX,20018
20053,organization,Verizon,Washington,DC,Post Office or large volume customer,UNIQUE,20003
20055,organization,Bank Of America,Washington,DC,Post Office or large volume customer,UNIQUE,20001
20056,PO boxes,,Washington,DC,Post Office or large volume customer,PO BOX,20009
20058,organization,Marriott Corp,Washington,MD,Post Office or large volume customer,UNIQUE,20817
20060,organization,Howard University Hospital,Washington,DC,Post Office or large volume customer,UNIQUE,20001
20061,organization,Wells Fargo,Washington,DC,Post Office or large volume customer,UNIQUE,20018
20062,organization,Us Chamber Of Com,Washington,DC,Post Office or large volume customer,UNIQUE,20006
20063,organization,Int Group Plans Inc,Washington,DC,Post Office or large volume customer,UNIQUE,20037
20065,organization,Blue Cross Group Hosp,Washington,DC,Post Office or large volume customer,UNIQUE,20002
20066,organization,Washington Dc Post Office,Washington,DC,Post Office or large volume customer,UNIQUE,20018
20067,organization,Pepco,Washington,DC,Post Office or large volume customer,UNIQUE,20006
20068,organization,Pepco,Washington,DC,Post Office or large volume customer,UNIQUE,20001
20069,organization,Wash Intell Bureau Inc,Washington,VA,Post Office or large volume customer,UNIQUE,22031
20070,organization,Wash Intell Bureau Inc,Washington,VA,Post Office or large volume customer,UNIQUE,22031
20071,organization,Washington Post,Washington,DC,Post Office or large volume customer,UNIQUE,20005
20073,organization,Pnc Financial,Washington,DC,Post Office or large volume customer,UNIQUE,20220
20074,organization,Pnc Financial,Washington,DC,Post Office or large volume customer,UNIQUE,20018
20075,organization,Pnc Financial,Washington,DC,Post Office or large volume customer,UNIQUE,20018
20076,organization,Geico,Washington,DC,Post Office or large volume customer,UNIQUE,20015
20077,business reply mail,Washington Brm,Washington,DC,Post Office or large volume customer,UNIQUE,20018
20078,business reply mail,Washington Brm,Washington,DC,Post Office or large volume customer,UNIQUE,20018
20080,organization,Washington Gas,Washington,DC,Post Office or large volume customer,UNIQUE,20001
20081,organization,Washington Gas,Washington,DC,Post Office or large volume customer,UNIQUE,20001
20082,organization,Natl Repub Cong Comm,Washington,DC,Post Office or large volume customer,UNIQUE,20003
20090,PO boxes,,Washington,DC,Post Office or large volume customer,PO BOX,20018
20091,PO boxes,,Washington,DC,Post Office or large volume customer,PO BOX,20001
20101,organization,Dulles P & D Center,Dulles,VA,Post Office or large volume customer,UNIQUE,20166
20102,organization,Dulles Air Transfer Office,Dulles,VA,Post Office or large volume customer,UNIQUE,20166
20103,organization,Stamp Distribution Network,Dulles,VA,Post Office or large volume customer,UNIQUE,20166
20104,organization,Inspection Service Forensic,Dulles,VA,Post Office or large volume customer,UNIQUE,20166
20108,PO boxes,,Manassas,VA,Post Office or large volume customer,PO BOX,20110
20113,PO boxes,,Manassas,VA,Post Office or large volume customer,PO BOX,20111
20116,PO boxes,,Marshall,VA,Post Office or large volume customer,PO BOX,20115
20118,PO boxes,,Middleburg,VA,Post Office or large volume customer,PO BOX,20117
20122,PO boxes,,Centreville,VA,Post Office or large volume customer,PO BOX,20120
20128,PO boxes,,Orlean,VA,Post Office or large volume customer,PO BOX,20115
20131,PO boxes,,Philomont,VA,Post Office or large volume customer,PO BOX,20132
20134,PO boxes,,Purcellville,VA,Post Office or large volume customer,PO BOX,20132
20138,PO boxes,,Calverton,VA,Post Office or large volume customer,PO BOX,20119
20139,PO boxes,,Casanova,VA,Post Office or large volume customer,PO BOX,20119
20140,PO boxes,,Rectortown,VA,Post Office or large volume customer,PO BOX,20144
20142,PO boxes,,Round Hill,VA,Post Office or large volume customer,PO BOX,20141
20146,PO boxes,,Ashburn,VA,Post Office or large volume customer,PO BOX,20147
20149,organization,Natl Assn Letter Carriers,Ashburn,VA,Post Office or large volume customer,UNIQUE,20147
20153,PO boxes,,Chantilly,VA,Post Office or large volume customer,PO BOX,20151
20156,PO boxes,,Gainesville,VA,Post Office or large volume customer,PO BOX,20155
20159,PO boxes,,Hamilton,VA,Post Office or large volume customer,PO BOX,20158
20160,PO boxes,,Lincoln,VA,Post Office or large volume customer,PO BOX,20132
20163,PO boxes,,Sterling,VA,Post Office or large volume customer,PO BOX,20164
20167,PO boxes,,Sterling,VA,Post Office or large volume customer,PO BOX,20164
20168,PO boxes,,Haymarket,VA,Post Office or large volume customer,PO BOX,20155
20172,PO boxes,,Herndon,VA,Post Office or large volume customer,PO BOX,20170
20177,PO boxes,,Leesburg,VA,Post Office or large volume customer,PO BOX,20175
20178,PO boxes,,Leesburg,VA,Post Office or large volume customer,PO BOX,20176
20182,PO boxes,,Nokesville,VA,Post Office or large volume customer,PO BOX,20181
20185,PO boxes,,Upperville,VA,Post Office or large volume customer,PO BOX,20184
20188,PO boxes,,Warrenton,VA,Post Office or large volume customer,PO BOX,20186
20189,other,,Dulles,VA,Post Office or large volume customer,STANDARD,20166
20192,organization,Hundon; Us Geological Survey,Herndon,VA,Zip Code Area,UNIQUE,20191
20195,PO boxes,,Reston,VA,Post Office or large volume customer,PO BOX,20190
20196,organization,Sprint,Reston,VA,Post Office or large volume customer,UNIQUE,20191
20201,organization,Dept Hlth Human Serv,Washington,DC,Post Office or large volume customer,UNIQUE,20024
20202,organization,Dept Education,Washington,DC,Post Office or large volume customer,UNIQUE,20024
20203,organization,Social Securtiy Admin,Washington,DC,Post Office or large volume customer,UNIQUE,20037
20206,organization,Soc Sec Bureau Hearing App,Washington,VA,Post Office or large volume customer,UNIQUE,22302
20207,organization,Consumer Product Safety Comm,Washington,MD,Post Office or large volume customer,UNIQUE,20814
20208,organization,Natl Institute Of Educ,Washington,DC,Post Office or large volume customer,UNIQUE,20001
20210,organization,Dept Of Labor,Washington,DC,Post Office or large volume customer,UNIQUE,20001
20211,organization,Office Of Workers Comp,Washington,DC,Post Office or large volume customer,UNIQUE,20001
20212,organization,Dept Labor Stats,Washington,DC,Post Office or large volume customer,UNIQUE,20002
20213,organization,Dept Labor Manpower Admn,Washington,DC,Post Office or large volume customer,UNIQUE,20001
20214,organization,Bureau Labor Statistics,Washington,DC,Post Office or large volume customer,UNIQUE,20002
20215,organization,Dept Labor Payroll Audit Div,Washington,DC,Post Office or large volume customer,UNIQUE,20001
20216,organization,Labor Management Admin,Washington,DC,Post Office or large volume customer,UNIQUE,20001
20217,organization,Us Tax Court,Washington,DC,Post Office or large volume customer,UNIQUE,20001
20218,organization,Natl Comm On Social Sec,Washington,DC,Post Office or large volume customer,UNIQUE,20006
20219,organization,Comptroller Of Currency,Washington,DC,Post Office or large volume customer,UNIQUE,20024
20221,organization,District Director Irs,Washington,DC,Post Office or large volume customer,UNIQUE,20004
20222,organization,Us Treasurer,Washington,DC,Post Office or large volume customer,UNIQUE,20220
20223,organization,Us Secret Service,Washington,DC,Post Office or large volume customer,UNIQUE,20005
20224,organization,Internal Revenue Service,Washington,DC,Post Office or large volume customer,UNIQUE,20004
20226,organization,Dept Treas Other Offices,Washington,DC,Post Office or large volume customer,UNIQUE,20005
20227,organization,Dept Treas Check Claims Div,Washington,DC,Post Office or large volume customer,UNIQUE,20250
20228,organization,Bureau Engav And Printing,Washington,DC,Post Office or large volume customer,UNIQUE,20250
20229,organization,Us Bureau Of Customs,Washington,DC,Post Office or large volume customer,UNIQUE,20004
20232,organization,Resolutn Trust Oversight Brd,Washington,DC,Post Office or large volume customer,UNIQUE,20009
20233,organization,Bureau Of Census,Washington,MD,Post Office or large volume customer,UNIQUE,20746
20235,organization,Dept Commerce Outside Hq,Washington,DC,Post Office or large volume customer,UNIQUE,20009
20237,organization,Broadcasting Bd Of Governors,Washington,DC,Post Office or large volume customer,UNIQUE,20024
20238,organization,Us Holocaust Memorial Museum,Washington,DC,Post Office or large volume customer,UNIQUE,20036
20239,organization,Bureau Of Public Debt,Washington,DC,Post Office or large volume customer,UNIQUE,20001
20241,organization,Bureau Of Mines,Washington,DC,Post Office or large volume customer,UNIQUE,20037
20242,organization,National Park Service,Washington,DC,Post Office or large volume customer,UNIQUE,20024
20244,organization,Geological Survey,Washington,DC,Post Office or large volume customer,UNIQUE,20018
20251,organization,Dept Ag Ofc Outside Hq,Washington,DC,Post Office or large volume customer,UNIQUE,20260
20252,organization,Smokey Bear,Washington,DC,Post Office or large volume customer,UNIQUE,20018
20254,organization,Social Securtiy Admin,Washington,DC,Post Office or large volume customer,UNIQUE,20024
20261,organization,Usps Consumer Affairs,Washington,DC,Post Office or large volume customer,UNIQUE,20024
20262,organization,Mafic,Washington,DC,Post Office or large volume customer,UNIQUE,20018
20265,organization,Philatelic Sales Division,Washington,DC,Post Office or large volume customer,UNIQUE,20024
20266,organization,Philatelic Sales,Washington,DC,Post Office or large volume customer,UNIQUE,20024
20268,organization,Postal Regulatory Comm,Washington,DC,Post Office or large volume customer,UNIQUE,20001
20270,organization,Presidential Transition Team,Washington,DC,Post Office or large volume customer,UNIQUE,20006
20277,business reply mail,Washington Dc Brm,Washington,DC,Post Office or large volume customer,UNIQUE,20018
20289,organization,Universal Postal Union Congr,Washington,DC,Post Office or large volume customer,UNIQUE,20024
20299,organization,Readasorus,Washington,DC,Post Office or large volume customer,UNIQUE,20018
20301,organization (unnamed),,Washington,VA,Post Office or large volume customer,UNIQUE,22202
20303,organization,National Imaging And Mapping,Washington,DC,Post Office or large volume customer,UNIQUE,20003
20306,organization,Armed Forces Inst Pathology,Washington,DC,Post Office or large volume customer,UNIQUE,20012
20310,organization,Dept Army Pentagon,Washington,VA,Post Office or large volume customer,UNIQUE,22202
20314,organization,Us Army Corp Of Engineers,Washington,DC,Post Office or large volume customer,UNIQUE,20001
20318,organization,Army Criminal Invest; Joint Staff,Washington,DC,Post Office or large volume customer,UNIQUE,20018
20330,organization,Dept Air Force Pentagon,Washington,VA,Post Office or large volume customer,UNIQUE,22202
20340,organization,Defense Intelligence,Washington,DC,Post Office or large volume customer,UNIQUE,20032
20350,organization,Chief Naval Operation,Washington,VA,Post Office or large volume customer,UNIQUE,22202
20355,organization (unnamed),,Washington,DC,Post Office or large volume customer,UNIQUE,20018
20370,organization (unnamed),,Washington,DC,Post Office or large volume customer,UNIQUE,20003
20372,organization,Bur Medicine Surgery,Washington,DC,Post Office or large volume customer,UNIQUE,20037
20374,delivery area,,Washington Navy Yard,DC,Zip Code Area,STANDARD,20003
20375,organization,Naval Research Laboratory,Washington,DC,Post Office or large volume customer,UNIQUE,20032
20376,other,,Washington Navy Yard,DC,Post Office or large volume customer,STANDARD,20003
20380,organization,Dept Navy Hq Marines Arl,Washington,DC,Post Office or large volume customer,UNIQUE,20003
20389,organization,Naval Intelligence Com,Washington,MD,Post Office or large volume customer,UNIQUE,20746
20391,other,,Washington Navy Yard,DC,Post Office or large volume customer,STANDARD,20003
20392,organization,Navy Observatory,Washington,DC,Post Office or large volume customer,UNIQUE,20007
20393,organization,Navy Security Group,Washington,DC,Post Office or large volume customer,UNIQUE,20016
20394,organization,Naval Telecommunications Com,Washington,DC,Post Office or large volume customer,UNIQUE,20016
20395,organization,Naval Intelligence Support C,Washington,MD,Post Office or large volume customer,UNIQUE,20746
20398,other,,Washington Navy Yard,DC,Post Office or large volume customer,STANDARD,20003
20401,organization,Gov Printing Office,Washington,DC,Post Office or large volume customer,UNIQUE,20001
20402,organization,Gpo Supt Of Documents,Washington,DC,Post Office or large volume customer,UNIQUE,20001
20403,organization,Gpo Field Serv Div,Washington,DC,Post Office or large volume customer,UNIQUE,20001
20404,organization,Gpo Procurement Div,Washington,DC,Post Office or large volume customer,UNIQUE,20001
20405,organization,Gen Services Admin,Washington,DC,Post Office or large volume customer,UNIQUE,20006
20406,organization,Gsa Crystal City,Washington,VA,Post Office or large volume customer,UNIQUE,22202
20407,organization,Gsa Region 3,Washington,DC,Post Office or large volume customer,UNIQUE,20024
20410,organization,Housing And Urban Dev,Washington,DC,Post Office or large volume customer,UNIQUE,20024
20411,organization,Hud Fed Housing Adm,Washington,DC,Post Office or large volume customer,UNIQUE,20024
20412,organization,Fha Comptroller,Washington,DC,Post Office or large volume customer,UNIQUE,20024
20413,organization,Housing Assistance Adm,Washington,DC,Post Office or large volume customer,UNIQUE,20024
20414,organization,Hud Fed Natl Mortgage,Washington,DC,Post Office or large volume customer,UNIQUE,20024
20416,organization,Small Business Admin,Washington,DC,Post Office or large volume customer,UNIQUE,20024
20417,organization,Gen Services Admin,Washington,DC,Post Office or large volume customer,UNIQUE,20002
20419,organization,Merit Systems Protection Bd,Washington,DC,Post Office or large volume customer,UNIQUE,20036
20420,organization,Veterans Admin,Washington,DC,Post Office or large volume customer,UNIQUE,20006
20421,organization,Veterans Benefits Office,Washington,DC,Post Office or large volume customer,UNIQUE,20006
20423,organization,Surface Transportation Board,Washington,DC,Post Office or large volume customer,UNIQUE,20024
20424,organization,Fed Labor Relations Auth,Washington,DC,Post Office or large volume customer,UNIQUE,20005
20425,organization,Comm On Civil Rights,Washington,DC,Post Office or large volume customer,UNIQUE,20001
20426,organization,Federal Energy Reg Comm,Washington,DC,Post Office or large volume customer,UNIQUE,20002
20428,organization,Civil Aeronautics Board,Washington,DC,Post Office or large volume customer,UNIQUE,20009
20429,organization,Federal Deposit Ins Corp,Washington,DC,Post Office or large volume customer,UNIQUE,20006
20433,organization,World Bank,Washington,DC,Post Office or large volume customer,UNIQUE,20006
20434,organization,Resolution Trust Corporation,Washington,DC,Post Office or large volume customer,UNIQUE,20006
20435,organization,National Selective Service,Washington,DC,Post Office or large volume customer,UNIQUE,20007
20436,organization,International Trade Comm,Washington,DC,Post Office or large volume customer,UNIQUE,20024
20437,organization,Food And Drug Admin,Washington,DC,Post Office or large volume customer,UNIQUE,20037
20439,organization,Us Court Appeal Fed Circuit,Washington,DC,Post Office or large volume customer,UNIQUE,20005
20440,organization,International Joint Comm,Washington,DC,Post Office or large volume customer,UNIQUE,20009
20441,organization,Inter Amer Defense Board,Washington,DC,Post Office or large volume customer,UNIQUE,20009
20442,organization,Court Of Military Appeals,Washington,DC,Post Office or large volume customer,UNIQUE,20001
20444,organization,Tennessee Valley Auth,Washington,DC,Post Office or large volume customer,UNIQUE,20001
20447,organization,Family Support Administratio,Washington,DC,Post Office or large volume customer,UNIQUE,20024
20451,organization,Arms Control And Disarm Agy,Washington,DC,Post Office or large volume customer,UNIQUE,20520
20453,organization,Comm Equal Oppor Armed Forc,Washington,VA,Post Office or large volume customer,UNIQUE,22202
20456,organization,National Credit Union Admin,Washington,DC,Post Office or large volume customer,UNIQUE,20006
20460,organization,Envir Protect Agency,Washington,DC,Post Office or large volume customer,UNIQUE,20004
20463,organization,Federal Election Comm,Washington,DC,Post Office or large volume customer,UNIQUE,20004
20468,organization,Gsa Surplus Sales,Washington,DC,Post Office or large volume customer,UNIQUE,20006
20469,organization,Gsa Consumer Products Info,Washington,DC,Post Office or large volume customer,UNIQUE,20006
20470,organization,Gsa Tele Com Serv,Washington,DC,Post Office or large volume customer,UNIQUE,20018
20472,organization,Fed Emer Mngt Agncy,Washington,DC,Post Office or large volume customer,UNIQUE,20024
20500,other,,Washington,DC,Post Office or large volume customer,STANDARD,20006
20501,organization,White House Ofc Of Vice Pres,Washington,DC,Post Office or large volume customer,UNIQUE,20006
20502,organization,White House Ofc Staff,Washington,DC,Post Office or large volume customer,UNIQUE,20006
20503,organization,Office Of Mgmt And Budget,Washington,DC,Post Office or large volume customer,UNIQUE,20006
20504,organization,National Security Counsel,Washington,DC,Post Office or large volume customer,UNIQUE,20006
20505,organization,Central Intelligence Agency,Washington,DC,Post Office or large volume customer,UNIQUE,20006
20506,organization,Exec Office Other Organ,Washington,DC,Post Office or large volume customer,UNIQUE,20006
20507,organization,Equal Emp Opportunity Comm,Washington,DC,Post Office or large volume customer,UNIQUE,20002
20508,organization,Us Trade Representative,Washington,DC,Post Office or large volume customer,UNIQUE,20006
20509,organization,White House Ofc Staff,Washington,DC,Post Office or large volume customer,UNIQUE,20006
20511,organization,Dir National Intelligence,Washington,DC,Post Office or large volume customer,UNIQUE,20018
20521,organization,State Department,Washington,DC,Post Office or large volume customer,UNIQUE,20037
20522,organization,Government Agency,Washington,DC,Post Office or large volume customer,UNIQUE,20520
20523,organization,Dept Of State Intrntl Div,Washington,DC,Post Office or large volume customer,UNIQUE,20520
20524,organization,Passport Office,Washington,DC,Post Office or large volume customer,UNIQUE,20005
20525,organization,Action,Washington,DC,Post Office or large volume customer,UNIQUE,20005
20526,organization,Peace Corps,Washington,DC,Post Office or large volume customer,UNIQUE,20036
20527,organization,Oversea Pvt Inves Corp,Washington,DC,Post Office or large volume customer,UNIQUE,20005
20528,organization,Dept Homeland Security,Washington,DC,Post Office or large volume customer,UNIQUE,20004
20529,organization,Us Citizenship Immigration,Washington,DC,Post Office or large volume customer,UNIQUE,20001
20531,organization,Law Enforce Assist Adm,Washington,DC,Post Office or large volume customer,UNIQUE,20004
20533,organization,Bureau Narc And Dngr Drugs,Washington,DC,Post Office or large volume customer,UNIQUE,20005
20534,organization,Bureau Of Prisons,Washington,DC,Post Office or large volume customer,UNIQUE,20001
20536,organization,Immig And Naturalization Ser,Washington,DC,Post Office or large volume customer,UNIQUE,20024
20537,organization,Fbi Identification Unit,Washington,DC,Post Office or large volume customer,UNIQUE,20018
20538,organization,Immig And Naturalization Ser,Washington,DC,Post Office or large volume customer,UNIQUE,20001
20539,organization,Immig And Natural Records,Washington,DC,Post Office or large volume customer,UNIQUE,20005
20541,organization,Library Of Congress Card Div,Washington,DC,Post Office or large volume customer,UNIQUE,20540
20543,organization,Us Supreme Court,Washington,DC,Post Office or large volume customer,UNIQUE,20002
20544,organization,Adm Office Us Court,Washington,DC,Post Office or large volume customer,UNIQUE,20002
20546,organization,Natl Aero And Space Admin,Washington,DC,Post Office or large volume customer,UNIQUE,20024
20547,organization,Us Information Agency,Washington,DC,Post Office or large volume customer,UNIQUE,20024
20548,organization,General Accounting Office,Washington,DC,Post Office or large volume customer,UNIQUE,20001
20549,organization,Securities And Exchange Comm,Washington,DC,Post Office or large volume customer,UNIQUE,20001
20552,organization,Cnsmr Fnncl Prtct Brd,Washington,DC,Post Office or large volume customer,UNIQUE,20006
20553,organization,Federal Aviation Agency,Washington,DC,Post Office or large volume customer,UNIQUE,20024
20554,organization,Fed Communications Comm,Washington,DC,Post Office or large volume customer,UNIQUE,20006
20555,organization,Nuclear Regulatory Comm,Washington,DC,Post Office or large volume customer,UNIQUE,20006
20557,organization,Lib Of Congress Licensing,Washington,DC,Post Office or large volume customer,UNIQUE,20540
20559,organization,Us Copyright Office,Washington,DC,Post Office or large volume customer,UNIQUE,20540
20570,organization,Natl Labor Relations Board,Washington,DC,Post Office or large volume customer,UNIQUE,20006
20571,organization,Export Import Bank,Washington,DC,Post Office or large volume customer,UNIQUE,20006
20572,organization,National Mediation Board,Washington,DC,Post Office or large volume customer,UNIQUE,20005
20573,organization,Federal Maritime Commission,Washington,DC,Post Office or large volume customer,UNIQUE,20001
20575,organization,Adv Comm Inter Govt Relation,Washington,DC,Post Office or large volume customer,UNIQUE,20006
20576,organization,Natl Capitol Planning,Washington,DC,Post Office or large volume customer,UNIQUE,20005
20577,organization,Inter American Dev Bank,Washington,DC,Post Office or large volume customer,UNIQUE,20006
20578,organization,Farm Credit Admin,Washington,DC,Post Office or large volume customer,UNIQUE,20001
20579,organization,Foreign Claims Settlement,Washington,DC,Post Office or large volume customer,UNIQUE,20004
20580,organization,Federal Trade Comm,Washington,DC,Post Office or large volume customer,UNIQUE,20565
20581,organization,Commodity Futures Trade,Washington,DC,Post Office or large volume customer,UNIQUE,20036
20585,organization,Dept Energy,Washington,DC,Post Office or large volume customer,UNIQUE,20024
20586,organization,Us Synthetic Fuel Corp,Washington,DC,Post Office or large volume customer,UNIQUE,20037
20588,organization,Dept Hs,DHS,MD,Post Office or large volume customer,UNIQUE,20623
20590,organization,Dept Transportation,Washington,DC,Post Office or large volume customer,UNIQUE,20003
20593,organization,Us Coast Guard,Washington,DC,Post Office or large volume customer,UNIQUE,20032
20594,organization,Natl Trans Safety Board,Washington,DC,Post Office or large volume customer,UNIQUE,20260
20597,organization,Armed Forces Inaugural Com,Washington,DC,Post Office or large volume customer,UNIQUE,20024
20598,organization,Dept Hs,DHS,VA,Post Office or large volume customer,UNIQUE,22031
20599,organization,Pre Inaugural Committee,Washington,MD,Post Office or large volume customer,UNIQUE,20746
20604,PO boxes,,Waldorf,MD,Post Office or large volume customer,PO BOX,20602
20610,PO boxes,,Barstow,MD,Post Office or large volume customer,PO BOX,20678
20627,PO boxes,,Compton,MD,Post Office or large volume customer,PO BOX,20650
20643,PO boxes,,Ironsides,MD,Post Office or large volume customer,PO BOX,20646
20682,PO boxes,,Rock Point,MD,Post Office or large volume customer,PO BOX,20618
20697,business reply mail,Southern Md Brm,Southern MD Facility,MD,Post Office or large volume customer,UNIQUE,20743
20703,PO boxes,,Lanham,MD,Post Office or large volume customer,PO BOX,20706
20704,PO boxes,,Beltsville,MD,Post Office or large volume customer,PO BOX,20705
20709,PO boxes,,Laurel,MD,Post Office or large volume customer,PO BOX,20708
20717,PO boxes,,Bowie,MD,Post Office or large volume customer,PO BOX,20716
20718,PO boxes,,Bowie,MD,Post Office or large volume customer,PO BOX,20715
20719,PO boxes,,Bowie,MD,Post Office or large volume customer,PO BOX,20720
20725,PO boxes,,Laurel,MD,Post Office or large volume customer,PO BOX,20707
20726,PO boxes,,Laurel,MD,Post Office or large volume customer,PO BOX,20708
20731,PO boxes,,Capitol Heights,MD,Post Office or large volume customer,PO BOX,20743
20738,PO boxes,,Riverdale,MD,Post Office or large volume customer,PO BOX,20737
20741,PO boxes,,College Park,MD,Post Office or large volume customer,PO BOX,20740
20749,PO boxes,,Fort Washington,MD,Post Office or large volume customer,PO BOX,20744
20750,PO boxes,,Oxon Hill,MD,Post Office or large volume customer,PO BOX,20745
20752,PO boxes,,Suitland,MD,Post Office or large volume customer,PO BOX,20746
20753,PO boxes,,District Heights,MD,Post Office or large volume customer,PO BOX,20747
20757,PO boxes,,Temple Hills,MD,Post Office or large volume customer,PO BOX,20748
20768,PO boxes,,Greenbelt,MD,Post Office or large volume customer,PO BOX,20770
20773,PO boxes,,Upper Marlboro,MD,Post Office or large volume customer,PO BOX,20772
20775,PO boxes,,Upper Marlboro,MD,Post Office or large volume customer,PO BOX,20774
20787,PO boxes,,Hyattsville,MD,Post Office or large volume customer,PO BOX,20912
20788,PO boxes,,Hyattsville,MD,Post Office or large volume customer,PO BOX,20782
20790,organization,Southern Maryland Facility,Capitol Heights,MD,Post Office or large volume customer,UNIQUE,20743
20791,PO boxes,,Capitol Heights,MD,Post Office or large volume customer,PO BOX,20743
20792,PO boxes,,Upper Marlboro,MD,Post Office or large volume customer,PO BOX,20774
20797,business reply mail,Southern Md Brm,Southern MD Facility,MD,Post Office or large volume customer,UNIQUE,20743
20799,organization,Washington Ndc,Capitol Heights,MD,Post Office or large volume customer,UNIQUE,20743
20810,organization,Geico,Bethesda,MD,Post Office or large volume customer,UNIQUE,20815
20811,organization,Geico,Bethesda,MD,Post Office or large volume customer,UNIQUE,20815
20813,PO boxes,,Bethesda,MD,Post Office or large volume customer,PO BOX,20815
20824,PO boxes,,Bethesda,MD,Post Office or large volume customer,PO BOX,20815
20825,PO boxes,,Chevy Chase,MD,Post Office or large volume customer,PO BOX,20815
20827,PO boxes,,Bethesda,MD,Post Office or large volume customer,PO BOX,20817
20830,PO boxes,,Olney,MD,Post Office or large volume customer,PO BOX,20832
20847,PO boxes,,Rockville,MD,Post Office or large volume customer,PO BOX,20852
20848,PO boxes,,Rockville,MD,Post Office or large volume customer,PO BOX,20851
20849,PO boxes,,Rockville,MD,Post Office or large volume customer,PO BOX,20850
20857,organization,Hhs,Rockville,MD,Post Office or large volume customer,UNIQUE,20852
20859,PO boxes,,Potomac,MD,Post Office or large volume customer,PO BOX,20854
20875,PO boxes,,Germantown,MD,Post Office or large volume customer,PO BOX,20874
20883,PO boxes,,Gaithersburg,MD,Post Office or large volume customer,PO BOX,20878
20884,PO boxes,,Gaithersburg,MD,Post Office or large volume customer,PO BOX,20877
20885,PO boxes,,Gaithersburg,MD,Post Office or large volume customer,PO BOX,20878
20891,PO boxes,,Kensington,MD,Post Office or large volume customer,PO BOX,20895
20897,business reply mail,Suburban Md Brm,Suburb Maryland Fac,MD,Post Office or large volume customer,UNIQUE,20855
20898,PO boxes,,Gaithersburg,MD,Post Office or large volume customer,PO BOX,20855
20907,PO boxes,,Silver Spring,MD,Post Office or large volume customer,PO BOX,20910
20908,PO boxes,,Silver Spring,MD,Post Office or large volume customer,PO BOX,20906
20911,PO boxes,,Silver Spring,MD,Post Office or large volume customer,PO BOX,20910
20913,PO boxes,,Takoma Park,MD,Post Office or large volume customer,PO BOX,20912
20914,PO boxes,,Silver Spring,MD,Post Office or large volume customer,PO BOX,20904
20915,PO boxes,,Silver Spring,MD,Post Office or large volume customer,PO BOX,20902
20916,PO boxes,,Silver Spring,MD,Post Office or large volume customer,PO BOX,20906
20918,PO boxes,,Silver Spring,MD,Post Office or large volume customer,PO BOX,20901
20993,organization,Us Food And Drug Admin,Silver Spring,MD,Post Office or large volume customer,UNIQUE,20903
20997,business reply mail,Suburban Md Brm,Silver Spring,MD,Post Office or large volume customer,UNIQUE,20910
21018,PO boxes,,Benson,MD,Post Office or large volume customer,PO BOX,21047
21020,PO boxes,,Boring,MD,Post Office or large volume customer,PO BOX,21155
21022,PO boxes,,Brooklandville,MD,Post Office or large volume customer,PO BOX,21093
21027,PO boxes,,Chase,MD,Post Office or large volume customer,PO BOX,21220
21041,PO boxes,,Ellicott City,MD,Post Office or large volume customer,PO BOX,21043
21062,organization,Md Motor Vehicle Admin,Glen Burnie,MD,Post Office or large volume customer,UNIQUE,21061
21065,organization,Huntvalley; Pdp Group Inc,Hunt Valley,MD,Post Office or large volume customer,UNIQUE,21031
21088,PO boxes,,Lineboro,MD,Post Office or large volume customer,PO BOX,21102
21092,PO boxes,,Long Green,MD,Post Office or large volume customer,PO BOX,21013
21094,PO boxes,,Lutherville Timonium,MD,Post Office or large volume customer,PO BOX,21093
21106,PO boxes,,Mayo,MD,Post Office or large volume customer,PO BOX,21037
21123,PO boxes,,Pasadena,MD,Post Office or large volume customer,PO BOX,21122
21139,PO boxes,,Riderwood,MD,Post Office or large volume customer,PO BOX,21286
21150,PO boxes,,Simpsonville,MD,Post Office or large volume customer,PO BOX,21044
21203,PO boxes,,Baltimore,MD,Post Office or large volume customer,PO BOX,21233
21235,organization,Social Security Administrat,Baltimore,MD,Post Office or large volume customer,UNIQUE,21207
21241,organization,Social Security Admin,Baltimore,MD,Post Office or large volume customer,UNIQUE,21207
21263,organization,Bank Of America,Baltimore,MD,Post Office or large volume customer,UNIQUE,21202
21264,organization,M T Bank,Baltimore,MD,Post Office or large volume customer,UNIQUE,21218
21270,PO boxes,,Baltimore,MD,Post Office or large volume customer,PO BOX,21215
21273,organization,Bank Of America,Baltimore,MD,Post Office or large volume customer,UNIQUE,21202
21275,organization,Wells Fargo,Baltimore,MD,Post Office or large volume customer,UNIQUE,21202
21278,organization,Baltimore Sunpapers,Baltimore,MD,Post Office or large volume customer,UNIQUE,21202
21279,organization,Sun Trust Bank,Baltimore,MD,Post Office or large volume customer,UNIQUE,21233
21281,PO boxes,,Baltimore,MD,Post Office or large volume customer,PO BOX,21224
21282,PO boxes,,Pikesville,MD,Post Office or large volume customer,PO BOX,21208
21284,PO boxes,,Towson,MD,Post Office or large volume customer,PO BOX,21286
21289,organization,T Rowe Price Associates Inc,Baltimore,MD,Post Office or large volume customer,UNIQUE,21207
21290,organization,Social Security Admin,Baltimore,MD,Post Office or large volume customer,UNIQUE,21201
21297,PO boxes,,Baltimore,MD,Post Office or large volume customer,PO BOX,21202
21298,business reply mail,Baltimore Brm,Baltimore,MD,Post Office or large volume customer,UNIQUE,21202
21404,PO boxes,,Annapolis,MD,Post Office or large volume customer,PO BOX,21401
21411,organization,Comptroller Of The Treasury,Annapolis,MD,Post Office or large volume customer,UNIQUE,21401
21412,other,,Annapolis,MD,Post Office or large volume customer,STANDARD,21402
21501,PO boxes,,Cumberland,MD,Post Office or large volume customer,PO BOX,21502
21503,PO boxes,,Cumberland,MD,Post Office or large volume customer,PO BOX,21502
21504,PO boxes,,Cumberland,MD,Post Office or large volume customer,PO BOX,21502
21505,PO boxes,,Cumberland,MD,Post Office or large volume customer,PO BOX,21502
21522,delivery area,,Bittinger,MD,Zip Code Area,STANDARD,21536
21528,PO boxes,,Eckhart Mines,MD,Post Office or large volume customer,PO BOX,21532
21556,PO boxes,,Pinto,MD,Post Office or large volume customer,PO BOX,21502
21609,PO boxes,,Bethlehem,MD,Post Office or large volume customer,PO BOX,21655
21656,PO boxes,,Price,MD,Post Office or large volume customer,PO BOX,21623
21670,PO boxes,,Templeville,MD,Post Office or large volume customer,PO BOX,21649
21690,organization,Usa Fulfillment,Chestertown,MD,Post Office or large volume customer,UNIQUE,21620
21709,organization,State Farm Ins Co,Frederick,MD,Post Office or large volume customer,UNIQUE,21701
21720,PO boxes,,Cavetown,MD,Post Office or large volume customer,PO BOX,21783
21721,PO boxes,,Chewsville,MD,Post Office or large volume customer,PO BOX,21783
21741,PO boxes,,Hagerstown,MD,Post Office or large volume customer,PO BOX,21740
21747,PO boxes,,Hagerstown,MD,Post Office or large volume customer,PO BOX,21742
21749,business reply mail,Citicorp Brm,Hagerstown,MD,Post Office or large volume customer,UNIQUE,21742
21759,PO boxes,,Ladiesburg,MD,Post Office or large volume customer,PO BOX,21757
21765,PO boxes,,Lisbon,MD,Post Office or large volume customer,PO BOX,21797
21775,PO boxes,,New Midway,MD,Post Office or large volume customer,PO BOX,21757
21792,PO boxes,,Unionville,MD,Post Office or large volume customer,PO BOX,21851
21802,PO boxes,,Salisbury,MD,Post Office or large volume customer,PO BOX,21804
21803,PO boxes,,Salisbury,MD,Post Office or large volume customer,PO BOX,21801
21836,PO boxes,,Manokin,MD,Post Office or large volume customer,PO BOX,21871
21843,PO boxes,,Ocean City,MD,Post Office or large volume customer,PO BOX,21842
21852,PO boxes,,Powellville,MD,Post Office or large volume customer,PO BOX,21850
21857,PO boxes,,Rehobeth,MD,Post Office or large volume customer,PO BOX,21871
21916,PO boxes,,Childs,MD,Post Office or large volume customer,PO BOX,21921
21922,PO boxes,,Elkton,MD,Post Office or large volume customer,PO BOX,21921
22009,PO boxes,,Burke,VA,Post Office or large volume customer,PO BOX,22015
22034,other,,Fairfax,VA,Post Office or large volume customer,STANDARD,22031
22036,other,,Fairfax,VA,Post Office or large volume customer,STANDARD,22031
22037,organization,Mobil Oil Corp,Fairfax,VA,Post Office or large volume customer,UNIQUE,22042
22038,PO boxes,,Fairfax,VA,Post Office or large volume customer,PO BOX,22030
22040,PO boxes,,Falls Church,VA,Post Office or large volume customer,PO BOX,22046
22067,delivery area,,Greenway,VA,Zip Code Area,STANDARD,22102
22081,other,,Merrifield,VA,Post Office or large volume customer,STANDARD,22031
22082,organization,Engineering Support Center,Merrifield,VA,Post Office or large volume customer,UNIQUE,22031
22095,business reply mail,Business Reply Mail,Herndon,VA,Post Office or large volume customer,UNIQUE,20170
22096,organization,Sprint,Reston,VA,Post Office or large volume customer,UNIQUE,20170
22103,PO boxes,,West McLean,VA,Post Office or large volume customer,PO BOX,22102
22106,PO boxes,,Mc Lean,VA,Post Office or large volume customer,PO BOX,22101
22107,organization,Gannett,Mc Lean,VA,Post Office or large volume customer,UNIQUE,22102
22108,organization,Usa Today,Mc Lean,VA,Post Office or large volume customer,UNIQUE,22102
22109,organization,Wachovia Bank,Mc Lean,VA,Post Office or large volume customer,UNIQUE,22102
22116,PO boxes,,Merrifield,VA,Post Office or large volume customer,PO BOX,22031
22118,organization,Bank Of America,Merrifield,VA,Post Office or large volume customer,UNIQUE,22031
22119,organization,Navy Federal Credit Union,Merrifield,VA,Post Office or large volume customer,UNIQUE,22031
22121,PO boxes,,Mount Vernon,VA,Post Office or large volume customer,PO BOX,22309
22122,PO boxes,,Newington,VA,Post Office or large volume customer,PO BOX,22079
22135,organization,Fbi Academy,Quantico,VA,Post Office or large volume customer,UNIQUE,22134
22156,organization (unnamed),,Springfield,VA,Post Office or large volume customer,UNIQUE,22150
22158,business reply mail,Springfield Brm,Springfield,VA,Post Office or large volume customer,UNIQUE,22151
22159,other,,Springfield,VA,Post Office or large volume customer,STANDARD,22151
22160,organization,National Right To Work Comm,Springfield,VA,Post Office or large volume customer,UNIQUE,22151
22161,organization,Dept Of Commerce,Springfield,VA,Post Office or large volume customer,UNIQUE,22151
22183,PO boxes,,Vienna,VA,Post Office or large volume customer,PO BOX,22180
22185,organization,A T & T; AT&T,Vienna,VA,Post Office or large volume customer,UNIQUE,22124
22194,PO boxes,,Woodbridge,VA,Post Office or large volume customer,PO BOX,22191
22195,PO boxes,,Woodbridge,VA,Post Office or large volume customer,PO BOX,22193
22199,PO boxes,,Lorton,VA,Post Office or large volume customer,PO BOX,22079
22210,PO boxes,,Arlington,VA,Post Office or large volume customer,PO BOX,22201
22212,organization,Navy Mutual Aid Assoc,Arlington,VA,Post Office or large volume customer,UNIQUE,22211
22215,PO boxes,,Arlington,VA,Post Office or large volume customer,PO BOX,22202
22216,PO boxes,,Arlington,VA,Post Office or large volume customer,PO BOX,22201
22217,organization,Office Of Naval Research,Arlington,VA,Post Office or large volume customer,UNIQUE,22203
22219,PO boxes,,Arlington,VA,Post Office or large volume customer,PO BOX,22209
22225,organization,Dept Of The Navy,Arlington,VA,Post Office or large volume customer,UNIQUE,22201
22226,organization,Fdic,Arlington,VA,Post Office or large volume customer,UNIQUE,22201
22227,organization,Us Air,Arlington,VA,Post Office or large volume customer,UNIQUE,22202
22230,organization,National Science Foundation,Arlington,VA,Post Office or large volume customer,UNIQUE,22203
22240,organization,Us Navy Accounting Office,Arlington,VA,Post Office or large volume customer,UNIQUE,22202
22241,organization,Naval Supply System Command,Arlington,VA,Post Office or large volume customer,UNIQUE,22201
22242,organization,Navy Sea Systems Command,Arlington,VA,Post Office or large volume customer,UNIQUE,22202
22243,organization,Naval Air System Command,Arlington,VA,Post Office or large volume customer,UNIQUE,22202
22244,organization,Assistant Secretary Of Navy,Arlington,VA,Post Office or large volume customer,UNIQUE,22202
22245,organization,Space & Naval Warfare System,Arlington,VA,Post Office or large volume customer,UNIQUE,22202
22246,organization,Us Unmanned Aerial Vehicles,Arlington,VA,Post Office or large volume customer,UNIQUE,22202
22313,PO boxes,,Alexandria,VA,Post Office or large volume customer,PO BOX,22314
22320,PO boxes,,Alexandria,VA,Post Office or large volume customer,PO BOX,22314
22331,other,,Alexandria,VA,Post Office or large volume customer,STANDARD,22314
22332,other,,Alexandria,VA,Post Office or large volume customer,STANDARD,22314
22333,organization,Us Army Mat Com,Alexandria,VA,Post Office or large volume customer,UNIQUE,22304
22334,organization,Sun Trust Bank,Alexandria,VA,Post Office or large volume customer,UNIQUE,22314
22350,organization,Dept Of Defense; Dod,Alexandria,VA,Post Office or large volume customer,UNIQUE,22311
22402,PO boxes,,Fredericksburg,VA,Post Office or large volume customer,PO BOX,22401
22403,PO boxes,,Fredericksburg,VA,Post Office or large volume customer,PO BOX,22406
22404,PO boxes,,Fredericksburg,VA,Post Office or large volume customer,PO BOX,22401
22412,organization,Geico Insurance,Fredericksburg,VA,Post Office or large volume customer,UNIQUE,22406
22428,organization,Boy Scouts Of America,Bowling Green,VA,Post Office or large volume customer,UNIQUE,22427
22430,PO boxes,,Brooke,VA,Post Office or large volume customer,PO BOX,22554
22442,PO boxes,,Coles Point,VA,Post Office or large volume customer,PO BOX,22469
22446,PO boxes,,Corbin,VA,Post Office or large volume customer,PO BOX,22580
22451,PO boxes,,Dogue,VA,Post Office or large volume customer,PO BOX,22485
22456,PO boxes,,Edwardsville,VA,Post Office or large volume customer,PO BOX,22473
22463,PO boxes,,Garrisonville,VA,Post Office or large volume customer,PO BOX,22556
22471,PO boxes,,Hartwood,VA,Post Office or large volume customer,PO BOX,22406
22481,PO boxes,,Jersey,VA,Post Office or large volume customer,PO BOX,22485
22501,other,,Ladysmith,VA,Post Office or large volume customer,STANDARD,22546
22507,PO boxes,,Lively,VA,Post Office or large volume customer,PO BOX,22503
22513,PO boxes,,Merry Point,VA,Post Office or large volume customer,PO BOX,22503
22517,PO boxes,,Mollusk,VA,Post Office or large volume customer,PO BOX,22503
22523,PO boxes,,Morattico,VA,Post Office or large volume customer,PO BOX,22503
22524,PO boxes,,Mount Holly,VA,Post Office or large volume customer,PO BOX,22520
22526,PO boxes,,Ninde,VA,Post Office or large volume customer,PO BOX,22485
22528,PO boxes,,Nuttsville,VA,Post Office or large volume customer,PO BOX,22503
22530,PO boxes,,Ophelia,VA,Post Office or large volume customer,PO BOX,22473
22544,PO boxes,,Rollins Fork,VA,Post Office or large volume customer,PO BOX,22485
22545,PO boxes,,Ruby,VA,Post Office or large volume customer,PO BOX,22556
22547,PO boxes,,Sealston,VA,Post Office or large volume customer,PO BOX,22485
22552,PO boxes,,Sparta,VA,Post Office or large volume customer,PO BOX,22514
22555,PO boxes,,Stafford,VA,Post Office or large volume customer,PO BOX,22554
22558,PO boxes,,Stratford,VA,Post Office or large volume customer,PO BOX,22520
22565,PO boxes,,Thornburg,VA,Post Office or large volume customer,PO BOX,22580
22570,PO boxes,,Village,VA,Post Office or large volume customer,PO BOX,22435
22577,PO boxes,,Sandy Point,VA,Post Office or large volume customer,PO BOX,22488
22579,PO boxes,,Wicomico Church,VA,Post Office or large volume customer,PO BOX,22473
22581,PO boxes,,Zacata,VA,Post Office or large volume customer,PO BOX,22520
22604,PO boxes,,Winchester,VA,Post Office or large volume customer,PO BOX,22601
22622,PO boxes,,Brucetown,VA,Post Office or large volume customer,PO BOX,22624
22626,PO boxes,,Fishers Hill,VA,Post Office or large volume customer,PO BOX,22657
22649,delivery area,,Middletown,VA,Zip Code Area,STANDARD,22645
22739,PO boxes,,Somerville,VA,Post Office or large volume customer,PO BOX,22728
22748,PO boxes,,Wolftown,VA,Post Office or large volume customer,PO BOX,22727
22803,PO boxes,,Harrisonburg,VA,Post Office or large volume customer,PO BOX,22802
22833,PO boxes,,Lacey Spring,VA,Post Office or large volume customer,PO BOX,22802
22848,PO boxes,,Pleasant Valley,VA,Post Office or large volume customer,PO BOX,22841
22905,PO boxes,,Charlottesville,VA,Post Office or large volume customer,PO BOX,22903
22906,PO boxes,,Charlottesville,VA,Post Office or large volume customer,PO BOX,22901
22907,business reply mail,Charlottesvile Brm,Charlottesville,VA,Post Office or large volume customer,UNIQUE,22901
22909,organization,State Farm Insurance,Charlottesville,VA,Post Office or large volume customer,UNIQUE,22911
22910,organization,Embarq,Charlottesville,VA,Post Office or large volume customer,UNIQUE,22903
22924,PO boxes,,Batesville,VA,Post Office or large volume customer,PO BOX,22920
22945,PO boxes,,Ivy,VA,Post Office or large volume customer,PO BOX,22903
22965,PO boxes,,Quinque,VA,Post Office or large volume customer,PO BOX,22968
22987,PO boxes,,White Hall,VA,Post Office or large volume customer,PO BOX,22932
23001,PO boxes,,Achilles,VA,Post Office or large volume customer,PO BOX,23072
23003,PO boxes,,Ark,VA,Post Office or large volume customer,PO BOX,23061
23014,other,,Beaumont,VA,Post Office or large volume customer,STANDARD,23063
23018,PO boxes,,Bena,VA,Post Office or large volume customer,PO BOX,23072
23031,PO boxes,,Christchurch,VA,Post Office or large volume customer,PO BOX,23149
23058,PO boxes,,Glen Allen,VA,Post Office or large volume customer,PO BOX,23060
23064,PO boxes,,Grimstead,VA,Post Office or large volume customer,PO BOX,23066
23067,PO boxes,,Hadensville,VA,Post Office or large volume customer,PO BOX,23063
23090,PO boxes,,Lightfoot,VA,Post Office or large volume customer,PO BOX,23188
23105,PO boxes,,Mannboro,VA,Post Office or large volume customer,PO BOX,23002
23107,PO boxes,,Maryus,VA,Post Office or large volume customer,PO BOX,23072
23115,PO boxes,,Millers Tavern,VA,Post Office or large volume customer,PO BOX,22560
23125,delivery area,,New Point,VA,Zip Code Area,STANDARD,23138
23127,PO boxes,,Norge,VA,Post Office or large volume customer,PO BOX,23188
23131,PO boxes,,Ordinary,VA,Post Office or large volume customer,PO BOX,23072
23154,PO boxes,,Schley,VA,Post Office or large volume customer,PO BOX,23061
23155,PO boxes,,Severn,VA,Post Office or large volume customer,PO BOX,23061
23162,PO boxes,,Studley,VA,Post Office or large volume customer,PO BOX,23116
23170,PO boxes,,Trevilians,VA,Post Office or large volume customer,PO BOX,23093
23178,PO boxes,,Ware Neck,VA,Post Office or large volume customer,PO BOX,23061
23183,PO boxes,,White Marsh,VA,Post Office or large volume customer,PO BOX,23072
23184,PO boxes,,Wicomico,VA,Post Office or large volume customer,PO BOX,23072
23186,organization,College Of William & Mary,Williamsburg,VA,Zip Code Area,UNIQUE,23185
23187,PO boxes,,Williamsburg,VA,Post Office or large volume customer,PO BOX,23185
23190,PO boxes,,Woods Cross Roads,VA,Post Office or large volume customer,PO BOX,23061
23218,PO boxes,,Richmond,VA,Post Office or large volume customer,PO BOX,23219
23232,other,,Richmond,VA,Post Office or large volume customer,STANDARD,23220
23241,PO boxes,,Richmond,VA,Post Office or large volume customer,PO BOX,23219
23242,PO boxes,,Henrico,VA,Post Office or large volume customer,PO BOX,23238
23249,organization,Mcguire Veterans Hospital,Richmond,VA,Post Office or large volume customer,UNIQUE,23224
23255,PO boxes,,Henrico,VA,Post Office or large volume customer,PO BOX,23229
23260,PO boxes,,Richmond,VA,Post Office or large volume customer,PO BOX,23220
23261,PO boxes,,Richmond,VA,Post Office or large volume customer,PO BOX,23220
23269,organization,Div Motor Veh,Richmond,VA,Post Office or large volume customer,UNIQUE,23220
23273,organization,County Of Henrico,Henrico,VA,Post Office or large volume customer,UNIQUE,23228
23274,organization,Dept Public Utilities,Richmond,VA,Post Office or large volume customer,UNIQUE,23219
23276,organization,Capital One,Richmond,VA,Post Office or large volume customer,UNIQUE,23220
23278,organization,Wachovia Bank,Richmond,VA,Post Office or large volume customer,UNIQUE,23220
23279,organization,Anthem/Blue Cross Blue Shiel,Richmond,VA,Post Office or large volume customer,UNIQUE,23230
23282,organization,Va Dept Tax,Richmond,VA,Post Office or large volume customer,UNIQUE,23220
23285,PO boxes,,Richmond,VA,Post Office or large volume customer,PO BOX,23220
23286,business reply mail,Richmond Brm,Richmond,VA,Post Office or large volume customer,UNIQUE,23220
23288,organization,Koger Executive Ctr,Henrico,VA,Post Office or large volume customer,UNIQUE,23229
23289,organization,Internal Revenue Service,Richmond,VA,Post Office or large volume customer,UNIQUE,23294
23290,organization,Dominion Virginia Power,Richmond,VA,Post Office or large volume customer,UNIQUE,23220
23291,organization,Suntrust Bank,Richmond,VA,Post Office or large volume customer,UNIQUE,23219
23292,organization,Bank Of America; Nationsbank Mortgage,Richmond,VA,Post Office or large volume customer,UNIQUE,23219
23293,organization,Richmond Newspapers,Richmond,VA,Post Office or large volume customer,UNIQUE,23219
23295,organization,Capital One,Richmond,VA,Post Office or large volume customer,UNIQUE,23230
23297,organization,Defense General Supply Ct,Richmond,VA,Post Office or large volume customer,UNIQUE,23237
23313,PO boxes,,Capeville,VA,Post Office or large volume customer,PO BOX,23310
23326,organization,Coast Guard Finance Center,Chesapeake,VA,Post Office or large volume customer,UNIQUE,23320
23327,PO boxes,,Chesapeake,VA,Post Office or large volume customer,PO BOX,23320
23328,PO boxes,,Chesapeake,VA,Post Office or large volume customer,PO BOX,23322
23341,PO boxes,,Craddockville,VA,Post Office or large volume customer,PO BOX,23306
23345,other,,Davis Wharf,VA,Post Office or large volume customer,STANDARD,23306
23396,other,,Oak Hall,VA,Post Office or large volume customer,STANDARD,23416
23397,PO boxes,,Isle of Wight,VA,Post Office or large volume customer,PO BOX,23487
23399,other,,Jenkins Bridge,VA,Post Office or large volume customer,STANDARD,23359
23404,delivery area,,Locustville,VA,Zip Code Area,STANDARD,23418
23412,PO boxes,,Modest Town,VA,Post Office or large volume customer,PO BOX,23308
23419,PO boxes,,Oyster,VA,Post Office or large volume customer,PO BOX,23310
23424,PO boxes,,Rescue,VA,Post Office or large volume customer,PO BOX,23314
23429,PO boxes,,Seaview,VA,Post Office or large volume customer,PO BOX,23310
23431,PO boxes,,Smithfield,VA,Post Office or large volume customer,PO BOX,23430
23439,PO boxes,,Suffolk,VA,Post Office or large volume customer,PO BOX,23434
23443,PO boxes,,Townsend,VA,Post Office or large volume customer,PO BOX,23310
23450,PO boxes,,Virginia Beach,VA,Post Office or large volume customer,PO BOX,23452
23458,PO boxes,,Virginia Beach,NC,Post Office or large volume customer,PO BOX,23451
23463,organization,Chrstn Brdcst Network,Virginia Beach,VA,Zip Code Area,UNIQUE,23464
23465,organization,Chrstn Brdcst Network; Chrstn Brdcst Ntwrk Brm,Virginia Beach,VA,Post Office or large volume customer,UNIQUE,23464
23466,PO boxes,,Virginia Beach,VA,Post Office or large volume customer,PO BOX,23462
23467,PO boxes,,Virginia Beach,VA,Post Office or large volume customer,PO BOX,23464
23471,PO boxes,,Virginia Beach,VA,Post Office or large volume customer,PO BOX,23455
23479,organization,Lillian Vernon,Virginia Beach,VA,Post Office or large volume customer,UNIQUE,23454
23482,PO boxes,,Wardtown,VA,Post Office or large volume customer,PO BOX,23350
23483,PO boxes,,Wattsville,VA,Post Office or large volume customer,PO BOX,23303
23501,PO boxes,,Norfolk,VA,Post Office or large volume customer,PO BOX,23504
23506,PO boxes,,Norfolk,VA,Post Office or large volume customer,PO BOX,23502
23514,PO boxes,,Norfolk,VA,Post Office or large volume customer,PO BOX,23510
23515,organization,Fleet Marine Force Atlantic,Norfolk,VA,Post Office or large volume customer,UNIQUE,23551
23519,other,,Norfolk,VA,Post Office or large volume customer,STANDARD,23518
23529,organization,Old Dominion University,Norfolk,VA,Zip Code Area,UNIQUE,23508
23541,PO boxes,,Norfolk,VA,Post Office or large volume customer,PO BOX,23502
23609,PO boxes,,Newport News,VA,Post Office or large volume customer,PO BOX,23602
23612,PO boxes,,Newport News,VA,Post Office or large volume customer,PO BOX,23606
23628,organization,Us Army Trng Support Ctr,Newport News,VA,Post Office or large volume customer,UNIQUE,23604
23630,organization,Family Fashions By Avon,Hampton,VA,Post Office or large volume customer,UNIQUE,23661
23670,PO boxes,,Hampton,VA,Post Office or large volume customer,PO BOX,23661
23694,PO boxes,,Lackey,VA,Post Office or large volume customer,PO BOX,23690
23705,PO boxes,,Portsmouth,VA,Post Office or large volume customer,PO BOX,23704
23804,PO boxes,,Petersburg,VA,Post Office or large volume customer,PO BOX,23803
23806,organization,Virginia State Univ,Virginia State University,VA,Zip Code Area,UNIQUE,23803
23822,PO boxes,,Ammon,VA,Post Office or large volume customer,PO BOX,23850
23873,PO boxes,,Meredithville,VA,Post Office or large volume customer,PO BOX,23920
23939,PO boxes,,Evergreen,VA,Post Office or large volume customer,PO BOX,23958
23941,PO boxes,,Fort Mitchell,VA,Post Office or large volume customer,PO BOX,23924
24001,PO boxes,,Roanoke,VA,Post Office or large volume customer,PO BOX,24011
24002,PO boxes,,Roanoke,VA,Post Office or large volume customer,PO BOX,24011
24003,PO boxes,,Roanoke,VA,Post Office or large volume customer,PO BOX,24011
24004,PO boxes,,Roanoke,VA,Post Office or large volume customer,PO BOX,24011
24005,PO boxes,,Roanoke,VA,Post Office or large volume customer,PO BOX,24011
24006,PO boxes,,Roanoke,VA,Post Office or large volume customer,PO BOX,24011
24007,PO boxes,,Roanoke,VA,Post Office or large volume customer,PO BOX,24011
24008,PO boxes,,Roanoke,VA,Post Office or large volume customer,PO BOX,24011
24009,PO boxes,,Roanoke,VA,Post Office or large volume customer,PO BOX,24011
24010,PO boxes,,Roanoke,VA,Post Office or large volume customer,PO BOX,24011
24023,PO boxes,,Roanoke,VA,Post Office or large volume customer,PO BOX,24016
24024,PO boxes,,Roanoke,VA,Post Office or large volume customer,PO BOX,24016
24025,PO boxes,,Roanoke,VA,Post Office or large volume customer,PO BOX,24016
24026,PO boxes,,Roanoke,VA,Post Office or large volume customer,PO BOX,24016
24027,PO boxes,,Roanoke,VA,Post Office or large volume customer,PO BOX,24016
24028,PO boxes,,Roanoke,VA,Post Office or large volume customer,PO BOX,24016
24029,PO boxes,,Roanoke,VA,Post Office or large volume customer,PO BOX,24016
24030,PO boxes,,Roanoke,VA,Post Office or large volume customer,PO BOX,24016
24031,PO boxes,,Roanoke,VA,Post Office or large volume customer,PO BOX,24016
24032,PO boxes,,Roanoke,VA,Post Office or large volume customer,PO BOX,24016
24033,PO boxes,,Roanoke,VA,Post Office or large volume customer,PO BOX,24016
24034,PO boxes,,Roanoke,VA,Post Office or large volume customer,PO BOX,24016
24035,PO boxes,,Roanoke,VA,Post Office or large volume customer,PO BOX,24016
24036,PO boxes,,Roanoke,VA,Post Office or large volume customer,PO BOX,24016
24037,PO boxes,,Roanoke,VA,Post Office or large volume customer,PO BOX,24016
24038,PO boxes,,Roanoke,VA,Post Office or large volume customer,PO BOX,24016
24040,organization,Wachovia,Roanoke,VA,Post Office or large volume customer,UNIQUE,24022
24042,organization,Norfolk Southern,Roanoke,VA,Post Office or large volume customer,UNIQUE,24011
24043,business reply mail,Norfolk Southern Rwy Brm,Roanoke,VA,Post Office or large volume customer,UNIQUE,24022
24050,organization,Hanover Direct,Roanoke,VA,Post Office or large volume customer,UNIQUE,24019
24062,PO boxes,,Blacksburg,VA,Post Office or large volume customer,PO BOX,24060
24063,PO boxes,,Blacksburg,VA,Post Office or large volume customer,PO BOX,24060
24068,PO boxes,,Christiansburg,VA,Post Office or large volume customer,PO BOX,24073
24111,PO boxes,,Mc Coy,VA,Post Office or large volume customer,PO BOX,24060
24113,PO boxes,,Martinsville,VA,Post Office or large volume customer,PO BOX,24112
24114,PO boxes,,Martinsville,VA,Post Office or large volume customer,PO BOX,24112
24115,PO boxes,,Martinsville,VA,Post Office or large volume customer,PO BOX,24112
24126,PO boxes,,Newbern,VA,Post Office or large volume customer,PO BOX,24084
24130,other,,Oriskany,VA,Post Office or large volume customer,STANDARD,24085
24143,PO boxes,,Radford,VA,Post Office or large volume customer,PO BOX,24141
24146,PO boxes,,Redwood,VA,Post Office or large volume customer,PO BOX,24092
24155,organization,Home Shopping Network,Roanoke,VA,Post Office or large volume customer,UNIQUE,24012
24157,organization,Home Shopping Network,Roanoke,VA,Post Office or large volume customer,UNIQUE,24012
24177,PO boxes,,Vesta,VA,Post Office or large volume customer,PO BOX,24120
24178,PO boxes,,Villamont,VA,Post Office or large volume customer,PO BOX,24064
24203,PO boxes,,Bristol,VA,Post Office or large volume customer,PO BOX,24201
24205,organization,Bristol Merchandise Return,Bristol,VA,Post Office or large volume customer,UNIQUE,24201
24209,PO boxes,,Bristol,VA,Post Office or large volume customer,PO BOX,24201
24212,PO boxes,,Abingdon,VA,Post Office or large volume customer,PO BOX,24210
24215,PO boxes,,Andover,VA,Post Office or large volume customer,PO BOX,24216
24218,PO boxes,,Ben Hur,VA,Post Office or large volume customer,PO BOX,24263
24402,PO boxes,,Staunton,VA,Post Office or large volume customer,PO BOX,24401
24438,PO boxes,,Glen Wilton,VA,Post Office or large volume customer,PO BOX,24085
24463,PO boxes,,Mint Spring,VA,Post Office or large volume customer,PO BOX,24401
24505,PO boxes,,Lynchburg,VA,Post Office or large volume customer,PO BOX,24501
24506,PO boxes,,Lynchburg,VA,Post Office or large volume customer,PO BOX,24501
24513,organization,J Crew,Lynchburg,VA,Post Office or large volume customer,UNIQUE,24551
24514,organization,Thomas Rd Bapt Church,Lynchburg,VA,Post Office or large volume customer,UNIQUE,24515
24533,PO boxes,,Clifford,VA,Post Office or large volume customer,PO BOX,24521
24535,PO boxes,,Cluster Springs,VA,Post Office or large volume customer,PO BOX,24592
24543,PO boxes,,Danville,VA,Post Office or large volume customer,PO BOX,24541
24576,PO boxes,,Naruna,VA,Post Office or large volume customer,PO BOX,24528
24608,PO boxes,,Burkes Garden,VA,Post Office or large volume customer,PO BOX,24651
24619,PO boxes,,Horsepen,VA,Post Office or large volume customer,PO BOX,24602
24624,PO boxes,,Keen Mountain,VA,Post Office or large volume customer,PO BOX,24631
24627,PO boxes,,Mavisdale,VA,Zip Code Area,PO BOX,24656
24628,other,,Maxie,VA,Post Office or large volume customer,STANDARD,24614
24640,PO boxes,,Red Ash,VA,Post Office or large volume customer,PO BOX,24639
24647,PO boxes,,Shortt Gap,VA,Post Office or large volume customer,PO BOX,24639
24658,PO boxes,,Wolford,VA,Post Office or large volume customer,PO BOX,24614
24732,PO boxes,,Kellysville,WV,Post Office or large volume customer,PO BOX,24739
24751,PO boxes,,Wolfe,WV,Post Office or large volume customer,PO BOX,24701
24829,delivery area,,Eckman,WV,Zip Code Area,STANDARD,24831
24859,PO boxes,,Marianna,WV,Post Office or large volume customer,PO BOX,24898
24902,PO boxes,,Fairlea,WV,Post Office or large volume customer,PO BOX,24901
25026,PO boxes,,Blue Creek,WV,Post Office or large volume customer,PO BOX,25071
25079,delivery area,,Falling Rock,WV,Zip Code Area,STANDARD,25045
25317,organization,Wv Dept Of Motor Veh,Charleston,WV,Post Office or large volume customer,UNIQUE,25305
25321,PO boxes,,Charleston,WV,Post Office or large volume customer,PO BOX,25301
25322,PO boxes,,Charleston,WV,Post Office or large volume customer,PO BOX,25301
25323,PO boxes,,Charleston,WV,Post Office or large volume customer,PO BOX,25301
25324,PO boxes,,Charleston,WV,Post Office or large volume customer,PO BOX,25301
25325,PO boxes,,Charleston,WV,Post Office or large volume customer,PO BOX,25301
25326,PO boxes,,Charleston,WV,Post Office or large volume customer,PO BOX,25301
25327,PO boxes,,Charleston,WV,Post Office or large volume customer,PO BOX,25301
25328,PO boxes,,Charleston,WV,Post Office or large volume customer,PO BOX,25301
25329,PO boxes,,Charleston,WV,Post Office or large volume customer,PO BOX,25301
25330,PO boxes,,Charleston,WV,Post Office or large volume customer,PO BOX,25301
25331,PO boxes,,Charleston,WV,Post Office or large volume customer,PO BOX,25301
25332,PO boxes,,Charleston,WV,Post Office or large volume customer,PO BOX,25301
25333,PO boxes,,Charleston,WV,Post Office or large volume customer,PO BOX,25301
25334,PO boxes,,Charleston,WV,Post Office or large volume customer,PO BOX,25301
25335,PO boxes,,Charleston,WV,Post Office or large volume customer,PO BOX,25301
25336,PO boxes,,Charleston,WV,Post Office or large volume customer,PO BOX,25301
25337,PO boxes,,Charleston,WV,Post Office or large volume customer,PO BOX,25301
25338,PO boxes,,Charleston,WV,Post Office or large volume customer,PO BOX,25301
25339,PO boxes,,Charleston,WV,Post Office or large volume customer,PO BOX,25301
25350,PO boxes,,Charleston,WV,Post Office or large volume customer,PO BOX,25301
25356,PO boxes,,Charleston,WV,Post Office or large volume customer,PO BOX,25313
25357,PO boxes,,Charleston,WV,Post Office or large volume customer,PO BOX,25387
25358,PO boxes,,Charleston,WV,Post Office or large volume customer,PO BOX,25309
25360,PO boxes,,Charleston,WV,Post Office or large volume customer,PO BOX,25312
25361,PO boxes,,Charleston,WV,Post Office or large volume customer,PO BOX,25301
25362,PO boxes,,Charleston,WV,Post Office or large volume customer,PO BOX,25302
25364,PO boxes,,Charleston,WV,Post Office or large volume customer,PO BOX,25304
25365,PO boxes,,Charleston,WV,Post Office or large volume customer,PO BOX,25304
25375,PO boxes,,Charleston,WV,Post Office or large volume customer,PO BOX,25387
25389,other,,Charleston,WV,Post Office or large volume customer,STANDARD,25301
25392,organization,United Bank,Charleston,WV,Post Office or large volume customer,UNIQUE,25301
25396,organization,Verizon,Charleston,WV,Post Office or large volume customer,UNIQUE,25304
25402,PO boxes,,Martinsburg,WV,Post Office or large volume customer,PO BOX,25404
25410,PO boxes,,Bakerton,WV,Post Office or large volume customer,PO BOX,25425
25423,PO boxes,,Halltown,WV,Post Office or large volume customer,PO BOX,25425
25440,PO boxes,,Ridgeway,WV,Post Office or large volume customer,PO BOX,25413
25441,PO boxes,,Rippon,WV,Post Office or large volume customer,PO BOX,25414
25562,PO boxes,,Shoals,WV,Post Office or large volume customer,PO BOX,25530
25569,PO boxes,,Teays,WV,Post Office or large volume customer,PO BOX,25526
25572,other,,Woodville,WV,Post Office or large volume customer,STANDARD,25501
25614,other,,Cora,WV,Post Office or large volume customer,STANDARD,25601
25665,PO boxes,,Borderland,WV,Post Office or large volume customer,PO BOX,25661
25686,PO boxes,,Newtown,WV,Post Office or large volume customer,PO BOX,25692
25691,PO boxes,,Rawl,WV,Post Office or large volume customer,PO BOX,25661
25706,PO boxes,,Huntington,WV,Post Office or large volume customer,PO BOX,25701
25707,PO boxes,,Huntington,WV,Post Office or large volume customer,PO BOX,25701
25708,PO boxes,,Huntington,WV,Post Office or large volume customer,PO BOX,25701
25709,PO boxes,,Huntington,WV,Post Office or large volume customer,PO BOX,25701
25710,PO boxes,,Huntington,WV,Post Office or large volume customer,PO BOX,25701
25711,PO boxes,,Huntington,WV,Post Office or large volume customer,PO BOX,25701
25712,PO boxes,,Huntington,WV,Post Office or large volume customer,PO BOX,25701
25713,PO boxes,,Huntington,WV,Post Office or large volume customer,PO BOX,25701
25714,PO boxes,,Huntington,WV,Post Office or large volume customer,PO BOX,25701
25715,PO boxes,,Huntington,WV,Post Office or large volume customer,PO BOX,25701
25716,PO boxes,,Huntington,WV,Post Office or large volume customer,PO BOX,25701
25717,PO boxes,,Huntington,WV,Post Office or large volume customer,PO BOX,25701
25718,PO boxes,,Huntington,WV,Post Office or large volume customer,PO BOX,25701
25719,PO boxes,,Huntington,WV,Post Office or large volume customer,PO BOX,25701
25720,PO boxes,,Huntington,WV,Post Office or large volume customer,PO BOX,25701
25721,PO boxes,,Huntington,WV,Post Office or large volume customer,PO BOX,25701
25722,PO boxes,,Huntington,WV,Post Office or large volume customer,PO BOX,25701
25723,PO boxes,,Huntington,WV,Post Office or large volume customer,PO BOX,25701
25724,PO boxes,,Huntington,WV,Post Office or large volume customer,PO BOX,25701
25725,PO boxes,,Huntington,WV,Post Office or large volume customer,PO BOX,25701
25726,PO boxes,,Huntington,WV,Post Office or large volume customer,PO BOX,25701
25727,PO boxes,,Huntington,WV,Post Office or large volume customer,PO BOX,25701
25728,PO boxes,,Huntington,WV,Post Office or large volume customer,PO BOX,25701
25729,PO boxes,,Huntington,WV,Post Office or large volume customer,PO BOX,25701
25770,PO boxes,,Huntington,WV,Post Office or large volume customer,PO BOX,25704
25771,PO boxes,,Huntington,WV,Post Office or large volume customer,PO BOX,25704
25772,PO boxes,,Huntington,WV,Post Office or large volume customer,PO BOX,25704
25773,PO boxes,,Huntington,WV,Post Office or large volume customer,PO BOX,25704
25774,PO boxes,,Huntington,WV,Post Office or large volume customer,PO BOX,25704
25775,PO boxes,,Huntington,WV,Post Office or large volume customer,PO BOX,25704
25776,PO boxes,,Huntington,WV,Post Office or large volume customer,PO BOX,25704
25777,PO boxes,,Huntington,WV,Post Office or large volume customer,PO BOX,25704
25778,PO boxes,,Huntington,WV,Post Office or large volume customer,PO BOX,25704
25779,PO boxes,,Huntington,WV,Post Office or large volume customer,PO BOX,25704
25802,PO boxes,,Beckley,WV,Post Office or large volume customer,PO BOX,25801
25833,PO boxes,,Dothan,WV,Post Office or large volume customer,PO BOX,25917
25860,PO boxes,,Lanark,WV,Post Office or large volume customer,PO BOX,25801
25888,organization,Boy Scouts Of America,Mount Hope,WV,Post Office or large volume customer,UNIQUE,25880
25906,PO boxes,,Piney View,WV,Post Office or large volume customer,PO BOX,25801
25919,PO boxes,,Skelton,WV,Post Office or large volume customer,PO BOX,25801
25927,PO boxes,,Stanaford,WV,Post Office or large volume customer,PO BOX,25801
26102,PO boxes,,Parkersburg,WV,Post Office or large volume customer,PO BOX,26101
26103,PO boxes,,Parkersburg,WV,Post Office or large volume customer,PO BOX,26101
26106,organization,Bureau Of Public Debt,Parkersburg,WV,Post Office or large volume customer,UNIQUE,26101
26120,organization (unnamed),,Mineral Wells,WV,Post Office or large volume customer,UNIQUE,26150
26121,organization (unnamed),,Mineral Wells,WV,Post Office or large volume customer,UNIQUE,26150
26219,PO boxes,,Frenchton,WV,Post Office or large volume customer,PO BOX,26218
26229,PO boxes,,Lorentz,WV,Post Office or large volume customer,PO BOX,26201
26302,PO boxes,,Clarksburg,WV,Post Office or large volume customer,PO BOX,26301
26306,organization,Fbi,Clarksburg,WV,Post Office or large volume customer,UNIQUE,26330
26434,PO boxes,,Shirley,WV,Post Office or large volume customer,PO BOX,26456
26502,PO boxes,,Morgantown,WV,Post Office or large volume customer,PO BOX,26501
26504,PO boxes,,Morgantown,WV,Post Office or large volume customer,PO BOX,26505
26507,PO boxes,,Morgantown,WV,Post Office or large volume customer,PO BOX,26505
26527,PO boxes,,Cassville,WV,Post Office or large volume customer,PO BOX,26501
26531,PO boxes,,Dellslow,WV,Post Office or large volume customer,PO BOX,26508
26555,PO boxes,,Fairmont,WV,Post Office or large volume customer,PO BOX,26554
26561,delivery area,,Big Run,WV,Zip Code Area,STANDARD,26562
26566,PO boxes,,Colfax,WV,Post Office or large volume customer,PO BOX,26554
26578,PO boxes,,Kingmont,WV,Post Office or large volume customer,PO BOX,26554
26675,PO boxes,,Keslers Cross Lanes,WV,Zip Code Area,PO BOX,26651
27010,PO boxes,,Bethania,NC,Post Office or large volume customer,PO BOX,27106
27031,PO boxes,,Mount Airy,NC,Post Office or large volume customer,PO BOX,27030
27049,PO boxes,,Toast,NC,Post Office or large volume customer,PO BOX,27030
27094,organization,Princess House,Rural Hall,NC,Post Office or large volume customer,UNIQUE,27045
27098,organization,Hanes Brands Inc,Rural Hall,NC,Post Office or large volume customer,UNIQUE,27045
27099,organization,Hanes Brands Inc,Rural Hall,NC,Post Office or large volume customer,UNIQUE,27045
27102,PO boxes,,Winston Salem,NC,Post Office or large volume customer,PO BOX,27105
27108,PO boxes,,Winston Salem,NC,Post Office or large volume customer,PO BOX,27101
27111,organization,Wachovia Bldg Vim,Winston Salem,NC,Post Office or large volume customer,UNIQUE,27101
27113,PO boxes,,Winston Salem,NC,Post Office or large volume customer,PO BOX,27101
27114,PO boxes,,Winston Salem,NC,Post Office or large volume customer,PO BOX,27103
27115,PO boxes,,Winston Salem,NC,Post Office or large volume customer,PO BOX,27105
27116,PO boxes,,Winston Salem,NC,Post Office or large volume customer,PO BOX,27106
27117,PO boxes,,Winston Salem,NC,Post Office or large volume customer,PO BOX,27107
27120,PO boxes,,Winston Salem,NC,Post Office or large volume customer,PO BOX,27101
27130,PO boxes,,Winston Salem,NC,Post Office or large volume customer,PO BOX,27103
27150,organization,Wachovia Bank,Winston Salem,NC,Post Office or large volume customer,UNIQUE,27101
27152,organization,Integon Corp,Winston Salem,NC,Post Office or large volume customer,UNIQUE,27101
27155,organization,Veterans Affairs,Winston Salem,NC,Post Office or large volume customer,UNIQUE,27101
27157,organization,Bowman Gray School Of Med; Nc Baptist Hospital,Winston Salem,NC,Post Office or large volume customer,UNIQUE,27103
27198,business reply mail,Winston Salem Courtesy Reply,Winston Salem,NC,Post Office or large volume customer,UNIQUE,27105
27199,business reply mail,Winston Salem Brm,Winston Salem,NC,Post Office or large volume customer,UNIQUE,27105
27204,PO boxes,,Asheboro,NC,Post Office or large volume customer,PO BOX,27203
27216,PO boxes,,Burlington,NC,Post Office or large volume customer,PO BOX,27215
27228,PO boxes,,Bynum,NC,Post Office or large volume customer,PO BOX,27312
27230,PO boxes,,Cedar Falls,NC,Post Office or large volume customer,PO BOX,27248
27237,PO boxes,,Cumnock,NC,Post Office or large volume customer,PO BOX,27330
27261,PO boxes,,High Point,NC,Post Office or large volume customer,PO BOX,27260
27264,PO boxes,,High Point,NC,Post Office or large volume customer,PO BOX,27263
27285,PO boxes,,Kernersville,NC,Post Office or large volume customer,PO BOX,27284
27289,PO boxes,,Eden,NC,Post Office or large volume customer,PO BOX,27288
27293,PO boxes,,Lexington,NC,Post Office or large volume customer,PO BOX,27292
27294,organization,National Wholesale Co Inc,Lexington,NC,Post Office or large volume customer,UNIQUE,27292
27323,PO boxes,,Reidsville,NC,Post Office or large volume customer,PO BOX,27320
27331,PO boxes,,Sanford,NC,Post Office or large volume customer,PO BOX,27330
27359,PO boxes,,Swepsonville,NC,Post Office or large volume customer,PO BOX,27253
27361,PO boxes,,Thomasville,NC,Post Office or large volume customer,PO BOX,27360
27373,PO boxes,,Wallburg,NC,Post Office or large volume customer,PO BOX,27107
27375,PO boxes,,Wentworth,NC,Post Office or large volume customer,PO BOX,27320
27402,PO boxes,,Greensboro,NC,Post Office or large volume customer,PO BOX,27401
27404,PO boxes,,Greensboro,NC,Post Office or large volume customer,PO BOX,27408
27413,organization,Unc Greensboro,Greensboro,NC,Zip Code Area,UNIQUE,27412
27415,PO boxes,,Greensboro,NC,Post Office or large volume customer,PO BOX,27405
27416,PO boxes,,Greensboro,NC,Post Office or large volume customer,PO BOX,27406
27417,PO boxes,,Greensboro,NC,Post Office or large volume customer,PO BOX,27407
27419,PO boxes,,Greensboro,NC,Post Office or large volume customer,PO BOX,27409
27420,PO boxes,,Greensboro,NC,Post Office or large volume customer,PO BOX,27401
27425,PO boxes,,Greensboro,NC,Post Office or large volume customer,PO BOX,27409
27427,PO boxes,,Greensboro,NC,Post Office or large volume customer,PO BOX,27407
27429,PO boxes,,Greensboro,NC,Post Office or large volume customer,PO BOX,27401
27435,PO boxes,,Greensboro,NC,Post Office or large volume customer,PO BOX,27401
27438,PO boxes,,Greensboro,NC,Post Office or large volume customer,PO BOX,27408
27495,other,,Greensboro,NC,Post Office or large volume customer,STANDARD,27407
27497,organization,Usps Hr Shared Svcs,Greensboro,NC,Post Office or large volume customer,UNIQUE,27409
27498,organization,Greensboro Courtesy Reply; United States Postal Service,Greensboro,NC,Post Office or large volume customer,UNIQUE,27409
27499,business reply mail,Greensboro Brm,Greensboro,NC,Post Office or large volume customer,UNIQUE,27407
27512,PO boxes,,Cary,NC,Post Office or large volume customer,PO BOX,27511
27515,PO boxes,,Chapel Hill,NC,Post Office or large volume customer,PO BOX,27514
27528,other,,Clayton,NC,Post Office or large volume customer,STANDARD,27527
27532,PO boxes,,Goldsboro,NC,Post Office or large volume customer,PO BOX,27534
27543,PO boxes,,Kipling,NC,Post Office or large volume customer,PO BOX,27526
27552,PO boxes,,Mamers,NC,Post Office or large volume customer,PO BOX,27546
27586,PO boxes,,Vaughan,NC,Post Office or large volume customer,PO BOX,27551
27588,PO boxes,,Wake Forest,NC,Post Office or large volume customer,PO BOX,27587
27602,PO boxes,,Raleigh,NC,Post Office or large volume customer,PO BOX,27601
27611,PO boxes,,Raleigh,NC,Post Office or large volume customer,PO BOX,27601
27619,PO boxes,,Raleigh,NC,Post Office or large volume customer,PO BOX,27609
27620,PO boxes,,Raleigh,NC,Post Office or large volume customer,PO BOX,27610
27622,PO boxes,,Raleigh,NC,Post Office or large volume customer,PO BOX,27609
27623,PO boxes,,Raleigh,NC,Post Office or large volume customer,PO BOX,27617
27624,PO boxes,,Raleigh,NC,Post Office or large volume customer,PO BOX,27615
27625,PO boxes,,Raleigh,NC,Post Office or large volume customer,PO BOX,27604
27626,PO boxes,,Raleigh,NC,Post Office or large volume customer,PO BOX,27601
27627,PO boxes,,Raleigh,NC,Post Office or large volume customer,PO BOX,27606
27628,PO boxes,,Raleigh,NC,Post Office or large volume customer,PO BOX,27608
27629,PO boxes,,Raleigh,NC,Post Office or large volume customer,PO BOX,27604
27634,organization,Nc Dept Revenue,Raleigh,NC,Post Office or large volume customer,UNIQUE,27601
27635,organization,Nc Library,Raleigh,NC,Post Office or large volume customer,UNIQUE,27604
27636,PO boxes,,Raleigh,NC,Post Office or large volume customer,PO BOX,27607
27640,organization,Nc Dept Revenue,Raleigh,NC,Post Office or large volume customer,UNIQUE,27604
27650,PO boxes,,Raleigh,NC,Post Office or large volume customer,PO BOX,27607
27656,organization,Nationwide Ins Co,Raleigh,NC,Post Office or large volume customer,UNIQUE,27612
27658,PO boxes,,Raleigh,NC,Post Office or large volume customer,PO BOX,27616
27661,PO boxes,,Raleigh,NC,Post Office or large volume customer,PO BOX,27616
27668,organization,National Info Syst Supt Cntr,Raleigh,NC,Post Office or large volume customer,UNIQUE,27609
27675,PO boxes,,Raleigh,NC,Post Office or large volume customer,PO BOX,27617
27676,PO boxes,,Raleigh,NC,Post Office or large volume customer,PO BOX,27617
27690,business reply mail,Raleigh Brm,Raleigh,NC,Post Office or large volume customer,UNIQUE,27615
27698,organization,Carolina Power And Light Co,Raleigh,NC,Post Office or large volume customer,UNIQUE,27601
27699,organization,Nc Centralized Mailing,Raleigh,NC,Post Office or large volume customer,UNIQUE,27601
27702,PO boxes,,Durham,NC,Post Office or large volume customer,PO BOX,27701
27706,other,,Durham,NC,Post Office or large volume customer,STANDARD,27701
27710,organization,Duke Medical Ctr,Durham,NC,Zip Code Area,UNIQUE,27705
27711,organization,Environ  Protect Agency; Research Triangle Pk,Durham,NC,Post Office or large volume customer,UNIQUE,27713
27715,PO boxes,,Durham,NC,Post Office or large volume customer,PO BOX,27705
27717,PO boxes,,Durham,NC,Post Office or large volume customer,PO BOX,27707
27722,PO boxes,,Durham,NC,Post Office or large volume customer,PO BOX,27712
27802,PO boxes,,Rocky Mount,NC,Post Office or large volume customer,PO BOX,27801
27811,PO boxes,,Bellarthur,NC,Post Office or large volume customer,PO BOX,27834
27833,PO boxes,,Greenville,NC,Post Office or large volume customer,PO BOX,27834
27835,PO boxes,,Greenville,NC,Post Office or large volume customer,PO BOX,27834
27836,PO boxes,,Greenville,NC,Post Office or large volume customer,PO BOX,27858
27867,PO boxes,,Potecasi,NC,Post Office or large volume customer,PO BOX,27897
27868,PO boxes,,Red Oak,NC,Post Office or large volume customer,PO BOX,27804
27887,PO boxes,,Tillery,NC,Post Office or large volume customer,PO BOX,27839
27894,PO boxes,,Wilson,NC,Post Office or large volume customer,PO BOX,27893
27895,PO boxes,,Wilson,NC,Post Office or large volume customer,PO BOX,27893
27906,PO boxes,,Elizabeth City,NC,Post Office or large volume customer,PO BOX,27909
27907,PO boxes,,Elizabeth City,NC,Post Office or large volume customer,PO BOX,27909
27930,PO boxes,,Hertford,NC,Post Office or large volume customer,PO BOX,27944
28002,PO boxes,,Albemarle,NC,Post Office or large volume customer,PO BOX,28001
28010,PO boxes,,Barium Springs,NC,Post Office or large volume customer,PO BOX,28677
28026,PO boxes,,Concord,NC,Post Office or large volume customer,PO BOX,28025
28035,PO boxes,,Davidson,NC,Post Office or large volume customer,PO BOX,28036
28038,PO boxes,,Earl,NC,Post Office or large volume customer,PO BOX,28073
28053,PO boxes,,Gastonia,NC,Post Office or large volume customer,PO BOX,28052
28055,PO boxes,,Gastonia,NC,Post Office or large volume customer,PO BOX,28054
28070,PO boxes,,Huntersville,NC,Post Office or large volume customer,PO BOX,28078
28082,PO boxes,,Kannapolis,NC,Post Office or large volume customer,PO BOX,28083
28093,PO boxes,,Lincolnton,NC,Post Office or large volume customer,PO BOX,28092
28106,PO boxes,,Matthews,NC,Post Office or large volume customer,PO BOX,28105
28111,PO boxes,,Monroe,NC,Post Office or large volume customer,PO BOX,28112
28123,PO boxes,,Mount Mourne,NC,Post Office or large volume customer,PO BOX,28115
28126,PO boxes,,Newell,NC,Post Office or large volume customer,PO BOX,28213
28130,PO boxes,,Paw Creek,NC,Post Office or large volume customer,PO BOX,28214
28145,PO boxes,,Salisbury,NC,Post Office or large volume customer,PO BOX,28144
28151,PO boxes,,Shelby,NC,Post Office or large volume customer,PO BOX,28150
28201,PO boxes,,Charlotte,NC,Post Office or large volume customer,PO BOX,28280
28218,PO boxes,,Charlotte,NC,Post Office or large volume customer,PO BOX,28205
28219,PO boxes,,Charlotte,NC,Post Office or large volume customer,PO BOX,28208
28220,PO boxes,,Charlotte,NC,Post Office or large volume customer,PO BOX,28209
28221,PO boxes,,Charlotte,NC,Post Office or large volume customer,PO BOX,28269
28222,PO boxes,,Charlotte,NC,Post Office or large volume customer,PO BOX,28211
28224,PO boxes,,Charlotte,NC,Post Office or large volume customer,PO BOX,28217
28228,organization,United States Postal Service,Charlotte,NC,Post Office or large volume customer,UNIQUE,28208
28229,PO boxes,,Charlotte,NC,Post Office or large volume customer,PO BOX,28212
28230,PO boxes,,Charlotte,NC,Post Office or large volume customer,PO BOX,28204
28231,PO boxes,,Charlotte,NC,Post Office or large volume customer,PO BOX,28204
28232,PO boxes,,Charlotte,NC,Post Office or large volume customer,PO BOX,28204
28233,PO boxes,,Charlotte,NC,Post Office or large volume customer,PO BOX,28204
28234,PO boxes,,Charlotte,NC,Post Office or large volume customer,PO BOX,28204
28235,PO boxes,,Charlotte,NC,Post Office or large volume customer,PO BOX,28204
28236,PO boxes,,Charlotte,NC,Post Office or large volume customer,PO BOX,28204
28237,PO boxes,,Charlotte,NC,Post Office or large volume customer,PO BOX,28204
28241,PO boxes,,Charlotte,NC,Post Office or large volume customer,PO BOX,28278
28242,organization,Duke Power Co,Charlotte,NC,Post Office or large volume customer,UNIQUE,28202
28243,organization,AT&T,Charlotte,NC,Post Office or large volume customer,UNIQUE,28208
28246,other,,Charlotte,NC,Post Office or large volume customer,STANDARD,28202
28247,PO boxes,,Charlotte,NC,Post Office or large volume customer,PO BOX,28226
28253,organization,Gmac,Charlotte,NC,Post Office or large volume customer,UNIQUE,28269
28254,other,,Charlotte,NC,Post Office or large volume customer,STANDARD,28208
28255,organization,Bank Of America; Nc Natl Bank,Charlotte,NC,Post Office or large volume customer,UNIQUE,28204
28256,PO boxes,,Charlotte,NC,Post Office or large volume customer,PO BOX,28213
28258,organization,Branch Bank And Trust (Bb&T),Charlotte,NC,Post Office or large volume customer,UNIQUE,28208
28260,PO boxes,,Charlotte,NC,Post Office or large volume customer,PO BOX,28208
28263,organization,First Citizens Bank,Charlotte,NC,Post Office or large volume customer,UNIQUE,28202
28265,PO boxes,,Charlotte,NC,Post Office or large volume customer,PO BOX,28208
28266,PO boxes,,Charlotte,NC,Post Office or large volume customer,PO BOX,28208
28271,PO boxes,,Charlotte,NC,Post Office or large volume customer,PO BOX,28277
28272,PO boxes,,Charlotte,NC,Post Office or large volume customer,PO BOX,28208
28275,PO boxes,,Charlotte,NC,Post Office or large volume customer,PO BOX,28208
28281,other,,Charlotte,NC,Post Office or large volume customer,STANDARD,28202
28284,other,,Charlotte,NC,Post Office or large volume customer,STANDARD,28202
28285,other,,Charlotte,NC,Post Office or large volume customer,STANDARD,28202
28287,other,,Charlotte,NC,Post Office or large volume customer,STANDARD,28210
28288,organization,Wachovia Bank,Charlotte,NC,Post Office or large volume customer,UNIQUE,28202
28289,organization,Branch Bank And Trust (Bb&T),Charlotte,NC,Post Office or large volume customer,UNIQUE,28208
28290,organization,Jp Morgan Chase,Charlotte,NC,Post Office or large volume customer,UNIQUE,28208
28296,organization,Wachovia Bank,Charlotte,NC,Post Office or large volume customer,UNIQUE,28208
28297,PO boxes,,Charlotte,NC,Post Office or large volume customer,PO BOX,28216
28299,PO boxes,,Charlotte,NC,Post Office or large volume customer,PO BOX,28205
28302,PO boxes,,Fayetteville,NC,Post Office or large volume customer,PO BOX,28301
28309,PO boxes,,Fayetteville,NC,Post Office or large volume customer,PO BOX,28314
28319,PO boxes,,Barnesville,NC,Post Office or large volume customer,PO BOX,28369
28329,PO boxes,,Clinton,NC,Post Office or large volume customer,PO BOX,28328
28335,PO boxes,,Dunn,NC,Post Office or large volume customer,PO BOX,28334
28353,PO boxes,,Laurinburg,NC,Post Office or large volume customer,PO BOX,28352
28370,PO boxes,,Pinehurst,NC,Post Office or large volume customer,PO BOX,28374
28380,PO boxes,,Rockingham,NC,Post Office or large volume customer,PO BOX,28379
28388,PO boxes,,Southern Pines,NC,Post Office or large volume customer,PO BOX,28387
28402,PO boxes,,Wilmington,NC,Post Office or large volume customer,PO BOX,28401
28404,PO boxes,,Wilmington,NC,Post Office or large volume customer,PO BOX,28411
28406,PO boxes,,Wilmington,NC,Post Office or large volume customer,PO BOX,28403
28407,PO boxes,,Wilmington,NC,Post Office or large volume customer,PO BOX,28405
28408,PO boxes,,Wilmington,NC,Post Office or large volume customer,PO BOX,28412
28410,organization,Bedford Fair Industries; Willow Ridge,Wilmington,NC,Post Office or large volume customer,UNIQUE,28412
28459,PO boxes,,Shallotte,NC,Post Office or large volume customer,PO BOX,28470
28502,PO boxes,,Kinston,NC,Post Office or large volume customer,PO BOX,28501
28503,PO boxes,,Kinston,NC,Post Office or large volume customer,PO BOX,28504
28522,PO boxes,,Comfort,NC,Post Office or large volume customer,PO BOX,28585
28541,PO boxes,,Jacksonville,NC,Post Office or large volume customer,PO BOX,28540
28545,other,,McCutcheon Field,NC,Post Office or large volume customer,STANDARD,28540
28561,PO boxes,,New Bern,NC,Post Office or large volume customer,PO BOX,28562
28563,PO boxes,,New Bern,NC,Post Office or large volume customer,PO BOX,28560
28564,PO boxes,,New Bern,NC,Post Office or large volume customer,PO BOX,28560
28583,PO boxes,,Stonewall,NC,Post Office or large volume customer,PO BOX,28515
28603,PO boxes,,Hickory,NC,Post Office or large volume customer,PO BOX,28602
28608,organization,Appalachian State Univ,Boone,NC,Zip Code Area,UNIQUE,28607
28633,organization,Broyhill Furniture,Lenoir,NC,Zip Code Area,UNIQUE,28645
28647,PO boxes,,Linville Falls,NC,Post Office or large volume customer,PO BOX,28657
28656,organization,Lowes Co Inc,North Wilkesboro,NC,Post Office or large volume customer,UNIQUE,28659
28661,PO boxes,,Patterson,NC,Post Office or large volume customer,PO BOX,28645
28680,PO boxes,,Morganton,NC,Post Office or large volume customer,PO BOX,28655
28687,PO boxes,,Statesville,NC,Post Office or large volume customer,PO BOX,28677
28688,PO boxes,,Turnersburg,NC,Post Office or large volume customer,PO BOX,28625
28691,PO boxes,,Valle Crucis,NC,Post Office or large volume customer,PO BOX,28679
28699,PO boxes,,Scotts,NC,Post Office or large volume customer,PO BOX,28625
28724,PO boxes,,Dana,NC,Post Office or large volume customer,PO BOX,28792
28727,PO boxes,,Edneyville,NC,Post Office or large volume customer,PO BOX,28792
28728,PO boxes,,Enka,NC,Post Office or large volume customer,PO BOX,28715
28737,PO boxes,,Glenwood,NC,Post Office or large volume customer,PO BOX,28752
28738,PO boxes,,Hazelwood,NC,Post Office or large volume customer,PO BOX,28786
28744,PO boxes,,Franklin,NC,Post Office or large volume customer,PO BOX,28734
28750,PO boxes,,Lynn,NC,Post Office or large volume customer,PO BOX,28782
28760,PO boxes,,Naples,NC,Post Office or large volume customer,PO BOX,28791
28765,PO boxes,,Penland,NC,Post Office or large volume customer,PO BOX,28777
28776,PO boxes,,Skyland,NC,Post Office or large volume customer,PO BOX,28704
28784,PO boxes,,Tuxedo,NC,Post Office or large volume customer,PO BOX,28790
28793,PO boxes,,Hendersonville,NC,Post Office or large volume customer,PO BOX,28739
28802,PO boxes,,Asheville,NC,Post Office or large volume customer,PO BOX,28801
28810,other,,Asheville,NC,Post Office or large volume customer,STANDARD,28806
28813,PO boxes,,Asheville,NC,Post Office or large volume customer,PO BOX,28803
28814,PO boxes,,Asheville,NC,Post Office or large volume customer,PO BOX,28804
28815,PO boxes,,Asheville,NC,Post Office or large volume customer,PO BOX,28805
28816,PO boxes,,Asheville,NC,Post Office or large volume customer,PO BOX,28806
28903,PO boxes,,Culberson,NC,Post Office or large volume customer,PO BOX,28906
29002,PO boxes,,Ballentine,SC,Post Office or large volume customer,PO BOX,29063
29021,PO boxes,,Camden,SC,Post Office or large volume customer,PO BOX,29020
29041,PO boxes,,Davis Station,SC,Post Office or large volume customer,PO BOX,29148
29071,PO boxes,,Lexington,SC,Post Office or large volume customer,PO BOX,29072
29116,PO boxes,,Orangeburg,SC,Post Office or large volume customer,PO BOX,29115
29132,PO boxes,,Rion,SC,Post Office or large volume customer,PO BOX,29180
29143,PO boxes,,Sardinia,SC,Post Office or large volume customer,PO BOX,29111
29147,PO boxes,,State Park,SC,Post Office or large volume customer,PO BOX,29203
29151,PO boxes,,Sumter,SC,Post Office or large volume customer,PO BOX,29150
29171,PO boxes,,West Columbia,SC,Post Office or large volume customer,PO BOX,29169
29202,PO boxes,,Columbia,SC,Post Office or large volume customer,PO BOX,29201
29211,PO boxes,,Columbia,SC,Post Office or large volume customer,PO BOX,29201
29214,organization,Sc Tax Comm,Columbia,SC,Post Office or large volume customer,UNIQUE,29210
29215,organization,Bell South,Columbia,SC,Post Office or large volume customer,UNIQUE,29201
29216,organization,Sc Dept Of Motor Vehicles,Columbia,SC,Post Office or large volume customer,UNIQUE,29201
29217,organization,City Of Columbia,Columbia,SC,Post Office or large volume customer,UNIQUE,29201
29218,organization,Sc Electric And Gas,Columbia,SC,Post Office or large volume customer,UNIQUE,29201
29219,organization,Blue Cross Blue Shield Of Sc,Columbia,SC,Post Office or large volume customer,UNIQUE,29223
29220,organization,Baptist Medical Center,Columbia,SC,Post Office or large volume customer,UNIQUE,29201
29221,PO boxes,,Columbia,SC,Post Office or large volume customer,PO BOX,29210
29222,other,,Columbia,SC,Post Office or large volume customer,STANDARD,29201
29224,PO boxes,,Columbia,SC,Post Office or large volume customer,PO BOX,29223
29226,organization,Wells Fargo,Columbia,SC,Post Office or large volume customer,UNIQUE,29210
29227,organization,Wells Fargo,Columbia,SC,Post Office or large volume customer,UNIQUE,29210
29228,PO boxes,,Columbia,SC,Post Office or large volume customer,PO BOX,29201
29230,PO boxes,,Columbia,SC,Post Office or large volume customer,PO BOX,29203
29240,PO boxes,,Columbia,SC,Post Office or large volume customer,PO BOX,29204
29250,PO boxes,,Columbia,SC,Post Office or large volume customer,PO BOX,29205
29260,PO boxes,,Columbia,SC,Post Office or large volume customer,PO BOX,29206
29290,PO boxes,,Columbia,SC,Post Office or large volume customer,PO BOX,29209
29292,PO boxes,,Columbia,SC,Post Office or large volume customer,PO BOX,29201
29304,PO boxes,,Spartanburg,SC,Post Office or large volume customer,PO BOX,29306
29305,PO boxes,,Spartanburg,SC,Post Office or large volume customer,PO BOX,29306
29319,organization,Dennys Corporation,Spartanburg,SC,Post Office or large volume customer,UNIQUE,29306
29336,PO boxes,,Fairforest,SC,Post Office or large volume customer,PO BOX,29301
29342,PO boxes,,Gaffney,SC,Post Office or large volume customer,PO BOX,29341
29348,PO boxes,,Gramling,SC,Post Office or large volume customer,PO BOX,29322
29386,PO boxes,,White Stone,SC,Post Office or large volume customer,PO BOX,29302
29395,organization,Disney Direct Marketing,Jonesville,SC,Post Office or large volume customer,UNIQUE,29353
29402,PO boxes,,Charleston,SC,Post Office or large volume customer,PO BOX,29401
29413,PO boxes,,Charleston,SC,Post Office or large volume customer,PO BOX,29403
29415,PO boxes,,North Charleston,SC,Post Office or large volume customer,PO BOX,29405
29416,PO boxes,,Charleston,SC,Post Office or large volume customer,PO BOX,29407
29417,PO boxes,,Charleston,SC,Post Office or large volume customer,PO BOX,29407
29419,PO boxes,,North Charleston,SC,Post Office or large volume customer,PO BOX,29406
29422,PO boxes,,Charleston,SC,Post Office or large volume customer,PO BOX,29412
29423,PO boxes,,Charleston,SC,Post Office or large volume customer,PO BOX,29418
29433,PO boxes,,Canadys,SC,Post Office or large volume customer,PO BOX,29488
29442,PO boxes,,Georgetown,SC,Post Office or large volume customer,PO BOX,29440
29447,PO boxes,,Grover,SC,Post Office or large volume customer,PO BOX,29477
29457,PO boxes,,Johns Island,SC,Post Office or large volume customer,PO BOX,29455
29465,PO boxes,,Mount Pleasant,SC,Post Office or large volume customer,PO BOX,29464
29476,PO boxes,,Russellville,SC,Post Office or large volume customer,PO BOX,29479
29484,PO boxes,,Summerville,SC,Post Office or large volume customer,PO BOX,29483
29502,PO boxes,,Florence,SC,Post Office or large volume customer,PO BOX,29501
29503,PO boxes,,Florence,SC,Post Office or large volume customer,PO BOX,29501
29504,PO boxes,,Florence,SC,Post Office or large volume customer,PO BOX,29505
29528,PO boxes,,Conway,SC,Post Office or large volume customer,PO BOX,29526
29551,PO boxes,,Hartsville,SC,Post Office or large volume customer,PO BOX,29550
29578,PO boxes,,Myrtle Beach,SC,Post Office or large volume customer,PO BOX,29577
29587,PO boxes,,Myrtle Beach,SC,Post Office or large volume customer,PO BOX,29575
29597,PO boxes,,North Myrtle Beach,SC,Post Office or large volume customer,PO BOX,29582
29598,PO boxes,,North Myrtle Beach,SC,Post Office or large volume customer,PO BOX,29582
29602,PO boxes,,Greenville,SC,Post Office or large volume customer,PO BOX,29601
29603,PO boxes,,Greenville,SC,Post Office or large volume customer,PO BOX,29601
29604,PO boxes,,Greenville,SC,Post Office or large volume customer,PO BOX,29605
29606,PO boxes,,Greenville,SC,Post Office or large volume customer,PO BOX,29607
29608,PO boxes,,Greenville,SC,Post Office or large volume customer,PO BOX,29609
29610,PO boxes,,Greenville,SC,Post Office or large volume customer,PO BOX,29617
29612,PO boxes,,Greenville,SC,Post Office or large volume customer,PO BOX,29601
29616,PO boxes,,Greenville,SC,Post Office or large volume customer,PO BOX,29615
29622,PO boxes,,Anderson,SC,Post Office or large volume customer,PO BOX,29621
29623,PO boxes,,Anderson,SC,Post Office or large volume customer,PO BOX,29621
29632,organization,Clemson University,Clemson,SC,Post Office or large volume customer,UNIQUE,29634
29633,PO boxes,,Clemson,SC,Post Office or large volume customer,PO BOX,29631
29636,PO boxes,,Conestee,SC,Post Office or large volume customer,PO BOX,29605
29641,PO boxes,,Easley,SC,Post Office or large volume customer,PO BOX,29640
29647,organization,Park Seed Co,Greenwood,SC,Post Office or large volume customer,UNIQUE,29646
29648,PO boxes,,Greenwood,SC,Post Office or large volume customer,PO BOX,29646
29652,PO boxes,,Greer,SC,Post Office or large volume customer,PO BOX,29650
29656,PO boxes,,La France,SC,Post Office or large volume customer,PO BOX,29670
29675,PO boxes,,Richland,SC,Post Office or large volume customer,PO BOX,29672
29677,PO boxes,,Sandy Springs,SC,Post Office or large volume customer,PO BOX,29670
29679,PO boxes,,Seneca,SC,Post Office or large volume customer,PO BOX,29678
29688,PO boxes,,Tigerville,SC,Zip Code Area,PO BOX,29690
29695,organization,Wayside Nurseries,Hodges,SC,Post Office or large volume customer,UNIQUE,29653
29703,PO boxes,,Bowling Green,SC,Post Office or large volume customer,PO BOX,29710
29716,PO boxes,,Fort Mill,SC,Post Office or large volume customer,PO BOX,29715
29721,PO boxes,,Lancaster,SC,Post Office or large volume customer,PO BOX,29720
29722,organization,Hosiery Corp Of America,Lancaster,SC,Post Office or large volume customer,UNIQUE,29720
29731,PO boxes,,Rock Hill,SC,Post Office or large volume customer,PO BOX,29730
29734,other,,Rock Hill,SC,Post Office or large volume customer,STANDARD,29730
29744,PO boxes,,Van Wyck,SC,Post Office or large volume customer,PO BOX,29720
29802,PO boxes,,Aiken,SC,Post Office or large volume customer,PO BOX,29801
29804,PO boxes,,Aiken,SC,Post Office or large volume customer,PO BOX,29803
29808,organization,Ei Dupont Corp,Aiken,SC,Zip Code Area,UNIQUE,29812
29813,PO boxes,,Hilda,SC,Post Office or large volume customer,PO BOX,29812
29822,PO boxes,,Clearwater,SC,Post Office or large volume customer,PO BOX,29842
29839,PO boxes,,Montmorenci,SC,Post Office or large volume customer,PO BOX,29801
29846,PO boxes,,Sycamore,SC,Post Office or large volume customer,PO BOX,29827
29850,PO boxes,,Vaucluse,SC,Post Office or large volume customer,PO BOX,29801
29861,PO boxes,,North Augusta,SC,Post Office or large volume customer,PO BOX,29841
29901,PO boxes,,Beaufort,SC,Post Office or large volume customer,PO BOX,29902
29903,PO boxes,,Beaufort,SC,Post Office or large volume customer,PO BOX,29906
29913,PO boxes,,Crocketville,SC,Post Office or large volume customer,PO BOX,29924
29914,PO boxes,,Dale,SC,Post Office or large volume customer,PO BOX,29940
29925,PO boxes,,Hilton Head Island,SC,Post Office or large volume customer,PO BOX,29926
29931,PO boxes,,Lobeco,SC,Post Office or large volume customer,PO BOX,29940
29933,PO boxes,,Miley,SC,Post Office or large volume customer,PO BOX,29924
29938,PO boxes,,Hilton Head Island,SC,Post Office or large volume customer,PO BOX,29928
30003,PO boxes,,Norcross,GA,Post Office or large volume customer,PO BOX,30093
30006,PO boxes,,Marietta,GA,Post Office or large volume customer,PO BOX,30339
30007,PO boxes,,Marietta,GA,Post Office or large volume customer,PO BOX,30062
30010,PO boxes,,Norcross,GA,Post Office or large volume customer,PO BOX,30092
30015,PO boxes,,Covington,GA,Post Office or large volume customer,PO BOX,30014
30023,PO boxes,,Alpharetta,GA,Post Office or large volume customer,PO BOX,30005
30026,PO boxes,,North Metro,GA,Post Office or large volume customer,PO BOX,30096
30029,PO boxes,,North Metro,GA,Post Office or large volume customer,PO BOX,30096
30031,PO boxes,,Decatur,GA,Post Office or large volume customer,PO BOX,30030
30036,PO boxes,,Decatur,GA,Post Office or large volume customer,PO BOX,30034
30037,PO boxes,,Decatur,GA,Post Office or large volume customer,PO BOX,30034
30042,PO boxes,,Lawrenceville,GA,Post Office or large volume customer,PO BOX,30044
30048,PO boxes,,Lilburn,GA,Post Office or large volume customer,PO BOX,30047
30049,PO boxes,,Lawrenceville,GA,Post Office or large volume customer,PO BOX,30043
30061,PO boxes,,Marietta,GA,Post Office or large volume customer,PO BOX,30060
30063,organization,Lockheed,Marietta,GA,Post Office or large volume customer,UNIQUE,30060
30065,PO boxes,,Marietta,GA,Post Office or large volume customer,PO BOX,30062
30069,organization (unnamed),,Marietta,GA,Zip Code Area,UNIQUE,30060
30074,PO boxes,,Redan,GA,Post Office or large volume customer,PO BOX,30058
30077,PO boxes,,Roswell,GA,Post Office or large volume customer,PO BOX,30076
30081,PO boxes,,Smyrna,GA,Post Office or large volume customer,PO BOX,30080
30085,PO boxes,,Tucker,GA,Post Office or large volume customer,PO BOX,30084
30086,PO boxes,,Stone Mountain,GA,Post Office or large volume customer,PO BOX,30083
30091,PO boxes,,Norcross,GA,Post Office or large volume customer,PO BOX,30071
30095,PO boxes,,Duluth,GA,Post Office or large volume customer,PO BOX,30096
30098,organization,State Farm Insurance Co,Duluth,GA,Post Office or large volume customer,UNIQUE,30097
30099,organization,Primerica Financial Services,Duluth,GA,Post Office or large volume customer,UNIQUE,30097
30109,PO boxes,,Bowdon Junction,GA,Post Office or large volume customer,PO BOX,30117
30112,PO boxes,,Carrollton,GA,Post Office or large volume customer,PO BOX,30117
30119,organization,Southwire,Carrollton,GA,Post Office or large volume customer,UNIQUE,30117
30123,PO boxes,,Cassville,GA,Post Office or large volume customer,PO BOX,30120
30129,PO boxes,,Coosa,GA,Post Office or large volume customer,PO BOX,30165
30133,PO boxes,,Douglasville,GA,Post Office or large volume customer,PO BOX,30134
30138,PO boxes,,Esom Hill,GA,Post Office or large volume customer,PO BOX,30125
30140,PO boxes,,Felton,GA,Post Office or large volume customer,PO BOX,30113
30142,PO boxes,,Holly Springs,GA,Post Office or large volume customer,PO BOX,30115
30146,PO boxes,,Lebanon,GA,Post Office or large volume customer,PO BOX,30188
30150,PO boxes,,Mount Zion,GA,Post Office or large volume customer,PO BOX,30117
30151,PO boxes,,Nelson,GA,Post Office or large volume customer,PO BOX,30107
30154,PO boxes,,Douglasville,GA,Post Office or large volume customer,PO BOX,30135
30156,PO boxes,,Kennesaw,GA,Post Office or large volume customer,PO BOX,30144
30160,PO boxes,,Kennesaw,GA,Post Office or large volume customer,PO BOX,30144
30162,PO boxes,,Rome,GA,Post Office or large volume customer,PO BOX,30161
30164,PO boxes,,Rome,GA,Post Office or large volume customer,PO BOX,30165
30169,PO boxes,,Canton,GA,Post Office or large volume customer,PO BOX,30114
30172,PO boxes,,Shannon,GA,Post Office or large volume customer,PO BOX,30161
30212,PO boxes,,Experiment,GA,Post Office or large volume customer,PO BOX,30223
30237,PO boxes,,Jonesboro,GA,Post Office or large volume customer,PO BOX,30236
30261,PO boxes,,LaGrange,GA,Post Office or large volume customer,PO BOX,30241
30264,PO boxes,,Newnan,GA,Post Office or large volume customer,PO BOX,30263
30266,PO boxes,,Orchard Hill,GA,Post Office or large volume customer,PO BOX,30224
30270,organization,Peachtree City Parcel Return,Peachtree City,GA,Post Office or large volume customer,UNIQUE,30269
30271,PO boxes,,Newnan,GA,Post Office or large volume customer,PO BOX,30263
30287,PO boxes,,Morrow,GA,Post Office or large volume customer,PO BOX,30236
30298,PO boxes,,Forest Park,GA,Post Office or large volume customer,PO BOX,30297
30301,PO boxes,,Atlanta,GA,Post Office or large volume customer,PO BOX,30303
30302,PO boxes,,Atlanta,GA,Post Office or large volume customer,PO BOX,30312
30304,other,,Atlanta,GA,Post Office or large volume customer,STANDARD,30354
30320,PO boxes,,Atlanta,GA,Zip Code Area,PO BOX,30337
30321,PO boxes,,Atlanta,GA,Post Office or large volume customer,PO BOX,30354
30325,PO boxes,,Atlanta,GA,Post Office or large volume customer,PO BOX,30318
30333,PO boxes,,Atlanta,GA,Post Office or large volume customer,PO BOX,30306
30343,PO boxes,,Atlanta,GA,Post Office or large volume customer,PO BOX,30303
30348,PO boxes,,Atlanta,GA,Post Office or large volume customer,PO BOX,30354
30353,PO boxes,,Atlanta,GA,Post Office or large volume customer,PO BOX,30303
30355,PO boxes,,Atlanta,GA,Post Office or large volume customer,PO BOX,30305
30356,PO boxes,,Atlanta,GA,Post Office or large volume customer,PO BOX,30338
30357,PO boxes,,Atlanta,GA,Post Office or large volume customer,PO BOX,30309
30358,PO boxes,,Atlanta,GA,Post Office or large volume customer,PO BOX,30328
30359,PO boxes,,Atlanta,GA,Post Office or large volume customer,PO BOX,30329
30361,other,,Atlanta,GA,Post Office or large volume customer,STANDARD,30309
30362,PO boxes,,Atlanta,GA,Post Office or large volume customer,PO BOX,30340
30364,PO boxes,,Atlanta,GA,Post Office or large volume customer,PO BOX,30344
30366,PO boxes,,Atlanta,GA,Post Office or large volume customer,PO BOX,30341
30368,organization,Suntrust,Atlanta,GA,Post Office or large volume customer,UNIQUE,30354
30369,other,,Atlanta,GA,Post Office or large volume customer,STANDARD,30318
30370,PO boxes,,Atlanta,GA,Post Office or large volume customer,PO BOX,30312
30371,PO boxes,,Atlanta,GA,Post Office or large volume customer,PO BOX,30303
30374,PO boxes,,Atlanta,GA,Post Office or large volume customer,PO BOX,30312
30375,organization,Att Bellsouth,Atlanta,GA,Post Office or large volume customer,UNIQUE,30308
30377,PO boxes,,Atlanta,GA,Post Office or large volume customer,PO BOX,30318
30378,PO boxes,,Atlanta,GA,Post Office or large volume customer,PO BOX,30336
30380,organization,Atlanta Postal Credit Union,Atlanta,GA,Post Office or large volume customer,UNIQUE,30354
30384,organization,Bank America,Atlanta,GA,Post Office or large volume customer,UNIQUE,30339
30385,organization,Att Bellsouth,Atlanta,GA,Post Office or large volume customer,UNIQUE,30344
30388,organization,Avon,Atlanta,GA,Post Office or large volume customer,UNIQUE,30354
30392,PO boxes,,Atlanta,GA,Post Office or large volume customer,PO BOX,30312
30394,PO boxes,,Atlanta,GA,Post Office or large volume customer,PO BOX,30354
30396,organization,Georgia Power,Atlanta,GA,Post Office or large volume customer,UNIQUE,30354
30398,organization,Bank America,Atlanta,GA,Post Office or large volume customer,UNIQUE,30354
30424,PO boxes,,Dover,GA,Post Office or large volume customer,PO BOX,30467
30438,PO boxes,,Manassas,GA,Zip Code Area,PO BOX,30453
30447,PO boxes,,Norristown,GA,Post Office or large volume customer,PO BOX,31002
30459,PO boxes,,Statesboro,GA,Post Office or large volume customer,PO BOX,30458
30475,PO boxes,,Vidalia,GA,Post Office or large volume customer,PO BOX,30474
30499,organization,Georgia State Penitentiary,Reidsville,GA,Post Office or large volume customer,UNIQUE,30453
30502,PO boxes,,Chestnut Mountain,GA,Post Office or large volume customer,PO BOX,30542
30503,PO boxes,,Gainesville,GA,Post Office or large volume customer,PO BOX,30501
30514,PO boxes,,Blairsville,GA,Post Office or large volume customer,PO BOX,30512
30515,PO boxes,,Buford,GA,Post Office or large volume customer,PO BOX,30518
30580,PO boxes,,Turnerville,GA,Post Office or large volume customer,PO BOX,30523
30599,organization,Baker-Taylor,Commerce,GA,Post Office or large volume customer,UNIQUE,30529
30603,PO boxes,,Athens,GA,Post Office or large volume customer,PO BOX,30601
30604,PO boxes,,Athens,GA,Post Office or large volume customer,PO BOX,30606
30608,PO boxes,,Athens,GA,Post Office or large volume customer,PO BOX,30601
30612,PO boxes,,Athens,GA,Post Office or large volume customer,PO BOX,30602
30638,PO boxes,,Farmington,GA,Post Office or large volume customer,PO BOX,30677
30645,PO boxes,,High Shoals,GA,Post Office or large volume customer,PO BOX,30621
30647,PO boxes,,Ila,GA,Post Office or large volume customer,PO BOX,30633
30671,PO boxes,,Maxeys,GA,Post Office or large volume customer,PO BOX,30667
30703,PO boxes,,Calhoun,GA,Post Office or large volume customer,PO BOX,30701
30719,PO boxes,,Dalton,GA,Post Office or large volume customer,PO BOX,30721
30722,PO boxes,,Dalton,GA,Post Office or large volume customer,PO BOX,30720
30732,PO boxes,,Oakman,GA,Post Office or large volume customer,PO BOX,30734
30806,PO boxes,,Boneville,GA,Post Office or large volume customer,PO BOX,30808
30811,PO boxes,,Gough,GA,Post Office or large volume customer,PO BOX,30816
30819,PO boxes,,Mesena,GA,Post Office or large volume customer,PO BOX,30828
30903,PO boxes,,Augusta,GA,Post Office or large volume customer,PO BOX,30901
30914,PO boxes,,Augusta,GA,Post Office or large volume customer,PO BOX,30904
30916,PO boxes,,Augusta,GA,Post Office or large volume customer,PO BOX,30906
30917,PO boxes,,Augusta,GA,Post Office or large volume customer,PO BOX,30907
30919,PO boxes,,Augusta,GA,Post Office or large volume customer,PO BOX,30909
30999,organization,Railroad Retirement Board,Augusta,GA,Post Office or large volume customer,UNIQUE,30909
31010,PO boxes,,Cordele,GA,Post Office or large volume customer,PO BOX,31015
31013,PO boxes,,Clinchfield,GA,Post Office or large volume customer,PO BOX,31036
31026,organization,Haband,Eatonton,GA,Post Office or large volume customer,UNIQUE,31024
31040,PO boxes,,Dublin,GA,Post Office or large volume customer,PO BOX,31021
31059,PO boxes,,Milledgeville,GA,Post Office or large volume customer,PO BOX,31061
31086,PO boxes,,Smarr,GA,Post Office or large volume customer,PO BOX,31029
31095,PO boxes,,Warner Robins,GA,Post Office or large volume customer,PO BOX,31088
31099,PO boxes,,Warner Robins,GA,Post Office or large volume customer,PO BOX,31098
31106,PO boxes,,Atlanta,GA,Post Office or large volume customer,PO BOX,30306
31107,PO boxes,,Atlanta,GA,Post Office or large volume customer,PO BOX,30307
31119,PO boxes,,Atlanta,GA,Post Office or large volume customer,PO BOX,30341
31126,PO boxes,,Atlanta,GA,Post Office or large volume customer,PO BOX,30326
31131,PO boxes,,Atlanta,GA,Post Office or large volume customer,PO BOX,30331
31136,organization,Newgistics,Atlanta,GA,Post Office or large volume customer,UNIQUE,30336
31139,PO boxes,,Atlanta,GA,Post Office or large volume customer,PO BOX,30339
31141,PO boxes,,Atlanta,GA,Post Office or large volume customer,PO BOX,30341
31145,PO boxes,,Atlanta,GA,Post Office or large volume customer,PO BOX,30345
31146,PO boxes,,Atlanta,GA,Post Office or large volume customer,PO BOX,30338
31150,PO boxes,,Atlanta,GA,Post Office or large volume customer,PO BOX,30350
31156,PO boxes,,Atlanta,GA,Post Office or large volume customer,PO BOX,30350
31169,organization,Peachtree City Parcel Return,Peachtree City,GA,Post Office or large volume customer,UNIQUE,30269
31192,organization,Mellon Bank,Atlanta,GA,Post Office or large volume customer,UNIQUE,30349
31193,organization,Wells Fargo,Atlanta,GA,Post Office or large volume customer,UNIQUE,30303
31195,organization,Atlanta Ndc,Atlanta,GA,Post Office or large volume customer,UNIQUE,30318
31196,organization,Atlanta Ndc,Atlanta,GA,Post Office or large volume customer,UNIQUE,30318
31202,PO boxes,,Macon,GA,Post Office or large volume customer,PO BOX,31201
31203,PO boxes,,Macon,GA,Post Office or large volume customer,PO BOX,31204
31205,PO boxes,,Macon,GA,Post Office or large volume customer,PO BOX,31206
31208,PO boxes,,Macon,GA,Post Office or large volume customer,PO BOX,31216
31209,PO boxes,,Macon,GA,Post Office or large volume customer,PO BOX,31204
31221,PO boxes,,Macon,GA,Post Office or large volume customer,PO BOX,31210
31294,business reply mail,Business Reply Mail; Macon Brm,Macon,GA,Post Office or large volume customer,UNIQUE,31201
31295,organization,Geico Underwriting,Macon,GA,Post Office or large volume customer,UNIQUE,31217
31296,organization,Geico Claims,Macon,GA,Post Office or large volume customer,UNIQUE,31217
31297,PO boxes,,Macon,GA,Post Office or large volume customer,PO BOX,31210
31304,PO boxes,,Crescent,GA,Zip Code Area,PO BOX,31331
31310,PO boxes,,Hinesville,GA,Post Office or large volume customer,PO BOX,31313
31319,PO boxes,,Meridian,GA,Post Office or large volume customer,PO BOX,31331
31402,PO boxes,,Savannah,GA,Post Office or large volume customer,PO BOX,31401
31403,PO boxes,,Savannah,GA,Post Office or large volume customer,PO BOX,31405
31412,PO boxes,,Savannah,GA,Post Office or large volume customer,PO BOX,31401
31414,PO boxes,,Savannah,GA,Post Office or large volume customer,PO BOX,31404
31416,PO boxes,,Savannah,GA,Post Office or large volume customer,PO BOX,31406
31418,PO boxes,,Savannah,GA,Post Office or large volume customer,PO BOX,31408
31420,PO boxes,,Savannah,GA,Post Office or large volume customer,PO BOX,31419
31502,PO boxes,,Waycross,GA,Post Office or large volume customer,PO BOX,31501
31515,PO boxes,,Baxley,GA,Post Office or large volume customer,PO BOX,31513
31521,PO boxes,,Brunswick,GA,Post Office or large volume customer,PO BOX,31520
31534,PO boxes,,Douglas,GA,Post Office or large volume customer,PO BOX,31533
31598,PO boxes,,Jesup,GA,Post Office or large volume customer,PO BOX,31546
31603,PO boxes,,Valdosta,GA,Post Office or large volume customer,PO BOX,31601
31604,PO boxes,,Valdosta,GA,Post Office or large volume customer,PO BOX,31602
31702,PO boxes,,Albany,GA,Post Office or large volume customer,PO BOX,31701
31703,PO boxes,,Albany,GA,Post Office or large volume customer,PO BOX,31705
31706,PO boxes,,Albany,GA,Post Office or large volume customer,PO BOX,31701
31708,PO boxes,,Albany,GA,Post Office or large volume customer,PO BOX,31707
31739,PO boxes,,Cotton,GA,Post Office or large volume customer,PO BOX,31779
31758,PO boxes,,Thomasville,GA,Post Office or large volume customer,PO BOX,31792
31760,PO boxes,,Irwinville,GA,Zip Code Area,PO BOX,31774
31769,PO boxes,,Mystic,GA,Post Office or large volume customer,PO BOX,31774
31776,PO boxes,,Moultrie,GA,Post Office or large volume customer,PO BOX,31768
31782,PO boxes,,Putney,GA,Post Office or large volume customer,PO BOX,31705
31799,PO boxes,,Thomasville,GA,Post Office or large volume customer,PO BOX,31792
31902,PO boxes,,Columbus,GA,Post Office or large volume customer,PO BOX,31901
31908,PO boxes,,Columbus,GA,Post Office or large volume customer,PO BOX,31907
31914,PO boxes,,Columbus,GA,Post Office or large volume customer,PO BOX,31904
31917,PO boxes,,Columbus,GA,Post Office or large volume customer,PO BOX,31907
31993,business reply mail,Columbus Brm,Columbus,GA,Post Office or large volume customer,UNIQUE,31907
31995,PO boxes,,Fort Benning,GA,Post Office or large volume customer,PO BOX,31905
31997,organization,At&T Universal Card Service,Columbus,GA,Post Office or large volume customer,UNIQUE,31907
31998,business reply mail,Amer Fam Life Ins Brm,Columbus,GA,Post Office or large volume customer,UNIQUE,31906
31999,organization,American Family Life Ins,Columbus,GA,Post Office or large volume customer,UNIQUE,31906
32004,PO boxes,,Ponte Vedra Beach,FL,Post Office or large volume customer,PO BOX,32082
32006,PO boxes,,Fleming Island,FL,Post Office or large volume customer,PO BOX,32003
32007,PO boxes,,Bostwick,FL,Post Office or large volume customer,PO BOX,32177
32030,PO boxes,,Doctors Inlet,FL,Post Office or large volume customer,PO BOX,32068
32035,PO boxes,,Fernandina Beach,FL,Post Office or large volume customer,PO BOX,32034
32041,PO boxes,,Yulee,FL,Post Office or large volume customer,PO BOX,32097
32042,PO boxes,,Graham,FL,Post Office or large volume customer,PO BOX,32044
32050,PO boxes,,Middleburg,FL,Post Office or large volume customer,PO BOX,32068
32056,PO boxes,,Lake City,FL,Post Office or large volume customer,PO BOX,32055
32067,PO boxes,,Orange Park,FL,Post Office or large volume customer,PO BOX,32073
32085,PO boxes,,Saint Augustine,FL,Post Office or large volume customer,PO BOX,32084
32099,other,,Jacksonville,FL,Post Office or large volume customer,STANDARD,32220
32105,PO boxes,,Barberville,FL,Post Office or large volume customer,PO BOX,32180
32111,PO boxes,,Candler,FL,Post Office or large volume customer,PO BOX,34472
32115,PO boxes,,Daytona Beach,FL,Post Office or large volume customer,PO BOX,32114
32116,PO boxes,,Daytona Beach,FL,Post Office or large volume customer,PO BOX,32118
32120,PO boxes,,Daytona Beach,FL,Post Office or large volume customer,PO BOX,32114
32121,PO boxes,,Daytona Beach,FL,Post Office or large volume customer,PO BOX,32119
32122,PO boxes,,Daytona Beach,FL,Post Office or large volume customer,PO BOX,32117
32123,PO boxes,,Port Orange,FL,Post Office or large volume customer,PO BOX,32119
32125,PO boxes,,Daytona Beach,FL,Post Office or large volume customer,PO BOX,32117
32126,PO boxes,,Daytona Beach,FL,Post Office or large volume customer,PO BOX,32118
32135,PO boxes,,Palm Coast,FL,Post Office or large volume customer,PO BOX,32137
32138,PO boxes,,Grandin,FL,Post Office or large volume customer,PO BOX,32666
32142,PO boxes,,Palm Coast,FL,Post Office or large volume customer,PO BOX,32136
32143,PO boxes,,Palm Coast,FL,Post Office or large volume customer,PO BOX,32136
32149,PO boxes,,Interlachen,FL,Post Office or large volume customer,PO BOX,32148
32158,PO boxes,,Lady Lake,FL,Post Office or large volume customer,PO BOX,32159
32160,PO boxes,,Lake Geneva,FL,Post Office or large volume customer,PO BOX,32656
32170,PO boxes,,New Smyrna Beach,FL,Post Office or large volume customer,PO BOX,32168
32173,PO boxes,,Ormond Beach,FL,Post Office or large volume customer,PO BOX,32174
32175,PO boxes,,Ormond Beach,FL,Post Office or large volume customer,PO BOX,32176
32178,PO boxes,,Palatka,FL,Post Office or large volume customer,PO BOX,32177
32183,PO boxes,,Ocklawaha,FL,Post Office or large volume customer,PO BOX,32179
32185,PO boxes,,Putnam Hall,FL,Post Office or large volume customer,PO BOX,32666
32198,organization,Fl Reg Lib Bl; Fl Regional Library For Blin,Daytona Beach,FL,Post Office or large volume customer,UNIQUE,32114
32201,PO boxes,,Jacksonville,FL,Post Office or large volume customer,PO BOX,32202
32229,PO boxes,,Jacksonville,FL,Post Office or large volume customer,PO BOX,32218
32231,PO boxes,,Jacksonville,FL,Post Office or large volume customer,PO BOX,32207
32232,PO boxes,,Jacksonville,FL,Post Office or large volume customer,PO BOX,32209
32235,PO boxes,,Jacksonville,FL,Post Office or large volume customer,PO BOX,32225
32236,PO boxes,,Jacksonville,FL,Post Office or large volume customer,PO BOX,32205
32238,PO boxes,,Jacksonville,FL,Post Office or large volume customer,PO BOX,32244
32239,PO boxes,,Jacksonville,FL,Post Office or large volume customer,PO BOX,32277
32240,PO boxes,,Jacksonville Beach,FL,Post Office or large volume customer,PO BOX,32250
32241,PO boxes,,Jacksonville,FL,Post Office or large volume customer,PO BOX,32257
32245,PO boxes,,Jacksonville,FL,Post Office or large volume customer,PO BOX,32246
32247,PO boxes,,Jacksonville,FL,Post Office or large volume customer,PO BOX,32207
32255,PO boxes,,Jacksonville,FL,Post Office or large volume customer,PO BOX,32216
32260,PO boxes,,Jacksonville,FL,Post Office or large volume customer,PO BOX,32259
32302,PO boxes,,Tallahassee,FL,Post Office or large volume customer,PO BOX,32301
32314,PO boxes,,Tallahassee,FL,Post Office or large volume customer,PO BOX,32301
32315,PO boxes,,Tallahassee,FL,Post Office or large volume customer,PO BOX,32303
32316,PO boxes,,Tallahassee,FL,Post Office or large volume customer,PO BOX,32304
32318,PO boxes,,Tallahassee,FL,Post Office or large volume customer,PO BOX,32303
32326,PO boxes,,Crawfordville,FL,Post Office or large volume customer,PO BOX,32327
32329,PO boxes,,Apalachicola,FL,Post Office or large volume customer,PO BOX,32320
32335,PO boxes,,Sumatra,FL,Post Office or large volume customer,PO BOX,32465
32341,PO boxes,,Madison,FL,Post Office or large volume customer,PO BOX,32340
32345,PO boxes,,Monticello,FL,Post Office or large volume customer,PO BOX,32344
32353,PO boxes,,Quincy,FL,Post Office or large volume customer,PO BOX,32351
32357,PO boxes,,Shady Grove,FL,Post Office or large volume customer,PO BOX,32331
32362,PO boxes,,Woodville,FL,Post Office or large volume customer,PO BOX,32305
32402,PO boxes,,Panama City,FL,Post Office or large volume customer,PO BOX,32401
32406,PO boxes,,Panama City,FL,Post Office or large volume customer,PO BOX,32405
32411,PO boxes,,Panama City,FL,Post Office or large volume customer,PO BOX,32408
32412,PO boxes,,Panama City,FL,Post Office or large volume customer,PO BOX,32405
32417,PO boxes,,Panama City,FL,Post Office or large volume customer,PO BOX,32407
32422,PO boxes,,Argyle,FL,Post Office or large volume customer,PO BOX,32433
32434,PO boxes,,Mossy Head,FL,Post Office or large volume customer,PO BOX,32433
32447,PO boxes,,Marianna,FL,Post Office or large volume customer,PO BOX,32446
32452,PO boxes,,Noma,FL,Post Office or large volume customer,PO BOX,32425
32457,PO boxes,,Port Saint Joe,FL,Post Office or large volume customer,PO BOX,32456
32513,PO boxes,,Pensacola,FL,Post Office or large volume customer,PO BOX,32503
32516,PO boxes,,Pensacola,FL,Post Office or large volume customer,PO BOX,32506
32520,organization,Gulf Power,Pensacola,FL,Post Office or large volume customer,UNIQUE,32502
32521,organization,City Of Pensacola,Pensacola,FL,Post Office or large volume customer,UNIQUE,32507
32522,PO boxes,,Pensacola,FL,Post Office or large volume customer,PO BOX,32501
32523,PO boxes,,Pensacola,FL,Post Office or large volume customer,PO BOX,32501
32524,PO boxes,,Pensacola,FL,Post Office or large volume customer,PO BOX,32504
32537,PO boxes,,Milligan,FL,Post Office or large volume customer,PO BOX,32536
32538,PO boxes,,Paxton,FL,Post Office or large volume customer,PO BOX,32567
32540,PO boxes,,Destin,FL,Post Office or large volume customer,PO BOX,32541
32549,PO boxes,,Fort Walton Beach,FL,Post Office or large volume customer,PO BOX,32548
32559,organization,Educ Dev Ctr Corresp,Pensacola,FL,Post Office or large volume customer,UNIQUE,32509
32560,PO boxes,,Gonzalez,FL,Post Office or large volume customer,PO BOX,32533
32562,PO boxes,,Gulf Breeze,FL,Post Office or large volume customer,PO BOX,32561
32572,PO boxes,,Milton,FL,Post Office or large volume customer,PO BOX,32570
32588,PO boxes,,Niceville,FL,Post Office or large volume customer,PO BOX,32578
32591,PO boxes,,Pensacola,FL,Post Office or large volume customer,PO BOX,32502
32602,PO boxes,,Gainesville,FL,Post Office or large volume customer,PO BOX,32601
32604,PO boxes,,Gainesville,FL,Post Office or large volume customer,PO BOX,32603
32611,organization,University Of Fl,Gainesville,FL,Zip Code Area,UNIQUE,32612
32614,PO boxes,,Gainesville,FL,Post Office or large volume customer,PO BOX,32608
32627,PO boxes,,Gainesville,FL,Post Office or large volume customer,PO BOX,32601
32633,PO boxes,,Evinston,FL,Post Office or large volume customer,PO BOX,32667
32635,PO boxes,,Gainesville,FL,Post Office or large volume customer,PO BOX,32605
32644,PO boxes,,Chiefland,FL,Post Office or large volume customer,PO BOX,32626
32654,PO boxes,,Island Grove,FL,Post Office or large volume customer,PO BOX,32640
32655,PO boxes,,High Springs,FL,Post Office or large volume customer,PO BOX,32643
32662,PO boxes,,Lochloosa,FL,Post Office or large volume customer,PO BOX,32640
32663,PO boxes,,Lowell,FL,Post Office or large volume customer,PO BOX,32686
32704,PO boxes,,Apopka,FL,Post Office or large volume customer,PO BOX,32712
32706,PO boxes,,Cassadaga,FL,Post Office or large volume customer,PO BOX,32744
32710,PO boxes,,Clarcona,FL,Post Office or large volume customer,PO BOX,32818
32715,PO boxes,,Altamonte Springs,FL,Post Office or large volume customer,PO BOX,32701
32716,PO boxes,,Altamonte Springs,FL,Post Office or large volume customer,PO BOX,32714
32718,PO boxes,,Casselberry,FL,Post Office or large volume customer,PO BOX,32707
32719,PO boxes,,Winter Springs,FL,Post Office or large volume customer,PO BOX,32708
32721,PO boxes,,Deland,FL,Post Office or large volume customer,PO BOX,32724
32722,PO boxes,,Glenwood,FL,Post Office or large volume customer,PO BOX,32720
32727,PO boxes,,Eustis,FL,Post Office or large volume customer,PO BOX,32726
32728,PO boxes,,Deltona,FL,Post Office or large volume customer,PO BOX,32725
32733,PO boxes,,Goldenrod,FL,Post Office or large volume customer,PO BOX,32792
32739,PO boxes,,Deltona,FL,Post Office or large volume customer,PO BOX,32738
32745,PO boxes,,Mid Florida,FL,Post Office or large volume customer,PO BOX,32746
32747,PO boxes,,Lake Monroe,FL,Post Office or large volume customer,PO BOX,32771
32752,PO boxes,,Longwood,FL,Post Office or large volume customer,PO BOX,32750
32753,PO boxes,,Debary,FL,Post Office or large volume customer,PO BOX,32713
32756,PO boxes,,Mount Dora,FL,Post Office or large volume customer,PO BOX,32757
32762,PO boxes,,Oviedo,FL,Post Office or large volume customer,PO BOX,32765
32772,PO boxes,,Sanford,FL,Post Office or large volume customer,PO BOX,32771
32774,PO boxes,,Orange City,FL,Post Office or large volume customer,PO BOX,32763
32777,PO boxes,,Tangerine,FL,Post Office or large volume customer,PO BOX,32757
32781,PO boxes,,Titusville,FL,Post Office or large volume customer,PO BOX,32780
32783,PO boxes,,Titusville,FL,Post Office or large volume customer,PO BOX,32780
32790,PO boxes,,Winter Park,FL,Post Office or large volume customer,PO BOX,32789
32791,PO boxes,,Longwood,FL,Post Office or large volume customer,PO BOX,32779
32793,PO boxes,,Winter Park,FL,Post Office or large volume customer,PO BOX,32792
32794,PO boxes,,Maitland,FL,Post Office or large volume customer,PO BOX,32751
32795,PO boxes,,Lake Mary,FL,Post Office or large volume customer,PO BOX,32746
32799,PO boxes,,Mid Florida,FL,Post Office or large volume customer,PO BOX,32746
32802,PO boxes,,Orlando,FL,Post Office or large volume customer,PO BOX,32801
32815,PO boxes,,Orlando,FL,Zip Code Area,PO BOX,32780
32834,other,,Orlando,FL,Post Office or large volume customer,STANDARD,32828
32853,PO boxes,,Orlando,FL,Post Office or large volume customer,PO BOX,32803
32854,PO boxes,,Orlando,FL,Post Office or large volume customer,PO BOX,32804
32855,PO boxes,,Orlando,FL,Post Office or large volume customer,PO BOX,32805
32856,PO boxes,,Orlando,FL,Post Office or large volume customer,PO BOX,32806
32857,PO boxes,,Orlando,FL,Post Office or large volume customer,PO BOX,32807
32858,PO boxes,,Orlando,FL,Post Office or large volume customer,PO BOX,32808
32859,PO boxes,,Orlando,FL,Post Office or large volume customer,PO BOX,32809
32860,PO boxes,,Orlando,FL,Post Office or large volume customer,PO BOX,32810
32861,PO boxes,,Orlando,FL,Post Office or large volume customer,PO BOX,32811
32862,PO boxes,,Orlando,FL,Post Office or large volume customer,PO BOX,32827
32867,PO boxes,,Orlando,FL,Post Office or large volume customer,PO BOX,32817
32868,PO boxes,,Orlando,FL,Post Office or large volume customer,PO BOX,32818
32869,PO boxes,,Orlando,FL,Post Office or large volume customer,PO BOX,32819
32872,PO boxes,,Orlando,FL,Post Office or large volume customer,PO BOX,32822
32877,PO boxes,,Orlando,FL,Post Office or large volume customer,PO BOX,32837
32878,PO boxes,,Orlando,FL,Post Office or large volume customer,PO BOX,32828
32885,organization,Amsouth,Orlando,FL,Post Office or large volume customer,UNIQUE,32827
32886,organization,Wells Fargo,Orlando,FL,Post Office or large volume customer,UNIQUE,32801
32887,organization,Hbj; Houghton Mifflin Harcourt,Orlando,FL,Post Office or large volume customer,UNIQUE,32821
32891,organization,Suntrust Service Corporation,Orlando,FL,Post Office or large volume customer,UNIQUE,32803
32896,organization,Ge Capital,Orlando,FL,Post Office or large volume customer,UNIQUE,32801
32897,organization,Suntrust National Bank,Orlando,FL,Post Office or large volume customer,UNIQUE,32801
32902,PO boxes,,Melbourne,FL,Post Office or large volume customer,PO BOX,32901
32906,PO boxes,,Palm Bay,FL,Post Office or large volume customer,PO BOX,32905
32910,PO boxes,,Palm Bay,FL,Post Office or large volume customer,PO BOX,32907
32911,PO boxes,,Palm Bay,FL,Post Office or large volume customer,PO BOX,32908
32912,PO boxes,,Melbourne,FL,Post Office or large volume customer,PO BOX,32904
32919,organization,Harris Corp; Harris Corporation,Melbourne,FL,Post Office or large volume customer,UNIQUE,32901
32923,PO boxes,,Cocoa,FL,Post Office or large volume customer,PO BOX,32922
32924,PO boxes,,Cocoa,FL,Post Office or large volume customer,PO BOX,32922
32932,PO boxes,,Cocoa Beach,FL,Post Office or large volume customer,PO BOX,32931
32936,PO boxes,,Melbourne,FL,Post Office or large volume customer,PO BOX,32935
32941,PO boxes,,Melbourne,FL,Post Office or large volume customer,PO BOX,32940
32954,PO boxes,,Merritt Island,FL,Post Office or large volume customer,PO BOX,32953
32956,PO boxes,,Rockledge,FL,Post Office or large volume customer,PO BOX,32955
32957,PO boxes,,Roseland,FL,Post Office or large volume customer,PO BOX,32958
32961,PO boxes,,Vero Beach,FL,Post Office or large volume customer,PO BOX,32960
32964,PO boxes,,Vero Beach,FL,Post Office or large volume customer,PO BOX,32963
32965,PO boxes,,Vero Beach,FL,Post Office or large volume customer,PO BOX,32962
32969,PO boxes,,Vero Beach,FL,Post Office or large volume customer,PO BOX,32966
32971,PO boxes,,Winter Beach,FL,Post Office or large volume customer,PO BOX,32967
32978,PO boxes,,Sebastian,FL,Post Office or large volume customer,PO BOX,32958
33002,PO boxes,,Hialeah,FL,Post Office or large volume customer,PO BOX,33012
33008,PO boxes,,Hallandale,FL,Post Office or large volume customer,PO BOX,33009
33011,PO boxes,,Hialeah,FL,Post Office or large volume customer,PO BOX,33010
33017,PO boxes,,Hialeah,FL,Post Office or large volume customer,PO BOX,33015
33041,PO boxes,,Key West,FL,Post Office or large volume customer,PO BOX,33040
33045,PO boxes,,Key West,FL,Post Office or large volume customer,PO BOX,33040
33052,PO boxes,,Marathon Shores,FL,Post Office or large volume customer,PO BOX,33050
33061,PO boxes,,Pompano Beach,FL,Post Office or large volume customer,PO BOX,33062
33072,PO boxes,,Pompano Beach,FL,Post Office or large volume customer,PO BOX,33069
33074,PO boxes,,Pompano Beach,FL,Post Office or large volume customer,PO BOX,33064
33075,PO boxes,,Coral Springs,FL,Post Office or large volume customer,PO BOX,33065
33077,PO boxes,,Pompano Beach,FL,Post Office or large volume customer,PO BOX,33071
33081,PO boxes,,Hollywood,FL,Post Office or large volume customer,PO BOX,33021
33082,PO boxes,,Pembroke Pines,FL,Post Office or large volume customer,PO BOX,33027
33083,PO boxes,,Hollywood,FL,Post Office or large volume customer,PO BOX,33021
33084,PO boxes,,Hollywood,FL,Post Office or large volume customer,PO BOX,33024
33090,PO boxes,,Homestead,FL,Post Office or large volume customer,PO BOX,33030
33092,PO boxes,,Homestead,FL,Post Office or large volume customer,PO BOX,33032
33093,PO boxes,,Margate,FL,Post Office or large volume customer,PO BOX,33063
33097,PO boxes,,Coconut Creek,FL,Post Office or large volume customer,PO BOX,33073
33102,PO boxes,,Miami,FL,Post Office or large volume customer,PO BOX,33122
33106,organization,Skyshop Logistics Inc,Miami,FL,Post Office or large volume customer,UNIQUE,33126
33111,PO boxes,,Miami,FL,Post Office or large volume customer,PO BOX,33131
33112,organization,International Service Center,Miami,FL,Post Office or large volume customer,UNIQUE,33172
33114,PO boxes,,Coral Gables,FL,Post Office or large volume customer,PO BOX,33134
33116,PO boxes,,Miami,FL,Post Office or large volume customer,PO BOX,33176
33119,PO boxes,,Miami Beach,FL,Post Office or large volume customer,PO BOX,33139
33124,PO boxes,,Miami,FL,Post Office or large volume customer,PO BOX,33133
33151,PO boxes,,Miami,FL,Post Office or large volume customer,PO BOX,33127
33152,PO boxes,,Miami,FL,Post Office or large volume customer,PO BOX,33122
33153,PO boxes,,Miami,FL,Post Office or large volume customer,PO BOX,33138
33163,PO boxes,,Miami,FL,Post Office or large volume customer,PO BOX,33180
33164,PO boxes,,Miami,FL,Post Office or large volume customer,PO BOX,33162
33188,organization,Florida Power & Light Co,Miami,FL,Post Office or large volume customer,UNIQUE,33174
33191,organization (unnamed),,Miami,FL,Post Office or large volume customer,UNIQUE,33126
33192,organization (unnamed),,Miami,FL,Post Office or large volume customer,UNIQUE,33172
33195,other,,Miami,FL,Post Office or large volume customer,STANDARD,33166
33197,PO boxes,,Miami,FL,Post Office or large volume customer,PO BOX,33157
33198,other,,Miami,FL,Post Office or large volume customer,STANDARD,33126
33199,organization,Flinternational Univ; Florida International Univ,Miami,FL,Zip Code Area,UNIQUE,33174
33206,organization,Aeropost,Miami,FL,Post Office or large volume customer,UNIQUE,33126
33222,PO boxes,,Miami,FL,Post Office or large volume customer,PO BOX,33172
33231,PO boxes,,Miami,FL,Post Office or large volume customer,PO BOX,33131
33233,PO boxes,,Miami,FL,Post Office or large volume customer,PO BOX,33133
33234,PO boxes,,Miami,FL,Post Office or large volume customer,PO BOX,33134
33238,PO boxes,,Miami,FL,Post Office or large volume customer,PO BOX,33138
33239,PO boxes,,Miami Beach,FL,Post Office or large volume customer,PO BOX,33139
33242,PO boxes,,Miami,FL,Post Office or large volume customer,PO BOX,33142
33243,PO boxes,,Miami,FL,Post Office or large volume customer,PO BOX,33143
33245,PO boxes,,Miami,FL,Post Office or large volume customer,PO BOX,33145
33247,PO boxes,,Miami,FL,Post Office or large volume customer,PO BOX,33147
33255,PO boxes,,Miami,FL,Post Office or large volume customer,PO BOX,33155
33256,PO boxes,,Miami,FL,Post Office or large volume customer,PO BOX,33156
33257,PO boxes,,Miami,FL,Post Office or large volume customer,PO BOX,33157
33261,PO boxes,,Miami,FL,Post Office or large volume customer,PO BOX,33181
33265,PO boxes,,Miami,FL,Post Office or large volume customer,PO BOX,33165
33266,PO boxes,,Miami,FL,Post Office or large volume customer,PO BOX,33166
33269,PO boxes,,Miami,FL,Post Office or large volume customer,PO BOX,33169
33280,PO boxes,,Miami,FL,Post Office or large volume customer,PO BOX,33180
33283,PO boxes,,Miami,FL,Post Office or large volume customer,PO BOX,33183
33296,PO boxes,,Miami,FL,Post Office or large volume customer,PO BOX,33196
33299,PO boxes,,Miami,FL,Post Office or large volume customer,PO BOX,33142
33302,PO boxes,,Fort Lauderdale,FL,Post Office or large volume customer,PO BOX,33311
33303,PO boxes,,Fort Lauderdale,FL,Post Office or large volume customer,PO BOX,33301
33307,PO boxes,,Fort Lauderdale,FL,Post Office or large volume customer,PO BOX,33334
33310,PO boxes,,Fort Lauderdale,FL,Post Office or large volume customer,PO BOX,33311
33318,PO boxes,,Fort Lauderdale,FL,Post Office or large volume customer,PO BOX,33317
33320,PO boxes,,Fort Lauderdale,FL,Post Office or large volume customer,PO BOX,33321
33329,PO boxes,,Fort Lauderdale,FL,Post Office or large volume customer,PO BOX,33328
33335,PO boxes,,Fort Lauderdale,FL,Post Office or large volume customer,PO BOX,33316
33336,organization,American Express,Fort Lauderdale,FL,Post Office or large volume customer,UNIQUE,33311
33337,organization,American Express,Fort Lauderdale,FL,Post Office or large volume customer,UNIQUE,33324
33338,PO boxes,,Fort Lauderdale,FL,Post Office or large volume customer,PO BOX,33304
33339,PO boxes,,Fort Lauderdale,FL,Post Office or large volume customer,PO BOX,33306
33340,PO boxes,,Fort Lauderdale,FL,Post Office or large volume customer,PO BOX,33311
33345,PO boxes,,Fort Lauderdale,FL,Post Office or large volume customer,PO BOX,33330
33346,PO boxes,,Fort Lauderdale,FL,Post Office or large volume customer,PO BOX,33316
33348,PO boxes,,Fort Lauderdale,FL,Post Office or large volume customer,PO BOX,33308
33349,PO boxes,,Fort Lauderdale,FL,Post Office or large volume customer,PO BOX,33304
33355,PO boxes,,Fort Lauderdale,FL,Post Office or large volume customer,PO BOX,33325
33359,PO boxes,,Fort Lauderdale,FL,Post Office or large volume customer,PO BOX,33319
33394,delivery area,,Fort Lauderdale,FL,Zip Code Area,STANDARD,33301
33402,PO boxes,,West Palm Beach,FL,Post Office or large volume customer,PO BOX,33401
33416,PO boxes,,West Palm Beach,FL,Post Office or large volume customer,PO BOX,33406
33419,PO boxes,,West Palm Beach,FL,Post Office or large volume customer,PO BOX,33404
33420,PO boxes,,West Palm Beach,FL,Post Office or large volume customer,PO BOX,33410
33421,PO boxes,,Royal Palm Beach,FL,Post Office or large volume customer,PO BOX,33411
33422,PO boxes,,West Palm Beach,FL,Post Office or large volume customer,PO BOX,33417
33424,PO boxes,,Boynton Beach,FL,Post Office or large volume customer,PO BOX,33436
33425,PO boxes,,Boynton Beach,FL,Post Office or large volume customer,PO BOX,33435
33427,PO boxes,,Boca Raton,FL,Post Office or large volume customer,PO BOX,33486
33429,PO boxes,,Boca Raton,FL,Post Office or large volume customer,PO BOX,33432
33443,PO boxes,,Deerfield Beach,FL,Post Office or large volume customer,PO BOX,33441
33448,PO boxes,,Delray Beach,FL,Post Office or large volume customer,PO BOX,33446
33454,PO boxes,,Greenacres,FL,Post Office or large volume customer,PO BOX,33463
33459,PO boxes,,Lake Harbor,FL,Post Office or large volume customer,PO BOX,33440
33464,organization,National Enquirer,Boca Raton,FL,Post Office or large volume customer,UNIQUE,33460
33465,PO boxes,,Lake Worth,FL,Post Office or large volume customer,PO BOX,33462
33466,PO boxes,,Lake Worth,FL,Post Office or large volume customer,PO BOX,33461
33468,PO boxes,,Jupiter,FL,Post Office or large volume customer,PO BOX,33458
33474,PO boxes,,Boynton Beach,FL,Post Office or large volume customer,PO BOX,33437
33475,PO boxes,,Hobe Sound,FL,Post Office or large volume customer,PO BOX,33455
33481,PO boxes,,Boca Raton,FL,Post Office or large volume customer,PO BOX,33431
33482,PO boxes,,Delray Beach,FL,Post Office or large volume customer,PO BOX,33445
33488,PO boxes,,Boca Raton,FL,Post Office or large volume customer,PO BOX,33433
33497,PO boxes,,Boca Raton,FL,Post Office or large volume customer,PO BOX,33428
33499,organization,Seta Corporation,Boca Raton,FL,Post Office or large volume customer,UNIQUE,33487
33508,PO boxes,,Brandon,FL,Post Office or large volume customer,PO BOX,33511
33509,PO boxes,,Brandon,FL,Post Office or large volume customer,PO BOX,33511
33524,PO boxes,,Crystal Springs,FL,Post Office or large volume customer,PO BOX,33540
33526,PO boxes,,Dade City,FL,Post Office or large volume customer,PO BOX,33525
33537,PO boxes,,Lacoochee,FL,Post Office or large volume customer,PO BOX,33523
33539,PO boxes,,Zephyrhills,FL,Post Office or large volume customer,PO BOX,33542
33564,PO boxes,,Plant City,FL,Post Office or large volume customer,PO BOX,33566
33568,PO boxes,,Riverview,FL,Post Office or large volume customer,PO BOX,33569
33571,PO boxes,,Sun City Center,FL,Post Office or large volume customer,PO BOX,33573
33575,PO boxes,,Ruskin,FL,Post Office or large volume customer,PO BOX,33570
33583,PO boxes,,Seffner,FL,Post Office or large volume customer,PO BOX,33584
33586,PO boxes,,Sun City,FL,Post Office or large volume customer,PO BOX,33570
33587,PO boxes,,Sydney,FL,Post Office or large volume customer,PO BOX,33527
33593,PO boxes,,Trilby,FL,Post Office or large volume customer,PO BOX,33523
33595,PO boxes,,Valrico,FL,Post Office or large volume customer,PO BOX,33594
33601,PO boxes,,Tampa,FL,Post Office or large volume customer,PO BOX,33602
33608,PO boxes,,Tampa,FL,Post Office or large volume customer,PO BOX,33621
33622,PO boxes,,Tampa,FL,Post Office or large volume customer,PO BOX,33607
33623,PO boxes,,Tampa,FL,Post Office or large volume customer,PO BOX,33607
33630,PO boxes,,Tampa,FL,Post Office or large volume customer,PO BOX,33607
33631,PO boxes,,Tampa,FL,Post Office or large volume customer,PO BOX,33607
33633,business reply mail,Business Reply; Tampa Brm Unique,Tampa,FL,Post Office or large volume customer,UNIQUE,33607
33646,PO boxes,,Tampa,FL,Post Office or large volume customer,PO BOX,33647
33650,organization,Home Shopping Club,Tampa,FL,Post Office or large volume customer,UNIQUE,33607
33655,organization,Bank Of America,Tampa,FL,Post Office or large volume customer,UNIQUE,33602
33660,organization,Time Inc,Tampa,FL,Post Office or large volume customer,UNIQUE,33619
33664,organization,Time Cs Brm Unique; Time Customer Service Inc; Time Inc,Tampa,FL,Post Office or large volume customer,UNIQUE,33607
33672,PO boxes,,Tampa,FL,Post Office or large volume customer,PO BOX,33602
33673,PO boxes,,Tampa,FL,Post Office or large volume customer,PO BOX,33604
33674,PO boxes,,Tampa,FL,Post Office or large volume customer,PO BOX,33604
33675,PO boxes,,Tampa,FL,Post Office or large volume customer,PO BOX,33605
33677,PO boxes,,Tampa,FL,Post Office or large volume customer,PO BOX,33607
33679,PO boxes,,Tampa,FL,Post Office or large volume customer,PO BOX,33629
33680,PO boxes,,Tampa,FL,Post Office or large volume customer,PO BOX,33610
33681,PO boxes,,Tampa,FL,Post Office or large volume customer,PO BOX,33611
33682,PO boxes,,Tampa,FL,Post Office or large volume customer,PO BOX,33612
33684,PO boxes,,Tampa,FL,Post Office or large volume customer,PO BOX,33614
33685,PO boxes,,Tampa,FL,Post Office or large volume customer,PO BOX,33634
33686,PO boxes,,Tampa,FL,Post Office or large volume customer,PO BOX,33616
33687,PO boxes,,Tampa,FL,Post Office or large volume customer,PO BOX,33617
33688,PO boxes,,Tampa,FL,Post Office or large volume customer,PO BOX,33618
33689,PO boxes,,Tampa,FL,Post Office or large volume customer,PO BOX,33619
33694,PO boxes,,Tampa,FL,Post Office or large volume customer,PO BOX,33624
33729,organization,Home Shopping,Saint Petersburg,FL,Post Office or large volume customer,UNIQUE,33716
33730,other,,Saint Petersburg,FL,Post Office or large volume customer,STANDARD,33713
33731,PO boxes,,Saint Petersburg,FL,Post Office or large volume customer,PO BOX,33701
33732,PO boxes,,Saint Petersburg,FL,Post Office or large volume customer,PO BOX,33702
33733,PO boxes,,Saint Petersburg,FL,Post Office or large volume customer,PO BOX,33713
33734,PO boxes,,Saint Petersburg,FL,Post Office or large volume customer,PO BOX,33704
33736,PO boxes,,Saint Petersburg,FL,Post Office or large volume customer,PO BOX,33706
33738,PO boxes,,Saint Petersburg,FL,Post Office or large volume customer,PO BOX,33708
33740,PO boxes,,Saint Petersburg,FL,Post Office or large volume customer,PO BOX,33706
33741,PO boxes,,Saint Petersburg,FL,Post Office or large volume customer,PO BOX,33706
33742,PO boxes,,Saint Petersburg,FL,Post Office or large volume customer,PO BOX,33716
33743,PO boxes,,Saint Petersburg,FL,Post Office or large volume customer,PO BOX,33710
33747,PO boxes,,Saint Petersburg,FL,Post Office or large volume customer,PO BOX,33711
33757,PO boxes,,Clearwater,FL,Post Office or large volume customer,PO BOX,33755
33758,PO boxes,,Clearwater,FL,Post Office or large volume customer,PO BOX,33765
33766,PO boxes,,Clearwater,FL,Post Office or large volume customer,PO BOX,33763
33769,organization,Readers Digest,Clearwater,FL,Post Office or large volume customer,UNIQUE,33765
33775,PO boxes,,Seminole,FL,Post Office or large volume customer,PO BOX,33772
33779,PO boxes,,Largo,FL,Post Office or large volume customer,PO BOX,33770
33780,PO boxes,,Pinellas Park,FL,Post Office or large volume customer,PO BOX,33781
33784,PO boxes,,Saint Petersburg,FL,Post Office or large volume customer,PO BOX,33713
33802,PO boxes,,Lakeland,FL,Post Office or large volume customer,PO BOX,33815
33804,PO boxes,,Lakeland,FL,Post Office or large volume customer,PO BOX,33805
33806,PO boxes,,Lakeland,FL,Post Office or large volume customer,PO BOX,33803
33807,PO boxes,,Lakeland,FL,Post Office or large volume customer,PO BOX,33813
33820,PO boxes,,Alturas,FL,Post Office or large volume customer,PO BOX,33830
33826,PO boxes,,Avon Park,FL,Post Office or large volume customer,PO BOX,33825
33831,PO boxes,,Bartow,FL,Post Office or large volume customer,PO BOX,33830
33836,PO boxes,,Davenport,FL,Post Office or large volume customer,PO BOX,33837
33845,PO boxes,,Haines City,FL,Post Office or large volume customer,PO BOX,33844
33846,PO boxes,,Highland City,FL,Zip Code Area,PO BOX,33812
33862,PO boxes,,Lake Placid,FL,Post Office or large volume customer,PO BOX,33852
33863,PO boxes,,Nichols,FL,Post Office or large volume customer,PO BOX,33860
33871,PO boxes,,Sebring,FL,Post Office or large volume customer,PO BOX,33870
33882,PO boxes,,Winter Haven,FL,Post Office or large volume customer,PO BOX,33880
33883,PO boxes,,Winter Haven,FL,Post Office or large volume customer,PO BOX,33880
33885,PO boxes,,Winter Haven,FL,Post Office or large volume customer,PO BOX,33881
33888,organization,State Farm Ins,Winter Haven,FL,Post Office or large volume customer,UNIQUE,33884
33902,PO boxes,,Fort Myers,FL,Post Office or large volume customer,PO BOX,33901
33906,PO boxes,,Fort Myers,FL,Post Office or large volume customer,PO BOX,33907
33910,PO boxes,,Cape Coral,FL,Post Office or large volume customer,PO BOX,33904
33911,PO boxes,,Fort Myers,FL,Post Office or large volume customer,PO BOX,33907
33915,PO boxes,,Cape Coral,FL,Post Office or large volume customer,PO BOX,33990
33918,PO boxes,,North Fort Myers,FL,Post Office or large volume customer,PO BOX,33917
33927,PO boxes,,El Jobean,FL,Post Office or large volume customer,PO BOX,33953
33929,PO boxes,,Estero,FL,Post Office or large volume customer,PO BOX,33928
33932,PO boxes,,Fort Myers Beach,FL,Post Office or large volume customer,PO BOX,33931
33938,PO boxes,,Murdock,FL,Post Office or large volume customer,PO BOX,33948
33945,PO boxes,,Pineland,FL,Post Office or large volume customer,PO BOX,33922
33949,PO boxes,,Port Charlotte,FL,Post Office or large volume customer,PO BOX,33952
33951,PO boxes,,Punta Gorda,FL,Post Office or large volume customer,PO BOX,33950
33970,PO boxes,,Lehigh Acres,FL,Post Office or large volume customer,PO BOX,33936
33975,PO boxes,,Labelle,FL,Post Office or large volume customer,PO BOX,33935
33994,PO boxes,,Fort Myers,FL,Post Office or large volume customer,PO BOX,33905
34106,PO boxes,,Naples,FL,Post Office or large volume customer,PO BOX,34102
34107,PO boxes,,Naples,FL,Post Office or large volume customer,PO BOX,34110
34133,PO boxes,,Bonita Springs,FL,Post Office or large volume customer,PO BOX,34135
34136,PO boxes,,Bonita Springs,FL,Post Office or large volume customer,PO BOX,34135
34143,PO boxes,,Immokalee,FL,Post Office or large volume customer,PO BOX,34142
34146,PO boxes,,Marco Island,FL,Post Office or large volume customer,PO BOX,34145
34204,PO boxes,,Bradenton,FL,Post Office or large volume customer,PO BOX,34203
34206,PO boxes,,Bradenton,FL,Post Office or large volume customer,PO BOX,34205
34218,PO boxes,,Holmes Beach,FL,Post Office or large volume customer,PO BOX,34217
34220,PO boxes,,Palmetto,FL,Post Office or large volume customer,PO BOX,34221
34230,PO boxes,,Sarasota,FL,Post Office or large volume customer,PO BOX,34236
34249,organization,My Access Usa,Sarasota,FL,Post Office or large volume customer,UNIQUE,34238
34260,PO boxes,,Sarasota,FL,Post Office or large volume customer,PO BOX,34243
34264,PO boxes,,Oneco,FL,Post Office or large volume customer,PO BOX,34203
34265,PO boxes,,Arcadia,FL,Post Office or large volume customer,PO BOX,34266
34270,PO boxes,,Tallevast,FL,Post Office or large volume customer,PO BOX,34243
34272,PO boxes,,Laurel,FL,Post Office or large volume customer,PO BOX,34275
34274,PO boxes,,Nokomis,FL,Post Office or large volume customer,PO BOX,34275
34276,PO boxes,,Sarasota,FL,Post Office or large volume customer,PO BOX,34231
34277,PO boxes,,Sarasota,FL,Post Office or large volume customer,PO BOX,34239
34280,PO boxes,,Bradenton,FL,Post Office or large volume customer,PO BOX,34209
34281,PO boxes,,Bradenton,FL,Post Office or large volume customer,PO BOX,34207
34282,PO boxes,,Bradenton,FL,Post Office or large volume customer,PO BOX,34207
34284,PO boxes,,Venice,FL,Post Office or large volume customer,PO BOX,34285
34290,PO boxes,,North Port,FL,Post Office or large volume customer,PO BOX,34286
34295,PO boxes,,Englewood,FL,Post Office or large volume customer,PO BOX,34223
34421,PO boxes,,Belleview,FL,Post Office or large volume customer,PO BOX,34420
34423,PO boxes,,Crystal River,FL,Post Office or large volume customer,PO BOX,34429
34430,PO boxes,,Dunnellon,FL,Post Office or large volume customer,PO BOX,34431
34441,PO boxes,,Hernando,FL,Post Office or large volume customer,PO BOX,34442
34447,PO boxes,,Homosassa Springs,FL,Post Office or large volume customer,PO BOX,34446
34451,PO boxes,,Inverness,FL,Post Office or large volume customer,PO BOX,34453
34460,PO boxes,,Lecanto,FL,Post Office or large volume customer,PO BOX,34461
34464,PO boxes,,Beverly Hills,FL,Post Office or large volume customer,PO BOX,34465
34477,PO boxes,,Ocala,FL,Post Office or large volume customer,PO BOX,34474
34478,PO boxes,,Ocala,FL,Zip Code Area,PO BOX,34471
34483,PO boxes,,Ocala,FL,Post Office or large volume customer,PO BOX,34472
34489,PO boxes,,Silver Springs,FL,Post Office or large volume customer,PO BOX,34488
34492,PO boxes,,Summerfield,FL,Post Office or large volume customer,PO BOX,34491
34603,PO boxes,,Brooksville,FL,Post Office or large volume customer,PO BOX,34601
34605,PO boxes,,Brooksville,FL,Post Office or large volume customer,PO BOX,34601
34611,PO boxes,,Spring Hill,FL,Post Office or large volume customer,PO BOX,34606
34636,PO boxes,,Istachatta,FL,Post Office or large volume customer,PO BOX,34601
34656,PO boxes,,New Port Richey,FL,Post Office or large volume customer,PO BOX,34653
34660,PO boxes,,Ozona,FL,Post Office or large volume customer,PO BOX,34683
34673,PO boxes,,Port Richey,FL,Post Office or large volume customer,PO BOX,34668
34674,PO boxes,,Hudson,FL,Post Office or large volume customer,PO BOX,34667
34680,PO boxes,,Elfers,FL,Post Office or large volume customer,PO BOX,34652
34682,PO boxes,,Palm Harbor,FL,Post Office or large volume customer,PO BOX,34683
34692,PO boxes,,Holiday,FL,Post Office or large volume customer,PO BOX,34690
34697,PO boxes,,Dunedin,FL,Post Office or large volume customer,PO BOX,34698
34712,PO boxes,,Clermont,FL,Post Office or large volume customer,PO BOX,34711
34713,PO boxes,,Clermont,FL,Post Office or large volume customer,PO BOX,34714
34740,PO boxes,,Killarney,FL,Post Office or large volume customer,PO BOX,34760
34742,PO boxes,,Kissimmee,FL,Post Office or large volume customer,PO BOX,34741
34745,PO boxes,,Kissimmee,FL,Post Office or large volume customer,PO BOX,34744
34749,PO boxes,,Leesburg,FL,Post Office or large volume customer,PO BOX,34748
34755,PO boxes,,Minneola,FL,Post Office or large volume customer,PO BOX,34715
34770,PO boxes,,Saint Cloud,FL,Post Office or large volume customer,PO BOX,34769
34777,PO boxes,,Winter Garden,FL,Post Office or large volume customer,PO BOX,34787
34778,PO boxes,,Winter Garden,FL,Post Office or large volume customer,PO BOX,34787
34789,PO boxes,,Leesburg,FL,Post Office or large volume customer,PO BOX,34788
34948,PO boxes,,Fort Pierce,FL,Post Office or large volume customer,PO BOX,34950
34954,PO boxes,,Fort Pierce,FL,Post Office or large volume customer,PO BOX,34950
34958,PO boxes,,Jensen Beach,FL,Post Office or large volume customer,PO BOX,34957
34973,PO boxes,,Okeechobee,FL,Post Office or large volume customer,PO BOX,34974
34979,PO boxes,,Fort Pierce,FL,Post Office or large volume customer,PO BOX,34981
34985,PO boxes,,Port Saint Lucie,FL,Post Office or large volume customer,PO BOX,34952
34988,PO boxes,,Port Saint Lucie,FL,Zip Code Area,PO BOX,34987
34991,PO boxes,,Palm City,FL,Post Office or large volume customer,PO BOX,34990
34992,PO boxes,,Port Salerno,FL,Post Office or large volume customer,PO BOX,34997
34995,PO boxes,,Stuart,FL,Post Office or large volume customer,PO BOX,34994
35011,PO boxes,,Alexander City,AL,Post Office or large volume customer,PO BOX,35010
35015,PO boxes,,Alton,AL,Post Office or large volume customer,PO BOX,35210
35021,PO boxes,,Bessemer,AL,Post Office or large volume customer,PO BOX,35020
35038,PO boxes,,Burnwell,AL,Post Office or large volume customer,PO BOX,35130
35048,PO boxes,,Clay,AL,Post Office or large volume customer,PO BOX,35126
35056,PO boxes,,Cullman,AL,Post Office or large volume customer,PO BOX,35055
35123,PO boxes,,Palmerdale,AL,Post Office or large volume customer,PO BOX,35126
35137,PO boxes,,Saginaw,AL,Post Office or large volume customer,PO BOX,35007
35139,PO boxes,,Sayre,AL,Post Office or large volume customer,PO BOX,35073
35142,PO boxes,,Shannon,AL,Post Office or large volume customer,PO BOX,35022
35144,PO boxes,,Siluria,AL,Post Office or large volume customer,PO BOX,35007
35161,PO boxes,,Talladega,AL,Post Office or large volume customer,PO BOX,35160
35182,PO boxes,,Wattsville,AL,Post Office or large volume customer,PO BOX,35131
35187,PO boxes,,Wilton,AL,Post Office or large volume customer,PO BOX,35035
35201,PO boxes,,Birmingham,AL,Post Office or large volume customer,PO BOX,35203
35202,PO boxes,,Birmingham,AL,Post Office or large volume customer,PO BOX,35203
35219,PO boxes,,Birmingham,AL,Post Office or large volume customer,PO BOX,35209
35220,PO boxes,,Birmingham,AL,Post Office or large volume customer,PO BOX,35215
35231,PO boxes,,Birmingham,AL,Post Office or large volume customer,PO BOX,35214
35232,PO boxes,,Birmingham,AL,Post Office or large volume customer,PO BOX,35212
35236,PO boxes,,Birmingham,AL,Post Office or large volume customer,PO BOX,35244
35237,PO boxes,,Birmingham,AL,Post Office or large volume customer,PO BOX,35203
35238,PO boxes,,Birmingham,AL,Post Office or large volume customer,PO BOX,35242
35246,organization,Regions Bank,Birmingham,AL,Post Office or large volume customer,UNIQUE,35203
35253,PO boxes,,Birmingham,AL,Post Office or large volume customer,PO BOX,35223
35255,PO boxes,,Birmingham,AL,Post Office or large volume customer,PO BOX,35205
35259,PO boxes,,Birmingham,AL,Post Office or large volume customer,PO BOX,35209
35260,PO boxes,,Birmingham,AL,Post Office or large volume customer,PO BOX,35226
35261,PO boxes,,Birmingham,AL,Post Office or large volume customer,PO BOX,35206
35266,PO boxes,,Birmingham,AL,Post Office or large volume customer,PO BOX,35216
35270,organization,North American Mg,Birmingham,AL,Post Office or large volume customer,UNIQUE,35203
35282,business reply mail,Business Reply Mail,Birmingham,AL,Post Office or large volume customer,UNIQUE,35205
35283,PO boxes,,Birmingham,AL,Post Office or large volume customer,PO BOX,35203
35285,organization,S S Payment Ctr,Birmingham,AL,Post Office or large volume customer,UNIQUE,35203
35287,organization,Regions Bank,Birmingham,AL,Post Office or large volume customer,UNIQUE,35203
35288,organization,Regions Bank,Birmingham,AL,Post Office or large volume customer,UNIQUE,35203
35290,organization,Wells Fargo,Birmingham,AL,Post Office or large volume customer,UNIQUE,35212
35291,organization,Al Power Co,Birmingham,AL,Post Office or large volume customer,UNIQUE,35203
35292,organization,Al Power Co,Birmingham,AL,Post Office or large volume customer,UNIQUE,35203
35293,organization,Dept Of Treas Bur Accts,Birmingham,AL,Post Office or large volume customer,UNIQUE,35209
35294,organization,Univ Of Alabama Bir,Birmingham,AL,Post Office or large volume customer,UNIQUE,35205
35295,organization,Al Gas Corp,Birmingham,AL,Post Office or large volume customer,UNIQUE,35233
35296,organization,Compass Bank,Birmingham,AL,Post Office or large volume customer,UNIQUE,35226
35297,organization,State Farm Insurance,Birmingham,AL,Post Office or large volume customer,UNIQUE,35223
35298,organization,Blue Cross Shield,Birmingham,AL,Post Office or large volume customer,UNIQUE,35205
35402,PO boxes,,Tuscaloosa,AL,Post Office or large volume customer,PO BOX,35401
35403,PO boxes,,Tuscaloosa,AL,Post Office or large volume customer,PO BOX,35401
35407,PO boxes,,Tuscaloosa,AL,Post Office or large volume customer,PO BOX,35405
35440,PO boxes,,Abernant,AL,Post Office or large volume customer,PO BOX,35490
35448,PO boxes,,Clinton,AL,Post Office or large volume customer,PO BOX,35462
35449,PO boxes,,Coaling,AL,Post Office or large volume customer,PO BOX,35453
35471,PO boxes,,Mc Shan,AL,Post Office or large volume customer,PO BOX,35461
35478,PO boxes,,Peterson,AL,Post Office or large volume customer,PO BOX,35490
35482,PO boxes,,Samantha,AL,Post Office or large volume customer,PO BOX,35475
35486,PO boxes,,Tuscaloosa,AL,Post Office or large volume customer,PO BOX,35487
35502,PO boxes,,Jasper,AL,Post Office or large volume customer,PO BOX,35501
35551,PO boxes,,Delmar,AL,Post Office or large volume customer,PO BOX,35565
35560,PO boxes,,Goodsprings,AL,Post Office or large volume customer,PO BOX,35580
35602,PO boxes,,Decatur,AL,Post Office or large volume customer,PO BOX,35601
35609,PO boxes,,Decatur,AL,Post Office or large volume customer,PO BOX,35601
35612,PO boxes,,Athens,AL,Post Office or large volume customer,PO BOX,35611
35617,PO boxes,,Cloverdale,AL,Post Office or large volume customer,PO BOX,35633
35631,PO boxes,,Florence,AL,Post Office or large volume customer,PO BOX,35630
35662,PO boxes,,Muscle Shoals,AL,Post Office or large volume customer,PO BOX,35661
35699,organization,Master Charge,Decatur,AL,Post Office or large volume customer,UNIQUE,35601
35742,PO boxes,,Capshaw,AL,Post Office or large volume customer,PO BOX,35749
35762,PO boxes,,Normal,AL,Post Office or large volume customer,PO BOX,35810
35767,PO boxes,,Ryland,AL,Post Office or large volume customer,PO BOX,35811
35804,PO boxes,,Huntsville,AL,Post Office or large volume customer,PO BOX,35801
35807,PO boxes,,Huntsville,AL,Post Office or large volume customer,PO BOX,35805
35809,PO boxes,,Huntsville,AL,Post Office or large volume customer,PO BOX,35808
35812,PO boxes,,Huntsville,AL,Post Office or large volume customer,PO BOX,35808
35813,other,,Huntsville,AL,Post Office or large volume customer,STANDARD,35824
35814,PO boxes,,Huntsville,AL,Post Office or large volume customer,PO BOX,35816
35815,PO boxes,,Huntsville,AL,Post Office or large volume customer,PO BOX,35802
35893,organization,Redstone Fed Credit Union,Huntsville,AL,Post Office or large volume customer,UNIQUE,35805
35894,organization,Intergraph Corporation,Huntsville,AL,Post Office or large volume customer,UNIQUE,35824
35895,organization,Huntsville Utilities,Huntsville,AL,Post Office or large volume customer,UNIQUE,35801
35897,organization,Munitions Missle Com Sch,Huntsville,AL,Post Office or large volume customer,UNIQUE,35808
35898,organization,Redstone Central,Huntsville,AL,Zip Code Area,UNIQUE,35808
35899,organization,Univ Of Alabama Hsv,Huntsville,AL,Post Office or large volume customer,UNIQUE,35816
35902,PO boxes,,Gadsden,AL,Post Office or large volume customer,PO BOX,35901
35964,PO boxes,,Douglas,AL,Post Office or large volume customer,PO BOX,35980
36015,PO boxes,,Chapman,AL,Post Office or large volume customer,PO BOX,36033
36023,PO boxes,,East Tallassee,AL,Post Office or large volume customer,PO BOX,36078
36045,PO boxes,,Kent,AL,Post Office or large volume customer,PO BOX,36078
36061,PO boxes,,Perote,AL,Post Office or large volume customer,PO BOX,36005
36062,PO boxes,,Petrey,AL,Post Office or large volume customer,PO BOX,36049
36065,PO boxes,,Pine Level,AL,Post Office or large volume customer,PO BOX,36069
36068,PO boxes,,Prattville,AL,Post Office or large volume customer,PO BOX,36066
36072,PO boxes,,Eufaula,AL,Post Office or large volume customer,PO BOX,36027
36087,PO boxes,,Tuskegee Institute,AL,Post Office or large volume customer,PO BOX,36088
36102,PO boxes,,Montgomery,AL,Post Office or large volume customer,PO BOX,36104
36103,PO boxes,,Montgomery,AL,Post Office or large volume customer,PO BOX,36104
36118,organization,Gunter Afs Eci; Gunter Eci,Montgomery,AL,Post Office or large volume customer,UNIQUE,36115
36119,other,,Montgomery,AL,Post Office or large volume customer,STANDARD,36117
36120,PO boxes,,Montgomery,AL,Post Office or large volume customer,PO BOX,36111
36121,PO boxes,,Montgomery,AL,Post Office or large volume customer,PO BOX,36117
36123,PO boxes,,Montgomery,AL,Post Office or large volume customer,PO BOX,36117
36124,PO boxes,,Montgomery,AL,Post Office or large volume customer,PO BOX,36117
36125,PO boxes,,Montgomery,AL,Post Office or large volume customer,PO BOX,36105
36131,organization,State Dept Industrial Relat,Montgomery,AL,Post Office or large volume customer,UNIQUE,36130
36132,organization,Al Revenue Dept; Montg,Montgomery,AL,Post Office or large volume customer,UNIQUE,36117
36135,organization,Al Income Tax; Montg,Montgomery,AL,Post Office or large volume customer,UNIQUE,36104
36140,organization,Al Revenue Dept; Montg,Montgomery,AL,Post Office or large volume customer,UNIQUE,36130
36141,organization,Bass Anglers Sports Soc; Montg,Montgomery,AL,Post Office or large volume customer,UNIQUE,36117
36142,organization,Colonial Mortgage; Montg,Montgomery,AL,Post Office or large volume customer,UNIQUE,36104
36177,organization,Montg; Montgomery Business Reply Ma,Montgomery,AL,Post Office or large volume customer,UNIQUE,36117
36191,organization,Alfa Ins Co,Montgomery,AL,Post Office or large volume customer,UNIQUE,36116
36202,PO boxes,,Anniston,AL,Post Office or large volume customer,PO BOX,36201
36204,PO boxes,,Anniston,AL,Post Office or large volume customer,PO BOX,36201
36253,PO boxes,,Bynum,AL,Post Office or large volume customer,PO BOX,36260
36254,PO boxes,,Choccolocco,AL,Post Office or large volume customer,PO BOX,36207
36257,PO boxes,,De Armanville,AL,Post Office or large volume customer,PO BOX,36207
36261,PO boxes,,Edwardsville,AL,Post Office or large volume customer,PO BOX,36264
36275,PO boxes,,Spring Garden,AL,Post Office or large volume customer,PO BOX,35960
36302,PO boxes,,Dothan,AL,Post Office or large volume customer,PO BOX,36303
36304,PO boxes,,Dothan,AL,Post Office or large volume customer,PO BOX,36303
36331,PO boxes,,Enterprise,AL,Post Office or large volume customer,PO BOX,36330
36349,PO boxes,,Malvern,AL,Zip Code Area,PO BOX,36375
36361,PO boxes,,Ozark,AL,Post Office or large volume customer,PO BOX,36360
36427,PO boxes,,Brewton,AL,Post Office or large volume customer,PO BOX,36426
36429,PO boxes,,Brooklyn,AL,Post Office or large volume customer,PO BOX,36401
36449,PO boxes,,Uriah,AL,Post Office or large volume customer,PO BOX,36502
36457,PO boxes,,Megargel,AL,Post Office or large volume customer,PO BOX,36445
36458,PO boxes,,Mexia,AL,Post Office or large volume customer,PO BOX,36445
36461,PO boxes,,Monroeville,AL,Post Office or large volume customer,PO BOX,36460
36504,PO boxes,,Atmore,AL,Post Office or large volume customer,PO BOX,36502
36533,PO boxes,,Fairhope,AL,Post Office or large volume customer,PO BOX,36532
36536,PO boxes,,Foley,AL,Post Office or large volume customer,PO BOX,36535
36577,PO boxes,,Spanish Fort,AL,Post Office or large volume customer,PO BOX,36527
36590,PO boxes,,Theodore,AL,Post Office or large volume customer,PO BOX,36582
36601,PO boxes,,Mobile,AL,Post Office or large volume customer,PO BOX,36602
36616,PO boxes,,Mobile,AL,Post Office or large volume customer,PO BOX,36606
36628,organization,U S Corps Of Engineers,Mobile,AL,Post Office or large volume customer,UNIQUE,36602
36633,PO boxes,,Mobile,AL,Post Office or large volume customer,PO BOX,36602
36640,PO boxes,,Mobile,AL,Post Office or large volume customer,PO BOX,36604
36641,PO boxes,,Mobile,AL,Post Office or large volume customer,PO BOX,36602
36644,organization,Mobile Gov Plz,Mobile,AL,Post Office or large volume customer,UNIQUE,36602
36660,PO boxes,,Mobile,AL,Post Office or large volume customer,PO BOX,36606
36670,PO boxes,,Mobile,AL,Post Office or large volume customer,PO BOX,36607
36671,PO boxes,,Mobile,AL,Post Office or large volume customer,PO BOX,36611
36675,organization,Mobile P&Dc,Mobile,AL,Post Office or large volume customer,UNIQUE,36619
36685,PO boxes,,Mobile,AL,Post Office or large volume customer,PO BOX,36608
36689,PO boxes,,Mobile,AL,Post Office or large volume customer,PO BOX,36608
36691,PO boxes,,Mobile,AL,Post Office or large volume customer,PO BOX,36609
36702,PO boxes,,Selma,AL,Post Office or large volume customer,PO BOX,36701
36745,PO boxes,,Jefferson,AL,Post Office or large volume customer,PO BOX,36732
36802,PO boxes,,Opelika,AL,Post Office or large volume customer,PO BOX,36801
36803,PO boxes,,Opelika,AL,Post Office or large volume customer,PO BOX,36801
36831,PO boxes,,Auburn,AL,Post Office or large volume customer,PO BOX,36830
36859,PO boxes,,Holy Trinity,AL,Post Office or large volume customer,PO BOX,36856
36868,PO boxes,,Phenix City,AL,Post Office or large volume customer,PO BOX,36867
36872,PO boxes,,Valley,AL,Post Office or large volume customer,PO BOX,36854
37011,PO boxes,,Antioch,TN,Post Office or large volume customer,PO BOX,37013
37024,PO boxes,,Brentwood,TN,Post Office or large volume customer,PO BOX,37027
37041,PO boxes,,Clarksville,TN,Post Office or large volume customer,PO BOX,37040
37044,organization,Austin Peay St Univ,Clarksville,TN,Post Office or large volume customer,UNIQUE,37040
37056,PO boxes,,Dickson,TN,Post Office or large volume customer,PO BOX,37055
37063,PO boxes,,Fosterville,TN,Post Office or large volume customer,PO BOX,37020
37065,PO boxes,,Franklin,TN,Post Office or large volume customer,PO BOX,37064
37068,PO boxes,,Franklin,TN,Post Office or large volume customer,PO BOX,37064
37070,PO boxes,,Goodlettsville,TN,Post Office or large volume customer,PO BOX,37072
37071,PO boxes,,Gladeville,TN,Post Office or large volume customer,PO BOX,37122
37077,PO boxes,,Hendersonville,TN,Post Office or large volume customer,PO BOX,37075
37088,PO boxes,,Lebanon,TN,Post Office or large volume customer,PO BOX,37087
37089,organization,Ingram Entertainment Group,La Vergne,TN,Post Office or large volume customer,UNIQUE,37086
37111,PO boxes,,McMinnville,TN,Post Office or large volume customer,PO BOX,37110
37116,PO boxes,,Madison,TN,Post Office or large volume customer,PO BOX,37115
37119,PO boxes,,Mitchellville,TN,Post Office or large volume customer,PO BOX,37148
37121,PO boxes,,Mount Juliet,TN,Post Office or large volume customer,PO BOX,37122
37131,organization,State Farm Ins Co,Murfreesboro,TN,Post Office or large volume customer,UNIQUE,37130
37133,PO boxes,,Murfreesboro,TN,Post Office or large volume customer,PO BOX,37130
37136,PO boxes,,Norene,TN,Post Office or large volume customer,PO BOX,37184
37152,PO boxes,,Ridgetop,TN,Post Office or large volume customer,PO BOX,37072
37161,organization,National Pen Company,Shelbyville,TN,Post Office or large volume customer,UNIQUE,37160
37162,PO boxes,,Shelbyville,TN,Post Office or large volume customer,PO BOX,37160
37202,PO boxes,,Nashville,TN,Post Office or large volume customer,PO BOX,37203
37222,PO boxes,,Nashville,TN,Post Office or large volume customer,PO BOX,37211
37224,PO boxes,,Nashville,TN,Post Office or large volume customer,PO BOX,37210
37227,PO boxes,,Nashville,TN,Post Office or large volume customer,PO BOX,37217
37229,PO boxes,,Nashville,TN,Post Office or large volume customer,PO BOX,37214
37230,PO boxes,,Nashville,TN,Post Office or large volume customer,PO BOX,37203
37234,organization,Lifeway Christian Resources,Nashville,TN,Post Office or large volume customer,UNIQUE,37203
37235,organization,Vanderbilt University,Nashville,TN,Post Office or large volume customer,UNIQUE,37212
37236,organization,Baptist Hospital,Nashville,TN,Post Office or large volume customer,UNIQUE,37203
37240,organization,Vanderbilt University,Nashville,TN,Zip Code Area,UNIQUE,37212
37241,organization,Regions Bank,Nashville,TN,Post Office or large volume customer,UNIQUE,37214
37242,organization,Tn Dept Revenue,Nashville,TN,Post Office or large volume customer,UNIQUE,37219
37243,organization,Tn State Government,Nashville,TN,Zip Code Area,UNIQUE,37203
37244,PO boxes,,Nashville,TN,Post Office or large volume customer,PO BOX,37219
37246,organization,Nashville Elec Serv,Nashville,TN,Post Office or large volume customer,UNIQUE,37203
37250,organization,American General,Nashville,TN,Post Office or large volume customer,UNIQUE,37214
37304,other,,Bakewell,TN,Post Office or large volume customer,STANDARD,37373
37314,PO boxes,,Coker Creek,TN,Post Office or large volume customer,PO BOX,37385
37320,PO boxes,,Cleveland,TN,Post Office or large volume customer,PO BOX,37311
37349,PO boxes,,Manchester,TN,Post Office or large volume customer,PO BOX,37355
37364,PO boxes,,Cleveland,TN,Post Office or large volume customer,PO BOX,37311
37371,PO boxes,,Athens,TN,Post Office or large volume customer,PO BOX,37303
37378,PO boxes,,Smartt,TN,Post Office or large volume customer,PO BOX,37110
37382,PO boxes,,Summitville,TN,Post Office or large volume customer,PO BOX,37357
37384,PO boxes,,Soddy Daisy,TN,Post Office or large volume customer,PO BOX,37379
37389,other,,Arnold AFB,TN,Post Office or large volume customer,STANDARD,37355
37401,PO boxes,,Chattanooga,TN,Post Office or large volume customer,PO BOX,37402
37414,PO boxes,,Chattanooga,TN,Post Office or large volume customer,PO BOX,37411
37422,PO boxes,,Chattanooga,TN,Post Office or large volume customer,PO BOX,37421
37424,PO boxes,,Chattanooga,TN,Post Office or large volume customer,PO BOX,37421
37501,organization,Internal Revenue,Memphis,TN,Post Office or large volume customer,UNIQUE,38118
37544,organization,Internal Revenue,Memphis,TN,Post Office or large volume customer,UNIQUE,38126
37602,PO boxes,,Johnson City,TN,Post Office or large volume customer,PO BOX,37604
37605,PO boxes,,Johnson City,TN,Post Office or large volume customer,PO BOX,37601
37621,PO boxes,,Bristol,TN,Post Office or large volume customer,PO BOX,37620
37625,PO boxes,,Bristol,TN,Post Office or large volume customer,PO BOX,37620
37644,PO boxes,,Elizabethton,TN,Post Office or large volume customer,PO BOX,37643
37662,PO boxes,,Kingsport,TN,Post Office or large volume customer,PO BOX,37660
37669,organization,Kingsport Book,Kingsport,TN,Post Office or large volume customer,UNIQUE,37660
37684,PO boxes,,Mountain Home,TN,Post Office or large volume customer,PO BOX,37604
37699,organization,Home Shopping Network,Piney Flats,TN,Post Office or large volume customer,UNIQUE,37686
37707,PO boxes,,Arthur,TN,Post Office or large volume customer,PO BOX,37724
37717,PO boxes,,Clinton,TN,Post Office or large volume customer,PO BOX,37716
37744,PO boxes,,Greeneville,TN,Post Office or large volume customer,PO BOX,37743
37773,PO boxes,,Lone Mountain,TN,Post Office or large volume customer,PO BOX,37825
37778,PO boxes,,Lowland,TN,Zip Code Area,PO BOX,37813
37802,PO boxes,,Maryville,TN,Post Office or large volume customer,PO BOX,37801
37815,PO boxes,,Morristown,TN,Post Office or large volume customer,PO BOX,37813
37816,PO boxes,,Morristown,TN,Post Office or large volume customer,PO BOX,37814
37822,PO boxes,,Newport,TN,Post Office or large volume customer,PO BOX,37821
37824,PO boxes,,New Tazewell,TN,Post Office or large volume customer,PO BOX,37825
37831,PO boxes,,Oak Ridge,TN,Post Office or large volume customer,PO BOX,37830
37864,PO boxes,,Sevierville,TN,Post Office or large volume customer,PO BOX,37862
37867,PO boxes,,Shawanee,TN,Post Office or large volume customer,PO BOX,37752
37868,PO boxes,,Pigeon Forge,TN,Post Office or large volume customer,PO BOX,37863
37901,PO boxes,,Knoxville,TN,Post Office or large volume customer,PO BOX,37902
37927,PO boxes,,Knoxville,TN,Post Office or large volume customer,PO BOX,37917
37928,PO boxes,,Knoxville,TN,Post Office or large volume customer,PO BOX,37918
37930,PO boxes,,Knoxville,TN,Post Office or large volume customer,PO BOX,37923
37933,PO boxes,,Knoxville,TN,Post Office or large volume customer,PO BOX,37934
37939,PO boxes,,Knoxville,TN,Post Office or large volume customer,PO BOX,37919
37940,PO boxes,,Knoxville,TN,Post Office or large volume customer,PO BOX,37920
37950,PO boxes,,Knoxville,TN,Post Office or large volume customer,PO BOX,37909
37995,organization,First Tenn National Bank,Knoxville,TN,Post Office or large volume customer,UNIQUE,37909
37996,organization,University Of Tenn,Knoxville,TN,Zip Code Area,UNIQUE,37916
37997,organization,Suntrust Bank,Knoxville,TN,Post Office or large volume customer,UNIQUE,37915
37998,organization,Johnson Bible College,Knoxville,TN,Zip Code Area,UNIQUE,37920
38010,PO boxes,,Braden,TN,Post Office or large volume customer,PO BOX,38068
38014,PO boxes,,Brunswick,TN,Post Office or large volume customer,PO BOX,38002
38025,PO boxes,,Dyersburg,TN,Post Office or large volume customer,PO BOX,38024
38027,PO boxes,,Collierville,TN,Post Office or large volume customer,PO BOX,38017
38045,PO boxes,,Laconia,TN,Post Office or large volume customer,PO BOX,38068
38048,PO boxes,,Macon,TN,Post Office or large volume customer,PO BOX,38060
38055,organization,Naval Personel Commnd,Millington,TN,Post Office or large volume customer,UNIQUE,38053
38071,PO boxes,,Tipton,TN,Post Office or large volume customer,PO BOX,38004
38083,PO boxes,,Millington,TN,Post Office or large volume customer,PO BOX,38053
38088,PO boxes,,Cordova,TN,Post Office or large volume customer,PO BOX,38018
38101,PO boxes,,Memphis,TN,Post Office or large volume customer,PO BOX,38126
38124,PO boxes,,Memphis,TN,Post Office or large volume customer,PO BOX,38117
38130,PO boxes,,Memphis,TN,Post Office or large volume customer,PO BOX,38116
38136,organization,Memphis Networks Dist Ctr,Memphis,TN,Post Office or large volume customer,UNIQUE,38106
38137,other,,Memphis,TN,Post Office or large volume customer,STANDARD,38117
38145,organization,Memphis Light Gas And Water,Memphis,TN,Post Office or large volume customer,UNIQUE,38103
38148,organization,First Tenn National Bank,Memphis,TN,Post Office or large volume customer,UNIQUE,38103
38150,organization,Suntrust Bank,Memphis,TN,Post Office or large volume customer,UNIQUE,38126
38151,organization,Schering Plough Inc,Memphis,TN,Post Office or large volume customer,UNIQUE,38112
38157,other,,Memphis,TN,Post Office or large volume customer,STANDARD,38117
38159,organization,Regions Bank,Memphis,TN,Post Office or large volume customer,UNIQUE,38103
38161,organization,Us Postal Inspect Srvc,Memphis,TN,Post Office or large volume customer,UNIQUE,38120
38163,organization,Univ Of Tn; University Of Tn,Memphis,TN,Post Office or large volume customer,UNIQUE,38103
38166,organization,Eastern Area,Memphis,TN,Post Office or large volume customer,UNIQUE,38120
38167,PO boxes,,Memphis,TN,Post Office or large volume customer,PO BOX,38127
38168,PO boxes,,Memphis,TN,Post Office or large volume customer,PO BOX,38128
38173,PO boxes,,Memphis,TN,Post Office or large volume customer,PO BOX,38103
38174,PO boxes,,Memphis,TN,Post Office or large volume customer,PO BOX,38104
38175,PO boxes,,Memphis,TN,Post Office or large volume customer,PO BOX,38115
38177,PO boxes,,Memphis,TN,Post Office or large volume customer,PO BOX,38117
38181,PO boxes,,Memphis,TN,Post Office or large volume customer,PO BOX,38118
38182,PO boxes,,Memphis,TN,Post Office or large volume customer,PO BOX,38108
38183,PO boxes,,Germantown,TN,Post Office or large volume customer,PO BOX,38138
38184,PO boxes,,Memphis,TN,Post Office or large volume customer,PO BOX,38134
38186,PO boxes,,Memphis,TN,Post Office or large volume customer,PO BOX,38116
38187,PO boxes,,Memphis,TN,Post Office or large volume customer,PO BOX,38119
38188,organization,Natl Customer Support Ctr,Memphis,TN,Post Office or large volume customer,UNIQUE,38120
38190,PO boxes,,Memphis,TN,Post Office or large volume customer,PO BOX,38109
38193,organization,Sharp Electronic Manufac,Memphis,TN,Post Office or large volume customer,UNIQUE,38115
38194,organization,Federal Express,Memphis,TN,Post Office or large volume customer,UNIQUE,38131
38197,organization,International Paper Co,Memphis,TN,Post Office or large volume customer,UNIQUE,38120
38223,PO boxes,,Como,TN,Post Office or large volume customer,PO BOX,38242
38238,organization,University Of Tn,Martin,TN,Zip Code Area,UNIQUE,38237
38271,PO boxes,,Woodland Mills,TN,Post Office or large volume customer,PO BOX,38261
38281,PO boxes,,Union City,TN,Post Office or large volume customer,PO BOX,38261
38302,PO boxes,,Jackson,TN,Post Office or large volume customer,PO BOX,38301
38303,PO boxes,,Jackson,TN,Post Office or large volume customer,PO BOX,38301
38308,PO boxes,,Jackson,TN,Post Office or large volume customer,PO BOX,38305
38314,PO boxes,,Jackson,TN,Post Office or large volume customer,PO BOX,38301
38324,PO boxes,,Clarksburg,TN,Post Office or large volume customer,PO BOX,38390
38331,PO boxes,,Eaton,TN,Post Office or large volume customer,PO BOX,38382
38336,PO boxes,,Fruitvale,TN,Post Office or large volume customer,PO BOX,38337
38346,PO boxes,,Idlewild,TN,Post Office or large volume customer,PO BOX,38316
38377,PO boxes,,Silerton,TN,Post Office or large volume customer,PO BOX,38356
38378,PO boxes,,Spring Creek,TN,Post Office or large volume customer,PO BOX,38355
38393,PO boxes,,Chewalla,TN,Post Office or large volume customer,PO BOX,38367
38402,PO boxes,,Columbia,TN,Post Office or large volume customer,PO BOX,38401
38502,PO boxes,,Cookeville,TN,Post Office or large volume customer,PO BOX,38501
38557,PO boxes,,Crossville,TN,Post Office or large volume customer,PO BOX,38555
38602,PO boxes,,Arkabutla,MS,Post Office or large volume customer,PO BOX,38618
38609,other,,Marks,MS,Post Office or large volume customer,STANDARD,38646
38628,other,,Sledge,MS,Post Office or large volume customer,STANDARD,38670
38630,PO boxes,,Farrell,MS,Post Office or large volume customer,PO BOX,38614
38634,PO boxes,,Holly Springs,MS,Post Office or large volume customer,PO BOX,38635
38638,PO boxes,,Independence,MS,Post Office or large volume customer,PO BOX,38668
38649,PO boxes,,Mount Pleasant,MS,Post Office or large volume customer,PO BOX,38635
38669,PO boxes,,Sherard,MS,Post Office or large volume customer,PO BOX,38614
38675,other,,Oxford,MS,Post Office or large volume customer,STANDARD,38655
38679,PO boxes,,Victoria,MS,Post Office or large volume customer,PO BOX,38611
38686,organization,Sacred Heart League,Walls,MS,Post Office or large volume customer,UNIQUE,38680
38702,PO boxes,,Greenville,MS,Post Office or large volume customer,PO BOX,38701
38704,PO boxes,,Greenville,MS,Post Office or large volume customer,PO BOX,38701
38739,PO boxes,,Dublin,MS,Post Office or large volume customer,PO BOX,38614
38749,PO boxes,,Indianola,MS,Post Office or large volume customer,PO BOX,38751
38780,PO boxes,,Wayside,MS,Zip Code Area,PO BOX,38701
38782,PO boxes,,Winterville,MS,Post Office or large volume customer,PO BOX,38703
38802,PO boxes,,Tupelo,MS,Post Office or large volume customer,PO BOX,38804
38803,PO boxes,,Tupelo,MS,Post Office or large volume customer,PO BOX,38801
38820,PO boxes,,Algoma,MS,Post Office or large volume customer,PO BOX,38863
38825,PO boxes,,Becker,MS,Post Office or large volume customer,PO BOX,38821
38835,PO boxes,,Corinth,MS,Post Office or large volume customer,PO BOX,38834
38874,PO boxes,,Toccopola,MS,Post Office or large volume customer,PO BOX,38871
38875,PO boxes,,Trebloc,MS,Post Office or large volume customer,PO BOX,38851
38877,PO boxes,,Van Vleet,MS,Post Office or large volume customer,PO BOX,38851
38880,PO boxes,,Wheeler,MS,Post Office or large volume customer,PO BOX,38829
38902,PO boxes,,Grenada,MS,Post Office or large volume customer,PO BOX,38901
38926,PO boxes,,Elliott,MS,Post Office or large volume customer,PO BOX,38901
38935,PO boxes,,Greenwood,MS,Post Office or large volume customer,PO BOX,38930
38945,PO boxes,,Greenwood,MS,Post Office or large volume customer,PO BOX,38930
38955,PO boxes,,Slate Spring,MS,Post Office or large volume customer,PO BOX,38916
38958,PO boxes,,Swan Lake,MS,Post Office or large volume customer,PO BOX,38928
38959,PO boxes,,Swiftown,MS,Post Office or large volume customer,PO BOX,39038
38960,PO boxes,,Tie Plant,MS,Post Office or large volume customer,PO BOX,38901
39043,PO boxes,,Brandon,MS,Post Office or large volume customer,PO BOX,39042
39060,PO boxes,,Clinton,MS,Post Office or large volume customer,PO BOX,39056
39077,PO boxes,,Gallman,MS,Post Office or large volume customer,PO BOX,39059
39080,PO boxes,,Harperville,MS,Post Office or large volume customer,PO BOX,39074
39081,PO boxes,,Fayette,MS,Post Office or large volume customer,PO BOX,39069
39087,PO boxes,,Hillsboro,MS,Post Office or large volume customer,PO BOX,39117
39098,PO boxes,,Ludlow,MS,Post Office or large volume customer,PO BOX,39117
39107,PO boxes,,Mc Adams,MS,Post Office or large volume customer,PO BOX,39160
39109,PO boxes,,Madden,MS,Post Office or large volume customer,PO BOX,39051
39121,PO boxes,,Natchez,MS,Post Office or large volume customer,PO BOX,39120
39122,PO boxes,,Natchez,MS,Post Office or large volume customer,PO BOX,39120
39130,PO boxes,,Madison,MS,Post Office or large volume customer,PO BOX,39110
39151,PO boxes,,Puckett,MS,Post Office or large volume customer,PO BOX,39042
39158,PO boxes,,Ridgeland,MS,Post Office or large volume customer,PO BOX,39157
39161,PO boxes,,Sandhill,MS,Post Office or large volume customer,PO BOX,39047
39163,PO boxes,,Sharon,MS,Post Office or large volume customer,PO BOX,39046
39165,PO boxes,,Sibley,MS,Post Office or large volume customer,PO BOX,39120
39171,PO boxes,,Thomastown,MS,Post Office or large volume customer,PO BOX,39090
39181,PO boxes,,Vicksburg,MS,Post Office or large volume customer,PO BOX,39180
39182,PO boxes,,Vicksburg,MS,Post Office or large volume customer,PO BOX,39180
39190,PO boxes,,Washington,MS,Post Office or large volume customer,PO BOX,39120
39205,PO boxes,,Jackson,MS,Post Office or large volume customer,PO BOX,39201
39207,PO boxes,,Jackson,MS,Post Office or large volume customer,PO BOX,39201
39215,PO boxes,,Jackson,MS,Post Office or large volume customer,PO BOX,39201
39225,PO boxes,,Jackson,MS,Post Office or large volume customer,PO BOX,39201
39236,PO boxes,,Jackson,MS,Post Office or large volume customer,PO BOX,39211
39250,organization,Regions Bank,Jackson,MS,Post Office or large volume customer,UNIQUE,39201
39271,organization,Visa,Jackson,MS,Post Office or large volume customer,UNIQUE,39201
39282,PO boxes,,Jackson,MS,Post Office or large volume customer,PO BOX,39212
39283,PO boxes,,Jackson,MS,Post Office or large volume customer,PO BOX,39213
39284,PO boxes,,Jackson,MS,Post Office or large volume customer,PO BOX,39204
39286,PO boxes,,Jackson,MS,Post Office or large volume customer,PO BOX,39206
39288,PO boxes,,Pearl,MS,Post Office or large volume customer,PO BOX,39208
39289,PO boxes,,Jackson,MS,Post Office or large volume customer,PO BOX,39209
39296,PO boxes,,Jackson,MS,Post Office or large volume customer,PO BOX,39216
39298,PO boxes,,Jackson,MS,Post Office or large volume customer,PO BOX,39232
39302,PO boxes,,Meridian,MS,Post Office or large volume customer,PO BOX,39301
39303,PO boxes,,Meridian,MS,Post Office or large volume customer,PO BOX,39301
39304,PO boxes,,Meridian,MS,Post Office or large volume customer,PO BOX,39307
39403,PO boxes,,Hattiesburg,MS,Post Office or large volume customer,PO BOX,39401
39404,PO boxes,,Hattiesburg,MS,Post Office or large volume customer,PO BOX,39402
39407,organization (unnamed),,Hattiesburg,MS,Post Office or large volume customer,UNIQUE,39401
39436,PO boxes,,Eastabuchie,MS,Post Office or large volume customer,PO BOX,39459
39441,PO boxes,,Laurel,MS,Post Office or large volume customer,PO BOX,39440
39442,PO boxes,,Laurel,MS,Post Office or large volume customer,PO BOX,39440
39457,PO boxes,,Mc Neill,MS,Post Office or large volume customer,PO BOX,39426
39460,PO boxes,,Moss,MS,Post Office or large volume customer,PO BOX,39481
39463,PO boxes,,Nicholson,MS,Post Office or large volume customer,PO BOX,39466
39502,PO boxes,,Gulfport,MS,Post Office or large volume customer,PO BOX,39501
39505,PO boxes,,Gulfport,MS,Post Office or large volume customer,PO BOX,39503
39506,PO boxes,,Gulfport,MS,Post Office or large volume customer,PO BOX,39507
39521,PO boxes,,Bay Saint Louis,MS,Post Office or large volume customer,PO BOX,39520
39522,organization,Naval Ocean O Graphic,Stennis Space Center,MS,Post Office or large volume customer,UNIQUE,39529
39533,PO boxes,,Biloxi,MS,Post Office or large volume customer,PO BOX,39530
39535,PO boxes,,Biloxi,MS,Post Office or large volume customer,PO BOX,39531
39552,PO boxes,,Escatawpa,MS,Post Office or large volume customer,PO BOX,39563
39555,PO boxes,,Hurley,MS,Post Office or large volume customer,PO BOX,39562
39558,PO boxes,,Lakeshore,MS,Post Office or large volume customer,PO BOX,39520
39566,PO boxes,,Ocean Springs,MS,Post Office or large volume customer,PO BOX,39564
39568,PO boxes,,Pascagoula,MS,Post Office or large volume customer,PO BOX,39567
39569,PO boxes,,Pascagoula,MS,Post Office or large volume customer,PO BOX,39567
39602,PO boxes,,Brookhaven,MS,Post Office or large volume customer,PO BOX,39601
39603,PO boxes,,Brookhaven,MS,Post Office or large volume customer,PO BOX,39601
39632,PO boxes,,Chatawa,MS,Post Office or large volume customer,PO BOX,39652
39649,PO boxes,,McComb,MS,Post Office or large volume customer,PO BOX,39648
39703,PO boxes,,Columbus,MS,Post Office or large volume customer,PO BOX,39701
39704,PO boxes,,Columbus,MS,Post Office or large volume customer,PO BOX,39702
39710,organization (unnamed),,Columbus,MS,Zip Code Area,UNIQUE,39705
39754,PO boxes,,Montpelier,MS,Post Office or large volume customer,PO BOX,39773
39760,PO boxes,,Starkville,MS,Post Office or large volume customer,PO BOX,39759
39818,PO boxes,,Bainbridge,GA,Post Office or large volume customer,PO BOX,39817
39829,PO boxes,,Calvary,GA,Post Office or large volume customer,PO BOX,39897
39852,PO boxes,,Fowlstown,GA,Post Office or large volume customer,PO BOX,39819
39901,organization,Irs Service Center,Atlanta,GA,Post Office or large volume customer,UNIQUE,30341
40018,PO boxes,,Eastwood,KY,Post Office or large volume customer,PO BOX,40245
40027,PO boxes,,Harrods Creek,KY,Post Office or large volume customer,PO BOX,40059
40032,organization,Ky State Reformatory,La Grange,KY,Post Office or large volume customer,UNIQUE,40031
40048,PO boxes,,Nazareth,KY,Post Office or large volume customer,PO BOX,40004
40066,PO boxes,,Shelbyville,KY,Post Office or large volume customer,PO BOX,40065
40122,other,,Fort Knox,KY,Post Office or large volume customer,STANDARD,40121
40129,PO boxes,,Hillview,KY,Post Office or large volume customer,PO BOX,40229
40153,PO boxes,,Mc Quady,KY,Post Office or large volume customer,PO BOX,40119
40159,PO boxes,,Radcliff,KY,Post Office or large volume customer,PO BOX,40160
40166,organization,Zappos Inc,Shepherdsville,KY,Post Office or large volume customer,UNIQUE,40165
40201,PO boxes,,Louisville,KY,Post Office or large volume customer,PO BOX,40203
40224,PO boxes,,Louisville,KY,Post Office or large volume customer,PO BOX,40223
40225,organization,General Electric Co,Louisville,KY,Post Office or large volume customer,UNIQUE,40218
40232,PO boxes,,Louisville,KY,Post Office or large volume customer,PO BOX,40231
40233,PO boxes,,Louisville,KY,Post Office or large volume customer,PO BOX,40231
40250,PO boxes,,Louisville,KY,Post Office or large volume customer,PO BOX,40220
40251,PO boxes,,Louisville,KY,Post Office or large volume customer,PO BOX,40211
40252,PO boxes,,Louisville,KY,Post Office or large volume customer,PO BOX,40222
40253,PO boxes,,Louisville,KY,Post Office or large volume customer,PO BOX,40243
40255,PO boxes,,Louisville,KY,Post Office or large volume customer,PO BOX,40205
40256,PO boxes,,Louisville,KY,Post Office or large volume customer,PO BOX,40216
40257,PO boxes,,Louisville,KY,Post Office or large volume customer,PO BOX,40207
40259,PO boxes,,Louisville,KY,Post Office or large volume customer,PO BOX,40219
40261,PO boxes,,Louisville,KY,Post Office or large volume customer,PO BOX,40205
40266,organization,Rr Donnelly,Louisville,KY,Post Office or large volume customer,UNIQUE,40258
40268,PO boxes,,Louisville,KY,Post Office or large volume customer,PO BOX,40258
40269,PO boxes,,Louisville,KY,Post Office or large volume customer,PO BOX,40299
40270,PO boxes,,Louisville,KY,Post Office or large volume customer,PO BOX,40202
40281,organization,Rr Donnelly,Louisville,KY,Post Office or large volume customer,UNIQUE,40258
40282,organization,Readers Digest,Louisville,KY,Post Office or large volume customer,UNIQUE,40258
40283,organization,Readers Digest,Louisville,KY,Post Office or large volume customer,UNIQUE,40258
40285,PO boxes,,Louisville,KY,Post Office or large volume customer,PO BOX,40213
40287,organization,Ky Lottery Corp,Louisville,KY,Post Office or large volume customer,UNIQUE,40231
40289,organization,National City Bank,Louisville,KY,Post Office or large volume customer,UNIQUE,40213
40290,PO boxes,,Louisville,KY,Post Office or large volume customer,PO BOX,40213
40292,organization,Univ Of Louisville,Louisville,KY,Zip Code Area,UNIQUE,40208
40293,other,,Louisville,KY,Post Office or large volume customer,STANDARD,40231
40294,organization (unnamed),,Louisville,KY,Post Office or large volume customer,UNIQUE,40231
40295,PO boxes,,Louisville,KY,Post Office or large volume customer,PO BOX,40231
40296,organization,Pnc Bank,Louisville,KY,Post Office or large volume customer,UNIQUE,40213
40297,organization,Pnc Bank,Louisville,KY,Post Office or large volume customer,UNIQUE,40202
40298,PO boxes,,Louisville,KY,Post Office or large volume customer,PO BOX,40218
40317,PO boxes,,Elliottville,KY,Post Office or large volume customer,PO BOX,40351
40319,PO boxes,,Farmers,KY,Post Office or large volume customer,PO BOX,40351
40340,PO boxes,,Nicholasville,KY,Post Office or large volume customer,PO BOX,40356
40362,PO boxes,,Paris,KY,Post Office or large volume customer,PO BOX,40361
40384,organization,Quadgraphics,Versailles,KY,Post Office or large volume customer,UNIQUE,40383
40392,PO boxes,,Winchester,KY,Post Office or large volume customer,PO BOX,40391
40405,PO boxes,,Bighill,KY,Post Office or large volume customer,PO BOX,40403
40410,PO boxes,,Bryantsville,KY,Post Office or large volume customer,PO BOX,40444
40423,PO boxes,,Danville,KY,Post Office or large volume customer,PO BOX,40422
40452,PO boxes,,Mitchellsburg,KY,Post Office or large volume customer,PO BOX,40464
40473,PO boxes,,Renfro Valley,KY,Post Office or large volume customer,PO BOX,40456
40476,PO boxes,,Richmond,KY,Post Office or large volume customer,PO BOX,40475
40488,PO boxes,,Waneta,KY,Post Office or large volume customer,PO BOX,40447
40492,PO boxes,,Wildie,KY,Post Office or large volume customer,PO BOX,40456
40506,organization,University Of Ky,Lexington,KY,Zip Code Area,UNIQUE,40508
40512,PO boxes,,Lexington,KY,Post Office or large volume customer,PO BOX,40511
40522,PO boxes,,Lexington,KY,Post Office or large volume customer,PO BOX,40502
40523,PO boxes,,Lexington,KY,Post Office or large volume customer,PO BOX,40517
40524,PO boxes,,Lexington,KY,Post Office or large volume customer,PO BOX,40517
40533,PO boxes,,Lexington,KY,Post Office or large volume customer,PO BOX,40504
40544,PO boxes,,Lexington,KY,Post Office or large volume customer,PO BOX,40504
40546,organization,University Of Ky Agri Dept,Lexington,KY,Post Office or large volume customer,UNIQUE,40508
40550,organization,Lexmark,Lexington,KY,Post Office or large volume customer,UNIQUE,40511
40555,PO boxes,,Lexington,KY,Post Office or large volume customer,PO BOX,40505
40574,PO boxes,,Lexington,KY,Post Office or large volume customer,PO BOX,40511
40575,PO boxes,,Lexington,KY,Post Office or large volume customer,PO BOX,40511
40576,PO boxes,,Lexington,KY,Post Office or large volume customer,PO BOX,40511
40577,PO boxes,,Lexington,KY,Post Office or large volume customer,PO BOX,40511
40578,PO boxes,,Lexington,KY,Post Office or large volume customer,PO BOX,40511
40579,PO boxes,,Lexington,KY,Post Office or large volume customer,PO BOX,40511
40580,PO boxes,,Lexington,KY,Post Office or large volume customer,PO BOX,40511
40581,PO boxes,,Lexington,KY,Post Office or large volume customer,PO BOX,40511
40582,PO boxes,,Lexington,KY,Post Office or large volume customer,PO BOX,40511
40583,PO boxes,,Lexington,KY,Post Office or large volume customer,PO BOX,40511
40588,PO boxes,,Lexington,KY,Post Office or large volume customer,PO BOX,40508
40591,PO boxes,,Lexington,KY,Post Office or large volume customer,PO BOX,40513
40598,organization,Amazon.Com,Lexington,KY,Post Office or large volume customer,UNIQUE,40511
40602,PO boxes,,Frankfort,KY,Post Office or large volume customer,PO BOX,40601
40603,PO boxes,,Frankfort,KY,Post Office or large volume customer,PO BOX,40601
40604,PO boxes,,Frankfort,KY,Post Office or large volume customer,PO BOX,40601
40618,organization,Ky Dept Of Revenue,Frankfort,KY,Post Office or large volume customer,UNIQUE,40601
40619,organization,Division Of Sales Use Tax,Frankfort,KY,Post Office or large volume customer,UNIQUE,40601
40620,organization,Ky Dept Of Revenue,Frankfort,KY,Post Office or large volume customer,UNIQUE,40601
40621,organization,Ky Dept Human Resources,Frankfort,KY,Post Office or large volume customer,UNIQUE,40601
40622,organization,Ky Dept Of Transportation,Frankfort,KY,Post Office or large volume customer,UNIQUE,40601
40702,PO boxes,,Corbin,KY,Post Office or large volume customer,PO BOX,40701
40724,PO boxes,,Bush,KY,Post Office or large volume customer,PO BOX,40741
40730,PO boxes,,Emlyn,KY,Post Office or large volume customer,PO BOX,40769
40742,PO boxes,,London,KY,Post Office or large volume customer,PO BOX,40741
40743,PO boxes,,London,KY,Post Office or large volume customer,PO BOX,40741
40745,PO boxes,,London,KY,Post Office or large volume customer,PO BOX,40741
40750,organization,Dept Health Human Svc,London,KY,Post Office or large volume customer,UNIQUE,40741
40755,PO boxes,,Pittsburg,KY,Post Office or large volume customer,PO BOX,40741
40930,PO boxes,,DeWitt,KY,Zip Code Area,PO BOX,40939
40932,PO boxes,,Fall Rock,KY,Post Office or large volume customer,PO BOX,40962
40944,PO boxes,,Goose Rock,KY,Post Office or large volume customer,PO BOX,40962
40951,PO boxes,,Hima,KY,Post Office or large volume customer,PO BOX,40962
40955,PO boxes,,Ingram,KY,Post Office or large volume customer,PO BOX,40977
41012,PO boxes,,Covington,KY,Post Office or large volume customer,PO BOX,41011
41019,organization,Internal Revenue,Covington,KY,Post Office or large volume customer,UNIQUE,41011
41021,organization,Noram International,Hebron,KY,Post Office or large volume customer,UNIQUE,41048
41022,PO boxes,,Florence,KY,Post Office or large volume customer,PO BOX,41042
41025,organization,Pitney Bowes,Erlanger,KY,Post Office or large volume customer,UNIQUE,41048
41037,PO boxes,,Elizaville,KY,Post Office or large volume customer,PO BOX,41039
41053,PO boxes,,Kenton,KY,Post Office or large volume customer,PO BOX,41063
41054,PO boxes,,Mason,KY,Post Office or large volume customer,PO BOX,41097
41061,PO boxes,,Milford,KY,Post Office or large volume customer,PO BOX,41064
41062,PO boxes,,Minerva,KY,Post Office or large volume customer,PO BOX,41034
41072,PO boxes,,Newport,KY,Post Office or large volume customer,PO BOX,41071
41081,PO boxes,,Plummers Landing,KY,Post Office or large volume customer,PO BOX,41093
41096,PO boxes,,Washington,KY,Post Office or large volume customer,PO BOX,41056
41099,organization,Northern Kentucky University,Newport,KY,Zip Code Area,UNIQUE,41076
41105,PO boxes,,Ashland,KY,Post Office or large volume customer,PO BOX,41101
41114,organization,Ashland Oil Inc,Ashland,KY,Post Office or large volume customer,UNIQUE,41101
41128,PO boxes,,Carter,KY,Post Office or large volume customer,PO BOX,41164
41160,delivery area,,Mazie,KY,Zip Code Area,STANDARD,41159
41173,PO boxes,,Soldier,KY,Post Office or large volume customer,PO BOX,41164
41347,PO boxes,,Lone,KY,Post Office or large volume customer,PO BOX,41311
41368,PO boxes,,Saint Helens,KY,Post Office or large volume customer,PO BOX,41311
41413,PO boxes,,Crockett,KY,Post Office or large volume customer,PO BOX,41472
41426,PO boxes,,Falcon,KY,Post Office or large volume customer,PO BOX,41465
41451,PO boxes,,Malone,KY,Post Office or large volume customer,PO BOX,41472
41477,PO boxes,,Wrigley,KY,Post Office or large volume customer,PO BOX,41472
41502,PO boxes,,Pikeville,KY,Post Office or large volume customer,PO BOX,41501
41520,PO boxes,,Dorton,KY,Post Office or large volume customer,PO BOX,41537
41542,PO boxes,,Lookout,KY,Post Office or large volume customer,PO BOX,41522
41549,PO boxes,,Myra,KY,Post Office or large volume customer,PO BOX,41537
41561,PO boxes,,Rockhouse,KY,Post Office or large volume customer,PO BOX,41522
41702,PO boxes,,Hazard,KY,Post Office or large volume customer,PO BOX,41701
41736,PO boxes,,Dice,KY,Zip Code Area,PO BOX,41701
41743,PO boxes,,Fisty,KY,Zip Code Area,PO BOX,41701
42002,PO boxes,,Paducah,KY,Post Office or large volume customer,PO BOX,42001
42033,PO boxes,,Crayne,KY,Post Office or large volume customer,PO BOX,42064
42063,PO boxes,,Lynnville,KY,Post Office or large volume customer,PO BOX,42079
42070,PO boxes,,Milburn,KY,Post Office or large volume customer,PO BOX,42021
42102,PO boxes,,Bowling Green,KY,Post Office or large volume customer,PO BOX,42101
42128,PO boxes,,Bowling Green,KY,Post Office or large volume customer,PO BOX,42104
42135,PO boxes,,Franklin,KY,Post Office or large volume customer,PO BOX,42134
42142,PO boxes,,Glasgow,KY,Post Office or large volume customer,PO BOX,42141
42152,PO boxes,,Hiseville,KY,Post Office or large volume customer,PO BOX,42141
42201,PO boxes,,Aberdeen,KY,Post Office or large volume customer,PO BOX,42261
42216,PO boxes,,Clifty,KY,Post Office or large volume customer,PO BOX,42220
42219,PO boxes,,Dunbar,KY,Post Office or large volume customer,PO BOX,42261
42221,PO boxes,,Fairview,KY,Post Office or large volume customer,PO BOX,42266
42241,PO boxes,,Hopkinsville,KY,Post Office or large volume customer,PO BOX,42240
42288,PO boxes,,Woodbury,KY,Post Office or large volume customer,PO BOX,42261
42302,PO boxes,,Owensboro,KY,Post Office or large volume customer,PO BOX,42303
42304,PO boxes,,Owensboro,KY,Post Office or large volume customer,PO BOX,42301
42334,PO boxes,,Curdsville,KY,Post Office or large volume customer,PO BOX,42301
42364,PO boxes,,Hawesville,KY,Post Office or large volume customer,PO BOX,42348
42377,PO boxes,,West Louisville,KY,Post Office or large volume customer,PO BOX,42301
42402,PO boxes,,Baskett,KY,Post Office or large volume customer,PO BOX,42420
42419,PO boxes,,Henderson,KY,Post Office or large volume customer,PO BOX,42420
42457,PO boxes,,Smith Mills,KY,Post Office or large volume customer,PO BOX,42420
42460,PO boxes,,Sullivan,KY,Post Office or large volume customer,PO BOX,42459
42502,PO boxes,,Somerset,KY,Post Office or large volume customer,PO BOX,42501
42558,PO boxes,,Tateville,KY,Post Office or large volume customer,PO BOX,42519
42564,PO boxes,,West Somerset,KY,Post Office or large volume customer,PO BOX,42501
42702,PO boxes,,Elizabethtown,KY,Post Office or large volume customer,PO BOX,42701
42719,PO boxes,,Campbellsville,KY,Post Office or large volume customer,PO BOX,42718
42720,PO boxes,,Cane Valley,KY,Post Office or large volume customer,PO BOX,42728
42755,PO boxes,,Leitchfield,KY,Post Office or large volume customer,PO BOX,42754
43041,organization,O M Scott Co,Marysville,OH,Post Office or large volume customer,UNIQUE,43040
43048,PO boxes,,Mount Liberty,OH,Post Office or large volume customer,PO BOX,43050
43058,PO boxes,,Newark,OH,Post Office or large volume customer,PO BOX,43055
43069,organization,Victorias Secret,Reynoldsburg,OH,Post Office or large volume customer,UNIQUE,43068
43073,PO boxes,,Summit Station,OH,Post Office or large volume customer,PO BOX,43062
43083,PO boxes,,Westville,OH,Post Office or large volume customer,PO BOX,43078
43086,PO boxes,,Westerville,OH,Post Office or large volume customer,PO BOX,43082
43093,organization,State Farm Insurance,Newark,OH,Post Office or large volume customer,UNIQUE,43055
43194,organization,Shared Zip Code,Lockbourne,OH,Post Office or large volume customer,UNIQUE,43137
43195,organization,Gap Inc Direct,Groveport,OH,Post Office or large volume customer,UNIQUE,43125
43199,organization,Dist Fulfillment Svc,Groveport,OH,Post Office or large volume customer,UNIQUE,43125
43216,PO boxes,,Columbus,OH,Post Office or large volume customer,PO BOX,43215
43226,PO boxes,,Columbus,OH,Post Office or large volume customer,PO BOX,43229
43234,PO boxes,,Columbus,OH,Post Office or large volume customer,PO BOX,43235
43236,PO boxes,,Columbus,OH,Post Office or large volume customer,PO BOX,43218
43251,organization,National City Bank,Columbus,OH,Post Office or large volume customer,UNIQUE,43222
43260,organization,Huntington National Bank,Columbus,OH,Post Office or large volume customer,UNIQUE,43215
43266,organization,State Departments Of Ohio,Columbus,OH,Post Office or large volume customer,UNIQUE,43215
43268,organization,Huntington National Bank,Columbus,OH,Post Office or large volume customer,UNIQUE,43215
43270,organization,Ohio Dept Of Taxation,Columbus,OH,Post Office or large volume customer,UNIQUE,43215
43271,organization,Bank One,Columbus,OH,Post Office or large volume customer,UNIQUE,43215
43272,business reply mail,Main Office Box Brm,Columbus,OH,Post Office or large volume customer,UNIQUE,43215
43279,organization,Shared Zip Code,Columbus,OH,Post Office or large volume customer,UNIQUE,43215
43287,organization,Huntington National Bank,Columbus,OH,Post Office or large volume customer,UNIQUE,43215
43291,organization,Eddie Bauer Co,Columbus,OH,Post Office or large volume customer,UNIQUE,43228
43301,PO boxes,,Marion,OH,Post Office or large volume customer,PO BOX,43302
43335,PO boxes,,Martel,OH,Post Office or large volume customer,PO BOX,43314
43349,PO boxes,,Shauck,OH,Post Office or large volume customer,PO BOX,43338
43441,PO boxes,,Lemoyne,OH,Post Office or large volume customer,PO BOX,43551
43550,PO boxes,,Okolona,OH,Post Office or large volume customer,PO BOX,43545
43552,PO boxes,,Perrysburg,OH,Post Office or large volume customer,PO BOX,43551
43601,other,,Toledo,OH,Post Office or large volume customer,STANDARD,43604
43603,PO boxes,,Toledo,OH,Post Office or large volume customer,PO BOX,43604
43635,PO boxes,,Toledo,OH,Post Office or large volume customer,PO BOX,43615
43652,organization,Toledo Edison,Toledo,OH,Post Office or large volume customer,UNIQUE,43604
43654,organization,Natl Family Opinion,Toledo,OH,Post Office or large volume customer,UNIQUE,43619
43656,organization,Blue Cross Hosp Serv,Toledo,OH,Post Office or large volume customer,UNIQUE,43623
43657,organization,Chrysler Corp Toledo Assy,Toledo,OH,Post Office or large volume customer,UNIQUE,43610
43659,organization,Owens Corning,Toledo,OH,Post Office or large volume customer,UNIQUE,43604
43660,organization,Toledo Blade,Toledo,OH,Post Office or large volume customer,UNIQUE,43604
43661,organization,Champion Spark Plug,Toledo,OH,Post Office or large volume customer,UNIQUE,43607
43666,organization,Owens Illinois,Toledo,OH,Post Office or large volume customer,UNIQUE,43604
43667,organization,Dept Of Public Utilities,Toledo,OH,Post Office or large volume customer,UNIQUE,43604
43681,business reply mail,Courtesy Reply Firm Zip,Toledo,OH,Post Office or large volume customer,UNIQUE,43604
43682,business reply mail,Business Reply Firm Zip,Toledo,OH,Post Office or large volume customer,UNIQUE,43604
43697,PO boxes,,Toledo,OH,Post Office or large volume customer,PO BOX,43604
43699,PO boxes,,Toledo,OH,Post Office or large volume customer,PO BOX,43604
43702,PO boxes,,Zanesville,OH,Post Office or large volume customer,PO BOX,43701
43752,PO boxes,,Laings,OH,Post Office or large volume customer,PO BOX,43793
43757,PO boxes,,Malaga,OH,Zip Code Area,PO BOX,43747
43803,PO boxes,,Bakersville,OH,Post Office or large volume customer,PO BOX,43832
43828,PO boxes,,Keene,OH,Post Office or large volume customer,PO BOX,43812
43916,PO boxes,,Colerain,OH,Post Office or large volume customer,PO BOX,43912
43927,PO boxes,,Fairpoint,OH,Post Office or large volume customer,PO BOX,43950
43937,PO boxes,,Maynard,OH,Post Office or large volume customer,PO BOX,43912
43941,PO boxes,,Piney Fork,OH,Post Office or large volume customer,PO BOX,43917
43970,PO boxes,,Wolf Run,OH,Post Office or large volume customer,PO BOX,43903
43984,PO boxes,,New Rumley,OH,Post Office or large volume customer,PO BOX,43986
44005,PO boxes,,Ashtabula,OH,Post Office or large volume customer,PO BOX,44004
44033,PO boxes,,East Claridon,OH,Post Office or large volume customer,PO BOX,44024
44036,PO boxes,,Elyria,OH,Post Office or large volume customer,PO BOX,44035
44061,PO boxes,,Mentor,OH,Post Office or large volume customer,PO BOX,44060
44073,organization,Asm International; Materials Park,Novelty,OH,Post Office or large volume customer,UNIQUE,44072
44088,PO boxes,,Unionville,OH,Post Office or large volume customer,PO BOX,44041
44096,PO boxes,,Willoughby,OH,Post Office or large volume customer,PO BOX,44094
44097,PO boxes,,Eastlake,OH,Post Office or large volume customer,PO BOX,44095
44181,PO boxes,,Cleveland,OH,Post Office or large volume customer,PO BOX,44135
44188,organization,Firestone Tire & Rub Co,Cleveland,OH,Post Office or large volume customer,UNIQUE,44115
44190,organization,Key Bank,Cleveland,OH,Post Office or large volume customer,UNIQUE,44106
44191,organization,Key Corp,Cleveland,OH,Post Office or large volume customer,UNIQUE,44113
44192,organization,Huntington Bank,Cleveland,OH,Post Office or large volume customer,UNIQUE,44115
44193,organization,National City Bank,Cleveland,OH,Post Office or large volume customer,UNIQUE,44113
44194,organization,Key Bank,Cleveland,OH,Post Office or large volume customer,UNIQUE,44114
44195,organization,Cleveland Clinic Foundation,Cleveland,OH,Post Office or large volume customer,UNIQUE,44106
44197,business reply mail,Brm Unique Firm Zip,Cleveland,OH,Post Office or large volume customer,UNIQUE,44101
44198,organization,Ohio Motorists,Cleveland,OH,Post Office or large volume customer,UNIQUE,44115
44199,PO boxes,,Cleveland,OH,Post Office or large volume customer,PO BOX,44114
44210,PO boxes,,Bath,OH,Post Office or large volume customer,PO BOX,44333
44211,PO boxes,,Brady Lake,OH,Post Office or large volume customer,PO BOX,44240
44222,PO boxes,,Cuyahoga Falls,OH,Post Office or large volume customer,PO BOX,44221
44237,organization,Allstate Ins Co,Hudson,OH,Post Office or large volume customer,UNIQUE,44236
44242,organization,Kent State University,Kent,OH,Post Office or large volume customer,UNIQUE,44240
44258,PO boxes,,Medina,OH,Post Office or large volume customer,PO BOX,44256
44265,PO boxes,,Randolph,OH,Post Office or large volume customer,PO BOX,44201
44282,PO boxes,,Wadsworth,OH,Post Office or large volume customer,PO BOX,44281
44309,PO boxes,,Akron,OH,Post Office or large volume customer,PO BOX,44311
44315,organization,Lockhead Martin,Akron,OH,Post Office or large volume customer,UNIQUE,44306
44316,organization,Goodyear Tire,Akron,OH,Post Office or large volume customer,UNIQUE,44306
44317,organization,Firestone Tire & Rub Co,Akron,OH,Post Office or large volume customer,UNIQUE,44301
44326,organization,Akron Public Lib,Akron,OH,Post Office or large volume customer,UNIQUE,44308
44328,organization,Akron Beacon Journal,Akron,OH,Post Office or large volume customer,UNIQUE,44308
44334,PO boxes,,Fairlawn,OH,Post Office or large volume customer,PO BOX,44313
44372,PO boxes,,Akron,OH,Post Office or large volume customer,PO BOX,44311
44396,organization,Target,Akron,OH,Post Office or large volume customer,UNIQUE,44311
44398,business reply mail,Akron Business Reply,Akron,OH,Post Office or large volume customer,UNIQUE,44311
44416,PO boxes,,Ellsworth,OH,Post Office or large volume customer,PO BOX,44451
44422,PO boxes,,Greenford,OH,Post Office or large volume customer,PO BOX,44406
44453,PO boxes,,Orangeville,OH,Post Office or large volume customer,PO BOX,44404
44482,PO boxes,,Warren,OH,Post Office or large volume customer,PO BOX,44481
44486,organization,Packard Elec Co Div Gm,Warren,OH,Post Office or large volume customer,UNIQUE,44481
44492,PO boxes,,West Point,OH,Post Office or large volume customer,PO BOX,44432
44501,PO boxes,,Youngstown,OH,Post Office or large volume customer,PO BOX,44503
44513,PO boxes,,Youngstown,OH,Post Office or large volume customer,PO BOX,44512
44617,PO boxes,,Charm,OH,Post Office or large volume customer,PO BOX,44654
44636,PO boxes,,Kidron,OH,Post Office or large volume customer,PO BOX,44618
44648,PO boxes,,Massillon,OH,Post Office or large volume customer,PO BOX,44646
44650,PO boxes,,Maximo,OH,Post Office or large volume customer,PO BOX,44601
44679,PO boxes,,Stillwater,OH,Post Office or large volume customer,PO BOX,44683
44701,PO boxes,,Canton,OH,Post Office or large volume customer,PO BOX,44709
44711,PO boxes,,Canton,OH,Post Office or large volume customer,PO BOX,44709
44735,PO boxes,,Canton,OH,Post Office or large volume customer,PO BOX,44718
44750,organization,Consumer Direct Inc,Canton,OH,Post Office or large volume customer,UNIQUE,44710
44767,organization,Suarez Corporation,Canton,OH,Post Office or large volume customer,UNIQUE,44720
44799,business reply mail,Canton Brm; Canton Business Reply,Canton,OH,Post Office or large volume customer,UNIQUE,44709
44816,PO boxes,,Birmingham,OH,Post Office or large volume customer,PO BOX,44889
44845,PO boxes,,Melmore,OH,Post Office or large volume customer,PO BOX,44883
44848,PO boxes,,Nankin,OH,Post Office or large volume customer,PO BOX,44805
44860,PO boxes,,Oceola,OH,Post Office or large volume customer,PO BOX,44849
44862,PO boxes,,Ontario,OH,Post Office or large volume customer,PO BOX,44903
44871,PO boxes,,Sandusky,OH,Post Office or large volume customer,PO BOX,44870
44888,organization,Lsc Communications,Willard,OH,Post Office or large volume customer,UNIQUE,44890
45004,PO boxes,,Collinsville,OH,Post Office or large volume customer,PO BOX,45013
45012,PO boxes,,Hamilton,OH,Post Office or large volume customer,PO BOX,45011
45018,PO boxes,,Fairfield,OH,Post Office or large volume customer,PO BOX,45014
45061,PO boxes,,Ross,OH,Post Office or large volume customer,PO BOX,45013
45063,PO boxes,,Shandon,OH,Post Office or large volume customer,PO BOX,45013
45071,PO boxes,,West Chester,OH,Post Office or large volume customer,PO BOX,45069
45114,PO boxes,,Cuba,OH,Post Office or large volume customer,PO BOX,45177
45201,PO boxes,,Cincinnati,OH,Post Office or large volume customer,PO BOX,45202
45221,organization,University Of Cincinnati,Cincinnati,OH,Post Office or large volume customer,UNIQUE,45219
45222,PO boxes,,Cincinnati,OH,Post Office or large volume customer,PO BOX,45237
45234,other,,Cincinnati,OH,Post Office or large volume customer,STANDARD,45214
45235,other,,Cincinnati,OH,Post Office or large volume customer,STANDARD,45069
45250,PO boxes,,Cincinnati,OH,Post Office or large volume customer,PO BOX,45214
45253,PO boxes,,Cincinnati,OH,Post Office or large volume customer,PO BOX,45251
45254,PO boxes,,Cincinnati,OH,Post Office or large volume customer,PO BOX,45255
45258,PO boxes,,Cincinnati,OH,Post Office or large volume customer,PO BOX,45248
45262,PO boxes,,Cincinnati,OH,Post Office or large volume customer,PO BOX,45241
45263,organization,Fifth Third Bank,Cincinnati,OH,Post Office or large volume customer,UNIQUE,45202
45264,organization,First National Bank,Cincinnati,OH,Post Office or large volume customer,UNIQUE,45203
45268,organization,Envir Pro Agency,Cincinnati,OH,Post Office or large volume customer,UNIQUE,45220
45269,organization,Provident Bank,Cincinnati,OH,Post Office or large volume customer,UNIQUE,45225
45270,organization,Huntington National Bank,Cincinnati,OH,Post Office or large volume customer,UNIQUE,45203
45271,organization,Key Bank,Cincinnati,OH,Post Office or large volume customer,UNIQUE,45225
45273,business reply mail,Business Reply,Cincinnati,OH,Post Office or large volume customer,UNIQUE,45214
45274,organization,Commercial Accounts; Commercial Accts,Cincinnati,OH,Post Office or large volume customer,UNIQUE,45225
45275,PO boxes,Amf; Cin Arprt,Cincinnati,KY,Zip Code Area,PO BOX,41048
45277,organization,Fidelity Investments,Cincinnati,KY,Post Office or large volume customer,UNIQUE,45209
45280,PO boxes,,Cincinnati,OH,Post Office or large volume customer,PO BOX,45214
45296,organization,Central Trust Co,Cincinnati,OH,Post Office or large volume customer,UNIQUE,45203
45298,organization,Internal Revenue Service,Cincinnati,KY,Post Office or large volume customer,UNIQUE,45202
45299,organization,Pg Contest Mail,Cincinnati,OH,Post Office or large volume customer,UNIQUE,45202
45343,PO boxes,,Miamisburg,OH,Post Office or large volume customer,PO BOX,45342
45367,organization,Amos Press Inc,Sidney,OH,Post Office or large volume customer,UNIQUE,45365
45374,organization,Hobart Corp,Troy,OH,Post Office or large volume customer,UNIQUE,45373
45401,PO boxes,,Dayton,OH,Post Office or large volume customer,PO BOX,45402
45412,organization,National City Bank,Dayton,OH,Post Office or large volume customer,UNIQUE,45402
45413,PO boxes,,Dayton,OH,Post Office or large volume customer,PO BOX,45414
45422,organization,Montgomery Cnty Admnstrv,Dayton,OH,Post Office or large volume customer,UNIQUE,45402
45437,PO boxes,,Dayton,OH,Post Office or large volume customer,PO BOX,45431
45441,PO boxes,,Dayton,OH,Post Office or large volume customer,PO BOX,45459
45448,organization,Metropolitan Life,Dayton,OH,Post Office or large volume customer,UNIQUE,45342
45470,organization,Metropolitan Medical Claims,Dayton,OH,Post Office or large volume customer,UNIQUE,45342
45475,PO boxes,,Dayton,OH,Post Office or large volume customer,PO BOX,45459
45479,other,,Dayton,OH,Post Office or large volume customer,STANDARD,45409
45481,business reply mail,Dayton Courtesy Reply Mail,Dayton,OH,Post Office or large volume customer,UNIQUE,45430
45482,business reply mail,Dayton Business Reply Mail,Dayton,OH,Post Office or large volume customer,UNIQUE,45402
45490,PO boxes,,Dayton,OH,Post Office or large volume customer,PO BOX,45414
45633,PO boxes,,Hallsville,OH,Post Office or large volume customer,PO BOX,45644
45643,PO boxes,,Kerr,OH,Post Office or large volume customer,PO BOX,45614
45675,PO boxes,,Rock Camp,OH,Zip Code Area,PO BOX,45638
45683,PO boxes,,Stockdale,OH,Post Office or large volume customer,PO BOX,45613
45687,PO boxes,,Wakefield,OH,Post Office or large volume customer,PO BOX,45661
45712,PO boxes,,Barlow,OH,Post Office or large volume customer,PO BOX,45784
45713,PO boxes,,Bartlett,OH,Post Office or large volume customer,PO BOX,45724
45717,PO boxes,,Carbondale,OH,Post Office or large volume customer,PO BOX,45764
45777,PO boxes,,Sharpsburg,OH,Post Office or large volume customer,PO BOX,45711
45787,PO boxes,,Watertown,OH,Post Office or large volume customer,PO BOX,45786
45802,PO boxes,,Lima,OH,Post Office or large volume customer,PO BOX,45801
45837,PO boxes,,Dupont,OH,Post Office or large volume customer,PO BOX,45831
45839,PO boxes,,Findlay,OH,Post Office or large volume customer,PO BOX,45840
45999,organization,Internal Revenue Service,Cincinnati,KY,Post Office or large volume customer,UNIQUE,41011
46014,PO boxes,,Anderson,IN,Post Office or large volume customer,PO BOX,46011
46015,PO boxes,,Anderson,IN,Post Office or large volume customer,PO BOX,46016
46018,PO boxes,,Anderson,IN,Post Office or large volume customer,PO BOX,46011
46061,PO boxes,,Noblesville,IN,Post Office or large volume customer,PO BOX,46060
46067,PO boxes,,Sedalia,IN,Post Office or large volume customer,PO BOX,46041
46082,PO boxes,,Carmel,IN,Post Office or large volume customer,PO BOX,46032
46085,organization,Newgistics Merchandise Retrn,Fishers,IN,Post Office or large volume customer,UNIQUE,46038
46129,PO boxes,,Finly,IN,Post Office or large volume customer,PO BOX,46130
46207,PO boxes,,Indianapolis,IN,Post Office or large volume customer,PO BOX,46206
46209,business reply mail,Bus Reply; Business Reply; Indianapolis Brm,Indianapolis,IN,Post Office or large volume customer,UNIQUE,46225
46213,organization,Ww Grainger Inc,Indianapolis,IN,Post Office or large volume customer,UNIQUE,46202
46230,PO boxes,,Indianapolis,IN,Post Office or large volume customer,PO BOX,46220
46242,PO boxes,,Indianapolis,IN,Post Office or large volume customer,PO BOX,46241
46244,PO boxes,,Indianapolis,IN,Post Office or large volume customer,PO BOX,46204
46247,PO boxes,,Indianapolis,IN,Post Office or large volume customer,PO BOX,46227
46249,organization,Army Finance Center; Army Finance Ctr; Fort Benjamin Harrison,Indianapolis,IN,Post Office or large volume customer,UNIQUE,46216
46251,PO boxes,,Indianapolis,IN,Post Office or large volume customer,PO BOX,46241
46253,PO boxes,,Indianapolis,IN,Post Office or large volume customer,PO BOX,46254
46255,organization,Merchants Bank; Pnc Bank,Indianapolis,IN,Post Office or large volume customer,UNIQUE,46204
46262,organization,Huntington Bank,Indianapolis,IN,Post Office or large volume customer,UNIQUE,46204
46277,organization,Chase Bank,Indianapolis,IN,Post Office or large volume customer,UNIQUE,46204
46282,other,,Indianapolis,IN,Post Office or large volume customer,STANDARD,46204
46283,organization,Brylane,Indianapolis,IN,Post Office or large volume customer,UNIQUE,46201
46285,organization,Eli Lilly Co,Indianapolis,IN,Post Office or large volume customer,UNIQUE,46221
46288,organization,Shared Zip Code,Indianapolis,IN,Post Office or large volume customer,UNIQUE,46204
46298,organization,Greater Indiana District,Indianapolis,IN,Post Office or large volume customer,UNIQUE,46268
46308,PO boxes,,Crown Point,IN,Post Office or large volume customer,PO BOX,46307
46325,PO boxes,,Hammond,IN,Post Office or large volume customer,PO BOX,46320
46352,PO boxes,,La Porte,IN,Post Office or large volume customer,PO BOX,46350
46355,PO boxes,,Leroy,IN,Post Office or large volume customer,PO BOX,46307
46361,PO boxes,,Michigan City,IN,Post Office or large volume customer,PO BOX,46360
46372,PO boxes,,Roselawn,IN,Post Office or large volume customer,PO BOX,46310
46380,PO boxes,,Tefft,IN,Post Office or large volume customer,PO BOX,46392
46384,PO boxes,,Valparaiso,IN,Post Office or large volume customer,PO BOX,46383
46401,PO boxes,,Gary,IN,Post Office or large volume customer,PO BOX,46402
46411,PO boxes,,Merrillville,IN,Post Office or large volume customer,PO BOX,46410
46515,PO boxes,,Elkhart,IN,Post Office or large volume customer,PO BOX,46516
46527,PO boxes,,Goshen,IN,Post Office or large volume customer,PO BOX,46526
46546,PO boxes,,Mishawaka,IN,Post Office or large volume customer,PO BOX,46544
46581,PO boxes,,Warsaw,IN,Post Office or large volume customer,PO BOX,46580
46626,organization,South Bend Tribune,South Bend,IN,Post Office or large volume customer,UNIQUE,46601
46634,PO boxes,,South Bend,IN,Post Office or large volume customer,PO BOX,46601
46660,PO boxes,,South Bend,IN,Post Office or large volume customer,PO BOX,46615
46680,PO boxes,,South Bend,IN,Post Office or large volume customer,PO BOX,46614
46699,business reply mail,Business Reply; South Bend Brm,South Bend,IN,Post Office or large volume customer,UNIQUE,46601
46713,PO boxes,,Bippus,IN,Post Office or large volume customer,PO BOX,46750
46769,PO boxes,,Linn Grove,IN,Post Office or large volume customer,PO BOX,46711
46780,PO boxes,,Pleasant Mills,IN,Post Office or large volume customer,PO BOX,46733
46782,PO boxes,,Preble,IN,Post Office or large volume customer,PO BOX,46733
46801,PO boxes,,Fort Wayne,IN,Post Office or large volume customer,PO BOX,46802
46850,PO boxes,,Fort Wayne,IN,Post Office or large volume customer,PO BOX,46802
46851,PO boxes,,Fort Wayne,IN,Post Office or large volume customer,PO BOX,46802
46852,PO boxes,,Fort Wayne,IN,Post Office or large volume customer,PO BOX,46802
46853,PO boxes,,Fort Wayne,IN,Post Office or large volume customer,PO BOX,46802
46854,PO boxes,,Fort Wayne,IN,Post Office or large volume customer,PO BOX,46802
46855,PO boxes,,Fort Wayne,IN,Post Office or large volume customer,PO BOX,46802
46856,PO boxes,,Fort Wayne,IN,Post Office or large volume customer,PO BOX,46802
46857,PO boxes,,Fort Wayne,IN,Post Office or large volume customer,PO BOX,46802
46858,PO boxes,,Fort Wayne,IN,Post Office or large volume customer,PO BOX,46802
46859,PO boxes,,Fort Wayne,IN,Post Office or large volume customer,PO BOX,46802
46860,PO boxes,,Fort Wayne,IN,Post Office or large volume customer,PO BOX,46802
46861,PO boxes,,Fort Wayne,IN,Post Office or large volume customer,PO BOX,46802
46862,PO boxes,,Fort Wayne,IN,Post Office or large volume customer,PO BOX,46802
46863,PO boxes,,Fort Wayne,IN,Post Office or large volume customer,PO BOX,46802
46864,PO boxes,,Fort Wayne,IN,Post Office or large volume customer,PO BOX,46802
46865,PO boxes,,Fort Wayne,IN,Post Office or large volume customer,PO BOX,46802
46866,PO boxes,,Fort Wayne,IN,Post Office or large volume customer,PO BOX,46802
46867,PO boxes,,Fort Wayne,IN,Post Office or large volume customer,PO BOX,46802
46868,PO boxes,,Fort Wayne,IN,Post Office or large volume customer,PO BOX,46802
46869,PO boxes,,Fort Wayne,IN,Post Office or large volume customer,PO BOX,46802
46885,PO boxes,,Fort Wayne,IN,Post Office or large volume customer,PO BOX,46835
46895,PO boxes,,Fort Wayne,IN,Post Office or large volume customer,PO BOX,46805
46896,PO boxes,,Fort Wayne,IN,Post Office or large volume customer,PO BOX,46806
46897,business reply mail,Business Reply; Fort Wayne Brm,Fort Wayne,IN,Post Office or large volume customer,UNIQUE,46819
46898,PO boxes,,Fort Wayne,IN,Post Office or large volume customer,PO BOX,46808
46899,PO boxes,,Fort Wayne,IN,Post Office or large volume customer,PO BOX,46809
46903,PO boxes,,Kokomo,IN,Post Office or large volume customer,PO BOX,46901
46904,PO boxes,,Kokomo,IN,Post Office or large volume customer,PO BOX,46902
46912,PO boxes,,Athens,IN,Post Office or large volume customer,PO BOX,46975
46916,PO boxes,,Burrows,IN,Post Office or large volume customer,PO BOX,46923
46921,PO boxes,,Deedsville,IN,Post Office or large volume customer,PO BOX,46951
46935,PO boxes,,Grass Creek,IN,Post Office or large volume customer,PO BOX,46939
46942,PO boxes,,Lake Cicott,IN,Post Office or large volume customer,PO BOX,46947
46977,delivery area,,Rockfield,IN,Zip Code Area,STANDARD,46923
46995,PO boxes,,West Middleton,IN,Post Office or large volume customer,PO BOX,46979
47019,PO boxes,,East Enterprise,IN,Post Office or large volume customer,PO BOX,47043
47039,PO boxes,,Pierceville,IN,Post Office or large volume customer,PO BOX,47031
47107,PO boxes,,Bradford,IN,Post Office or large volume customer,PO BOX,47164
47131,PO boxes,,Jeffersonville,IN,Post Office or large volume customer,PO BOX,47130
47132,organization,Bureau Of The Census,Jeffersonville,IN,Post Office or large volume customer,UNIQUE,47130
47133,organization,Bureau Of The Census,Jeffersonville,IN,Post Office or large volume customer,UNIQUE,47130
47134,organization,Bureau Of The Census,Jeffersonville,IN,Post Office or large volume customer,UNIQUE,47130
47144,organization,Agricultural Census,Jeffersonville,IN,Post Office or large volume customer,UNIQUE,47130
47146,PO boxes,,Mount Saint Francis,IN,Post Office or large volume customer,PO BOX,47119
47151,PO boxes,,New Albany,IN,Post Office or large volume customer,PO BOX,47150
47190,PO boxes,,Jeffersonville,IN,Post Office or large volume customer,PO BOX,47130
47199,organization (unnamed),,Jeffersonville,IN,Post Office or large volume customer,UNIQUE,47130
47202,PO boxes,,Columbus,IN,Post Office or large volume customer,PO BOX,47201
47228,PO boxes,,Cortland,IN,Post Office or large volume customer,PO BOX,47274
47245,PO boxes,,Hayden,IN,Post Office or large volume customer,PO BOX,47265
47249,PO boxes,,Kurtz,IN,Post Office or large volume customer,PO BOX,47264
47307,PO boxes,,Muncie,IN,Post Office or large volume customer,PO BOX,47302
47308,PO boxes,,Muncie,IN,Post Office or large volume customer,PO BOX,47305
47322,PO boxes,,Bentonville,IN,Post Office or large volume customer,PO BOX,47331
47375,PO boxes,,Richmond,IN,Post Office or large volume customer,PO BOX,47374
47402,PO boxes,,Bloomington,IN,Post Office or large volume customer,PO BOX,47401
47407,PO boxes,,Bloomington,IN,Post Office or large volume customer,PO BOX,47408
47426,PO boxes,,Clear Creek,IN,Post Office or large volume customer,PO BOX,47403
47463,PO boxes,,Stanford,IN,Post Office or large volume customer,PO BOX,47403
47536,PO boxes,,Fulda,IN,Post Office or large volume customer,PO BOX,47531
47545,PO boxes,,Ireland,IN,Post Office or large volume customer,PO BOX,47546
47547,PO boxes,,Jasper,IN,Post Office or large volume customer,PO BOX,47546
47549,organization,Kimball International; Kimball Intl,Jasper,IN,Post Office or large volume customer,UNIQUE,47546
47556,PO boxes,,Mariah Hill,IN,Zip Code Area,PO BOX,47532
47617,PO boxes,,Hatfield,IN,Post Office or large volume customer,PO BOX,47634
47618,PO boxes,,Inglefield,IN,Post Office or large volume customer,PO BOX,47725
47629,PO boxes,,Newburgh,IN,Post Office or large volume customer,PO BOX,47630
47647,delivery area,,Buckskin,IN,Zip Code Area,STANDARD,47613
47701,PO boxes,,Evansville,IN,Post Office or large volume customer,PO BOX,47708
47702,PO boxes,,Evansville,IN,Post Office or large volume customer,PO BOX,47708
47703,PO boxes,,Evansville,IN,Post Office or large volume customer,PO BOX,47708
47704,PO boxes,,Evansville,IN,Post Office or large volume customer,PO BOX,47708
47705,PO boxes,,Evansville,IN,Post Office or large volume customer,PO BOX,47708
47706,PO boxes,,Evansville,IN,Post Office or large volume customer,PO BOX,47708
47716,PO boxes,,Evansville,IN,Post Office or large volume customer,PO BOX,47715
47719,PO boxes,,Evansville,IN,Post Office or large volume customer,PO BOX,47712
47721,organization,Mead Johnson Co,Evansville,IN,Post Office or large volume customer,UNIQUE,47712
47722,organization,University Of Evansville,Evansville,IN,Zip Code Area,UNIQUE,47714
47724,PO boxes,,Evansville,IN,Post Office or large volume customer,PO BOX,47710
47728,PO boxes,,Evansville,IN,Post Office or large volume customer,PO BOX,47714
47730,PO boxes,,Evansville,IN,Post Office or large volume customer,PO BOX,47708
47731,PO boxes,,Evansville,IN,Post Office or large volume customer,PO BOX,47708
47732,PO boxes,,Evansville,IN,Post Office or large volume customer,PO BOX,47708
47733,PO boxes,,Evansville,IN,Post Office or large volume customer,PO BOX,47708
47734,PO boxes,,Evansville,IN,Post Office or large volume customer,PO BOX,47708
47735,PO boxes,,Evansville,IN,Post Office or large volume customer,PO BOX,47708
47736,PO boxes,,Evansville,IN,Post Office or large volume customer,PO BOX,47708
47737,PO boxes,,Evansville,IN,Post Office or large volume customer,PO BOX,47708
47740,organization,Waterworks Dept,Evansville,IN,Post Office or large volume customer,UNIQUE,47710
47747,organization,Deaconess Hospital,Evansville,IN,Post Office or large volume customer,UNIQUE,47710
47750,organization,Saint Marys Medical Center,Evansville,IN,Post Office or large volume customer,UNIQUE,47714
47801,PO boxes,,Terre Haute,IN,Post Office or large volume customer,PO BOX,47802
47808,PO boxes,,Terre Haute,IN,Post Office or large volume customer,PO BOX,47802
47852,PO boxes,,Graysville,IN,Post Office or large volume customer,PO BOX,47882
47878,PO boxes,,Seelyville,IN,Post Office or large volume customer,PO BOX,47803
47902,PO boxes,,Lafayette,IN,Post Office or large volume customer,PO BOX,47901
47903,PO boxes,,Lafayette,IN,Post Office or large volume customer,PO BOX,47905
47962,PO boxes,,Montmorenci,IN,Post Office or large volume customer,PO BOX,47906
47988,PO boxes,,Wallace,IN,Post Office or large volume customer,PO BOX,47949
47996,PO boxes,,West Lafayette,IN,Post Office or large volume customer,PO BOX,47906
48004,PO boxes,,Anchorville,MI,Post Office or large volume customer,PO BOX,48023
48007,PO boxes,,Troy,MI,Post Office or large volume customer,PO BOX,48083
48012,PO boxes,,Birmingham,MI,Post Office or large volume customer,PO BOX,48009
48037,PO boxes,,Southfield,MI,Post Office or large volume customer,PO BOX,48033
48046,PO boxes,,Mount Clemens,MI,Post Office or large volume customer,PO BOX,48043
48061,PO boxes,,Port Huron,MI,Post Office or large volume customer,PO BOX,48060
48068,PO boxes,,Royal Oak,MI,Post Office or large volume customer,PO BOX,48067
48086,PO boxes,,Southfield,MI,Post Office or large volume customer,PO BOX,48076
48090,PO boxes,,Warren,MI,Post Office or large volume customer,PO BOX,48092
48099,PO boxes,,Troy,MI,Post Office or large volume customer,PO BOX,48083
48106,PO boxes,,Ann Arbor,MI,Post Office or large volume customer,PO BOX,48103
48107,PO boxes,,Ann Arbor,MI,Post Office or large volume customer,PO BOX,48104
48110,PO boxes,,Azalia,MI,Post Office or large volume customer,PO BOX,48159
48112,PO boxes,,Belleville,MI,Post Office or large volume customer,PO BOX,48111
48113,PO boxes,,Ann Arbor,MI,Post Office or large volume customer,PO BOX,48105
48115,PO boxes,,Bridgewater,MI,Post Office or large volume customer,PO BOX,48176
48121,PO boxes,,Dearborn,MI,Post Office or large volume customer,PO BOX,48120
48123,PO boxes,,Dearborn,MI,Post Office or large volume customer,PO BOX,48124
48136,PO boxes,,Garden City,MI,Post Office or large volume customer,PO BOX,48135
48151,PO boxes,,Livonia,MI,Post Office or large volume customer,PO BOX,48150
48153,PO boxes,,Livonia,MI,Post Office or large volume customer,PO BOX,48152
48175,PO boxes,,Salem,MI,Post Office or large volume customer,PO BOX,48168
48222,organization,Detroit River Station,Detroit,MI,Post Office or large volume customer,UNIQUE,48216
48231,PO boxes,,Detroit,MI,Post Office or large volume customer,PO BOX,48233
48232,PO boxes,,Detroit,MI,Post Office or large volume customer,PO BOX,48233
48244,PO boxes,,Detroit,MI,Post Office or large volume customer,PO BOX,48233
48255,organization,Comerica,Detroit,MI,Post Office or large volume customer,UNIQUE,48226
48260,organization,Dte,Detroit,MI,Post Office or large volume customer,UNIQUE,48226
48264,organization,Comerica Incorporated,Detroit,MI,Post Office or large volume customer,UNIQUE,48226
48265,organization,General Motors,Detroit,MI,Post Office or large volume customer,UNIQUE,48226
48266,organization,Kelly Services Inc,Detroit,MI,Post Office or large volume customer,UNIQUE,48207
48267,organization,Comerica,Detroit,MI,Post Office or large volume customer,UNIQUE,48226
48268,organization,Dte Energy,Detroit,MI,Post Office or large volume customer,UNIQUE,48226
48269,business reply mail,Dte Energy Brm,Detroit,MI,Post Office or large volume customer,UNIQUE,48226
48272,organization,Remittance Contest,Detroit,MI,Post Office or large volume customer,UNIQUE,48226
48275,organization,Comerica Incorporated,Detroit,MI,Post Office or large volume customer,UNIQUE,48226
48277,organization,Chase Bank,Detroit,MI,Post Office or large volume customer,UNIQUE,48226
48278,organization,Chase Bank,Detroit,MI,Post Office or large volume customer,UNIQUE,48226
48279,organization,Bank Of America,Detroit,MI,Post Office or large volume customer,UNIQUE,48243
48288,organization,Chrysler Corporation,Detroit,MI,Post Office or large volume customer,UNIQUE,48203
48303,PO boxes,,Bloomfield Hills,MI,Post Office or large volume customer,PO BOX,48304
48308,PO boxes,,Rochester,MI,Post Office or large volume customer,PO BOX,48307
48311,PO boxes,,Sterling Heights,MI,Post Office or large volume customer,PO BOX,48312
48318,PO boxes,,Utica,MI,Post Office or large volume customer,PO BOX,48317
48321,PO boxes,,Auburn Hills,MI,Post Office or large volume customer,PO BOX,48326
48325,PO boxes,,West Bloomfield,MI,Post Office or large volume customer,PO BOX,48322
48330,PO boxes,,Drayton Plains,MI,Post Office or large volume customer,PO BOX,48329
48332,PO boxes,,Farmington,MI,Post Office or large volume customer,PO BOX,48336
48333,PO boxes,,Farmington,MI,Post Office or large volume customer,PO BOX,48334
48343,PO boxes,,Pontiac,MI,Post Office or large volume customer,PO BOX,48341
48347,PO boxes,,Clarkston,MI,Post Office or large volume customer,PO BOX,48346
48361,PO boxes,,Lake Orion,MI,Post Office or large volume customer,PO BOX,48362
48366,PO boxes,,Lakeville,MI,Post Office or large volume customer,PO BOX,48367
48376,PO boxes,,Novi,MI,Post Office or large volume customer,PO BOX,48375
48387,PO boxes,,Union Lake,MI,Post Office or large volume customer,PO BOX,48324
48397,organization,Us Army Tank Auto Command,Warren,MI,Post Office or large volume customer,UNIQUE,48092
48480,PO boxes,,Grand Blanc,MI,Post Office or large volume customer,PO BOX,48439
48501,PO boxes,,Flint,MI,Post Office or large volume customer,PO BOX,48503
48531,PO boxes,,Flint,MI,Post Office or large volume customer,PO BOX,48504
48550,organization,Buick City; Buick Oldsmobile Cadillac,Flint,MI,Post Office or large volume customer,UNIQUE,48503
48551,organization,Gm Truck And Bus,Flint,MI,Post Office or large volume customer,UNIQUE,48507
48552,organization,Chevrolet Canada,Flint,MI,Post Office or large volume customer,UNIQUE,48507
48553,organization,Gm Truck And Bus,Flint,MI,Post Office or large volume customer,UNIQUE,48507
48554,organization,Gm Service Parts Operations,Flint,MI,Post Office or large volume customer,UNIQUE,48519
48555,organization,Delphi West,Flint,MI,Post Office or large volume customer,UNIQUE,48504
48556,organization,Delphi East,Flint,MI,Post Office or large volume customer,UNIQUE,48506
48557,organization,Gm Tech Center; Gm Vehicle Development Ctr,Flint,MI,Post Office or large volume customer,UNIQUE,48507
48605,PO boxes,,Saginaw,MI,Post Office or large volume customer,PO BOX,48601
48606,PO boxes,,Saginaw,MI,Post Office or large volume customer,PO BOX,48601
48608,PO boxes,,Saginaw,MI,Post Office or large volume customer,PO BOX,48603
48641,PO boxes,,Midland,MI,Post Office or large volume customer,PO BOX,48640
48663,organization,Ameritech; AT&T,Saginaw,MI,Post Office or large volume customer,UNIQUE,48603
48667,organization,Dow Chemical Usa,Midland,MI,Post Office or large volume customer,UNIQUE,48640
48670,organization,Mid Michigan Reg Med Ctr; Midland Hospital Center,Midland,MI,Post Office or large volume customer,UNIQUE,48640
48674,organization,Dow Chemical Usa,Midland,MI,Post Office or large volume customer,UNIQUE,48642
48686,organization,Dow Corning Corporation,Midland,MI,Post Office or large volume customer,UNIQUE,48640
48707,PO boxes,,Bay City,MI,Post Office or large volume customer,PO BOX,48708
48758,PO boxes,,Richville,MI,Post Office or large volume customer,PO BOX,48768
48764,PO boxes,,Tawas City,MI,Post Office or large volume customer,PO BOX,48763
48787,organization,Frankenmuth Mutual Ins Co,Frankenmuth,MI,Post Office or large volume customer,UNIQUE,48734
48804,PO boxes,,Mount Pleasant,MI,Post Office or large volume customer,PO BOX,48858
48805,PO boxes,,Okemos,MI,Post Office or large volume customer,PO BOX,48864
48812,PO boxes,,Cedar Lake,MI,Post Office or large volume customer,PO BOX,48829
48826,PO boxes,,East Lansing,MI,Post Office or large volume customer,PO BOX,48823
48830,PO boxes,,Elm Hall,MI,Post Office or large volume customer,PO BOX,48877
48833,PO boxes,,Eureka,MI,Post Office or large volume customer,PO BOX,48879
48844,PO boxes,,Howell,MI,Post Office or large volume customer,PO BOX,48843
48882,PO boxes,,Shaftsburg,MI,Post Office or large volume customer,PO BOX,48872
48887,PO boxes,,Smyrna,MI,Post Office or large volume customer,PO BOX,48809
48901,PO boxes,,Lansing,MI,Post Office or large volume customer,PO BOX,48933
48908,PO boxes,,Lansing,MI,Post Office or large volume customer,PO BOX,48917
48909,PO boxes,,Lansing,MI,Post Office or large volume customer,PO BOX,48910
48913,organization,State Of Michigan,Lansing,MI,Post Office or large volume customer,UNIQUE,48813
48916,organization,Lucky Losers,Lansing,MI,Post Office or large volume customer,UNIQUE,48911
48918,organization,Secretary Of State,Lansing,MI,Post Office or large volume customer,UNIQUE,48813
48919,organization,Lansing State Journal,Lansing,MI,Post Office or large volume customer,UNIQUE,48933
48922,organization,Mi Department Of Revenue,Lansing,MI,Post Office or large volume customer,UNIQUE,48933
48924,other,,Lansing,MI,Post Office or large volume customer,STANDARD,48910
48929,organization,Mi Department Of Revenue,Lansing,MI,Post Office or large volume customer,UNIQUE,48933
48930,organization,State Of Mich Dept Treasury,Lansing,MI,Post Office or large volume customer,UNIQUE,48933
48937,organization,Consumers Energy,Lansing,MI,Post Office or large volume customer,UNIQUE,48906
48951,organization,Jackson National Life Ins Co,Lansing,MI,Post Office or large volume customer,UNIQUE,48906
48956,organization,Mi Department Of Revenue,Lansing,MI,Post Office or large volume customer,UNIQUE,48933
48980,organization,Vehicle License Plates,Lansing,MI,Post Office or large volume customer,UNIQUE,48813
49003,PO boxes,,Kalamazoo,MI,Post Office or large volume customer,PO BOX,49001
49005,PO boxes,,Kalamazoo,MI,Post Office or large volume customer,PO BOX,49007
49016,PO boxes,,Battle Creek,MI,Post Office or large volume customer,PO BOX,49017
49018,PO boxes,,Battle Creek,MI,Post Office or large volume customer,PO BOX,49017
49019,PO boxes,,Kalamazoo,MI,Post Office or large volume customer,PO BOX,49001
49020,PO boxes,,Bedford,MI,Post Office or large volume customer,PO BOX,49017
49023,PO boxes,,Benton Harbor,MI,Post Office or large volume customer,PO BOX,49022
49035,PO boxes,,Cloverdale,MI,Zip Code Area,PO BOX,49046
49039,PO boxes,,Hagar Shores,MI,Post Office or large volume customer,PO BOX,49038
49041,PO boxes,,Comstock,MI,Post Office or large volume customer,PO BOX,49001
49062,PO boxes,,Kendall,MI,Post Office or large volume customer,PO BOX,49055
49077,PO boxes,,Oshtemo,MI,Post Office or large volume customer,PO BOX,49009
49081,PO boxes,,Portage,MI,Post Office or large volume customer,PO BOX,49024
49204,PO boxes,,Jackson,MI,Post Office or large volume customer,PO BOX,49201
49239,PO boxes,,Frontier,MI,Post Office or large volume customer,PO BOX,49242
49257,PO boxes,,Moscow,MI,Post Office or large volume customer,PO BOX,49250
49281,PO boxes,,Somerset,MI,Post Office or large volume customer,PO BOX,49233
49311,PO boxes,,Bradley,MI,Post Office or large volume customer,PO BOX,49348
49314,PO boxes,,Burnips,MI,Post Office or large volume customer,PO BOX,49323
49317,PO boxes,,Cannonsburg,MI,Post Office or large volume customer,PO BOX,49301
49351,organization,Wolverine World Wide,Rockford,MI,Post Office or large volume customer,UNIQUE,49341
49355,organization,Amway Corp,Ada,MI,Post Office or large volume customer,UNIQUE,49301
49356,organization,Amway Corp,Ada,MI,Post Office or large volume customer,UNIQUE,49301
49357,organization,Amway Corp,Ada,MI,Post Office or large volume customer,UNIQUE,49301
49413,organization,Gerber Products Inc,Fremont,MI,Post Office or large volume customer,UNIQUE,49412
49416,PO boxes,,Glenn,MI,Post Office or large volume customer,PO BOX,49408
49422,PO boxes,,Holland,MI,Post Office or large volume customer,PO BOX,49423
49427,PO boxes,,Jamestown,MI,Post Office or large volume customer,PO BOX,49426
49429,PO boxes,,Jenison,MI,Post Office or large volume customer,PO BOX,49428
49463,PO boxes,,Sylvan Beach,MI,Post Office or large volume customer,PO BOX,49461
49468,PO boxes,,Grandville,MI,Post Office or large volume customer,PO BOX,49418
49501,PO boxes,,Grand Rapids,MI,Post Office or large volume customer,PO BOX,49503
49502,business reply mail,Business Reply Mail,Grand Rapids,MI,Post Office or large volume customer,UNIQUE,49503
49510,PO boxes,,Grand Rapids,MI,Post Office or large volume customer,PO BOX,49507
49514,PO boxes,,Grand Rapids,MI,Post Office or large volume customer,PO BOX,49504
49515,PO boxes,,Grand Rapids,MI,Post Office or large volume customer,PO BOX,49505
49516,PO boxes,,Grand Rapids,MI,Post Office or large volume customer,PO BOX,49506
49518,PO boxes,,Grand Rapids,MI,Post Office or large volume customer,PO BOX,49508
49523,PO boxes,,Grand Rapids,MI,Post Office or large volume customer,PO BOX,49503
49528,PO boxes,,Grand Rapids,MI,Post Office or large volume customer,PO BOX,49503
49530,organization,Zondervan Corp,Grand Rapids,MI,Post Office or large volume customer,UNIQUE,49512
49555,organization,Radio Bible Class,Grand Rapids,MI,Post Office or large volume customer,UNIQUE,49503
49560,organization,Christian Reformed Church,Grand Rapids,MI,Post Office or large volume customer,UNIQUE,49508
49588,PO boxes,,Grand Rapids,MI,Post Office or large volume customer,PO BOX,49512
49599,PO boxes,,Grand Rapids,MI,Post Office or large volume customer,PO BOX,49503
49610,PO boxes,,Acme,MI,Post Office or large volume customer,PO BOX,49690
49666,PO boxes,,Mayfield,MI,Post Office or large volume customer,PO BOX,49649
49673,PO boxes,,Old Mission,MI,Post Office or large volume customer,PO BOX,49686
49711,PO boxes,,Bay Shore,MI,Post Office or large volume customer,PO BOX,49720
49723,PO boxes,,Cross Village,MI,Post Office or large volume customer,PO BOX,49740
49734,PO boxes,,Gaylord,MI,Post Office or large volume customer,PO BOX,49735
49737,PO boxes,,Good Hart,MI,Post Office or large volume customer,PO BOX,49740
49739,organization,Camp Grayling,Grayling,MI,Post Office or large volume customer,UNIQUE,49738
49761,PO boxes,,Mullett Lake,MI,Post Office or large volume customer,PO BOX,49721
49785,organization,Chippewa Temp Correction Fac,Kincheloe,MI,Post Office or large volume customer,UNIQUE,49752
49786,organization,Hiawatha Temp Correction Fac,Kincheloe,MI,Post Office or large volume customer,UNIQUE,49784
49792,PO boxes,,Tower,MI,Zip Code Area,PO BOX,49765
49797,PO boxes,,Waters,MI,Post Office or large volume customer,PO BOX,49735
49819,PO boxes,,Arnold,MI,Zip Code Area,PO BOX,49818
49845,PO boxes,,Harris,MI,Post Office or large volume customer,PO BOX,49896
49865,PO boxes,,National Mine,MI,Post Office or large volume customer,PO BOX,49849
49964,PO boxes,,Stambaugh,MI,Post Office or large volume customer,PO BOX,49935
50011,organization,Iowa State University,Ames,IA,Zip Code Area,UNIQUE,50012
50037,PO boxes,,Boone,IA,Post Office or large volume customer,PO BOX,50036
50043,PO boxes,,Buckeye,IA,Post Office or large volume customer,PO BOX,50006
50059,delivery area,,Cooper,IA,Zip Code Area,STANDARD,50129
50099,PO boxes,,Boone,IA,Post Office or large volume customer,PO BOX,50036
50259,delivery area,,Gifford,IA,Zip Code Area,STANDARD,50258
50301,PO boxes,,Des Moines,IA,Post Office or large volume customer,PO BOX,50314
50302,PO boxes,,Des Moines,IA,Post Office or large volume customer,PO BOX,50314
50303,PO boxes,,Des Moines,IA,Post Office or large volume customer,PO BOX,50314
50304,PO boxes,,Des Moines,IA,Post Office or large volume customer,PO BOX,50314
50305,PO boxes,,Des Moines,IA,Post Office or large volume customer,PO BOX,50314
50306,PO boxes,,Des Moines,IA,Post Office or large volume customer,PO BOX,50311
50307,other,,Des Moines,IA,Post Office or large volume customer,STANDARD,50314
50308,other,,Des Moines,IA,Post Office or large volume customer,STANDARD,50314
50318,PO boxes,,Des Moines,IA,Post Office or large volume customer,PO BOX,50314
50328,organization,Wells Fargo Mortgage,Des Moines,IA,Post Office or large volume customer,UNIQUE,50309
50329,organization,Wells Fargo Mortgage,Des Moines,IA,Post Office or large volume customer,UNIQUE,50309
50330,organization,Visa Mastercard; Wells Fargo Mortgage,Des Moines,IA,Post Office or large volume customer,UNIQUE,50309
50331,organization,Wells Fargo Mortgage,Des Moines,IA,Post Office or large volume customer,UNIQUE,50309
50332,organization,Wells Fargo Mortgage,Des Moines,IA,Post Office or large volume customer,UNIQUE,50309
50333,PO boxes,,Des Moines,IA,Post Office or large volume customer,PO BOX,50313
50334,organization,American Republic,Des Moines,IA,Post Office or large volume customer,UNIQUE,50322
50335,organization,Midamerican Energy,Des Moines,IA,Post Office or large volume customer,UNIQUE,50309
50336,PO boxes,,Des Moines,IA,Post Office or large volume customer,PO BOX,50265
50339,organization,Equitable Life Assurance,Des Moines,IA,Post Office or large volume customer,UNIQUE,50266
50340,PO boxes,,Des Moines,IA,Post Office or large volume customer,PO BOX,50309
50359,organization,Citigroup,Des Moines,IA,Post Office or large volume customer,UNIQUE,50266
50360,organization,Citigroup,Des Moines,IA,Post Office or large volume customer,UNIQUE,50314
50361,organization,Citigroup,Des Moines,IA,Post Office or large volume customer,UNIQUE,50266
50362,organization,Citigroup,Des Moines,IA,Post Office or large volume customer,UNIQUE,50266
50363,organization,Citigroup,Des Moines,IA,Post Office or large volume customer,UNIQUE,50266
50364,organization,Citigroup,Des Moines,IA,Post Office or large volume customer,UNIQUE,50266
50367,organization,Citigroup,Des Moines,IA,Post Office or large volume customer,UNIQUE,50266
50368,PO boxes,,Des Moines,IA,Post Office or large volume customer,PO BOX,50266
50369,business reply mail,Citigroup Brm,Des Moines,IA,Post Office or large volume customer,UNIQUE,50266
50380,organization,Hp Other,Des Moines,IA,Post Office or large volume customer,UNIQUE,50314
50381,organization,Hp Other,Des Moines,IA,Post Office or large volume customer,UNIQUE,50309
50391,organization,Allied Group,Des Moines,IA,Post Office or large volume customer,UNIQUE,50309
50392,organization,Principal Financial,Des Moines,IA,Post Office or large volume customer,UNIQUE,50309
50393,PO boxes,,Des Moines,IA,Post Office or large volume customer,PO BOX,50309
50394,PO boxes,,Des Moines,IA,Post Office or large volume customer,PO BOX,50322
50395,other,,Des Moines,IA,Post Office or large volume customer,STANDARD,50322
50396,organization,First Interstate Bank,Des Moines,IA,Post Office or large volume customer,UNIQUE,50309
50398,organization,Marsh Inc,Urbandale,IA,Post Office or large volume customer,UNIQUE,50266
50402,PO boxes,,Mason City,IA,Post Office or large volume customer,PO BOX,50401
50481,delivery area,,Toeterville,IA,Zip Code Area,STANDARD,50472
50526,organization,HP,Clarion,IA,Post Office or large volume customer,UNIQUE,50525
50614,organization,University Of Northern Iowa,Cedar Falls,IA,Zip Code Area,UNIQUE,50613
50661,PO boxes,,North Washington,IA,Post Office or large volume customer,PO BOX,50659
50704,PO boxes,,Waterloo,IA,Post Office or large volume customer,PO BOX,50703
50936,organization,Hp-Proactive,Des Moines,IA,Post Office or large volume customer,UNIQUE,50309
50940,organization (unnamed),,Des Moines,IA,Post Office or large volume customer,UNIQUE,50314
50947,organization (unnamed),,Des Moines,IA,Post Office or large volume customer,UNIQUE,50314
50950,other,,Des Moines,IA,Post Office or large volume customer,STANDARD,50309
50980,organization,HP-SC/YE,Des Moines,IA,Post Office or large volume customer,UNIQUE,50309
50981,organization,HP-SC/YE,Des Moines,IA,Post Office or large volume customer,UNIQUE,50309
50982,organization,Hp Enterprise Services,Des Moines,IA,Post Office or large volume customer,UNIQUE,50309
50983,organization,Hp Enterprise Services,Des Moines,IA,Post Office or large volume customer,UNIQUE,50309
51102,PO boxes,,Sioux City,IA,Post Office or large volume customer,PO BOX,51101
51502,PO boxes,,Council Bluffs,IA,Post Office or large volume customer,PO BOX,51501
51591,PO boxes,,Red Oak,IA,Post Office or large volume customer,PO BOX,51566
51593,PO boxes,,Harlan,IA,Post Office or large volume customer,PO BOX,51537
51603,organization,Earl May Seed,Shenandoah,IA,Post Office or large volume customer,UNIQUE,51601
52004,PO boxes,,Dubuque,IA,Post Office or large volume customer,PO BOX,52001
52099,organization,Mcgraw Hill Companies,Dubuque,IA,Post Office or large volume customer,UNIQUE,52001
52149,PO boxes,,Highlandville,IA,Post Office or large volume customer,PO BOX,52101
52204,organization,Amana Refrigeration Inc,Amana,IA,Post Office or large volume customer,UNIQUE,52203
52243,organization,American College Testing,Iowa City,IA,Post Office or large volume customer,UNIQUE,52245
52244,PO boxes,,Iowa City,IA,Post Office or large volume customer,PO BOX,52240
52406,PO boxes,,Cedar Rapids,IA,Post Office or large volume customer,PO BOX,52401
52407,PO boxes,,Cedar Rapids,IA,Post Office or large volume customer,PO BOX,52401
52408,PO boxes,,Cedar Rapids,IA,Post Office or large volume customer,PO BOX,52404
52409,PO boxes,,Cedar Rapids,IA,Post Office or large volume customer,PO BOX,52404
52410,PO boxes,,Cedar Rapids,IA,Post Office or large volume customer,PO BOX,52402
52497,organization,Nordstrom,Cedar Rapids,IA,Post Office or large volume customer,UNIQUE,52404
52498,organization,Rockwell Collins,Cedar Rapids,IA,Post Office or large volume customer,UNIQUE,52402
52499,organization,Aegon Usa; Life Investors Inc,Cedar Rapids,IA,Post Office or large volume customer,UNIQUE,52404
52642,PO boxes,,Rome,IA,Post Office or large volume customer,PO BOX,52641
52648,other,,Pilot Grove,IA,Post Office or large volume customer,STANDARD,52656
52733,PO boxes,,Clinton,IA,Post Office or large volume customer,PO BOX,52732
52734,organization,Seventh Avenue,Clinton,IA,Post Office or large volume customer,UNIQUE,52732
52736,organization,Promotional Fulfillment Corp,Clinton,IA,Post Office or large volume customer,UNIQUE,52732
52805,PO boxes,,Davenport,IA,Post Office or large volume customer,PO BOX,52802
52808,PO boxes,,Davenport,IA,Post Office or large volume customer,PO BOX,52802
52809,PO boxes,,Davenport,IA,Post Office or large volume customer,PO BOX,52806
53008,PO boxes,,Brookfield,WI,Post Office or large volume customer,PO BOX,53045
53026,PO boxes,,Greenbush,WI,Post Office or large volume customer,PO BOX,53023
53052,PO boxes,,Menomonee Falls,WI,Post Office or large volume customer,PO BOX,53051
53056,PO boxes,,Merton,WI,Post Office or large volume customer,PO BOX,53029
53060,PO boxes,,Newburg,WI,Post Office or large volume customer,PO BOX,53090
53062,organization,Salvatorian Center; Salvtrian Ctr; Society Of The Divine Savior,New Holstein,WI,Post Office or large volume customer,UNIQUE,53061
53064,PO boxes,,North Lake,WI,Post Office or large volume customer,PO BOX,53029
53082,PO boxes,,Sheboygan,WI,Post Office or large volume customer,PO BOX,53081
53101,PO boxes,,Bassett,WI,Post Office or large volume customer,PO BOX,53105
53102,PO boxes,,Benet Lake,WI,Post Office or large volume customer,PO BOX,53104
53109,PO boxes,,Camp Lake,WI,Post Office or large volume customer,PO BOX,53168
53138,PO boxes,,Honey Creek,WI,Post Office or large volume customer,PO BOX,53105
53141,PO boxes,,Kenosha,WI,Post Office or large volume customer,PO BOX,53140
53148,PO boxes,,Lyons,WI,Post Office or large volume customer,PO BOX,53105
53152,PO boxes,,New Munster,WI,Post Office or large volume customer,PO BOX,53105
53159,PO boxes,,Powers Lake,WI,Post Office or large volume customer,PO BOX,53128
53171,PO boxes,,Somers,WI,Post Office or large volume customer,PO BOX,53144
53187,PO boxes,,Waukesha,WI,Post Office or large volume customer,PO BOX,53186
53194,PO boxes,,Woodworth,WI,Post Office or large volume customer,PO BOX,53104
53201,PO boxes,,Milwaukee,WI,Post Office or large volume customer,PO BOX,53203
53234,PO boxes,,Milwaukee,WI,Post Office or large volume customer,PO BOX,53215
53237,PO boxes,,Milwaukee,WI,Post Office or large volume customer,PO BOX,53207
53259,organization,Us Bank,Milwaukee,WI,Post Office or large volume customer,UNIQUE,53203
53263,organization,J C Penney; Jc Penney,Milwaukee,WI,Post Office or large volume customer,UNIQUE,53222
53274,organization,Wi Child Support,Milwaukee,WI,Post Office or large volume customer,UNIQUE,53207
53278,organization,Us Bank,Milwaukee,WI,Post Office or large volume customer,UNIQUE,53202
53288,organization,Bmo Harris Bank; M And I Bank,Milwaukee,WI,Post Office or large volume customer,UNIQUE,53202
53290,organization,We Energies,Milwaukee,WI,Post Office or large volume customer,UNIQUE,53203
53293,organization,Wi Dept Transportion,Milwaukee,WI,Post Office or large volume customer,UNIQUE,53203
53401,PO boxes,,Racine,WI,Post Office or large volume customer,PO BOX,53403
53407,organization,Wi Natural Gas Co,Racine,WI,Post Office or large volume customer,UNIQUE,53403
53408,PO boxes,,Racine,WI,Post Office or large volume customer,PO BOX,53406
53512,PO boxes,,Beloit,WI,Post Office or large volume customer,PO BOX,53511
53535,PO boxes,,Edmund,WI,Post Office or large volume customer,PO BOX,53533
53542,PO boxes,,Hanover,WI,Post Office or large volume customer,PO BOX,53576
53547,PO boxes,,Janesville,WI,Post Office or large volume customer,PO BOX,53545
53595,organization,Lands End,Dodgeville,WI,Post Office or large volume customer,UNIQUE,53533
53596,organization,General Casualty Co,Sun Prairie,WI,Post Office or large volume customer,UNIQUE,53590
53701,PO boxes,,Madison,WI,Post Office or large volume customer,PO BOX,53703
53702,organization,State Capitol,Madison,WI,Post Office or large volume customer,UNIQUE,53703
53707,PO boxes,,Madison,WI,Post Office or large volume customer,PO BOX,53714
53708,PO boxes,,Madison,WI,Post Office or large volume customer,PO BOX,53714
53725,PO boxes,,Madison,WI,Post Office or large volume customer,PO BOX,53715
53744,PO boxes,,Madison,WI,Post Office or large volume customer,PO BOX,53719
53774,organization,Wi Lottery,Madison,WI,Post Office or large volume customer,UNIQUE,53713
53777,organization,American Family Ins Co,Madison,WI,Post Office or large volume customer,UNIQUE,53718
53782,organization,Wi Cheeseman,Madison,WI,Post Office or large volume customer,UNIQUE,53703
53783,organization,American Family Ins Co,Madison,WI,Post Office or large volume customer,UNIQUE,53718
53784,organization,Electronic Data Systems,Madison,WI,Post Office or large volume customer,UNIQUE,53714
53785,organization,Wi Dept Revenue Box 59,Madison,WI,Post Office or large volume customer,UNIQUE,53703
53786,organization,Wi Dept Revenue Box 34,Madison,WI,Post Office or large volume customer,UNIQUE,53703
53788,organization,Madison Gas And Electric,Madison,WI,Post Office or large volume customer,UNIQUE,53703
53790,organization,Wi Dept Revenue Box 268,Madison,WI,Post Office or large volume customer,UNIQUE,53703
53791,business reply mail,Madison Business Reply Mail,Madison,WI,Post Office or large volume customer,UNIQUE,53714
53793,business reply mail,Swiss Colony Bus Reply,Madison,WI,Post Office or large volume customer,UNIQUE,53714
53794,organization,Swiss Colony,Madison,WI,Post Office or large volume customer,UNIQUE,53714
53824,PO boxes,,Sinsinawa,WI,Post Office or large volume customer,PO BOX,53811
53957,organization,J W Jung Seed Co,Randolph,WI,Post Office or large volume customer,UNIQUE,53956
53958,organization,Lands End,Reedsburg,WI,Post Office or large volume customer,UNIQUE,53959
54131,PO boxes,,Freedom,WI,Post Office or large volume customer,PO BOX,54130
54221,PO boxes,,Manitowoc,WI,Post Office or large volume customer,PO BOX,54220
54226,PO boxes,,Maplewood,WI,Post Office or large volume customer,PO BOX,54235
54240,PO boxes,,Tisch Mills,WI,Post Office or large volume customer,PO BOX,54208
54305,PO boxes,,Green Bay,WI,Post Office or large volume customer,PO BOX,54301
54306,PO boxes,,Green Bay,WI,Post Office or large volume customer,PO BOX,54303
54308,PO boxes,,Green Bay,WI,Post Office or large volume customer,PO BOX,54302
54324,PO boxes,,Green Bay,WI,Post Office or large volume customer,PO BOX,54304
54344,organization,Employers Health Insure Cos; Employers Hlt Ins Co,Green Bay,WI,Post Office or large volume customer,UNIQUE,54115
54402,PO boxes,,Wausau,WI,Post Office or large volume customer,PO BOX,54403
54404,other,,Marshfield,WI,Post Office or large volume customer,STANDARD,54449
54415,PO boxes,,Blenker,WI,Post Office or large volume customer,PO BOX,54454
54429,PO boxes,,Elderon,WI,Post Office or large volume customer,PO BOX,54427
54492,organization,Herrschners,Stevens Point,WI,Post Office or large volume customer,UNIQUE,54467
54532,PO boxes,,Heafford Junction,WI,Post Office or large volume customer,PO BOX,54487
54543,PO boxes,,Mc Naughton,WI,Post Office or large volume customer,PO BOX,54501
54602,PO boxes,,La Crosse,WI,Post Office or large volume customer,PO BOX,54601
54620,PO boxes,,Cataract,WI,Post Office or large volume customer,PO BOX,54656
54641,PO boxes,,Mather,WI,Zip Code Area,PO BOX,54666
54649,PO boxes,,Oakdale,WI,Post Office or large volume customer,PO BOX,54660
54662,PO boxes,,Tunnel City,WI,Post Office or large volume customer,PO BOX,54660
54702,PO boxes,,Eau Claire,WI,Post Office or large volume customer,PO BOX,54703
54735,PO boxes,,Downsville,WI,Post Office or large volume customer,PO BOX,54751
54743,PO boxes,,Gilmanton,WI,Post Office or large volume customer,PO BOX,54755
54764,PO boxes,,Rock Falls,WI,Post Office or large volume customer,PO BOX,54755
54765,PO boxes,,Sand Creek,WI,Zip Code Area,PO BOX,54757
54774,organization,Mason Shoe,Chippewa Falls,WI,Post Office or large volume customer,UNIQUE,54729
54816,PO boxes,,Benoit,WI,Post Office or large volume customer,PO BOX,54856
54890,PO boxes,,Wascott,WI,Post Office or large volume customer,PO BOX,54838
54903,PO boxes,,Oshkosh,WI,Post Office or large volume customer,PO BOX,54901
54906,organization,Miles Kimball Co,Oshkosh,WI,Post Office or large volume customer,UNIQUE,54901
54912,PO boxes,,Appleton,WI,Post Office or large volume customer,PO BOX,54911
54919,organization,Thrivent Finan For Lutherans,Appleton,WI,Post Office or large volume customer,UNIQUE,54913
54936,PO boxes,,Fond du Lac,WI,Post Office or large volume customer,PO BOX,54935
54957,PO boxes,,Neenah,WI,Post Office or large volume customer,PO BOX,54956
54969,PO boxes,,Readfield,WI,Post Office or large volume customer,PO BOX,54940
54976,PO boxes,,Saxeville,WI,Post Office or large volume customer,PO BOX,54984
55010,PO boxes,,Castle Rock,MN,Post Office or large volume customer,PO BOX,55065
55067,PO boxes,,Rock Creek,MN,Zip Code Area,PO BOX,55063
55078,PO boxes,,Stacy,MN,Post Office or large volume customer,PO BOX,55079
55083,PO boxes,,Stillwater,MN,Post Office or large volume customer,PO BOX,55082
55131,other,,Saint Paul,MN,Post Office or large volume customer,STANDARD,55125
55133,organization,Minn Mining Boxes,Saint Paul,MN,Post Office or large volume customer,UNIQUE,55101
55144,organization,3m Corp,Saint Paul,MN,Zip Code Area,UNIQUE,55119
55145,organization,State Tax Dept,Saint Paul,MN,Post Office or large volume customer,UNIQUE,55101
55146,organization,State Tax Dept,Saint Paul,MN,Post Office or large volume customer,UNIQUE,55101
55164,PO boxes,,Saint Paul,MN,Post Office or large volume customer,PO BOX,55101
55170,organization,First Bank St Paul; Us Bank; Us Bank Visa,Saint Paul,MN,Post Office or large volume customer,UNIQUE,55101
55323,PO boxes,,Crystal Bay,MN,Post Office or large volume customer,PO BOX,55356
55361,PO boxes,,Minnetonka Beach,MN,Post Office or large volume customer,PO BOX,55391
55377,PO boxes,,Santiago,MN,Post Office or large volume customer,PO BOX,55371
55440,PO boxes,,Minneapolis,MN,Post Office or large volume customer,PO BOX,55401
55458,PO boxes,,Minneapolis,MN,Post Office or large volume customer,PO BOX,55401
55459,PO boxes,,Minneapolis,MN,Post Office or large volume customer,PO BOX,55401
55467,organization,Wells Fargo Home Mortgage,Minneapolis,MN,Post Office or large volume customer,UNIQUE,55408
55470,PO boxes,,Minneapolis,MN,Post Office or large volume customer,PO BOX,55401
55472,organization,Abmps,Minneapolis,MN,Post Office or large volume customer,UNIQUE,55401
55474,organization,Ameriprise Financial,Minneapolis,MN,Post Office or large volume customer,UNIQUE,55402
55478,organization,Macys,Minneapolis,MN,Post Office or large volume customer,UNIQUE,55402
55479,organization,Wells Fargo Bank,Minneapolis,MN,Post Office or large volume customer,UNIQUE,55402
55480,PO boxes,,Minneapolis,MN,Post Office or large volume customer,PO BOX,55401
55483,organization,Qwest,Minneapolis,MN,Post Office or large volume customer,UNIQUE,55409
55484,organization,Excel Energy,Minneapolis,MN,Post Office or large volume customer,UNIQUE,55401
55485,organization,Wells Fargo Bank,Minneapolis,MN,Post Office or large volume customer,UNIQUE,55406
55486,organization,Us Bank,Minneapolis,MN,Post Office or large volume customer,UNIQUE,55402
55487,organization,Hennepin County Govt Ctr,Minneapolis,MN,Post Office or large volume customer,UNIQUE,55415
55488,organization,Minneapolis Tribune,Minneapolis,MN,Post Office or large volume customer,UNIQUE,55402
55554,PO boxes,,Norwood,MN,Post Office or large volume customer,PO BOX,55368
55569,PO boxes,,Osseo,MN,Post Office or large volume customer,PO BOX,55369
55572,PO boxes,,Rockford,MN,Post Office or large volume customer,PO BOX,55359
55573,PO boxes,,Young America,MN,Post Office or large volume customer,PO BOX,55397
55575,PO boxes,,Howard Lake,MN,Post Office or large volume customer,PO BOX,55349
55577,PO boxes,,Rockford,MN,Post Office or large volume customer,PO BOX,55359
55592,PO boxes,,Maple Plain,MN,Post Office or large volume customer,PO BOX,55359
55593,PO boxes,,Maple Plain,MN,Post Office or large volume customer,PO BOX,55359
55599,PO boxes,,Loretto,MN,Post Office or large volume customer,PO BOX,55357
55730,PO boxes,,Grand Rapids,MN,Post Office or large volume customer,PO BOX,55744
55745,organization,Arrowhead Promotion Fulfillm,Grand Rapids,MN,Post Office or large volume customer,UNIQUE,55744
55766,PO boxes,,Melrude,MN,Post Office or large volume customer,PO BOX,55724
55777,PO boxes,,Virginia,MN,Post Office or large volume customer,PO BOX,55792
55791,PO boxes,,Twig,MN,Post Office or large volume customer,PO BOX,55779
55801,PO boxes,,Duluth,MN,Zip Code Area,PO BOX,55803
55815,PO boxes,,Duluth,MN,Post Office or large volume customer,PO BOX,55811
55816,PO boxes,,Duluth,MN,Post Office or large volume customer,PO BOX,55806
55942,PO boxes,,Homer,MN,Post Office or large volume customer,PO BOX,55987
55988,PO boxes,,Stockton,MN,Post Office or large volume customer,PO BOX,55987
56002,PO boxes,,Mankato,MN,Post Office or large volume customer,PO BOX,56001
56047,PO boxes,,Huntley,MN,Zip Code Area,PO BOX,56039
56084,PO boxes,,Searles,MN,Post Office or large volume customer,PO BOX,56073
56302,PO boxes,,Saint Cloud,MN,Post Office or large volume customer,PO BOX,56301
56317,PO boxes,,Buckman,MN,Post Office or large volume customer,PO BOX,56364
56333,PO boxes,,Gilman,MN,Post Office or large volume customer,PO BOX,56329
56341,PO boxes,,Holmes City,MN,Post Office or large volume customer,PO BOX,56308
56344,PO boxes,,Lastrup,MN,Post Office or large volume customer,PO BOX,56364
56372,business reply mail,Fingerhut Bus Reply,Saint Cloud,MN,Post Office or large volume customer,UNIQUE,56303
56388,organization,Publishers Clearing House,Waite Park,MN,Post Office or large volume customer,UNIQUE,56387
56393,organization,Fingerhut Sweepstakes,Saint Cloud,MN,Post Office or large volume customer,UNIQUE,56303
56395,organization,Fingerhut,Saint Cloud,MN,Post Office or large volume customer,UNIQUE,56303
56396,organization,Fingerhut (Pre Paid),Saint Cloud,MN,Post Office or large volume customer,UNIQUE,56303
56397,PO boxes,,Saint Cloud,MN,Post Office or large volume customer,PO BOX,56301
56398,PO boxes,,Saint Cloud,MN,Post Office or large volume customer,PO BOX,56301
56399,organization,Fulfillment Distribution Ctr,Saint Cloud,MN,Post Office or large volume customer,UNIQUE,56387
56436,PO boxes,,Benedict,MN,Post Office or large volume customer,PO BOX,56461
56456,PO boxes,,Jenkins,MN,Post Office or large volume customer,PO BOX,56472
56459,PO boxes,,Lake Hubert,MN,Post Office or large volume customer,PO BOX,56468
56502,PO boxes,,Detroit Lakes,MN,Post Office or large volume customer,PO BOX,56501
56538,PO boxes,,Fergus Falls,MN,Post Office or large volume customer,PO BOX,56537
56561,PO boxes,,Moorhead,MN,Post Office or large volume customer,PO BOX,56560
56577,PO boxes,,Richwood,MN,Zip Code Area,PO BOX,56521
56593,PO boxes,,Wolf Lake,MN,Post Office or large volume customer,PO BOX,56464
56619,PO boxes,,Bemidji,MN,Post Office or large volume customer,PO BOX,56601
56631,PO boxes,,Bowstring,MN,Post Office or large volume customer,PO BOX,56636
56679,PO boxes,,South International Falls,MN,Post Office or large volume customer,PO BOX,56649
56687,PO boxes,,Wilton,MN,Post Office or large volume customer,PO BOX,56601
56740,delivery area,,Noyes,MN,Zip Code Area,STANDARD,56755
56741,PO boxes,,Oak Island,MN,Zip Code Area,PO BOX,56711
56901,organization,Parcel Return Svc,Parcel Return Service,DC,Post Office or large volume customer,UNIQUE,20018
56902,organization,Parcel Return Svc,Parcel Return Service,DC,Post Office or large volume customer,UNIQUE,20001
56904,organization,Parcel Return Svc,Parcel Return Service,DC,Post Office or large volume customer,UNIQUE,20001
56908,organization,Parcel Return Svc,Parcel Return Service,DC,Post Office or large volume customer,UNIQUE,20001
56915,organization,Parcel Return Svc,Parcel Return Service,DC,Post Office or large volume customer,UNIQUE,20018
56920,organization,Parcel Return Svc,Parcel Return Service,DC,Post Office or large volume customer,UNIQUE,20018
56933,organization,Parcel Return Svc,Parcel Return Service,DC,Post Office or large volume customer,UNIQUE,20004
56935,organization,Parcel Return Svc,Parcel Return Service,DC,Post Office or large volume customer,UNIQUE,20018
56944,organization,Parcel Return Svc,Parcel Return Service,DC,Post Office or large volume customer,UNIQUE,20018
56945,organization,Parcel Return Svc,Parcel Return Service,DC,Post Office or large volume customer,UNIQUE,20018
56950,organization,Parcel Return Svc,Parcel Return Service,DC,Post Office or large volume customer,UNIQUE,20515
56964,organization,Parcel Return Svc,Parcel Return Service,DC,Post Office or large volume customer,UNIQUE,20001
56965,organization,Parcel Return Svc,Parcel Return Service,DC,Post Office or large volume customer,UNIQUE,20018
56966,organization,Parcel Return Svc,Parcel Return Service,DC,Post Office or large volume customer,UNIQUE,20018
56967,organization,Parcel Return Svc,Parcel Return Service,DC,Post Office or large volume customer,UNIQUE,20018
56968,organization,Parcel Return Svc,Parcel Return Service,DC,Post Office or large volume customer,UNIQUE,20018
56969,organization,Parcel Return Svc,Parcel Return Service,DC,Post Office or large volume customer,UNIQUE,20018
56970,organization,Parcel Return Svc,Parcel Return Service,DC,Post Office or large volume customer,UNIQUE,20018
56971,organization,Parcel Return Svc,Parcel Return Service,DC,Post Office or large volume customer,UNIQUE,20001
56972,organization,Parcel Return Svc,Parcel Return Service,DC,Post Office or large volume customer,UNIQUE,20018
56973,organization,Parcel Return Svc,Parcel Return Service,DC,Post Office or large volume customer,UNIQUE,20001
56980,organization,Parcel Return Svc,Parcel Return Service,DC,Post Office or large volume customer,UNIQUE,20001
56981,organization,Parcel Return Svc,Parcel Return Service,DC,Post Office or large volume customer,UNIQUE,20001
56982,organization,Parcel Return Svc,Parcel Return Service,DC,Post Office or large volume customer,UNIQUE,20001
56983,organization,Parcel Return Svc,Parcel Return Service,DC,Post Office or large volume customer,UNIQUE,20001
56984,organization,Parcel Return Svc,Parcel Return Service,DC,Post Office or large volume customer,UNIQUE,20001
56985,organization,Parcel Return Svc,Parcel Return Service,DC,Post Office or large volume customer,UNIQUE,20001
56998,organization,Parcel Return Svc,Parcel Return Service,DC,Post Office or large volume customer,UNIQUE,20018
56999,organization,Parcel Return Svc,Parcel Return Service,DC,Post Office or large volume customer,UNIQUE,20018
57101,PO boxes,,Sioux Falls,SD,Post Office or large volume customer,PO BOX,57104
57109,PO boxes,,Sioux Falls,SD,Post Office or large volume customer,PO BOX,57106
57118,PO boxes,,Sioux Falls,SD,Post Office or large volume customer,PO BOX,57104
57186,organization,Paytrust,Sioux Falls,SD,Post Office or large volume customer,UNIQUE,57104
57193,organization,Midland Life Ins Co,Sioux Falls,SD,Post Office or large volume customer,UNIQUE,57104
57198,organization,Earth Resources Obs,Sioux Falls,SD,Post Office or large volume customer,UNIQUE,57030
57326,organization,St Joseph Indian School,Chamberlain,SD,Post Office or large volume customer,UNIQUE,57325
57399,organization,Dakota Central Mpc; United States Postal Service,Huron,SD,Post Office or large volume customer,UNIQUE,57350
57402,PO boxes,,Aberdeen,SD,Post Office or large volume customer,PO BOX,57401
57709,PO boxes,,Rapid City,SD,Post Office or large volume customer,PO BOX,57702
58106,PO boxes,,Fargo,ND,Post Office or large volume customer,PO BOX,58103
58107,PO boxes,,Fargo,ND,Post Office or large volume customer,PO BOX,58102
58108,PO boxes,,Fargo,ND,Post Office or large volume customer,PO BOX,58102
58109,PO boxes,,Fargo,ND,Post Office or large volume customer,PO BOX,58103
58121,organization,Blue Cross,Fargo,ND,Post Office or large volume customer,UNIQUE,58103
58122,organization,Sanford,Fargo,ND,Post Office or large volume customer,UNIQUE,58102
58124,organization,Bank Of The West,Fargo,ND,Post Office or large volume customer,UNIQUE,58103
58125,organization,Us Bank,Fargo,ND,Post Office or large volume customer,UNIQUE,58103
58126,organization,Wells Fargo,Fargo,ND,Post Office or large volume customer,UNIQUE,58103
58206,PO boxes,,Grand Forks,ND,Post Office or large volume customer,PO BOX,58201
58207,organization,Gfafb Postal Service Center,Grand Forks,ND,Post Office or large volume customer,UNIQUE,58205
58208,PO boxes,,Grand Forks,ND,Post Office or large volume customer,PO BOX,58201
58502,PO boxes,,Bismarck,ND,Post Office or large volume customer,PO BOX,58501
58506,PO boxes,,Bismarck,ND,Post Office or large volume customer,PO BOX,58501
58507,PO boxes,,Bismarck,ND,Post Office or large volume customer,PO BOX,58501
58602,PO boxes,,Dickinson,ND,Post Office or large volume customer,PO BOX,58601
58702,PO boxes,,Minot,ND,Post Office or large volume customer,PO BOX,58701
58802,PO boxes,,Williston,ND,Post Office or large volume customer,PO BOX,58801
58803,PO boxes,,Williston,ND,Post Office or large volume customer,PO BOX,58801
59004,organization,Saint Labre Mission,Ashland,MT,Post Office or large volume customer,UNIQUE,59003
59073,PO boxes,,Roundup,MT,Post Office or large volume customer,PO BOX,59072
59084,other,,Teigen,MT,Post Office or large volume customer,STANDARD,59032
59103,PO boxes,,Billings,MT,Post Office or large volume customer,PO BOX,59101
59104,PO boxes,,Billings,MT,Post Office or large volume customer,PO BOX,59102
59107,PO boxes,,Billings,MT,Post Office or large volume customer,PO BOX,59101
59108,PO boxes,,Billings,MT,Post Office or large volume customer,PO BOX,59102
59111,organization,Public Works,Billings,MT,Post Office or large volume customer,UNIQUE,59101
59112,organization,Mt Dakota Util Co,Billings,MT,Post Office or large volume customer,UNIQUE,59101
59114,organization,K O A,Billings,MT,Post Office or large volume customer,UNIQUE,59101
59115,organization,Us Bank,Billings,MT,Post Office or large volume customer,UNIQUE,59101
59116,organization,First Interstate Bank,Billings,MT,Post Office or large volume customer,UNIQUE,59105
59117,organization,Wells Fargo Bank,Billings,MT,Post Office or large volume customer,UNIQUE,59101
59341,delivery area,,Mildred,MT,Zip Code Area,STANDARD,59326
59402,delivery area,,Malmstrom AFB,MT,Zip Code Area,STANDARD,59405
59403,PO boxes,,Great Falls,MT,Post Office or large volume customer,PO BOX,59401
59406,PO boxes,,Great Falls,MT,Post Office or large volume customer,PO BOX,59405
59604,PO boxes,,Helena,MT,Post Office or large volume customer,PO BOX,59601
59620,PO boxes,,Helena,MT,Post Office or large volume customer,PO BOX,59601
59624,PO boxes,,Helena,MT,Post Office or large volume customer,PO BOX,59601
59626,other,,Helena,MT,Post Office or large volume customer,STANDARD,59601
59641,delivery area,,Radersburg,MT,Zip Code Area,STANDARD,59643
59702,PO boxes,,Butte,MT,Post Office or large volume customer,PO BOX,59701
59703,PO boxes,,Butte,MT,Post Office or large volume customer,PO BOX,59701
59707,organization,Northwestern Energy,Butte,MT,Post Office or large volume customer,UNIQUE,59701
59717,PO boxes,,Bozeman,MT,Zip Code Area,PO BOX,59715
59719,PO boxes,,Bozeman,MT,Post Office or large volume customer,PO BOX,59718
59771,PO boxes,,Bozeman,MT,Post Office or large volume customer,PO BOX,59715
59772,PO boxes,,Bozeman,MT,Post Office or large volume customer,PO BOX,59718
59806,PO boxes,,Missoula,MT,Post Office or large volume customer,PO BOX,59801
59807,PO boxes,,Missoula,MT,Post Office or large volume customer,PO BOX,59802
59835,PO boxes,,Grantsdale,MT,Post Office or large volume customer,PO BOX,59840
59903,PO boxes,,Kalispell,MT,Post Office or large volume customer,PO BOX,59901
59904,PO boxes,,Kalispell,MT,Post Office or large volume customer,PO BOX,59901
59921,PO boxes,,Lake Mc Donald,MT,Post Office or large volume customer,PO BOX,59936
60006,PO boxes,,Arlington Heights,IL,Post Office or large volume customer,PO BOX,60005
60009,PO boxes,,Elk Grove Village,IL,Post Office or large volume customer,PO BOX,60007
60011,PO boxes,,Barrington,IL,Post Office or large volume customer,PO BOX,60010
60017,PO boxes,,Des Plaines,IL,Post Office or large volume customer,PO BOX,60018
60019,organization,Despl/Rsmt Bus Rply,Des Plaines,IL,Post Office or large volume customer,UNIQUE,60018
60037,delivery area,,Fort Sheridan,IL,Zip Code Area,STANDARD,60035
60038,organization,Ww Grainger Inc,Palatine,IL,Post Office or large volume customer,UNIQUE,60074
60039,PO boxes,,Crystal Lake,IL,Post Office or large volume customer,PO BOX,60014
60055,organization,Mellon Financial Services,Palatine,IL,Post Office or large volume customer,UNIQUE,60067
60065,PO boxes,,Northbrook,IL,Post Office or large volume customer,PO BOX,60062
60078,PO boxes,,Palatine,IL,Post Office or large volume customer,PO BOX,60067
60079,PO boxes,,Waukegan,IL,Post Office or large volume customer,PO BOX,60085
60082,PO boxes,,Techny,IL,Post Office or large volume customer,PO BOX,60093
60086,organization,Selective Service,North Chicago,IL,Post Office or large volume customer,UNIQUE,60064
60094,PO boxes,,Palatine,IL,Post Office or large volume customer,PO BOX,60067
60095,PO boxes,,Palatine,IL,Post Office or large volume customer,PO BOX,60074
60105,organization,Bradford Group,Bensenville,IL,Post Office or large volume customer,UNIQUE,60106
60116,organization,Household Financial Services,Carol Stream,IL,Post Office or large volume customer,UNIQUE,60188
60117,organization,Great Lakes Area Office,Bloomingdale,IL,Post Office or large volume customer,UNIQUE,60108
60121,PO boxes,,Elgin,IL,Post Office or large volume customer,PO BOX,60124
60122,organization,Chase Bank,Carol Stream,IL,Post Office or large volume customer,UNIQUE,60188
60128,organization,Household Finance Corp,Carol Stream,IL,Post Office or large volume customer,UNIQUE,60188
60132,organization,Citicorp,Carol Stream,IL,Post Office or large volume customer,UNIQUE,60188
60138,PO boxes,,Glen Ellyn,IL,Post Office or large volume customer,PO BOX,60137
60147,PO boxes,,Lafox,IL,Post Office or large volume customer,PO BOX,60119
60159,PO boxes,,Schaumburg,IL,Post Office or large volume customer,PO BOX,60173
60161,PO boxes,,Melrose Park,IL,Post Office or large volume customer,PO BOX,60160
60168,PO boxes,,Schaumburg,IL,Post Office or large volume customer,PO BOX,60194
60179,organization,Sears Roebuck And Company,Hoffman Estates,IL,Zip Code Area,UNIQUE,60192
60186,PO boxes,,West Chicago,IL,Post Office or large volume customer,PO BOX,60185
60196,organization,Multi High Volume Firms,Schaumburg,IL,Post Office or large volume customer,UNIQUE,60173
60197,PO boxes,,Carol Stream,IL,Post Office or large volume customer,PO BOX,60188
60199,other,,Carol Stream,IL,Post Office or large volume customer,STANDARD,60188
60204,PO boxes,,Evanston,IL,Post Office or large volume customer,PO BOX,60201
60303,PO boxes,,Oak Park,IL,Post Office or large volume customer,PO BOX,60301
60399,organization,Id Commerce And Logisitcs,Wood Dale,IL,Post Office or large volume customer,UNIQUE,60191
60412,PO boxes,,Chicago Heights,IL,Post Office or large volume customer,PO BOX,60411
60434,PO boxes,,Joliet,IL,Post Office or large volume customer,PO BOX,60436
60454,PO boxes,,Oak Lawn,IL,Post Office or large volume customer,PO BOX,60453
60499,PO boxes,,Bedford Park,IL,Post Office or large volume customer,PO BOX,60638
60507,PO boxes,,Aurora,IL,Post Office or large volume customer,PO BOX,60505
60522,PO boxes,,Hinsdale,IL,Post Office or large volume customer,PO BOX,60521
60566,PO boxes,,Naperville,IL,Post Office or large volume customer,PO BOX,60540
60567,PO boxes,,Naperville,IL,Post Office or large volume customer,PO BOX,60540
60568,organization,Nicor Gas; Northern Il Gas; Northern Ill Gas Co,Aurora,IL,Post Office or large volume customer,UNIQUE,60505
60569,organization,Follett Books Corp,Aurora,IL,Post Office or large volume customer,UNIQUE,60555
60572,organization,AT & T,Aurora,IL,Post Office or large volume customer,UNIQUE,60504
60598,PO boxes,,Aurora,IL,Post Office or large volume customer,PO BOX,60504
60599,other,,Fox Valley,IL,Post Office or large volume customer,STANDARD,60504
60664,PO boxes,,Chicago,IL,Post Office or large volume customer,PO BOX,60601
60666,PO boxes,,Chicago,IL,Zip Code Area,PO BOX,60018
60668,organization,Commonwealth Edison,Chicago,IL,Post Office or large volume customer,UNIQUE,60616
60669,organization,Div Of Postal Inspectors,Chicago,IL,Post Office or large volume customer,UNIQUE,60607
60670,organization,Chase Bank; Jp Morgan Chase,Chicago,IL,Post Office or large volume customer,UNIQUE,60602
60673,organization,Chase Bank; Jp Morgan Chase,Chicago,IL,Post Office or large volume customer,UNIQUE,60606
60674,organization,Bank Of America,Chicago,IL,Post Office or large volume customer,UNIQUE,60603
60675,organization,Northern Trust Co,Chicago,IL,Post Office or large volume customer,UNIQUE,60603
60677,organization,Pnc Bank,Chicago,IL,Post Office or large volume customer,UNIQUE,60606
60678,organization,American National Bank,Chicago,IL,Post Office or large volume customer,UNIQUE,60602
60680,PO boxes,,Chicago,IL,Post Office or large volume customer,PO BOX,60607
60681,PO boxes,,Chicago,IL,Post Office or large volume customer,PO BOX,60601
60682,organization,Bank Of America,Chicago,IL,Post Office or large volume customer,UNIQUE,60607
60684,organization,Willis Tower,Chicago,IL,Post Office or large volume customer,UNIQUE,60606
60685,organization,Cna Center,Chicago,IL,Post Office or large volume customer,UNIQUE,60604
60686,organization,National City Bank,Chicago,IL,Post Office or large volume customer,UNIQUE,60612
60687,organization,Peoples Gas And Light,Chicago,IL,Post Office or large volume customer,UNIQUE,60603
60688,organization,Jt Weeker Isc,Chicago,IL,Post Office or large volume customer,UNIQUE,60018
60689,organization,Fifth Third Bank,Chicago,IL,Post Office or large volume customer,UNIQUE,60607
60690,PO boxes,,Chicago,IL,Post Office or large volume customer,PO BOX,60604
60691,PO boxes,,Chicago,IL,Post Office or large volume customer,PO BOX,60604
60693,organization,Bank Of America,Chicago,IL,Post Office or large volume customer,UNIQUE,60604
60694,organization,Harris Bank,Chicago,IL,Post Office or large volume customer,UNIQUE,60603
60695,organization,Jp Morgan Chase,Chicago,IL,Post Office or large volume customer,UNIQUE,60607
60696,organization,Bank Of America; Fleet,Chicago,IL,Post Office or large volume customer,UNIQUE,60604
60697,organization,Bank Of America,Chicago,IL,Post Office or large volume customer,UNIQUE,60604
60699,other,,Chicago,IL,Post Office or large volume customer,STANDARD,60607
60701,other,,Chicago,IL,Post Office or large volume customer,STANDARD,60018
60944,PO boxes,,Hopkins Park,IL,Post Office or large volume customer,PO BOX,60958
61105,PO boxes,,Rockford,IL,Post Office or large volume customer,PO BOX,61101
61106,PO boxes,,Rockford,IL,Post Office or large volume customer,PO BOX,61104
61110,PO boxes,,Rockford,IL,Post Office or large volume customer,PO BOX,61107
61125,PO boxes,,Rockford,IL,Post Office or large volume customer,PO BOX,61109
61126,PO boxes,,Rockford,IL,Post Office or large volume customer,PO BOX,61109
61130,PO boxes,,Loves Park,IL,Post Office or large volume customer,PO BOX,61111
61131,PO boxes,,Loves Park,IL,Post Office or large volume customer,PO BOX,61111
61132,PO boxes,,Loves Park,IL,Post Office or large volume customer,PO BOX,61111
61204,PO boxes,,Rock Island,IL,Post Office or large volume customer,PO BOX,61201
61266,PO boxes,,Moline,IL,Post Office or large volume customer,PO BOX,61265
61299,organization,Rock Island Arsonal,Rock Island,IL,Post Office or large volume customer,UNIQUE,61201
61555,PO boxes,,Pekin,IL,Post Office or large volume customer,PO BOX,61554
61558,organization,Pekin Ins Co,Pekin,IL,Post Office or large volume customer,UNIQUE,61554
61601,PO boxes,,Peoria,IL,Post Office or large volume customer,PO BOX,61602
61612,PO boxes,,Peoria,IL,Post Office or large volume customer,PO BOX,61614
61613,organization,Northwoods Shop Ctr,Peoria,IL,Post Office or large volume customer,UNIQUE,61615
61629,organization,Caterpillar Inc,Peoria,IL,Post Office or large volume customer,UNIQUE,61602
61630,organization,Caterpillar Inc,Peoria,IL,Post Office or large volume customer,UNIQUE,61605
61633,organization,Great Central Ins Co,Peoria,IL,Post Office or large volume customer,UNIQUE,61604
61634,organization,Il Mutual Life & Casualty,Peoria,IL,Post Office or large volume customer,UNIQUE,61602
61635,organization,Il Central College,East Peoria,IL,Zip Code Area,UNIQUE,61611
61636,organization,Methodist Hosp,Peoria,IL,Post Office or large volume customer,UNIQUE,61603
61637,organization,St Francis Hosp,Peoria,IL,Post Office or large volume customer,UNIQUE,61603
61638,organization,Replacement Lens Inc,Peoria,IL,Post Office or large volume customer,UNIQUE,61615
61639,organization,Komatsu Dresser; Westinghouse Air Brake,Peoria,IL,Post Office or large volume customer,UNIQUE,61603
61641,organization,Keystone Steel And Wire,Peoria,IL,Post Office or large volume customer,UNIQUE,61607
61643,organization,Peoria Journal Star,Peoria,IL,Post Office or large volume customer,UNIQUE,61614
61650,PO boxes,,Peoria,IL,Post Office or large volume customer,PO BOX,61602
61651,PO boxes,,Peoria,IL,Post Office or large volume customer,PO BOX,61602
61652,PO boxes,,Peoria,IL,Post Office or large volume customer,PO BOX,61602
61653,PO boxes,,Peoria,IL,Post Office or large volume customer,PO BOX,61602
61654,PO boxes,,Peoria,IL,Post Office or large volume customer,PO BOX,61602
61655,PO boxes,,Peoria,IL,Post Office or large volume customer,PO BOX,61602
61656,PO boxes,,Peoria,IL,Post Office or large volume customer,PO BOX,61602
61702,PO boxes,,Bloomington,IL,Post Office or large volume customer,PO BOX,61701
61709,organization,State Farm Ins Il Region Ofc,Bloomington,IL,Post Office or large volume customer,UNIQUE,61704
61710,organization,3 State Farm Plaza,Bloomington,IL,Post Office or large volume customer,UNIQUE,61701
61758,PO boxes,,Merna,IL,Post Office or large volume customer,PO BOX,61761
61790,organization,Il State University,Normal,IL,Zip Code Area,UNIQUE,61761
61791,organization,3 State Farm Plaza,Bloomington,IL,Post Office or large volume customer,UNIQUE,61701
61799,organization,Internal Revenue Service,Bloomington,IL,Post Office or large volume customer,UNIQUE,61704
61803,PO boxes,,Urbana,IL,Post Office or large volume customer,PO BOX,61801
61824,PO boxes,,Champaign,IL,Post Office or large volume customer,PO BOX,61820
61825,PO boxes,,Champaign,IL,Post Office or large volume customer,PO BOX,61820
61826,PO boxes,,Champaign,IL,Post Office or large volume customer,PO BOX,61822
62065,delivery area,,Michael,IL,Zip Code Area,STANDARD,62053
62070,delivery area,,Mozier,IL,Zip Code Area,STANDARD,62053
62071,PO boxes,,National Stock Yards,IL,Zip Code Area,PO BOX,62201
62202,PO boxes,,East Saint Louis,IL,Post Office or large volume customer,PO BOX,62201
62222,PO boxes,,Belleville,IL,Post Office or large volume customer,PO BOX,62220
62252,PO boxes,,Huey,IL,Post Office or large volume customer,PO BOX,62231
62259,PO boxes,,Menard,IL,Post Office or large volume customer,PO BOX,62233
62306,PO boxes,,Quincy,IL,Post Office or large volume customer,PO BOX,62301
62329,PO boxes,,Colusa,IL,Post Office or large volume customer,PO BOX,62358
62524,PO boxes,,Decatur,IL,Post Office or large volume customer,PO BOX,62526
62525,PO boxes,,Decatur,IL,Post Office or large volume customer,PO BOX,62523
62651,PO boxes,,Jacksonville,IL,Post Office or large volume customer,PO BOX,62650
62659,other,,Lincolns New Salem,IL,Post Office or large volume customer,STANDARD,62675
62660,PO boxes,,Literberry,IL,Post Office or large volume customer,PO BOX,62650
62662,PO boxes,,Lowder,IL,Post Office or large volume customer,PO BOX,62692
62683,PO boxes,,Scottville,IL,Post Office or large volume customer,PO BOX,62667
62705,PO boxes,,Springfield,IL,Post Office or large volume customer,PO BOX,62701
62708,PO boxes,,Springfield,IL,Post Office or large volume customer,PO BOX,62703
62715,organization,Horace Mann Ins,Springfield,IL,Post Office or large volume customer,UNIQUE,62701
62716,organization,Hope School,Springfield,IL,Post Office or large volume customer,UNIQUE,62712
62719,organization,State Rev Box 3547,Springfield,IL,Post Office or large volume customer,UNIQUE,62701
62722,organization,Secy Of State Vehicle Svcs,Springfield,IL,Post Office or large volume customer,UNIQUE,62706
62723,organization,Drivers Lic Div,Springfield,IL,Post Office or large volume customer,UNIQUE,62703
62726,organization,STATE REV 3386,Springfield,IL,Post Office or large volume customer,UNIQUE,62701
62736,organization,STATE REV 3667,Springfield,IL,Post Office or large volume customer,UNIQUE,62701
62739,organization,Central Il Public Service,Springfield,IL,Post Office or large volume customer,UNIQUE,62701
62756,organization,Il Sec State,Springfield,IL,Post Office or large volume customer,UNIQUE,62706
62757,organization,Dept Public Property Cwlp,Springfield,IL,Post Office or large volume customer,UNIQUE,62701
62761,organization,Il Dept Public Health,Springfield,IL,Post Office or large volume customer,UNIQUE,62702
62762,organization,Il Dept Human Services,Springfield,IL,Post Office or large volume customer,UNIQUE,62704
62763,organization,Healthcare And Family Serv,Springfield,IL,Post Office or large volume customer,UNIQUE,62704
62764,organization,Dept Of Transportation,Springfield,IL,Post Office or large volume customer,UNIQUE,62703
62765,organization,Dhs Dept Of Mental Health,Springfield,IL,Post Office or large volume customer,UNIQUE,62701
62766,organization,Hwy Accident Bureau,Springfield,IL,Post Office or large volume customer,UNIQUE,62702
62767,organization,Il Dept Ins,Springfield,IL,Post Office or large volume customer,UNIQUE,62701
62769,organization,St Johns Hospital,Springfield,IL,Post Office or large volume customer,UNIQUE,62702
62776,organization,Il Dept Revenue,Springfield,IL,Post Office or large volume customer,UNIQUE,62701
62777,organization,Il Office Educ,Springfield,IL,Post Office or large volume customer,UNIQUE,62701
62781,organization,Memorial Med Ctr,Springfield,IL,Post Office or large volume customer,UNIQUE,62702
62786,organization,Il Dept Reg And Educ,Springfield,IL,Post Office or large volume customer,UNIQUE,62701
62791,PO boxes,,Springfield,IL,Post Office or large volume customer,PO BOX,62704
62794,PO boxes,,Springfield,IL,Post Office or large volume customer,PO BOX,62703
62796,organization,Il Ro Tax Div,Springfield,IL,Post Office or large volume customer,UNIQUE,62703
62834,PO boxes,,Emma,IL,Post Office or large volume customer,PO BOX,62861
62840,PO boxes,,Frankfort Heights,IL,Post Office or large volume customer,PO BOX,62896
62866,PO boxes,,Nason,IL,Post Office or large volume customer,PO BOX,62816
62909,delivery area,,Boles,IL,Zip Code Area,STANDARD,62995
62973,PO boxes,,Perks,IL,Post Office or large volume customer,PO BOX,62992
62993,PO boxes,,Unity,IL,Post Office or large volume customer,PO BOX,62988
63006,PO boxes,,Chesterfield,MO,Post Office or large volume customer,PO BOX,63017
63022,PO boxes,,Ballwin,MO,Post Office or large volume customer,PO BOX,63011
63024,PO boxes,,Ballwin,MO,Post Office or large volume customer,PO BOX,63021
63032,PO boxes,,Florissant,MO,Post Office or large volume customer,PO BOX,63033
63057,PO boxes,,Liguori,MO,Post Office or large volume customer,PO BOX,63012
63065,PO boxes,,Mapaville,MO,Post Office or large volume customer,PO BOX,63050
63066,PO boxes,,Morse Mill,MO,Post Office or large volume customer,PO BOX,63050
63099,organization,Maritz Inc,Fenton,MO,Post Office or large volume customer,UNIQUE,63026
63145,PO boxes,,Saint Louis,MO,Zip Code Area,PO BOX,63134
63150,organization,Bank Of America,Saint Louis,MO,Post Office or large volume customer,UNIQUE,63101
63151,PO boxes,,Saint Louis,MO,Post Office or large volume customer,PO BOX,63129
63156,PO boxes,,Saint Louis,MO,Post Office or large volume customer,PO BOX,63108
63157,PO boxes,,Saint Louis,MO,Post Office or large volume customer,PO BOX,63104
63158,PO boxes,,Saint Louis,MO,Post Office or large volume customer,PO BOX,63118
63160,organization,Bank Of America,Saint Louis,MO,Post Office or large volume customer,UNIQUE,63102
63163,PO boxes,,Saint Louis,MO,Post Office or large volume customer,PO BOX,63118
63164,organization,Nestle,Saint Louis,MO,Post Office or large volume customer,UNIQUE,63102
63166,PO boxes,,Saint Louis,MO,Post Office or large volume customer,PO BOX,63155
63167,organization,Monsanto,Saint Louis,MO,Post Office or large volume customer,UNIQUE,63141
63169,PO boxes,,Saint Louis,MO,Post Office or large volume customer,PO BOX,63101
63171,organization,Laclede Gas Co,Saint Louis,MO,Post Office or large volume customer,UNIQUE,63119
63177,PO boxes,,Saint Louis,MO,Post Office or large volume customer,PO BOX,63155
63178,PO boxes,,Saint Louis,MO,Post Office or large volume customer,PO BOX,63155
63179,PO boxes,,Saint Louis,MO,Post Office or large volume customer,PO BOX,63103
63180,other,,Saint Louis,MO,Post Office or large volume customer,STANDARD,63155
63188,PO boxes,,Saint Louis,MO,Post Office or large volume customer,PO BOX,63101
63195,organization,Firstar Bank; Us Bank,Saint Louis,MO,Post Office or large volume customer,UNIQUE,63105
63197,business reply mail,Courtesy Reply Mail Firms,Saint Louis,MO,Post Office or large volume customer,UNIQUE,63103
63199,organization,Usps Inspection Service,Saint Louis,MO,Post Office or large volume customer,UNIQUE,63101
63302,PO boxes,,Saint Charles,MO,Post Office or large volume customer,PO BOX,63301
63338,PO boxes,,Cottleville,MO,Post Office or large volume customer,PO BOX,63304
63342,PO boxes,,Dutzow,MO,Post Office or large volume customer,PO BOX,63357
63346,PO boxes,,Flinthill,MO,Post Office or large volume customer,PO BOX,63385
63370,PO boxes,,Olney,MO,Post Office or large volume customer,PO BOX,63377
63378,PO boxes,,Treloar,MO,Post Office or large volume customer,PO BOX,63357
63442,other,,Granger,MO,Post Office or large volume customer,STANDARD,63432
63632,PO boxes,,Cascade,MO,Post Office or large volume customer,PO BOX,63655
63651,PO boxes,,Knob Lick,MO,Post Office or large volume customer,PO BOX,63640
63666,PO boxes,,Reynolds,MO,Post Office or large volume customer,PO BOX,63638
63702,PO boxes,,Cape Girardeau,MO,Post Office or large volume customer,PO BOX,63701
63737,delivery area,,Brazeau,MO,Zip Code Area,STANDARD,63748
63752,PO boxes,,Gordonville,MO,Post Office or large volume customer,PO BOX,63701
63776,PO boxes,,Mc Bride,MO,Post Office or large volume customer,PO BOX,63775
63779,PO boxes,,Pocahontas,MO,Post Office or large volume customer,PO BOX,63755
63875,PO boxes,,Rives,MO,Post Office or large volume customer,PO BOX,63855
63881,PO boxes,,Wolf Island,MO,Post Office or large volume customer,PO BOX,63845
63902,PO boxes,,Poplar Bluff,MO,Post Office or large volume customer,PO BOX,63901
63931,delivery area,,Briar,MO,Zip Code Area,STANDARD,63935
64002,organization,Homeland Nbc,Lees Summit,MO,Post Office or large volume customer,UNIQUE,64086
64013,PO boxes,,Blue Springs,MO,Post Office or large volume customer,PO BOX,64014
64051,PO boxes,,Independence,MO,Post Office or large volume customer,PO BOX,64050
64069,PO boxes,,Liberty,MO,Post Office or large volume customer,PO BOX,64068
64073,PO boxes,,Mosby,MO,Post Office or large volume customer,PO BOX,64024
64121,PO boxes,,Kansas City,MO,Post Office or large volume customer,PO BOX,64127
64141,PO boxes,,Kansas City,MO,Post Office or large volume customer,PO BOX,64108
64144,organization,Philatelic Distribution Ctr,Kansas City,MO,Post Office or large volume customer,UNIQUE,64161
64148,PO boxes,,Kansas City,MO,Post Office or large volume customer,PO BOX,64145
64162,organization,Usps Stamp Distribution Ctr,Kansas City,MO,Post Office or large volume customer,UNIQUE,64161
64168,PO boxes,,Kansas City,MO,Post Office or large volume customer,PO BOX,64150
64170,organization,Internal Revenue Service; Midwest Service Center,Kansas City,MO,Post Office or large volume customer,UNIQUE,64131
64171,PO boxes,,Kansas City,MO,Post Office or large volume customer,PO BOX,64111
64179,business reply mail,Kansas City Brm,Kansas City,MO,Post Office or large volume customer,UNIQUE,64108
64180,organization,Commerce Bank,Kansas City,MO,Post Office or large volume customer,UNIQUE,64106
64184,organization,Commerce Bank,Kansas City,MO,Post Office or large volume customer,UNIQUE,64106
64187,organization,United Missouri Bank,Kansas City,MO,Post Office or large volume customer,UNIQUE,64106
64188,PO boxes,,Kansas City,MO,Post Office or large volume customer,PO BOX,64118
64190,PO boxes,,Kansas City,MO,Post Office or large volume customer,PO BOX,64154
64191,PO boxes,,Kansas City,MO,Post Office or large volume customer,PO BOX,64124
64195,PO boxes,,Kansas City,MO,Post Office or large volume customer,PO BOX,64152
64196,PO boxes,,Kansas City,MO,Post Office or large volume customer,PO BOX,64106
64197,organization,Marine Corps Finance Center,Kansas City,MO,Post Office or large volume customer,UNIQUE,64131
64198,organization,Federal Reserve,Kansas City,MO,Post Office or large volume customer,UNIQUE,64106
64199,PO boxes,,Kansas City,MO,Post Office or large volume customer,PO BOX,64106
64502,PO boxes,,Saint Joseph,MO,Post Office or large volume customer,PO BOX,64501
64508,PO boxes,,Saint Joseph,MO,Post Office or large volume customer,PO BOX,64506
64680,PO boxes,,Stet,MO,Post Office or large volume customer,PO BOX,64668
64766,PO boxes,,Milford,MO,Post Office or large volume customer,PO BOX,64759
64802,PO boxes,,Joplin,MO,Post Office or large volume customer,PO BOX,64801
64803,PO boxes,,Joplin,MO,Post Office or large volume customer,PO BOX,64804
64853,PO boxes,,Newtonia,MO,Post Office or large volume customer,PO BOX,64866
64864,PO boxes,,Saginaw,MO,Post Office or large volume customer,PO BOX,64804
64999,organization,Internal Revenue Service,Kansas City,MO,Post Office or large volume customer,UNIQUE,64108
65036,PO boxes,,Gasconade,MO,Post Office or large volume customer,PO BOX,65041
65038,PO boxes,,Laurie,MO,Post Office or large volume customer,PO BOX,65037
65042,PO boxes,,High Point,MO,Zip Code Area,PO BOX,65074
65055,PO boxes,,Mc Girk,MO,Post Office or large volume customer,PO BOX,65018
65102,PO boxes,,Jefferson City,MO,Post Office or large volume customer,PO BOX,65101
65103,organization,Div Of Family Services,Jefferson City,MO,Post Office or large volume customer,UNIQUE,65101
65104,organization,Div Of Employment Sec,Jefferson City,MO,Post Office or large volume customer,UNIQUE,65101
65105,organization,Mo Dept Of Revenue,Jefferson City,MO,Post Office or large volume customer,UNIQUE,65101
65106,organization,Income Tax Refund,Jefferson City,MO,Post Office or large volume customer,UNIQUE,65101
65107,organization,Div Of Income Tax Due,Jefferson City,MO,Post Office or large volume customer,UNIQUE,65101
65108,organization,Div Of Witholding Tax,Jefferson City,MO,Post Office or large volume customer,UNIQUE,65101
65110,PO boxes,,Jefferson City,MO,Post Office or large volume customer,PO BOX,65109
65111,organization,Scholastics Inc,Jefferson City,MO,Post Office or large volume customer,UNIQUE,65101
65205,PO boxes,,Columbia,MO,Post Office or large volume customer,PO BOX,65201
65211,organization,University Of Missouri,Columbia,MO,Zip Code Area,UNIQUE,65203
65212,organization,Umc Hospital Clinics,Columbia,MO,Post Office or large volume customer,UNIQUE,65201
65217,organization,State Farm Ins,Columbia,MO,Post Office or large volume customer,UNIQUE,65201
65218,organization,Shelter Insurance,Columbia,MO,Post Office or large volume customer,UNIQUE,65203
65299,other,,Columbia,MO,Post Office or large volume customer,STANDARD,65201
65302,PO boxes,,Sedalia,MO,Post Office or large volume customer,PO BOX,65301
65402,PO boxes,,Rolla,MO,Post Office or large volume customer,PO BOX,65401
65532,PO boxes,,Lake Spring,MO,Post Office or large volume customer,PO BOX,65401
65546,PO boxes,,Montier,MO,Post Office or large volume customer,PO BOX,65438
65607,PO boxes,,Caplinger Mills,MO,Post Office or large volume customer,PO BOX,65785
65615,PO boxes,,Branson,MO,Post Office or large volume customer,PO BOX,65616
65636,PO boxes,,Diggins,MO,Post Office or large volume customer,PO BOX,65746
65645,PO boxes,,Morrisville,MO,Post Office or large volume customer,PO BOX,65770
65673,PO boxes,,Hollister,MO,Post Office or large volume customer,PO BOX,65739
65765,PO boxes,,Turners,MO,Post Office or large volume customer,PO BOX,65809
65805,PO boxes,,Springfield,MO,Post Office or large volume customer,PO BOX,65801
65808,PO boxes,,Springfield,MO,Post Office or large volume customer,PO BOX,65804
65814,PO boxes,,Springfield,MO,Post Office or large volume customer,PO BOX,65804
65817,PO boxes,,Springfield,MO,Post Office or large volume customer,PO BOX,65807
65890,business reply mail,Springfield Brm,Springfield,MO,Post Office or large volume customer,UNIQUE,65804
65898,organization,Bass Pro Shops,Springfield,MO,Post Office or large volume customer,UNIQUE,65803
65899,organization,American Nat Prop & Casualty,Springfield,MO,Post Office or large volume customer,UNIQUE,65804
66036,PO boxes,,Hillsdale,KS,Post Office or large volume customer,PO BOX,66071
66051,PO boxes,,Olathe,KS,Post Office or large volume customer,PO BOX,66061
66063,PO boxes,,Olathe,KS,Post Office or large volume customer,PO BOX,66062
66110,PO boxes,,Kansas City,KS,Post Office or large volume customer,PO BOX,66102
66113,PO boxes,,Edwardsville,KS,Zip Code Area,PO BOX,66111
66117,PO boxes,,Kansas City,KS,Post Office or large volume customer,PO BOX,66101
66119,PO boxes,,Kansas City,KS,Post Office or large volume customer,PO BOX,66103
66201,PO boxes,,Mission,KS,Post Office or large volume customer,PO BOX,66202
66222,PO boxes,,Mission,KS,Post Office or large volume customer,PO BOX,66205
66225,PO boxes,,Overland Park,KS,Post Office or large volume customer,PO BOX,66213
66250,organization,Jc Penney Co,Lenexa,KS,Post Office or large volume customer,UNIQUE,66219
66276,organization,Jc Penney Co,Lenexa,KS,Post Office or large volume customer,UNIQUE,66202
66282,PO boxes,,Overland Park,KS,Post Office or large volume customer,PO BOX,66212
66283,PO boxes,,Overland Park,KS,Post Office or large volume customer,PO BOX,66223
66285,PO boxes,,Lenexa,KS,Post Office or large volume customer,PO BOX,66215
66286,PO boxes,,Shawnee,KS,Post Office or large volume customer,PO BOX,66226
66420,PO boxes,,Dover,KS,Post Office or large volume customer,PO BOX,66610
66426,PO boxes,,Fostoria,KS,Post Office or large volume customer,PO BOX,66549
66505,PO boxes,,Manhattan,KS,Post Office or large volume customer,PO BOX,66502
66601,PO boxes,,Topeka,KS,Post Office or large volume customer,PO BOX,66603
66620,organization,Ks State Bd Of Health,Topeka,KS,Post Office or large volume customer,UNIQUE,66619
66624,other,,Topeka,KS,Post Office or large volume customer,STANDARD,66619
66625,organization,Ks Dept Of Revenue Taxation,Topeka,KS,Post Office or large volume customer,UNIQUE,66612
66626,organization,Ks Dept Of Revenue Vehicles,Topeka,KS,Post Office or large volume customer,UNIQUE,66612
66629,organization,Blue Cross,Topeka,KS,Post Office or large volume customer,UNIQUE,66612
66630,organization,Usps Critical Parts,Topeka,KS,Post Office or large volume customer,UNIQUE,66619
66636,organization,Security Benefit Life,Topeka,KS,Post Office or large volume customer,UNIQUE,66606
66647,PO boxes,,Topeka,KS,Post Office or large volume customer,PO BOX,66604
66667,PO boxes,,Topeka,KS,Post Office or large volume customer,PO BOX,66604
66675,PO boxes,,Topeka,KS,Post Office or large volume customer,PO BOX,66618
66683,other,,Topeka,KS,Post Office or large volume customer,STANDARD,66603
66699,organization,Kansas Income Tax,Topeka,KS,Post Office or large volume customer,UNIQUE,66612
66728,PO boxes,,Crestline,KS,Zip Code Area,PO BOX,66739
66855,other,,Lamont,KS,Post Office or large volume customer,STANDARD,66860
67201,PO boxes,,Wichita,KS,Post Office or large volume customer,PO BOX,67202
67275,PO boxes,,Wichita,KS,Post Office or large volume customer,PO BOX,67209
67276,other,,Wichita,KS,Post Office or large volume customer,STANDARD,67209
67277,PO boxes,,Wichita,KS,Post Office or large volume customer,PO BOX,67209
67278,PO boxes,,Wichita,KS,Post Office or large volume customer,PO BOX,67207
67402,PO boxes,,Salina,KS,Post Office or large volume customer,PO BOX,67401
67504,PO boxes,,Hutchinson,KS,Post Office or large volume customer,PO BOX,67501
67585,PO boxes,,Yoder,KS,Post Office or large volume customer,PO BOX,67501
67905,PO boxes,,Liberal,KS,Post Office or large volume customer,PO BOX,67901
68026,PO boxes,,Fremont,NE,Post Office or large volume customer,PO BOX,68025
68101,PO boxes,,Omaha,NE,Post Office or large volume customer,PO BOX,68102
68103,PO boxes,,Omaha,NE,Post Office or large volume customer,PO BOX,68108
68109,PO boxes,,Omaha,NE,Post Office or large volume customer,PO BOX,68108
68119,PO boxes,,Omaha,NE,Post Office or large volume customer,PO BOX,68110
68139,PO boxes,,Omaha,NE,Post Office or large volume customer,PO BOX,68137
68145,PO boxes,,Omaha,NE,Post Office or large volume customer,PO BOX,68137
68172,organization,Bar Code; Omaha Brm,Omaha,NE,Post Office or large volume customer,UNIQUE,68131
68175,organization,Mutual Of Omaha,Omaha,NE,Post Office or large volume customer,UNIQUE,68131
68176,other,,Omaha,NE,Post Office or large volume customer,STANDARD,68102
68179,organization,Union Pacific Rr,Omaha,NE,Post Office or large volume customer,UNIQUE,68102
68180,organization,Blue Cross Blue Shield,Omaha,NE,Post Office or large volume customer,UNIQUE,68124
68197,organization,1st National Bank Of Omaha,Omaha,NE,Post Office or large volume customer,UNIQUE,68102
68198,organization,Un Med Center; Univ Of Ne Med Center; University Of Nebraska Medic,Omaha,NE,Zip Code Area,UNIQUE,68131
68501,PO boxes,,Lincoln,NE,Post Office or large volume customer,PO BOX,68508
68509,PO boxes,,Lincoln,NE,Post Office or large volume customer,PO BOX,68508
68529,PO boxes,,Lincoln,NE,Post Office or large volume customer,PO BOX,68507
68542,PO boxes,,Lincoln,NE,Post Office or large volume customer,PO BOX,68502
68544,organization,Nebraska Book Co,Lincoln,NE,Post Office or large volume customer,UNIQUE,68512
68583,PO boxes,,Lincoln,NE,Zip Code Area,PO BOX,68503
68602,PO boxes,,Columbus,NE,Post Office or large volume customer,PO BOX,68601
68702,PO boxes,,Norfolk,NE,Post Office or large volume customer,PO BOX,68701
68738,PO boxes,,Hadar,NE,Post Office or large volume customer,PO BOX,68701
68802,PO boxes,,Grand Island,NE,Post Office or large volume customer,PO BOX,68803
68848,PO boxes,,Kearney,NE,Post Office or large volume customer,PO BOX,68847
68902,PO boxes,,Hastings,NE,Post Office or large volume customer,PO BOX,68901
68969,PO boxes,,Ragan,NE,Zip Code Area,PO BOX,68949
69103,PO boxes,,North Platte,NE,Post Office or large volume customer,PO BOX,69101
69160,organization,Cabelas Inc,Sidney,NE,Post Office or large volume customer,UNIQUE,69162
69363,PO boxes,,Scottsbluff,NE,Post Office or large volume customer,PO BOX,69361
70004,PO boxes,,Metairie,LA,Post Office or large volume customer,PO BOX,70001
70009,PO boxes,,Metairie,LA,Post Office or large volume customer,PO BOX,70002
70010,PO boxes,,Metairie,LA,Post Office or large volume customer,PO BOX,70002
70011,PO boxes,,Metairie,LA,Post Office or large volume customer,PO BOX,70002
70033,PO boxes,,Metairie,LA,Post Office or large volume customer,PO BOX,70003
70044,PO boxes,,Chalmette,LA,Post Office or large volume customer,PO BOX,70043
70054,PO boxes,,Gretna,LA,Post Office or large volume customer,PO BOX,70053
70055,PO boxes,,Metairie,LA,Post Office or large volume customer,PO BOX,70005
70059,PO boxes,,Harvey,LA,Post Office or large volume customer,PO BOX,70058
70060,organization,La Gas Serv Inc,Metairie,LA,Post Office or large volume customer,UNIQUE,70002
70063,PO boxes,,Kenner,LA,Post Office or large volume customer,PO BOX,70062
70064,PO boxes,,Kenner,LA,Post Office or large volume customer,PO BOX,70065
70069,PO boxes,,LA Place,LA,Post Office or large volume customer,PO BOX,70068
70073,PO boxes,,Marrero,LA,Post Office or large volume customer,PO BOX,70072
70078,PO boxes,,New Sarpy,LA,Post Office or large volume customer,PO BOX,70047
70081,PO boxes,,Pilottown,LA,Zip Code Area,PO BOX,70091
70093,PO boxes,,Belle Chasse,LA,Post Office or large volume customer,PO BOX,70037
70096,PO boxes,,Westwego,LA,Post Office or large volume customer,PO BOX,70094
70097,PO boxes,,Kenner,LA,Post Office or large volume customer,PO BOX,70062
70141,PO boxes,,New Orleans,LA,Post Office or large volume customer,PO BOX,70126
70142,organization,Naval Support Act Westbank,New Orleans,LA,Post Office or large volume customer,UNIQUE,70113
70143,organization,Belle Chasse Nas; Naval Air New Orleans,New Orleans,LA,Post Office or large volume customer,UNIQUE,70037
70145,other,,New Orleans,LA,Post Office or large volume customer,STANDARD,70117
70146,other,,New Orleans,LA,Post Office or large volume customer,STANDARD,70117
70150,PO boxes,,New Orleans,LA,Post Office or large volume customer,PO BOX,70112
70151,PO boxes,,New Orleans,LA,Post Office or large volume customer,PO BOX,70112
70152,PO boxes,,New Orleans,LA,Post Office or large volume customer,PO BOX,70112
70153,PO boxes,,New Orleans,LA,Post Office or large volume customer,PO BOX,70112
70154,organization,Hibernia Natl Bank,New Orleans,LA,Post Office or large volume customer,UNIQUE,70115
70156,PO boxes,,New Orleans,LA,Post Office or large volume customer,PO BOX,70112
70157,PO boxes,,New Orleans,LA,Post Office or large volume customer,PO BOX,70112
70158,PO boxes,,New Orleans,LA,Post Office or large volume customer,PO BOX,70112
70159,organization,C O Enl Pers Mgmt Cen,New Orleans,LA,Post Office or large volume customer,UNIQUE,70117
70160,PO boxes,,New Orleans,LA,Post Office or large volume customer,PO BOX,70113
70161,PO boxes,,New Orleans,LA,Post Office or large volume customer,PO BOX,70113
70162,organization,First Natl Bank Commerce,New Orleans,LA,Post Office or large volume customer,UNIQUE,70112
70164,organization,La Power Light,New Orleans,LA,Post Office or large volume customer,UNIQUE,70113
70165,organization,Sewage Water Board,New Orleans,LA,Post Office or large volume customer,UNIQUE,70130
70166,organization,South Central Bell,New Orleans,LA,Post Office or large volume customer,UNIQUE,70113
70167,organization,New Orleans Pub Serv,New Orleans,LA,Post Office or large volume customer,UNIQUE,70119
70170,other,,New Orleans,LA,Post Office or large volume customer,STANDARD,70130
70172,PO boxes,,New Orleans,LA,Post Office or large volume customer,PO BOX,70130
70174,PO boxes,,New Orleans,LA,Post Office or large volume customer,PO BOX,70114
70175,PO boxes,,New Orleans,LA,Post Office or large volume customer,PO BOX,70115
70176,PO boxes,,New Orleans,LA,Post Office or large volume customer,PO BOX,70130
70177,PO boxes,,New Orleans,LA,Post Office or large volume customer,PO BOX,70117
70178,PO boxes,,New Orleans,LA,Post Office or large volume customer,PO BOX,70118
70179,PO boxes,,New Orleans,LA,Post Office or large volume customer,PO BOX,70119
70181,PO boxes,,New Orleans,LA,Post Office or large volume customer,PO BOX,70123
70182,PO boxes,,New Orleans,LA,Post Office or large volume customer,PO BOX,70122
70183,PO boxes,,New Orleans,LA,Post Office or large volume customer,PO BOX,70123
70184,PO boxes,,New Orleans,LA,Post Office or large volume customer,PO BOX,70119
70185,PO boxes,,New Orleans,LA,Post Office or large volume customer,PO BOX,70118
70186,PO boxes,,New Orleans,LA,Post Office or large volume customer,PO BOX,70126
70187,PO boxes,,New Orleans,LA,Post Office or large volume customer,PO BOX,70127
70189,PO boxes,,New Orleans,LA,Post Office or large volume customer,PO BOX,70129
70190,PO boxes,,New Orleans,LA,Post Office or large volume customer,PO BOX,70130
70195,organization,Whitney National Bank,New Orleans,LA,Post Office or large volume customer,UNIQUE,70112
70302,PO boxes,,Thibodaux,LA,Post Office or large volume customer,PO BOX,70301
70361,PO boxes,,Houma,LA,Post Office or large volume customer,PO BOX,70360
70371,PO boxes,,Kraemer,LA,Post Office or large volume customer,PO BOX,70301
70381,PO boxes,,Morgan City,LA,Post Office or large volume customer,PO BOX,70380
70404,PO boxes,,Hammond,LA,Post Office or large volume customer,PO BOX,70401
70421,other,,Akers,LA,Post Office or large volume customer,STANDARD,70454
70429,PO boxes,,Bogalusa,LA,Post Office or large volume customer,PO BOX,70427
70434,PO boxes,,Covington,LA,Post Office or large volume customer,PO BOX,70433
70459,PO boxes,,Slidell,LA,Post Office or large volume customer,PO BOX,70458
70467,PO boxes,,Varnado,LA,Zip Code Area,PO BOX,70426
70469,PO boxes,,Slidell,LA,Post Office or large volume customer,PO BOX,70460
70470,PO boxes,,Mandeville,LA,Post Office or large volume customer,PO BOX,70471
70502,PO boxes,,Lafayette,LA,Post Office or large volume customer,PO BOX,70501
70504,organization,Univ Of La At Lafayette,Lafayette,LA,Zip Code Area,UNIQUE,70506
70505,PO boxes,,Lafayette,LA,Post Office or large volume customer,PO BOX,70503
70509,PO boxes,,Lafayette,LA,Post Office or large volume customer,PO BOX,70501
70511,PO boxes,,Abbeville,LA,Post Office or large volume customer,PO BOX,70510
70521,PO boxes,,Cecilia,LA,Post Office or large volume customer,PO BOX,70517
70527,PO boxes,,Crowley,LA,Post Office or large volume customer,PO BOX,70526
70540,PO boxes,,Garden City,LA,Post Office or large volume customer,PO BOX,70538
70562,PO boxes,,New Iberia,LA,Post Office or large volume customer,PO BOX,70560
70569,PO boxes,,Lydia,LA,Post Office or large volume customer,PO BOX,70560
70571,PO boxes,,Opelousas,LA,Post Office or large volume customer,PO BOX,70570
70593,PO boxes,,Lafayette,LA,Post Office or large volume customer,PO BOX,70501
70596,PO boxes,,Lafayette,LA,Post Office or large volume customer,PO BOX,70506
70598,PO boxes,,Lafayette,LA,Post Office or large volume customer,PO BOX,70508
70602,PO boxes,,Lake Charles,LA,Post Office or large volume customer,PO BOX,70601
70606,PO boxes,,Lake Charles,LA,Post Office or large volume customer,PO BOX,70605
70612,PO boxes,,Lake Charles,LA,Post Office or large volume customer,PO BOX,70611
70616,PO boxes,,Lake Charles,LA,Post Office or large volume customer,PO BOX,70615
70664,PO boxes,,Sulphur,LA,Post Office or large volume customer,PO BOX,70663
70704,PO boxes,,Baker,LA,Post Office or large volume customer,PO BOX,70714
70707,PO boxes,,Gonzales,LA,Post Office or large volume customer,PO BOX,70737
70718,PO boxes,,Brittany,LA,Post Office or large volume customer,PO BOX,70737
70727,PO boxes,,Denham Springs,LA,Post Office or large volume customer,PO BOX,70726
70728,PO boxes,,Duplessis,LA,Post Office or large volume customer,PO BOX,70737
70738,PO boxes,,Burnside,LA,Post Office or large volume customer,PO BOX,70778
70765,PO boxes,,Plaquemine,LA,Post Office or large volume customer,PO BOX,70764
70784,PO boxes,,Wakefield,LA,Post Office or large volume customer,PO BOX,70775
70792,PO boxes,,Uncle Sam,LA,Zip Code Area,PO BOX,70743
70804,PO boxes,,Baton Rouge,LA,Post Office or large volume customer,PO BOX,70802
70821,PO boxes,,Baton Rouge,LA,Post Office or large volume customer,PO BOX,70801
70822,organization,La Dept Of Revenue; La Dept Rev,Baton Rouge,LA,Post Office or large volume customer,UNIQUE,70806
70823,organization,La Dept Of Revenue; La Dept Rev,Baton Rouge,LA,Post Office or large volume customer,UNIQUE,70802
70826,PO boxes,,Baton Rouge,LA,Post Office or large volume customer,PO BOX,70801
70827,other,,Baton Rouge,LA,Post Office or large volume customer,STANDARD,70816
70831,PO boxes,,Baton Rouge,LA,Post Office or large volume customer,PO BOX,70801
70833,organization,La Lottery; Louisiana Lottery,Baton Rouge,LA,Post Office or large volume customer,UNIQUE,70801
70835,PO boxes,,Baton Rouge,LA,Post Office or large volume customer,PO BOX,70816
70837,PO boxes,,Baton Rouge,LA,Post Office or large volume customer,PO BOX,70801
70873,PO boxes,,Baton Rouge,LA,Post Office or large volume customer,PO BOX,70801
70874,PO boxes,,Baton Rouge,LA,Post Office or large volume customer,PO BOX,70811
70879,PO boxes,,Baton Rouge,LA,Post Office or large volume customer,PO BOX,70817
70884,PO boxes,,Baton Rouge,LA,Post Office or large volume customer,PO BOX,70810
70891,organization,Entergy Corp,Baton Rouge,LA,Post Office or large volume customer,UNIQUE,70801
70892,PO boxes,,Baton Rouge,LA,Post Office or large volume customer,PO BOX,70805
70893,PO boxes,,Baton Rouge,LA,Post Office or large volume customer,PO BOX,70820
70894,PO boxes,,Baton Rouge,LA,Post Office or large volume customer,PO BOX,70802
70895,PO boxes,,Baton Rouge,LA,Post Office or large volume customer,PO BOX,70815
70896,PO boxes,,Baton Rouge,LA,Post Office or large volume customer,PO BOX,70806
70898,PO boxes,,Baton Rouge,LA,Post Office or large volume customer,PO BOX,70808
71050,PO boxes,,Longstreet,LA,Post Office or large volume customer,PO BOX,71046
71058,PO boxes,,Minden,LA,Post Office or large volume customer,PO BOX,71055
71080,PO boxes,,Taylor,LA,Post Office or large volume customer,PO BOX,71028
71102,PO boxes,,Shreveport,LA,Post Office or large volume customer,PO BOX,71103
71113,PO boxes,,Bossier City,LA,Post Office or large volume customer,PO BOX,71112
71120,PO boxes,,Shreveport,LA,Post Office or large volume customer,PO BOX,71101
71130,PO boxes,,Shreveport,LA,Post Office or large volume customer,PO BOX,71103
71133,PO boxes,,Shreveport,LA,Post Office or large volume customer,PO BOX,71103
71134,PO boxes,,Shreveport,LA,Post Office or large volume customer,PO BOX,71104
71135,PO boxes,,Shreveport,LA,Post Office or large volume customer,PO BOX,71105
71136,PO boxes,,Shreveport,LA,Post Office or large volume customer,PO BOX,71106
71137,PO boxes,,Shreveport,LA,Post Office or large volume customer,PO BOX,71107
71138,PO boxes,,Shreveport,LA,Post Office or large volume customer,PO BOX,71108
71148,PO boxes,,Shreveport,LA,Post Office or large volume customer,PO BOX,71108
71149,PO boxes,,Shreveport,LA,Post Office or large volume customer,PO BOX,71129
71150,PO boxes,,Shreveport,LA,Post Office or large volume customer,PO BOX,71103
71151,organization,Arkansas Louisiana Gas; Arkla Gas,Shreveport,LA,Post Office or large volume customer,UNIQUE,71108
71152,organization,Cnb; Commercial National Bank,Shreveport,LA,Post Office or large volume customer,UNIQUE,71108
71153,organization,Dowus; Water Department,Shreveport,LA,Post Office or large volume customer,UNIQUE,71101
71154,organization,Premier Bank,Shreveport,LA,Post Office or large volume customer,UNIQUE,71101
71156,organization,Swepco,Shreveport,LA,Post Office or large volume customer,UNIQUE,71101
71161,PO boxes,,Shreveport,LA,Post Office or large volume customer,PO BOX,71101
71162,PO boxes,,Shreveport,LA,Post Office or large volume customer,PO BOX,71101
71163,PO boxes,,Shreveport,LA,Post Office or large volume customer,PO BOX,71101
71164,PO boxes,,Shreveport,LA,Post Office or large volume customer,PO BOX,71101
71165,PO boxes,,Shreveport,LA,Post Office or large volume customer,PO BOX,71101
71166,PO boxes,,Shreveport,LA,Post Office or large volume customer,PO BOX,71101
71171,PO boxes,,Bossier City,LA,Post Office or large volume customer,PO BOX,71111
71172,PO boxes,,Bossier City,LA,Post Office or large volume customer,PO BOX,71111
71207,PO boxes,,Monroe,LA,Post Office or large volume customer,PO BOX,71201
71210,PO boxes,,Monroe,LA,Post Office or large volume customer,PO BOX,71201
71211,PO boxes,,Monroe,LA,Post Office or large volume customer,PO BOX,71203
71213,PO boxes,,Monroe,LA,Post Office or large volume customer,PO BOX,71203
71217,PO boxes,,Monroe,LA,Post Office or large volume customer,PO BOX,71203
71221,PO boxes,,Bastrop,LA,Post Office or large volume customer,PO BOX,71220
71240,PO boxes,,Fairbanks,LA,Post Office or large volume customer,PO BOX,71203
71249,PO boxes,,Jigger,LA,Post Office or large volume customer,PO BOX,71295
71273,PO boxes,,Ruston,LA,Post Office or large volume customer,PO BOX,71270
71281,PO boxes,,Swartz,LA,Post Office or large volume customer,PO BOX,71203
71284,PO boxes,,Tallulah,LA,Post Office or large volume customer,PO BOX,71282
71294,PO boxes,,West Monroe,LA,Post Office or large volume customer,PO BOX,71291
71306,PO boxes,,Alexandria,LA,Post Office or large volume customer,PO BOX,71301
71307,PO boxes,,Alexandria,LA,Post Office or large volume customer,PO BOX,71302
71309,PO boxes,,Alexandria,LA,Post Office or large volume customer,PO BOX,71301
71315,PO boxes,,Alexandria,LA,Post Office or large volume customer,PO BOX,71301
71324,PO boxes,,Chase,LA,Post Office or large volume customer,PO BOX,71295
71329,PO boxes,,Dupont,LA,Post Office or large volume customer,PO BOX,71362
71348,PO boxes,,Libuse,LA,Post Office or large volume customer,PO BOX,71360
71361,PO boxes,,Pineville,LA,Post Office or large volume customer,PO BOX,71360
71363,PO boxes,,Rhinehart,LA,Post Office or large volume customer,PO BOX,71343
71365,PO boxes,,Ruby,LA,Post Office or large volume customer,PO BOX,71360
71377,PO boxes,,Wildsville,LA,Post Office or large volume customer,PO BOX,71343
71431,PO boxes,,Gardner,LA,Post Office or large volume customer,PO BOX,71409
71440,PO boxes,,Joyce,LA,Post Office or large volume customer,PO BOX,71483
71443,PO boxes,,Kurthwood,LA,Post Office or large volume customer,PO BOX,71446
71448,PO boxes,,Longleaf,LA,Post Office or large volume customer,PO BOX,71430
71458,PO boxes,,Natchitoches,LA,Post Office or large volume customer,PO BOX,71457
71460,PO boxes,,Negreet,LA,Post Office or large volume customer,PO BOX,71449
71471,PO boxes,,Saint Maurice,LA,Post Office or large volume customer,PO BOX,71457
71477,PO boxes,,Tioga,LA,Post Office or large volume customer,PO BOX,71360
71496,PO boxes,,Leesville,LA,Post Office or large volume customer,PO BOX,71446
71611,PO boxes,,Pine Bluff,AR,Post Office or large volume customer,PO BOX,71601
71612,PO boxes,,White Hall,AR,Post Office or large volume customer,PO BOX,71602
71613,PO boxes,,Pine Bluff,AR,Post Office or large volume customer,PO BOX,71603
71656,PO boxes,,Monticello,AR,Zip Code Area,PO BOX,71655
71657,PO boxes,,Monticello,AR,Post Office or large volume customer,PO BOX,71655
71711,PO boxes,,Camden,AR,Post Office or large volume customer,PO BOX,71701
71731,PO boxes,,El Dorado,AR,Post Office or large volume customer,PO BOX,71730
71750,PO boxes,,Lawson,AR,Post Office or large volume customer,PO BOX,71730
71754,PO boxes,,Magnolia,AR,Post Office or large volume customer,PO BOX,71753
71802,PO boxes,,Hope,AR,Post Office or large volume customer,PO BOX,71801
71828,PO boxes,,Cale,AR,Zip Code Area,PO BOX,71858
71840,PO boxes,,Genoa,AR,Post Office or large volume customer,PO BOX,71854
71902,PO boxes,,Hot Springs National Park,AR,Post Office or large volume customer,PO BOX,71901
71903,PO boxes,,Hot Springs National Park,AR,Post Office or large volume customer,PO BOX,71913
71910,PO boxes,,Hot Springs Village,AR,Post Office or large volume customer,PO BOX,71909
71914,PO boxes,,Hot Springs National Park,AR,Post Office or large volume customer,PO BOX,71913
71920,other,,Alpine,AR,Post Office or large volume customer,STANDARD,71921
71932,PO boxes,,Board Camp,AR,Post Office or large volume customer,PO BOX,71953
71966,PO boxes,,Oden,AR,Post Office or large volume customer,PO BOX,71961
72018,PO boxes,,Benton,AR,Post Office or large volume customer,PO BOX,72015
72033,PO boxes,,Conway,AR,Post Office or large volume customer,PO BOX,72032
72037,PO boxes,,Coy,AR,Post Office or large volume customer,PO BOX,72046
72043,PO boxes,,Diaz,AR,Post Office or large volume customer,PO BOX,72112
72078,PO boxes,,Jacksonville,AR,Post Office or large volume customer,PO BOX,72076
72089,PO boxes,,Bryant,AR,Post Office or large volume customer,PO BOX,72022
72115,PO boxes,,North Little Rock,AR,Post Office or large volume customer,PO BOX,72114
72124,PO boxes,,North Little Rock,AR,Post Office or large volume customer,PO BOX,72120
72145,PO boxes,,Searcy,AR,Post Office or large volume customer,PO BOX,72143
72149,organization,Harding University,Searcy,AR,Zip Code Area,UNIQUE,72143
72158,PO boxes,,Benton,AR,Post Office or large volume customer,PO BOX,72015
72164,PO boxes,,Sweet Home,AR,Post Office or large volume customer,PO BOX,72206
72190,PO boxes,,North Little Rock,AR,Post Office or large volume customer,PO BOX,72116
72203,PO boxes,,Little Rock,AR,Post Office or large volume customer,PO BOX,72202
72214,PO boxes,,Little Rock,AR,Post Office or large volume customer,PO BOX,72204
72215,PO boxes,,Little Rock,AR,Post Office or large volume customer,PO BOX,72205
72216,PO boxes,,Little Rock,AR,Post Office or large volume customer,PO BOX,72206
72217,PO boxes,,Little Rock,AR,Post Office or large volume customer,PO BOX,72207
72219,PO boxes,,Little Rock,AR,Post Office or large volume customer,PO BOX,72209
72221,PO boxes,,Little Rock,AR,Post Office or large volume customer,PO BOX,72211
72222,PO boxes,,Little Rock,AR,Post Office or large volume customer,PO BOX,72211
72225,PO boxes,,Little Rock,AR,Post Office or large volume customer,PO BOX,72205
72231,PO boxes,,Little Rock,AR,Post Office or large volume customer,PO BOX,72117
72255,organization,Bba Solutions,Little Rock,AR,Post Office or large volume customer,UNIQUE,72205
72260,PO boxes,,Little Rock,AR,Post Office or large volume customer,PO BOX,72210
72295,PO boxes,,Little Rock,AR,Post Office or large volume customer,PO BOX,72206
72303,PO boxes,,West Memphis,AR,Post Office or large volume customer,PO BOX,72301
72310,PO boxes,,Armorel,AR,Zip Code Area,PO BOX,72315
72312,PO boxes,,Barton,AR,Post Office or large volume customer,PO BOX,72374
72316,PO boxes,,Blytheville,AR,Post Office or large volume customer,PO BOX,72315
72319,PO boxes,,Gosnell,AR,Post Office or large volume customer,PO BOX,72315
72321,PO boxes,,Burdette,AR,Zip Code Area,PO BOX,72358
72336,PO boxes,,Forrest City,AR,Post Office or large volume customer,PO BOX,72335
72402,PO boxes,,Jonesboro,AR,Post Office or large volume customer,PO BOX,72401
72403,PO boxes,,Jonesboro,AR,Post Office or large volume customer,PO BOX,72401
72451,PO boxes,,Paragould,AR,Post Office or large volume customer,PO BOX,72450
72465,PO boxes,,Sedgwick,AR,Zip Code Area,PO BOX,72476
72474,PO boxes,,Walcott,AR,Post Office or large volume customer,PO BOX,72450
72475,PO boxes,,Waldenburg,AR,Post Office or large volume customer,PO BOX,72479
72503,PO boxes,,Batesville,AR,Post Office or large volume customer,PO BOX,72501
72525,PO boxes,,Cherokee Village,AR,Post Office or large volume customer,PO BOX,72529
72545,organization,Mays Mission,Heber Springs,AR,Post Office or large volume customer,UNIQUE,72543
72575,PO boxes,,Salado,AR,Post Office or large volume customer,PO BOX,72501
72602,PO boxes,,Harrison,AR,Post Office or large volume customer,PO BOX,72601
72613,PO boxes,,Beaver,AR,Post Office or large volume customer,PO BOX,72632
72643,other,,Lead Hill,AR,Post Office or large volume customer,STANDARD,72644
72654,PO boxes,,Mountain Home,AR,Post Office or large volume customer,PO BOX,72653
72657,other,,Timbo,AR,Post Office or large volume customer,STANDARD,72680
72659,other,,Norfork,AR,Post Office or large volume customer,STANDARD,72658
72702,PO boxes,,Fayetteville,AR,Post Office or large volume customer,PO BOX,72701
72711,PO boxes,,Avoca,AR,Post Office or large volume customer,PO BOX,72756
72716,organization,Wal Mart Inc,Bentonville,AR,Post Office or large volume customer,UNIQUE,72712
72728,PO boxes,,Elm Springs,AR,Post Office or large volume customer,PO BOX,72762
72733,PO boxes,,Gateway,AR,Post Office or large volume customer,PO BOX,72732
72735,PO boxes,,Goshen,AR,Post Office or large volume customer,PO BOX,72727
72737,PO boxes,,Greenland,AR,Post Office or large volume customer,PO BOX,72701
72741,PO boxes,,Johnson,AR,Post Office or large volume customer,PO BOX,72703
72757,PO boxes,,Rogers,AR,Post Office or large volume customer,PO BOX,72756
72765,PO boxes,,Springdale,AR,Post Office or large volume customer,PO BOX,72764
72766,PO boxes,,Springdale,AR,Post Office or large volume customer,PO BOX,72762
72770,PO boxes,,Tontitown,AR,Post Office or large volume customer,PO BOX,72762
72811,PO boxes,,Russellville,AR,Post Office or large volume customer,PO BOX,72801
72812,PO boxes,,Russellville,AR,Post Office or large volume customer,PO BOX,72802
72820,PO boxes,,Alix,AR,Zip Code Area,PO BOX,72821
72902,PO boxes,,Fort Smith,AR,Post Office or large volume customer,PO BOX,72901
72906,PO boxes,,Fort Smith,AR,Post Office or large volume customer,PO BOX,72908
72913,PO boxes,,Fort Smith,AR,Post Office or large volume customer,PO BOX,72903
72914,PO boxes,,Fort Smith,AR,Post Office or large volume customer,PO BOX,72904
72917,PO boxes,,Fort Smith,AR,Post Office or large volume customer,PO BOX,72903
72918,PO boxes,,Fort Smith,AR,Post Office or large volume customer,PO BOX,72908
72919,organization,Golden Ventures,Fort Smith,AR,Post Office or large volume customer,UNIQUE,72908
72957,PO boxes,,Van Buren,AR,Post Office or large volume customer,PO BOX,72956
73023,PO boxes,,Chickasha,OK,Post Office or large volume customer,PO BOX,73018
73039,PO boxes,,Davis,OK,Post Office or large volume customer,PO BOX,73030
73083,PO boxes,,Edmond,OK,Post Office or large volume customer,PO BOX,73034
73085,PO boxes,,Yukon,OK,Post Office or large volume customer,PO BOX,73099
73101,PO boxes,,Oklahoma City,OK,Post Office or large volume customer,PO BOX,73102
73113,PO boxes,,Oklahoma City,OK,Post Office or large volume customer,PO BOX,73114
73123,PO boxes,,Oklahoma City,OK,Post Office or large volume customer,PO BOX,73132
73124,PO boxes,,Oklahoma City,OK,Post Office or large volume customer,PO BOX,73109
73125,PO boxes,,Oklahoma City,OK,Post Office or large volume customer,PO BOX,73107
73126,PO boxes,,Oklahoma City,OK,Post Office or large volume customer,PO BOX,73109
73136,PO boxes,,Oklahoma City,OK,Post Office or large volume customer,PO BOX,73117
73137,PO boxes,,Oklahoma City,OK,Post Office or large volume customer,PO BOX,73127
73140,PO boxes,,Oklahoma City,OK,Post Office or large volume customer,PO BOX,73110
73143,PO boxes,,Oklahoma City,OK,Post Office or large volume customer,PO BOX,73129
73144,PO boxes,,Oklahoma City,OK,Post Office or large volume customer,PO BOX,73119
73146,PO boxes,,Oklahoma City,OK,Post Office or large volume customer,PO BOX,73102
73147,PO boxes,,Oklahoma City,OK,Post Office or large volume customer,PO BOX,73107
73148,PO boxes,,Oklahoma City,OK,Post Office or large volume customer,PO BOX,73108
73152,PO boxes,,Oklahoma City,OK,Post Office or large volume customer,PO BOX,73117
73153,PO boxes,,Oklahoma City,OK,Post Office or large volume customer,PO BOX,73160
73154,PO boxes,,Oklahoma City,OK,Post Office or large volume customer,PO BOX,73118
73155,PO boxes,,Oklahoma City,OK,Post Office or large volume customer,PO BOX,73115
73156,PO boxes,,Oklahoma City,OK,Post Office or large volume customer,PO BOX,73120
73157,PO boxes,,Oklahoma City,OK,Post Office or large volume customer,PO BOX,73112
73163,other,,Oklahoma City,OK,Post Office or large volume customer,STANDARD,73102
73164,PO boxes,,Oklahoma City,OK,Post Office or large volume customer,PO BOX,73102
73167,other,,Oklahoma City,OK,Post Office or large volume customer,STANDARD,73109
73172,PO boxes,,Oklahoma City,OK,Post Office or large volume customer,PO BOX,73162
73178,PO boxes,,Oklahoma City,OK,Post Office or large volume customer,PO BOX,73112
73184,organization,Globe Life And Accident Co,Oklahoma City,OK,Post Office or large volume customer,UNIQUE,73114
73189,PO boxes,,Oklahoma City,OK,Post Office or large volume customer,PO BOX,73159
73190,organization,Okla Univ Health Sci Ctr,Oklahoma City,OK,Post Office or large volume customer,UNIQUE,73104
73194,organization,Ok Tax Comm,Oklahoma City,OK,Post Office or large volume customer,UNIQUE,73105
73195,other,,Oklahoma City,OK,Post Office or large volume customer,STANDARD,73159
73196,organization,Bank Of Oklahoma,Oklahoma City,OK,Post Office or large volume customer,UNIQUE,73102
73301,organization,Internal Revenue Service,Austin,TX,Post Office or large volume customer,UNIQUE,78704
73344,organization,Internal Revenue Service,Austin,TX,Post Office or large volume customer,UNIQUE,78744
73402,PO boxes,,Ardmore,OK,Post Office or large volume customer,PO BOX,73401
73403,PO boxes,,Ardmore,OK,Post Office or large volume customer,PO BOX,73401
73502,PO boxes,,Lawton,OK,Post Office or large volume customer,PO BOX,73501
73506,PO boxes,,Lawton,OK,Post Office or large volume customer,PO BOX,73505
73522,PO boxes,,Altus,OK,Post Office or large volume customer,PO BOX,73521
73534,PO boxes,,Duncan,OK,Post Office or large volume customer,PO BOX,73533
73536,organization,Halliburton,Duncan,OK,Post Office or large volume customer,UNIQUE,73533
73558,PO boxes,,Meers,OK,Post Office or large volume customer,PO BOX,73501
73561,other,,Oscar,OK,Post Office or large volume customer,STANDARD,73569
73648,PO boxes,,Elk City,OK,Post Office or large volume customer,PO BOX,73644
73702,PO boxes,,Enid,OK,Post Office or large volume customer,PO BOX,73701
73706,PO boxes,,Enid,OK,Post Office or large volume customer,PO BOX,73703
73802,PO boxes,,Woodward,OK,Post Office or large volume customer,PO BOX,73801
74004,organization,Conoco Phillips Co,Bartlesville,OK,Post Office or large volume customer,UNIQUE,74003
74005,PO boxes,,Bartlesville,OK,Post Office or large volume customer,PO BOX,74003
74013,PO boxes,,Broken Arrow,OK,Post Office or large volume customer,PO BOX,74012
74018,PO boxes,,Claremore,OK,Post Office or large volume customer,PO BOX,74017
74031,PO boxes,,Foyil,OK,Post Office or large volume customer,PO BOX,74017
74043,PO boxes,,Leonard,OK,Post Office or large volume customer,PO BOX,74008
74067,PO boxes,,Sapulpa,OK,Post Office or large volume customer,PO BOX,74066
74076,PO boxes,,Stillwater,OK,Post Office or large volume customer,PO BOX,74074
74101,PO boxes,,Tulsa,OK,Post Office or large volume customer,PO BOX,74103
74102,PO boxes,,Tulsa,OK,Post Office or large volume customer,PO BOX,74103
74121,PO boxes,,Tulsa,OK,Post Office or large volume customer,PO BOX,74103
74141,organization,United States Postal Service,Tulsa,OK,Post Office or large volume customer,UNIQUE,74129
74147,PO boxes,,Tulsa,OK,Post Office or large volume customer,PO BOX,74145
74148,PO boxes,,Tulsa,OK,Post Office or large volume customer,PO BOX,74106
74149,PO boxes,,Tulsa,OK,Post Office or large volume customer,PO BOX,74106
74150,PO boxes,,Tulsa,OK,Post Office or large volume customer,PO BOX,74103
74152,PO boxes,,Tulsa,OK,Post Office or large volume customer,PO BOX,74114
74153,PO boxes,,Tulsa,OK,Post Office or large volume customer,PO BOX,74135
74155,PO boxes,,Tulsa,OK,Post Office or large volume customer,PO BOX,74145
74156,PO boxes,,Tulsa,OK,Post Office or large volume customer,PO BOX,74106
74157,PO boxes,,Tulsa,OK,Post Office or large volume customer,PO BOX,74107
74158,PO boxes,,Tulsa,OK,Post Office or large volume customer,PO BOX,74115
74159,PO boxes,,Tulsa,OK,Post Office or large volume customer,PO BOX,74104
74169,PO boxes,,Tulsa,OK,Post Office or large volume customer,PO BOX,74134
74170,PO boxes,,Tulsa,OK,Post Office or large volume customer,PO BOX,74136
74172,delivery area,,Tulsa,OK,Zip Code Area,STANDARD,74103
74182,organization,Bok Mail Service,Tulsa,OK,Post Office or large volume customer,UNIQUE,74103
74186,organization,Oklahoma Natural Gas,Tulsa,OK,Post Office or large volume customer,UNIQUE,74103
74187,organization,Tulsa City Utilities,Tulsa,OK,Post Office or large volume customer,UNIQUE,74103
74192,organization,Bok Mail Service,Tulsa,OK,Post Office or large volume customer,UNIQUE,74103
74193,organization,First Natl Bank Mail Service,Tulsa,OK,Post Office or large volume customer,UNIQUE,74136
74335,PO boxes,,Cardin,OK,Post Office or large volume customer,PO BOX,74339
74345,PO boxes,,Grove,OK,Post Office or large volume customer,PO BOX,74344
74355,PO boxes,,Miami,OK,Post Office or large volume customer,PO BOX,74354
74362,PO boxes,,Pryor,OK,Post Office or large volume customer,PO BOX,74361
74402,PO boxes,,Muskogee,OK,Post Office or large volume customer,PO BOX,74401
74439,PO boxes,,Braggs,OK,Post Office or large volume customer,PO BOX,74423
74440,PO boxes,,Hoyt,OK,Post Office or large volume customer,PO BOX,74472
74444,PO boxes,,Moodys,OK,Post Office or large volume customer,PO BOX,74464
74461,other,,Stidham,OK,Post Office or large volume customer,STANDARD,74432
74465,PO boxes,,Tahlequah,OK,Post Office or large volume customer,PO BOX,74464
74502,PO boxes,,McAlester,OK,Post Office or large volume customer,PO BOX,74501
74529,other,,Blocker,OK,Post Office or large volume customer,STANDARD,74501
74545,PO boxes,,Gowen,OK,Post Office or large volume customer,PO BOX,74578
74559,PO boxes,,Panola,OK,Post Office or large volume customer,PO BOX,74578
74602,PO boxes,,Ponca City,OK,Post Office or large volume customer,PO BOX,74601
74702,PO boxes,,Durant,OK,Post Office or large volume customer,PO BOX,74701
74752,PO boxes,,Pickens,OK,Post Office or large volume customer,PO BOX,74728
74802,PO boxes,,Shawnee,OK,Post Office or large volume customer,PO BOX,74801
74818,PO boxes,,Seminole,OK,Post Office or large volume customer,PO BOX,74868
74821,PO boxes,,Ada,OK,Post Office or large volume customer,PO BOX,74820
75011,PO boxes,,Carrollton,TX,Post Office or large volume customer,PO BOX,75006
75014,PO boxes,,Irving,TX,Post Office or large volume customer,PO BOX,75039
75015,PO boxes,,Irving,TX,Post Office or large volume customer,PO BOX,75061
75016,PO boxes,,Irving,TX,Post Office or large volume customer,PO BOX,75038
75017,PO boxes,,Irving,TX,Post Office or large volume customer,PO BOX,75061
75026,PO boxes,,Plano,TX,Post Office or large volume customer,PO BOX,75023
75027,PO boxes,,Flower Mound,TX,Post Office or large volume customer,PO BOX,75028
75029,PO boxes,,Lewisville,TX,Post Office or large volume customer,PO BOX,75067
75030,PO boxes,,Rowlett,TX,Post Office or large volume customer,PO BOX,75088
75045,PO boxes,,Garland,TX,Post Office or large volume customer,PO BOX,75044
75046,PO boxes,,Garland,TX,Post Office or large volume customer,PO BOX,75040
75047,PO boxes,,Garland,TX,Post Office or large volume customer,PO BOX,75041
75049,PO boxes,,Garland,TX,Post Office or large volume customer,PO BOX,75043
75053,PO boxes,,Grand Prairie,TX,Post Office or large volume customer,PO BOX,75051
75059,organization,Southern Area Stc,Irving,TX,Post Office or large volume customer,UNIQUE,75061
75064,organization,National Passport Agency,Irving,TX,Post Office or large volume customer,UNIQUE,75061
75083,PO boxes,,Richardson,TX,Post Office or large volume customer,PO BOX,75080
75085,PO boxes,,Richardson,TX,Post Office or large volume customer,PO BOX,75081
75086,PO boxes,,Plano,TX,Post Office or large volume customer,PO BOX,75023
75091,PO boxes,,Sherman,TX,Post Office or large volume customer,PO BOX,75090
75097,PO boxes,,Weston,TX,Post Office or large volume customer,PO BOX,75009
75099,organization,Usps Official Mail,Coppell,TX,Post Office or large volume customer,UNIQUE,75019
75106,PO boxes,,Cedar Hill,TX,Post Office or large volume customer,PO BOX,75104
75118,PO boxes,,Elmo,TX,Post Office or large volume customer,PO BOX,75161
75120,PO boxes,,Ennis,TX,Post Office or large volume customer,PO BOX,75119
75121,PO boxes,,Copeville,TX,Post Office or large volume customer,PO BOX,75173
75123,PO boxes,,Desoto,TX,Post Office or large volume customer,PO BOX,75115
75138,PO boxes,,Duncanville,TX,Post Office or large volume customer,PO BOX,75137
75151,PO boxes,,Corsicana,TX,Post Office or large volume customer,PO BOX,75110
75168,PO boxes,,Waxahachie,TX,Post Office or large volume customer,PO BOX,75165
75185,PO boxes,,Mesquite,TX,Post Office or large volume customer,PO BOX,75149
75187,PO boxes,,Mesquite,TX,Post Office or large volume customer,PO BOX,75150
75221,PO boxes,,Dallas,TX,Post Office or large volume customer,PO BOX,75201
75222,PO boxes,,Dallas,TX,Post Office or large volume customer,PO BOX,75208
75242,other,,Dallas,TX,Post Office or large volume customer,STANDARD,75202
75250,PO boxes,,Dallas,TX,Post Office or large volume customer,PO BOX,75201
75260,other,,Dallas,TX,Post Office or large volume customer,STANDARD,75208
75262,PO boxes,,Dallas,TX,Post Office or large volume customer,PO BOX,75208
75263,PO boxes,,Dallas,TX,Post Office or large volume customer,PO BOX,75208
75264,PO boxes,,Dallas,TX,Post Office or large volume customer,PO BOX,75208
75265,PO boxes,,Dallas,TX,Post Office or large volume customer,PO BOX,75208
75266,PO boxes,,Dallas,TX,Post Office or large volume customer,PO BOX,75208
75267,PO boxes,,Dallas,TX,Post Office or large volume customer,PO BOX,75208
75275,organization,Southern Methodist Universit,Dallas,TX,Post Office or large volume customer,UNIQUE,75205
75277,organization,Dallas City Water Dept,Dallas,TX,Post Office or large volume customer,UNIQUE,75215
75283,organization,Bank Of America; Bk Of America,Dallas,TX,Post Office or large volume customer,UNIQUE,75208
75284,organization,Bank Of America,Dallas,TX,Post Office or large volume customer,UNIQUE,75208
75285,organization,Bank Of America,Dallas,TX,Post Office or large volume customer,UNIQUE,75208
75301,organization,Jc Penney Company,Dallas,TX,Post Office or large volume customer,UNIQUE,75237
75303,organization,Jp Morgan Chase,Dallas,TX,Post Office or large volume customer,UNIQUE,75217
75312,organization,Mellon,Dallas,TX,Post Office or large volume customer,UNIQUE,75208
75313,PO boxes,,Dallas,TX,Post Office or large volume customer,PO BOX,75201
75315,PO boxes,,Dallas,TX,Post Office or large volume customer,PO BOX,75215
75320,organization,Wells Fargo Bank,Dallas,TX,Post Office or large volume customer,UNIQUE,75208
75326,organization,Wells Fargo Bank,Dallas,TX,Post Office or large volume customer,UNIQUE,75208
75336,PO boxes,,Dallas,TX,Post Office or large volume customer,PO BOX,75253
75339,PO boxes,,Dallas,TX,Post Office or large volume customer,PO BOX,75216
75342,PO boxes,,Dallas,TX,Post Office or large volume customer,PO BOX,75247
75354,PO boxes,,Dallas,TX,Post Office or large volume customer,PO BOX,75220
75355,PO boxes,,Dallas,TX,Post Office or large volume customer,PO BOX,75238
75356,PO boxes,,Dallas,TX,Post Office or large volume customer,PO BOX,75247
75357,PO boxes,,Dallas,TX,Post Office or large volume customer,PO BOX,75228
75358,organization,Lsi,Dallas,TX,Post Office or large volume customer,UNIQUE,75235
75359,PO boxes,,Dallas,TX,Post Office or large volume customer,PO BOX,75214
75360,PO boxes,,Dallas,TX,Post Office or large volume customer,PO BOX,75206
75367,PO boxes,,Dallas,TX,Post Office or large volume customer,PO BOX,75230
75368,organization,State Farm Insurance,Dallas,TX,Post Office or large volume customer,UNIQUE,75063
75370,PO boxes,,Dallas,TX,Post Office or large volume customer,PO BOX,75287
75371,PO boxes,,Dallas,TX,Post Office or large volume customer,PO BOX,75215
75372,PO boxes,,Dallas,TX,Post Office or large volume customer,PO BOX,75206
75373,organization,Jp Morgan Chase,Dallas,TX,Post Office or large volume customer,UNIQUE,75208
75374,PO boxes,,Dallas,TX,Post Office or large volume customer,PO BOX,75243
75376,PO boxes,,Dallas,TX,Post Office or large volume customer,PO BOX,75224
75378,PO boxes,,Dallas,TX,Post Office or large volume customer,PO BOX,75220
75379,PO boxes,,Dallas,TX,Post Office or large volume customer,PO BOX,75252
75380,PO boxes,,Dallas,TX,Post Office or large volume customer,PO BOX,75240
75381,PO boxes,,Dallas,TX,Post Office or large volume customer,PO BOX,75234
75382,PO boxes,,Dallas,TX,Post Office or large volume customer,PO BOX,75231
75389,organization,Pnc Bank,Dallas,TX,Post Office or large volume customer,UNIQUE,75243
75391,organization,Chase Bank,Dallas,TX,Post Office or large volume customer,UNIQUE,75254
75392,organization,Gte,Dallas,TX,Post Office or large volume customer,UNIQUE,75208
75393,organization,Sbc Att,Dallas,TX,Post Office or large volume customer,UNIQUE,75218
75394,organization,Sbc Att,Dallas,TX,Post Office or large volume customer,UNIQUE,75218
75395,organization,Wachovia Bank And Trust,Dallas,TX,Post Office or large volume customer,UNIQUE,75201
75397,organization,Jp Morgan Chase,Dallas,TX,Post Office or large volume customer,UNIQUE,75208
75398,other,,Dallas,TX,Post Office or large volume customer,STANDARD,75211
75403,PO boxes,,Greenville,TX,Post Office or large volume customer,PO BOX,75401
75404,PO boxes,,Greenville,TX,Post Office or large volume customer,PO BOX,75402
75425,PO boxes,,Chicota,TX,Post Office or large volume customer,PO BOX,75411
75443,PO boxes,,Gober,TX,Post Office or large volume customer,PO BOX,75496
75444,PO boxes,,Golden,TX,Post Office or large volume customer,PO BOX,75773
75456,PO boxes,,Mount Pleasant,TX,Post Office or large volume customer,PO BOX,75455
75458,PO boxes,,Merit,TX,Post Office or large volume customer,PO BOX,75423
75461,PO boxes,,Paris,TX,Post Office or large volume customer,PO BOX,75460
75483,PO boxes,,Sulphur Springs,TX,Post Office or large volume customer,PO BOX,75482
75485,PO boxes,,Westminster,TX,Post Office or large volume customer,PO BOX,75409
75504,PO boxes,,Texarkana,TX,Post Office or large volume customer,PO BOX,75501
75505,PO boxes,,Texarkana,TX,Post Office or large volume customer,PO BOX,75501
75507,organization (unnamed),,Texarkana,TX,Post Office or large volume customer,UNIQUE,75501
75599,organization,Texarkana Community College,Texarkana,TX,Post Office or large volume customer,UNIQUE,75501
75606,PO boxes,,Longview,TX,Post Office or large volume customer,PO BOX,75601
75607,PO boxes,,Longview,TX,Post Office or large volume customer,PO BOX,75602
75608,PO boxes,,Longview,TX,Post Office or large volume customer,PO BOX,75605
75615,PO boxes,,Longview,TX,Post Office or large volume customer,PO BOX,75605
75636,PO boxes,,Cason,TX,Post Office or large volume customer,PO BOX,75638
75637,PO boxes,,Clayton,TX,Post Office or large volume customer,PO BOX,75633
75653,PO boxes,,Henderson,TX,Post Office or large volume customer,PO BOX,75654
75660,PO boxes,,Judson,TX,Post Office or large volume customer,PO BOX,75605
75663,PO boxes,,Kilgore,TX,Post Office or large volume customer,PO BOX,75662
75666,PO boxes,,Laird Hill,TX,Post Office or large volume customer,PO BOX,75662
75685,PO boxes,,Panola,TX,Post Office or large volume customer,PO BOX,75639
75688,PO boxes,,Scottsville,TX,Post Office or large volume customer,PO BOX,75672
75710,PO boxes,,Tyler,TX,Post Office or large volume customer,PO BOX,75702
75712,PO boxes,,Tyler,TX,Post Office or large volume customer,PO BOX,75702
75713,PO boxes,,Tyler,TX,Post Office or large volume customer,PO BOX,75701
75772,PO boxes,,Maydelle,TX,Post Office or large volume customer,PO BOX,75785
75797,organization,Stratigic Fulfilment,Big Sandy,TX,Post Office or large volume customer,UNIQUE,75755
75798,organization,Tyler Junior College,Tyler,TX,Zip Code Area,UNIQUE,75701
75799,organization,University Of Texas At Tyler,Tyler,TX,Zip Code Area,UNIQUE,75701
75802,PO boxes,,Palestine,TX,Post Office or large volume customer,PO BOX,75803
75832,PO boxes,,Cayuga,TX,Post Office or large volume customer,PO BOX,75751
75834,other,,Centralia,TX,Post Office or large volume customer,STANDARD,75926
75880,organization,Tenn Colony Prison Beto 1,Tennessee Colony,TX,Post Office or large volume customer,UNIQUE,75803
75882,organization,Powledge Prison,Palestine,TX,Post Office or large volume customer,UNIQUE,75803
75902,PO boxes,,Lufkin,TX,Post Office or large volume customer,PO BOX,75904
75915,PO boxes,,Lufkin,TX,Post Office or large volume customer,PO BOX,75904
75958,PO boxes,,Martinsville,TX,Post Office or large volume customer,PO BOX,75961
75963,PO boxes,,Nacogdoches,TX,Post Office or large volume customer,PO BOX,75965
75978,PO boxes,,Woden,TX,Post Office or large volume customer,PO BOX,75961
75990,organization,Gib Lewis Prison,Woodville,TX,Post Office or large volume customer,UNIQUE,75979
76003,PO boxes,,Arlington,TX,Post Office or large volume customer,PO BOX,76017
76004,PO boxes,,Arlington,TX,Post Office or large volume customer,PO BOX,76010
76007,PO boxes,,Arlington,TX,Post Office or large volume customer,PO BOX,76010
76019,organization,Univ Of Texas Arlington; Univ Tx At Arlington,Arlington,TX,Zip Code Area,UNIQUE,76013
76068,PO boxes,,Mineral Wells,TX,Post Office or large volume customer,PO BOX,76067
76094,PO boxes,,Arlington,TX,Post Office or large volume customer,PO BOX,76013
76095,PO boxes,,Bedford,TX,Post Office or large volume customer,PO BOX,76021
76096,PO boxes,,Arlington,TX,Post Office or large volume customer,PO BOX,76018
76097,PO boxes,,Burleson,TX,Post Office or large volume customer,PO BOX,76028
76098,PO boxes,,Azle,TX,Post Office or large volume customer,PO BOX,76020
76099,PO boxes,,Grapevine,TX,Post Office or large volume customer,PO BOX,76051
76101,PO boxes,,Fort Worth,TX,Post Office or large volume customer,PO BOX,76102
76113,PO boxes,,Fort Worth,TX,Post Office or large volume customer,PO BOX,76102
76121,PO boxes,,Fort Worth,TX,Post Office or large volume customer,PO BOX,76116
76122,organization,Sw Baptist Theological Smry,Fort Worth,TX,Zip Code Area,UNIQUE,76115
76124,PO boxes,,Fort Worth,TX,Post Office or large volume customer,PO BOX,76112
76130,organization,Texas Christian Univ,Fort Worth,TX,Post Office or large volume customer,UNIQUE,76109
76136,PO boxes,,Fort Worth,TX,Post Office or large volume customer,PO BOX,76135
76147,PO boxes,,Fort Worth,TX,Post Office or large volume customer,PO BOX,76107
76150,organization,Shared Unique,Fort Worth,TX,Post Office or large volume customer,UNIQUE,76102
76161,PO boxes,,Fort Worth,TX,Post Office or large volume customer,PO BOX,76106
76162,PO boxes,,Fort Worth,TX,Post Office or large volume customer,PO BOX,76132
76163,PO boxes,,Fort Worth,TX,Post Office or large volume customer,PO BOX,76133
76166,organization,Cingular Wireless,Fort Worth,TX,Post Office or large volume customer,UNIQUE,76102
76181,PO boxes,,Fort Worth,TX,Post Office or large volume customer,PO BOX,76180
76185,PO boxes,,Fort Worth,TX,Post Office or large volume customer,PO BOX,76109
76190,organization,Verizon,Fort Worth,TX,Post Office or large volume customer,UNIQUE,76137
76191,organization,Chase Bank,Fort Worth,TX,Post Office or large volume customer,UNIQUE,76102
76192,organization,Kenneth Copeland Ministries,Fort Worth,TX,Post Office or large volume customer,UNIQUE,76179
76193,organization,Federal Aviation Administrat,Fort Worth,TX,Post Office or large volume customer,UNIQUE,76102
76195,organization,Colonial Financial,Fort Worth,TX,Post Office or large volume customer,UNIQUE,76102
76196,organization,Tarrant County Courthouse,Fort Worth,TX,Post Office or large volume customer,UNIQUE,76102
76197,organization,Bank Of America,Fort Worth,TX,Post Office or large volume customer,UNIQUE,76102
76198,organization,Jp Morgan Chase,Fort Worth,TX,Post Office or large volume customer,UNIQUE,76102
76199,organization,Jp Morgan Chase,Fort Worth,TX,Post Office or large volume customer,UNIQUE,76102
76202,PO boxes,,Denton,TX,Post Office or large volume customer,PO BOX,76201
76204,PO boxes,,Denton,TX,Post Office or large volume customer,PO BOX,76201
76206,PO boxes,,Denton,TX,Post Office or large volume customer,PO BOX,76205
76246,PO boxes,,Greenwood,TX,Post Office or large volume customer,PO BOX,76234
76307,PO boxes,,Wichita Falls,TX,Post Office or large volume customer,PO BOX,76301
76352,PO boxes,,Bluegrove,TX,Post Office or large volume customer,PO BOX,76365
76369,PO boxes,,Kamay,TX,Post Office or large volume customer,PO BOX,76360
76385,PO boxes,,Vernon,TX,Post Office or large volume customer,PO BOX,76384
76461,PO boxes,,Lingleville,TX,Post Office or large volume customer,PO BOX,76401
76465,PO boxes,,Morgan Mill,TX,Post Office or large volume customer,PO BOX,76433
76467,PO boxes,,Paluxy,TX,Post Office or large volume customer,PO BOX,76433
76468,PO boxes,,Proctor,TX,Post Office or large volume customer,PO BOX,76446
76485,PO boxes,,Peaster,TX,Post Office or large volume customer,PO BOX,76088
76503,PO boxes,,Temple,TX,Post Office or large volume customer,PO BOX,76501
76508,organization,Scott And White Hospital,Temple,TX,Post Office or large volume customer,UNIQUE,76504
76526,PO boxes,,Flat,TX,Zip Code Area,PO BOX,76528
76533,PO boxes,,Heidenheimer,TX,Post Office or large volume customer,PO BOX,76501
76540,PO boxes,,Killeen,TX,Post Office or large volume customer,PO BOX,76541
76547,PO boxes,,Killeen,TX,Post Office or large volume customer,PO BOX,76542
76558,PO boxes,,Mound,TX,Post Office or large volume customer,PO BOX,76528
76564,PO boxes,,Pendleton,TX,Post Office or large volume customer,PO BOX,76579
76644,PO boxes,,Laguna Park,TX,Post Office or large volume customer,PO BOX,76634
76684,PO boxes,,Ross,TX,Post Office or large volume customer,PO BOX,76691
76702,PO boxes,,Waco,TX,Post Office or large volume customer,PO BOX,76710
76703,PO boxes,,Waco,TX,Post Office or large volume customer,PO BOX,76706
76714,PO boxes,,Waco,TX,Post Office or large volume customer,PO BOX,76710
76715,PO boxes,,Waco,TX,Post Office or large volume customer,PO BOX,76704
76716,PO boxes,,Waco,TX,Post Office or large volume customer,PO BOX,76706
76797,organization,Amer Income Life Ins,Waco,TX,Post Office or large volume customer,UNIQUE,76710
76799,organization,Va Regional Office,Waco,TX,Post Office or large volume customer,UNIQUE,76706
76803,PO boxes,,Early,TX,Post Office or large volume customer,PO BOX,76802
76804,PO boxes,,Brownwood,TX,Post Office or large volume customer,PO BOX,76801
76855,PO boxes,,Lowake,TX,Post Office or large volume customer,PO BOX,76875
76883,delivery area,,Telegraph,TX,Zip Code Area,STANDARD,76849
76886,PO boxes,,Veribest,TX,Post Office or large volume customer,PO BOX,76905
76906,PO boxes,,San Angelo,TX,Post Office or large volume customer,PO BOX,76904
76949,delivery area,,Silver,TX,Zip Code Area,STANDARD,76945
77001,PO boxes,,Houston,TX,Post Office or large volume customer,PO BOX,77007
77052,PO boxes,,Houston,TX,Post Office or large volume customer,PO BOX,77002
77201,other,,Houston,TX,Post Office or large volume customer,STANDARD,77007
77202,PO boxes,,Houston,TX,Post Office or large volume customer,PO BOX,77068
77203,PO boxes,,Houston,TX,Post Office or large volume customer,PO BOX,77002
77205,PO boxes,,Houston,TX,Post Office or large volume customer,PO BOX,77032
77206,PO boxes,,Houston,TX,Post Office or large volume customer,PO BOX,77018
77207,PO boxes,,Houston,TX,Post Office or large volume customer,PO BOX,77017
77208,PO boxes,,Houston,TX,Post Office or large volume customer,PO BOX,77002
77209,organization,Ellington Field,Houston,TX,Post Office or large volume customer,UNIQUE,77007
77210,PO boxes,,Houston,TX,Post Office or large volume customer,PO BOX,77007
77212,organization,Chase Bank,Houston,TX,Post Office or large volume customer,UNIQUE,77007
77213,PO boxes,,Houston,TX,Post Office or large volume customer,PO BOX,77013
77215,PO boxes,,Houston,TX,Post Office or large volume customer,PO BOX,77042
77216,organization,Chase Bank,Houston,TX,Post Office or large volume customer,UNIQUE,77034
77217,PO boxes,,Houston,TX,Post Office or large volume customer,PO BOX,77017
77218,PO boxes,,Houston,TX,Post Office or large volume customer,PO BOX,77084
77219,PO boxes,,Houston,TX,Post Office or large volume customer,PO BOX,77019
77220,PO boxes,,Houston,TX,Post Office or large volume customer,PO BOX,77020
77221,PO boxes,,Houston,TX,Post Office or large volume customer,PO BOX,77021
77222,PO boxes,,Houston,TX,Post Office or large volume customer,PO BOX,77022
77223,PO boxes,,Houston,TX,Post Office or large volume customer,PO BOX,77023
77224,PO boxes,,Houston,TX,Post Office or large volume customer,PO BOX,77024
77225,PO boxes,,Houston,TX,Post Office or large volume customer,PO BOX,77025
77226,PO boxes,,Houston,TX,Post Office or large volume customer,PO BOX,77026
77227,PO boxes,,Houston,TX,Post Office or large volume customer,PO BOX,77027
77228,PO boxes,,Houston,TX,Post Office or large volume customer,PO BOX,77078
77229,PO boxes,,Houston,TX,Post Office or large volume customer,PO BOX,77013
77230,PO boxes,,Houston,TX,Post Office or large volume customer,PO BOX,77054
77231,PO boxes,,Houston,TX,Post Office or large volume customer,PO BOX,77035
77233,PO boxes,,Houston,TX,Post Office or large volume customer,PO BOX,77051
77234,PO boxes,,Houston,TX,Post Office or large volume customer,PO BOX,77034
77235,PO boxes,,Houston,TX,Post Office or large volume customer,PO BOX,77035
77236,PO boxes,,Houston,TX,Post Office or large volume customer,PO BOX,77074
77237,PO boxes,,Houston,TX,Post Office or large volume customer,PO BOX,77057
77238,PO boxes,,Houston,TX,Post Office or large volume customer,PO BOX,77088
77240,PO boxes,,Houston,TX,Post Office or large volume customer,PO BOX,77040
77241,PO boxes,,Houston,TX,Post Office or large volume customer,PO BOX,77040
77242,PO boxes,,Houston,TX,Post Office or large volume customer,PO BOX,77042
77243,PO boxes,,Houston,TX,Post Office or large volume customer,PO BOX,77080
77244,PO boxes,,Houston,TX,Post Office or large volume customer,PO BOX,77077
77245,PO boxes,,Houston,TX,Post Office or large volume customer,PO BOX,77045
77248,PO boxes,,Houston,TX,Post Office or large volume customer,PO BOX,77008
77249,PO boxes,,Houston,TX,Post Office or large volume customer,PO BOX,77009
77251,PO boxes,,Houston,TX,Post Office or large volume customer,PO BOX,77007
77252,PO boxes,,Houston,TX,Post Office or large volume customer,PO BOX,77007
77253,PO boxes,,Houston,TX,Post Office or large volume customer,PO BOX,77007
77254,PO boxes,,Houston,TX,Post Office or large volume customer,PO BOX,77098
77255,PO boxes,,Houston,TX,Post Office or large volume customer,PO BOX,77055
77256,PO boxes,,Houston,TX,Post Office or large volume customer,PO BOX,77027
77257,PO boxes,,Houston,TX,Post Office or large volume customer,PO BOX,77057
77258,PO boxes,,Houston,TX,Post Office or large volume customer,PO BOX,77058
77259,PO boxes,,Houston,TX,Post Office or large volume customer,PO BOX,77062
77261,PO boxes,,Houston,TX,Post Office or large volume customer,PO BOX,77023
77262,PO boxes,,Houston,TX,Post Office or large volume customer,PO BOX,77012
77263,PO boxes,,Houston,TX,Post Office or large volume customer,PO BOX,77063
77265,PO boxes,,Houston,TX,Post Office or large volume customer,PO BOX,77005
77266,PO boxes,,Houston,TX,Post Office or large volume customer,PO BOX,77006
77267,PO boxes,,Houston,TX,Post Office or large volume customer,PO BOX,77067
77268,PO boxes,,Houston,TX,Post Office or large volume customer,PO BOX,77014
77269,PO boxes,,Houston,TX,Post Office or large volume customer,PO BOX,77070
77270,PO boxes,,Houston,TX,Post Office or large volume customer,PO BOX,77008
77271,PO boxes,,Houston,TX,Post Office or large volume customer,PO BOX,77031
77272,PO boxes,,Houston,TX,Post Office or large volume customer,PO BOX,77072
77273,PO boxes,,Houston,TX,Post Office or large volume customer,PO BOX,77090
77274,PO boxes,,Houston,TX,Post Office or large volume customer,PO BOX,77074
77275,PO boxes,,Houston,TX,Post Office or large volume customer,PO BOX,77075
77277,PO boxes,,Houston,TX,Post Office or large volume customer,PO BOX,77005
77279,PO boxes,,Houston,TX,Post Office or large volume customer,PO BOX,77024
77280,PO boxes,,Houston,TX,Post Office or large volume customer,PO BOX,77080
77282,PO boxes,,Houston,TX,Post Office or large volume customer,PO BOX,77077
77284,PO boxes,,Houston,TX,Post Office or large volume customer,PO BOX,77084
77287,PO boxes,,Houston,TX,Post Office or large volume customer,PO BOX,77017
77288,PO boxes,,Houston,TX,Post Office or large volume customer,PO BOX,77004
77289,PO boxes,,Houston,TX,Post Office or large volume customer,PO BOX,77062
77290,PO boxes,,Houston,TX,Post Office or large volume customer,PO BOX,77090
77291,PO boxes,,Houston,TX,Post Office or large volume customer,PO BOX,77088
77292,PO boxes,,Houston,TX,Post Office or large volume customer,PO BOX,77018
77293,PO boxes,,Houston,TX,Post Office or large volume customer,PO BOX,77093
77297,organization,Chase Bank,Houston,TX,Post Office or large volume customer,UNIQUE,77002
77299,organization,Bank Of America,Houston,TX,Post Office or large volume customer,UNIQUE,77007
77305,PO boxes,,Conroe,TX,Post Office or large volume customer,PO BOX,77301
77315,other,,North Houston,TX,Post Office or large volume customer,STANDARD,77032
77325,PO boxes,,Kingwood,TX,Post Office or large volume customer,PO BOX,77339
77332,PO boxes,,Dallardsville,TX,Post Office or large volume customer,PO BOX,77351
77333,PO boxes,,Dobbin,TX,Post Office or large volume customer,PO BOX,77356
77337,PO boxes,,Hufsmith,TX,Post Office or large volume customer,PO BOX,77375
77343,organization,Tx State Prison,Huntsville,TX,Post Office or large volume customer,UNIQUE,77320
77344,organization,Tx State Prison,Huntsville,TX,Post Office or large volume customer,UNIQUE,77320
77347,PO boxes,,Humble,TX,Post Office or large volume customer,PO BOX,77338
77348,organization,Tx State Prison,Huntsville,TX,Post Office or large volume customer,UNIQUE,77320
77349,organization,Tx State Prison,Huntsville,TX,Post Office or large volume customer,UNIQUE,77320
77353,PO boxes,,Magnolia,TX,Post Office or large volume customer,PO BOX,77355
77383,PO boxes,,Spring,TX,Post Office or large volume customer,PO BOX,77373
77387,PO boxes,,Spring,TX,Post Office or large volume customer,PO BOX,77380
77391,PO boxes,,Spring,TX,Post Office or large volume customer,PO BOX,77379
77393,PO boxes,,Spring,TX,Post Office or large volume customer,PO BOX,77381
77399,organization,Escapees; Escapees Rv Club,Livingston,TX,Zip Code Area,UNIQUE,77351
77402,PO boxes,,Bellaire,TX,Post Office or large volume customer,PO BOX,77401
77404,PO boxes,,Bay City,TX,Post Office or large volume customer,PO BOX,77414
77410,PO boxes,,Cypress,TX,Post Office or large volume customer,PO BOX,77429
77411,PO boxes,,Alief,TX,Post Office or large volume customer,PO BOX,77072
77413,PO boxes,,Barker,TX,Post Office or large volume customer,PO BOX,77493
77452,PO boxes,,Kenney,TX,Post Office or large volume customer,PO BOX,77418
77463,PO boxes,,Old Ocean,TX,Post Office or large volume customer,PO BOX,77480
77487,PO boxes,,Sugar Land,TX,Post Office or large volume customer,PO BOX,77478
77491,PO boxes,,Katy,TX,Post Office or large volume customer,PO BOX,77449
77492,PO boxes,,Katy,TX,Post Office or large volume customer,PO BOX,77493
77496,PO boxes,,Sugar Land,TX,Post Office or large volume customer,PO BOX,77479
77497,PO boxes,,Stafford,TX,Post Office or large volume customer,PO BOX,77477
77501,PO boxes,,Pasadena,TX,Post Office or large volume customer,PO BOX,77502
77508,PO boxes,,Pasadena,TX,Post Office or large volume customer,PO BOX,77505
77512,PO boxes,,Alvin,TX,Post Office or large volume customer,PO BOX,77511
77516,PO boxes,,Angleton,TX,Post Office or large volume customer,PO BOX,77515
77522,PO boxes,,Baytown,TX,Post Office or large volume customer,PO BOX,77521
77542,PO boxes,,Freeport,TX,Post Office or large volume customer,PO BOX,77541
77549,PO boxes,,Friendswood,TX,Post Office or large volume customer,PO BOX,77546
77552,PO boxes,,Galveston,TX,Post Office or large volume customer,PO BOX,77551
77553,PO boxes,,Galveston,TX,Post Office or large volume customer,PO BOX,77550
77572,PO boxes,,La Porte,TX,Post Office or large volume customer,PO BOX,77571
77574,PO boxes,,League City,TX,Post Office or large volume customer,PO BOX,77573
77588,PO boxes,,Pearland,TX,Post Office or large volume customer,PO BOX,77581
77592,PO boxes,,Texas City,TX,Post Office or large volume customer,PO BOX,77590
77626,PO boxes,,Mauriceville,TX,Post Office or large volume customer,PO BOX,77632
77631,PO boxes,,Orange,TX,Post Office or large volume customer,PO BOX,77630
77639,PO boxes,,Orangefield,TX,Post Office or large volume customer,PO BOX,77630
77641,PO boxes,,Port Arthur,TX,Post Office or large volume customer,PO BOX,77640
77643,PO boxes,,Port Arthur,TX,Post Office or large volume customer,PO BOX,77640
77670,PO boxes,,Vidor,TX,Post Office or large volume customer,PO BOX,77662
77704,PO boxes,,Beaumont,TX,Post Office or large volume customer,PO BOX,77701
77710,PO boxes,,Beaumont,TX,Zip Code Area,PO BOX,77705
77720,PO boxes,,Beaumont,TX,Post Office or large volume customer,PO BOX,77707
77725,PO boxes,,Beaumont,TX,Post Office or large volume customer,PO BOX,77705
77726,PO boxes,,Beaumont,TX,Post Office or large volume customer,PO BOX,77706
77805,PO boxes,,Bryan,TX,Post Office or large volume customer,PO BOX,77802
77806,PO boxes,,Bryan,TX,Post Office or large volume customer,PO BOX,77803
77834,PO boxes,,Brenham,TX,Post Office or large volume customer,PO BOX,77833
77838,PO boxes,,Chriesman,TX,Post Office or large volume customer,PO BOX,77836
77841,PO boxes,,College Station,TX,Post Office or large volume customer,PO BOX,77843
77842,PO boxes,,College Station,TX,Post Office or large volume customer,PO BOX,77840
77844,PO boxes,,College Station,TX,Post Office or large volume customer,PO BOX,77843
77850,PO boxes,,Concord,TX,Post Office or large volume customer,PO BOX,75846
77862,PO boxes,,Kurten,TX,Post Office or large volume customer,PO BOX,77808
77870,PO boxes,,New Baden,TX,Post Office or large volume customer,PO BOX,77856
77881,PO boxes,,Wellborn,TX,Post Office or large volume customer,PO BOX,77845
77902,PO boxes,,Victoria,TX,Post Office or large volume customer,PO BOX,77901
77903,PO boxes,,Victoria,TX,Post Office or large volume customer,PO BOX,77904
77967,PO boxes,,Hochheim,TX,Zip Code Area,PO BOX,78629
77989,PO boxes,,Thomaston,TX,Post Office or large volume customer,PO BOX,77954
78042,PO boxes,,Laredo,TX,Post Office or large volume customer,PO BOX,78040
78054,PO boxes,,Macdona,TX,Post Office or large volume customer,PO BOX,78002
78060,other,,Oakville,TX,Post Office or large volume customer,STANDARD,78071
78115,PO boxes,,Geronimo,TX,Post Office or large volume customer,PO BOX,78155
78131,PO boxes,,New Braunfels,TX,Post Office or large volume customer,PO BOX,78130
78135,other,,New Braunfels,TX,Post Office or large volume customer,STANDARD,78130
78156,PO boxes,,Seguin,TX,Post Office or large volume customer,PO BOX,78155
78206,delivery area,,San Antonio,TX,Zip Code Area,STANDARD,78205
78241,other,,San Antonio,TX,Post Office or large volume customer,STANDARD,78227
78246,PO boxes,,San Antonio,TX,Post Office or large volume customer,PO BOX,78216
78265,PO boxes,,San Antonio,TX,Post Office or large volume customer,PO BOX,78233
78268,PO boxes,,San Antonio,TX,Post Office or large volume customer,PO BOX,78238
78269,PO boxes,,San Antonio,TX,Post Office or large volume customer,PO BOX,78249
78270,PO boxes,,San Antonio,TX,Post Office or large volume customer,PO BOX,78232
78278,PO boxes,,San Antonio,TX,Post Office or large volume customer,PO BOX,78230
78279,PO boxes,,San Antonio,TX,Post Office or large volume customer,PO BOX,78216
78280,PO boxes,,San Antonio,TX,Post Office or large volume customer,PO BOX,78230
78283,PO boxes,,San Antonio,TX,Post Office or large volume customer,PO BOX,78204
78284,other,,San Antonio,TX,Post Office or large volume customer,STANDARD,78233
78285,other,,San Antonio,TX,Post Office or large volume customer,STANDARD,78217
78288,organization,United Service Auto Assc,San Antonio,TX,Post Office or large volume customer,UNIQUE,78240
78289,organization,City Public Serv Board,San Antonio,TX,Post Office or large volume customer,UNIQUE,78233
78291,PO boxes,,San Antonio,TX,Post Office or large volume customer,PO BOX,78205
78292,PO boxes,,San Antonio,TX,Post Office or large volume customer,PO BOX,78205
78293,PO boxes,,San Antonio,TX,Post Office or large volume customer,PO BOX,78205
78294,PO boxes,,San Antonio,TX,Post Office or large volume customer,PO BOX,78205
78295,PO boxes,,San Antonio,TX,Post Office or large volume customer,PO BOX,78205
78296,PO boxes,,San Antonio,TX,Post Office or large volume customer,PO BOX,78205
78297,PO boxes,,San Antonio,TX,Post Office or large volume customer,PO BOX,78205
78298,PO boxes,,San Antonio,TX,Post Office or large volume customer,PO BOX,78205
78299,PO boxes,,San Antonio,TX,Post Office or large volume customer,PO BOX,78205
78333,PO boxes,,Alice,TX,Post Office or large volume customer,PO BOX,78332
78335,PO boxes,,Aransas Pass,TX,Post Office or large volume customer,PO BOX,78336
78350,PO boxes,,Dinero,TX,Post Office or large volume customer,PO BOX,78022
78364,PO boxes,,Kingsville,TX,Post Office or large volume customer,PO BOX,78363
78381,PO boxes,,Rockport,TX,Post Office or large volume customer,PO BOX,78382
78403,PO boxes,,Corpus Christi,TX,Post Office or large volume customer,PO BOX,78401
78426,PO boxes,,Corpus Christi,TX,Post Office or large volume customer,PO BOX,78408
78427,PO boxes,,Corpus Christi,TX,Post Office or large volume customer,PO BOX,78413
78460,PO boxes,,Corpus Christi,TX,Post Office or large volume customer,PO BOX,78408
78463,PO boxes,,Corpus Christi,TX,Post Office or large volume customer,PO BOX,78404
78465,PO boxes,,Corpus Christi,TX,Post Office or large volume customer,PO BOX,78405
78466,PO boxes,,Corpus Christi,TX,Post Office or large volume customer,PO BOX,78411
78467,PO boxes,,Corpus Christi,TX,Post Office or large volume customer,PO BOX,78415
78468,PO boxes,,Corpus Christi,TX,Post Office or large volume customer,PO BOX,78412
78469,PO boxes,,Corpus Christi,TX,Post Office or large volume customer,PO BOX,78408
78472,PO boxes,,Corpus Christi,TX,Post Office or large volume customer,PO BOX,78411
78480,PO boxes,,Corpus Christi,TX,Post Office or large volume customer,PO BOX,78418
78502,PO boxes,,McAllen,TX,Post Office or large volume customer,PO BOX,78501
78505,PO boxes,,McAllen,TX,Post Office or large volume customer,PO BOX,78501
78522,PO boxes,,Brownsville,TX,Post Office or large volume customer,PO BOX,78520
78523,PO boxes,,Brownsville,TX,Post Office or large volume customer,PO BOX,78520
78551,PO boxes,,Harlingen,TX,Post Office or large volume customer,PO BOX,78550
78553,PO boxes,,Harlingen,TX,Post Office or large volume customer,PO BOX,78550
78568,PO boxes,,Lozano,TX,Post Office or large volume customer,PO BOX,78586
78604,PO boxes,,Belmont,TX,Post Office or large volume customer,PO BOX,78629
78627,PO boxes,,Georgetown,TX,Post Office or large volume customer,PO BOX,78626
78630,PO boxes,,Cedar Park,TX,Post Office or large volume customer,PO BOX,78613
78646,PO boxes,,Leander,TX,Post Office or large volume customer,PO BOX,78641
78651,PO boxes,,Mc Neil,TX,Post Office or large volume customer,PO BOX,78717
78667,PO boxes,,San Marcos,TX,Post Office or large volume customer,PO BOX,78666
78673,PO boxes,,Walburg,TX,Post Office or large volume customer,PO BOX,78626
78680,PO boxes,,Round Rock,TX,Post Office or large volume customer,PO BOX,78681
78682,organization (unnamed),,Round Rock,TX,Post Office or large volume customer,UNIQUE,78664
78683,PO boxes,,Round Rock,TX,Post Office or large volume customer,PO BOX,78664
78691,PO boxes,,Pflugerville,TX,Post Office or large volume customer,PO BOX,78660
78708,PO boxes,,Austin,TX,Post Office or large volume customer,PO BOX,78758
78709,PO boxes,,Austin,TX,Post Office or large volume customer,PO BOX,78735
78710,other,,Austin,TX,Post Office or large volume customer,STANDARD,78754
78711,PO boxes,,Austin,TX,Post Office or large volume customer,PO BOX,78701
78713,PO boxes,,Austin,TX,Post Office or large volume customer,PO BOX,78712
78714,PO boxes,,Austin,TX,Post Office or large volume customer,PO BOX,78754
78715,PO boxes,,Austin,TX,Post Office or large volume customer,PO BOX,78745
78716,PO boxes,,Austin,TX,Post Office or large volume customer,PO BOX,78746
78718,PO boxes,,Austin,TX,Post Office or large volume customer,PO BOX,78758
78720,PO boxes,,Austin,TX,Post Office or large volume customer,PO BOX,78759
78755,PO boxes,,Austin,TX,Post Office or large volume customer,PO BOX,78731
78760,PO boxes,,Austin,TX,Post Office or large volume customer,PO BOX,78744
78761,PO boxes,,Austin,TX,Post Office or large volume customer,PO BOX,78752
78762,PO boxes,,Austin,TX,Post Office or large volume customer,PO BOX,78702
78763,PO boxes,,Austin,TX,Post Office or large volume customer,PO BOX,78703
78764,PO boxes,,Austin,TX,Post Office or large volume customer,PO BOX,78704
78765,PO boxes,,Austin,TX,Post Office or large volume customer,PO BOX,78751
78766,PO boxes,,Austin,TX,Post Office or large volume customer,PO BOX,78757
78767,PO boxes,,Austin,TX,Post Office or large volume customer,PO BOX,78701
78768,PO boxes,,Austin,TX,Post Office or large volume customer,PO BOX,78701
78772,organization,Veterans Administration,Austin,TX,Post Office or large volume customer,UNIQUE,78704
78773,organization,Dept Of Public Safety,Austin,TX,Post Office or large volume customer,UNIQUE,78701
78774,organization,State Comptroller,Austin,TX,Post Office or large volume customer,UNIQUE,78701
78778,organization,Tx Workforce Commission,Austin,TX,Post Office or large volume customer,UNIQUE,78701
78779,organization,Tx Dept Of Motor Vehicles,Austin,TX,Post Office or large volume customer,UNIQUE,78731
78783,organization,City Water And Light Dept,Austin,TX,Post Office or large volume customer,UNIQUE,78723
78799,other,,Austin,TX,Post Office or large volume customer,STANDARD,78721
78847,organization,Carolina Redemption Services,Del Rio,TX,Post Office or large volume customer,UNIQUE,78840
78853,PO boxes,,Eagle Pass,TX,Post Office or large volume customer,PO BOX,78852
78952,PO boxes,,Plum,TX,Post Office or large volume customer,PO BOX,78945
78960,PO boxes,,Warda,TX,Post Office or large volume customer,PO BOX,78942
78961,PO boxes,,Warrenton,TX,Post Office or large volume customer,PO BOX,78954
79077,PO boxes,,Samnorwood,TX,Post Office or large volume customer,PO BOX,79079
79105,PO boxes,,Amarillo,TX,Post Office or large volume customer,PO BOX,79101
79114,PO boxes,,Amarillo,TX,Post Office or large volume customer,PO BOX,79109
79116,PO boxes,,Amarillo,TX,Post Office or large volume customer,PO BOX,79106
79117,PO boxes,,Amarillo,TX,Post Office or large volume customer,PO BOX,79107
79120,PO boxes,,Amarillo,TX,Post Office or large volume customer,PO BOX,79103
79159,PO boxes,,Amarillo,TX,Post Office or large volume customer,PO BOX,79124
79166,organization,Amarillo Globe News,Amarillo,TX,Post Office or large volume customer,UNIQUE,79101
79168,organization,American Quarter Horse Assoc,Amarillo,TX,Post Office or large volume customer,UNIQUE,79104
79172,organization,Amarillo Hardware,Amarillo,TX,Post Office or large volume customer,UNIQUE,79101
79174,organization (unnamed),,Amarillo,TX,Post Office or large volume customer,UNIQUE,79101
79178,organization,Amarillo College,Amarillo,TX,Zip Code Area,UNIQUE,79109
79185,organization,Clowe And Cowan,Amarillo,TX,Post Office or large volume customer,UNIQUE,79119
79189,PO boxes,,Amarillo,TX,Post Office or large volume customer,PO BOX,79103
79221,PO boxes,,Aiken,TX,Post Office or large volume customer,PO BOX,79241
79338,PO boxes,,Levelland,TX,Post Office or large volume customer,PO BOX,79336
79408,PO boxes,,Lubbock,TX,Post Office or large volume customer,PO BOX,79401
79409,delivery area,,Lubbock,TX,Zip Code Area,STANDARD,79406
79430,organization,Texas Tech School Of Medicin,Lubbock,TX,Post Office or large volume customer,UNIQUE,79415
79452,PO boxes,,Lubbock,TX,Post Office or large volume customer,PO BOX,79412
79453,PO boxes,,Lubbock,TX,Post Office or large volume customer,PO BOX,79423
79457,organization,City Of Lubbock,Lubbock,TX,Post Office or large volume customer,UNIQUE,79402
79464,PO boxes,,Lubbock,TX,Post Office or large volume customer,PO BOX,79424
79490,PO boxes,,Lubbock,TX,Post Office or large volume customer,PO BOX,79407
79491,organization,United Marketing Of Texas,Lubbock,TX,Post Office or large volume customer,UNIQUE,79412
79493,PO boxes,,Lubbock,TX,Post Office or large volume customer,PO BOX,79413
79499,PO boxes,,Lubbock,TX,Post Office or large volume customer,PO BOX,79416
79516,PO boxes,,Dunn,TX,Post Office or large volume customer,PO BOX,79549
79550,PO boxes,,Snyder,TX,Post Office or large volume customer,PO BOX,79549
79604,PO boxes,,Abilene,TX,Post Office or large volume customer,PO BOX,79601
79608,PO boxes,,Abilene,TX,Post Office or large volume customer,PO BOX,79605
79697,organization,Mcmurry Univ,Abilene,TX,Zip Code Area,UNIQUE,79605
79698,organization,Hardin Simmons University,Abilene,TX,Zip Code Area,UNIQUE,79601
79702,PO boxes,,Midland,TX,Post Office or large volume customer,PO BOX,79701
79704,PO boxes,,Midland,TX,Post Office or large volume customer,PO BOX,79701
79708,PO boxes,,Midland,TX,Post Office or large volume customer,PO BOX,79707
79710,PO boxes,,Midland,TX,Post Office or large volume customer,PO BOX,79705
79711,PO boxes,,Midland,TX,Post Office or large volume customer,PO BOX,79706
79712,other,,Midland,TX,Post Office or large volume customer,STANDARD,79705
79740,other,,Girvin,TX,Post Office or large volume customer,STANDARD,79752
79760,PO boxes,,Odessa,TX,Post Office or large volume customer,PO BOX,79761
79768,PO boxes,,Odessa,TX,Post Office or large volume customer,PO BOX,79762
79786,PO boxes,,Toyahvale,TX,Post Office or large volume customer,PO BOX,79718
79831,PO boxes,,Alpine,TX,Post Office or large volume customer,PO BOX,79830
79910,other,,El Paso,TX,Post Office or large volume customer,STANDARD,79925
79913,PO boxes,,El Paso,TX,Post Office or large volume customer,PO BOX,79912
79914,PO boxes,,El Paso,TX,Post Office or large volume customer,PO BOX,79924
79917,PO boxes,,El Paso,TX,Post Office or large volume customer,PO BOX,79907
79923,PO boxes,,El Paso,TX,Post Office or large volume customer,PO BOX,79903
79926,PO boxes,,El Paso,TX,Post Office or large volume customer,PO BOX,79915
79929,PO boxes,,El Paso,TX,Post Office or large volume customer,PO BOX,79927
79931,PO boxes,,El Paso,TX,Post Office or large volume customer,PO BOX,79930
79937,PO boxes,,El Paso,TX,Post Office or large volume customer,PO BOX,79925
79940,PO boxes,,El Paso,TX,Post Office or large volume customer,PO BOX,79901
79941,PO boxes,,El Paso,TX,Post Office or large volume customer,PO BOX,79901
79942,PO boxes,,El Paso,TX,Post Office or large volume customer,PO BOX,79901
79943,PO boxes,,El Paso,TX,Post Office or large volume customer,PO BOX,79901
79944,PO boxes,,El Paso,TX,Post Office or large volume customer,PO BOX,79901
79945,PO boxes,,El Paso,TX,Post Office or large volume customer,PO BOX,79901
79946,PO boxes,,El Paso,TX,Post Office or large volume customer,PO BOX,79901
79947,PO boxes,,El Paso,TX,Post Office or large volume customer,PO BOX,79901
79948,PO boxes,,El Paso,TX,Post Office or large volume customer,PO BOX,79901
79949,PO boxes,,El Paso,TX,Post Office or large volume customer,PO BOX,79901
79950,PO boxes,,El Paso,TX,Post Office or large volume customer,PO BOX,79901
79951,PO boxes,,El Paso,TX,Post Office or large volume customer,PO BOX,79901
79952,PO boxes,,El Paso,TX,Post Office or large volume customer,PO BOX,79901
79953,PO boxes,,El Paso,TX,Post Office or large volume customer,PO BOX,79901
79954,PO boxes,,El Paso,TX,Post Office or large volume customer,PO BOX,79901
79955,PO boxes,,El Paso,TX,Post Office or large volume customer,PO BOX,79901
79958,organization,M Bank,El Paso,TX,Post Office or large volume customer,UNIQUE,79901
79960,organization,El Paso Electric Co,El Paso,TX,Post Office or large volume customer,UNIQUE,79901
79961,organization,El Paso Water Utilities,El Paso,TX,Post Office or large volume customer,UNIQUE,79925
79968,organization,Univ Of Tx El Paso,El Paso,TX,Zip Code Area,UNIQUE,79902
79976,organization,Southern Union Gas Co,El Paso,TX,Post Office or large volume customer,UNIQUE,79930
79978,organization,El Paso Natural Gas,El Paso,TX,Post Office or large volume customer,UNIQUE,79901
79980,organization,Wells Fargo Bank,El Paso,TX,Post Office or large volume customer,UNIQUE,79901
79995,PO boxes,,El Paso,TX,Post Office or large volume customer,PO BOX,79905
79996,PO boxes,,El Paso,TX,Post Office or large volume customer,PO BOX,79936
79997,PO boxes,,El Paso,TX,Post Office or large volume customer,PO BOX,79925
79998,PO boxes,,El Paso,TX,Post Office or large volume customer,PO BOX,79905
79999,PO boxes,,El Paso,TX,Post Office or large volume customer,PO BOX,79905
80001,PO boxes,,Arvada,CO,Post Office or large volume customer,PO BOX,80004
80006,PO boxes,,Arvada,CO,Post Office or large volume customer,PO BOX,80005
80034,PO boxes,,Wheat Ridge,CO,Post Office or large volume customer,PO BOX,80033
80035,PO boxes,,Westminster,CO,Post Office or large volume customer,PO BOX,80031
80036,PO boxes,,Westminster,CO,Post Office or large volume customer,PO BOX,80030
80037,PO boxes,,Commerce City,CO,Post Office or large volume customer,PO BOX,80022
80038,PO boxes,,Broomfield,CO,Post Office or large volume customer,PO BOX,80020
80040,PO boxes,,Aurora,CO,Post Office or large volume customer,PO BOX,80010
80041,PO boxes,,Aurora,CO,Post Office or large volume customer,PO BOX,80011
80042,PO boxes,,Aurora,CO,Post Office or large volume customer,PO BOX,80011
80044,PO boxes,,Aurora,CO,Post Office or large volume customer,PO BOX,80014
80046,PO boxes,,Aurora,CO,Post Office or large volume customer,PO BOX,80015
80047,PO boxes,,Aurora,CO,Post Office or large volume customer,PO BOX,80017
80150,PO boxes,,Englewood,CO,Post Office or large volume customer,PO BOX,80110
80151,PO boxes,,Englewood,CO,Post Office or large volume customer,PO BOX,80113
80155,PO boxes,,Englewood,CO,Post Office or large volume customer,PO BOX,80112
80160,PO boxes,,Littleton,CO,Post Office or large volume customer,PO BOX,80120
80161,PO boxes,,Littleton,CO,Post Office or large volume customer,PO BOX,80122
80162,PO boxes,,Littleton,CO,Post Office or large volume customer,PO BOX,80123
80163,PO boxes,,Littleton,CO,Post Office or large volume customer,PO BOX,80130
80165,organization,Littleton City Offices,Littleton,CO,Post Office or large volume customer,UNIQUE,80120
80166,organization,Arapahoe County Offices,Littleton,CO,Post Office or large volume customer,UNIQUE,80120
80201,PO boxes,,Denver,CO,Post Office or large volume customer,PO BOX,80205
80208,organization,University Of Denver,Denver,CO,Post Office or large volume customer,UNIQUE,80210
80217,PO boxes,,Denver,CO,Post Office or large volume customer,PO BOX,80266
80225,PO boxes,,Denver,CO,Zip Code Area,PO BOX,80226
80243,organization,Co Dmv Dept Of Rev,Denver,CO,Post Office or large volume customer,UNIQUE,80205
80244,organization,Us West Communications,Denver,CO,Post Office or large volume customer,UNIQUE,80202
80248,PO boxes,,Denver,CO,Post Office or large volume customer,PO BOX,80205
80250,PO boxes,,Denver,CO,Post Office or large volume customer,PO BOX,80210
80256,organization,Us Bank,Denver,CO,Post Office or large volume customer,UNIQUE,80202
80257,organization,Us Court Of Appeals 10th Cir,Denver,CO,Post Office or large volume customer,UNIQUE,80202
80259,organization,Small Business Adm,Denver,CO,Post Office or large volume customer,UNIQUE,80202
80261,organization,Co Dept Of Revenue,Denver,CO,Post Office or large volume customer,UNIQUE,80203
80263,organization,Affiliated Banks Service Co,Denver,CO,Post Office or large volume customer,UNIQUE,80222
80265,delivery area,,Denver,CO,Zip Code Area,STANDARD,80202
80271,organization,Wells Fargo Bank,Denver,CO,Post Office or large volume customer,UNIQUE,80202
80273,organization,Blue Cross Blue Shield Of Co,Denver,CO,Post Office or large volume customer,UNIQUE,80204
80274,organization,Wells Fargo Bank,Denver,CO,Post Office or large volume customer,UNIQUE,80290
80281,organization,Wells Fargo Bank,Denver,CO,Post Office or large volume customer,UNIQUE,80202
80291,organization,Wells Fargo Bank,Denver,CO,Post Office or large volume customer,UNIQUE,80202
80299,other,,Denver,CO,Post Office or large volume customer,STANDARD,80202
80306,PO boxes,,Boulder,CO,Post Office or large volume customer,PO BOX,80302
80307,PO boxes,,Boulder,CO,Post Office or large volume customer,PO BOX,80305
80308,PO boxes,,Boulder,CO,Post Office or large volume customer,PO BOX,80301
80309,organization,University Of Colorado,Boulder,CO,Zip Code Area,UNIQUE,80310
80314,organization,Ibm Corp,Boulder,CO,Post Office or large volume customer,UNIQUE,80503
80402,PO boxes,,Golden,CO,Post Office or large volume customer,PO BOX,80401
80429,PO boxes,,Climax,CO,Post Office or large volume customer,PO BOX,80461
80437,PO boxes,,Evergreen,CO,Post Office or large volume customer,PO BOX,80439
80477,PO boxes,,Steamboat Springs,CO,Post Office or large volume customer,PO BOX,80487
80488,PO boxes,,Steamboat Springs,CO,Post Office or large volume customer,PO BOX,80487
80497,PO boxes,,Silverthorne,CO,Post Office or large volume customer,PO BOX,80498
80502,PO boxes,,Longmont,CO,Post Office or large volume customer,PO BOX,80501
80511,PO boxes,,Estes Park,CO,Post Office or large volume customer,PO BOX,80517
80522,PO boxes,,Fort Collins,CO,Post Office or large volume customer,PO BOX,80521
80523,organization,Colorado State University,Fort Collins,CO,Zip Code Area,UNIQUE,80521
80527,PO boxes,,Fort Collins,CO,Post Office or large volume customer,PO BOX,80525
80533,PO boxes,,Hygiene,CO,Post Office or large volume customer,PO BOX,80503
80539,PO boxes,,Loveland,CO,Post Office or large volume customer,PO BOX,80538
80541,PO boxes,,Masonville,CO,Post Office or large volume customer,PO BOX,80538
80551,organization,Eastman Kodak Co,Windsor,CO,Post Office or large volume customer,UNIQUE,80550
80553,organization,Teledyne Water Pik,Fort Collins,CO,Post Office or large volume customer,UNIQUE,80525
80614,PO boxes,,Eastlake,CO,Zip Code Area,PO BOX,80241
80632,PO boxes,,Greeley,CO,Post Office or large volume customer,PO BOX,80631
80633,PO boxes,,Greeley,CO,Post Office or large volume customer,PO BOX,80634
80638,organization,State Farm Ins,Greeley,CO,Post Office or large volume customer,UNIQUE,80620
80639,organization,Univ Of Northern Colorado,Greeley,CO,Zip Code Area,UNIQUE,80631
80841,PO boxes,,Usaf Academy,CO,Post Office or large volume customer,PO BOX,80840
80866,PO boxes,,Woodland Park,CO,Post Office or large volume customer,PO BOX,80863
80901,PO boxes,,Colorado Springs,CO,Post Office or large volume customer,PO BOX,80903
80912,delivery area,,Colorado Springs,CO,Zip Code Area,STANDARD,80930
80931,PO boxes,,Colorado Springs,CO,Post Office or large volume customer,PO BOX,80911
80932,PO boxes,,Colorado Springs,CO,Post Office or large volume customer,PO BOX,80909
80933,PO boxes,,Colorado Springs,CO,Post Office or large volume customer,PO BOX,80907
80934,PO boxes,,Colorado Springs,CO,Post Office or large volume customer,PO BOX,80904
80935,PO boxes,,Colorado Springs,CO,Post Office or large volume customer,PO BOX,80910
80936,PO boxes,,Colorado Springs,CO,Post Office or large volume customer,PO BOX,80918
80937,PO boxes,,Colorado Springs,CO,Post Office or large volume customer,PO BOX,80905
80941,organization,Current Inc,Colorado Springs,CO,Post Office or large volume customer,UNIQUE,80918
80942,organization,Affliated National Bank,Colorado Springs,CO,Post Office or large volume customer,UNIQUE,80903
80946,organization,Colorado College,Colorado Springs,CO,Post Office or large volume customer,UNIQUE,80903
80947,organization,Co Spgs Utilities,Colorado Springs,CO,Post Office or large volume customer,UNIQUE,80903
80949,PO boxes,,Colorado Springs,CO,Post Office or large volume customer,PO BOX,80919
80950,organization,Us Olympic Committee,Colorado Springs,CO,Post Office or large volume customer,UNIQUE,80909
80960,PO boxes,,Colorado Springs,CO,Post Office or large volume customer,PO BOX,80905
80962,PO boxes,,Colorado Springs,CO,Post Office or large volume customer,PO BOX,80920
80970,PO boxes,,Colorado Springs,CO,Post Office or large volume customer,PO BOX,80915
80977,organization,Us Olympic,Colorado Springs,CO,Post Office or large volume customer,UNIQUE,80925
80995,organization,Focus On The Family,Colorado Springs,CO,Post Office or large volume customer,UNIQUE,80920
80997,organization,Compassion International,Colorado Springs,CO,Post Office or large volume customer,UNIQUE,80921
81002,PO boxes,,Pueblo,CO,Post Office or large volume customer,PO BOX,81003
81009,organization,Govt Printg Ofc,Pueblo,CO,Post Office or large volume customer,UNIQUE,81001
81010,organization,Co Lottery,Pueblo,CO,Post Office or large volume customer,UNIQUE,81003
81011,organization,Co Lottery,Pueblo,CO,Post Office or large volume customer,UNIQUE,81003
81012,organization,Co Lottery,Pueblo,CO,Post Office or large volume customer,UNIQUE,81003
81034,organization,Ark Valley Corr Facl,Ordway,CO,Post Office or large volume customer,UNIQUE,81063
81038,PO boxes,,Fort Lyon,CO,Post Office or large volume customer,PO BOX,81054
81102,organization,Adams State College,Alamosa,CO,Zip Code Area,UNIQUE,81101
81135,PO boxes,,Homelake,CO,Post Office or large volume customer,PO BOX,81144
81157,PO boxes,,Pagosa Springs,CO,Post Office or large volume customer,PO BOX,81147
81215,PO boxes,,Canon City,CO,Post Office or large volume customer,PO BOX,81212
81231,organization,Western State College,Gunnison,CO,Zip Code Area,UNIQUE,81230
81290,organization,Federal Correctional Complex,Florence,CO,Post Office or large volume customer,UNIQUE,81226
81302,PO boxes,,Durango,CO,Post Office or large volume customer,PO BOX,81301
81329,PO boxes,,Marvel,CO,Post Office or large volume customer,PO BOX,81326
81402,PO boxes,,Montrose,CO,Post Office or large volume customer,PO BOX,81401
81414,PO boxes,,Cory,CO,Post Office or large volume customer,PO BOX,81410
81420,PO boxes,,Lazear,CO,Post Office or large volume customer,PO BOX,81419
81502,PO boxes,,Grand Junction,CO,Post Office or large volume customer,PO BOX,81501
81602,PO boxes,,Glenwood Springs,CO,Post Office or large volume customer,PO BOX,81601
81626,PO boxes,,Craig,CO,Post Office or large volume customer,PO BOX,81625
81636,PO boxes,,Battlement Mesa,CO,Post Office or large volume customer,PO BOX,81635
81658,PO boxes,,Vail,CO,Post Office or large volume customer,PO BOX,81657
82002,organization,State Of Wyoming,Cheyenne,WY,Post Office or large volume customer,UNIQUE,82009
82003,PO boxes,,Cheyenne,WY,Post Office or large volume customer,PO BOX,82001
82006,organization,Wy State Game And Fish,Cheyenne,WY,Post Office or large volume customer,UNIQUE,82009
82010,business reply mail,Cheynne Shared Brm,Cheyenne,WY,Post Office or large volume customer,UNIQUE,82009
82071,PO boxes,,Laramie,WY,Zip Code Area,PO BOX,82072
82524,PO boxes,,Saint Stephens,WY,Post Office or large volume customer,PO BOX,82501
82602,PO boxes,,Casper,WY,Post Office or large volume customer,PO BOX,82601
82605,PO boxes,,Casper,WY,Post Office or large volume customer,PO BOX,82609
82615,other,,Shirley Basin,WY,Post Office or large volume customer,STANDARD,82327
82715,delivery area,,Four Corners,WY,Zip Code Area,STANDARD,82701
82717,PO boxes,,Gillette,WY,Post Office or large volume customer,PO BOX,82716
82840,PO boxes,,Saddlestring,WY,Post Office or large volume customer,PO BOX,82834
82902,PO boxes,,Rock Springs,WY,Post Office or large volume customer,PO BOX,82901
82931,PO boxes,,Evanston,WY,Post Office or large volume customer,PO BOX,82930
83002,PO boxes,,Jackson,WY,Post Office or large volume customer,PO BOX,83001
83205,PO boxes,,Pocatello,ID,Post Office or large volume customer,PO BOX,83201
83206,PO boxes,,Pocatello,ID,Post Office or large volume customer,PO BOX,83201
83229,other,,Cobalt,ID,Post Office or large volume customer,STANDARD,83226
83256,PO boxes,,Moreland,ID,Zip Code Area,PO BOX,83221
83303,PO boxes,,Twin Falls,ID,Post Office or large volume customer,PO BOX,83301
83343,PO boxes,,Minidoka,ID,Post Office or large volume customer,PO BOX,83350
83403,PO boxes,,Idaho Falls,ID,Post Office or large volume customer,PO BOX,83401
83405,PO boxes,,Idaho Falls,ID,Post Office or large volume customer,PO BOX,83402
83415,organization,Idaho National Lab; Scoville,Idaho Falls,ID,Post Office or large volume customer,UNIQUE,83402
83441,organization,Rexcraft,Rexburg,ID,Post Office or large volume customer,UNIQUE,83440
83531,PO boxes,,Fenn,ID,Post Office or large volume customer,PO BOX,83530
83606,PO boxes,,Caldwell,ID,Post Office or large volume customer,PO BOX,83605
83630,PO boxes,,Huston,ID,Post Office or large volume customer,PO BOX,83607
83635,PO boxes,,Lake Fork,ID,Post Office or large volume customer,PO BOX,83638
83652,PO boxes,,Nampa,ID,Post Office or large volume customer,PO BOX,83651
83653,PO boxes,,Nampa,ID,Post Office or large volume customer,PO BOX,83651
83671,PO boxes,,Warren,ID,Post Office or large volume customer,PO BOX,83638
83680,PO boxes,,Meridian,ID,Post Office or large volume customer,PO BOX,83642
83701,PO boxes,,Boise,ID,Post Office or large volume customer,PO BOX,83702
83707,PO boxes,,Boise,ID,Post Office or large volume customer,PO BOX,83702
83708,other,,Boise,ID,Post Office or large volume customer,STANDARD,83709
83711,PO boxes,,Boise,ID,Post Office or large volume customer,PO BOX,83704
83715,PO boxes,,Boise,ID,Post Office or large volume customer,PO BOX,83705
83717,PO boxes,,Boise,ID,Post Office or large volume customer,PO BOX,83716
83719,PO boxes,,Boise,ID,Post Office or large volume customer,PO BOX,83709
83722,organization,Idaho State Tax Commission,Boise,ID,Post Office or large volume customer,UNIQUE,83702
83724,organization,Federal Bldg,Boise,ID,Post Office or large volume customer,UNIQUE,83702
83726,organization,Albertsons,Boise,ID,Post Office or large volume customer,UNIQUE,83706
83728,organization,Boise Cascade,Boise,ID,Post Office or large volume customer,UNIQUE,83702
83729,organization,Washington Group,Boise,ID,Post Office or large volume customer,UNIQUE,83702
83732,organization,Intermountain Gas Co,Boise,ID,Post Office or large volume customer,UNIQUE,83702
83735,organization,Id State Dept Of Employ,Boise,ID,Post Office or large volume customer,UNIQUE,83702
83756,organization,Idaho State Tax Commission,Boise,ID,Post Office or large volume customer,UNIQUE,83702
83799,PO boxes,,Boise,ID,Post Office or large volume customer,PO BOX,83709
83816,PO boxes,,Coeur D Alene,ID,Post Office or large volume customer,PO BOX,83814
83853,PO boxes,,Porthill,ID,Zip Code Area,PO BOX,83805
83865,PO boxes,,Colburn,ID,Post Office or large volume customer,PO BOX,83864
83877,PO boxes,,Post Falls,ID,Post Office or large volume customer,PO BOX,83854
84011,PO boxes,,Bountiful,UT,Post Office or large volume customer,PO BOX,84010
84016,PO boxes,,Clearfield,UT,Post Office or large volume customer,PO BOX,84015
84068,PO boxes,,Park City,UT,Post Office or large volume customer,PO BOX,84060
84079,PO boxes,,Vernal,UT,Post Office or large volume customer,PO BOX,84078
84089,PO boxes,,Clearfield,UT,Post Office or large volume customer,PO BOX,84015
84090,PO boxes,,Sandy,UT,Post Office or large volume customer,PO BOX,84093
84091,PO boxes,,Sandy,UT,Post Office or large volume customer,PO BOX,84070
84110,PO boxes,,Salt Lake City,UT,Post Office or large volume customer,PO BOX,84101
84122,PO boxes,,Salt Lake City,UT,Post Office or large volume customer,PO BOX,84116
84125,PO boxes,,Salt Lake City,UT,Post Office or large volume customer,PO BOX,84104
84126,PO boxes,,Salt Lake City,UT,Post Office or large volume customer,PO BOX,84104
84127,PO boxes,,Salt Lake City,UT,Post Office or large volume customer,PO BOX,84104
84130,PO boxes,,Salt Lake City,UT,Post Office or large volume customer,PO BOX,84104
84131,PO boxes,,Salt Lake City,UT,Post Office or large volume customer,PO BOX,84104
84132,organization,University Medical Ctr,Salt Lake City,UT,Post Office or large volume customer,UNIQUE,84112
84133,other,,Salt Lake City,UT,Post Office or large volume customer,STANDARD,84111
84134,organization,Utah State Tax Commission,Salt Lake City,UT,Post Office or large volume customer,UNIQUE,84116
84139,organization,Questar Gas Company,Salt Lake City,UT,Post Office or large volume customer,UNIQUE,84111
84141,organization,First Security Bank; Wells Fargo Bank,Salt Lake City,UT,Post Office or large volume customer,UNIQUE,84117
84143,organization,Lds Hospital,Salt Lake City,UT,Zip Code Area,UNIQUE,84103
84145,PO boxes,,Salt Lake City,UT,Post Office or large volume customer,PO BOX,84101
84147,PO boxes,,Salt Lake City,UT,Post Office or large volume customer,PO BOX,84111
84148,organization,Veterans Administration Hosp,Salt Lake City,UT,Post Office or large volume customer,UNIQUE,84108
84151,PO boxes,,Salt Lake City,UT,Post Office or large volume customer,PO BOX,84116
84152,PO boxes,,Salt Lake City,UT,Post Office or large volume customer,PO BOX,84106
84157,PO boxes,,Salt Lake City,UT,Post Office or large volume customer,PO BOX,84107
84158,PO boxes,,Salt Lake City,UT,Post Office or large volume customer,PO BOX,84108
84165,PO boxes,,Salt Lake City,UT,Post Office or large volume customer,PO BOX,84115
84170,PO boxes,,Salt Lake City,UT,Post Office or large volume customer,PO BOX,84120
84171,PO boxes,,Salt Lake City,UT,Post Office or large volume customer,PO BOX,84121
84184,organization,American Express Co,Salt Lake City,UT,Post Office or large volume customer,UNIQUE,84129
84190,organization,Salt Lake County Complex,Salt Lake City,UT,Post Office or large volume customer,UNIQUE,84115
84199,organization,Us Postal Service,Salt Lake City,UT,Post Office or large volume customer,UNIQUE,84104
84201,organization,Internal Revenue Service,Ogden,UT,Zip Code Area,UNIQUE,84404
84244,organization,Internal Revenue Service,Ogden,UT,Post Office or large volume customer,UNIQUE,84404
84323,PO boxes,,Logan,UT,Post Office or large volume customer,PO BOX,84321
84402,PO boxes,,Ogden,UT,Post Office or large volume customer,PO BOX,84401
84407,organization,Defense Depot Ogden,Ogden,UT,Post Office or large volume customer,UNIQUE,84404
84409,PO boxes,,Ogden,UT,Post Office or large volume customer,PO BOX,84405
84412,PO boxes,,Ogden,UT,Post Office or large volume customer,PO BOX,84404
84415,PO boxes,,Ogden,UT,Post Office or large volume customer,PO BOX,84403
84510,PO boxes,,Aneth,UT,Zip Code Area,PO BOX,84534
84603,PO boxes,,Provo,UT,Post Office or large volume customer,PO BOX,84601
84605,PO boxes,,Provo,UT,Post Office or large volume customer,PO BOX,84606
84771,PO boxes,,Saint George,UT,Post Office or large volume customer,PO BOX,84770
84791,PO boxes,,Saint George,UT,Post Office or large volume customer,PO BOX,84790
85001,PO boxes,,Phoenix,AZ,Post Office or large volume customer,PO BOX,85004
85002,PO boxes,,Phoenix,AZ,Post Office or large volume customer,PO BOX,85004
85005,PO boxes,,Phoenix,AZ,Post Office or large volume customer,PO BOX,85009
85010,PO boxes,,Phoenix,AZ,Post Office or large volume customer,PO BOX,85008
85011,PO boxes,,Phoenix,AZ,Post Office or large volume customer,PO BOX,85013
85030,PO boxes,,Phoenix,AZ,Post Office or large volume customer,PO BOX,85004
85036,PO boxes,,Phoenix,AZ,Post Office or large volume customer,PO BOX,85034
85038,PO boxes,,Phoenix,AZ,Post Office or large volume customer,PO BOX,85008
85039,other,,Phoenix,AZ,Post Office or large volume customer,STANDARD,85026
85046,PO boxes,,Phoenix,AZ,Post Office or large volume customer,PO BOX,85032
85060,PO boxes,,Phoenix,AZ,Post Office or large volume customer,PO BOX,85018
85061,PO boxes,,Phoenix,AZ,Post Office or large volume customer,PO BOX,85017
85062,PO boxes,,Phoenix,AZ,Post Office or large volume customer,PO BOX,85008
85063,PO boxes,,Phoenix,AZ,Post Office or large volume customer,PO BOX,85031
85064,PO boxes,,Phoenix,AZ,Post Office or large volume customer,PO BOX,85016
85065,other,,Phoenix,AZ,Post Office or large volume customer,STANDARD,85034
85066,PO boxes,,Phoenix,AZ,Post Office or large volume customer,PO BOX,85042
85067,PO boxes,,Phoenix,AZ,Post Office or large volume customer,PO BOX,85013
85068,PO boxes,,Phoenix,AZ,Post Office or large volume customer,PO BOX,85020
85069,PO boxes,,Phoenix,AZ,Post Office or large volume customer,PO BOX,85021
85070,PO boxes,,Phoenix,AZ,Post Office or large volume customer,PO BOX,85048
85071,PO boxes,,Phoenix,AZ,Post Office or large volume customer,PO BOX,85029
85072,PO boxes,,Phoenix,AZ,Post Office or large volume customer,PO BOX,85008
85073,other,,Phoenix,AZ,Post Office or large volume customer,STANDARD,85026
85074,PO boxes,,Phoenix,AZ,Post Office or large volume customer,PO BOX,85034
85075,PO boxes,,Phoenix,AZ,Post Office or large volume customer,PO BOX,85033
85076,PO boxes,,Phoenix,AZ,Post Office or large volume customer,PO BOX,85044
85078,PO boxes,,Phoenix,AZ,Post Office or large volume customer,PO BOX,85032
85079,PO boxes,,Phoenix,AZ,Post Office or large volume customer,PO BOX,85017
85080,PO boxes,,Phoenix,AZ,Post Office or large volume customer,PO BOX,85027
85082,PO boxes,,Phoenix,AZ,Post Office or large volume customer,PO BOX,85026
85117,PO boxes,,Apache Junction,AZ,Post Office or large volume customer,PO BOX,85120
85127,PO boxes,,Chandler Heights,AZ,Post Office or large volume customer,PO BOX,85142
85130,PO boxes,,Casa Grande,AZ,Post Office or large volume customer,PO BOX,85122
85178,PO boxes,,Apache Junction,AZ,Post Office or large volume customer,PO BOX,85120
85190,PO boxes,,Tortilla Flat,AZ,Post Office or large volume customer,PO BOX,85119
85211,PO boxes,,Mesa,AZ,Post Office or large volume customer,PO BOX,85201
85214,PO boxes,,Mesa,AZ,Post Office or large volume customer,PO BOX,85213
85216,PO boxes,,Mesa,AZ,Post Office or large volume customer,PO BOX,85208
85244,PO boxes,,Chandler,AZ,Post Office or large volume customer,PO BOX,85225
85246,PO boxes,,Chandler,AZ,Post Office or large volume customer,PO BOX,85224
85252,PO boxes,,Scottsdale,AZ,Post Office or large volume customer,PO BOX,85257
85261,PO boxes,,Scottsdale,AZ,Post Office or large volume customer,PO BOX,85258
85267,PO boxes,,Scottsdale,AZ,Post Office or large volume customer,PO BOX,85260
85269,PO boxes,,Fountain Hills,AZ,Post Office or large volume customer,PO BOX,85268
85271,PO boxes,,Scottsdale,AZ,Post Office or large volume customer,PO BOX,85257
85274,PO boxes,,Mesa,AZ,Post Office or large volume customer,PO BOX,85202
85275,PO boxes,,Mesa,AZ,Post Office or large volume customer,PO BOX,85213
85277,PO boxes,,Mesa,AZ,Post Office or large volume customer,PO BOX,85215
85280,PO boxes,,Tempe,AZ,Post Office or large volume customer,PO BOX,85281
85285,PO boxes,,Tempe,AZ,Post Office or large volume customer,PO BOX,85282
85287,organization,Arizona State Univ; Arizona State University; Asu,Tempe,AZ,Zip Code Area,UNIQUE,85281
85288,other,,Tempe,AZ,Post Office or large volume customer,STANDARD,85281
85299,PO boxes,,Gilbert,AZ,Post Office or large volume customer,PO BOX,85296
85311,PO boxes,,Glendale,AZ,Post Office or large volume customer,PO BOX,85301
85312,PO boxes,,Glendale,AZ,Post Office or large volume customer,PO BOX,85302
85318,PO boxes,,Glendale,AZ,Post Office or large volume customer,PO BOX,85308
85327,PO boxes,,Cave Creek,AZ,Post Office or large volume customer,PO BOX,85331
85358,PO boxes,,Wickenburg,AZ,Post Office or large volume customer,PO BOX,85390
85359,PO boxes,,Quartzsite,AZ,Post Office or large volume customer,PO BOX,85346
85366,PO boxes,,Yuma,AZ,Post Office or large volume customer,PO BOX,85364
85369,PO boxes,,Yuma,AZ,Post Office or large volume customer,PO BOX,85364
85372,PO boxes,,Sun City,AZ,Post Office or large volume customer,PO BOX,85373
85376,PO boxes,,Sun City West,AZ,Post Office or large volume customer,PO BOX,85375
85380,PO boxes,,Peoria,AZ,Post Office or large volume customer,PO BOX,85345
85385,PO boxes,,Peoria,AZ,Post Office or large volume customer,PO BOX,85381
85502,PO boxes,,Globe,AZ,Post Office or large volume customer,PO BOX,85501
85547,PO boxes,,Payson,AZ,Post Office or large volume customer,PO BOX,85541
85548,PO boxes,,Safford,AZ,Post Office or large volume customer,PO BOX,85546
85628,PO boxes,,Nogales,AZ,Post Office or large volume customer,PO BOX,85621
85636,PO boxes,,Sierra Vista,AZ,Post Office or large volume customer,PO BOX,85635
85644,PO boxes,,Willcox,AZ,Post Office or large volume customer,PO BOX,85643
85652,PO boxes,,Cortaro,AZ,Post Office or large volume customer,PO BOX,85742
85655,PO boxes,,Douglas,AZ,Post Office or large volume customer,PO BOX,85607
85670,PO boxes,,Fort Huachuca,AZ,Post Office or large volume customer,PO BOX,85635
85671,PO boxes,,Sierra Vista,AZ,Post Office or large volume customer,PO BOX,85635
85702,PO boxes,,Tucson,AZ,Post Office or large volume customer,PO BOX,85701
85703,PO boxes,,Tucson,AZ,Post Office or large volume customer,PO BOX,85705
85717,PO boxes,,Tucson,AZ,Post Office or large volume customer,PO BOX,85719
85720,PO boxes,,Tucson,AZ,Post Office or large volume customer,PO BOX,85701
85722,PO boxes,,Tucson,AZ,Post Office or large volume customer,PO BOX,85719
85725,PO boxes,,Tucson,AZ,Post Office or large volume customer,PO BOX,85713
85728,PO boxes,,Tucson,AZ,Post Office or large volume customer,PO BOX,85718
85731,PO boxes,,Tucson,AZ,Post Office or large volume customer,PO BOX,85710
85732,PO boxes,,Tucson,AZ,Post Office or large volume customer,PO BOX,85711
85733,PO boxes,,Tucson,AZ,Post Office or large volume customer,PO BOX,85719
85738,PO boxes,,Catalina,AZ,Post Office or large volume customer,PO BOX,85739
85740,PO boxes,,Tucson,AZ,Post Office or large volume customer,PO BOX,85704
85744,organization,Ibm Corp,Tucson,AZ,Post Office or large volume customer,UNIQUE,85747
85751,PO boxes,,Tucson,AZ,Post Office or large volume customer,PO BOX,85715
85752,PO boxes,,Tucson,AZ,Post Office or large volume customer,PO BOX,85741
85754,PO boxes,,Tucson,AZ,Post Office or large volume customer,PO BOX,85745
85775,business reply mail,Tucson Brm,Tucson,AZ,Post Office or large volume customer,UNIQUE,85701
86002,PO boxes,,Flagstaff,AZ,Post Office or large volume customer,PO BOX,86001
86302,PO boxes,,Prescott,AZ,Post Office or large volume customer,PO BOX,86303
86304,PO boxes,,Prescott,AZ,Post Office or large volume customer,PO BOX,86301
86312,PO boxes,,Prescott Valley,AZ,Post Office or large volume customer,PO BOX,86314
86339,PO boxes,,Sedona,AZ,Post Office or large volume customer,PO BOX,86336
86340,PO boxes,,Sedona,AZ,Post Office or large volume customer,PO BOX,86336
86341,PO boxes,,Sedona,AZ,Post Office or large volume customer,PO BOX,86351
86342,PO boxes,,Lake Montezuma,AZ,Post Office or large volume customer,PO BOX,86335
86402,PO boxes,,Kingman,AZ,Post Office or large volume customer,PO BOX,86401
86405,PO boxes,,Lake Havasu City,AZ,Post Office or large volume customer,PO BOX,86403
86412,PO boxes,,Hualapai,AZ,Post Office or large volume customer,PO BOX,86409
86427,PO boxes,,Fort Mohave,AZ,Post Office or large volume customer,PO BOX,86426
86430,PO boxes,,Bullhead City,AZ,Post Office or large volume customer,PO BOX,86429
86439,PO boxes,,Bullhead City,AZ,Post Office or large volume customer,PO BOX,86442
86446,PO boxes,,Mohave Valley,AZ,Post Office or large volume customer,PO BOX,86440
87009,delivery area,,Cedarvale,NM,Zip Code Area,STANDARD,88318
87103,PO boxes,,Albuquerque,NM,Post Office or large volume customer,PO BOX,87102
87115,delivery area,,Albuquerque,NM,Zip Code Area,STANDARD,87117
87119,PO boxes,,Albuquerque,NM,Post Office or large volume customer,PO BOX,87106
87125,PO boxes,,Albuquerque,NM,Post Office or large volume customer,PO BOX,87102
87131,organization (unnamed),,Albuquerque,NM,Zip Code Area,UNIQUE,87106
87153,PO boxes,,Albuquerque,NM,Post Office or large volume customer,PO BOX,87112
87154,PO boxes,,Albuquerque,NM,Post Office or large volume customer,PO BOX,87111
87158,organization,Public Service Co,Albuquerque,NM,Post Office or large volume customer,UNIQUE,87107
87174,PO boxes,,Rio Rancho,NM,Zip Code Area,PO BOX,87124
87176,PO boxes,,Albuquerque,NM,Post Office or large volume customer,PO BOX,87110
87181,PO boxes,,Albuquerque,NM,Post Office or large volume customer,PO BOX,87112
87184,PO boxes,,Albuquerque,NM,Post Office or large volume customer,PO BOX,87114
87185,PO boxes,,Albuquerque,NM,Post Office or large volume customer,PO BOX,87116
87187,PO boxes,,Albuquerque,NM,Post Office or large volume customer,PO BOX,87114
87190,PO boxes,,Albuquerque,NM,Post Office or large volume customer,PO BOX,87110
87191,PO boxes,,Albuquerque,NM,Post Office or large volume customer,PO BOX,87111
87192,PO boxes,,Albuquerque,NM,Post Office or large volume customer,PO BOX,87112
87193,PO boxes,,Albuquerque,NM,Post Office or large volume customer,PO BOX,87114
87194,PO boxes,,Albuquerque,NM,Post Office or large volume customer,PO BOX,87104
87195,PO boxes,,Albuquerque,NM,Post Office or large volume customer,PO BOX,87105
87196,PO boxes,,Albuquerque,NM,Post Office or large volume customer,PO BOX,87106
87197,PO boxes,,Albuquerque,NM,Post Office or large volume customer,PO BOX,87107
87198,PO boxes,,Albuquerque,NM,Post Office or large volume customer,PO BOX,87108
87199,PO boxes,,Albuquerque,NM,Post Office or large volume customer,PO BOX,87109
87302,organization,Sw Indian Foundation,Gallup,NM,Post Office or large volume customer,UNIQUE,87301
87502,PO boxes,,Santa Fe,NM,Post Office or large volume customer,PO BOX,87505
87503,organization,New Mexico State Capitol,Santa Fe,NM,Post Office or large volume customer,UNIQUE,87501
87504,PO boxes,,Santa Fe,NM,Post Office or large volume customer,PO BOX,87501
87509,organization,New Mexico Tax Rev Dept,Santa Fe,NM,Post Office or large volume customer,UNIQUE,87505
87533,PO boxes,,Espanola,NM,Post Office or large volume customer,PO BOX,87532
87545,organization,Scientific Lab,Los Alamos,NM,Post Office or large volume customer,UNIQUE,87544
87574,PO boxes,,Tesuque,NM,Post Office or large volume customer,PO BOX,87506
87576,other,,Trampas,NM,Post Office or large volume customer,STANDARD,87521
87592,PO boxes,,Santa Fe,NM,Post Office or large volume customer,PO BOX,87507
87594,PO boxes,,Santa Fe,NM,Post Office or large volume customer,PO BOX,87501
87654,organization,Spaceport America,Spaceport City,NM,Post Office or large volume customer,UNIQUE,87901
88006,PO boxes,,Las Cruces,NM,Post Office or large volume customer,PO BOX,88001
88013,PO boxes,,Las Cruces,NM,Post Office or large volume customer,PO BOX,88011
88031,PO boxes,,Deming,NM,Post Office or large volume customer,PO BOX,88030
88032,PO boxes,,Dona Ana,NM,Zip Code Area,PO BOX,88007
88033,PO boxes,,Fairacres,NM,Post Office or large volume customer,PO BOX,88007
88036,PO boxes,,Fort Bayard,NM,Post Office or large volume customer,PO BOX,88041
88054,PO boxes,,Radium Springs,NM,Post Office or large volume customer,PO BOX,87937
88058,PO boxes,,San Miguel,NM,Post Office or large volume customer,PO BOX,88044
88062,PO boxes,,Silver City,NM,Post Office or large volume customer,PO BOX,88061
88102,PO boxes,,Clovis,NM,Post Office or large volume customer,PO BOX,88101
88122,PO boxes,,Kenna,NM,Post Office or large volume customer,PO BOX,88116
88123,delivery area,,Lingo,NM,Zip Code Area,STANDARD,88132
88133,delivery area,,Saint Vrain,NM,Zip Code Area,STANDARD,88101
88202,PO boxes,,Roswell,NM,Post Office or large volume customer,PO BOX,88201
88211,PO boxes,,Artesia,NM,Post Office or large volume customer,PO BOX,88210
88213,delivery area,,Caprock,NM,Zip Code Area,STANDARD,88267
88221,PO boxes,,Carlsbad,NM,Post Office or large volume customer,PO BOX,88220
88241,PO boxes,,Hobbs,NM,Post Office or large volume customer,PO BOX,88240
88433,other,,Quay,NM,Post Office or large volume customer,STANDARD,88401
88510,PO boxes,,El Paso,TX,Post Office or large volume customer,PO BOX,79906
88511,PO boxes,,El Paso,TX,Post Office or large volume customer,PO BOX,79906
88512,PO boxes,,El Paso,TX,Post Office or large volume customer,PO BOX,79906
88513,PO boxes,,El Paso,TX,Post Office or large volume customer,PO BOX,79906
88514,PO boxes,,El Paso,TX,Post Office or large volume customer,PO BOX,79906
88515,PO boxes,,El Paso,TX,Post Office or large volume customer,PO BOX,79906
88517,PO boxes,,El Paso,TX,Post Office or large volume customer,PO BOX,79906
88518,PO boxes,,El Paso,TX,Post Office or large volume customer,PO BOX,79906
88519,PO boxes,,El Paso,TX,Post Office or large volume customer,PO BOX,79906
88520,PO boxes,,El Paso,TX,Post Office or large volume customer,PO BOX,79906
88521,PO boxes,,El Paso,TX,Post Office or large volume customer,PO BOX,79906
88523,PO boxes,,El Paso,TX,Post Office or large volume customer,PO BOX,79906
88524,PO boxes,,El Paso,TX,Post Office or large volume customer,PO BOX,79906
88525,PO boxes,,El Paso,TX,Post Office or large volume customer,PO BOX,79906
88526,PO boxes,,El Paso,TX,Post Office or large volume customer,PO BOX,79906
88527,PO boxes,,El Paso,TX,Post Office or large volume customer,PO BOX,79906
88528,PO boxes,,El Paso,TX,Post Office or large volume customer,PO BOX,79906
88529,PO boxes,,El Paso,TX,Post Office or large volume customer,PO BOX,79906
88530,PO boxes,,El Paso,TX,Post Office or large volume customer,PO BOX,79906
88531,PO boxes,,El Paso,TX,Post Office or large volume customer,PO BOX,79906
88532,PO boxes,,El Paso,TX,Post Office or large volume customer,PO BOX,79906
88533,PO boxes,,El Paso,TX,Post Office or large volume customer,PO BOX,79906
88534,PO boxes,,El Paso,TX,Post Office or large volume customer,PO BOX,79906
88535,PO boxes,,El Paso,TX,Post Office or large volume customer,PO BOX,79906
88536,PO boxes,,El Paso,TX,Post Office or large volume customer,PO BOX,79906
88538,PO boxes,,El Paso,TX,Post Office or large volume customer,PO BOX,79906
88539,PO boxes,,El Paso,TX,Post Office or large volume customer,PO BOX,79906
88540,PO boxes,,El Paso,TX,Post Office or large volume customer,PO BOX,79925
88541,PO boxes,,El Paso,TX,Post Office or large volume customer,PO BOX,79925
88542,PO boxes,,El Paso,TX,Post Office or large volume customer,PO BOX,79925
88543,PO boxes,,El Paso,TX,Post Office or large volume customer,PO BOX,79925
88544,PO boxes,,El Paso,TX,Post Office or large volume customer,PO BOX,79925
88545,PO boxes,,El Paso,TX,Post Office or large volume customer,PO BOX,79925
88546,PO boxes,,El Paso,TX,Post Office or large volume customer,PO BOX,79925
88547,PO boxes,,El Paso,TX,Post Office or large volume customer,PO BOX,79925
88548,PO boxes,,El Paso,TX,Post Office or large volume customer,PO BOX,79925
88549,PO boxes,,El Paso,TX,Post Office or large volume customer,PO BOX,79925
88550,PO boxes,,El Paso,TX,Post Office or large volume customer,PO BOX,79925
88553,PO boxes,,El Paso,TX,Post Office or large volume customer,PO BOX,79925
88554,PO boxes,,El Paso,TX,Post Office or large volume customer,PO BOX,79925
88555,PO boxes,,El Paso,TX,Post Office or large volume customer,PO BOX,79925
88556,PO boxes,,El Paso,TX,Post Office or large volume customer,PO BOX,79925
88557,PO boxes,,El Paso,TX,Post Office or large volume customer,PO BOX,79925
88558,PO boxes,,El Paso,TX,Post Office or large volume customer,PO BOX,79925
88559,PO boxes,,El Paso,TX,Post Office or large volume customer,PO BOX,79925
88560,PO boxes,,El Paso,TX,Post Office or large volume customer,PO BOX,79925
88561,PO boxes,,El Paso,TX,Post Office or large volume customer,PO BOX,79925
88562,PO boxes,,El Paso,TX,Post Office or large volume customer,PO BOX,79925
88563,PO boxes,,El Paso,TX,Post Office or large volume customer,PO BOX,79925
88565,PO boxes,,El Paso,TX,Post Office or large volume customer,PO BOX,79925
88566,PO boxes,,El Paso,TX,Post Office or large volume customer,PO BOX,79925
88567,PO boxes,,El Paso,TX,Post Office or large volume customer,PO BOX,79925
88568,PO boxes,,El Paso,TX,Post Office or large volume customer,PO BOX,79925
88569,PO boxes,,El Paso,TX,Post Office or large volume customer,PO BOX,79925
88570,PO boxes,,El Paso,TX,Post Office or large volume customer,PO BOX,79925
88571,PO boxes,,El Paso,TX,Post Office or large volume customer,PO BOX,79925
88572,PO boxes,,El Paso,TX,Post Office or large volume customer,PO BOX,79925
88573,PO boxes,,El Paso,TX,Post Office or large volume customer,PO BOX,79925
88574,PO boxes,,El Paso,TX,Post Office or large volume customer,PO BOX,79925
88575,PO boxes,,El Paso,TX,Post Office or large volume customer,PO BOX,79925
88576,PO boxes,,El Paso,TX,Post Office or large volume customer,PO BOX,79925
88577,PO boxes,,El Paso,TX,Post Office or large volume customer,PO BOX,79925
88578,PO boxes,,El Paso,TX,Post Office or large volume customer,PO BOX,79925
88579,PO boxes,,El Paso,TX,Post Office or large volume customer,PO BOX,79925
88580,PO boxes,,El Paso,TX,Post Office or large volume customer,PO BOX,79925
88581,PO boxes,,El Paso,TX,Post Office or large volume customer,PO BOX,79925
88582,PO boxes,,El Paso,TX,Post Office or large volume customer,PO BOX,79925
88583,PO boxes,,El Paso,TX,Post Office or large volume customer,PO BOX,79925
88584,PO boxes,,El Paso,TX,Post Office or large volume customer,PO BOX,79925
88585,PO boxes,,El Paso,TX,Post Office or large volume customer,PO BOX,79925
88586,PO boxes,,El Paso,TX,Post Office or large volume customer,PO BOX,79925
88587,PO boxes,,El Paso,TX,Post Office or large volume customer,PO BOX,79925
88588,PO boxes,,El Paso,TX,Post Office or large volume customer,PO BOX,79925
88589,PO boxes,,El Paso,TX,Post Office or large volume customer,PO BOX,79925
88590,PO boxes,,El Paso,TX,Post Office or large volume customer,PO BOX,79925
88595,PO boxes,,El Paso,TX,Post Office or large volume customer,PO BOX,79905
88888,organization,Operation Sc,North Pole,DC,Post Office or large volume customer,UNIQUE,20018
88901,organization,Citibank,The Lakes,NV,Post Office or large volume customer,UNIQUE,89117
88905,organization,Citibank,The Lakes,NV,Post Office or large volume customer,UNIQUE,89117
89006,PO boxes,,Boulder City,NV,Post Office or large volume customer,PO BOX,89005
89009,PO boxes,,Henderson,NV,Post Office or large volume customer,PO BOX,89015
89016,PO boxes,,Henderson,NV,Post Office or large volume customer,PO BOX,89014
89023,PO boxes,,Mercury,NV,Post Office or large volume customer,PO BOX,89060
89024,PO boxes,,Mesquite,NV,Post Office or large volume customer,PO BOX,89027
89028,PO boxes,,Laughlin,NV,Post Office or large volume customer,PO BOX,89029
89033,delivery area,,North Las Vegas,NV,Zip Code Area,STANDARD,89084
89036,PO boxes,,North Las Vegas,NV,Post Office or large volume customer,PO BOX,89030
89037,PO boxes,,Coyote Springs,NV,Post Office or large volume customer,PO BOX,89025
89041,PO boxes,,Pahrump,NV,Post Office or large volume customer,PO BOX,89048
89053,PO boxes,,Henderson,NV,Post Office or large volume customer,PO BOX,89012
89067,other,,Coyote Springs,NV,Post Office or large volume customer,STANDARD,89025
89077,PO boxes,,Henderson,NV,Post Office or large volume customer,PO BOX,89052
89087,other,,North Las Vegas,NV,Post Office or large volume customer,STANDARD,89030
89105,PO boxes,,Las Vegas,NV,Post Office or large volume customer,PO BOX,89123
89111,PO boxes,,Las Vegas,NV,Post Office or large volume customer,PO BOX,89119
89112,PO boxes,,Las Vegas,NV,Post Office or large volume customer,PO BOX,89121
89114,PO boxes,,Las Vegas,NV,Post Office or large volume customer,PO BOX,89102
89116,PO boxes,,Las Vegas,NV,Post Office or large volume customer,PO BOX,89104
89125,PO boxes,,Las Vegas,NV,Post Office or large volume customer,PO BOX,89101
89126,PO boxes,,Las Vegas,NV,Post Office or large volume customer,PO BOX,89102
89127,PO boxes,,Las Vegas,NV,Post Office or large volume customer,PO BOX,89106
89132,PO boxes,,Las Vegas,NV,Post Office or large volume customer,PO BOX,89119
89133,PO boxes,,Las Vegas,NV,Post Office or large volume customer,PO BOX,89128
89136,PO boxes,,Las Vegas,NV,Post Office or large volume customer,PO BOX,89130
89137,PO boxes,,Las Vegas,NV,Post Office or large volume customer,PO BOX,89134
89140,PO boxes,,Las Vegas,NV,Post Office or large volume customer,PO BOX,89113
89150,organization,Sw Gas Co,Las Vegas,NV,Post Office or large volume customer,UNIQUE,89103
89151,organization,Nevada Power,Las Vegas,NV,Post Office or large volume customer,UNIQUE,89146
89152,organization,Embarq Telphone,Las Vegas,NV,Post Office or large volume customer,UNIQUE,89107
89153,organization,Lv Valley Water Co,Las Vegas,NV,Post Office or large volume customer,UNIQUE,89107
89154,PO boxes,,Las Vegas,NV,Zip Code Area,PO BOX,89119
89155,organization,Clark Co Courthouse,Las Vegas,NV,Post Office or large volume customer,UNIQUE,89106
89157,PO boxes,,Las Vegas,NV,Post Office or large volume customer,PO BOX,89108
89159,organization,Shared Firm Zip Code,Las Vegas,NV,Post Office or large volume customer,UNIQUE,89119
89160,PO boxes,,Las Vegas,NV,Post Office or large volume customer,PO BOX,89121
89162,PO boxes,,Las Vegas,NV,Post Office or large volume customer,PO BOX,89142
89163,organization,Citibank,The Lakes,NV,Post Office or large volume customer,UNIQUE,89117
89164,organization,Citibank; The Lakes,Las Vegas,NV,Post Office or large volume customer,UNIQUE,89117
89165,delivery area,,Las Vegas,NV,Zip Code Area,STANDARD,89115
89170,PO boxes,,Las Vegas,NV,Post Office or large volume customer,PO BOX,89119
89173,PO boxes,,Las Vegas,NV,Post Office or large volume customer,PO BOX,89103
89177,organization,Mgm Properties,Las Vegas,NV,Post Office or large volume customer,UNIQUE,89106
89180,PO boxes,,Las Vegas,NV,Post Office or large volume customer,PO BOX,89146
89185,PO boxes,,Las Vegas,NV,Post Office or large volume customer,PO BOX,89104
89193,PO boxes,,Las Vegas,NV,Post Office or large volume customer,PO BOX,89119
89195,business reply mail,Las Vegas Brm,Las Vegas,NV,Post Office or large volume customer,UNIQUE,89119
89199,other,,Las Vegas,NV,Post Office or large volume customer,STANDARD,89119
89407,PO boxes,,Fallon,NV,Post Office or large volume customer,PO BOX,89406
89432,PO boxes,,Sparks,NV,Post Office or large volume customer,PO BOX,89431
89435,PO boxes,,Sparks,NV,Post Office or large volume customer,PO BOX,89434
89452,PO boxes,,Incline Village,NV,Post Office or large volume customer,PO BOX,89451
89504,PO boxes,,Reno,NV,Post Office or large volume customer,PO BOX,89501
89505,PO boxes,,Reno,NV,Post Office or large volume customer,PO BOX,89501
89507,PO boxes,,Reno,NV,Post Office or large volume customer,PO BOX,89503
89513,PO boxes,,Reno,NV,Post Office or large volume customer,PO BOX,89503
89515,PO boxes,,Reno,NV,Post Office or large volume customer,PO BOX,89502
89520,PO boxes,,Reno,NV,Post Office or large volume customer,PO BOX,89503
89533,PO boxes,,Reno,NV,Post Office or large volume customer,PO BOX,89523
89555,organization,Parcel Return Reno,Reno,NV,Post Office or large volume customer,UNIQUE,89502
89570,PO boxes,,Reno,NV,Post Office or large volume customer,PO BOX,89502
89595,organization,Grand Sierra Hotel,Reno,NV,Post Office or large volume customer,UNIQUE,89502
89599,organization,Jc Penney Co,Reno,NV,Post Office or large volume customer,UNIQUE,89506
89702,PO boxes,,Carson City,NV,Post Office or large volume customer,PO BOX,89701
89711,organization,Nevada Motor Vehicle,Carson City,NV,Post Office or large volume customer,UNIQUE,89701
89712,organization,Nevada Highway Dept,Carson City,NV,Post Office or large volume customer,UNIQUE,89701
89713,organization,Nevada Employment Security,Carson City,NV,Post Office or large volume customer,UNIQUE,89701
89714,organization,Nevada Industrial Comm,Carson City,NV,Post Office or large volume customer,UNIQUE,89701
89721,PO boxes,,Carson City,NV,Post Office or large volume customer,PO BOX,89706
89802,PO boxes,,Elko,NV,Post Office or large volume customer,PO BOX,89801
89803,PO boxes,,Elko,NV,Post Office or large volume customer,PO BOX,89801
90009,PO boxes,,Los Angeles,CA,Post Office or large volume customer,PO BOX,90045
90030,PO boxes,,Los Angeles,CA,Post Office or large volume customer,PO BOX,90052
90050,PO boxes,,Los Angeles,CA,Post Office or large volume customer,PO BOX,90042
90051,PO boxes,,Los Angeles,CA,Post Office or large volume customer,PO BOX,90052
90053,PO boxes,,Los Angeles,CA,Post Office or large volume customer,PO BOX,90012
90054,PO boxes,,Los Angeles,CA,Post Office or large volume customer,PO BOX,90052
90055,PO boxes,,Los Angeles,CA,Post Office or large volume customer,PO BOX,90015
90060,PO boxes,,Los Angeles,CA,Post Office or large volume customer,PO BOX,90052
90070,PO boxes,,Los Angeles,CA,Post Office or large volume customer,PO BOX,90020
90072,PO boxes,,Los Angeles,CA,Post Office or large volume customer,PO BOX,90028
90074,organization,Bank Of America,Los Angeles,CA,Post Office or large volume customer,UNIQUE,90071
90075,PO boxes,,Los Angeles,CA,Post Office or large volume customer,PO BOX,90020
90076,PO boxes,,Los Angeles,CA,Post Office or large volume customer,PO BOX,90020
90078,PO boxes,,Los Angeles,CA,Post Office or large volume customer,PO BOX,90028
90080,PO boxes,,Los Angeles,CA,Post Office or large volume customer,PO BOX,90045
90081,PO boxes,,Los Angeles,CA,Post Office or large volume customer,PO BOX,90017
90082,PO boxes,,Los Angeles,CA,Post Office or large volume customer,PO BOX,90037
90083,PO boxes,,Los Angeles,CA,Post Office or large volume customer,PO BOX,90045
90084,organization,Wells Fargo,Los Angeles,CA,Post Office or large volume customer,UNIQUE,90017
90086,PO boxes,,Los Angeles,CA,Post Office or large volume customer,PO BOX,90012
90087,PO boxes,,Los Angeles,CA,Post Office or large volume customer,PO BOX,90052
90088,organization,Wells Fargo,Los Angeles,CA,Post Office or large volume customer,UNIQUE,90017
90091,PO boxes,,Los Angeles,CA,Post Office or large volume customer,PO BOX,90040
90093,PO boxes,,Los Angeles,CA,Post Office or large volume customer,PO BOX,90028
90096,organization,Shared Firm Zip Code,Los Angeles,CA,Post Office or large volume customer,UNIQUE,90017
90099,organization,Bar Code Term Annex; Los Angeles Brm,Los Angeles,CA,Post Office or large volume customer,UNIQUE,90052
90134,other,,Los Angeles,CA,Post Office or large volume customer,STANDARD,90232
90189,organization,Citibank; First Data Remitco,Los Angeles,CA,Post Office or large volume customer,UNIQUE,90045
90202,PO boxes,,Bell,CA,Post Office or large volume customer,PO BOX,90201
90209,PO boxes,,Beverly Hills,CA,Post Office or large volume customer,PO BOX,90210
90213,PO boxes,,Beverly Hills,CA,Post Office or large volume customer,PO BOX,90210
90223,PO boxes,,Compton,CA,Post Office or large volume customer,PO BOX,90220
90224,PO boxes,,Compton,CA,Post Office or large volume customer,PO BOX,90221
90231,PO boxes,,Culver City,CA,Post Office or large volume customer,PO BOX,90230
90239,PO boxes,,Downey,CA,Post Office or large volume customer,PO BOX,90241
90251,PO boxes,,Hawthorne,CA,Post Office or large volume customer,PO BOX,90250
90261,other,,Lawndale,CA,Post Office or large volume customer,STANDARD,90250
90264,PO boxes,,Malibu,CA,Post Office or large volume customer,PO BOX,90265
90267,PO boxes,,Manhattan Beach,CA,Post Office or large volume customer,PO BOX,90266
90294,PO boxes,,Venice,CA,Post Office or large volume customer,PO BOX,90291
90295,PO boxes,,Marina del Rey,CA,Post Office or large volume customer,PO BOX,90292
90296,PO boxes,,Playa del Rey,CA,Post Office or large volume customer,PO BOX,90293
90306,PO boxes,,Inglewood,CA,Post Office or large volume customer,PO BOX,90301
90307,PO boxes,,Inglewood,CA,Post Office or large volume customer,PO BOX,90301
90308,PO boxes,,Inglewood,CA,Post Office or large volume customer,PO BOX,90301
90309,PO boxes,,Inglewood,CA,Post Office or large volume customer,PO BOX,90301
90310,PO boxes,,Inglewood,CA,Post Office or large volume customer,PO BOX,90303
90311,other,,Inglewood,CA,Post Office or large volume customer,STANDARD,90094
90312,PO boxes,,Inglewood,CA,Post Office or large volume customer,PO BOX,90094
90406,PO boxes,,Santa Monica,CA,Post Office or large volume customer,PO BOX,90401
90407,PO boxes,,Santa Monica,CA,Post Office or large volume customer,PO BOX,90401
90408,PO boxes,,Santa Monica,CA,Post Office or large volume customer,PO BOX,90404
90409,PO boxes,,Santa Monica,CA,Post Office or large volume customer,PO BOX,90405
90410,PO boxes,,Santa Monica,CA,Post Office or large volume customer,PO BOX,90404
90411,PO boxes,,Santa Monica,CA,Post Office or large volume customer,PO BOX,90404
90507,PO boxes,,Torrance,CA,Post Office or large volume customer,PO BOX,90501
90508,PO boxes,,Torrance,CA,Post Office or large volume customer,PO BOX,90501
90509,PO boxes,,Torrance,CA,Post Office or large volume customer,PO BOX,90501
90510,PO boxes,,Torrance,CA,Post Office or large volume customer,PO BOX,90501
90607,PO boxes,,Whittier,CA,Post Office or large volume customer,PO BOX,90605
90608,PO boxes,,Whittier,CA,Post Office or large volume customer,PO BOX,90601
90609,PO boxes,,Whittier,CA,Post Office or large volume customer,PO BOX,90603
90610,PO boxes,,Whittier,CA,Post Office or large volume customer,PO BOX,90606
90622,PO boxes,,Buena Park,CA,Post Office or large volume customer,PO BOX,90620
90624,PO boxes,,Buena Park,CA,Post Office or large volume customer,PO BOX,90621
90632,PO boxes,,La Habra,CA,Post Office or large volume customer,PO BOX,90631
90633,PO boxes,,La Habra,CA,Post Office or large volume customer,PO BOX,90631
90637,PO boxes,,La Mirada,CA,Post Office or large volume customer,PO BOX,90638
90651,PO boxes,,Norwalk,CA,Post Office or large volume customer,PO BOX,90650
90652,PO boxes,,Norwalk,CA,Post Office or large volume customer,PO BOX,90650
90661,PO boxes,,Pico Rivera,CA,Post Office or large volume customer,PO BOX,90660
90662,PO boxes,,Pico Rivera,CA,Post Office or large volume customer,PO BOX,90660
90671,PO boxes,,Santa Fe Springs,CA,Post Office or large volume customer,PO BOX,90670
90702,PO boxes,,Artesia,CA,Post Office or large volume customer,PO BOX,90701
90707,PO boxes,,Bellflower,CA,Post Office or large volume customer,PO BOX,90706
90711,PO boxes,,Lakewood,CA,Post Office or large volume customer,PO BOX,90712
90714,PO boxes,,Lakewood,CA,Post Office or large volume customer,PO BOX,90712
90721,PO boxes,,Los Alamitos,CA,Post Office or large volume customer,PO BOX,90720
90733,PO boxes,,San Pedro,CA,Post Office or large volume customer,PO BOX,90731
90734,PO boxes,,San Pedro,CA,Post Office or large volume customer,PO BOX,90275
90748,PO boxes,,Wilmington,CA,Post Office or large volume customer,PO BOX,90744
90749,PO boxes,,Carson,CA,Post Office or large volume customer,PO BOX,90745
90801,PO boxes,,Long Beach,CA,Post Office or large volume customer,PO BOX,90802
90809,PO boxes,,Long Beach,CA,Post Office or large volume customer,PO BOX,90815
90832,PO boxes,,Long Beach,CA,Post Office or large volume customer,PO BOX,90831
90833,other,,Long Beach,CA,Post Office or large volume customer,STANDARD,90802
90842,organization,Department Of Gas & Water,Long Beach,CA,Post Office or large volume customer,UNIQUE,90807
90844,organization,Press Telegram,Long Beach,CA,Post Office or large volume customer,UNIQUE,90802
90846,organization,Boeing,Long Beach,CA,Post Office or large volume customer,UNIQUE,90808
90847,organization,Aarp,Long Beach,CA,Post Office or large volume customer,UNIQUE,90807
90848,organization,Aarp; Aarp Pharmacy,Long Beach,CA,Post Office or large volume customer,UNIQUE,90807
90853,PO boxes,,Long Beach,CA,Post Office or large volume customer,PO BOX,90803
90895,organization,Lakeshore Learning,Carson,CA,Post Office or large volume customer,UNIQUE,90810
91003,PO boxes,,Altadena,CA,Post Office or large volume customer,PO BOX,91001
91009,PO boxes,,Duarte,CA,Post Office or large volume customer,PO BOX,91010
91012,PO boxes,,La Canada Flintridge,CA,Post Office or large volume customer,PO BOX,91011
91017,PO boxes,,Monrovia,CA,Post Office or large volume customer,PO BOX,91016
91021,PO boxes,,Montrose,CA,Post Office or large volume customer,PO BOX,91020
91023,PO boxes,,Mount Wilson,CA,Post Office or large volume customer,PO BOX,93550
91025,PO boxes,,Sierra Madre,CA,Post Office or large volume customer,PO BOX,91024
91031,PO boxes,,South Pasadena,CA,Post Office or large volume customer,PO BOX,91030
91041,PO boxes,,Sunland,CA,Post Office or large volume customer,PO BOX,91040
91043,PO boxes,,Tujunga,CA,Post Office or large volume customer,PO BOX,91042
91066,PO boxes,,Arcadia,CA,Post Office or large volume customer,PO BOX,91006
91077,PO boxes,,Arcadia,CA,Post Office or large volume customer,PO BOX,91007
91102,PO boxes,,Pasadena,CA,Post Office or large volume customer,PO BOX,91101
91109,PO boxes,,Pasadena,CA,Post Office or large volume customer,PO BOX,91103
91110,organization,Shared Firm Zip Code,Pasadena,CA,Post Office or large volume customer,UNIQUE,91103
91114,PO boxes,,Pasadena,CA,Post Office or large volume customer,PO BOX,91103
91115,PO boxes,,Pasadena,CA,Post Office or large volume customer,PO BOX,91105
91116,PO boxes,,Pasadena,CA,Post Office or large volume customer,PO BOX,91106
91117,PO boxes,,Pasadena,CA,Post Office or large volume customer,PO BOX,91107
91118,PO boxes,,San Marino,CA,Post Office or large volume customer,PO BOX,91108
91121,organization,Avon Products,Pasadena,CA,Post Office or large volume customer,UNIQUE,91107
91123,organization,Ambassador College,Pasadena,CA,Zip Code Area,UNIQUE,91105
91124,organization,Ralph M Parsons Co,Pasadena,CA,Post Office or large volume customer,UNIQUE,91103
91126,organization,Cal Tech,Pasadena,CA,Post Office or large volume customer,UNIQUE,91125
91129,organization,Ambassador I C Foundation,Pasadena,CA,Post Office or large volume customer,UNIQUE,91105
91182,organization,Fuller Theological Seminary,Pasadena,CA,Post Office or large volume customer,UNIQUE,91101
91184,organization,Tournament Of Roses Assoc,Pasadena,CA,Post Office or large volume customer,UNIQUE,91105
91185,organization,Mellon Regional Lockbox Netw,Pasadena,CA,Post Office or large volume customer,UNIQUE,91801
91188,organization,Kaiser Foundation Health,Pasadena,CA,Post Office or large volume customer,UNIQUE,91101
91189,organization,J P Morgan,Pasadena,CA,Post Office or large volume customer,UNIQUE,91105
91199,organization,City National Bank,Pasadena,CA,Post Office or large volume customer,UNIQUE,91101
91209,PO boxes,,Glendale,CA,Post Office or large volume customer,PO BOX,91205
91221,PO boxes,,Glendale,CA,Post Office or large volume customer,PO BOX,91201
91222,PO boxes,,Glendale,CA,Post Office or large volume customer,PO BOX,91202
91224,PO boxes,,La Crescenta,CA,Post Office or large volume customer,PO BOX,91214
91225,PO boxes,,Glendale,CA,Post Office or large volume customer,PO BOX,91205
91226,PO boxes,,Glendale,CA,Post Office or large volume customer,PO BOX,91205
91305,PO boxes,,Canoga Park,CA,Post Office or large volume customer,PO BOX,91303
91308,PO boxes,,West Hills,CA,Post Office or large volume customer,PO BOX,91307
91309,PO boxes,,Canoga Park,CA,Post Office or large volume customer,PO BOX,91304
91310,PO boxes,,Castaic,CA,Post Office or large volume customer,PO BOX,91355
91313,PO boxes,,Chatsworth,CA,Post Office or large volume customer,PO BOX,91311
91319,PO boxes,,Newbury Park,CA,Post Office or large volume customer,PO BOX,91320
91322,PO boxes,,Newhall,CA,Post Office or large volume customer,PO BOX,91321
91327,PO boxes,,Northridge,CA,Post Office or large volume customer,PO BOX,91326
91328,PO boxes,,Northridge,CA,Post Office or large volume customer,PO BOX,91325
91329,organization,J B Lansing Co,Northridge,CA,Post Office or large volume customer,UNIQUE,91343
91333,PO boxes,,Pacoima,CA,Post Office or large volume customer,PO BOX,91331
91334,PO boxes,,Pacoima,CA,Post Office or large volume customer,PO BOX,91331
91337,PO boxes,,Reseda,CA,Post Office or large volume customer,PO BOX,91335
91341,PO boxes,,San Fernando,CA,Post Office or large volume customer,PO BOX,91340
91346,PO boxes,,Mission Hills,CA,Post Office or large volume customer,PO BOX,91345
91353,PO boxes,,Sun Valley,CA,Post Office or large volume customer,PO BOX,91352
91357,PO boxes,,Tarzana,CA,Post Office or large volume customer,PO BOX,91356
91358,PO boxes,,Thousand Oaks,CA,Post Office or large volume customer,PO BOX,91360
91359,PO boxes,,Westlake Village,CA,Post Office or large volume customer,PO BOX,91362
91365,PO boxes,,Woodland Hills,CA,Post Office or large volume customer,PO BOX,91367
91372,PO boxes,,Calabasas,CA,Post Office or large volume customer,PO BOX,91302
91376,PO boxes,,Agoura Hills,CA,Post Office or large volume customer,PO BOX,91301
91380,PO boxes,,Santa Clarita,CA,Post Office or large volume customer,PO BOX,91355
91382,other,,Santa Clarita,CA,Post Office or large volume customer,STANDARD,91381
91383,other,,Santa Clarita,CA,Post Office or large volume customer,STANDARD,91355
91385,PO boxes,,Valencia,CA,Post Office or large volume customer,PO BOX,91355
91386,PO boxes,,Canyon Country,CA,Post Office or large volume customer,PO BOX,91387
91392,PO boxes,,Sylmar,CA,Post Office or large volume customer,PO BOX,91342
91393,PO boxes,,North Hills,CA,Post Office or large volume customer,PO BOX,91343
91394,PO boxes,,Granada Hills,CA,Post Office or large volume customer,PO BOX,91344
91395,PO boxes,,Mission Hills,CA,Post Office or large volume customer,PO BOX,91345
91396,PO boxes,,Winnetka,CA,Post Office or large volume customer,PO BOX,91306
91404,PO boxes,,Van Nuys,CA,Post Office or large volume customer,PO BOX,91401
91407,PO boxes,,Van Nuys,CA,Post Office or large volume customer,PO BOX,91401
91408,PO boxes,,Van Nuys,CA,Post Office or large volume customer,PO BOX,91401
91409,PO boxes,,Van Nuys,CA,Post Office or large volume customer,PO BOX,91406
91410,PO boxes,,Van Nuys,CA,Post Office or large volume customer,PO BOX,91406
91412,PO boxes,,Panorama City,CA,Post Office or large volume customer,PO BOX,91402
91413,PO boxes,,Sherman Oaks,CA,Post Office or large volume customer,PO BOX,91403
91416,PO boxes,,Encino,CA,Post Office or large volume customer,PO BOX,91316
91426,PO boxes,,Encino,CA,Post Office or large volume customer,PO BOX,91436
91470,organization,Blue Cross Of So Calif,Van Nuys,CA,Post Office or large volume customer,UNIQUE,91406
91482,organization,Deluxe Check,Van Nuys,CA,Post Office or large volume customer,UNIQUE,91406
91495,organization,Us Purchasing Exchange,Sherman Oaks,CA,Post Office or large volume customer,UNIQUE,91403
91496,organization,Us Purchasing Exchange,Van Nuys,CA,Post Office or large volume customer,UNIQUE,91403
91499,business reply mail,Van Nuys Brm,Van Nuys,CA,Post Office or large volume customer,UNIQUE,91405
91503,PO boxes,,Burbank,CA,Post Office or large volume customer,PO BOX,91502
91507,PO boxes,,Burbank,CA,Post Office or large volume customer,PO BOX,91505
91508,PO boxes,,Burbank,CA,Post Office or large volume customer,PO BOX,91504
91510,PO boxes,,Burbank,CA,Post Office or large volume customer,PO BOX,91505
91521,organization,Disney Productions,Burbank,CA,Zip Code Area,UNIQUE,91505
91522,organization,Burbank Studios,Burbank,CA,Zip Code Area,UNIQUE,91505
91523,organization,Nbc Tv Network,Burbank,CA,Zip Code Area,UNIQUE,91505
91526,organization,Walt Disney Co,Burbank,CA,Post Office or large volume customer,UNIQUE,91505
91603,PO boxes,,North Hollywood,CA,Post Office or large volume customer,PO BOX,91601
91609,PO boxes,,North Hollywood,CA,Post Office or large volume customer,PO BOX,91606
91610,PO boxes,,Toluca Lake,CA,Post Office or large volume customer,PO BOX,91602
91611,organization,Us Purchasing Exchange,North Hollywood,CA,Post Office or large volume customer,UNIQUE,91606
91612,organization,Us Purchasing Exchange,North Hollywood,CA,Post Office or large volume customer,UNIQUE,91606
91614,PO boxes,,Studio City,CA,Post Office or large volume customer,PO BOX,91604
91615,PO boxes,,North Hollywood,CA,Post Office or large volume customer,PO BOX,91605
91616,PO boxes,,North Hollywood,CA,Post Office or large volume customer,PO BOX,91606
91617,PO boxes,,Valley Village,CA,Post Office or large volume customer,PO BOX,91607
91618,PO boxes,,North Hollywood,CA,Post Office or large volume customer,PO BOX,91608
91714,PO boxes,,City of Industry,CA,Post Office or large volume customer,PO BOX,91745
91715,PO boxes,,City of Industry,CA,Post Office or large volume customer,PO BOX,91745
91716,PO boxes,,City of Industry,CA,Post Office or large volume customer,PO BOX,91745
91729,PO boxes,,Rancho Cucamonga,CA,Post Office or large volume customer,PO BOX,91730
91734,PO boxes,,El Monte,CA,Post Office or large volume customer,PO BOX,91731
91735,organization,Wells Fargo Bank,El Monte,CA,Post Office or large volume customer,UNIQUE,91731
91743,PO boxes,,Guasti,CA,Post Office or large volume customer,PO BOX,91761
91747,PO boxes,,La Puente,CA,Post Office or large volume customer,PO BOX,91744
91749,PO boxes,,La Puente,CA,Post Office or large volume customer,PO BOX,91745
91756,organization,Mont Park; Mont Pk; Monterey Pk; Southern California Gas Co,Monterey Park,CA,Post Office or large volume customer,UNIQUE,91754
91758,other,,Ontario,CA,Post Office or large volume customer,STANDARD,91761
91769,PO boxes,,Pomona,CA,Post Office or large volume customer,PO BOX,91768
91771,organization,So Cal Edison Co,Rosemead,CA,Post Office or large volume customer,UNIQUE,91770
91772,organization,So Cal Edison Co,Rosemead,CA,Post Office or large volume customer,UNIQUE,91770
91778,PO boxes,,San Gabriel,CA,Post Office or large volume customer,PO BOX,91776
91785,PO boxes,,Upland,CA,Post Office or large volume customer,PO BOX,91786
91788,PO boxes,,Walnut,CA,Post Office or large volume customer,PO BOX,91789
91793,PO boxes,,West Covina,CA,Post Office or large volume customer,PO BOX,91790
91802,PO boxes,,Alhambra,CA,Post Office or large volume customer,PO BOX,91801
91804,other,,Alhambra,CA,Post Office or large volume customer,STANDARD,91801
91896,PO boxes,,Alhambra,CA,Post Office or large volume customer,PO BOX,91801
91899,PO boxes,,Alhambra,CA,Post Office or large volume customer,PO BOX,91801
91903,PO boxes,,Alpine,CA,Post Office or large volume customer,PO BOX,91901
91908,PO boxes,,Bonita,CA,Post Office or large volume customer,PO BOX,91902
91909,PO boxes,,Chula Vista,CA,Post Office or large volume customer,PO BOX,91911
91912,PO boxes,,Chula Vista,CA,Post Office or large volume customer,PO BOX,91910
91921,PO boxes,,Chula Vista,CA,Post Office or large volume customer,PO BOX,91914
91933,PO boxes,,Imperial Beach,CA,Post Office or large volume customer,PO BOX,91932
91943,PO boxes,,La Mesa,CA,Post Office or large volume customer,PO BOX,91942
91944,PO boxes,,La Mesa,CA,Post Office or large volume customer,PO BOX,91942
91946,PO boxes,,Lemon Grove,CA,Post Office or large volume customer,PO BOX,91945
91951,PO boxes,,National City,CA,Post Office or large volume customer,PO BOX,91950
91976,PO boxes,,Spring Valley,CA,Post Office or large volume customer,PO BOX,91977
91979,PO boxes,,Spring Valley,CA,Post Office or large volume customer,PO BOX,91977
91987,organization,Tk Manufacturing,Tecate,CA,Post Office or large volume customer,UNIQUE,91917
92013,PO boxes,,Carlsbad,CA,Post Office or large volume customer,PO BOX,92011
92018,PO boxes,,Carlsbad,CA,Post Office or large volume customer,PO BOX,92008
92022,PO boxes,,El Cajon,CA,Post Office or large volume customer,PO BOX,92020
92023,PO boxes,,Encinitas,CA,Post Office or large volume customer,PO BOX,92024
92030,PO boxes,,Escondido,CA,Post Office or large volume customer,PO BOX,92027
92033,PO boxes,,Escondido,CA,Post Office or large volume customer,PO BOX,92025
92038,PO boxes,,La Jolla,CA,Post Office or large volume customer,PO BOX,92037
92039,PO boxes,,La Jolla,CA,Post Office or large volume customer,PO BOX,92037
92046,PO boxes,,Escondido,CA,Post Office or large volume customer,PO BOX,92025
92049,PO boxes,,Oceanside,CA,Post Office or large volume customer,PO BOX,92054
92051,PO boxes,,Oceanside,CA,Post Office or large volume customer,PO BOX,92054
92052,PO boxes,,Oceanside,CA,Post Office or large volume customer,PO BOX,92056
92068,PO boxes,,San Luis Rey,CA,Post Office or large volume customer,PO BOX,92058
92072,PO boxes,,Santee,CA,Post Office or large volume customer,PO BOX,92071
92074,PO boxes,,Poway,CA,Post Office or large volume customer,PO BOX,92064
92079,PO boxes,,San Marcos,CA,Post Office or large volume customer,PO BOX,92069
92085,PO boxes,,Vista,CA,Post Office or large volume customer,PO BOX,92083
92088,PO boxes,,Fallbrook,CA,Post Office or large volume customer,PO BOX,92028
92112,PO boxes,,San Diego,CA,Post Office or large volume customer,PO BOX,92101
92137,PO boxes,,San Diego,CA,Post Office or large volume customer,PO BOX,92110
92138,PO boxes,,San Diego,CA,Post Office or large volume customer,PO BOX,92110
92142,PO boxes,,San Diego,CA,Post Office or large volume customer,PO BOX,92124
92143,PO boxes,,San Ysidro,CA,Post Office or large volume customer,PO BOX,92173
92149,PO boxes,,San Diego,CA,Post Office or large volume customer,PO BOX,92139
92150,PO boxes,,San Diego,CA,Post Office or large volume customer,PO BOX,92128
92152,organization,Spawars System Center,San Diego,CA,Zip Code Area,UNIQUE,92106
92153,PO boxes,,San Diego,CA,Post Office or large volume customer,PO BOX,92154
92158,organization,San Diego County Jail,San Diego,CA,Post Office or large volume customer,UNIQUE,92154
92159,PO boxes,,San Diego,CA,Post Office or large volume customer,PO BOX,92119
92160,PO boxes,,San Diego,CA,Post Office or large volume customer,PO BOX,92120
92163,PO boxes,,San Diego,CA,Post Office or large volume customer,PO BOX,92103
92165,PO boxes,,San Diego,CA,Post Office or large volume customer,PO BOX,92105
92166,PO boxes,,San Diego,CA,Post Office or large volume customer,PO BOX,92106
92167,PO boxes,,San Diego,CA,Post Office or large volume customer,PO BOX,92107
92168,PO boxes,,San Diego,CA,Post Office or large volume customer,PO BOX,92108
92169,PO boxes,,San Diego,CA,Post Office or large volume customer,PO BOX,92109
92170,PO boxes,,San Diego,CA,Post Office or large volume customer,PO BOX,92113
92171,PO boxes,,San Diego,CA,Post Office or large volume customer,PO BOX,92111
92172,PO boxes,,San Diego,CA,Post Office or large volume customer,PO BOX,92129
92174,PO boxes,,San Diego,CA,Post Office or large volume customer,PO BOX,92114
92175,PO boxes,,San Diego,CA,Post Office or large volume customer,PO BOX,92115
92176,PO boxes,,San Diego,CA,Post Office or large volume customer,PO BOX,92116
92177,PO boxes,,San Diego,CA,Post Office or large volume customer,PO BOX,92117
92178,PO boxes,,Coronado,CA,Post Office or large volume customer,PO BOX,92118
92186,PO boxes,,San Diego,CA,Post Office or large volume customer,PO BOX,92110
92187,organization,San Diego Water Utilities,San Diego,CA,Post Office or large volume customer,UNIQUE,92101
92191,PO boxes,,San Diego,CA,Post Office or large volume customer,PO BOX,92121
92192,PO boxes,,San Diego,CA,Post Office or large volume customer,PO BOX,92122
92193,PO boxes,,San Diego,CA,Post Office or large volume customer,PO BOX,92123
92195,PO boxes,,San Diego,CA,Post Office or large volume customer,PO BOX,92115
92196,PO boxes,,San Diego,CA,Post Office or large volume customer,PO BOX,92126
92197,PO boxes,,San Diego,CA,Post Office or large volume customer,PO BOX,92128
92198,PO boxes,,San Diego,CA,Post Office or large volume customer,PO BOX,92128
92199,other,,San Diego,CA,Post Office or large volume customer,STANDARD,92128
92202,PO boxes,,Indio,CA,Post Office or large volume customer,PO BOX,92201
92226,PO boxes,,Blythe,CA,Post Office or large volume customer,PO BOX,92225
92232,PO boxes,,Calexico,CA,Post Office or large volume customer,PO BOX,92231
92235,PO boxes,,Cathedral City,CA,Post Office or large volume customer,PO BOX,92234
92244,PO boxes,,El Centro,CA,Post Office or large volume customer,PO BOX,92243
92247,PO boxes,,La Quinta,CA,Post Office or large volume customer,PO BOX,92253
92248,PO boxes,,La Quinta,CA,Post Office or large volume customer,PO BOX,92253
92255,PO boxes,,Palm Desert,CA,Post Office or large volume customer,PO BOX,92260
92261,PO boxes,,Palm Desert,CA,Post Office or large volume customer,PO BOX,92260
92263,PO boxes,,Palm Springs,CA,Post Office or large volume customer,PO BOX,92262
92286,PO boxes,,Yucca Valley,CA,Post Office or large volume customer,PO BOX,92284
92312,PO boxes,,Barstow,CA,Post Office or large volume customer,PO BOX,92311
92318,delivery area,,Bryn Mawr,CA,Zip Code Area,STANDARD,92354
92323,other,,Cima,CA,Post Office or large volume customer,STANDARD,92364
92329,PO boxes,,Phelan,CA,Post Office or large volume customer,PO BOX,92371
92331,PO boxes,,Fontana,CA,Post Office or large volume customer,PO BOX,92337
92334,PO boxes,,Fontana,CA,Post Office or large volume customer,PO BOX,92335
92340,PO boxes,,Hesperia,CA,Post Office or large volume customer,PO BOX,92345
92357,organization,Veterans Hospital,Loma Linda,CA,Post Office or large volume customer,UNIQUE,92354
92366,other,,Mountain Pass,CA,Post Office or large volume customer,STANDARD,92364
92375,PO boxes,,Redlands,CA,Post Office or large volume customer,PO BOX,92373
92393,PO boxes,,Victorville,CA,Post Office or large volume customer,PO BOX,92395
92402,PO boxes,,San Bernardino,CA,Post Office or large volume customer,PO BOX,92401
92403,other,,San Bernardino,CA,Post Office or large volume customer,STANDARD,92401
92406,PO boxes,,San Bernardino,CA,Post Office or large volume customer,PO BOX,92405
92413,PO boxes,,San Bernardino,CA,Post Office or large volume customer,PO BOX,92404
92418,organization,City Hall,San Bernardino,CA,Post Office or large volume customer,UNIQUE,92401
92423,PO boxes,,San Bernardino,CA,Post Office or large volume customer,PO BOX,92408
92427,PO boxes,,San Bernardino,CA,Post Office or large volume customer,PO BOX,92407
92502,PO boxes,,Riverside,CA,Post Office or large volume customer,PO BOX,92501
92513,PO boxes,,Riverside,CA,Post Office or large volume customer,PO BOX,92503
92514,PO boxes,,Riverside,CA,Post Office or large volume customer,PO BOX,92504
92516,PO boxes,,Riverside,CA,Post Office or large volume customer,PO BOX,92506
92517,PO boxes,,Riverside,CA,Post Office or large volume customer,PO BOX,92507
92519,PO boxes,,Riverside,CA,Post Office or large volume customer,PO BOX,92509
92522,organization,City Of Riverside,Riverside,CA,Post Office or large volume customer,UNIQUE,92501
92531,PO boxes,,Lake Elsinore,CA,Post Office or large volume customer,PO BOX,92530
92546,PO boxes,,Hemet,CA,Post Office or large volume customer,PO BOX,92543
92552,PO boxes,,Moreno Valley,CA,Post Office or large volume customer,PO BOX,92553
92554,PO boxes,,Moreno Valley,CA,Post Office or large volume customer,PO BOX,92553
92556,PO boxes,,Moreno Valley,CA,Post Office or large volume customer,PO BOX,92553
92564,PO boxes,,Murrieta,CA,Post Office or large volume customer,PO BOX,92562
92572,PO boxes,,Perris,CA,Post Office or large volume customer,PO BOX,92570
92581,PO boxes,,San Jacinto,CA,Post Office or large volume customer,PO BOX,92583
92589,PO boxes,,Temecula,CA,Post Office or large volume customer,PO BOX,92592
92593,PO boxes,,Temecula,CA,Post Office or large volume customer,PO BOX,92590
92599,organization,Starcrest Of Cal,Perris,CA,Post Office or large volume customer,UNIQUE,92571
92605,PO boxes,,Huntington Beach,CA,Post Office or large volume customer,PO BOX,92647
92607,PO boxes,,Laguna Niguel,CA,Post Office or large volume customer,PO BOX,92677
92609,PO boxes,,El Toro,CA,Post Office or large volume customer,PO BOX,92630
92615,PO boxes,,Huntington Beach,CA,Post Office or large volume customer,PO BOX,92646
92616,PO boxes,,Irvine,CA,Post Office or large volume customer,PO BOX,92612
92619,PO boxes,,Irvine,CA,Post Office or large volume customer,PO BOX,92618
92623,PO boxes,,Irvine,CA,Post Office or large volume customer,PO BOX,92614
92628,PO boxes,,Costa Mesa,CA,Post Office or large volume customer,PO BOX,92626
92650,PO boxes,,East Irvine,CA,Post Office or large volume customer,PO BOX,92618
92652,PO boxes,,Laguna Beach,CA,Post Office or large volume customer,PO BOX,92651
92654,PO boxes,,Laguna Hills,CA,Post Office or large volume customer,PO BOX,92653
92658,PO boxes,,Newport Beach,CA,Post Office or large volume customer,PO BOX,92660
92659,PO boxes,,Newport Beach,CA,Post Office or large volume customer,PO BOX,92663
92674,PO boxes,,San Clemente,CA,Post Office or large volume customer,PO BOX,92672
92684,PO boxes,,Westminster,CA,Post Office or large volume customer,PO BOX,92683
92685,PO boxes,,Westminster,CA,Post Office or large volume customer,PO BOX,92683
92690,PO boxes,,Mission Viejo,CA,Post Office or large volume customer,PO BOX,92691
92693,PO boxes,,San Juan Capistrano,CA,Post Office or large volume customer,PO BOX,92675
92698,organization,Fluor Corp,Aliso Viejo,CA,Post Office or large volume customer,UNIQUE,92656
92702,PO boxes,,Santa Ana,CA,Post Office or large volume customer,PO BOX,92701
92711,PO boxes,,Santa Ana,CA,Post Office or large volume customer,PO BOX,92705
92712,PO boxes,,Santa Ana,CA,Post Office or large volume customer,PO BOX,92701
92728,PO boxes,,Fountain Valley,CA,Post Office or large volume customer,PO BOX,92708
92735,PO boxes,,Santa Ana,CA,Post Office or large volume customer,PO BOX,92705
92781,PO boxes,,Tustin,CA,Post Office or large volume customer,PO BOX,92780
92799,other,,Santa Ana,CA,Post Office or large volume customer,STANDARD,92704
92803,PO boxes,,Anaheim,CA,Post Office or large volume customer,PO BOX,92801
92809,other,,Anaheim,CA,Post Office or large volume customer,STANDARD,92808
92811,PO boxes,,Atwood,CA,Post Office or large volume customer,PO BOX,92870
92812,PO boxes,,Anaheim,CA,Post Office or large volume customer,PO BOX,92802
92814,PO boxes,,Anaheim,CA,Post Office or large volume customer,PO BOX,92804
92815,PO boxes,,Anaheim,CA,Post Office or large volume customer,PO BOX,92805
92816,PO boxes,,Anaheim,CA,Post Office or large volume customer,PO BOX,92806
92817,PO boxes,,Anaheim,CA,Post Office or large volume customer,PO BOX,92807
92822,PO boxes,,Brea,CA,Post Office or large volume customer,PO BOX,92821
92825,PO boxes,,Anaheim,CA,Post Office or large volume customer,PO BOX,92805
92834,PO boxes,,Fullerton,CA,Post Office or large volume customer,PO BOX,92831
92836,PO boxes,,Fullerton,CA,Post Office or large volume customer,PO BOX,92832
92837,PO boxes,,Fullerton,CA,Post Office or large volume customer,PO BOX,92833
92838,PO boxes,,Fullerton,CA,Post Office or large volume customer,PO BOX,92835
92842,PO boxes,,Garden Grove,CA,Post Office or large volume customer,PO BOX,92840
92846,PO boxes,,Garden Grove,CA,Post Office or large volume customer,PO BOX,92845
92850,organization,Household Finance,Anaheim,CA,Post Office or large volume customer,UNIQUE,92801
92856,PO boxes,,Orange,CA,Post Office or large volume customer,PO BOX,92866
92857,PO boxes,,Orange,CA,Post Office or large volume customer,PO BOX,92865
92859,PO boxes,,Orange,CA,Post Office or large volume customer,PO BOX,92869
92862,other,,Orange,CA,Post Office or large volume customer,STANDARD,92869
92863,PO boxes,,Orange,CA,Post Office or large volume customer,PO BOX,92867
92864,PO boxes,,Orange,CA,Post Office or large volume customer,PO BOX,92867
92871,PO boxes,,Placentia,CA,Post Office or large volume customer,PO BOX,92870
92877,PO boxes,,Corona,CA,Post Office or large volume customer,PO BOX,92881
92878,delivery area,,Corona,CA,Zip Code Area,STANDARD,92880
92885,PO boxes,,Yorba Linda,CA,Post Office or large volume customer,PO BOX,92886
92899,other,,Anaheim,CA,Post Office or large volume customer,STANDARD,92807
93002,PO boxes,,Ventura,CA,Post Office or large volume customer,PO BOX,93001
93005,PO boxes,,Ventura,CA,Post Office or large volume customer,PO BOX,93003
93006,PO boxes,,Ventura,CA,Post Office or large volume customer,PO BOX,93003
93007,PO boxes,,Ventura,CA,Post Office or large volume customer,PO BOX,93004
93009,organization,Ventura County Gov,Ventura,CA,Post Office or large volume customer,UNIQUE,93003
93011,PO boxes,,Camarillo,CA,Post Office or large volume customer,PO BOX,93010
93014,PO boxes,,Carpinteria,CA,Post Office or large volume customer,PO BOX,93013
93016,PO boxes,,Fillmore,CA,Post Office or large volume customer,PO BOX,93015
93020,PO boxes,,Moorpark,CA,Post Office or large volume customer,PO BOX,93021
93024,PO boxes,,Ojai,CA,Post Office or large volume customer,PO BOX,93023
93031,PO boxes,,Oxnard,CA,Post Office or large volume customer,PO BOX,93036
93032,PO boxes,,Oxnard,CA,Post Office or large volume customer,PO BOX,93030
93034,PO boxes,,Oxnard,CA,Post Office or large volume customer,PO BOX,93033
93044,PO boxes,,Port Hueneme,CA,Post Office or large volume customer,PO BOX,93041
93061,PO boxes,,Santa Paula,CA,Post Office or large volume customer,PO BOX,93060
93062,PO boxes,,Simi Valley,CA,Post Office or large volume customer,PO BOX,93065
93094,PO boxes,,Simi Valley,CA,Post Office or large volume customer,PO BOX,93065
93099,organization,Farmers Insurance,Simi Valley,CA,Post Office or large volume customer,UNIQUE,93063
93102,PO boxes,,Santa Barbara,CA,Post Office or large volume customer,PO BOX,93101
93107,PO boxes,,Santa Barbara,CA,Post Office or large volume customer,PO BOX,93106
93116,PO boxes,,Goleta,CA,Post Office or large volume customer,PO BOX,93111
93118,PO boxes,,Goleta,CA,Post Office or large volume customer,PO BOX,93117
93120,PO boxes,,Santa Barbara,CA,Post Office or large volume customer,PO BOX,93101
93121,PO boxes,,Santa Barbara,CA,Post Office or large volume customer,PO BOX,93101
93130,PO boxes,,Santa Barbara,CA,Post Office or large volume customer,PO BOX,93105
93140,PO boxes,,Santa Barbara,CA,Post Office or large volume customer,PO BOX,93103
93150,PO boxes,,Santa Barbara,CA,Post Office or large volume customer,PO BOX,93108
93160,PO boxes,,Santa Barbara,CA,Post Office or large volume customer,PO BOX,93111
93190,PO boxes,,Santa Barbara,CA,Post Office or large volume customer,PO BOX,93101
93199,organization,Santa Barbara P & D Ctr,Goleta,CA,Post Office or large volume customer,UNIQUE,93117
93216,PO boxes,,Delano,CA,Post Office or large volume customer,PO BOX,93215
93232,PO boxes,,Hanford,CA,Post Office or large volume customer,PO BOX,93230
93275,PO boxes,,Tulare,CA,Post Office or large volume customer,PO BOX,93274
93278,PO boxes,,Visalia,CA,Post Office or large volume customer,PO BOX,93277
93279,PO boxes,,Visalia,CA,Post Office or large volume customer,PO BOX,93291
93282,PO boxes,,Waukena,CA,Post Office or large volume customer,PO BOX,93274
93290,PO boxes,,Visalia,CA,Post Office or large volume customer,PO BOX,93291
93302,PO boxes,,Bakersfield,CA,Post Office or large volume customer,PO BOX,93301
93303,PO boxes,,Bakersfield,CA,Post Office or large volume customer,PO BOX,93301
93380,PO boxes,,Bakersfield,CA,Post Office or large volume customer,PO BOX,93308
93383,PO boxes,,Bakersfield,CA,Post Office or large volume customer,PO BOX,93313
93384,PO boxes,,Bakersfield,CA,Post Office or large volume customer,PO BOX,93304
93385,PO boxes,,Bakersfield,CA,Post Office or large volume customer,PO BOX,93305
93386,PO boxes,,Bakersfield,CA,Post Office or large volume customer,PO BOX,93306
93387,PO boxes,,Bakersfield,CA,Post Office or large volume customer,PO BOX,93307
93388,PO boxes,,Bakersfield,CA,Post Office or large volume customer,PO BOX,93308
93389,PO boxes,,Bakersfield,CA,Post Office or large volume customer,PO BOX,93309
93390,PO boxes,,Bakersfield,CA,Post Office or large volume customer,PO BOX,93311
93403,PO boxes,,San Luis Obispo,CA,Post Office or large volume customer,PO BOX,93405
93406,PO boxes,,San Luis Obispo,CA,Post Office or large volume customer,PO BOX,93401
93412,PO boxes,,Los Osos,CA,Post Office or large volume customer,PO BOX,93402
93421,PO boxes,,Arroyo Grande,CA,Zip Code Area,PO BOX,93420
93423,PO boxes,,Atascadero,CA,Post Office or large volume customer,PO BOX,93422
93435,PO boxes,,Harmony,CA,Zip Code Area,PO BOX,93430
93438,PO boxes,,Lompoc,CA,Post Office or large volume customer,PO BOX,93436
93443,PO boxes,,Morro Bay,CA,Post Office or large volume customer,PO BOX,93442
93447,PO boxes,,Paso Robles,CA,Post Office or large volume customer,PO BOX,93446
93448,PO boxes,,Pismo Beach,CA,Post Office or large volume customer,PO BOX,93449
93456,PO boxes,,Santa Maria,CA,Post Office or large volume customer,PO BOX,93454
93457,PO boxes,,Santa Maria,CA,Post Office or large volume customer,PO BOX,93455
93464,PO boxes,,Solvang,CA,Post Office or large volume customer,PO BOX,93463
93475,PO boxes,,Oceano,CA,Post Office or large volume customer,PO BOX,93445
93483,PO boxes,,Grover Beach,CA,Post Office or large volume customer,PO BOX,93433
93502,PO boxes,,Mojave,CA,Post Office or large volume customer,PO BOX,93501
93504,PO boxes,,California City,CA,Post Office or large volume customer,PO BOX,93505
93515,PO boxes,,Bishop,CA,Post Office or large volume customer,PO BOX,93514
93539,PO boxes,,Lancaster,CA,Post Office or large volume customer,PO BOX,93536
93542,PO boxes,,Little Lake,CA,Post Office or large volume customer,PO BOX,93527
93556,PO boxes,,Ridgecrest,CA,Post Office or large volume customer,PO BOX,93555
93584,PO boxes,,Lancaster,CA,Post Office or large volume customer,PO BOX,93534
93586,PO boxes,,Lancaster,CA,Post Office or large volume customer,PO BOX,93536
93590,PO boxes,,Palmdale,CA,Post Office or large volume customer,PO BOX,93550
93592,PO boxes,,Trona,CA,Post Office or large volume customer,PO BOX,93562
93596,PO boxes,,Boron,CA,Post Office or large volume customer,PO BOX,93516
93599,organization,Lockheed Advanced Dev Co,Palmdale,CA,Post Office or large volume customer,UNIQUE,93550
93607,PO boxes,,Burrel,CA,Post Office or large volume customer,PO BOX,93656
93613,PO boxes,,Clovis,CA,Post Office or large volume customer,PO BOX,93612
93639,PO boxes,,Madera,CA,Post Office or large volume customer,PO BOX,93638
93642,PO boxes,,Mono Hot Springs,CA,Post Office or large volume customer,PO BOX,93634
93649,PO boxes,,Piedra,CA,Post Office or large volume customer,PO BOX,93654
93661,PO boxes,,Santa Rita Park,CA,Post Office or large volume customer,PO BOX,93620
93707,PO boxes,,Fresno,CA,Post Office or large volume customer,PO BOX,93721
93708,PO boxes,,Fresno,CA,Post Office or large volume customer,PO BOX,93721
93709,PO boxes,,Fresno,CA,Post Office or large volume customer,PO BOX,93721
93712,PO boxes,,Fresno,CA,Post Office or large volume customer,PO BOX,93721
93714,PO boxes,,Fresno,CA,Post Office or large volume customer,PO BOX,93721
93715,PO boxes,,Fresno,CA,Post Office or large volume customer,PO BOX,93721
93716,PO boxes,,Fresno,CA,Post Office or large volume customer,PO BOX,93721
93717,PO boxes,,Fresno,CA,Post Office or large volume customer,PO BOX,93721
93718,PO boxes,,Fresno,CA,Post Office or large volume customer,PO BOX,93721
93724,organization,Fresno Superior Court,Fresno,CA,Post Office or large volume customer,UNIQUE,93721
93729,PO boxes,,Fresno,CA,Post Office or large volume customer,PO BOX,93720
93744,PO boxes,,Fresno,CA,Post Office or large volume customer,PO BOX,93728
93745,PO boxes,,Fresno,CA,Post Office or large volume customer,PO BOX,93725
93747,PO boxes,,Fresno,CA,Post Office or large volume customer,PO BOX,93727
93750,organization,Fresno Cnty Social Svc Dept,Fresno,CA,Post Office or large volume customer,UNIQUE,93702
93755,PO boxes,,Fresno,CA,Post Office or large volume customer,PO BOX,93704
93760,organization,Pacific Gas And Electric,Fresno,CA,Post Office or large volume customer,UNIQUE,93721
93761,organization,United Faith Found,Fresno,CA,Post Office or large volume customer,UNIQUE,93701
93764,organization,Fresno City Utilities,Fresno,CA,Post Office or large volume customer,UNIQUE,93721
93765,organization,Aetna Life And Casualty,Fresno,CA,Post Office or large volume customer,UNIQUE,93711
93771,PO boxes,,Fresno,CA,Post Office or large volume customer,PO BOX,93706
93772,PO boxes,,Fresno,CA,Post Office or large volume customer,PO BOX,93706
93773,PO boxes,,Fresno,CA,Post Office or large volume customer,PO BOX,93706
93774,PO boxes,,Fresno,CA,Post Office or large volume customer,PO BOX,93706
93775,PO boxes,,Fresno,CA,Post Office or large volume customer,PO BOX,93706
93776,PO boxes,,Fresno,CA,Post Office or large volume customer,PO BOX,93706
93777,PO boxes,,Fresno,CA,Post Office or large volume customer,PO BOX,93706
93778,PO boxes,,Fresno,CA,Post Office or large volume customer,PO BOX,93706
93779,PO boxes,,Fresno,CA,Post Office or large volume customer,PO BOX,93706
93786,organization,Fresno Bee,Fresno,CA,Post Office or large volume customer,UNIQUE,93706
93790,PO boxes,,Fresno,CA,Post Office or large volume customer,PO BOX,93705
93791,PO boxes,,Fresno,CA,Post Office or large volume customer,PO BOX,93705
93792,PO boxes,,Fresno,CA,Post Office or large volume customer,PO BOX,93705
93793,PO boxes,,Fresno,CA,Post Office or large volume customer,PO BOX,93705
93794,PO boxes,,Fresno,CA,Post Office or large volume customer,PO BOX,93705
93844,organization,Irs Service Center,Fresno,CA,Post Office or large volume customer,UNIQUE,93727
93888,organization,Irs Service Center,Fresno,CA,Post Office or large volume customer,UNIQUE,93727
93902,PO boxes,,Salinas,CA,Post Office or large volume customer,PO BOX,93901
93912,PO boxes,,Salinas,CA,Post Office or large volume customer,PO BOX,93907
93915,PO boxes,,Salinas,CA,Post Office or large volume customer,PO BOX,93905
93922,PO boxes,,Carmel,CA,Post Office or large volume customer,PO BOX,93923
93942,PO boxes,,Monterey,CA,Post Office or large volume customer,PO BOX,93940
94011,PO boxes,,Burlingame,CA,Post Office or large volume customer,PO BOX,94010
94016,PO boxes,,Daly City,CA,Post Office or large volume customer,PO BOX,94014
94017,PO boxes,,Daly City,CA,Post Office or large volume customer,PO BOX,94015
94023,PO boxes,,Los Altos,CA,Post Office or large volume customer,PO BOX,94022
94026,PO boxes,,Menlo Park,CA,Post Office or large volume customer,PO BOX,94025
94035,PO boxes,,Mountain View,CA,Zip Code Area,PO BOX,94043
94039,PO boxes,,Mountain View,CA,Post Office or large volume customer,PO BOX,94041
94042,PO boxes,,Mountain View,CA,Post Office or large volume customer,PO BOX,94041
94064,PO boxes,,Redwood City,CA,Post Office or large volume customer,PO BOX,94063
94083,PO boxes,,South San Francisco,CA,Post Office or large volume customer,PO BOX,94080
94088,PO boxes,,Sunnyvale,CA,Post Office or large volume customer,PO BOX,94089
94119,PO boxes,,San Francisco,CA,Post Office or large volume customer,PO BOX,94105
94120,PO boxes,,San Francisco,CA,Post Office or large volume customer,PO BOX,94104
94125,PO boxes,,San Francisco,CA,Post Office or large volume customer,PO BOX,94128
94126,PO boxes,,San Francisco,CA,Post Office or large volume customer,PO BOX,94111
94137,organization,Bank Of America,San Francisco,CA,Post Office or large volume customer,UNIQUE,94104
94139,organization,First Interstate Bank; Wells Fargo Bank,San Francisco,CA,Post Office or large volume customer,UNIQUE,94104
94140,PO boxes,,San Francisco,CA,Post Office or large volume customer,PO BOX,94110
94141,other,,San Francisco,CA,Post Office or large volume customer,STANDARD,94103
94142,PO boxes,,San Francisco,CA,Post Office or large volume customer,PO BOX,94103
94143,delivery area,,San Francisco,CA,Zip Code Area,STANDARD,94131
94144,organization,Wells Fargo Bank,San Francisco,CA,Post Office or large volume customer,UNIQUE,94118
94145,organization,Union Bank Of California,San Francisco,CA,Post Office or large volume customer,UNIQUE,94104
94146,PO boxes,,San Francisco,CA,Post Office or large volume customer,PO BOX,94114
94147,PO boxes,,San Francisco,CA,Post Office or large volume customer,PO BOX,94123
94151,organization,Irs Service Center,San Francisco,CA,Post Office or large volume customer,UNIQUE,94105
94159,PO boxes,,San Francisco,CA,Post Office or large volume customer,PO BOX,94118
94160,organization,Bank Of America,San Francisco,CA,Post Office or large volume customer,UNIQUE,94188
94161,organization,Bank Of America,San Francisco,CA,Post Office or large volume customer,UNIQUE,94111
94163,organization,Wells Fargo Bank,San Francisco,CA,Post Office or large volume customer,UNIQUE,94104
94164,PO boxes,,San Francisco,CA,Post Office or large volume customer,PO BOX,94109
94172,PO boxes,,San Francisco,CA,Post Office or large volume customer,PO BOX,94122
94177,organization,Pacific Gas And Electric,San Francisco,CA,Post Office or large volume customer,UNIQUE,94105
94203,organization,State Of Ca,Sacramento,CA,Post Office or large volume customer,UNIQUE,95814
94204,organization,State Of Ca,Sacramento,CA,Post Office or large volume customer,UNIQUE,95815
94205,organization,State Of Ca,Sacramento,CA,Post Office or large volume customer,UNIQUE,95823
94206,organization,State Of Ca,Sacramento,CA,Post Office or large volume customer,UNIQUE,95823
94207,organization,State Of Ca,Sacramento,CA,Post Office or large volume customer,UNIQUE,95814
94208,organization,State Of Ca,Sacramento,CA,Post Office or large volume customer,UNIQUE,95814
94209,organization,Ca State Treasurer,Sacramento,CA,Post Office or large volume customer,UNIQUE,95814
94211,organization,State Of Ca,Sacramento,CA,Post Office or large volume customer,UNIQUE,95814
94229,organization,State Of Ca,Sacramento,CA,Post Office or large volume customer,UNIQUE,95814
94230,organization,State Of Ca,Sacramento,CA,Post Office or large volume customer,UNIQUE,95823
94232,organization,State Of Ca,Sacramento,CA,Post Office or large volume customer,UNIQUE,95818
94234,organization,State Of Ca,Sacramento,CA,Post Office or large volume customer,UNIQUE,95814
94235,organization,State Of Ca,Sacramento,CA,Post Office or large volume customer,UNIQUE,95814
94236,organization,State Of Ca,Sacramento,CA,Post Office or large volume customer,UNIQUE,95814
94237,organization,State Of Ca,Sacramento,CA,Post Office or large volume customer,UNIQUE,95814
94239,organization,State Of Ca,Sacramento,CA,Post Office or large volume customer,UNIQUE,95818
94240,organization,Franchise Tax Brd Refunds,Sacramento,CA,Post Office or large volume customer,UNIQUE,95811
94244,organization,State Of Ca,Sacramento,CA,Post Office or large volume customer,UNIQUE,95814
94245,organization,State Of Ca,Sacramento,CA,Post Office or large volume customer,UNIQUE,95814
94247,organization,State Of Ca,Sacramento,CA,Post Office or large volume customer,UNIQUE,95823
94248,organization,State Of Ca,Sacramento,CA,Post Office or large volume customer,UNIQUE,95814
94249,organization,State Of Ca,Sacramento,CA,Post Office or large volume customer,UNIQUE,95816
94250,organization,State Of Ca,Sacramento,CA,Post Office or large volume customer,UNIQUE,95814
94252,organization,State Of Ca,Sacramento,CA,Post Office or large volume customer,UNIQUE,95814
94254,organization,State Of Ca,Sacramento,CA,Post Office or large volume customer,UNIQUE,95823
94256,organization,State Of Ca,Sacramento,CA,Post Office or large volume customer,UNIQUE,95823
94257,organization,State Of Ca,Sacramento,CA,Post Office or large volume customer,UNIQUE,95811
94258,organization,State Of Ca,Sacramento,CA,Post Office or large volume customer,UNIQUE,95814
94259,organization,State Of Ca,Sacramento,CA,Post Office or large volume customer,UNIQUE,95818
94261,organization,State Of Ca,Sacramento,CA,Post Office or large volume customer,UNIQUE,95814
94262,organization,State Of Ca,Sacramento,CA,Post Office or large volume customer,UNIQUE,95823
94263,organization,State Of Ca,Sacramento,CA,Post Office or large volume customer,UNIQUE,95814
94267,organization,Franchise Tax Board,Sacramento,CA,Post Office or large volume customer,UNIQUE,95815
94268,organization,State Of Ca,Sacramento,CA,Post Office or large volume customer,UNIQUE,95814
94269,organization,State Of Ca,Sacramento,CA,Post Office or large volume customer,UNIQUE,95814
94271,organization,State Of Ca,Sacramento,CA,Post Office or large volume customer,UNIQUE,95814
94273,organization,State Of Ca,Sacramento,CA,Post Office or large volume customer,UNIQUE,95814
94274,organization,State Of Ca,Sacramento,CA,Post Office or large volume customer,UNIQUE,95814
94277,organization,State Of Ca,Sacramento,CA,Post Office or large volume customer,UNIQUE,95814
94278,business reply mail,Ca Franchise Tx Brd Brm,Sacramento,CA,Post Office or large volume customer,UNIQUE,95814
94279,organization,State Of Ca,Sacramento,CA,Post Office or large volume customer,UNIQUE,95814
94280,organization,State Of Ca,Sacramento,CA,Post Office or large volume customer,UNIQUE,95822
94282,organization,State Of Ca,Sacramento,CA,Post Office or large volume customer,UNIQUE,95823
94283,organization,State Of Ca,Sacramento,CA,Post Office or large volume customer,UNIQUE,95823
94284,organization,State Of Ca,Sacramento,CA,Post Office or large volume customer,UNIQUE,95818
94285,organization,State Of Ca,Sacramento,CA,Post Office or large volume customer,UNIQUE,95818
94287,organization,State Of Ca,Sacramento,CA,Post Office or large volume customer,UNIQUE,95814
94288,organization,State Of Ca,Sacramento,CA,Post Office or large volume customer,UNIQUE,95814
94289,organization,State Of Ca,Sacramento,CA,Post Office or large volume customer,UNIQUE,95814
94290,organization,State Of Ca,Sacramento,CA,Post Office or large volume customer,UNIQUE,95818
94291,organization,State Of Ca,Sacramento,CA,Post Office or large volume customer,UNIQUE,95818
94293,organization,State Of Ca,Sacramento,CA,Post Office or large volume customer,UNIQUE,95818
94294,organization,Ca Dept Motor Vehicle,Sacramento,CA,Post Office or large volume customer,UNIQUE,95818
94295,organization,State Of Ca,Sacramento,CA,Post Office or large volume customer,UNIQUE,95814
94296,organization,State Of Ca,Sacramento,CA,Post Office or large volume customer,UNIQUE,95814
94297,organization,State Of Ca,Sacramento,CA,Post Office or large volume customer,UNIQUE,95818
94298,organization,State Of Ca,Sacramento,CA,Post Office or large volume customer,UNIQUE,95814
94299,business reply mail,Ca State Govt Brm,Sacramento,CA,Post Office or large volume customer,UNIQUE,95814
94302,PO boxes,,Palo Alto,CA,Post Office or large volume customer,PO BOX,94301
94309,PO boxes,,Palo Alto,CA,Post Office or large volume customer,PO BOX,94305
94497,organization,Postal Data Center,San Mateo,CA,Post Office or large volume customer,UNIQUE,94403
94522,PO boxes,,Concord,CA,Post Office or large volume customer,PO BOX,94520
94524,PO boxes,,Concord,CA,Post Office or large volume customer,PO BOX,94520
94527,PO boxes,,Concord,CA,Post Office or large volume customer,PO BOX,94520
94529,organization,Chevron; Chevron Usa Inc,Concord,CA,Post Office or large volume customer,UNIQUE,94520
94537,PO boxes,,Fremont,CA,Post Office or large volume customer,PO BOX,94536
94540,PO boxes,,Hayward,CA,Post Office or large volume customer,PO BOX,94544
94543,PO boxes,,Hayward,CA,Post Office or large volume customer,PO BOX,94541
94557,PO boxes,,Hayward,CA,Post Office or large volume customer,PO BOX,94545
94570,PO boxes,,Moraga,CA,Post Office or large volume customer,PO BOX,94556
94581,PO boxes,,Napa,CA,Post Office or large volume customer,PO BOX,94559
94604,PO boxes,,Oakland,CA,Post Office or large volume customer,PO BOX,94612
94614,PO boxes,,Oakland,CA,Post Office or large volume customer,PO BOX,94621
94615,other,,Oakland,CA,Post Office or large volume customer,STANDARD,94607
94617,other,,Oakland,CA,Post Office or large volume customer,STANDARD,94607
94620,PO boxes,,Piedmont,CA,Post Office or large volume customer,PO BOX,94611
94622,organization,Oakland Intrntl Service Ctr,Oakland,CA,Post Office or large volume customer,UNIQUE,94577
94623,PO boxes,,Oakland,CA,Post Office or large volume customer,PO BOX,94607
94624,PO boxes,,Oakland,CA,Post Office or large volume customer,PO BOX,94603
94649,organization,Ebmud,Oakland,CA,Post Office or large volume customer,UNIQUE,94612
94659,organization,Blue Cross,Oakland,CA,Post Office or large volume customer,UNIQUE,94612
94660,organization,Safeway Stores,Oakland,CA,Post Office or large volume customer,UNIQUE,94607
94661,PO boxes,,Oakland,CA,Post Office or large volume customer,PO BOX,94611
94662,PO boxes,,Emeryville,CA,Post Office or large volume customer,PO BOX,94608
94666,organization,Kaiser Services,Oakland,CA,Post Office or large volume customer,UNIQUE,94612
94701,PO boxes,,Berkeley,CA,Post Office or large volume customer,PO BOX,94704
94712,PO boxes,,Berkeley,CA,Post Office or large volume customer,PO BOX,94704
94802,PO boxes,,Richmond,CA,Post Office or large volume customer,PO BOX,94801
94807,PO boxes,,Richmond,CA,Post Office or large volume customer,PO BOX,94801
94808,PO boxes,,Richmond,CA,Post Office or large volume customer,PO BOX,94804
94820,PO boxes,,El Sobrante,CA,Post Office or large volume customer,PO BOX,94803
94850,other,,Richmond,CA,Post Office or large volume customer,STANDARD,94804
94912,PO boxes,,San Rafael,CA,Post Office or large volume customer,PO BOX,94901
94913,PO boxes,,San Rafael,CA,Post Office or large volume customer,PO BOX,94903
94914,PO boxes,,Kentfield,CA,Post Office or large volume customer,PO BOX,94904
94915,PO boxes,,San Rafael,CA,Post Office or large volume customer,PO BOX,94901
94926,organization,State Farm Insurance,Rohnert Park,CA,Post Office or large volume customer,UNIQUE,94928
94927,PO boxes,,Rohnert Park,CA,Post Office or large volume customer,PO BOX,94928
94942,PO boxes,,Mill Valley,CA,Post Office or large volume customer,PO BOX,94941
94948,PO boxes,,Novato,CA,Post Office or large volume customer,PO BOX,94947
94953,PO boxes,,Petaluma,CA,Post Office or large volume customer,PO BOX,94952
94955,PO boxes,,Petaluma,CA,Post Office or large volume customer,PO BOX,94954
94966,PO boxes,,Sausalito,CA,Post Office or large volume customer,PO BOX,94965
94974,other,,San Quentin,CA,Post Office or large volume customer,STANDARD,94964
94975,PO boxes,,Petaluma,CA,Post Office or large volume customer,PO BOX,94954
94976,PO boxes,,Corte Madera,CA,Post Office or large volume customer,PO BOX,94925
94977,PO boxes,,Larkspur,CA,Post Office or large volume customer,PO BOX,94939
94978,PO boxes,,Fairfax,CA,Post Office or large volume customer,PO BOX,94930
94979,PO boxes,,San Anselmo,CA,Post Office or large volume customer,PO BOX,94960
94998,organization,Firemans Fund Ins,Novato,CA,Post Office or large volume customer,UNIQUE,94947
94999,other,,Petaluma,CA,Post Office or large volume customer,STANDARD,94954
95001,PO boxes,,Aptos,CA,Post Office or large volume customer,PO BOX,95003
95009,PO boxes,,Campbell,CA,Post Office or large volume customer,PO BOX,95008
95011,PO boxes,,Campbell,CA,Post Office or large volume customer,PO BOX,95008
95015,PO boxes,,Cupertino,CA,Post Office or large volume customer,PO BOX,95014
95021,PO boxes,,Gilroy,CA,Post Office or large volume customer,PO BOX,95020
95024,PO boxes,,Hollister,CA,Post Office or large volume customer,PO BOX,95023
95026,PO boxes,,Holy City,CA,Post Office or large volume customer,PO BOX,95033
95031,PO boxes,,Los Gatos,CA,Post Office or large volume customer,PO BOX,95030
95036,PO boxes,,Milpitas,CA,Post Office or large volume customer,PO BOX,95035
95038,PO boxes,,Morgan Hill,CA,Post Office or large volume customer,PO BOX,95037
95042,PO boxes,,New Almaden,CA,Post Office or large volume customer,PO BOX,95120
95044,PO boxes,,Redwood Estates,CA,Post Office or large volume customer,PO BOX,95033
95052,PO boxes,,Santa Clara,CA,Post Office or large volume customer,PO BOX,95050
95055,PO boxes,,Santa Clara,CA,Post Office or large volume customer,PO BOX,95051
95056,PO boxes,,Santa Clara,CA,Post Office or large volume customer,PO BOX,95054
95061,PO boxes,,Santa Cruz,CA,Post Office or large volume customer,PO BOX,95060
95063,PO boxes,,Santa Cruz,CA,Post Office or large volume customer,PO BOX,95062
95067,PO boxes,,Scotts Valley,CA,Post Office or large volume customer,PO BOX,95066
95071,PO boxes,,Saratoga,CA,Post Office or large volume customer,PO BOX,95070
95077,PO boxes,,Watsonville,CA,Post Office or large volume customer,PO BOX,95076
95101,other,,San Jose,CA,Post Office or large volume customer,STANDARD,95131
95103,PO boxes,,San Jose,CA,Post Office or large volume customer,PO BOX,95113
95106,PO boxes,,San Jose,CA,Post Office or large volume customer,PO BOX,95113
95108,PO boxes,,San Jose,CA,Post Office or large volume customer,PO BOX,95113
95109,PO boxes,,San Jose,CA,Post Office or large volume customer,PO BOX,95113
95115,PO boxes,,San Jose,CA,Post Office or large volume customer,PO BOX,95113
95141,delivery area,,San Jose,CA,Zip Code Area,STANDARD,95037
95150,PO boxes,,San Jose,CA,Post Office or large volume customer,PO BOX,95125
95151,PO boxes,,San Jose,CA,Post Office or large volume customer,PO BOX,95122
95152,PO boxes,,San Jose,CA,Post Office or large volume customer,PO BOX,95132
95153,PO boxes,,San Jose,CA,Post Office or large volume customer,PO BOX,95123
95154,PO boxes,,San Jose,CA,Post Office or large volume customer,PO BOX,95124
95155,PO boxes,,San Jose,CA,Post Office or large volume customer,PO BOX,95125
95156,PO boxes,,San Jose,CA,Post Office or large volume customer,PO BOX,95127
95157,PO boxes,,San Jose,CA,Post Office or large volume customer,PO BOX,95117
95158,PO boxes,,San Jose,CA,Post Office or large volume customer,PO BOX,95118
95159,PO boxes,,San Jose,CA,Post Office or large volume customer,PO BOX,95126
95160,PO boxes,,San Jose,CA,Post Office or large volume customer,PO BOX,95120
95161,PO boxes,,San Jose,CA,Post Office or large volume customer,PO BOX,95131
95164,PO boxes,,San Jose,CA,Post Office or large volume customer,PO BOX,95134
95170,PO boxes,,San Jose,CA,Post Office or large volume customer,PO BOX,95117
95172,PO boxes,,San Jose,CA,Post Office or large volume customer,PO BOX,95112
95173,PO boxes,,San Jose,CA,Post Office or large volume customer,PO BOX,95122
95190,organization,San Jose Mercury News,San Jose,CA,Post Office or large volume customer,UNIQUE,95112
95191,organization,A M O R C,San Jose,CA,Post Office or large volume customer,UNIQUE,95126
95192,organization,San Jose State University,San Jose,CA,Zip Code Area,UNIQUE,95112
95193,organization,I B M,San Jose,CA,Post Office or large volume customer,UNIQUE,95123
95194,organization,California Water Service,San Jose,CA,Post Office or large volume customer,UNIQUE,95110
95196,organization,San Jose Water Company,San Jose,CA,Post Office or large volume customer,UNIQUE,95113
95201,PO boxes,,Stockton,CA,Post Office or large volume customer,PO BOX,95202
95208,PO boxes,,Stockton,CA,Post Office or large volume customer,PO BOX,95204
95213,PO boxes,,Stockton,CA,Post Office or large volume customer,PO BOX,95215
95214,organization,Le Tote,Stockton,CA,Post Office or large volume customer,UNIQUE,95202
95229,PO boxes,,Douglas Flat,CA,Post Office or large volume customer,PO BOX,95247
95234,PO boxes,,Holt,CA,Post Office or large volume customer,PO BOX,95206
95241,PO boxes,,Lodi,CA,Post Office or large volume customer,PO BOX,95240
95267,PO boxes,,Stockton,CA,Post Office or large volume customer,PO BOX,95207
95269,PO boxes,,Stockton,CA,Post Office or large volume customer,PO BOX,95207
95296,organization,Defense Dist Region,Stockton,CA,Post Office or large volume customer,UNIQUE,95215
95297,business reply mail,Stockton Brm Zip,Stockton,CA,Post Office or large volume customer,UNIQUE,95204
95343,other,,Merced,CA,Post Office or large volume customer,STANDARD,95340
95344,PO boxes,,Merced,CA,Post Office or large volume customer,PO BOX,95340
95347,PO boxes,,Moccasin,CA,Post Office or large volume customer,PO BOX,95305
95352,PO boxes,,Modesto,CA,Post Office or large volume customer,PO BOX,95350
95353,PO boxes,,Modesto,CA,Post Office or large volume customer,PO BOX,95350
95373,PO boxes,,Standard,CA,Post Office or large volume customer,PO BOX,95370
95378,PO boxes,,Tracy,CA,Post Office or large volume customer,PO BOX,95376
95381,PO boxes,,Turlock,CA,Post Office or large volume customer,PO BOX,95380
95397,business reply mail,Modesto Brm Zip,Modesto,CA,Post Office or large volume customer,UNIQUE,95350
95402,PO boxes,,Santa Rosa,CA,Post Office or large volume customer,PO BOX,95404
95406,PO boxes,,Santa Rosa,CA,Post Office or large volume customer,PO BOX,95401
95416,PO boxes,,Boyes Hot Springs,CA,Post Office or large volume customer,PO BOX,95476
95418,PO boxes,,Calpella,CA,Post Office or large volume customer,PO BOX,95482
95424,PO boxes,,Clearlake Park,CA,Post Office or large volume customer,PO BOX,95422
95433,PO boxes,,El Verano,CA,Post Office or large volume customer,PO BOX,95476
95473,PO boxes,,Sebastopol,CA,Post Office or large volume customer,PO BOX,95472
95481,PO boxes,,Talmage,CA,Post Office or large volume customer,PO BOX,95482
95487,PO boxes,,Vineburg,CA,Post Office or large volume customer,PO BOX,95476
95502,PO boxes,,Eureka,CA,Post Office or large volume customer,PO BOX,95501
95518,PO boxes,,Arcata,CA,Post Office or large volume customer,PO BOX,95521
95532,organization,Pelican Bay State Prison,Crescent City,CA,Post Office or large volume customer,UNIQUE,95531
95534,PO boxes,,Cutten,CA,Post Office or large volume customer,PO BOX,95503
95609,PO boxes,,Carmichael,CA,Post Office or large volume customer,PO BOX,95608
95611,PO boxes,,Citrus Heights,CA,Post Office or large volume customer,PO BOX,95621
95617,PO boxes,,Davis,CA,Post Office or large volume customer,PO BOX,95616
95644,PO boxes,,Kit Carson,CA,Post Office or large volume customer,PO BOX,95666
95654,PO boxes,,Martell,CA,Post Office or large volume customer,PO BOX,95642
95656,PO boxes,,Mount Aukum,CA,Post Office or large volume customer,PO BOX,95684
95696,PO boxes,,Vacaville,CA,Post Office or large volume customer,PO BOX,95688
95712,PO boxes,,Chicago Park,CA,Post Office or large volume customer,PO BOX,95945
95724,PO boxes,,Norden,CA,Zip Code Area,PO BOX,95728
95741,PO boxes,,Rancho Cordova,CA,Post Office or large volume customer,PO BOX,95670
95759,PO boxes,,Elk Grove,CA,Post Office or large volume customer,PO BOX,95624
95763,PO boxes,,Folsom,CA,Post Office or large volume customer,PO BOX,95630
95798,PO boxes,,West Sacramento,CA,Post Office or large volume customer,PO BOX,95691
95799,PO boxes,,West Sacramento,CA,Post Office or large volume customer,PO BOX,95691
95812,PO boxes,,Sacramento,CA,Post Office or large volume customer,PO BOX,95814
95813,PO boxes,,Sacramento,CA,Post Office or large volume customer,PO BOX,95815
95836,delivery area,,Sacramento,CA,Zip Code Area,STANDARD,95659
95840,organization,Franchise Tax Board,Sacramento,CA,Post Office or large volume customer,UNIQUE,95811
95851,PO boxes,,Sacramento,CA,Post Office or large volume customer,PO BOX,95815
95852,PO boxes,,Sacramento,CA,Post Office or large volume customer,PO BOX,95815
95853,PO boxes,,Sacramento,CA,Post Office or large volume customer,PO BOX,95815
95860,PO boxes,,Sacramento,CA,Post Office or large volume customer,PO BOX,95821
95865,PO boxes,,Sacramento,CA,Post Office or large volume customer,PO BOX,95825
95866,PO boxes,,Sacramento,CA,Post Office or large volume customer,PO BOX,95825
95867,organization,Franchise Tax Brd Refunds,Sacramento,CA,Post Office or large volume customer,UNIQUE,95811
95894,organization,Ca Dept Motor Vehicle,Sacramento,CA,Post Office or large volume customer,UNIQUE,95818
95899,PO boxes,,Sacramento,CA,Post Office or large volume customer,PO BOX,95691
95924,PO boxes,,Cedar Ridge,CA,Post Office or large volume customer,PO BOX,95945
95927,PO boxes,,Chico,CA,Post Office or large volume customer,PO BOX,95926
95940,PO boxes,,Feather Falls,CA,Post Office or large volume customer,PO BOX,95966
95967,PO boxes,,Paradise,CA,Post Office or large volume customer,PO BOX,95969
95976,organization,Blue Shield Of Cal,Chico,CA,Post Office or large volume customer,UNIQUE,95926
95980,PO boxes,,Storrie,CA,Post Office or large volume customer,PO BOX,95915
95992,PO boxes,,Yuba City,CA,Post Office or large volume customer,PO BOX,95991
96049,PO boxes,,Redding,CA,Post Office or large volume customer,PO BOX,96002
96070,PO boxes,,OBrien,CA,Post Office or large volume customer,PO BOX,96051
96079,PO boxes,,Shasta Lake,CA,Post Office or large volume customer,PO BOX,96019
96089,PO boxes,,Shasta Lake,CA,Zip Code Area,PO BOX,96019
96095,PO boxes,,Whiskeytown,CA,Post Office or large volume customer,PO BOX,96087
96099,PO boxes,,Redding,CA,Post Office or large volume customer,PO BOX,96001
96127,PO boxes,,Susanville,CA,Post Office or large volume customer,PO BOX,96130
96151,PO boxes,,South Lake Tahoe,CA,Post Office or large volume customer,PO BOX,96150
96152,PO boxes,,South Lake Tahoe,CA,Post Office or large volume customer,PO BOX,96150
96154,PO boxes,,South Lake Tahoe,CA,Post Office or large volume customer,PO BOX,96150
96156,PO boxes,,South Lake Tahoe,CA,Post Office or large volume customer,PO BOX,96150
96157,PO boxes,,South Lake Tahoe,CA,Post Office or large volume customer,PO BOX,96150
96158,PO boxes,,South Lake Tahoe,CA,Post Office or large volume customer,PO BOX,96150
96160,PO boxes,,Truckee,CA,Post Office or large volume customer,PO BOX,96161
96162,PO boxes,,Truckee,CA,Zip Code Area,PO BOX,95728
96709,PO boxes,,Kapolei,HI,Post Office or large volume customer,PO BOX,96707
96715,PO boxes,,Hanamaulu,HI,Post Office or large volume customer,PO BOX,96766
96718,PO boxes,,Hawaii National Park,HI,Zip Code Area,PO BOX,96777
96721,PO boxes,,Hilo,HI,Post Office or large volume customer,PO BOX,96720
96733,PO boxes,,Kahului,HI,Post Office or large volume customer,PO BOX,96732
96739,PO boxes,,Keauhou,HI,Post Office or large volume customer,PO BOX,96740
96745,PO boxes,,Kailua Kona,HI,Post Office or large volume customer,PO BOX,96740
96767,PO boxes,,Lahaina,HI,Post Office or large volume customer,PO BOX,96761
96784,PO boxes,,Puunene,HI,Post Office or large volume customer,PO BOX,96732
96788,PO boxes,,Pukalani,HI,Post Office or large volume customer,PO BOX,96768
96801,PO boxes,,Honolulu,HI,Post Office or large volume customer,PO BOX,96813
96802,PO boxes,,Honolulu,HI,Post Office or large volume customer,PO BOX,96813
96803,PO boxes,,Honolulu,HI,Post Office or large volume customer,PO BOX,96813
96804,PO boxes,,Honolulu,HI,Post Office or large volume customer,PO BOX,96813
96805,PO boxes,,Honolulu,HI,Post Office or large volume customer,PO BOX,96813
96806,PO boxes,,Honolulu,HI,Post Office or large volume customer,PO BOX,96813
96807,PO boxes,,Honolulu,HI,Post Office or large volume customer,PO BOX,96813
96808,PO boxes,,Honolulu,HI,Post Office or large volume customer,PO BOX,96813
96809,PO boxes,,Honolulu,HI,Post Office or large volume customer,PO BOX,96813
96810,PO boxes,,Honolulu,HI,Post Office or large volume customer,PO BOX,96813
96811,PO boxes,,Honolulu,HI,Post Office or large volume customer,PO BOX,96813
96812,PO boxes,,Honolulu,HI,Post Office or large volume customer,PO BOX,96813
96823,PO boxes,,Honolulu,HI,Post Office or large volume customer,PO BOX,96822
96824,PO boxes,,Honolulu,HI,Post Office or large volume customer,PO BOX,96821
96828,PO boxes,,Honolulu,HI,Post Office or large volume customer,PO BOX,96826
96830,PO boxes,,Honolulu,HI,Post Office or large volume customer,PO BOX,96815
96836,PO boxes,,Honolulu,HI,Post Office or large volume customer,PO BOX,96815
96837,PO boxes,,Honolulu,HI,Post Office or large volume customer,PO BOX,96817
96838,PO boxes,,Honolulu,HI,Post Office or large volume customer,PO BOX,96820
96839,PO boxes,,Honolulu,HI,Post Office or large volume customer,PO BOX,96822
96840,organization,Hawaiian Electric Company,Honolulu,HI,Post Office or large volume customer,UNIQUE,96813
96841,organization,Hawaiian Telcom,Honolulu,HI,Post Office or large volume customer,UNIQUE,96817
96843,organization,Board Of Water Supply,Honolulu,HI,Post Office or large volume customer,UNIQUE,96813
96844,organization,University Of Hawaii,Honolulu,HI,Zip Code Area,UNIQUE,96822
96846,organization,Bank Of Hawaii,Honolulu,HI,Post Office or large volume customer,UNIQUE,96817
96847,organization,First Hawaiian Bank,Honolulu,HI,Post Office or large volume customer,UNIQUE,96814
96849,organization,Bancorp; Bancorp Hawaii,Honolulu,HI,Post Office or large volume customer,UNIQUE,96819
96854,other,,Wheeler Army Airfield,HI,Post Office or large volume customer,STANDARD,96786
96861,delivery area,,Camp H M Smith,HI,Zip Code Area,STANDARD,96701
96898,PO boxes,,Wake Island,HI,Post Office or large volume customer,PO BOX,96819
96912,PO boxes,,Dededo,GU,Post Office or large volume customer,PO BOX,96929
96919,other,,Agana Heights,GU,Post Office or large volume customer,STANDARD,96910
96921,PO boxes,,Barrigada,GU,Post Office or large volume customer,PO BOX,96913
96923,PO boxes,,Mangilao,GU,Post Office or large volume customer,PO BOX,96913
96931,PO boxes,,Tamuning,GU,Post Office or large volume customer,PO BOX,96913
96932,PO boxes,,Hagatna,GU,Post Office or large volume customer,PO BOX,96910
96939,organization,Koror Gov,Ngerulmud,PW,Zip Code Area,UNIQUE,
96940,PO boxes,,Koror,PW,Post Office or large volume customer,PO BOX,
96941,PO boxes,,Pohnpei,FM,Post Office or large volume customer,PO BOX,
96942,PO boxes,,Chuuk,FM,Post Office or large volume customer,PO BOX,
96943,PO boxes,,Yap,FM,Post Office or large volume customer,PO BOX,
96944,PO boxes,,Kosrae,FM,Post Office or large volume customer,PO BOX,
96960,PO boxes,,Majuro,MH,Post Office or large volume customer,PO BOX,
96970,PO boxes,,Ebeye,MH,Post Office or large volume customer,PO BOX,
97010,PO boxes,,Bridal Veil,OR,Zip Code Area,PO BOX,97014
97036,PO boxes,,Marylhurst,OR,Post Office or large volume customer,PO BOX,97034
97044,PO boxes,,Odell,OR,Zip Code Area,PO BOX,97031
97075,PO boxes,,Beaverton,OR,Post Office or large volume customer,PO BOX,97005
97076,PO boxes,,Beaverton,OR,Post Office or large volume customer,PO BOX,97006
97077,organization,Tektronix,Beaverton,OR,Post Office or large volume customer,UNIQUE,97005
97079,organization,Shared Reshipper,Beaverton,OR,Post Office or large volume customer,UNIQUE,97008
97129,organization,Shared Reshipper,Hillsboro,OR,Post Office or large volume customer,UNIQUE,97124
97143,PO boxes,,Netarts,OR,Post Office or large volume customer,PO BOX,97141
97207,PO boxes,,Portland,OR,Post Office or large volume customer,PO BOX,97201
97228,PO boxes,,Portland,OR,Post Office or large volume customer,PO BOX,97208
97238,PO boxes,,Portland,OR,Post Office or large volume customer,PO BOX,97218
97240,PO boxes,,Portland,OR,Post Office or large volume customer,PO BOX,97204
97242,PO boxes,,Portland,OR,Post Office or large volume customer,PO BOX,97202
97250,organization,Shared Reshipper,Portland,OR,Post Office or large volume customer,UNIQUE,97220
97251,organization,Shared Reshipper,Portland,OR,Post Office or large volume customer,UNIQUE,97230
97252,organization,Shared Reshipper,Portland,OR,Post Office or large volume customer,UNIQUE,97220
97253,organization,Shared Reshipper,Portland,OR,Post Office or large volume customer,UNIQUE,97220
97254,organization,Shared Reshipper,Portland,OR,Post Office or large volume customer,UNIQUE,97218
97256,organization,Pacific Power; Pacificorp,Portland,OR,Post Office or large volume customer,UNIQUE,97232
97268,PO boxes,,Portland,OR,Post Office or large volume customer,PO BOX,97267
97269,PO boxes,,Portland,OR,Post Office or large volume customer,PO BOX,97222
97280,PO boxes,,Portland,OR,Post Office or large volume customer,PO BOX,97219
97281,PO boxes,,Portland,OR,Post Office or large volume customer,PO BOX,97223
97282,PO boxes,,Portland,OR,Post Office or large volume customer,PO BOX,97202
97283,PO boxes,,Portland,OR,Post Office or large volume customer,PO BOX,97203
97286,PO boxes,,Portland,OR,Post Office or large volume customer,PO BOX,97206
97290,PO boxes,,Portland,OR,Post Office or large volume customer,PO BOX,97266
97291,PO boxes,,Portland,OR,Post Office or large volume customer,PO BOX,97229
97292,PO boxes,,Portland,OR,Post Office or large volume customer,PO BOX,97216
97293,PO boxes,,Portland,OR,Post Office or large volume customer,PO BOX,97214
97294,PO boxes,,Portland,OR,Post Office or large volume customer,PO BOX,97230
97296,PO boxes,,Portland,OR,Post Office or large volume customer,PO BOX,97210
97298,PO boxes,,Portland,OR,Post Office or large volume customer,PO BOX,97225
97307,PO boxes,,Keizer,OR,Post Office or large volume customer,PO BOX,97303
97308,PO boxes,,Salem,OR,Post Office or large volume customer,PO BOX,97301
97309,PO boxes,,Salem,OR,Post Office or large volume customer,PO BOX,97302
97311,organization,Dept Employment,Salem,OR,Post Office or large volume customer,UNIQUE,97301
97312,organization,State Accident Ins,Salem,OR,Zip Code Area,UNIQUE,97301
97314,organization,Dept Motor Vehicle,Salem,OR,Post Office or large volume customer,UNIQUE,97301
97339,PO boxes,,Corvallis,OR,Post Office or large volume customer,PO BOX,97333
97407,PO boxes,,Allegany,OR,Post Office or large volume customer,PO BOX,97420
97409,PO boxes,,Alvadore,OR,Post Office or large volume customer,PO BOX,97448
97440,PO boxes,,Eugene,OR,Post Office or large volume customer,PO BOX,97401
97464,PO boxes,,Ophir,OR,Post Office or large volume customer,PO BOX,97444
97475,PO boxes,,Springfield,OR,Zip Code Area,PO BOX,97477
97491,PO boxes,,Wedderburn,OR,Post Office or large volume customer,PO BOX,97444
97528,PO boxes,,Grants Pass,OR,Post Office or large volume customer,PO BOX,97526
97533,PO boxes,,Murphy,OR,Zip Code Area,PO BOX,97527
97602,PO boxes,,Klamath Falls,OR,Post Office or large volume customer,PO BOX,97603
97708,PO boxes,,Bend,OR,Post Office or large volume customer,PO BOX,97701
97861,other,,Mikkalo,OR,Post Office or large volume customer,STANDARD,97812
98009,PO boxes,,Bellevue,WA,Post Office or large volume customer,PO BOX,98004
98013,PO boxes,,Burton,WA,Post Office or large volume customer,PO BOX,98070
98015,PO boxes,,Bellevue,WA,Post Office or large volume customer,PO BOX,98006
98035,PO boxes,,Kent,WA,Post Office or large volume customer,PO BOX,98032
98041,PO boxes,,Bothell,WA,Post Office or large volume customer,PO BOX,98011
98046,PO boxes,,Lynnwood,WA,Post Office or large volume customer,PO BOX,98036
98061,PO boxes,,Rollingbay,WA,Post Office or large volume customer,PO BOX,98110
98062,PO boxes,,Seahurst,WA,Post Office or large volume customer,PO BOX,98166
98063,PO boxes,,Federal Way,WA,Post Office or large volume customer,PO BOX,98003
98064,PO boxes,,Kent,WA,Post Office or large volume customer,PO BOX,98031
98071,PO boxes,,Auburn,WA,Post Office or large volume customer,PO BOX,98001
98073,PO boxes,,Redmond,WA,Post Office or large volume customer,PO BOX,98052
98082,PO boxes,,Mill Creek,WA,Post Office or large volume customer,PO BOX,98012
98083,PO boxes,,Kirkland,WA,Post Office or large volume customer,PO BOX,98033
98089,PO boxes,,Kent,WA,Post Office or large volume customer,PO BOX,98032
98093,PO boxes,,Federal Way,WA,Post Office or large volume customer,PO BOX,98023
98111,PO boxes,,Seattle,WA,Post Office or large volume customer,PO BOX,98101
98113,PO boxes,,Seattle,WA,Post Office or large volume customer,PO BOX,98103
98114,PO boxes,,Seattle,WA,Post Office or large volume customer,PO BOX,98104
98124,PO boxes,,Seattle,WA,Post Office or large volume customer,PO BOX,98134
98127,PO boxes,,Seattle,WA,Post Office or large volume customer,PO BOX,98107
98129,organization,Reg Lib Handicapped,Seattle,WA,Post Office or large volume customer,UNIQUE,98109
98131,other,,Seattle,WA,Post Office or large volume customer,STANDARD,98168
98138,PO boxes,,Seattle,WA,Post Office or large volume customer,PO BOX,98188
98139,PO boxes,,Seattle,WA,Post Office or large volume customer,PO BOX,98199
98141,PO boxes,,Seattle,WA,Post Office or large volume customer,PO BOX,98101
98145,PO boxes,,Seattle,WA,Post Office or large volume customer,PO BOX,98105
98160,PO boxes,,Seattle,WA,Post Office or large volume customer,PO BOX,98177
98161,other,,Seattle,WA,Post Office or large volume customer,STANDARD,98101
98165,PO boxes,,Seattle,WA,Post Office or large volume customer,PO BOX,98125
98170,organization,Amazon.Com,Seattle,WA,Post Office or large volume customer,UNIQUE,98101
98175,PO boxes,,Seattle,WA,Post Office or large volume customer,PO BOX,98125
98181,organization,Macys,Seattle,WA,Post Office or large volume customer,UNIQUE,98101
98185,organization,Safeco Plaza,Seattle,WA,Post Office or large volume customer,UNIQUE,98154
98190,organization,Capital One,Seattle,WA,Post Office or large volume customer,UNIQUE,98168
98191,organization,Qwest,Seattle,WA,Post Office or large volume customer,UNIQUE,98101
98194,PO boxes,,Seattle,WA,Post Office or large volume customer,PO BOX,98104
98206,PO boxes,,Everett,WA,Post Office or large volume customer,PO BOX,98201
98213,PO boxes,,Everett,WA,Post Office or large volume customer,PO BOX,98201
98227,PO boxes,,Bellingham,WA,Post Office or large volume customer,PO BOX,98225
98228,PO boxes,,Bellingham,WA,Post Office or large volume customer,PO BOX,98226
98231,PO boxes,,Blaine,WA,Post Office or large volume customer,PO BOX,98230
98259,PO boxes,,North Lakewood,WA,Post Office or large volume customer,PO BOX,98271
98287,PO boxes,,Silvana,WA,Post Office or large volume customer,PO BOX,98292
98291,PO boxes,,Snohomish,WA,Post Office or large volume customer,PO BOX,98290
98293,PO boxes,,Startup,WA,Post Office or large volume customer,PO BOX,98294
98322,PO boxes,,Burley,WA,Post Office or large volume customer,PO BOX,98367
98324,PO boxes,,Carlsborg,WA,Post Office or large volume customer,PO BOX,98382
98343,PO boxes,,Joyce,WA,Post Office or large volume customer,PO BOX,98363
98344,PO boxes,,Kapowsin,WA,Post Office or large volume customer,PO BOX,98338
98348,PO boxes,,La Grande,WA,Post Office or large volume customer,PO BOX,98328
98352,organization,Recreational Equipment Inc; Rei,Sumner,WA,Post Office or large volume customer,UNIQUE,98390
98378,PO boxes,,Retsil,WA,Post Office or large volume customer,PO BOX,98366
98384,PO boxes,,South Colby,WA,Post Office or large volume customer,PO BOX,98366
98386,PO boxes,,Southworth,WA,Post Office or large volume customer,PO BOX,98366
98393,PO boxes,,Tracyton,WA,Post Office or large volume customer,PO BOX,98311
98395,PO boxes,,Wauna,WA,Post Office or large volume customer,PO BOX,98329
98397,PO boxes,,Longmire,WA,Post Office or large volume customer,PO BOX,98304
98398,PO boxes,,Paradise Inn,WA,Post Office or large volume customer,PO BOX,98304
98401,PO boxes,,Tacoma,WA,Post Office or large volume customer,PO BOX,98402
98411,PO boxes,,Tacoma,WA,Post Office or large volume customer,PO BOX,98409
98412,PO boxes,,Tacoma,WA,Post Office or large volume customer,PO BOX,98444
98413,other,,Tacoma,WA,Post Office or large volume customer,STANDARD,98409
98415,PO boxes,,Tacoma,WA,Post Office or large volume customer,PO BOX,98405
98417,PO boxes,,Tacoma,WA,Post Office or large volume customer,PO BOX,98407
98419,PO boxes,,Tacoma,WA,Post Office or large volume customer,PO BOX,98418
98431,organization,Madigan Army Medical Center,Tacoma,WA,Post Office or large volume customer,UNIQUE,98433
98448,PO boxes,,Tacoma,WA,Post Office or large volume customer,PO BOX,98444
98464,PO boxes,,Tacoma,WA,Post Office or large volume customer,PO BOX,98466
98471,business reply mail,World Vision Brm,Tacoma,WA,Post Office or large volume customer,UNIQUE,98405
98481,organization,World Vision,Tacoma,WA,Post Office or large volume customer,UNIQUE,98409
98490,PO boxes,,Tacoma,WA,Post Office or large volume customer,PO BOX,98409
98493,organization,Veterans Hospital,Tacoma,WA,Post Office or large volume customer,UNIQUE,98498
98496,PO boxes,,Lakewood,WA,Post Office or large volume customer,PO BOX,98499
98497,PO boxes,,Lakewood,WA,Post Office or large volume customer,PO BOX,98498
98504,organization,Washington State Department,Olympia,WA,Post Office or large volume customer,UNIQUE,98501
98507,PO boxes,,Olympia,WA,Post Office or large volume customer,PO BOX,98501
98508,PO boxes,,Olympia,WA,Post Office or large volume customer,PO BOX,98502
98509,PO boxes,,Lacey,WA,Post Office or large volume customer,PO BOX,98503
98511,PO boxes,,Tumwater,WA,Post Office or large volume customer,PO BOX,98501
98522,PO boxes,,Adna,WA,Post Office or large volume customer,PO BOX,98532
98540,PO boxes,,East Olympia,WA,Post Office or large volume customer,PO BOX,98501
98554,PO boxes,,Lebam,WA,Post Office or large volume customer,PO BOX,98577
98561,PO boxes,,Menlo,WA,Post Office or large volume customer,PO BOX,98577
98599,business reply mail,Olympia Brm,Olympia,WA,Post Office or large volume customer,UNIQUE,98501
98622,PO boxes,,Heisson,WA,Post Office or large volume customer,PO BOX,98604
98637,PO boxes,,Nahcotta,WA,Post Office or large volume customer,PO BOX,98640
98666,PO boxes,,Vancouver,WA,Post Office or large volume customer,PO BOX,98660
98668,PO boxes,,Vancouver,WA,Post Office or large volume customer,PO BOX,98661
98687,PO boxes,,Vancouver,WA,Post Office or large volume customer,PO BOX,98684
98807,PO boxes,,Wenatchee,WA,Post Office or large volume customer,PO BOX,98801
98904,PO boxes,,Yakima,WA,Post Office or large volume customer,PO BOX,98908
98907,PO boxes,,Yakima,WA,Post Office or large volume customer,PO BOX,98901
98909,PO boxes,,Yakima,WA,Post Office or large volume customer,PO BOX,98903
98920,PO boxes,,Brownstown,WA,Post Office or large volume customer,PO BOX,98933
99104,other,,Belmont,WA,Post Office or large volume customer,STANDARD,99158
99164,organization,Washington State University,Pullman,WA,Zip Code Area,UNIQUE,99163
99209,PO boxes,,Spokane,WA,Post Office or large volume customer,PO BOX,99205
99210,PO boxes,,Spokane,WA,Post Office or large volume customer,PO BOX,99201
99211,PO boxes,,Spokane,WA,Post Office or large volume customer,PO BOX,99212
99213,PO boxes,,Spokane,WA,Post Office or large volume customer,PO BOX,99212
99214,PO boxes,,Spokane,WA,Post Office or large volume customer,PO BOX,99206
99215,PO boxes,,Spokane,WA,Post Office or large volume customer,PO BOX,99216
99219,PO boxes,,Spokane,WA,Post Office or large volume customer,PO BOX,99224
99220,PO boxes,,Spokane,WA,Post Office or large volume customer,PO BOX,99202
99228,PO boxes,,Spokane,WA,Post Office or large volume customer,PO BOX,99205
99252,organization,Avista Corp,Spokane,WA,Post Office or large volume customer,UNIQUE,99207
99256,organization,Spokane City Trea,Spokane,WA,Post Office or large volume customer,UNIQUE,99201
99260,organization,Public Safety Bldg,Spokane,WA,Post Office or large volume customer,UNIQUE,99201
99302,PO boxes,,Pasco,WA,Post Office or large volume customer,PO BOX,99301
99509,PO boxes,,Anchorage,AK,Post Office or large volume customer,PO BOX,99517
99510,PO boxes,,Anchorage,AK,Post Office or large volume customer,PO BOX,99501
99511,PO boxes,,Anchorage,AK,Post Office or large volume customer,PO BOX,99515
99514,PO boxes,,Anchorage,AK,Post Office or large volume customer,PO BOX,99508
99520,PO boxes,,Anchorage,AK,Post Office or large volume customer,PO BOX,99501
99521,PO boxes,,Anchorage,AK,Post Office or large volume customer,PO BOX,99504
99522,PO boxes,,Anchorage,AK,Post Office or large volume customer,PO BOX,99502
99523,PO boxes,,Anchorage,AK,Post Office or large volume customer,PO BOX,99507
99524,PO boxes,,Anchorage,AK,Post Office or large volume customer,PO BOX,99503
99529,other,,Anchorage,AK,Post Office or large volume customer,STANDARD,99530
99545,PO boxes,,Kongiganak,AK,Post Office or large volume customer,PO BOX,99559
99599,other,,Anchorage,AK,Post Office or large volume customer,STANDARD,99503
99619,PO boxes,,Kodiak,AK,Post Office or large volume customer,PO BOX,99615
99629,PO boxes,,Wasilla,AK,Post Office or large volume customer,PO BOX,99654
99687,PO boxes,,Wasilla,AK,Post Office or large volume customer,PO BOX,99654
99697,PO boxes,,Kodiak,AK,Post Office or large volume customer,PO BOX,99615
99708,PO boxes,,Fairbanks,AK,Post Office or large volume customer,PO BOX,99709
99710,PO boxes,,Fairbanks,AK,Post Office or large volume customer,PO BOX,99712
99711,PO boxes,,Fairbanks,AK,Post Office or large volume customer,PO BOX,99705
99716,PO boxes,,Two Rivers,AK,Post Office or large volume customer,PO BOX,99709
99731,PO boxes,,Fort Greely,AK,Post Office or large volume customer,PO BOX,99737
99802,PO boxes,,Juneau,AK,Post Office or large volume customer,PO BOX,99801
99803,PO boxes,,Juneau,AK,Post Office or large volume customer,PO BOX,99801
99811,PO boxes,,Juneau,AK,Post Office or large volume customer,PO BOX,99801
99812,business reply mail,State Of Alaska  Brm,Juneau,AK,Post Office or large volume customer,UNIQUE,99801
99821,PO boxes,,Auke Bay,AK,Post Office or large volume customer,PO BOX,99801
99928,PO boxes,,Ward Cove,AK,Post Office or large volume customer,PO BOX,99901
99950,PO boxes,,Ketchikan,AK,Zip Code Area,PO BOX,99921
