zip,po_name,state,zip_type,zcta,zcta_teams,nba_teams,status,same_as_zcta
00501,Holtsville,NY,Post Office or large volume customer,11742,BKN|NYK,,http 404,
00544,Holtsville,NY,Post Office or large volume customer,11742,BKN|NYK,,http 404,
00604,Aguadilla,PR,Post Office or large volume customer,00603,,,http 404,
00605,Aguadilla,PR,Post Office or large volume customer,00603,,,http 404,
00613,Arecibo,PR,Post Office or large volume customer,00612,,,http 404,
00614,Arecibo,PR,Post Office or large volume customer,00612,,,http 404,
00681,Mayaguez,PR,Post Office or large volume customer,00682,,,http 404,
00721,Palmer,PR,Post Office or large volume customer,00745,,,http 404,
00726,Caguas,PR,Post Office or large volume customer,00725,,,http 404,
00732,Ponce,PR,Post Office or large volume customer,00730,,,http 404,
00733,Ponce,PR,Post Office or large volume customer,00730,,,http 404,
00734,Ponce,PR,Post Office or large volume customer,00730,,,http 404,
00737,Cayey,PR,Post Office or large volume customer,00736,,,http 404,
00742,Roosevelt Roads,PR,Post Office or large volume customer,00735,,,http 404,
00744,Rio Blanco,PR,Post Office or large volume customer,00718,,,http 404,
00785,Guayama,PR,Post Office or large volume customer,00784,,,http 404,
00792,Humacao,PR,Post Office or large volume customer,00791,,,http 404,
00801,St Thomas,VI,Post Office or large volume customer,00802,,,http 404,
00803,St Thomas,VI,Post Office or large volume customer,00802,,,http 404,
00804,St Thomas,VI,Post Office or large volume customer,00802,,,http 404,
00805,St Thomas,VI,Post Office or large volume customer,00802,,,http 404,
00821,Christiansted,VI,Post Office or large volume customer,00820,,,http 404,
00822,Christiansted,VI,Post Office or large volume customer,00820,,,http 404,
00823,Christiansted,VI,Post Office or large volume customer,00820,,,http 404,
00824,Christiansted,VI,Post Office or large volume customer,00820,,,http 404,
00831,St John,VI,Post Office or large volume customer,00830,,,http 404,
00841,Frederiksted,VI,Post Office or large volume customer,00840,,,http 404,
00902,San Juan,PR,Post Office or large volume customer,00901,,,http 404,
00908,San Juan,PR,Post Office or large volume customer,00907,,,http 404,
00910,San Juan,PR,Post Office or large volume customer,00909,,,http 404,
00914,San Juan,PR,Post Office or large volume customer,00911,,,http 404,
00916,San Juan,PR,Post Office or large volume customer,00915,,,http 404,
00919,San Juan,PR,Post Office or large volume customer,00918,,,http 404,
00922,San Juan,PR,Post Office or large volume customer,00966,,,http 404,
00928,San Juan,PR,Post Office or large volume customer,00925,,,http 404,
00929,San Juan,PR,Post Office or large volume customer,00924,,,http 404,
00930,San Juan,PR,Post Office or large volume customer,00923,,,http 404,
00931,San Juan,PR,Post Office or large volume customer,00925,,,http 404,
00933,San Juan,PR,Post Office or large volume customer,00918,,,http 404,
00935,San Juan,PR,Post Office or large volume customer,00921,,,http 404,
00936,San Juan,PR,Post Office or large volume customer,00918,,,http 404,
00937,San Juan,PR,Post Office or large volume customer,00979,,,http 404,
00939,San Juan,PR,Post Office or large volume customer,00918,,,http 404,
00940,San Juan,PR,Post Office or large volume customer,00909,,,http 404,
00954,Toa Alta,PR,Post Office or large volume customer,00953,,,http 404,
00955,San Juan,PR,Post Office or large volume customer,00921,,,http 404,
00958,Bayamon,PR,Post Office or large volume customer,00957,,,http 404,
00963,Catano,PR,Post Office or large volume customer,00962,,,http 404,
00970,Guaynabo,PR,Post Office or large volume customer,00969,,,http 404,
00975,San Juan,PR,Post Office or large volume customer,00917,,,http 404,
00977,Trujillo Alto,PR,Post Office or large volume customer,00962,,,http 404,
00978,Saint Just,PR,Post Office or large volume customer,00976,,,http 404,
00981,Carolina,PR,Post Office or large volume customer,00979,,,http 404,
00984,Carolina,PR,Post Office or large volume customer,00983,,,http 404,
00986,Carolina,PR,Post Office or large volume customer,00985,,,http 404,
00988,Carolina,PR,Post Office or large volume customer,00983,,,http 404,
01004,Amherst,MA,Post Office or large volume customer,01002,BOS,,ok,no
01014,Chicopee,MA,Post Office or large volume customer,01013,BOS,,ok,no
01021,Chicopee,MA,Post Office or large volume customer,01020,BOS,BOS,ok,yes
01041,Holyoke,MA,Post Office or large volume customer,01040,BOS,BOS,ok,yes
01059,North Amherst,MA,Post Office or large volume customer,01002,BOS,,http 404,
01061,Northampton,MA,Post Office or large volume customer,01060,BOS,BOS,ok,yes
01086,Westfield,MA,Post Office or large volume customer,01085,BOS,BOS,ok,yes
01090,West Springfield,MA,Post Office or large volume customer,01089,BOS,BOS,ok,yes
01101,Springfield,MA,Post Office or large volume customer,01103,BOS,BOS,ok,yes
01102,Springfield,MA,Post Office or large volume customer,01103,BOS,BOS,ok,yes
01111,Springfield,MA,Post Office or large volume customer,01109,BOS,BOS,ok,yes
01115,Springfield,MA,Post Office or large volume customer,01144,BOS,BOS,ok,yes
01116,Longmeadow,MA,Post Office or large volume customer,01106,BOS,,http 404,
01138,Springfield,MA,Post Office or large volume customer,01108,BOS,BOS,ok,yes
01139,Springfield,MA,Post Office or large volume customer,01109,BOS,BOS,ok,yes
01152,Springfield,MA,Post Office or large volume customer,01151,BOS,BOS,ok,yes
01199,Springfield,MA,Post Office or large volume customer,01107,BOS,BOS,ok,yes
01202,Pittsfield,MA,Post Office or large volume customer,01201,BOS,BOS,ok,yes
01203,Pittsfield,MA,Post Office or large volume customer,01201,BOS,BOS,ok,yes
01227,Dalton,MA,Post Office or large volume customer,01226,BOS,BOS,ok,yes
01252,North Egremont,MA,Post Office or large volume customer,01230,BOS,BOS,ok,yes
01263,Stockbridge,MA,Post Office or large volume customer,01262,BOS,BOS,ok,yes
01302,Greenfield,MA,Post Office or large volume customer,01301,,BOS,ok,no
01441,Westminster,MA,Post Office or large volume customer,01473,BOS,BOS,ok,yes
01467,Still River,MA,Post Office or large volume customer,01451,BOS,,http 404,
01470,Groton,MA,Post Office or large volume customer,01450,BOS,,ok,no
01471,Groton,MA,Post Office or large volume customer,01450,BOS,BOS,ok,yes
01472,West Groton,MA,Post Office or large volume customer,01450,BOS,,ok,no
01508,Charlton City,MA,Post Office or large volume customer,01507,BOS,,ok,no
01509,Charlton Depot,MA,Post Office or large volume customer,01507,BOS,,ok,no
01526,Manchaug,MA,Post Office or large volume customer,01590,BOS,,ok,no
01538,North Uxbridge,MA,Post Office or large volume customer,01569,BOS,,http 404,
01546,Shrewsbury,MA,Post Office or large volume customer,01545,BOS,BOS,ok,yes
01586,West Millbury,MA,Post Office or large volume customer,01527,BOS,,http 404,
01601,Worcester,MA,Post Office or large volume customer,01608,BOS,,ok,no
01613,Worcester,MA,Post Office or large volume customer,01604,BOS,BOS,ok,yes
01614,Worcester,MA,Post Office or large volume customer,01608,BOS,,http 404,
01615,Worcester,MA,Post Office or large volume customer,01605,BOS,BOS,ok,yes
01653,Worcester,MA,Post Office or large volume customer,01605,BOS,BOS,ok,yes
01655,Worcester,MA,Post Office or large volume customer,01605,BOS,BOS,ok,yes
01703,Framingham,MA,Post Office or large volume customer,01701,BOS,,http 404,
01704,Framingham,MA,Post Office or large volume customer,01702,BOS,,http 404,
01705,Framingham,MA,Post Office or large volume customer,01701,BOS,,http 404,
01784,Woodville,MA,Post Office or large volume customer,01748,BOS,,http 404,
01805,Burlington,MA,Post Office or large volume customer,01803,BOS,BOS,ok,yes
01812,Andover,MA,Post Office or large volume customer,01810,BOS,BOS,ok,yes
01813,Woburn,MA,Post Office or large volume customer,01801,BOS,BOS,ok,yes
01815,Woburn,MA,Post Office or large volume customer,01801,BOS,BOS,ok,yes
01822,Billerica,MA,Post Office or large volume customer,01821,BOS,,http 404,
01831,Haverhill,MA,Post Office or large volume customer,01830,BOS,BOS,ok,yes
01842,Lawrence,MA,Post Office or large volume customer,01840,BOS,BOS,ok,yes
01853,Lowell,MA,Post Office or large volume customer,01854,BOS,BOS,ok,yes
01865,Nutting Lake,MA,Post Office or large volume customer,01821,BOS,,ok,no
01866,Pinehurst,MA,Post Office or large volume customer,01821,BOS,,ok,no
01885,West Boxford,MA,Post Office or large volume customer,01921,BOS,,http 404,
01888,Woburn,MA,Post Office or large volume customer,01801,BOS,BOS,ok,yes
01889,North Reading,MA,Post Office or large volume customer,01864,BOS,BOS,ok,yes
01899,Andover,MA,Post Office or large volume customer,01810,BOS,BOS,ok,yes
01903,Lynn,MA,Post Office or large volume customer,01901,BOS,BOS,ok,yes
01910,Lynn,MA,Post Office or large volume customer,01905,BOS,BOS,ok,yes
01931,Gloucester,MA,Post Office or large volume customer,01930,BOS,BOS,ok,yes
01936,Hamilton,MA,Post Office or large volume customer,01982,BOS,,ok,no
01961,Peabody,MA,Post Office or large volume customer,01960,BOS,,ok,no
01971,Salem,MA,Post Office or large volume customer,01970,BOS,BOS,ok,yes
02018,Accord,MA,Post Office or large volume customer,02043,BOS,,ok,no
02020,Brant Rock,MA,Zip Code Area,02050,BOS,,ok,no
02027,Dedham,MA,Post Office or large volume customer,02026,BOS,BOS,ok,yes
02040,Greenbush,MA,Post Office or large volume customer,02066,BOS,,ok,no
02041,Green Harbor,MA,Post Office or large volume customer,02050,BOS,,ok,no
02044,Hingham,MA,Post Office or large volume customer,02043,BOS,BOS,ok,yes
02051,Marshfield Hills,MA,Post Office or large volume customer,02050,BOS,,http 404,
02055,Minot,MA,Post Office or large volume customer,02066,BOS,,ok,no
02059,North Marshfield,MA,Post Office or large volume customer,02050,BOS,,http 404,
02060,North Scituate,MA,Post Office or large volume customer,02066,BOS,,http 404,
02065,Ocean Bluff,MA,Post Office or large volume customer,02050,BOS,,http 404,
02070,Sheldonville,MA,Post Office or large volume customer,02093,BOS,,http 404,
02112,Boston,MA,Post Office or large volume customer,02111,BOS,BOS,ok,yes
02117,Boston,MA,Post Office or large volume customer,02116,BOS,BOS,ok,yes
02123,Boston,MA,Post Office or large volume customer,02115,BOS,BOS,ok,yes
02137,Readville,MA,Post Office or large volume customer,02136,BOS,,ok,no
02153,Medford,MA,Zip Code Area,02155,BOS,BOS,ok,yes
02156,West Medford,MA,Post Office or large volume customer,02155,BOS,,http 404,
02185,Braintree,MA,Post Office or large volume customer,02184,BOS,BOS,ok,yes
02187,Milton Village,MA,Post Office or large volume customer,02186,BOS,,ok,no
02196,Boston,MA,Post Office or large volume customer,02110,BOS,BOS,ok,yes
02201,Boston,MA,Post Office or large volume customer,02108,BOS,BOS,ok,yes
02204,Boston,MA,Post Office or large volume customer,02150,BOS,BOS,ok,yes
02206,Boston,MA,Post Office or large volume customer,02150,BOS,BOS,ok,yes
02211,Boston,MA,Post Office or large volume customer,02109,BOS,BOS,ok,yes
02212,Boston,MA,Post Office or large volume customer,02109,BOS,,ok,no
02217,Boston,MA,Post Office or large volume customer,02116,BOS,BOS,ok,yes
02222,Boston,MA,Post Office or large volume customer,02114,BOS,BOS,ok,yes
02238,Cambridge,MA,Post Office or large volume customer,02138,BOS,,ok,no
02241,Boston,MA,Post Office or large volume customer,02110,BOS,,http 404,
02269,Quincy,MA,Post Office or large volume customer,02169,BOS,BOS,ok,yes
02283,Boston,MA,Post Office or large volume customer,02205,BOS,,http 404,
02284,Boston,MA,Post Office or large volume customer,02205,BOS,,ok,no
02293,Boston,MA,Post Office or large volume customer,02205,BOS,,ok,no
02297,Boston,MA,Post Office or large volume customer,02205,BOS,,ok,no
02298,Boston,MA,Post Office or large volume customer,02205,BOS,,http 404,
02303,Brockton,MA,Post Office or large volume customer,02302,BOS,,ok,no
02304,Brockton,MA,Post Office or large volume customer,02301,BOS,,http 404,
02305,Brockton,MA,Post Office or large volume customer,02301,BOS,,ok,no
02327,Bryantville,MA,Post Office or large volume customer,02359,BOS,,http 404,
02331,Duxbury,MA,Post Office or large volume customer,02332,BOS,,ok,no
02334,Easton,MA,Post Office or large volume customer,02356,BOS,,ok,no
02337,Elmwood,MA,Post Office or large volume customer,02333,BOS,,http 404,
02344,Middleboro,MA,Post Office or large volume customer,02346,BOS,BOS,ok,yes
02345,Manomet,MA,Post Office or large volume customer,02360,BOS,,ok,no
02348,Lakeville,MA,Post Office or large volume customer,02347,BOS,BOS,ok,yes
02349,Middleboro,MA,Post Office or large volume customer,02347,BOS,BOS,ok,yes
02355,North Carver,MA,Post Office or large volume customer,02330,BOS,,http 404,
02358,North Pembroke,MA,Post Office or large volume customer,02359,BOS,,ok,no
02361,Plymouth,MA,Post Office or large volume customer,02360,BOS,,http 404,
02362,Plymouth,MA,Post Office or large volume customer,02360,BOS,,ok,no
02381,White Horse Beach,MA,Post Office or large volume customer,02360,BOS,,ok,no
02447,Brookline Village,MA,Post Office or large volume customer,02445,BOS,,ok,no
02454,Waltham,MA,Post Office or large volume customer,02453,BOS,,ok,no
02455,North Waltham,MA,Post Office or large volume customer,02452,BOS,,http 404,
02456,New Town,MA,Post Office or large volume customer,02472,BOS,,ok,no
02471,Watertown,MA,Post Office or large volume customer,02472,BOS,,ok,no
02475,Arlington Heights,MA,Post Office or large volume customer,02476,BOS,,http 404,
02477,Watertown,MA,Post Office or large volume customer,02472,BOS,,ok,no
02479,Waverley,MA,Post Office or large volume customer,02478,BOS,,http 404,
02495,Nonantum,MA,Post Office or large volume customer,02458,BOS,,http 404,
02541,Falmouth,MA,Post Office or large volume customer,02540,BOS,,ok,no
02552,Menemsha,MA,Post Office or large volume customer,02535,BOS,,http 404,
02574,West Falmouth,MA,Post Office or large volume customer,02540,BOS,,ok,no
02634,Centerville,MA,Post Office or large volume customer,02632,BOS,BOS,ok,yes
02651,North Eastham,MA,Post Office or large volume customer,02642,BOS,,ok,no
02661,South Harwich,MA,Post Office or large volume customer,02645,BOS,,ok,no
02662,South Orleans,MA,Post Office or large volume customer,02653,BOS,,ok,no
02669,West Chatham,MA,Post Office or large volume customer,02633,BOS,,ok,no
02712,Chartley,MA,Post Office or large volume customer,02766,BOS,,ok,no
02714,Dartmouth,MA,Post Office or large volume customer,02748,BOS,,ok,no
02722,Fall River,MA,Post Office or large volume customer,02721,BOS,BOS,ok,yes
02741,New Bedford,MA,Post Office or large volume customer,02740,BOS,BOS,ok,yes
02742,New Bedford,MA,Post Office or large volume customer,02740,BOS,BOS,ok,yes
02761,North Attleboro,MA,Post Office or large volume customer,02760,BOS,BOS,ok,yes
02768,Raynham Center,MA,Post Office or large volume customer,02767,BOS,,http 404,
02801,Adamsville,RI,Post Office or large volume customer,02837,BOS,,ok,no
02862,Pawtucket,RI,Post Office or large volume customer,02860,BOS,BOS,ok,yes
02877,Slocum,RI,Zip Code Area,02874,BOS,BOS,ok,yes
02880,Wakefield,RI,Post Office or large volume customer,02879,BOS,,ok,no
02883,Peace Dale,RI,Post Office or large volume customer,02879,BOS,,ok,no
02887,Warwick,RI,Post Office or large volume customer,02886,BOS,BOS,ok,yes
02901,Providence,RI,Post Office or large volume customer,02903,BOS,BOS,ok,yes
02902,Providence,RI,Post Office or large volume customer,02903,BOS,BOS,ok,yes
02940,Providence,RI,Post Office or large volume customer,02904,BOS,BOS,ok,yes
03040,East Candia,NH,Post Office or large volume customer,03034,BOS,,http 404,
03041,East Derry,NH,Post Office or large volume customer,03038,BOS,,http 404,
03061,Nashua,NH,Post Office or large volume customer,03060,BOS,BOS,ok,yes
03073,North Salem,NH,Post Office or large volume customer,03079,BOS,,ok,no
03105,Manchester,NH,Post Office or large volume customer,03101,BOS,BOS,ok,yes
03108,Manchester,NH,Post Office or large volume customer,03103,BOS,BOS,ok,yes
03111,Manchester,NH,Post Office or large volume customer,03103,BOS,BOS,ok,yes
03247,Laconia,NH,Post Office or large volume customer,03246,,BOS,ok,no
03252,Lochmere,NH,Post Office or large volume customer,03276,BOS,BOS,ok,yes
03272,South Newbury,NH,Post Office or large volume customer,03255,,,http 404,
03289,Winnisquam,NH,Post Office or large volume customer,03220,,BOS,ok,no
03298,Tilton,NH,Post Office or large volume customer,03253,BOS,,http 404,
03299,Tilton,NH,Post Office or large volume customer,03253,BOS,,http 404,
03302,Concord,NH,Post Office or large volume customer,03301,BOS,BOS,ok,yes
03305,Concord,NH,Post Office or large volume customer,03301,BOS,BOS,ok,yes
03435,Keene,NH,Post Office or large volume customer,03431,BOS,,ok,no
03468,West Peterborough,NH,Post Office or large volume customer,03458,BOS,,http 404,
03469,West Swanzey,NH,Post Office or large volume customer,03446,BOS,,ok,no
03589,Mount Washington,NH,Post Office or large volume customer,03593,,BOS,ok,no
03746,Cornish Flat,NH,Post Office or large volume customer,03745,BOS,BOS,ok,yes
03749,Enfield Center,NH,Post Office or large volume customer,03748,BOS,BOS,ok,yes
03754,Guild,NH,Post Office or large volume customer,03773,BOS,BOS,ok,yes
03756,Lebanon,NH,Zip Code Area,03766,BOS,BOS,ok,yes
03769,Lyme Center,NH,Post Office or large volume customer,03768,BOS,BOS,ok,yes
03802,Portsmouth,NH,Post Office or large volume customer,03801,BOS,BOS,ok,yes
03803,Portsmouth,NH,Post Office or large volume customer,03801,BOS,BOS,ok,yes
03804,Portsmouth,ME,Post Office or large volume customer,03904,BOS,BOS,ok,yes
03815,Center Strafford,NH,Post Office or large volume customer,03884,BOS,BOS,ok,yes
03821,Dover,NH,Post Office or large volume customer,03820,BOS,BOS,ok,yes
03822,Dover,NH,Post Office or large volume customer,03820,BOS,BOS,ok,yes
03843,Hampton,NH,Post Office or large volume customer,03842,BOS,,ok,no
03859,Newton Junction,NH,Post Office or large volume customer,03858,BOS,,http 404,
03866,Rochester,NH,Post Office or large volume customer,03867,BOS,,ok,no
03896,Wolfeboro Falls,NH,Post Office or large volume customer,03894,BOS,BOS,ok,yes
04004,Bar Mills,ME,Post Office or large volume customer,04093,BOS,BOS,ok,yes
04007,Biddeford,ME,Post Office or large volume customer,04005,BOS,BOS,ok,yes
04013,Bustins Island,ME,Zip Code Area,04032,BOS,BOS,ok,yes
04014,Cape Porpoise,ME,Post Office or large volume customer,04046,,BOS,ok,no
04016,Center Lovell,ME,Post Office or large volume customer,04051,BOS,BOS,ok,yes
04028,East Parsonsfield,ME,Post Office or large volume customer,04047,BOS,BOS,ok,yes
04033,Freeport,ME,Post Office or large volume customer,04032,BOS,BOS,ok,yes
04034,Freeport,ME,Post Office or large volume customer,04032,BOS,,http 404,
04054,Moody,ME,Post Office or large volume customer,04090,BOS,,http 404,
04070,Scarborough,ME,Post Office or large volume customer,04074,BOS,BOS,ok,yes
04077,South Casco,ME,Post Office or large volume customer,04015,BOS,BOS,ok,yes
04078,South Freeport,ME,Post Office or large volume customer,04032,BOS,BOS,ok,yes
04082,South Windham,ME,Post Office or large volume customer,04062,BOS,BOS,ok,yes
04094,West Kennebunk,ME,Post Office or large volume customer,04043,BOS,,http 404,
04098,Westbrook,ME,Post Office or large volume customer,04092,BOS,BOS,ok,yes
04104,Portland,ME,Post Office or large volume customer,04101,BOS,BOS,ok,yes
04112,Portland,ME,Post Office or large volume customer,04101,BOS,BOS,ok,yes
04116,South Portland,ME,Post Office or large volume customer,04106,BOS,BOS,ok,yes
04122,Portland,ME,Post Office or large volume customer,04102,BOS,BOS,ok,yes
04123,Portland,ME,Post Office or large volume customer,04102,BOS,BOS,ok,yes
04124,Portland,ME,Post Office or large volume customer,04102,BOS,BOS,ok,yes
04211,Auburn,ME,Post Office or large volume customer,04210,BOS,BOS,ok,yes
04212,Auburn,ME,Post Office or large volume customer,04210,BOS,BOS,ok,yes
04223,Danville,ME,Post Office or large volume customer,04210,BOS,BOS,ok,yes
04225,Dryden,ME,Post Office or large volume customer,04294,BOS,BOS,ok,yes
04228,East Livermore,ME,Post Office or large volume customer,04254,BOS,BOS,ok,yes
04230,East Poland,ME,Post Office or large volume customer,04274,BOS,BOS,ok,yes
04241,Lewiston,ME,Post Office or large volume customer,04240,BOS,BOS,ok,yes
04243,Lewiston,ME,Post Office or large volume customer,04240,BOS,BOS,ok,yes
04262,North Jay,ME,Post Office or large volume customer,04239,BOS,BOS,ok,yes
04266,North Turner,ME,Post Office or large volume customer,04282,BOS,BOS,ok,yes
04288,West Minot,ME,Post Office or large volume customer,04258,BOS,BOS,ok,yes
04291,West Poland,ME,Post Office or large volume customer,04274,BOS,BOS,ok,yes
04332,Augusta,ME,Post Office or large volume customer,04330,BOS,BOS,ok,yes
04333,Augusta,ME,Post Office or large volume customer,04330,BOS,,ok,no
04336,Augusta,ME,Post Office or large volume customer,04330,BOS,BOS,ok,yes
04338,Augusta,ME,Post Office or large volume customer,04330,BOS,BOS,ok,yes
04343,East Winthrop,ME,Post Office or large volume customer,04364,BOS,BOS,ok,yes
04402,Bangor,ME,Post Office or large volume customer,04401,BOS,BOS,ok,yes
04420,Castine,ME,Post Office or large volume customer,04421,BOS,BOS,ok,yes
04549,Isle of Springs,ME,Zip Code Area,04575,BOS,BOS,ok,yes
04565,Sebasco Estates,ME,Post Office or large volume customer,04562,BOS,BOS,ok,yes
04629,East Blue Hill,ME,Post Office or large volume customer,04614,BOS,BOS,ok,yes
04637,Grand Lake Stream,ME,Post Office or large volume customer,04668,BOS,BOS,ok,yes
04644,Hulls Cove,ME,Post Office or large volume customer,04609,BOS,BOS,ok,yes
04672,Salsbury Cove,ME,Post Office or large volume customer,04609,BOS,BOS,ok,yes
04738,Crouseville,ME,Post Office or large volume customer,04786,BOS,BOS,ok,yes
04741,Estcourt Station,ME,Zip Code Area,04774,BOS,BOS,ok,yes
04744,Fort Kent Mills,ME,Post Office or large volume customer,04743,BOS,BOS,ok,yes
04751,Limestone,ME,Zip Code Area,04750,BOS,BOS,ok,yes
04775,Sheridan,ME,Post Office or large volume customer,04732,BOS,BOS,ok,yes
04850,Lincolnville Center,ME,Post Office or large volume customer,04849,BOS,BOS,ok,yes
04865,West Rockport,ME,Post Office or large volume customer,04856,BOS,BOS,ok,yes
04903,Waterville,ME,Post Office or large volume customer,04901,BOS,BOS,ok,yes
04933,East Newport,ME,Post Office or large volume customer,04953,BOS,BOS,ok,yes
04935,East Vassalboro,ME,Post Office or large volume customer,04989,BOS,BOS,ok,yes
04954,New Portland,ME,Post Office or large volume customer,04961,BOS,BOS,ok,yes
04962,North Vassalboro,ME,Post Office or large volume customer,04926,BOS,BOS,ok,yes
04972,Sandy Point,ME,Post Office or large volume customer,04981,BOS,BOS,ok,yes
05047,Hartford,VT,Post Office or large volume customer,05001,BOS,BOS,ok,yes
05049,Hartland Four Corners,VT,Post Office or large volume customer,05048,BOS,BOS,ok,yes
05054,North Thetford,VT,Post Office or large volume customer,05043,BOS,BOS,ok,yes
05074,Thetford,VT,Post Office or large volume customer,05083,BOS,BOS,ok,yes
05085,West Newbury,VT,Post Office or large volume customer,05051,BOS,BOS,ok,yes
05159,Westminster Station,VT,Post Office or large volume customer,05158,BOS,BOS,ok,yes
05302,Brattleboro,VT,Post Office or large volume customer,05301,BOS,BOS,ok,yes
05303,Brattleboro,VT,Post Office or large volume customer,05301,BOS,BOS,ok,yes
05304,Brattleboro,VT,Post Office or large volume customer,05301,BOS,BOS,ok,yes
05357,West Dummerston,VT,Post Office or large volume customer,05301,BOS,BOS,ok,yes
05402,Burlington,VT,Post Office or large volume customer,05401,BOS,BOS,ok,yes
05406,Burlington,VT,Post Office or large volume customer,05403,BOS,BOS,ok,yes
05407,South Burlington,VT,Post Office or large volume customer,05403,BOS,BOS,ok,yes
05449,Colchester,VT,Post Office or large volume customer,05446,BOS,BOS,ok,yes
05451,Essex,VT,Post Office or large volume customer,05452,BOS,BOS,ok,yes
05453,Essex Junction,VT,Post Office or large volume customer,05452,BOS,BOS,ok,yes
05460,Highgate Springs,VT,Post Office or large volume customer,05488,BOS,BOS,ok,yes
05466,Jonesville,VT,Post Office or large volume customer,05477,BOS,BOS,ok,yes
05469,Monkton,VT,Post Office or large volume customer,05443,BOS,BOS,ok,yes
05470,Montgomery,VT,Post Office or large volume customer,05471,BOS,BOS,ok,yes
05479,Saint Albans,VT,Post Office or large volume customer,05478,BOS,BOS,ok,yes
05490,Underhill Center,VT,Post Office or large volume customer,05489,BOS,BOS,ok,yes
05501,Andover,MA,Post Office or large volume customer,01810,BOS,BOS,ok,yes
05601,Montpelier,VT,Post Office or large volume customer,05602,BOS,BOS,ok,yes
05603,Montpelier,VT,Post Office or large volume customer,05602,BOS,BOS,ok,yes
05604,Montpelier,VT,Post Office or large volume customer,05602,BOS,BOS,ok,yes
05609,Montpelier,VT,Post Office or large volume customer,05602,BOS,BOS,ok,yes
05620,Montpelier,VT,Post Office or large volume customer,05602,BOS,BOS,ok,yes
05633,Montpelier,VT,Post Office or large volume customer,05602,BOS,BOS,ok,yes
05657,Lake Elmore,VT,Post Office or large volume customer,05661,BOS,BOS,ok,yes
05662,Moscow,VT,Post Office or large volume customer,05672,BOS,BOS,ok,yes
05665,North Hyde Park,VT,Post Office or large volume customer,05655,BOS,BOS,ok,yes
05671,Waterbury,VT,Zip Code Area,05676,BOS,BOS,ok,yes
05702,Rutland,VT,Post Office or large volume customer,05701,BOS,BOS,ok,yes
05740,East Middlebury,VT,Post Office or large volume customer,05753,BOS,BOS,ok,yes
05741,East Poultney,VT,Post Office or large volume customer,05764,BOS,BOS,ok,yes
05745,Forest Dale,VT,Post Office or large volume customer,05733,BOS,BOS,ok,yes
05750,Hydeville,VT,Post Office or large volume customer,05735,BOS,BOS,ok,yes
05823,Beebe Plain,VT,Post Office or large volume customer,05855,BOS,BOS,ok,yes
05838,East Saint Johnsbury,VT,Post Office or large volume customer,05819,BOS,BOS,ok,yes
05848,Lower Waterford,VT,Post Office or large volume customer,05819,BOS,BOS,ok,yes
05849,Lyndon,VT,Post Office or large volume customer,05851,BOS,BOS,ok,yes
05861,Passumpsic,VT,Post Office or large volume customer,05819,BOS,BOS,ok,yes
05863,Saint Johnsbury Center,VT,Post Office or large volume customer,05819,BOS,BOS,ok,yes
06006,Windsor,CT,Post Office or large volume customer,06095,BKN|BOS,BKN|BOS,ok,yes
06011,Bristol,CT,Post Office or large volume customer,06010,BKN|BOS|NYK,BKN|BOS,ok,no
06025,East Glastonbury,CT,Post Office or large volume customer,06033,BKN|BOS,BOS,ok,no
06028,East Windsor Hill,CT,Post Office or large volume customer,06074,BKN|BOS,BKN|BOS,ok,yes
06030,Farmington,CT,Post Office or large volume customer,06032,BKN|BOS,BKN|BOS,ok,yes
06034,Farmington,CT,Post Office or large volume customer,06032,BKN|BOS,BKN|BOS,ok,yes
06041,Manchester,CT,Post Office or large volume customer,06042,BKN|BOS,BKN|BOS,ok,yes
06045,Manchester,CT,Post Office or large volume customer,06042,BKN|BOS,BKN|BOS,ok,yes
06050,New Britain,CT,Post Office or large volume customer,06051,BKN|BOS,BKN|BOS,ok,yes
06064,Poquonock,CT,Post Office or large volume customer,06095,BKN|BOS,BKN|BOS,ok,yes
06075,Stafford,CT,Post Office or large volume customer,06076,BOS,,ok,no
06077,Staffordville,CT,Post Office or large volume customer,06076,BOS,,http 404,
06083,Enfield,CT,Post Office or large volume customer,06082,BOS,BOS,ok,yes
06094,Winchester Center,CT,Post Office or large volume customer,06098,BKN|BOS,BKN|BOS,ok,yes
06101,Hartford,CT,Post Office or large volume customer,06120,BKN|BOS,BKN|BOS,ok,yes
06102,Hartford,CT,Post Office or large volume customer,06103,BKN|BOS,BKN|BOS,ok,yes
06104,Hartford,CT,Post Office or large volume customer,06120,BKN|BOS,BKN|BOS,ok,yes
06115,Hartford,CT,Post Office or large volume customer,06105,BKN|BOS,BKN|BOS,ok,yes
06123,Hartford,CT,Post Office or large volume customer,06103,BKN|BOS,BKN|BOS,ok,yes
06126,Hartford,CT,Post Office or large volume customer,06106,BKN|BOS,BKN|BOS,ok,yes
06127,West Hartford,CT,Post Office or large volume customer,06107,BKN|BOS,BKN|BOS,ok,yes
06128,East Hartford,CT,Post Office or large volume customer,06108,BKN|BOS,BKN|BOS,ok,yes
06129,Wethersfield,CT,Post Office or large volume customer,06109,BKN|BOS,BKN|BOS,ok,yes
06131,Newington,CT,Post Office or large volume customer,06111,BKN|BOS,BKN|BOS,ok,yes
06132,Hartford,CT,Post Office or large volume customer,06112,BKN|BOS,BKN|BOS,ok,yes
06133,West Hartford,CT,Post Office or large volume customer,06110,BKN|BOS,BKN|BOS,ok,yes
06134,Hartford,CT,Post Office or large volume customer,06114,BKN|BOS,BKN|BOS,ok,yes
06137,West Hartford,CT,Post Office or large volume customer,06117,BKN|BOS,BKN|BOS,ok,yes
06138,East Hartford,CT,Post Office or large volume customer,06118,BKN|BOS,BKN|BOS,ok,yes
06140,Hartford,CT,Post Office or large volume customer,06120,BKN|BOS,BKN|BOS,ok,yes
06141,Hartford,CT,Post Office or large volume customer,06120,BKN|BOS,BKN|BOS,ok,yes
06142,Hartford,CT,Post Office or large volume customer,06120,BKN|BOS,BKN|BOS,ok,yes
06143,Hartford,CT,Post Office or large volume customer,06120,BKN|BOS,BKN|BOS,ok,yes
06144,Hartford,CT,Post Office or large volume customer,06120,BKN|BOS,BKN|BOS,ok,yes
06145,Hartford,CT,Post Office or large volume customer,06120,BKN|BOS,BKN|BOS,ok,yes
06146,Hartford,CT,Post Office or large volume customer,06120,BKN|BOS,BKN|BOS,ok,yes
06147,Hartford,CT,Post Office or large volume customer,06120,BKN|BOS,BKN|BOS,ok,yes
06150,Hartford,CT,Post Office or large volume customer,06120,BKN|BOS,BKN|BOS,ok,yes
06151,Hartford,CT,Post Office or large volume customer,06120,BKN|BOS,BKN|BOS,ok,yes
06152,Hartford,CT,Post Office or large volume customer,06002,BKN|BOS,BKN|BOS,ok,yes
06153,Hartford,CT,Post Office or large volume customer,06032,BKN|BOS,BKN|BOS,ok,yes
06154,Hartford,CT,Post Office or large volume customer,06105,BKN|BOS,BKN|BOS,ok,yes
06155,Hartford,CT,Post Office or large volume customer,06105,BKN|BOS,BKN|BOS,ok,yes
06156,Hartford,CT,Post Office or large volume customer,06105,BKN|BOS,BKN|BOS,ok,yes
06160,Hartford,CT,Post Office or large volume customer,06105,BKN|BOS,BKN|BOS,ok,yes
06161,Hartford,CT,Post Office or large volume customer,06109,BKN|BOS,BKN|BOS,ok,yes
06167,Hartford,CT,Post Office or large volume customer,06106,BKN|BOS,BKN,ok,no
06176,Hartford,CT,Post Office or large volume customer,06103,BKN|BOS,BKN|BOS,ok,yes
06180,Hartford,CT,Post Office or large volume customer,06107,BKN|BOS,BKN|BOS,ok,yes
06183,Hartford,CT,Post Office or large volume customer,06103,BKN|BOS,BKN|BOS,ok,yes
06199,Hartford,CT,Post Office or large volume customer,06096,BKN|BOS,BKN|BOS,ok,yes
06230,Abington,CT,Zip Code Area,06259,BOS,BOS,ok,yes
06233,Ballouville,CT,Post Office or large volume customer,06241,BOS,,http 404,
06244,East Woodstock,CT,Post Office or large volume customer,06281,BOS,,http 404,
06245,Fabyan,CT,Post Office or large volume customer,06255,BOS,BOS,ok,yes
06246,Grosvenor Dale,CT,Post Office or large volume customer,06255,BOS,,http 404,
06251,Mansfield Depot,CT,Post Office or large volume customer,06268,BOS,,http 404,
06265,South Willington,CT,Post Office or large volume customer,06279,BOS,BOS,ok,yes
06267,South Woodstock,CT,Post Office or large volume customer,06259,BOS,,ok,no
06349,Groton,CT,Zip Code Area,06340,,,ok,yes
06372,Old Mystic,CT,Post Office or large volume customer,06355,,,http 404,
06383,Versailles,CT,Post Office or large volume customer,06351,BKN,,ok,no
06388,West Mystic,CT,Post Office or large volume customer,06355,,,ok,yes
06404,Botsford,CT,Post Office or large volume customer,06470,BKN|NYK,BKN,ok,no
06408,Cheshire,CT,Post Office or large volume customer,06410,BKN|NYK,BKN,ok,no
06411,Cheshire,CT,Post Office or large volume customer,06410,BKN|NYK,BKN|NYK,ok,yes
06440,Hawleyville,CT,Post Office or large volume customer,06470,BKN|NYK,BKN,ok,no
06474,North Westchester,CT,Post Office or large volume customer,06415,BKN,NYK,ok,no
06487,South Britain,CT,Post Office or large volume customer,06488,BKN|NYK,BKN,ok,no
06491,Stevenson,CT,Post Office or large volume customer,06468,BKN|NYK,BKN,ok,no
06493,Wallingford,CT,Post Office or large volume customer,06492,BKN|NYK,BKN|NYK,ok,yes
06494,Wallingford,CT,Post Office or large volume customer,06492,BKN|NYK,BKN|NYK,ok,yes
06495,Wallingford,CT,Post Office or large volume customer,06492,BKN|NYK,BKN,ok,no
06501,New Haven,CT,Post Office or large volume customer,06510,BKN|NYK,BKN|NYK,ok,yes
06502,New Haven,CT,Post Office or large volume customer,06510,BKN|NYK,BKN|NYK,ok,yes
06503,New Haven,CT,Post Office or large volume customer,06510,BKN|NYK,BKN|NYK,ok,yes
06504,New Haven,CT,Post Office or large volume customer,06510,BKN|NYK,BKN|NYK,ok,yes
06505,New Haven,CT,Post Office or large volume customer,06510,BKN|NYK,BKN|NYK,ok,yes
06506,New Haven,CT,Post Office or large volume customer,06510,BKN|NYK,BKN|NYK,ok,yes
06507,New Haven,CT,Post Office or large volume customer,06510,BKN|NYK,BKN|NYK,ok,yes
06508,New Haven,CT,Post Office or large volume customer,06510,BKN|NYK,BKN|NYK,ok,yes
06509,New Haven,CT,Post Office or large volume customer,06510,BKN|NYK,BKN|NYK,ok,yes
06520,New Haven,CT,Post Office or large volume customer,06511,BKN|NYK,BKN,ok,no
06521,New Haven,CT,Post Office or large volume customer,06510,BKN|NYK,BKN|NYK,ok,yes
06530,New Haven,CT,Post Office or large volume customer,06511,BKN|NYK,BKN|NYK,ok,yes
06531,New Haven,CT,Post Office or large volume customer,06511,BKN|NYK,BKN|NYK,ok,yes
06532,New Haven,CT,Post Office or large volume customer,06511,BKN|NYK,BKN|NYK,ok,yes
06533,New Haven,CT,Post Office or large volume customer,06511,BKN|NYK,BKN|NYK,ok,yes
06534,New Haven,CT,Post Office or large volume customer,06511,BKN|NYK,BKN|NYK,ok,yes
06535,New Haven,CT,Post Office or large volume customer,06511,BKN|NYK,BKN|NYK,ok,yes
06536,New Haven,CT,Post Office or large volume customer,06511,BKN|NYK,BKN|NYK,ok,yes
06537,New Haven,CT,Post Office or large volume customer,06511,BKN|NYK,BKN|NYK,ok,yes
06538,New Haven,CT,Post Office or large volume customer,06511,BKN|NYK,BKN|NYK,ok,yes
06540,New Haven,CT,Post Office or large volume customer,06511,BKN|NYK,BKN|NYK,ok,yes
06601,Bridgeport,CT,Post Office or large volume customer,06604,BKN|NYK,BKN|NYK,ok,yes
06602,Bridgeport,CT,Post Office or large volume customer,06604,BKN|NYK,BKN|NYK,ok,yes
06673,Bridgeport,CT,Post Office or large volume customer,06615,BKN|NYK,BKN|NYK,ok,yes
06699,Bridgeport,CT,Post Office or large volume customer,06604,BKN|NYK,BKN|NYK,ok,yes
06701,Waterbury,CT,Post Office or large volume customer,06702,BKN|NYK,BKN,ok,no
06703,Waterbury,CT,Post Office or large volume customer,06704,BKN|NYK,BKN,ok,no
06720,Waterbury,CT,Post Office or large volume customer,06702,BKN|NYK,BKN,ok,no
06721,Waterbury,CT,Post Office or large volume customer,06702,BKN|NYK,BKN,ok,no
06722,Waterbury,CT,Post Office or large volume customer,06702,BKN|NYK,BKN,ok,no
06723,Waterbury,CT,Post Office or large volume customer,06702,BKN|NYK,BKN,ok,no
06724,Waterbury,CT,Post Office or large volume customer,06702,BKN|NYK,BKN,ok,no
06725,Waterbury,CT,Post Office or large volume customer,06702,BKN|NYK,BKN,ok,no
06726,Waterbury,CT,Post Office or large volume customer,06702,BKN|NYK,BKN,ok,no
06749,Waterbury,CT,Post Office or large volume customer,06762,BKN|NYK,BKN,ok,no
06781,Pequabuck,CT,Post Office or large volume customer,06786,BKN|NYK,BKN,ok,no
06792,Torrington,CT,Post Office or large volume customer,06790,BKN|NYK,BKN,ok,no
06813,Danbury,CT,Post Office or large volume customer,06810,BKN|NYK,BKN|NYK,ok,yes
06828,Fairfield,CT,Post Office or large volume customer,06825,BKN|NYK,BKN,ok,no
06829,Georgetown,CT,Post Office or large volume customer,06883,BKN|NYK,BKN,ok,no
06836,Greenwich,CT,Post Office or large volume customer,06830,BKN|NYK,BKN|NYK,ok,yes
06838,Greens Farms,CT,Post Office or large volume customer,06880,BKN|NYK,BKN,ok,no
06852,Norwalk,CT,Post Office or large volume customer,06850,BKN|NYK,BKN|NYK,ok,yes
06856,Norwalk,CT,Post Office or large volume customer,06854,BKN|NYK,BKN|NYK,ok,yes
06857,Norwalk,CT,Post Office or large volume customer,06854,BKN|NYK,BKN|NYK,ok,yes
06858,Norwalk,CT,Post Office or large volume customer,06850,BKN|NYK,BKN|NYK,ok,yes
06860,Norwalk,CT,Post Office or large volume customer,06854,BKN|NYK,BKN|NYK,ok,yes
06875,Redding Center,CT,Post Office or large volume customer,06896,BKN|NYK,BKN,ok,no
06876,Redding Ridge,CT,Post Office or large volume customer,06896,BKN|NYK,BKN,ok,no
06879,Ridgefield,CT,Post Office or large volume customer,06877,BKN|NYK,BKN|NYK,ok,yes
06881,Westport,CT,Post Office or large volume customer,06880,BKN|NYK,BKN,ok,no
06888,Westport,CT,Post Office or large volume customer,06880,BKN|NYK,BKN|NYK,ok,yes
06889,Westport,CT,Post Office or large volume customer,06880,BKN|NYK,BKN|NYK,ok,yes
06904,Stamford,CT,Post Office or large volume customer,06902,BKN|NYK,BKN|NYK,ok,yes
06910,Stamford,CT,Post Office or large volume customer,06902,BKN|NYK,BKN|NYK,ok,yes
06911,Stamford,CT,Post Office or large volume customer,06902,BKN|NYK,BKN|NYK,ok,yes
06912,Stamford,CT,Post Office or large volume customer,06902,BKN|NYK,BKN|NYK,ok,yes
06913,Stamford,CT,Post Office or large volume customer,06902,BKN|NYK,BKN|NYK,ok,yes
06914,Stamford,CT,Post Office or large volume customer,06901,BKN|NYK,BKN,ok,no
06926,Stamford,CT,Post Office or large volume customer,06902,BKN|NYK,BKN|NYK,ok,yes
06927,Stamford,CT,Post Office or large volume customer,06905,BKN|NYK,BKN|NYK,ok,yes
07007,Caldwell,NJ,Post Office or large volume customer,07006,BKN|NYK,BKN|NYK,ok,yes
07015,Clifton,NJ,Post Office or large volume customer,07011,BKN|NYK,BKN|NYK,ok,yes
07019,East Orange,NJ,Post Office or large volume customer,07018,BKN|NYK,BKN|NYK,ok,yes
07051,Orange,NJ,Post Office or large volume customer,07050,BKN|NYK,BKN|NYK,ok,yes
07061,Plainfield,NJ,Post Office or large volume customer,07060,BKN|NYK,BKN|NYK,ok,yes
07091,Westfield,NJ,Post Office or large volume customer,07090,BKN|NYK,BKN|NYK,ok,yes
07096,Secaucus,NJ,Post Office or large volume customer,07094,BKN|NYK,BKN|NYK,ok,yes
07097,Jersey City,NJ,Post Office or large volume customer,07307,BKN|NYK,BKN|NYK,ok,yes
07099,Kearny,NJ,Post Office or large volume customer,07032,BKN|NYK,BKN|NYK,ok,yes
07101,Newark,NJ,Post Office or large volume customer,07102,BKN|NYK,BKN|NYK,ok,yes
07175,Newark,NJ,Post Office or large volume customer,07102,BKN|NYK,BKN|NYK,ok,yes
07184,Newark,NJ,Post Office or large volume customer,07102,BKN|NYK,BKN|NYK,ok,yes
07188,Newark,NJ,Post Office or large volume customer,07102,BKN|NYK,BKN|NYK,ok,yes
07189,Newark,NJ,Post Office or large volume customer,07102,BKN|NYK,BKN|NYK,ok,yes
07191,Newark,NJ,Post Office or large volume customer,07102,BKN|NYK,BKN|NYK,ok,yes
07192,Newark,NJ,Post Office or large volume customer,07102,BKN|NYK,BKN|NYK,ok,yes
07193,Newark,NJ,Post Office or large volume customer,07102,BKN|NYK,BKN|NYK,ok,yes
07195,Newark,NJ,Post Office or large volume customer,07102,BKN|NYK,BKN|NYK,ok,yes
07198,Newark,NJ,Post Office or large volume customer,07102,BKN|NYK,BKN|NYK,ok,yes
07199,Newark,NJ,Post Office or large volume customer,07102,BKN|NYK,BKN|NYK,ok,yes
07207,Elizabeth,NJ,Post Office or large volume customer,07208,BKN|NYK,BKN|NYK,ok,yes
07303,Jersey City,NJ,Post Office or large volume customer,07302,BKN|NYK,BKN|NYK,ok,yes
07308,Jersey City,NJ,Post Office or large volume customer,07302,BKN|NYK,BKN|NYK,ok,yes
07395,Jersey City,NJ,Post Office or large volume customer,07302,BKN|NYK,BKN,ok,no
07399,Jersey City,NJ,Post Office or large volume customer,07307,BKN|NYK,BKN|NYK,ok,yes
07428,Mc Afee,NJ,Post Office or large volume customer,07462,BKN|NYK,BKN,ok,no
07451,Ridgewood,NJ,Post Office or large volume customer,07450,BKN|NYK,BKN|NYK,ok,yes
07474,Wayne,NJ,Post Office or large volume customer,07470,BKN|NYK,BKN|NYK,ok,yes
07495,Mahwah,NJ,Post Office or large volume customer,07430,BKN|NYK,BKN|NYK,ok,yes
07507,Hawthorne,NJ,Post Office or large volume customer,07506,BKN|NYK,BKN|NYK,ok,yes
07509,Paterson,NJ,Post Office or large volume customer,07505,BKN|NYK,BKN|NYK,ok,yes
07510,Paterson,NJ,Post Office or large volume customer,07505,BKN|NYK,BKN|NYK,ok,yes
07511,Totowa,NJ,Post Office or large volume customer,07512,BKN|NYK,BKN|NYK,ok,yes
07533,Paterson,NJ,Post Office or large volume customer,07503,BKN|NYK,BKN|NYK,ok,yes
07538,Haledon,NJ,Post Office or large volume customer,07508,BKN|NYK,BKN|NYK,ok,yes
07543,Paterson,NJ,Post Office or large volume customer,07513,BKN|NYK,BKN|NYK,ok,yes
07544,Paterson,NJ,Post Office or large volume customer,07505,BKN|NYK,BKN|NYK,ok,yes
07602,Hackensack,NJ,Post Office or large volume customer,07601,BKN|NYK,BKN|NYK,ok,yes
07653,Paramus,NJ,Post Office or large volume customer,07652,BKN|NYK,BKN|NYK,ok,yes
07699,Teterboro,NJ,Post Office or large volume customer,07608,BKN|NYK,BKN,ok,no
07710,Adelphia,NJ,Post Office or large volume customer,07728,BKN|NYK,BKN,ok,no
07715,Belmar,NJ,Post Office or large volume customer,07719,BKN|NYK,BKN|NYK,ok,yes
07752,Navesink,NJ,Post Office or large volume customer,07716,BKN|NYK,BKN,ok,no
07754,Neptune,NJ,Post Office or large volume customer,07753,BKN|NYK,BKN,ok,no
07763,Tennent,NJ,Post Office or large volume customer,07726,BKN|NYK,BKN,ok,no
07765,Wickatunk,NJ,Post Office or large volume customer,07751,BKN|NYK,BKN,ok,no
07799,Eatontown,NJ,Post Office or large volume customer,07724,BKN|NYK,BKN|NYK,ok,yes
07802,Dover,NJ,Post Office or large volume customer,07801,BKN|NYK,BKN,ok,no
07806,Picatinny Arsenal,NJ,Post Office or large volume customer,07801,BKN|NYK,BKN|NYK,ok,yes
07837,Glasser,NJ,Post Office or large volume customer,07821,BKN|NYK,BKN,ok,no
07839,Greendell,NJ,Post Office or large volume customer,07821,BKN|NYK,BKN,ok,no
07845,Ironia,NJ,Post Office or large volume customer,07945,BKN|NYK,BKN,ok,no
07855,Middleville,NJ,Post Office or large volume customer,07860,BKN|NYK,BKN,ok,no
07875,Stillwater,NJ,Post Office or large volume customer,07860,BKN|NYK,BKN,ok,no
07877,Swartswood,NJ,Post Office or large volume customer,07860,BKN|NYK,BKN,ok,no
07879,Tranquility,NJ,Post Office or large volume customer,07821,BKN|NYK,BKN,ok,no
07890,Branchville,NJ,Post Office or large volume customer,07826,BKN|NYK,BKN|NYK,ok,yes
07902,Summit,NJ,Post Office or large volume customer,07901,BKN|NYK,BKN|NYK,ok,yes
07938,Liberty Corner,NJ,Post Office or large volume customer,07920,BKN|NYK,BKN,ok,no
07962,Morristown,NJ,Post Office or large volume customer,07960,BKN|NYK,BKN|NYK,ok,yes
07963,Morristown,NJ,Post Office or large volume customer,07960,BKN|NYK,BKN,ok,no
07978,Pluckemin,NJ,Post Office or large volume customer,07921,BKN|NYK,BKN,ok,no
07999,Whippany,NJ,Post Office or large volume customer,07981,BKN|NYK,BKN|NYK,ok,yes
08018,Cedar Brook,NJ,Post Office or large volume customer,08009,PHI,PHI,ok,yes
08025,Ewan,NJ,Post Office or large volume customer,08062,PHI,PHI,ok,yes
08076,Riverton,NJ,Post Office or large volume customer,08077,PHI,,http 404,
08099,Bellmawr,NJ,Post Office or large volume customer,08031,PHI,PHI,ok,yes
08101,Camden,NJ,Post Office or large volume customer,08102,PHI,,ok,no
08213,Cologne,NJ,Post Office or large volume customer,08215,PHI,PHI,ok,yes
08214,Dennisville,NJ,Zip Code Area,08270,PHI,PHI,ok,yes
08218,Goshen,NJ,Post Office or large volume customer,08210,PHI,PHI,ok,yes
08219,Green Creek,NJ,Post Office or large volume customer,08204,PHI,PHI,ok,yes
08220,Leeds Point,NJ,Post Office or large volume customer,08205,PHI,,ok,no
08231,Oceanville,NJ,Post Office or large volume customer,08205,PHI,,ok,no
08250,Tuckahoe,NJ,Post Office or large volume customer,08270,PHI,,ok,no
08252,Whitesboro,NJ,Post Office or large volume customer,08210,PHI,,http 404,
08313,Deerfield Street,NJ,Post Office or large volume customer,08302,PHI,PHI,ok,yes
08315,Dividing Creek,NJ,Post Office or large volume customer,08349,PHI,PHI,ok,yes
08342,Mizpah,NJ,Post Office or large volume customer,08330,PHI,PHI,ok,yes
08347,Norma,NJ,Post Office or large volume customer,08318,PHI,PHI,ok,yes
08362,Vineland,NJ,Post Office or large volume customer,08360,PHI,,ok,no
08404,Atlantic City,NJ,Post Office or large volume customer,08401,PHI,,ok,no
08405,Atlantic City,NJ,Post Office or large volume customer,08401,PHI,,ok,no
08504,Blawenburg,NJ,Post Office or large volume customer,08558,BKN|NYK,BKN|NYK,ok,yes
08526,Imlaystown,NJ,Post Office or large volume customer,08514,NYK|PHI,NYK|PHI,ok,yes
08541,Princeton,NJ,Post Office or large volume customer,08540,BKN|NYK,BKN|NYK,ok,yes
08543,Princeton,NJ,Post Office or large volume customer,08540,BKN|NYK,BKN|NYK,ok,yes
08556,Rosemont,NJ,Zip Code Area,08559,BKN|NYK,BKN|NYK,ok,yes
08557,Sergeantsville,NJ,Post Office or large volume customer,08559,BKN|NYK,BKN|NYK,ok,yes
08601,Trenton,NJ,Post Office or large volume customer,08608,BKN|NYK,BKN|NYK,ok,yes
08602,Trenton,NJ,Post Office or large volume customer,08608,BKN|NYK,BKN|NYK,ok,yes
08603,Trenton,NJ,Post Office or large volume customer,08608,BKN|NYK,BKN|NYK,ok,yes
08604,Trenton,NJ,Post Office or large volume customer,08608,BKN|NYK,BKN|NYK,ok,yes
08605,Trenton,NJ,Post Office or large volume customer,08608,BKN|NYK,BKN|NYK,ok,yes
08606,Trenton,NJ,Post Office or large volume customer,08608,BKN|NYK,BKN|NYK,ok,yes
08607,Trenton,NJ,Post Office or large volume customer,08608,BKN|NYK,BKN|NYK,ok,yes
08625,Trenton,NJ,Post Office or large volume customer,08608,BKN|NYK,BKN|NYK,ok,yes
08645,Trenton,NJ,Post Office or large volume customer,08608,BKN|NYK,BKN|NYK,ok,yes
08646,Trenton,NJ,Post Office or large volume customer,08608,BKN|NYK,BKN|NYK,ok,yes
08647,Trenton,NJ,Post Office or large volume customer,08608,BKN|NYK,BKN|NYK,ok,yes
08650,Trenton,NJ,Post Office or large volume customer,08691,BKN|NYK,BKN|NYK,ok,yes
08666,Trenton,NJ,Post Office or large volume customer,08608,BKN|NYK,BKN|NYK,ok,yes
08695,Trenton,NJ,Post Office or large volume customer,08608,BKN|NYK,BKN|NYK,ok,yes
08739,Normandy Beach,NJ,Post Office or large volume customer,08735,NYK|PHI,NYK,ok,no
08754,Toms River,NJ,Post Office or large volume customer,08753,NYK|PHI,NYK,ok,no
08756,Toms River,NJ,Post Office or large volume customer,08721,NYK|PHI,NYK,ok,no
08803,Baptistown,NJ,Post Office or large volume customer,08825,BKN|NYK,BKN,ok,no
08808,Broadway,NJ,Post Office or large volume customer,07882,BKN|NYK,BKN,ok,no
08818,Edison,NJ,Post Office or large volume customer,08817,BKN|NYK,BKN|NYK,ok,yes
08834,Little York,NJ,Post Office or large volume customer,08848,BKN|NYK,BKN,ok,no
08855,Piscataway,NJ,Post Office or large volume customer,08854,BKN|NYK,BKN,ok,no
08862,Perth Amboy,NJ,Post Office or large volume customer,08861,BKN|NYK,BKN,ok,no
08868,Quakertown,NJ,Post Office or large volume customer,08867,BKN|NYK,BKN,ok,no
08870,Readington,NJ,Post Office or large volume customer,08889,BKN|NYK,BKN,ok,no
08871,Sayreville,NJ,Post Office or large volume customer,08872,BKN|NYK,BKN|NYK,ok,yes
08875,Somerset,NJ,Post Office or large volume customer,08873,BKN|NYK,BKN|NYK,ok,yes
08885,Stanton,NJ,Post Office or large volume customer,08822,BKN|NYK,BKN,ok,no
08888,Whitehouse,NJ,Post Office or large volume customer,08889,BKN|NYK,BKN,ok,no
08899,Edison,NJ,Post Office or large volume customer,08817,BKN|NYK,BKN|NYK,ok,yes
08903,New Brunswick,NJ,Post Office or large volume customer,08901,BKN|NYK,BKN|NYK,ok,yes
08906,New Brunswick,NJ,Post Office or large volume customer,08817,BKN|NYK,BKN,ok,no
08933,New Brunswick,NJ,Post Office or large volume customer,08901,BKN|NYK,BKN|NYK,ok,yes
08989,New Brunswick,NJ,Post Office or large volume customer,08817,BKN|NYK,BKN|NYK,ok,yes
10008,New York,NY,Post Office or large volume customer,10007,BKN|NYK,BKN|NYK,ok,yes
10041,New York,NY,Post Office or large volume customer,10004,BKN|NYK,BKN|NYK,ok,yes
10043,New York,NY,Post Office or large volume customer,10005,BKN|NYK,BKN|NYK,ok,yes
10045,New York,NY,Post Office or large volume customer,10005,BKN|NYK,BKN|NYK,ok,yes
10055,New York,NY,Post Office or large volume customer,10022,BKN|NYK,BKN|NYK,ok,yes
10060,New York,NY,Post Office or large volume customer,10199,BKN|NYK,BKN,ok,no
10080,New York,NY,Post Office or large volume customer,10280,BKN|NYK,BKN|NYK,ok,yes
10081,New York,NY,Post Office or large volume customer,10005,BKN|NYK,BKN|NYK,ok,yes
10087,New York,NY,Post Office or large volume customer,10017,BKN|NYK,BKN|NYK,ok,yes
10090,New York,NY,Post Office or large volume customer,10007,BKN|NYK,BKN,ok,no
10101,New York,NY,Post Office or large volume customer,10019,BKN|NYK,BKN|NYK,ok,yes
10102,New York,NY,Post Office or large volume customer,10019,BKN|NYK,BKN|NYK,ok,yes
10104,New York,NY,Post Office or large volume customer,10019,BKN|NYK,BKN|NYK,ok,yes
10105,New York,NY,Post Office or large volume customer,10019,BKN|NYK,BKN|NYK,ok,yes
10106,New York,NY,Post Office or large volume customer,10019,BKN|NYK,BKN|NYK,ok,yes
10107,New York,NY,Post Office or large volume customer,10019,BKN|NYK,BKN|NYK,ok,yes
10108,New York,NY,Post Office or large volume customer,10036,BKN|NYK,BKN|NYK,ok,yes
10109,New York,NY,Post Office or large volume customer,10036,BKN|NYK,BKN|NYK,ok,yes
10113,New York,NY,Post Office or large volume customer,10011,BKN|NYK,BKN|NYK,ok,yes
10114,New York,NY,Post Office or large volume customer,10003,BKN|NYK,BKN|NYK,ok,yes
10116,New York,NY,Post Office or large volume customer,10001,BKN|NYK,BKN|NYK,ok,yes
10117,New York,NY,Post Office or large volume customer,10119,BKN|NYK,BKN|NYK,ok,yes
10118,New York,NY,Post Office or large volume customer,10001,BKN|NYK,BKN|NYK,ok,yes
10120,New York,NY,Post Office or large volume customer,10001,BKN|NYK,BKN|NYK,ok,yes
10121,New York,NY,Post Office or large volume customer,10011,BKN|NYK,BKN|NYK,ok,yes
10122,New York,NY,Post Office or large volume customer,10001,BKN|NYK,BKN|NYK,ok,yes
10123,New York,NY,Post Office or large volume customer,10001,BKN|NYK,BKN|NYK,ok,yes
10124,New York,NY,Post Office or large volume customer,10152,BKN|NYK,BKN|NYK,ok,yes
10125,New York,NY,Post Office or large volume customer,10001,BKN|NYK,BKN|NYK,ok,yes
10126,New York,NY,Post Office or large volume customer,10022,BKN|NYK,BKN|NYK,ok,yes
10129,New York,NY,Post Office or large volume customer,10018,BKN|NYK,BKN|NYK,ok,yes
10130,New York,NY,Post Office or large volume customer,10001,BKN|NYK,BKN|NYK,ok,yes
10131,New York,NY,Post Office or large volume customer,10021,BKN|NYK,BKN|NYK,ok,yes
10132,New York,NY,Post Office or large volume customer,10024,BKN|NYK,BKN|NYK,ok,yes
10133,New York,NY,Post Office or large volume customer,10023,BKN|NYK,BKN|NYK,ok,yes
10138,New York,NY,Post Office or large volume customer,10016,BKN|NYK,BKN|NYK,ok,yes
10150,New York,NY,Post Office or large volume customer,10022,BKN|NYK,BKN|NYK,ok,yes
10151,New York,NY,Post Office or large volume customer,10022,BKN|NYK,BKN|NYK,ok,yes
10155,New York,NY,Post Office or large volume customer,10022,BKN|NYK,BKN|NYK,ok,yes
10156,New York,NY,Post Office or large volume customer,10016,BKN|NYK,BKN|NYK,ok,yes
10157,New York,NY,Post Office or large volume customer,10016,BKN|NYK,BKN|NYK,ok,yes
10158,New York,NY,Post Office or large volume customer,10016,BKN|NYK,BKN|NYK,ok,yes
10159,New York,NY,Post Office or large volume customer,10010,BKN|NYK,BKN|NYK,ok,yes
10160,New York,NY,Post Office or large volume customer,10010,BKN|NYK,BKN|NYK,ok,yes
10163,New York,NY,Post Office or large volume customer,10170,BKN|NYK,BKN|NYK,ok,yes
10164,New York,NY,Post Office or large volume customer,10017,BKN|NYK,BKN|NYK,ok,yes
10166,New York,NY,Post Office or large volume customer,10017,BKN|NYK,BKN|NYK,ok,yes
10175,New York,NY,Post Office or large volume customer,10173,BKN|NYK,BKN|NYK,ok,yes
10176,New York,NY,Post Office or large volume customer,10017,BKN|NYK,BKN|NYK,ok,yes
10178,New York,NY,Post Office or large volume customer,10016,BKN|NYK,BKN|NYK,ok,yes
10179,New York,NY,Post Office or large volume customer,10017,BKN|NYK,BKN,ok,no
10185,New York,NY,Post Office or large volume customer,10017,BKN|NYK,BKN|NYK,ok,yes
10203,New York,NY,Post Office or large volume customer,10005,BKN|NYK,BKN,ok,no
10211,New York,NY,Post Office or large volume customer,10199,BKN|NYK,BKN|NYK,ok,yes
10212,New York,NY,Post Office or large volume customer,10199,BKN|NYK,BKN|NYK,ok,yes
10213,New York,NY,Post Office or large volume customer,10013,BKN|NYK,BKN|NYK,ok,yes
10242,New York,NY,Post Office or large volume customer,10007,BKN|NYK,BKN|NYK,ok,yes
10249,New York,NY,Post Office or large volume customer,10007,BKN|NYK,BKN|NYK,ok,yes
10256,New York,NY,Post Office or large volume customer,10006,BKN|NYK,BKN|NYK,ok,yes
10258,New York,NY,Post Office or large volume customer,10271,BKN|NYK,BKN,ok,no
10259,New York,NY,Post Office or large volume customer,10017,BKN|NYK,BKN|NYK,ok,yes
10260,New York,NY,Post Office or large volume customer,10005,BKN|NYK,BKN|NYK,ok,yes
10261,New York,NY,Post Office or large volume customer,10017,BKN|NYK,BKN|NYK,ok,yes
10265,New York,NY,Post Office or large volume customer,10005,BKN|NYK,BKN|NYK,ok,yes
10268,New York,NY,Post Office or large volume customer,10007,BKN|NYK,BKN|NYK,ok,yes
10269,New York,NY,Post Office or large volume customer,10005,BKN|NYK,BKN|NYK,ok,yes
10270,New York,NY,Post Office or large volume customer,10005,BKN|NYK,BKN|NYK,ok,yes
10272,New York,NY,Post Office or large volume customer,10038,BKN|NYK,BKN|NYK,ok,yes
10273,New York,NY,Post Office or large volume customer,10038,BKN|NYK,BKN|NYK,ok,yes
10274,New York,NY,Post Office or large volume customer,10007,BKN|NYK,BKN|NYK,ok,yes
10275,New York,NY,Post Office or large volume customer,10004,BKN|NYK,BKN|NYK,ok,yes
10276,New York,NY,Post Office or large volume customer,10003,BKN|NYK,BKN|NYK,ok,yes
10277,New York,NY,Post Office or large volume customer,10278,BKN|NYK,BKN|NYK,ok,yes
10281,New York,NY,Zip Code Area,10280,BKN|NYK,BKN|NYK,ok,yes
10285,New York,NY,Post Office or large volume customer,10282,BKN|NYK,BKN|NYK,ok,yes
10286,New York,NY,Post Office or large volume customer,10005,BKN|NYK,BKN|NYK,ok,yes
10313,Staten Island,NY,Post Office or large volume customer,10314,BKN|NYK,BKN|NYK,ok,yes
10521,Croton on Hudson,NY,Post Office or large volume customer,10520,BKN|NYK,BKN,ok,no
10551,Mount Vernon,NY,Post Office or large volume customer,10550,BKN|NYK,BKN|NYK,ok,yes
10587,Shenorock,NY,Post Office or large volume customer,10598,BKN|NYK,BKN,ok,no
10602,White Plains,NY,Post Office or large volume customer,10606,BKN|NYK,BKN|NYK,ok,yes
10610,White Plains,NY,Post Office or large volume customer,10604,BKN|NYK,BKN|NYK,ok,yes
10702,Yonkers,NY,Post Office or large volume customer,10701,BKN|NYK,BKN|NYK,ok,yes
10802,New Rochelle,NY,Post Office or large volume customer,10801,BKN|NYK,BKN|NYK,ok,yes
10912,Bellvale,NY,Post Office or large volume customer,10990,BKN|NYK,BKN,ok,no
10949,Monroe,NY,Post Office or large volume customer,10950,BKN|NYK,BKN,ok,no
10959,New Milford,NY,Post Office or large volume customer,10990,BKN|NYK,BKN,ok,no
10981,Sugar Loaf,NY,Post Office or large volume customer,10918,BKN|NYK,BKN,ok,no
10982,Tallman,NY,Post Office or large volume customer,10901,BKN|NYK,BKN,ok,no
10997,West Point,NY,Post Office or large volume customer,10996,BKN|NYK,BKN|NYK,ok,yes
11002,Floral Park,NY,Post Office or large volume customer,11001,BKN|NYK,BKN|NYK,ok,yes
11022,Great Neck,NY,Post Office or large volume customer,11021,BKN|NYK,BKN|NYK,ok,yes
11026,Great Neck,NY,Post Office or large volume customer,11021,BKN|NYK,BKN|NYK,ok,yes
11027,Great Neck,NY,Post Office or large volume customer,11021,BKN|NYK,BKN|NYK,ok,yes
11051,Port Washington,NY,Post Office or large volume customer,11050,BKN|NYK,BKN|NYK,ok,yes
11052,Port Washington,NY,Post Office or large volume customer,11050,BKN|NYK,BKN|NYK,ok,yes
11053,Port Washington,NY,Post Office or large volume customer,11050,BKN|NYK,BKN|NYK,ok,yes
11054,Port Washington,NY,Post Office or large volume customer,11050,BKN|NYK,BKN|NYK,ok,yes
11055,Port Washington,NY,Post Office or large volume customer,11050,BKN|NYK,BKN|NYK,ok,yes
11120,Long Island City,NY,Post Office or large volume customer,11101,BKN|NYK,BKN|NYK,ok,yes
11202,Brooklyn,NY,Post Office or large volume customer,11201,BKN|NYK,BKN|NYK,ok,yes
11241,Brooklyn,NY,Post Office or large volume customer,11201,BKN|NYK,BKN|NYK,ok,yes
11242,Brooklyn,NY,Post Office or large volume customer,11201,BKN|NYK,BKN|NYK,ok,yes
11243,Brooklyn,NY,Post Office or large volume customer,11217,BKN|NYK,BKN|NYK,ok,yes
11245,Brooklyn,NY,Post Office or large volume customer,11201,BKN|NYK,BKN|NYK,ok,yes
11247,Brooklyn,NY,Post Office or large volume customer,11216,BKN|NYK,BKN|NYK,ok,yes
11251,Brooklyn,NY,Zip Code Area,11205,BKN|NYK,BKN|NYK,ok,yes
11252,Brooklyn,NY,Zip Code Area,11209,BKN|NYK,BKN|NYK,ok,yes
11256,Brooklyn,NY,Post Office or large volume customer,11208,BKN|NYK,BKN|NYK,ok,yes
11351,Flushing,NY,Post Office or large volume customer,11356,BKN|NYK,BKN|NYK,ok,yes
11352,Flushing,NY,Post Office or large volume customer,11355,BKN|NYK,BKN|NYK,ok,yes
11380,Elmhurst,NY,Post Office or large volume customer,11373,BKN|NYK,BKN|NYK,ok,yes
11381,Flushing,NY,Post Office or large volume customer,11379,BKN|NYK,BKN|NYK,ok,yes
11386,Ridgewood,NY,Post Office or large volume customer,11385,BKN|NYK,BKN|NYK,ok,yes
11405,Jamaica,NY,Post Office or large volume customer,11433,BKN|NYK,BKN|NYK,ok,yes
11425,Jamaica,NY,Post Office or large volume customer,11434,BKN|NYK,BKN|NYK,ok,yes
11431,Jamaica,NY,Post Office or large volume customer,11432,BKN|NYK,BKN|NYK,ok,yes
11437,Jamaica,NY,Zip Code Area,11413,BKN|NYK,,http 404,
11499,Jamaica,NY,Post Office or large volume customer,11430,BKN|NYK,BKN|NYK,ok,yes
11531,Garden City,NY,Post Office or large volume customer,11530,BKN|NYK,BKN,ok,no
11551,Hempstead,NY,Post Office or large volume customer,11550,BKN|NYK,BKN|NYK,ok,yes
11555,Uniondale,NY,Post Office or large volume customer,11553,BKN|NYK,BKN|NYK,ok,yes
11571,Rockville Centre,NY,Post Office or large volume customer,11570,BKN|NYK,BKN|NYK,ok,yes
11582,Valley Stream,NY,Post Office or large volume customer,11580,BKN|NYK,BKN|NYK,ok,yes
11599,Garden City,NY,Post Office or large volume customer,11530,BKN|NYK,BKN|NYK,ok,yes
11690,Far Rockaway,NY,Post Office or large volume customer,11691,BKN|NYK,BKN|NYK,ok,yes
11695,Far Rockaway,NY,Post Office or large volume customer,11693,BKN|NYK,BKN|NYK,ok,yes
11707,West Babylon,NY,Post Office or large volume customer,11702,BKN|NYK,BKN|NYK,ok,yes
11737,Farmingdale,NY,Post Office or large volume customer,11735,BKN|NYK,BKN|NYK,ok,yes
11760,Melville,NY,Post Office or large volume customer,11788,BKN|NYK,BKN|NYK,ok,yes
11773,Melville,NY,Post Office or large volume customer,11791,BKN|NYK,BKN|NYK,ok,yes
11775,Melville,NY,Post Office or large volume customer,11747,BKN|NYK,BKN|NYK,ok,yes
11802,Hicksville,NY,Post Office or large volume customer,11801,BKN|NYK,BKN|NYK,ok,yes
11815,Hicksville,NY,Post Office or large volume customer,11801,BKN|NYK,BKN|NYK,ok,yes
11853,Jericho,NY,Post Office or large volume customer,11590,BKN|NYK,BKN,ok,no
11969,Southampton,NY,Post Office or large volume customer,11968,BKN|NYK,BKN,ok,no
12016,Auriesville,NY,Post Office or large volume customer,12010,BKN|NYK,BKN|NYK,ok,yes
12050,Columbiaville,NY,Post Office or large volume customer,12534,BKN|NYK,BKN|NYK,ok,yes
12055,Dormansville,NY,Post Office or large volume customer,12193,BKN|NYK,BKN|NYK,ok,yes
12073,Gallupville,NY,Post Office or large volume customer,12157,BKN|NYK,BKN|NYK,ok,yes
12089,Hoosick,NY,Post Office or large volume customer,12090,BKN|NYK,BKN|NYK,ok,yes
12107,Knox,NY,Post Office or large volume customer,12009,BKN|NYK,BKN|NYK,ok,yes
12128,Newtonville,NY,Post Office or large volume customer,12110,BKN|NYK,BKN|NYK,ok,yes
12133,North Hoosick,NY,Post Office or large volume customer,12057,BKN|NYK,BKN|NYK,ok,yes
12141,Quaker Street,NY,Post Office or large volume customer,12053,BKN|NYK,BKN|NYK,ok,yes
12181,Troy,NY,Post Office or large volume customer,12180,BKN|NYK,BKN|NYK,ok,yes
12201,Albany,NY,Post Office or large volume customer,12207,BKN|NYK,BKN|NYK,ok,yes
12212,Albany,NY,Post Office or large volume customer,12205,BKN|NYK,BKN|NYK,ok,yes
12214,Albany,NY,Post Office or large volume customer,12207,BKN|NYK,BKN|NYK,ok,yes
12220,Albany,NY,Post Office or large volume customer,12210,BKN|NYK,BKN|NYK,ok,yes
12223,Albany,NY,Post Office or large volume customer,12207,BKN|NYK,BKN|NYK,ok,yes
12224,Albany,NY,Post Office or large volume customer,12207,BKN|NYK,BKN|NYK,ok,yes
12225,Albany,NY,Post Office or large volume customer,12207,BKN|NYK,BKN|NYK,ok,yes
12227,Albany,NY,Post Office or large volume customer,12207,BKN|NYK,BKN|NYK,ok,yes
12228,Albany,NY,Post Office or large volume customer,12202,BKN|NYK,BKN|NYK,ok,yes
12229,Albany,NY,Post Office or large volume customer,12208,BKN|NYK,BKN|NYK,ok,yes
12230,Albany,NY,Post Office or large volume customer,12207,BKN|NYK,BKN|NYK,ok,yes
12231,Albany,NY,Post Office or large volume customer,12210,BKN|NYK,BKN|NYK,ok,yes
12232,Albany,NY,Post Office or large volume customer,12226,BKN|NYK,BKN|NYK,ok,yes
12233,Albany,NY,Post Office or large volume customer,12207,BKN|NYK,BKN|NYK,ok,yes
12234,Albany,NY,Post Office or large volume customer,12207,BKN|NYK,BKN|NYK,ok,yes
12235,Albany,NY,Post Office or large volume customer,12205,BKN|NYK,BKN|NYK,ok,yes
12236,Albany,NY,Post Office or large volume customer,12207,BKN|NYK,BKN|NYK,ok,yes
12237,Albany,NY,Post Office or large volume customer,12207,BKN|NYK,BKN|NYK,ok,yes
12238,Albany,NY,Post Office or large volume customer,12207,BKN|NYK,BKN|NYK,ok,yes
12239,Albany,NY,Post Office or large volume customer,12207,BKN|NYK,BKN|NYK,ok,yes
12240,Albany,NY,Post Office or large volume customer,12226,BKN|NYK,BKN|NYK,ok,yes
12241,Albany,NY,Post Office or large volume customer,12207,BKN|NYK,BKN|NYK,ok,yes
12242,Albany,NY,Post Office or large volume customer,12207,BKN|NYK,BKN|NYK,ok,yes
12243,Albany,NY,Post Office or large volume customer,12207,BKN|NYK,BKN|NYK,ok,yes
12244,Albany,NY,Post Office or large volume customer,12207,BKN|NYK,BKN|NYK,ok,yes
12245,Albany,NY,Post Office or large volume customer,12207,BKN|NYK,BKN|NYK,ok,yes
12246,Albany,NY,Post Office or large volume customer,12222,BKN|NYK,BKN|NYK,ok,yes
12247,Albany,NY,Post Office or large volume customer,12207,BKN|NYK,BKN|NYK,ok,yes
12248,Albany,NY,Post Office or large volume customer,12207,BKN|NYK,BKN|NYK,ok,yes
12249,Albany,NY,Post Office or large volume customer,12207,BKN|NYK,BKN|NYK,ok,yes
12250,Albany,NY,Post Office or large volume customer,12204,BKN|NYK,BKN|NYK,ok,yes
12255,Albany,NY,Post Office or large volume customer,12210,BKN|NYK,BKN|NYK,ok,yes
12257,Albany,NY,Post Office or large volume customer,12206,BKN|NYK,BKN|NYK,ok,yes
12260,Albany,NY,Post Office or large volume customer,12206,BKN|NYK,BKN|NYK,ok,yes
12261,Albany,NY,Post Office or large volume customer,12206,BKN|NYK,BKN|NYK,ok,yes
12288,Albany,NY,Post Office or large volume customer,12205,BKN|NYK,BKN|NYK,ok,yes
12301,Schenectady,NY,Post Office or large volume customer,12305,BKN|NYK,BKN|NYK,ok,yes
12325,Schenectady,NY,Post Office or large volume customer,12302,BKN|NYK,BKN|NYK,ok,yes
12345,Schenectady,NY,Post Office or large volume customer,12309,BKN|NYK,,ok,no
12402,Kingston,NY,Post Office or large volume customer,12401,BKN|NYK,BKN,ok,no
12506,Bangall,NY,Post Office or large volume customer,12581,BKN|NYK,BKN,ok,no
12510,Billings,NY,Post Office or large volume customer,12540,BKN|NYK,BKN,ok,no
12511,Castle Point,NY,Post Office or large volume customer,12590,BKN|NYK,BKN,ok,no
12537,Hughsonville,NY,Post Office or large volume customer,12590,BKN|NYK,BKN,ok,no
12541,Livingston,NY,Post Office or large volume customer,12502,BKN|NYK,BKN|NYK,ok,yes
12551,Newburgh,NY,Post Office or large volume customer,12550,BKN|NYK,BKN|NYK,ok,yes
12552,Newburgh,NY,Post Office or large volume customer,12550,BKN|NYK,BKN|NYK,ok,yes
12555,Newburgh,NY,Post Office or large volume customer,12550,BKN|NYK,BKN|NYK,ok,yes
12568,Plattekill,NY,Post Office or large volume customer,12589,BKN|NYK,BKN,ok,no
12584,Vails Gate,NY,Post Office or large volume customer,12553,BKN|NYK,BKN,ok,no
12588,Walker Valley,NY,Post Office or large volume customer,12566,BKN|NYK,BKN,ok,no
12602,Poughkeepsie,NY,Post Office or large volume customer,12601,BKN|NYK,BKN|NYK,ok,yes
12727,Cochecton,NY,Post Office or large volume customer,12752,BKN|NYK,BKN|NYK,ok,yes
12848,Middle Falls,NY,Post Office or large volume customer,12834,BKN|NYK,BKN|NYK,ok,yes
12879,Newcomb,NY,Post Office or large volume customer,12852,BKN|NYK,BKN|NYK,ok,yes
12949,Lawrenceville,NY,Post Office or large volume customer,12967,BKN|NYK,BKN|NYK,ok,yes
12995,Whippleville,NY,Post Office or large volume customer,12953,BKN|NYK,BKN|NYK,ok,yes
13022,Auburn,NY,Post Office or large volume customer,13021,BKN|NYK,BKN|NYK,ok,yes
13043,Clockville,NY,Post Office or large volume customer,13032,BKN|NYK,BKN|NYK,ok,yes
13056,East Homer,NY,Post Office or large volume customer,13077,BKN|NYK,BKN|NYK,ok,yes
13064,Fair Haven,NY,Post Office or large volume customer,13156,BKN|NYK,BKN|NYK,ok,yes
13089,Liverpool,NY,Post Office or large volume customer,13090,BKN|NYK,BKN|NYK,ok,yes
13093,Lycoming,NY,Post Office or large volume customer,13126,BKN|NYK,BKN|NYK,ok,yes
13107,Maple View,NY,Post Office or large volume customer,13114,BKN|NYK,BKN|NYK,ok,yes
13137,Plainville,NY,Post Office or large volume customer,13027,BKN|NYK,BKN|NYK,ok,yes
13139,Poplar Ridge,NY,Post Office or large volume customer,13026,BKN|NYK,BKN|NYK,ok,yes
13201,Syracuse,NY,Post Office or large volume customer,13202,BKN|NYK,BKN|NYK,ok,yes
13217,Syracuse,NY,Post Office or large volume customer,13210,BKN|NYK,BKN|NYK,ok,yes
13218,Syracuse,NY,Post Office or large volume customer,13204,BKN|NYK,BKN|NYK,ok,yes
13220,Syracuse,NY,Post Office or large volume customer,13212,BKN|NYK,BKN|NYK,ok,yes
13221,Syracuse,NY,Post Office or large volume customer,13212,BKN|NYK,BKN|NYK,ok,yes
13225,Syracuse,NY,Post Office or large volume customer,13212,BKN|NYK,BKN|NYK,ok,yes
13235,Syracuse,NY,Post Office or large volume customer,13210,BKN|NYK,BKN|NYK,ok,yes
13250,Syracuse,NY,Post Office or large volume customer,13212,BKN|NYK,BKN|NYK,ok,yes
13251,Syracuse,NY,Post Office or large volume customer,13212,BKN|NYK,BKN|NYK,ok,yes
13252,Syracuse,NY,Post Office or large volume customer,13202,BKN|NYK,BKN|NYK,ok,yes
13261,Syracuse,NY,Post Office or large volume customer,13202,BKN|NYK,BKN|NYK,ok,yes
13341,Franklin Springs,NY,Post Office or large volume customer,13323,BKN|NYK,BKN|NYK,ok,yes
13362,Knoxboro,NY,Post Office or large volume customer,13425,BKN|NYK,BKN|NYK,ok,yes
13401,Mc Connellsville,NY,Post Office or large volume customer,13308,BKN|NYK,BKN|NYK,ok,yes
13426,Orwell,NY,Zip Code Area,13144,BKN|NYK,BKN|NYK,ok,yes
13442,Rome,NY,Post Office or large volume customer,13440,BKN|NYK,BKN|NYK,ok,yes
13449,Rome,NY,Post Office or large volume customer,13440,BKN|NYK,BKN|NYK,ok,yes
13465,Solsville,NY,Post Office or large volume customer,13402,BKN|NYK,BKN|NYK,ok,yes
13479,Washington Mills,NY,Post Office or large volume customer,13413,BKN|NYK,BKN|NYK,ok,yes
13503,Utica,NY,Post Office or large volume customer,13502,BKN|NYK,BKN|NYK,ok,yes
13504,Utica,NY,Post Office or large volume customer,13501,BKN|NYK,BKN|NYK,ok,yes
13505,Utica,NY,Post Office or large volume customer,13502,BKN|NYK,BKN|NYK,ok,yes
13599,Utica,NY,Post Office or large volume customer,13501,BKN|NYK,BKN|NYK,ok,yes
13627,Deer River,NY,Post Office or large volume customer,13619,BKN|NYK,BKN|NYK,ok,yes
13631,Denmark,NY,Post Office or large volume customer,13619,BKN|NYK,BKN|NYK,ok,yes
13657,Limerick,NY,Post Office or large volume customer,13634,BKN|NYK,BKN|NYK,ok,yes
13671,Antwerp,NY,Post Office or large volume customer,13608,BKN|NYK,BKN|NYK,ok,yes
13677,Pyrites,NY,Post Office or large volume customer,13652,BKN|NYK,BKN|NYK,ok,yes
13737,Bible School Park,NY,Post Office or large volume customer,13760,BKN|NYK,BKN|NYK,ok,yes
13745,Chenango Bridge,NY,Post Office or large volume customer,13901,BKN|NYK,BKN|NYK,ok,yes
13749,Corbettsville,NY,Post Office or large volume customer,13795,BKN|NYK,BKN|NYK,ok,yes
13758,East Pharsalia,NY,Post Office or large volume customer,13801,BKN|NYK,BKN|NYK,ok,yes
13761,Endicott,NY,Post Office or large volume customer,13760,BKN|NYK,BKN|NYK,ok,yes
13762,Endwell,NY,Post Office or large volume customer,13760,BKN|NYK,BKN|NYK,ok,yes
13763,Endicott,NY,Post Office or large volume customer,13760,BKN|NYK,BKN|NYK,ok,yes
13794,Killawog,NY,Post Office or large volume customer,13803,BKN|NYK,BKN|NYK,ok,yes
13840,Smithboro,NY,Post Office or large volume customer,13734,BKN|NYK,BKN|NYK,ok,yes
13845,Tioga Center,NY,Post Office or large volume customer,13734,BKN|NYK,BKN|NYK,ok,yes
13848,Tunnel,NY,Post Office or large volume customer,13833,BKN|NYK,BKN|NYK,ok,yes
13851,Vestal,NY,Post Office or large volume customer,13850,BKN|NYK,BKN|NYK,ok,yes
14010,Athol Springs,NY,Post Office or large volume customer,14075,BKN|NYK,BKN|NYK,ok,yes
14021,Batavia,NY,Post Office or large volume customer,14020,BKN|NYK,BKN|NYK,ok,yes
14038,Crittenden,NY,Post Office or large volume customer,14004,BKN|NYK,BKN|NYK,ok,yes
14095,Lockport,NY,Post Office or large volume customer,14094,BKN|NYK,BKN|NYK,ok,yes
14107,Model City,NY,Post Office or large volume customer,14092,BKN|NYK,BKN|NYK,ok,yes
14110,North Boston,NY,Post Office or large volume customer,14075,BKN|NYK,BKN|NYK,ok,yes
14133,Sandusky,NY,Post Office or large volume customer,14065,BKN|NYK,BKN|NYK,ok,yes
14140,Spring Brook,NY,Post Office or large volume customer,14059,BKN|NYK,BKN|NYK,ok,yes
14144,Stella Niagara,NY,Post Office or large volume customer,14092,BKN|NYK,BKN|NYK,ok,yes
14151,Tonawanda,NY,Post Office or large volume customer,14150,BKN|NYK,BKN|NYK,ok,yes
14205,Buffalo,NY,Post Office or large volume customer,14203,BKN|NYK,BKN|NYK,ok,yes
14231,Buffalo,NY,Post Office or large volume customer,14221,BKN|NYK,BKN|NYK,ok,yes
14233,Buffalo,NY,Post Office or large volume customer,14203,BKN|NYK,BKN|NYK,ok,yes
14240,Buffalo,NY,Post Office or large volume customer,14206,BKN|NYK,BKN|NYK,ok,yes
14241,Buffalo,NY,Post Office or large volume customer,14225,BKN|NYK,BKN|NYK,ok,yes
14263,Buffalo,NY,Post Office or large volume customer,14203,BKN|NYK,BKN|NYK,ok,yes
14264,Buffalo,NY,Post Office or large volume customer,14203,BKN|NYK,BKN|NYK,ok,yes
14265,Buffalo,NY,Post Office or large volume customer,14221,BKN|NYK,BKN|NYK,ok,yes
14267,Buffalo,NY,Post Office or large volume customer,14202,BKN|NYK,BKN|NYK,ok,yes
14269,Buffalo,NY,Post Office or large volume customer,14043,BKN|NYK,BKN|NYK,ok,yes
14270,Buffalo,NY,Post Office or large volume customer,14203,BKN|NYK,BKN|NYK,ok,yes
14272,Buffalo,NY,Post Office or large volume customer,14043,BKN|NYK,BKN|NYK,ok,yes
14273,Buffalo,NY,Post Office or large volume customer,14203,BKN|NYK,BKN|NYK,ok,yes
14276,Buffalo,NY,Post Office or large volume customer,14206,BKN|NYK,BKN|NYK,ok,yes
14280,Buffalo,NY,Post Office or large volume customer,14203,BKN|NYK,BKN|NYK,ok,yes
14410,Adams Basin,NY,Post Office or large volume customer,14559,BKN|NYK,BKN|NYK,ok,yes
14429,Clarendon,NY,Post Office or large volume customer,14470,BKN|NYK,BKN|NYK,ok,yes
14430,Clarkson,NY,Post Office or large volume customer,14420,BKN|NYK,BKN|NYK,ok,yes
14443,East Bloomfield,NY,Post Office or large volume customer,14469,BKN|NYK,BKN|NYK,ok,yes
14449,East Williamson,NY,Post Office or large volume customer,14589,BKN|NYK,BKN|NYK,ok,yes
14452,Fancher,NY,Post Office or large volume customer,14470,BKN|NYK,BKN|NYK,ok,yes
14461,Gorham,NY,Post Office or large volume customer,14561,BKN|NYK,BKN|NYK,ok,yes
14488,Livonia Center,NY,Post Office or large volume customer,14487,BKN|NYK,BKN|NYK,ok,yes
14508,Morton,NY,Post Office or large volume customer,14464,BKN|NYK,BKN|NYK,ok,yes
14518,Oaks Corners,NY,Post Office or large volume customer,14532,BKN|NYK,BKN|NYK,ok,yes
14520,Ontario Center,NY,Post Office or large volume customer,14519,BKN|NYK,BKN|NYK,ok,yes
14538,Pultneyville,NY,Post Office or large volume customer,14589,BKN|NYK,BKN|NYK,ok,yes
14547,Seneca Castle,NY,Post Office or large volume customer,14561,BKN|NYK,BKN|NYK,ok,yes
14558,South Lima,NY,Post Office or large volume customer,14487,BKN|NYK,BKN|NYK,ok,yes
14563,Union Hill,NY,Post Office or large volume customer,14519,BKN|NYK,BKN|NYK,ok,yes
14602,Rochester,NY,Post Office or large volume customer,14623,BKN|NYK,BKN|NYK,ok,yes
14603,Rochester,NY,Post Office or large volume customer,14605,BKN|NYK,BKN|NYK,ok,yes
14638,Rochester,NY,Post Office or large volume customer,14604,BKN|NYK,BKN|NYK,ok,yes
14639,Rochester,NY,Post Office or large volume customer,14604,BKN|NYK,BKN|NYK,ok,yes
14643,Rochester,NY,Post Office or large volume customer,14604,BKN|NYK,BKN|NYK,ok,yes
14644,Rochester,NY,Post Office or large volume customer,14604,BKN|NYK,BKN|NYK,ok,yes
14646,Rochester,NY,Post Office or large volume customer,14604,BKN|NYK,BKN|NYK,ok,yes
14647,Rochester,NY,Post Office or large volume customer,14607,BKN|NYK,BKN|NYK,ok,yes
14649,Rochester,NY,Post Office or large volume customer,14604,BKN|NYK,BKN|NYK,ok,yes
14650,Rochester,NY,Post Office or large volume customer,14608,BKN|NYK,BKN|NYK,ok,yes
14651,Rochester,NY,Post Office or large volume customer,14608,BKN|NYK,BKN|NYK,ok,yes
14652,Rochester,NY,Post Office or large volume customer,14608,BKN|NYK,BKN|NYK,ok,yes
14653,Rochester,NY,Post Office or large volume customer,14624,BKN|NYK,BKN|NYK,ok,yes
14692,Rochester,NY,Post Office or large volume customer,14623,BKN|NYK,BKN|NYK,ok,yes
14694,Rochester,NY,Post Office or large volume customer,14614,BKN|NYK,BKN|NYK,ok,yes
14702,Jamestown,NY,Post Office or large volume customer,14701,BKN|CLE|NYK,BKN|CLE|NYK,ok,yes
14730,East Randolph,NY,Post Office or large volume customer,14772,BKN|CLE|NYK,BKN|CLE|NYK,ok,yes
14745,Hume,NY,Post Office or large volume customer,14735,BKN|CLE|NYK,BKN|CLE|NYK,ok,yes
14751,Leon,NY,Post Office or large volume customer,14726,BKN|CLE|NYK,BKN|CLE|NYK,ok,yes
14758,Niobe,NY,Post Office or large volume customer,14767,BKN|CLE|NYK,BKN|CLE|NYK,ok,yes
14766,Otto,NY,Post Office or large volume customer,14719,BKN|CLE|NYK,BKN|CLE|NYK,ok,yes
14786,West Clarksville,NY,Post Office or large volume customer,14727,BKN|CLE|NYK,BKN|CLE|NYK,ok,yes
14831,Corning,NY,Post Office or large volume customer,14830,BKN|NYK,BKN|NYK,ok,yes
14851,Ithaca,NY,Post Office or large volume customer,14850,BKN|NYK,BKN|NYK,ok,yes
14852,Ithaca,NY,Post Office or large volume customer,14850,BKN|NYK,BKN|NYK,ok,yes
14857,Lakemont,NY,Post Office or large volume customer,14837,BKN|NYK,BKN|NYK,ok,yes
14863,Mecklenburg,NY,Post Office or large volume customer,14886,BKN|NYK,BKN|NYK,ok,yes
14876,Reading Center,NY,Post Office or large volume customer,14891,BKN|NYK,BKN|NYK,ok,yes
14887,Tyrone,NY,Post Office or large volume customer,14891,BKN|NYK,BKN|NYK,ok,yes
14902,Elmira,NY,Post Office or large volume customer,14901,BKN|NYK,BKN|NYK,ok,yes
15032,Curtisville,PA,Zip Code Area,15084,CLE,CLE,ok,yes
15069,New Kensington,PA,Post Office or large volume customer,15068,CLE,CLE,ok,yes
15091,Wildwood,PA,Post Office or large volume customer,15044,CLE,CLE,ok,yes
15095,Warrendale,PA,Post Office or large volume customer,16046,CLE,CLE,ok,yes
15096,Warrendale,PA,Post Office or large volume customer,15086,CLE,CLE,ok,yes
15127,Ingomar,PA,Post Office or large volume customer,15143,CLE,CLE,ok,yes
15134,McKeesport,PA,Post Office or large volume customer,15132,CLE,CLE,ok,yes
15230,Pittsburgh,PA,Post Office or large volume customer,15222,CLE,CLE,ok,yes
15231,Pittsburgh,PA,Zip Code Area,15108,CLE,CLE,ok,yes
15240,Pittsburgh,PA,Post Office or large volume customer,15215,CLE,CLE,ok,yes
15242,Pittsburgh,PA,Post Office or large volume customer,15205,CLE,CLE,ok,yes
15244,Pittsburgh,PA,Post Office or large volume customer,15205,CLE,CLE,ok,yes
15250,Pittsburgh,PA,Post Office or large volume customer,15212,CLE,CLE,ok,yes
15251,Pittsburgh,PA,Post Office or large volume customer,15212,CLE,CLE,ok,yes
15252,Pittsburgh,PA,Post Office or large volume customer,15219,CLE,CLE,ok,yes
15253,Pittsburgh,PA,Post Office or large volume customer,15212,CLE,CLE,ok,yes
15254,Pittsburgh,PA,Post Office or large volume customer,15219,CLE,CLE,ok,yes
15255,Pittsburgh,PA,Post Office or large volume customer,15212,CLE,CLE,ok,yes
15257,Pittsburgh,PA,Post Office or large volume customer,15219,CLE,CLE,ok,yes
15258,Pittsburgh,PA,Post Office or large volume customer,15219,CLE,CLE,ok,yes
15259,Pittsburgh,PA,Post Office or large volume customer,15219,CLE,CLE,ok,yes
15261,Pittsburgh,PA,Zip Code Area,15213,CLE,CLE,ok,yes
15262,Pittsburgh,PA,Post Office or large volume customer,15219,CLE,CLE,ok,yes
15264,Pittsburgh,PA,Post Office or large volume customer,15212,CLE,CLE,ok,yes
15265,Pittsburgh,PA,Post Office or large volume customer,15222,CLE,CLE,ok,yes
15267,Pittsburgh,PA,Post Office or large volume customer,15233,CLE,CLE,ok,yes
15268,Pittsburgh,PA,Post Office or large volume customer,15212,CLE,CLE,ok,yes
15270,Pittsburgh,PA,Post Office or large volume customer,15228,CLE,CLE,ok,yes
15272,Pittsburgh,PA,Post Office or large volume customer,15222,CLE,CLE,ok,yes
15274,Pittsburgh,PA,Post Office or large volume customer,15212,CLE,CLE,ok,yes
15276,Pittsburgh,PA,Post Office or large volume customer,15205,CLE,CLE,ok,yes
15277,Pittsburgh,PA,Post Office or large volume customer,15205,CLE,CLE,ok,yes
15278,Pittsburgh,PA,Post Office or large volume customer,15222,CLE,CLE,ok,yes
15279,Pittsburgh,PA,Post Office or large volume customer,15233,CLE,CLE,ok,yes
15281,Pittsburgh,PA,Post Office or large volume customer,15219,CLE,CLE,ok,yes
15283,Pittsburgh,PA,Post Office or large volume customer,15220,CLE,CLE,ok,yes
15286,Pittsburgh,PA,Post Office or large volume customer,15212,CLE,CLE,ok,yes
15289,Pittsburgh,PA,Post Office or large volume customer,15213,CLE,CLE,ok,yes
15295,Pittsburgh,PA,Post Office or large volume customer,15202,CLE,CLE,ok,yes
15336,Gastonville,PA,Post Office or large volume customer,15332,CLE,CLE,ok,yes
15339,Hendersonville,PA,Post Office or large volume customer,15317,CLE,CLE,ok,yes
15415,Brier Hill,PA,Post Office or large volume customer,15468,CLE,CLE,ok,yes
15439,Gans,PA,Post Office or large volume customer,15451,CLE,CLE,ok,yes
15485,Ursina,PA,Post Office or large volume customer,15424,CLE,CLE,ok,yes
15548,Kantner,PA,Zip Code Area,15563,,,http 404,
15549,Listie,PA,Post Office or large volume customer,15541,,,http 404,
15553,New Baltimore,PA,Zip Code Area,15530,,,http 404,
15605,Greensburg,PA,Post Office or large volume customer,15601,CLE,CLE,ok,yes
15606,Greensburg,PA,Post Office or large volume customer,15601,CLE,CLE,ok,yes
15621,Calumet,PA,Post Office or large volume customer,15666,CLE,CLE,ok,yes
15664,Mammoth,PA,Post Office or large volume customer,15666,CLE,CLE,ok,yes
15685,Southwest,PA,Zip Code Area,15666,CLE,CLE,ok,yes
15758,Marchand,PA,Zip Code Area,15767,CLE,CLE,ok,yes
15822,Brandy Camp,PA,Post Office or large volume customer,15853,CLE,CLE,ok,yes
15907,Johnstown,PA,Post Office or large volume customer,15901,,,ok,yes
15915,Johnstown,PA,Post Office or large volume customer,15901,,,ok,yes
15959,Tire Hill,PA,Zip Code Area,15905,,,http 404,
16003,Butler,PA,Post Office or large volume customer,16001,CLE,CLE,ok,yes
16016,Boyers,PA,Post Office or large volume customer,16061,CLE,CLE,ok,yes
16017,Boyers,PA,Post Office or large volume customer,16061,CLE,CLE,ok,yes
16018,Boyers,PA,Post Office or large volume customer,16020,CLE,CLE,ok,yes
16021,Branchton,PA,Post Office or large volume customer,16038,CLE,CLE,ok,yes
16039,Herman,PA,Post Office or large volume customer,16001,CLE,CLE,ok,yes
16058,Turkey City,PA,Post Office or large volume customer,16373,CLE,CLE,ok,yes
16103,New Castle,PA,Post Office or large volume customer,16101,CLE,CLE,ok,yes
16107,New Castle,PA,Post Office or large volume customer,16101,CLE,CLE,ok,yes
16108,New Castle,PA,Post Office or large volume customer,16101,CLE,CLE,ok,yes
16221,Curllsville,PA,Post Office or large volume customer,16255,CLE,CLE,ok,yes
16225,Fisher,PA,Zip Code Area,16258,CLE,CLE,ok,yes
16234,Limestone,PA,Zip Code Area,16214,CLE,CLE,ok,yes
16257,Snydersburg,PA,Post Office or large volume customer,16235,CLE,CLE,ok,yes
16261,Widnoon,PA,Post Office or large volume customer,16259,CLE,CLE,ok,yes
16366,Warren,PA,Post Office or large volume customer,16365,CLE,CLE,ok,yes
16367,Warren,PA,Post Office or large volume customer,16365,CLE,CLE,ok,yes
16368,Warren,PA,Post Office or large volume customer,16365,CLE,CLE,ok,yes
16369,Warren,PA,Post Office or large volume customer,16365,CLE,CLE,ok,yes
16375,Lamartine,PA,Post Office or large volume customer,16232,CLE,CLE,ok,yes
16388,Meadville,PA,Post Office or large volume customer,16335,CLE,CLE,ok,yes
16413,Elgin,PA,Post Office or large volume customer,16407,,,http 404,
16432,Riceville,PA,Post Office or large volume customer,16404,,,http 404,
16512,Erie,PA,Post Office or large volume customer,16501,,,ok,yes
16514,Erie,PA,Post Office or large volume customer,16510,,,ok,yes
16515,Erie,PA,Post Office or large volume customer,16506,,,http 404,
16522,Erie,PA,Post Office or large volume customer,16501,,,http 404,
16530,Erie,PA,Post Office or large volume customer,16501,,,ok,yes
16531,Erie,PA,Post Office or large volume customer,16511,,,ok,yes
16534,Erie,PA,Post Office or large volume customer,16501,,,http 404,
16538,Erie,PA,Post Office or large volume customer,16501,,,http 404,
16541,Erie,PA,Post Office or large volume customer,16501,,,ok,yes
16544,Erie,PA,Post Office or large volume customer,16502,,,ok,yes
16553,Erie,PA,Post Office or large volume customer,16501,,,http 404,
16565,Erie,PA,Zip Code Area,16509,,,ok,yes
16603,Altoona,PA,Post Office or large volume customer,16601,,,http 404,
16629,Coupon,PA,Post Office or large volume customer,16613,,,ok,yes
16644,Glasgow,PA,Post Office or large volume customer,16639,,,http 404,
16660,Mc Connellstown,PA,Zip Code Area,16652,,,http 404,
16663,Morann,PA,Zip Code Area,16651,,,http 404,
16681,Smokerun,PA,Post Office or large volume customer,16627,,,http 404,
16698,Houtzdale,PA,Post Office or large volume customer,16651,,,ok,yes
16728,De Young,PA,Post Office or large volume customer,16735,CLE,CLE,ok,yes
16804,State College,PA,Post Office or large volume customer,16801,,,ok,yes
16805,State College,PA,Post Office or large volume customer,16801,,,http 404,
16850,Lecontes Mills,PA,Zip Code Area,16836,,,ok,yes
16873,Shawville,PA,Post Office or large volume customer,16830,,,ok,yes
16945,Sylvania,PA,Post Office or large volume customer,16947,BKN|CLE,BKN|CLE,ok,yes
17001,Camp Hill,PA,Post Office or large volume customer,17011,PHI|WAS,WAS,ok,no
17072,New Kingstown,PA,Post Office or large volume customer,17050,PHI|WAS,PHI|WAS,ok,yes
17083,Quentin,PA,Post Office or large volume customer,17042,PHI|WAS,PHI|WAS,ok,yes
17085,Rexmont,PA,Post Office or large volume customer,17042,PHI|WAS,PHI|WAS,ok,yes
17089,Camp Hill,PA,Post Office or large volume customer,17011,PHI|WAS,WAS,ok,no
17105,Harrisburg,PA,Post Office or large volume customer,17110,PHI|WAS,WAS,ok,no
17106,Harrisburg,PA,Post Office or large volume customer,17110,PHI|WAS,PHI|WAS,ok,yes
17107,Harrisburg,PA,Post Office or large volume customer,17110,PHI|WAS,WAS,ok,no
17108,Harrisburg,PA,Post Office or large volume customer,17120,PHI|WAS,WAS,ok,no
17121,Harrisburg,PA,Post Office or large volume customer,17102,PHI|WAS,WAS,ok,no
17122,Harrisburg,PA,Post Office or large volume customer,17104,PHI|WAS,WAS,ok,no
17123,Harrisburg,PA,Post Office or large volume customer,17120,PHI|WAS,WAS,ok,no
17124,Harrisburg,PA,Post Office or large volume customer,17120,PHI|WAS,WAS,ok,no
17125,Harrisburg,PA,Post Office or large volume customer,17120,PHI|WAS,WAS,ok,no
17126,Harrisburg,PA,Post Office or large volume customer,17120,PHI|WAS,WAS,ok,no
17127,Harrisburg,PA,Post Office or large volume customer,17120,PHI|WAS,WAS,ok,no
17128,Harrisburg,PA,Post Office or large volume customer,17120,PHI|WAS,WAS,ok,no
17129,Harrisburg,PA,Post Office or large volume customer,17101,PHI|WAS,WAS,ok,no
17130,Harrisburg,PA,Post Office or large volume customer,17120,PHI|WAS,WAS,ok,no
17140,Harrisburg,PA,Post Office or large volume customer,17111,PHI|WAS,WAS,ok,no
17177,Harrisburg,PA,Post Office or large volume customer,17109,PHI|WAS,WAS,ok,no
17231,Lemasters,PA,Post Office or large volume customer,17236,,,http 404,
17256,Shady Grove,PA,Post Office or large volume customer,17225,,,ok,yes
17272,Zullinger,PA,Post Office or large volume customer,17268,,,http 404,
17310,Cashtown,PA,Post Office or large volume customer,17353,,,ok,yes
17312,Craley,PA,Post Office or large volume customer,17368,PHI|WAS,PHI|WAS,ok,yes
17332,Hanover,PA,Post Office or large volume customer,17331,PHI|WAS,WAS,ok,no
17333,Hanover,PA,Post Office or large volume customer,17331,PHI|WAS,WAS,ok,no
17334,Hanover,PA,Post Office or large volume customer,17331,PHI|WAS,PHI|WAS,ok,yes
17335,Hanover,PA,Post Office or large volume customer,17331,PHI|WAS,,http 404,
17337,Idaville,PA,Post Office or large volume customer,17324,WAS,,http 404,
17358,Rossville,PA,Post Office or large volume customer,17365,PHI|WAS,WAS,ok,no
17375,Peach Glen,PA,Post Office or large volume customer,17324,WAS,,ok,no
17405,York,PA,Post Office or large volume customer,17401,PHI|WAS,PHI|WAS,ok,yes
17503,Bart,PA,Post Office or large volume customer,17562,PHI,PHI,ok,yes
17521,Elm,PA,Post Office or large volume customer,17543,PHI,PHI,ok,yes
17528,Goodville,PA,Post Office or large volume customer,17519,PHI,PHI,ok,yes
17533,Hopeland,PA,Post Office or large volume customer,17543,PHI,PHI,ok,yes
17537,Lampeter,PA,Post Office or large volume customer,17602,PHI,PHI,ok,yes
17549,Martindale,PA,Post Office or large volume customer,17522,PHI,,http 404,
17564,Penryn,PA,Post Office or large volume customer,17545,PHI|WAS,PHI,ok,no
17567,Reamstown,PA,Post Office or large volume customer,17578,PHI,PHI,ok,yes
17573,Lancaster,PA,Post Office or large volume customer,17572,PHI,,http 404,
17575,Silver Spring,PA,Post Office or large volume customer,17601,PHI,PHI,ok,yes
17580,Talmage,PA,Post Office or large volume customer,17540,PHI,PHI,ok,yes
17585,Witmer,PA,Post Office or large volume customer,17602,PHI,PHI,ok,yes
17604,Lancaster,PA,Post Office or large volume customer,17601,PHI,,ok,no
17605,Lancaster,PA,Post Office or large volume customer,17601,PHI,,ok,no
17607,Lancaster,PA,Post Office or large volume customer,17601,PHI,,ok,no
17608,Lancaster,PA,Post Office or large volume customer,17603,PHI,,ok,no
17611,Lancaster,PA,Post Office or large volume customer,17601,PHI,,ok,no
17622,Lancaster,PA,Post Office or large volume customer,17538,PHI,,http 404,
17699,Lancaster,PA,Post Office or large volume customer,17538,PHI,,http 404,
17703,Williamsport,PA,Post Office or large volume customer,17701,BKN|NYK|PHI,BKN|NYK,ok,no
17705,Williamsport,PA,Post Office or large volume customer,17701,BKN|NYK|PHI,BKN|NYK,ok,no
17726,Castanea,PA,Post Office or large volume customer,17745,BKN|NYK|PHI,BKN|NYK|PHI,ok,yes
17735,Grover,PA,Zip Code Area,17724,BKN|NYK|PHI,BKN|NYK,ok,no
17831,Hummels Wharf,PA,Post Office or large volume customer,17870,BKN|NYK|PHI,BKN|NYK|PHI,ok,yes
17833,Kreamer,PA,Post Office or large volume customer,17842,BKN|NYK|PHI,BKN|NYK|PHI,ok,yes
17843,Beaver Springs,PA,Post Office or large volume customer,17812,BKN|NYK|PHI,BKN|NYK|PHI,ok,yes
17877,Snydertown,PA,Zip Code Area,17801,BKN|NYK|PHI,BKN|NYK|PHI,ok,yes
17882,Troxelville,PA,Post Office or large volume customer,17812,BKN|NYK|PHI,BKN|NYK,ok,no
17932,Frackville,PA,Post Office or large volume customer,17931,PHI,,ok,no
17966,Ravine,PA,Post Office or large volume customer,17963,PHI,,http 404,
18001,Lehigh Valley,PA,Post Office or large volume customer,18101,PHI,,ok,no
18002,Lehigh Valley,PA,Post Office or large volume customer,18017,PHI,,ok,no
18003,Lehigh Valley,PA,Post Office or large volume customer,18017,PHI,,ok,no
18016,Bethlehem,PA,Post Office or large volume customer,18018,PHI,,ok,no
18025,Bethlehem,PA,Post Office or large volume customer,18018,PHI,,http 404,
18039,Durham,PA,Post Office or large volume customer,18077,PHI,PHI,ok,yes
18043,Easton,PA,Post Office or large volume customer,18045,PHI,PHI,ok,yes
18044,Easton,PA,Post Office or large volume customer,18042,PHI,PHI,ok,yes
18060,Limeport,PA,Post Office or large volume customer,18036,PHI,PHI,ok,yes
18068,Old Zionsville,PA,Post Office or large volume customer,18092,PHI,PHI,ok,yes
18084,Sumneytown,PA,Zip Code Area,18054,PHI,PHI,ok,yes
18098,Emmaus,PA,Post Office or large volume customer,18049,PHI,,ok,no
18099,Emmaus,PA,Post Office or large volume customer,18049,PHI,,http 404,
18105,Allentown,PA,Post Office or large volume customer,18101,PHI,,ok,no
18247,Saint Johns,PA,Post Office or large volume customer,18222,BKN|PHI,BKN|PHI,ok,yes
18251,Sybertsville,PA,Post Office or large volume customer,18249,BKN|PHI,BKN|PHI,ok,yes
18320,Analomink,PA,Post Office or large volume customer,18301,PHI,PHI,ok,yes
18341,Minisink Hills,PA,Post Office or large volume customer,18301,PHI,PHI,ok,yes
18348,Pocono Lake Preserve,PA,Post Office or large volume customer,18347,PHI,,ok,no
18352,Reeders,PA,Zip Code Area,18360,PHI,PHI,ok,yes
18410,Chinchilla,PA,Post Office or large volume customer,18411,BKN|NYK|PHI,BKN|NYK|PHI,ok,yes
18416,Elmhurst,PA,Post Office or large volume customer,18444,BKN|NYK|PHI,BKN|NYK|PHI,ok,yes
18427,Hamlin,PA,Zip Code Area,18436,BKN|NYK|PHI,BKN|NYK,ok,no
18448,Olyphant,PA,Post Office or large volume customer,18447,BKN|NYK|PHI,BKN|NYK,ok,no
18449,Orson,PA,Post Office or large volume customer,18470,BKN|NYK,BKN|NYK,ok,yes
18459,South Canaan,PA,Post Office or large volume customer,18436,BKN|NYK|PHI,BKN|NYK,ok,no
18501,Scranton,PA,Post Office or large volume customer,18503,BKN|NYK|PHI,BKN|NYK,ok,no
18502,Scranton,PA,Post Office or large volume customer,18503,BKN|NYK|PHI,BKN|NYK,ok,no
18515,Scranton,PA,Post Office or large volume customer,18508,BKN|NYK|PHI,BKN|NYK|PHI,ok,yes
18540,Scranton,PA,Post Office or large volume customer,18505,BKN|NYK|PHI,BKN|NYK,ok,no
18577,Scranton,PA,Post Office or large volume customer,18505,BKN|NYK|PHI,BKN|NYK,ok,no
18601,Beach Haven,PA,Post Office or large volume customer,18603,BKN|NYK|PHI,BKN|NYK|PHI,ok,yes
18611,Cambra,PA,Post Office or large volume customer,17878,BKN|NYK|PHI,BKN|NYK,ok,no
18653,Ransom,PA,Post Office or large volume customer,18411,BKN|NYK|PHI,BKN|NYK|PHI,ok,yes
18654,Shawanese,PA,Post Office or large volume customer,18618,BKN|NYK|PHI,BKN|NYK|PHI,ok,yes
18703,Wilkes Barre,PA,Post Office or large volume customer,18701,BKN|NYK|PHI,BKN|NYK,ok,no
18710,Wilkes Barre,PA,Post Office or large volume customer,18701,BKN|NYK|PHI,BKN|NYK,ok,no
18711,Wilkes Barre,PA,Post Office or large volume customer,18702,BKN|NYK|PHI,BKN|NYK,ok,no
18762,Wilkes Barre,PA,Post Office or large volume customer,18706,BKN|NYK|PHI,BKN|NYK,ok,no
18764,Wilkes Barre,PA,Post Office or large volume customer,18702,BKN|NYK|PHI,BKN|NYK,ok,no
18765,Wilkes Barre,PA,Post Office or large volume customer,18702,BKN|NYK|PHI,BKN|NYK,ok,no
18766,Wilkes Barre,PA,Post Office or large volume customer,18702,BKN|NYK|PHI,BKN|NYK,ok,no
18767,Wilkes Barre,PA,Post Office or large volume customer,18702,BKN|NYK|PHI,BKN|NYK,ok,no
18769,Wilkes Barre,PA,Post Office or large volume customer,18702,BKN|NYK|PHI,BKN|NYK,ok,no
18773,Wilkes Barre,PA,Post Office or large volume customer,18701,BKN|NYK|PHI,BKN|NYK,ok,no
18813,Brooklyn,PA,Post Office or large volume customer,18826,BKN|NYK,BKN|NYK,ok,yes
18815,Camptown,PA,Post Office or large volume customer,18853,BKN|NYK,BKN|NYK,ok,yes
18827,Lanesboro,PA,Post Office or large volume customer,18847,BKN|NYK,BKN|NYK,ok,yes
18910,Bedminster,PA,Post Office or large volume customer,18944,PHI,PHI,ok,yes
18911,Blooming Glen,PA,Post Office or large volume customer,18944,PHI,PHI,ok,yes
18916,Danboro,PA,Post Office or large volume customer,18901,PHI,PHI,ok,yes
18918,Earlington,PA,Post Office or large volume customer,18969,PHI,,ok,no
18922,Forest Grove,PA,Post Office or large volume customer,18925,PHI,PHI,ok,yes
18928,Holicong,PA,Post Office or large volume customer,18902,,PHI,ok,no
18931,Lahaska,PA,Post Office or large volume customer,18938,PHI,PHI,ok,yes
18934,Mechanicsville,PA,Zip Code Area,18902,,PHI,ok,no
18943,Penns Park,PA,Post Office or large volume customer,18940,PHI,PHI,ok,yes
18949,Plumsteadville,PA,Post Office or large volume customer,18947,PHI,PHI,ok,yes
18953,Revere,PA,Post Office or large volume customer,18942,PHI,PHI,ok,yes
18956,Rushland,PA,Post Office or large volume customer,18925,PHI,PHI,ok,yes
18957,Salford,PA,Post Office or large volume customer,19438,PHI,PHI,ok,yes
18958,Salfordville,PA,Post Office or large volume customer,19438,PHI,PHI,ok,yes
18963,Solebury,PA,Post Office or large volume customer,18938,PHI,PHI,ok,yes
18968,Spinnerstown,PA,Post Office or large volume customer,18951,PHI,PHI,ok,yes
18971,Tylersport,PA,Post Office or large volume customer,18969,PHI,,http 404,
18979,Woxall,PA,Post Office or large volume customer,19438,PHI,PHI,ok,yes
18981,Zionhill,PA,Post Office or large volume customer,18951,PHI,PHI,ok,yes
18991,Warminster,PA,Post Office or large volume customer,18974,PHI,,http 404,
19016,Chester,PA,Post Office or large volume customer,19013,PHI,,ok,no
19019,Philadelphia,PA,Post Office or large volume customer,19115,PHI,,ok,no
19028,Edgemont,PA,Post Office or large volume customer,19073,PHI,PHI,ok,yes
19037,Glen Riddle Lima,PA,Post Office or large volume customer,19063,PHI,PHI,ok,yes
19039,Gradyville,PA,Post Office or large volume customer,19342,PHI,PHI,ok,yes
19048,Fort Washington,PA,Post Office or large volume customer,19053,PHI,,ok,no
19049,Fort Washington,PA,Post Office or large volume customer,19053,PHI,,http 404,
19058,Levittown,PA,Post Office or large volume customer,19055,PHI,PHI,ok,yes
19065,Media,PA,Post Office or large volume customer,19063,PHI,PHI,ok,yes
19091,Media,PA,Post Office or large volume customer,19342,PHI,,http 404,
19092,Philadelphia,PA,Post Office or large volume customer,19104,PHI,,http 404,
19093,Philadelphia,PA,Post Office or large volume customer,19104,PHI,,http 404,
19098,Holmes,PA,Post Office or large volume customer,19043,PHI,,http 404,
19099,Philadelphia,PA,Post Office or large volume customer,19104,PHI,,http 404,
19101,Philadelphia,PA,Post Office or large volume customer,19104,PHI,,ok,no
19105,Philadelphia,PA,Post Office or large volume customer,19107,PHI,,ok,no
19110,Philadelphia,PA,Post Office or large volume customer,19107,PHI,,ok,no
19155,Philadelphia,PA,Post Office or large volume customer,19114,PHI,,http 404,
19160,Philadelphia,PA,Post Office or large volume customer,19140,PHI,,http 404,
19161,Philadelphia,PA,Post Office or large volume customer,19104,PHI,,http 404,
19162,Philadelphia,PA,Post Office or large volume customer,19104,PHI,,http 404,
19170,Philadelphia,PA,Post Office or large volume customer,19104,PHI,,http 404,
19171,Philadelphia,PA,Post Office or large volume customer,19109,,,http 404,
19172,Philadelphia,PA,Post Office or large volume customer,19106,PHI,,http 404,
19173,Philadelphia,PA,Post Office or large volume customer,19103,PHI,,ok,no
19175,Philadelphia,PA,Post Office or large volume customer,19106,PHI,,http 404,
19176,Philadelphia,PA,Post Office or large volume customer,19153,PHI,,ok,no
19177,Philadelphia,PA,Post Office or large volume customer,19106,PHI,,http 404,
19178,Philadelphia,PA,Post Office or large volume customer,19104,PHI,,http 404,
19179,Philadelphia,PA,Post Office or large volume customer,19144,PHI,,http 404,
19181,Philadelphia,PA,Post Office or large volume customer,19106,PHI,,http 404,
19182,Philadelphia,PA,Post Office or large volume customer,19106,PHI,,http 404,
19183,Philadelphia,PA,Post Office or large volume customer,19106,PHI,,http 404,
19184,Philadelphia,PA,Post Office or large volume customer,19104,PHI,,http 404,
19185,Philadelphia,PA,Post Office or large volume customer,19112,PHI,,http 404,
19187,Philadelphia,PA,Post Office or large volume customer,19102,PHI,,http 404,
19188,Philadelphia,PA,Post Office or large volume customer,19123,PHI,,http 404,
19190,Philadelphia,PA,Post Office or large volume customer,19104,PHI,,http 404,
19191,Philadelphia,PA,Post Office or large volume customer,19102,PHI,,http 404,
19192,Philadelphia,PA,Post Office or large volume customer,19103,PHI,,ok,no
19193,Philadelphia,PA,Post Office or large volume customer,19104,PHI,,http 404,
19194,Philadelphia,PA,Post Office or large volume customer,19104,PHI,,http 404,
19195,Philadelphia,PA,Post Office or large volume customer,19104,PHI,,http 404,
19196,Philadelphia,PA,Post Office or large volume customer,19104,PHI,,http 404,
19197,Philadelphia,PA,Post Office or large volume customer,19104,PHI,,http 404,
19244,Philadelphia,PA,Post Office or large volume customer,19154,PHI,,http 404,
19255,Philadelphia,PA,Post Office or large volume customer,19154,PHI,,http 404,
19318,Chatham,PA,Post Office or large volume customer,19390,PHI,PHI,ok,yes
19331,Concordville,PA,Post Office or large volume customer,19342,PHI,PHI,ok,yes
19339,Concordville,PA,Post Office or large volume customer,19373,PHI,,http 404,
19340,Concordville,PA,Post Office or large volume customer,19342,PHI,,http 404,
19346,Kelton,PA,Post Office or large volume customer,19390,PHI,PHI,ok,yes
19347,Kemblesville,PA,Post Office or large volume customer,19350,PHI,PHI,ok,yes
19351,Lewisville,PA,Post Office or large volume customer,19350,PHI,PHI,ok,yes
19353,Lionville,PA,Post Office or large volume customer,19341,PHI,PHI,ok,yes
19354,Lyndell,PA,Post Office or large volume customer,19335,PHI,PHI,ok,yes
19357,Mendenhall,PA,Post Office or large volume customer,19348,PHI,PHI,ok,yes
19360,New London,PA,Post Office or large volume customer,19352,PHI,PHI,ok,yes
19366,Pocopson,PA,Post Office or large volume customer,19382,PHI,PHI,ok,yes
19376,Wagontown,PA,Post Office or large volume customer,19320,PHI,PHI,ok,yes
19381,West Chester,PA,Post Office or large volume customer,19380,PHI,,ok,no
19395,Westtown,PA,Post Office or large volume customer,19382,PHI,PHI,ok,yes
19397,Southeastern,PA,Post Office or large volume customer,19087,PHI,,http 404,
19398,Southeastern,PA,Post Office or large volume customer,19087,PHI,,ok,no
19399,Southeastern,PA,Post Office or large volume customer,19087,PHI,PHI,ok,yes
19404,Norristown,PA,Post Office or large volume customer,19401,PHI,,ok,no
19407,Audubon,PA,Post Office or large volume customer,19403,PHI,PHI,ok,yes
19408,Eagleville,PA,Post Office or large volume customer,19403,PHI,PHI,ok,yes
19409,Fairview Village,PA,Post Office or large volume customer,19403,PHI,PHI,ok,yes
19415,Eagleville,PA,Post Office or large volume customer,19403,PHI,,http 404,
19421,Birchrunville,PA,Post Office or large volume customer,19425,PHI,PHI,ok,yes
19423,Cedars,PA,Post Office or large volume customer,19446,PHI,PHI,ok,yes
19424,Blue Bell,PA,Post Office or large volume customer,19422,PHI,,ok,no
19429,Conshohocken,PA,Post Office or large volume customer,19428,PHI,,ok,no
19430,Creamery,PA,Post Office or large volume customer,19473,PHI,PHI,ok,yes
19432,Devault,PA,Post Office or large volume customer,19355,PHI,PHI,ok,yes
19441,Harleysville,PA,Post Office or large volume customer,19438,PHI,,ok,no
19443,Kulpsville,PA,Post Office or large volume customer,19446,PHI,PHI,ok,yes
19450,Lederach,PA,Post Office or large volume customer,19438,PHI,PHI,ok,yes
19451,Mainland,PA,Post Office or large volume customer,19438,PHI,PHI,ok,yes
19455,North Wales,PA,Post Office or large volume customer,18936,PHI,,ok,no
19470,Saint Peters,PA,Post Office or large volume customer,19520,PHI,PHI,ok,yes
19478,Spring Mount,PA,Post Office or large volume customer,19473,PHI,PHI,ok,yes
19480,Uwchland,PA,Post Office or large volume customer,19425,PHI,PHI,ok,yes
19481,Valley Forge,PA,Post Office or large volume customer,19460,PHI,PHI,ok,yes
19482,Valley Forge,PA,Post Office or large volume customer,19460,PHI,,ok,no
19484,Valley Forge,PA,Post Office or large volume customer,19406,PHI,,ok,no
19486,West Point,PA,Post Office or large volume customer,19446,PHI,PHI,ok,yes
19493,Valley Forge,PA,Post Office or large volume customer,19355,PHI,,http 404,
19494,Valley Forge,PA,Post Office or large volume customer,19355,PHI,,http 404,
19495,Valley Forge,PA,Post Office or large volume customer,19355,PHI,,http 404,
19496,Valley Forge,PA,Post Office or large volume customer,19355,PHI,,ok,no
19519,Earlville,PA,Post Office or large volume customer,19518,PHI,PHI,ok,yes
19548,Pine Forge,PA,Post Office or large volume customer,19518,PHI,PHI,ok,yes
19603,Reading,PA,Post Office or large volume customer,19601,PHI,,ok,no
19612,Reading,PA,Post Office or large volume customer,19604,PHI,,ok,no
19708,Kirkwood,DE,Post Office or large volume customer,19701,PHI,,ok,no
19712,Newark,DE,Post Office or large volume customer,19713,PHI,,ok,no
19714,Newark,DE,Post Office or large volume customer,19711,PHI,,ok,no
19715,Newark,DE,Post Office or large volume customer,19711,PHI,,ok,no
19718,Newark,DE,Post Office or large volume customer,19713,PHI,,ok,no
19721,New Castle,DE,Post Office or large volume customer,19720,PHI,,ok,no
19725,Newark,DE,Post Office or large volume customer,19711,PHI,,http 404,
19726,New Castle,DE,Post Office or large volume customer,19720,PHI,,http 404,
19850,Wilmington,DE,Post Office or large volume customer,19801,PHI,,ok,no
19880,Wilmington,DE,Post Office or large volume customer,19801,PHI,,http 404,
19884,Wilmington,DE,Post Office or large volume customer,19801,PHI,,ok,no
19885,Wilmington,DE,Post Office or large volume customer,19801,PHI,,http 404,
19886,Wilmington,DE,Post Office or large volume customer,19801,PHI,,http 404,
19890,Wilmington,DE,Post Office or large volume customer,19801,PHI,,ok,no
19891,Wilmington,DE,Post Office or large volume customer,19713,PHI,,http 404,
19892,Wilmington,DE,Post Office or large volume customer,19720,PHI,,http 404,
19893,Wilmington,DE,Post Office or large volume customer,19801,PHI,,ok,no
19894,Wilmington,DE,Post Office or large volume customer,19804,PHI,,http 404,
19895,Wilmington,DE,Post Office or large volume customer,19801,PHI,,http 404,
19896,Wilmington,DE,Post Office or large volume customer,19801,PHI,,http 404,
19897,Wilmington,DE,Post Office or large volume customer,19803,PHI,,ok,no
19898,Wilmington,DE,Post Office or large volume customer,19801,PHI,,ok,no
19899,Wilmington,DE,Post Office or large volume customer,19801,PHI,,ok,no
19903,Dover,DE,Post Office or large volume customer,19901,PHI,WAS,ok,no
19905,Dover,DE,Post Office or large volume customer,19936,PHI,WAS,ok,no
19906,Dover,DE,Post Office or large volume customer,19901,PHI,,http 404,
19961,Little Creek,DE,Post Office or large volume customer,19901,PHI,PHI,ok,yes
19969,Nassau,DE,Post Office or large volume customer,19958,PHI|WAS,PHI|WAS,ok,yes
20013,Washington,DC,Post Office or large volume customer,20002,WAS,WAS,ok,yes
20022,Washington,DC,Post Office or large volume customer,20002,WAS,,http 404,
20026,Washington,DC,Post Office or large volume customer,20260,WAS,WAS,ok,yes
20027,Washington,DC,Post Office or large volume customer,20007,WAS,,http 404,
20029,Washington,DC,Post Office or large volume customer,20019,WAS,WAS,ok,yes
20030,Washington,DC,Post Office or large volume customer,20020,WAS,WAS,ok,yes
20033,Washington,DC,Post Office or large volume customer,20036,WAS,WAS,ok,yes
20035,Washington,DC,Post Office or large volume customer,20036,WAS,WAS,ok,yes
20038,Washington,DC,Post Office or large volume customer,20006,WAS,WAS,ok,yes
20039,Washington,DC,Post Office or large volume customer,20011,WAS,WAS,ok,yes
20040,Washington,DC,Post Office or large volume customer,20011,WAS,WAS,ok,yes
20041,Washington,VA,Zip Code Area,20151,WAS,WAS,ok,yes
20042,Washington,DC,Post Office or large volume customer,20018,WAS,WAS,ok,yes
20043,Washington,DC,Post Office or large volume customer,20005,WAS,WAS,ok,yes
20044,Washington,DC,Post Office or large volume customer,20004,WAS,WAS,ok,yes
20047,Washington,DC,Post Office or large volume customer,20015,WAS,WAS,ok,yes
20049,Washington,DC,Post Office or large volume customer,20004,WAS,WAS,ok,yes
20050,Washington,DC,Post Office or large volume customer,20018,WAS,WAS,ok,yes
20053,Washington,DC,Post Office or large volume customer,20003,WAS,WAS,ok,yes
20055,Washington,DC,Post Office or large volume customer,20001,WAS,WAS,ok,yes
20056,Washington,DC,Post Office or large volume customer,20009,WAS,WAS,ok,yes
20058,Washington,MD,Post Office or large volume customer,20817,WAS,WAS,ok,yes
20060,Washington,DC,Post Office or large volume customer,20001,WAS,WAS,ok,yes
20061,Washington,DC,Post Office or large volume customer,20018,WAS,WAS,ok,yes
20062,Washington,DC,Post Office or large volume customer,20006,WAS,WAS,ok,yes
20063,Washington,DC,Post Office or large volume customer,20037,WAS,WAS,ok,yes
20065,Washington,DC,Post Office or large volume customer,20002,WAS,WAS,ok,yes
20066,Washington,DC,Post Office or large volume customer,20018,WAS,WAS,ok,yes
20067,Washington,DC,Post Office or large volume customer,20006,WAS,WAS,ok,yes
20068,Washington,DC,Post Office or large volume customer,20001,WAS,WAS,ok,yes
20069,Washington,VA,Post Office or large volume customer,22031,WAS,WAS,ok,yes
20070,Washington,VA,Post Office or large volume customer,22031,WAS,WAS,ok,yes
20071,Washington,DC,Post Office or large volume customer,20005,WAS,WAS,ok,yes
20073,Washington,DC,Post Office or large volume customer,20220,WAS,WAS,ok,yes
20074,Washington,DC,Post Office or large volume customer,20018,WAS,WAS,ok,yes
20075,Washington,DC,Post Office or large volume customer,20018,WAS,WAS,ok,yes
20076,Washington,DC,Post Office or large volume customer,20015,WAS,WAS,ok,yes
20077,Washington,DC,Post Office or large volume customer,20018,WAS,WAS,ok,yes
20078,Washington,DC,Post Office or large volume customer,20018,WAS,WAS,ok,yes
20080,Washington,DC,Post Office or large volume customer,20001,WAS,WAS,ok,yes
20081,Washington,DC,Post Office or large volume customer,20001,WAS,WAS,ok,yes
20082,Washington,DC,Post Office or large volume customer,20003,WAS,WAS,ok,yes
20090,Washington,DC,Post Office or large volume customer,20018,WAS,WAS,ok,yes
20091,Washington,DC,Post Office or large volume customer,20001,WAS,WAS,ok,yes
20101,Dulles,VA,Post Office or large volume customer,20166,WAS,WAS,ok,yes
20102,Dulles,VA,Post Office or large volume customer,20166,WAS,WAS,ok,yes
20103,Dulles,VA,Post Office or large volume customer,20166,WAS,WAS,ok,yes
20104,Dulles,VA,Post Office or large volume customer,20166,WAS,WAS,ok,yes
20108,Manassas,VA,Post Office or large volume customer,20110,WAS,WAS,ok,yes
20113,Manassas,VA,Post Office or large volume customer,20111,WAS,WAS,ok,yes
20116,Marshall,VA,Post Office or large volume customer,20115,WAS,WAS,ok,yes
20118,Middleburg,VA,Post Office or large volume customer,20117,WAS,WAS,ok,yes
20122,Centreville,VA,Post Office or large volume customer,20120,WAS,WAS,ok,yes
20128,Orlean,VA,Post Office or large volume customer,20115,WAS,,http 404,
20131,Philomont,VA,Post Office or large volume customer,20132,WAS,WAS,ok,yes
20134,Purcellville,VA,Post Office or large volume customer,20132,WAS,WAS,ok,yes
20138,Calverton,VA,Post Office or large volume customer,20119,WAS,,http 404,
20139,Casanova,VA,Post Office or large volume customer,20119,WAS,,http 404,
20140,Rectortown,VA,Post Office or large volume customer,20144,WAS,,http 404,
20142,Round Hill,VA,Post Office or large volume customer,20141,WAS,WAS,ok,yes
20146,Ashburn,VA,Post Office or large volume customer,20147,WAS,WAS,ok,yes
20149,Ashburn,VA,Post Office or large volume customer,20147,WAS,WAS,ok,yes
20153,Chantilly,VA,Post Office or large volume customer,20151,WAS,WAS,ok,yes
20156,Gainesville,VA,Post Office or large volume customer,20155,WAS,WAS,ok,yes
20159,Hamilton,VA,Post Office or large volume customer,20158,WAS,WAS,ok,yes
20160,Lincoln,VA,Post Office or large volume customer,20132,WAS,WAS,ok,yes
20163,Sterling,VA,Post Office or large volume customer,20164,WAS,WAS,ok,yes
20167,Sterling,VA,Post Office or large volume customer,20164,WAS,WAS,ok,yes
20168,Haymarket,VA,Post Office or large volume customer,20155,WAS,WAS,ok,yes
20172,Herndon,VA,Post Office or large volume customer,20170,WAS,WAS,ok,yes
20177,Leesburg,VA,Post Office or large volume customer,20175,WAS,WAS,ok,yes
20178,Leesburg,VA,Post Office or large volume customer,20176,WAS,WAS,ok,yes
20182,Nokesville,VA,Post Office or large volume customer,20181,WAS,WAS,ok,yes
20185,Upperville,VA,Post Office or large volume customer,20184,WAS,WAS,ok,yes
20188,Warrenton,VA,Post Office or large volume customer,20186,WAS,WAS,ok,yes
20189,Dulles,VA,Post Office or large volume customer,20166,WAS,,ok,no
20192,Herndon,VA,Zip Code Area,20191,WAS,WAS,ok,yes
20195,Reston,VA,Post Office or large volume customer,20190,WAS,WAS,ok,yes
20196,Reston,VA,Post Office or large volume customer,20191,WAS,WAS,ok,yes
20201,Washington,DC,Post Office or large volume customer,20024,WAS,WAS,ok,yes
20202,Washington,DC,Post Office or large volume customer,20024,WAS,WAS,ok,yes
20203,Washington,DC,Post Office or large volume customer,20037,WAS,WAS,ok,yes
20206,Washington,VA,Post Office or large volume customer,22302,WAS,WAS,ok,yes
20207,Washington,MD,Post Office or large volume customer,20814,WAS,WAS,ok,yes
20208,Washington,DC,Post Office or large volume customer,20001,WAS,WAS,ok,yes
20210,Washington,DC,Post Office or large volume customer,20001,WAS,WAS,ok,yes
20211,Washington,DC,Post Office or large volume customer,20001,WAS,WAS,ok,yes
20212,Washington,DC,Post Office or large volume customer,20002,WAS,WAS,ok,yes
20213,Washington,DC,Post Office or large volume customer,20001,WAS,WAS,ok,yes
20214,Washington,DC,Post Office or large volume customer,20002,WAS,WAS,ok,yes
20215,Washington,DC,Post Office or large volume customer,20001,WAS,WAS,ok,yes
20216,Washington,DC,Post Office or large volume customer,20001,WAS,WAS,ok,yes
20217,Washington,DC,Post Office or large volume customer,20001,WAS,WAS,ok,yes
20218,Washington,DC,Post Office or large volume customer,20006,WAS,WAS,ok,yes
20219,Washington,DC,Post Office or large volume customer,20024,WAS,WAS,ok,yes
20221,Washington,DC,Post Office or large volume customer,20004,WAS,WAS,ok,yes
20222,Washington,DC,Post Office or large volume customer,20220,WAS,WAS,ok,yes
20223,Washington,DC,Post Office or large volume customer,20005,WAS,WAS,ok,yes
20224,Washington,DC,Post Office or large volume customer,20004,WAS,WAS,ok,yes
20226,Washington,DC,Post Office or large volume customer,20005,WAS,WAS,ok,yes
20227,Washington,DC,Post Office or large volume customer,20250,WAS,WAS,ok,yes
20228,Washington,DC,Post Office or large volume customer,20250,WAS,WAS,ok,yes
20229,Washington,DC,Post Office or large volume customer,20004,WAS,WAS,ok,yes
20232,Washington,DC,Post Office or large volume customer,20009,WAS,WAS,ok,yes
20233,Washington,MD,Post Office or large volume customer,20746,WAS,WAS,ok,yes
20235,Washington,DC,Post Office or large volume customer,20009,WAS,WAS,ok,yes
20237,Washington,DC,Post Office or large volume customer,20024,WAS,WAS,ok,yes
20238,Washington,DC,Post Office or large volume customer,20036,WAS,WAS,ok,yes
20239,Washington,DC,Post Office or large volume customer,20001,WAS,WAS,ok,yes
20241,Washington,DC,Post Office or large volume customer,20037,WAS,WAS,ok,yes
20242,Washington,DC,Post Office or large volume customer,20024,WAS,WAS,ok,yes
20244,Washington,DC,Post Office or large volume customer,20018,WAS,WAS,ok,yes
20251,Washington,DC,Post Office or large volume customer,20260,WAS,WAS,ok,yes
20252,Washington,DC,Post Office or large volume customer,20018,WAS,,http 404,
20254,Washington,DC,Post Office or large volume customer,20024,WAS,WAS,ok,yes
20261,Washington,DC,Post Office or large volume customer,20024,WAS,WAS,ok,yes
20262,Washington,DC,Post Office or large volume customer,20018,WAS,WAS,ok,yes
20265,Washington,DC,Post Office or large volume customer,20024,WAS,WAS,ok,yes
20266,Washington,DC,Post Office or large volume customer,20024,WAS,WAS,ok,yes
20268,Washington,DC,Post Office or large volume customer,20001,WAS,WAS,ok,yes
20270,Washington,DC,Post Office or large volume customer,20006,WAS,WAS,ok,yes
20277,Washington,DC,Post Office or large volume customer,20018,WAS,WAS,ok,yes
20289,Washington,DC,Post Office or large volume customer,20024,WAS,WAS,ok,yes
20299,Washington,DC,Post Office or large volume customer,20018,WAS,WAS,ok,yes
20301,Washington,VA,Post Office or large volume customer,22202,WAS,WAS,ok,yes
20303,Washington,DC,Post Office or large volume customer,20003,WAS,WAS,ok,yes
20306,Washington,DC,Post Office or large volume customer,20012,WAS,WAS,ok,yes
20310,Washington,VA,Post Office or large volume customer,22202,WAS,WAS,ok,yes
20314,Washington,DC,Post Office or large volume customer,20001,WAS,WAS,ok,yes
20318,Washington,DC,Post Office or large volume customer,20018,WAS,WAS,ok,yes
20330,Washington,VA,Post Office or large volume customer,22202,WAS,WAS,ok,yes
20340,Washington,DC,Post Office or large volume customer,20032,WAS,WAS,ok,yes
20350,Washington,VA,Post Office or large volume customer,22202,WAS,WAS,ok,yes
20355,Washington,DC,Post Office or large volume customer,20018,WAS,,http 404,
20370,Washington,DC,Post Office or large volume customer,20003,WAS,WAS,ok,yes
20372,Washington,DC,Post Office or large volume customer,20037,WAS,WAS,ok,yes
20374,Washington Navy Yard,DC,Zip Code Area,20003,WAS,WAS,ok,yes
20375,Washington,DC,Post Office or large volume customer,20032,WAS,WAS,ok,yes
20376,Washington Navy Yard,DC,Post Office or large volume customer,20003,WAS,WAS,ok,yes
20380,Washington,DC,Post Office or large volume customer,20003,WAS,WAS,ok,yes
20389,Washington,MD,Post Office or large volume customer,20746,WAS,WAS,ok,yes
20391,Washington Navy Yard,DC,Post Office or large volume customer,20003,WAS,WAS,ok,yes
20392,Washington,DC,Post Office or large volume customer,20007,WAS,WAS,ok,yes
20393,Washington,DC,Post Office or large volume customer,20016,WAS,WAS,ok,yes
20394,Washington,DC,Post Office or large volume customer,20016,WAS,WAS,ok,yes
20395,Washington,MD,Post Office or large volume customer,20746,WAS,WAS,ok,yes
20398,Washington Navy Yard,DC,Post Office or large volume customer,20003,WAS,WAS,ok,yes
20401,Washington,DC,Post Office or large volume customer,20001,WAS,WAS,ok,yes
20402,Washington,DC,Post Office or large volume customer,20001,WAS,WAS,ok,yes
20403,Washington,DC,Post Office or large volume customer,20001,WAS,WAS,ok,yes
20404,Washington,DC,Post Office or large volume customer,20001,WAS,WAS,ok,yes
20405,Washington,DC,Post Office or large volume customer,20006,WAS,WAS,ok,yes
20406,Washington,VA,Post Office or large volume customer,22202,WAS,WAS,ok,yes
20407,Washington,DC,Post Office or large volume customer,20024,WAS,WAS,ok,yes
20410,Washington,DC,Post Office or large volume customer,20024,WAS,WAS,ok,yes
20411,Washington,DC,Post Office or large volume customer,20024,WAS,WAS,ok,yes
20412,Washington,DC,Post Office or large volume customer,20024,WAS,WAS,ok,yes
20413,Washington,DC,Post Office or large volume customer,20024,WAS,WAS,ok,yes
20414,Washington,DC,Post Office or large volume customer,20024,WAS,WAS,ok,yes
20416,Washington,DC,Post Office or large volume customer,20024,WAS,WAS,ok,yes
20417,Washington,DC,Post Office or large volume customer,20002,WAS,,http 404,
20419,Washington,DC,Post Office or large volume customer,20036,WAS,WAS,ok,yes
20420,Washington,DC,Post Office or large volume customer,20006,WAS,WAS,ok,yes
20421,Washington,DC,Post Office or large volume customer,20006,WAS,WAS,ok,yes
20423,Washington,DC,Post Office or large volume customer,20024,WAS,WAS,ok,yes
20424,Washington,DC,Post Office or large volume customer,20005,WAS,WAS,ok,yes
20425,Washington,DC,Post Office or large volume customer,20001,WAS,WAS,ok,yes
20426,Washington,DC,Post Office or large volume customer,20002,WAS,WAS,ok,yes
20428,Washington,DC,Post Office or large volume customer,20009,WAS,WAS,ok,yes
20429,Washington,DC,Post Office or large volume customer,20006,WAS,,http 404,
20433,Washington,DC,Post Office or large volume customer,20006,WAS,WAS,ok,yes
20434,Washington,DC,Post Office or large volume customer,20006,WAS,WAS,ok,yes
20435,Washington,DC,Post Office or large volume customer,20007,WAS,WAS,ok,yes
20436,Washington,DC,Post Office or large volume customer,20024,WAS,WAS,ok,yes
20437,Washington,DC,Post Office or large volume customer,20037,WAS,WAS,ok,yes
20439,Washington,DC,Post Office or large volume customer,20005,WAS,WAS,ok,yes
20440,Washington,DC,Post Office or large volume customer,20009,WAS,WAS,ok,yes
20441,Washington,DC,Post Office or large volume customer,20009,WAS,WAS,ok,yes
20442,Washington,DC,Post Office or large volume customer,20001,WAS,WAS,ok,yes
20444,Washington,DC,Post Office or large volume customer,20001,WAS,WAS,ok,yes
20447,Washington,DC,Post Office or large volume customer,20024,WAS,WAS,ok,yes
20451,Washington,DC,Post Office or large volume customer,20520,WAS,WAS,ok,yes
20453,Washington,VA,Post Office or large volume customer,22202,WAS,WAS,ok,yes
20456,Washington,DC,Post Office or large volume customer,20006,WAS,WAS,ok,yes
20460,Washington,DC,Post Office or large volume customer,20004,WAS,WAS,ok,yes
20463,Washington,DC,Post Office or large volume customer,20004,WAS,WAS,ok,yes
20468,Washington,DC,Post Office or large volume customer,20006,WAS,WAS,ok,yes
20469,Washington,DC,Post Office or large volume customer,20006,WAS,WAS,ok,yes
20470,Washington,DC,Post Office or large volume customer,20018,WAS,WAS,ok,yes
20472,Washington,DC,Post Office or large volume customer,20024,WAS,WAS,ok,yes
20500,Washington,DC,Post Office or large volume customer,20006,WAS,WAS,ok,yes
20501,Washington,DC,Post Office or large volume customer,20006,WAS,WAS,ok,yes
20502,Washington,DC,Post Office or large volume customer,20006,WAS,WAS,ok,yes
20503,Washington,DC,Post Office or large volume customer,20006,WAS,WAS,ok,yes
20504,Washington,DC,Post Office or large volume customer,20006,WAS,WAS,ok,yes
20505,Washington,DC,Post Office or large volume customer,20006,WAS,WAS,ok,yes
20506,Washington,DC,Post Office or large volume customer,20006,WAS,WAS,ok,yes
20507,Washington,DC,Post Office or large volume customer,20002,WAS,WAS,ok,yes
20508,Washington,DC,Post Office or large volume customer,20006,WAS,WAS,ok,yes
20509,Washington,DC,Post Office or large volume customer,20006,WAS,,http 404,
20511,Washington,DC,Post Office or large volume customer,20018,WAS,,http 404,
20521,Washington,DC,Post Office or large volume customer,20037,WAS,WAS,ok,yes
20522,Washington,DC,Post Office or large volume customer,20520,WAS,WAS,ok,yes
20523,Washington,DC,Post Office or large volume customer,20520,WAS,WAS,ok,yes
20524,Washington,DC,Post Office or large volume customer,20005,WAS,WAS,ok,yes
20525,Washington,DC,Post Office or large volume customer,20005,WAS,WAS,ok,yes
20526,Washington,DC,Post Office or large volume customer,20036,WAS,WAS,ok,yes
20527,Washington,DC,Post Office or large volume customer,20005,WAS,WAS,ok,yes
20528,Washington,DC,Post Office or large volume customer,20004,WAS,,ok,no
20529,Washington,DC,Post Office or large volume customer,20001,WAS,,http 404,
20531,Washington,DC,Post Office or large volume customer,20004,WAS,WAS,ok,yes
20533,Washington,DC,Post Office or large volume customer,20005,WAS,WAS,ok,yes
20534,Washington,DC,Post Office or large volume customer,20001,WAS,WAS,ok,yes
20536,Washington,DC,Post Office or large volume customer,20024,WAS,WAS,ok,yes
20537,Washington,DC,Post Office or large volume customer,20018,WAS,WAS,ok,yes
20538,Washington,DC,Post Office or large volume customer,20001,WAS,WAS,ok,yes
20539,Washington,DC,Post Office or large volume customer,20005,WAS,,http 404,
20541,Washington,DC,Post Office or large volume customer,20540,WAS,WAS,ok,yes
20543,Washington,DC,Post Office or large volume customer,20002,WAS,WAS,ok,yes
20544,Washington,DC,Post Office or large volume customer,20002,WAS,WAS,ok,yes
20546,Washington,DC,Post Office or large volume customer,20024,WAS,WAS,ok,yes
20547,Washington,DC,Post Office or large volume customer,20024,WAS,WAS,ok,yes
20548,Washington,DC,Post Office or large volume customer,20001,WAS,WAS,ok,yes
20549,Washington,DC,Post Office or large volume customer,20001,WAS,WAS,ok,yes
20552,Washington,DC,Post Office or large volume customer,20006,WAS,WAS,ok,yes
20553,Washington,DC,Post Office or large volume customer,20024,WAS,WAS,ok,yes
20554,Washington,DC,Post Office or large volume customer,20006,WAS,WAS,ok,yes
20555,Washington,DC,Post Office or large volume customer,20006,WAS,WAS,ok,yes
20557,Washington,DC,Post Office or large volume customer,20540,WAS,WAS,ok,yes
20559,Washington,DC,Post Office or large volume customer,20540,WAS,WAS,ok,yes
20570,Washington,DC,Post Office or large volume customer,20006,WAS,WAS,ok,yes
20571,Washington,DC,Post Office or large volume customer,20006,WAS,WAS,ok,yes
20572,Washington,DC,Post Office or large volume customer,20005,WAS,WAS,ok,yes
20573,Washington,DC,Post Office or large volume customer,20001,WAS,WAS,ok,yes
20575,Washington,DC,Post Office or large volume customer,20006,WAS,WAS,ok,yes
20576,Washington,DC,Post Office or large volume customer,20005,WAS,WAS,ok,yes
20577,Washington,DC,Post Office or large volume customer,20006,WAS,WAS,ok,yes
20578,Washington,DC,Post Office or large volume customer,20001,WAS,WAS,ok,yes
20579,Washington,DC,Post Office or large volume customer,20004,WAS,WAS,ok,yes
20580,Washington,DC,Post Office or large volume customer,20565,WAS,WAS,ok,yes
20581,Washington,DC,Post Office or large volume customer,20036,WAS,WAS,ok,yes
20585,Washington,DC,Post Office or large volume customer,20024,WAS,WAS,ok,yes
20586,Washington,DC,Post Office or large volume customer,20037,WAS,WAS,ok,yes
20588,DHS,MD,Post Office or large volume customer,20623,WAS,,http 404,
20590,Washington,DC,Post Office or large volume customer,20003,WAS,WAS,ok,yes
20593,Washington,DC,Post Office or large volume customer,20032,WAS,WAS,ok,yes
20594,Washington,DC,Post Office or large volume customer,20260,WAS,WAS,ok,yes
20597,Washington,DC,Post Office or large volume customer,20024,WAS,WAS,ok,yes
20598,DHS,VA,Post Office or large volume customer,22031,WAS,,ok,no
20599,Washington,MD,Post Office or large volume customer,20746,WAS,WAS,ok,yes
20604,Waldorf,MD,Post Office or large volume customer,20602,WAS,WAS,ok,yes
20610,Barstow,MD,Post Office or large volume customer,20678,WAS,,http 404,
20627,Compton,MD,Post Office or large volume customer,20650,WAS,WAS,ok,yes
20643,Ironsides,MD,Post Office or large volume customer,20646,WAS,,ok,no
20682,Rock Point,MD,Post Office or large volume customer,20618,WAS,WAS,ok,yes
20697,Southern MD Facility,MD,Post Office or large volume customer,20743,WAS,,http 404,
20703,Lanham,MD,Post Office or large volume customer,20706,WAS,WAS,ok,yes
20704,Beltsville,MD,Post Office or large volume customer,20705,WAS,WAS,ok,yes
20709,Laurel,MD,Post Office or large volume customer,20708,WAS,WAS,ok,yes
20717,Bowie,MD,Post Office or large volume customer,20716,WAS,WAS,ok,yes
20718,Bowie,MD,Post Office or large volume customer,20715,WAS,WAS,ok,yes
20719,Bowie,MD,Post Office or large volume customer,20720,WAS,WAS,ok,yes
20725,Laurel,MD,Post Office or large volume customer,20707,WAS,WAS,ok,yes
20726,Laurel,MD,Post Office or large volume customer,20708,WAS,WAS,ok,yes
20731,Capitol Heights,MD,Post Office or large volume customer,20743,WAS,WAS,ok,yes
20738,Riverdale,MD,Post Office or large volume customer,20737,WAS,WAS,ok,yes
20741,College Park,MD,Post Office or large volume customer,20740,WAS,WAS,ok,yes
20749,Fort Washington,MD,Post Office or large volume customer,20744,WAS,WAS,ok,yes
20750,Oxon Hill,MD,Post Office or large volume customer,20745,WAS,WAS,ok,yes
20752,Suitland,MD,Post Office or large volume customer,20746,WAS,WAS,ok,yes
20753,District Heights,MD,Post Office or large volume customer,20747,WAS,WAS,ok,yes
20757,Temple Hills,MD,Post Office or large volume customer,20748,WAS,WAS,ok,yes
20768,Greenbelt,MD,Post Office or large volume customer,20770,WAS,WAS,ok,yes
20773,Upper Marlboro,MD,Post Office or large volume customer,20772,WAS,WAS,ok,yes
20775,Upper Marlboro,MD,Post Office or large volume customer,20774,WAS,WAS,ok,yes
20787,Hyattsville,MD,Post Office or large volume customer,20912,WAS,WAS,ok,yes
20788,Hyattsville,MD,Post Office or large volume customer,20782,WAS,WAS,ok,yes
20790,Capitol Heights,MD,Post Office or large volume customer,20743,WAS,WAS,ok,yes
20791,Capitol Heights,MD,Post Office or large volume customer,20743,WAS,WAS,ok,yes
20792,Upper Marlboro,MD,Post Office or large volume customer,20774,WAS,,http 404,
20797,Southern MD Facility,MD,Post Office or large volume customer,20743,WAS,WAS,ok,yes
20799,Capitol Heights,MD,Post Office or large volume customer,20743,WAS,,http 404,
20810,Bethesda,MD,Post Office or large volume customer,20815,WAS,,http 404,
20811,Bethesda,MD,Post Office or large volume customer,20815,WAS,,http 404,
20813,Bethesda,MD,Post Office or large volume customer,20815,WAS,WAS,ok,yes
20824,Bethesda,MD,Post Office or large volume customer,20815,WAS,WAS,ok,yes
20825,Chevy Chase,MD,Post Office or large volume customer,20815,WAS,WAS,ok,yes
20827,Bethesda,MD,Post Office or large volume customer,20817,WAS,WAS,ok,yes
20830,Olney,MD,Post Office or large volume customer,20832,WAS,WAS,ok,yes
20847,Rockville,MD,Post Office or large volume customer,20852,WAS,WAS,ok,yes
20848,Rockville,MD,Post Office or large volume customer,20851,WAS,WAS,ok,yes
20849,Rockville,MD,Post Office or large volume customer,20850,WAS,WAS,ok,yes
20857,Rockville,MD,Post Office or large volume customer,20852,WAS,WAS,ok,yes
20859,Potomac,MD,Post Office or large volume customer,20854,WAS,WAS,ok,yes
20875,Germantown,MD,Post Office or large volume customer,20874,WAS,WAS,ok,yes
20883,Gaithersburg,MD,Post Office or large volume customer,20878,WAS,,ok,no
20884,Gaithersburg,MD,Post Office or large volume customer,20877,WAS,WAS,ok,yes
20885,Gaithersburg,MD,Post Office or large volume customer,20878,WAS,WAS,ok,yes
20891,Kensington,MD,Post Office or large volume customer,20895,WAS,WAS,ok,yes
20897,Suburb Maryland Fac,MD,Post Office or large volume customer,20855,WAS,,http 404,
20898,Gaithersburg,MD,Post Office or large volume customer,20855,WAS,WAS,ok,yes
20907,Silver Spring,MD,Post Office or large volume customer,20910,WAS,WAS,ok,yes
20908,Silver Spring,MD,Post Office or large volume customer,20906,WAS,WAS,ok,yes
20911,Silver Spring,MD,Post Office or large volume customer,20910,WAS,WAS,ok,yes
20913,Takoma Park,MD,Post Office or large volume customer,20912,WAS,WAS,ok,yes
20914,Silver Spring,MD,Post Office or large volume customer,20904,WAS,WAS,ok,yes
20915,Silver Spring,MD,Post Office or large volume customer,20902,WAS,WAS,ok,yes
20916,Silver Spring,MD,Post Office or large volume customer,20906,WAS,WAS,ok,yes
20918,Silver Spring,MD,Post Office or large volume customer,20901,WAS,WAS,ok,yes
20993,Silver Spring,MD,Post Office or large volume customer,20903,WAS,,ok,no
20997,Silver Spring,MD,Post Office or large volume customer,20910,WAS,WAS,ok,yes
21018,Benson,MD,Post Office or large volume customer,21047,WAS,PHI,ok,no
21020,Boring,MD,Post Office or large volume customer,21155,WAS,WAS,ok,yes
21022,Brooklandville,MD,Post Office or large volume customer,21093,WAS,,ok,no
21027,Chase,MD,Post Office or large volume customer,21220,WAS,,ok,no
21041,Ellicott City,MD,Post Office or large volume customer,21043,WAS,WAS,ok,yes
21062,Glen Burnie,MD,Post Office or large volume customer,21061,WAS,WAS,ok,yes
21065,Hunt Valley,MD,Post Office or large volume customer,21031,WAS,,ok,no
21088,Lineboro,MD,Post Office or large volume customer,21102,WAS,WAS,ok,yes
21092,Long Green,MD,Post Office or large volume customer,21013,WAS,WAS,ok,yes
21094,Lutherville Timonium,MD,Post Office or large volume customer,21093,WAS,WAS,ok,yes
21106,Mayo,MD,Post Office or large volume customer,21037,WAS,,ok,no
21123,Pasadena,MD,Post Office or large volume customer,21122,WAS,,ok,no
21139,Riderwood,MD,Post Office or large volume customer,21286,WAS,,ok,no
21150,Simpsonville,MD,Post Office or large volume customer,21044,WAS,WAS,ok,yes
21203,Baltimore,MD,Post Office or large volume customer,21233,WAS,WAS,ok,yes
21235,Baltimore,MD,Post Office or large volume customer,21207,WAS,WAS,ok,yes
21241,Baltimore,MD,Post Office or large volume customer,21207,WAS,WAS,ok,yes
21263,Baltimore,MD,Post Office or large volume customer,21202,WAS,WAS,ok,yes
21264,Baltimore,MD,Post Office or large volume customer,21218,WAS,WAS,ok,yes
21270,Baltimore,MD,Post Office or large volume customer,21215,WAS,WAS,ok,yes
21273,Baltimore,MD,Post Office or large volume customer,21202,WAS,WAS,ok,yes
21275,Baltimore,MD,Post Office or large volume customer,21202,WAS,WAS,ok,yes
21278,Baltimore,MD,Post Office or large volume customer,21202,WAS,WAS,ok,yes
21279,Baltimore,MD,Post Office or large volume customer,21233,WAS,WAS,ok,yes
21281,Baltimore,MD,Post Office or large volume customer,21224,WAS,WAS,ok,yes
21282,Pikesville,MD,Post Office or large volume customer,21208,WAS,,ok,no
21284,Towson,MD,Post Office or large volume customer,21286,WAS,WAS,ok,yes
21289,Baltimore,MD,Post Office or large volume customer,21207,WAS,WAS,ok,yes
21290,Baltimore,MD,Post Office or large volume customer,21201,WAS,WAS,ok,yes
21297,Baltimore,MD,Post Office or large volume customer,21202,WAS,WAS,ok,yes
21298,Baltimore,MD,Post Office or large volume customer,21202,WAS,WAS,ok,yes
21404,Annapolis,MD,Post Office or large volume customer,21401,WAS,WAS,ok,yes
21411,Annapolis,MD,Post Office or large volume customer,21401,WAS,WAS,ok,yes
21412,Annapolis,MD,Post Office or large volume customer,21402,WAS,WAS,ok,yes
21501,Cumberland,MD,Post Office or large volume customer,21502,WAS,WAS,ok,yes
21503,Cumberland,MD,Post Office or large volume customer,21502,WAS,WAS,ok,yes
21504,Cumberland,MD,Post Office or large volume customer,21502,WAS,WAS,ok,yes
21505,Cumberland,MD,Post Office or large volume customer,21502,WAS,WAS,ok,yes
21522,Bittinger,MD,Zip Code Area,21536,WAS,WAS,ok,yes
21528,Eckhart Mines,MD,Post Office or large volume customer,21532,WAS,WAS,ok,yes
21556,Pinto,MD,Post Office or large volume customer,21502,WAS,WAS,ok,yes
21609,Bethlehem,MD,Post Office or large volume customer,21655,WAS,,ok,no
21656,Price,MD,Post Office or large volume customer,21623,WAS,,http 404,
21670,Templeville,MD,Post Office or large volume customer,21649,PHI,PHI,ok,yes
21690,Chestertown,MD,Post Office or large volume customer,21620,PHI|WAS,WAS,ok,no
21709,Frederick,MD,Post Office or large volume customer,21701,WAS,WAS,ok,yes
21720,Cavetown,MD,Post Office or large volume customer,21783,WAS,,ok,no
21721,Chewsville,MD,Post Office or large volume customer,21783,WAS,,ok,no
21741,Hagerstown,MD,Post Office or large volume customer,21740,WAS,WAS,ok,yes
21747,Hagerstown,MD,Post Office or large volume customer,21742,WAS,WAS,ok,yes
21749,Hagerstown,MD,Post Office or large volume customer,21742,WAS,WAS,ok,yes
21759,Ladiesburg,MD,Post Office or large volume customer,21757,WAS,,http 404,
21765,Lisbon,MD,Post Office or large volume customer,21797,WAS,WAS,ok,yes
21775,New Midway,MD,Post Office or large volume customer,21757,WAS,,ok,no
21792,Unionville,MD,Post Office or large volume customer,21851,WAS,WAS,ok,yes
21802,Salisbury,MD,Post Office or large volume customer,21804,WAS,WAS,ok,yes
21803,Salisbury,MD,Post Office or large volume customer,21801,WAS,WAS,ok,yes
21836,Manokin,MD,Post Office or large volume customer,21871,WAS,WAS,ok,yes
21843,Ocean City,MD,Post Office or large volume customer,21842,WAS,,ok,no
21852,Powellville,MD,Post Office or large volume customer,21850,WAS,WAS,ok,yes
21857,Rehobeth,MD,Post Office or large volume customer,21871,WAS,WAS,ok,yes
21916,Childs,MD,Post Office or large volume customer,21921,,,http 404,
21922,Elkton,MD,Post Office or large volume customer,21921,,,ok,yes
22009,Burke,VA,Post Office or large volume customer,22015,WAS,WAS,ok,yes
22034,Fairfax,VA,Post Office or large volume customer,22031,WAS,WAS,ok,yes
22036,Fairfax,VA,Post Office or large volume customer,22031,WAS,WAS,ok,yes
22037,Fairfax,VA,Post Office or large volume customer,22042,WAS,WAS,ok,yes
22038,Fairfax,VA,Post Office or large volume customer,22030,WAS,WAS,ok,yes
22040,Falls Church,VA,Post Office or large volume customer,22046,WAS,WAS,ok,yes
22067,Greenway,VA,Zip Code Area,22102,WAS,WAS,ok,yes
22081,Merrifield,VA,Post Office or large volume customer,22031,WAS,WAS,ok,yes
22082,Merrifield,VA,Post Office or large volume customer,22031,WAS,WAS,ok,yes
22095,Herndon,VA,Post Office or large volume customer,20170,WAS,,http 404,
22096,Reston,VA,Post Office or large volume customer,20170,WAS,,ok,no
22103,West McLean,VA,Post Office or large volume customer,22102,WAS,WAS,ok,yes
22106,Mc Lean,VA,Post Office or large volume customer,22101,WAS,WAS,ok,yes
22107,Mc Lean,VA,Post Office or large volume customer,22102,WAS,,http 404,
22108,Mc Lean,VA,Post Office or large volume customer,22102,WAS,,http 404,
22109,Mc Lean,VA,Post Office or large volume customer,22102,WAS,WAS,ok,yes
22116,Merrifield,VA,Post Office or large volume customer,22031,WAS,WAS,ok,yes
22118,Merrifield,VA,Post Office or large volume customer,22031,WAS,WAS,ok,yes
22119,Merrifield,VA,Post Office or large volume customer,22031,WAS,WAS,ok,yes
22121,Mount Vernon,VA,Post Office or large volume customer,22309,WAS,WAS,ok,yes
22122,Newington,VA,Post Office or large volume customer,22079,WAS,,ok,no
22135,Quantico,VA,Post Office or large volume customer,22134,WAS,WAS,ok,yes
22156,Springfield,VA,Post Office or large volume customer,22150,WAS,WAS,ok,yes
22158,Springfield,VA,Post Office or large volume customer,22151,WAS,WAS,ok,yes
22159,Springfield,VA,Post Office or large volume customer,22151,WAS,WAS,ok,yes
22160,Springfield,VA,Post Office or large volume customer,22151,WAS,WAS,ok,yes
22161,Springfield,VA,Post Office or large volume customer,22151,WAS,WAS,ok,yes
22183,Vienna,VA,Post Office or large volume customer,22180,WAS,WAS,ok,yes
22185,Vienna,VA,Post Office or large volume customer,22124,WAS,WAS,ok,yes
22194,Woodbridge,VA,Post Office or large volume customer,22191,WAS,WAS,ok,yes
22195,Woodbridge,VA,Post Office or large volume customer,22193,WAS,,ok,no
22199,Lorton,VA,Post Office or large volume customer,22079,WAS,WAS,ok,yes
22210,Arlington,VA,Post Office or large volume customer,22201,WAS,WAS,ok,yes
22212,Arlington,VA,Post Office or large volume customer,22211,WAS,,ok,no
22215,Arlington,VA,Post Office or large volume customer,22202,WAS,WAS,ok,yes
22216,Arlington,VA,Post Office or large volume customer,22201,WAS,WAS,ok,yes
22217,Arlington,VA,Post Office or large volume customer,22203,WAS,WAS,ok,yes
22219,Arlington,VA,Post Office or large volume customer,22209,WAS,WAS,ok,yes
22225,Arlington,VA,Post Office or large volume customer,22201,WAS,,http 404,
22226,Arlington,VA,Post Office or large volume customer,22201,WAS,WAS,ok,yes
22227,Arlington,VA,Post Office or large volume customer,22202,WAS,WAS,ok,yes
22230,Arlington,VA,Post Office or large volume customer,22203,WAS,WAS,ok,yes
22240,Arlington,VA,Post Office or large volume customer,22202,WAS,WAS,ok,yes
22241,Arlington,VA,Post Office or large volume customer,22201,WAS,,http 404,
22242,Arlington,VA,Post Office or large volume customer,22202,WAS,WAS,ok,yes
22243,Arlington,VA,Post Office or large volume customer,22202,WAS,WAS,ok,yes
22244,Arlington,VA,Post Office or large volume customer,22202,WAS,WAS,ok,yes
22245,Arlington,VA,Post Office or large volume customer,22202,WAS,WAS,ok,yes
22246,Arlington,VA,Post Office or large volume customer,22202,WAS,WAS,ok,yes
22313,Alexandria,VA,Post Office or large volume customer,22314,WAS,WAS,ok,yes
22320,Alexandria,VA,Post Office or large volume customer,22314,WAS,WAS,ok,yes
22331,Alexandria,VA,Post Office or large volume customer,22314,WAS,WAS,ok,yes
22332,Alexandria,VA,Post Office or large volume customer,22314,WAS,WAS,ok,yes
22333,Alexandria,VA,Post Office or large volume customer,22304,WAS,WAS,ok,yes
22334,Alexandria,VA,Post Office or large volume customer,22314,WAS,WAS,ok,yes
22350,Alexandria,VA,Post Office or large volume customer,22311,WAS,,ok,no
22402,Fredericksburg,VA,Post Office or large volume customer,22401,WAS,WAS,ok,yes
22403,Fredericksburg,VA,Post Office or large volume customer,22406,WAS,WAS,ok,yes
22404,Fredericksburg,VA,Post Office or large volume customer,22401,WAS,WAS,ok,yes
22412,Fredericksburg,VA,Post Office or large volume customer,22406,WAS,WAS,ok,yes
22428,Bowling Green,VA,Post Office or large volume customer,22427,WAS,WAS,ok,yes
22430,Brooke,VA,Post Office or large volume customer,22554,WAS,WAS,ok,yes
22442,Coles Point,VA,Post Office or large volume customer,22469,WAS,WAS,ok,yes
22446,Corbin,VA,Post Office or large volume customer,22580,WAS,WAS,ok,yes
22451,Dogue,VA,Post Office or large volume customer,22485,WAS,WAS,ok,yes
22456,Edwardsville,VA,Post Office or large volume customer,22473,WAS,WAS,ok,yes
22463,Garrisonville,VA,Post Office or large volume customer,22556,WAS,WAS,ok,yes
22471,Hartwood,VA,Post Office or large volume customer,22406,WAS,WAS,ok,yes
22481,Jersey,VA,Post Office or large volume customer,22485,WAS,WAS,ok,yes
22501,Ladysmith,VA,Post Office or large volume customer,22546,WAS,WAS,ok,yes
22507,Lively,VA,Post Office or large volume customer,22503,WAS,WAS,ok,yes
22513,Merry Point,VA,Post Office or large volume customer,22503,WAS,WAS,ok,yes
22517,Mollusk,VA,Post Office or large volume customer,22503,WAS,WAS,ok,yes
22523,Morattico,VA,Post Office or large volume customer,22503,WAS,WAS,ok,yes
22524,Mount Holly,VA,Post Office or large volume customer,22520,WAS,WAS,ok,yes
22526,Ninde,VA,Post Office or large volume customer,22485,WAS,WAS,ok,yes
22528,Nuttsville,VA,Post Office or large volume customer,22503,WAS,WAS,ok,yes
22530,Ophelia,VA,Post Office or large volume customer,22473,WAS,WAS,ok,yes
22544,Rollins Fork,VA,Post Office or large volume customer,22485,WAS,WAS,ok,yes
22545,Ruby,VA,Post Office or large volume customer,22556,WAS,WAS,ok,yes
22547,Sealston,VA,Post Office or large volume customer,22485,WAS,WAS,ok,yes
22552,Sparta,VA,Post Office or large volume customer,22514,WAS,WAS,ok,yes
22555,Stafford,VA,Post Office or large volume customer,22554,WAS,WAS,ok,yes
22558,Stratford,VA,Post Office or large volume customer,22520,WAS,,ok,no
22565,Thornburg,VA,Post Office or large volume customer,22580,WAS,WAS,ok,yes
22570,Village,VA,Post Office or large volume customer,22435,WAS,WAS,ok,yes
22577,Sandy Point,VA,Post Office or large volume customer,22488,WAS,WAS,ok,yes
22579,Wicomico Church,VA,Post Office or large volume customer,22473,WAS,WAS,ok,yes
22581,Zacata,VA,Post Office or large volume customer,22520,WAS,WAS,ok,yes
22604,Winchester,VA,Post Office or large volume customer,22601,WAS,WAS,ok,yes
22622,Brucetown,VA,Post Office or large volume customer,22624,WAS,WAS,ok,yes
22626,Fishers Hill,VA,Post Office or large volume customer,22657,WAS,WAS,ok,yes
22649,Middletown,VA,Zip Code Area,22645,WAS,WAS,ok,yes
22739,Somerville,VA,Post Office or large volume customer,22728,WAS,WAS,ok,yes
22748,Wolftown,VA,Post Office or large volume customer,22727,WAS,WAS,ok,yes
22803,Harrisonburg,VA,Post Office or large volume customer,22802,WAS,,ok,no
22833,Lacey Spring,VA,Post Office or large volume customer,22802,WAS,WAS,ok,yes
22848,Pleasant Valley,VA,Post Office or large volume customer,22841,WAS,WAS,ok,yes
22905,Charlottesville,VA,Post Office or large volume customer,22903,WAS,WAS,ok,yes
22906,Charlottesville,VA,Post Office or large volume customer,22901,WAS,WAS,ok,yes
22907,Charlottesville,VA,Post Office or large volume customer,22901,WAS,WAS,ok,yes
22909,Charlottesville,VA,Post Office or large volume customer,22911,WAS,WAS,ok,yes
22910,Charlottesville,VA,Post Office or large volume customer,22903,WAS,WAS,ok,yes
22924,Batesville,VA,Post Office or large volume customer,22920,WAS,WAS,ok,yes
22945,Ivy,VA,Post Office or large volume customer,22903,WAS,WAS,ok,yes
22965,Quinque,VA,Post Office or large volume customer,22968,WAS,WAS,ok,yes
22987,White Hall,VA,Post Office or large volume customer,22932,WAS,WAS,ok,yes
23001,Achilles,VA,Post Office or large volume customer,23072,WAS,WAS,ok,yes
23003,Ark,VA,Post Office or large volume customer,23061,WAS,WAS,ok,yes
23014,Beaumont,VA,Post Office or large volume customer,23063,WAS,WAS,ok,yes
23018,Bena,VA,Post Office or large volume customer,23072,WAS,WAS,ok,yes
23031,Christchurch,VA,Post Office or large volume customer,23149,WAS,WAS,ok,yes
23058,Glen Allen,VA,Post Office or large volume customer,23060,WAS,WAS,ok,yes
23064,Grimstead,VA,Post Office or large volume customer,23066,WAS,WAS,ok,yes
23067,Hadensville,VA,Post Office or large volume customer,23063,WAS,WAS,ok,yes
23090,Lightfoot,VA,Post Office or large volume customer,23188,WAS,WAS,ok,yes
23105,Mannboro,VA,Post Office or large volume customer,23002,WAS,WAS,ok,yes
23107,Maryus,VA,Post Office or large volume customer,23072,WAS,WAS,ok,yes
23115,Millers Tavern,VA,Post Office or large volume customer,22560,WAS,WAS,ok,yes
23125,New Point,VA,Zip Code Area,23138,WAS,WAS,ok,yes
23127,Norge,VA,Post Office or large volume customer,23188,WAS,WAS,ok,yes
23131,Ordinary,VA,Post Office or large volume customer,23072,WAS,WAS,ok,yes
23154,Schley,VA,Post Office or large volume customer,23061,WAS,WAS,ok,yes
23155,Severn,VA,Post Office or large volume customer,23061,WAS,WAS,ok,yes
23162,Studley,VA,Post Office or large volume customer,23116,WAS,WAS,ok,yes
23170,Trevilians,VA,Post Office or large volume customer,23093,WAS,WAS,ok,yes
23178,Ware Neck,VA,Post Office or large volume customer,23061,WAS,WAS,ok,yes
23183,White Marsh,VA,Post Office or large volume customer,23072,WAS,WAS,ok,yes
23184,Wicomico,VA,Post Office or large volume customer,23072,WAS,WAS,ok,yes
23186,Williamsburg,VA,Zip Code Area,23185,WAS,WAS,ok,yes
23187,Williamsburg,VA,Post Office or large volume customer,23185,WAS,WAS,ok,yes
23190,Woods Cross Roads,VA,Post Office or large volume customer,23061,WAS,WAS,ok,yes
23218,Richmond,VA,Post Office or large volume customer,23219,WAS,WAS,ok,yes
23232,Richmond,VA,Post Office or large volume customer,23220,WAS,WAS,ok,yes
23241,Richmond,VA,Post Office or large volume customer,23219,WAS,WAS,ok,yes
23242,Henrico,VA,Post Office or large volume customer,23238,WAS,WAS,ok,yes
23249,Richmond,VA,Post Office or large volume customer,23224,WAS,WAS,ok,yes
23255,Henrico,VA,Post Office or large volume customer,23229,WAS,WAS,ok,yes
23260,Richmond,VA,Post Office or large volume customer,23220,WAS,WAS,ok,yes
23261,Richmond,VA,Post Office or large volume customer,23220,WAS,WAS,ok,yes
23269,Richmond,VA,Post Office or large volume customer,23220,WAS,WAS,ok,yes
23273,Henrico,VA,Post Office or large volume customer,23228,WAS,WAS,ok,yes
23274,Richmond,VA,Post Office or large volume customer,23219,WAS,WAS,ok,yes
23276,Richmond,VA,Post Office or large volume customer,23220,WAS,WAS,ok,yes
23278,Richmond,VA,Post Office or large volume customer,23220,WAS,WAS,ok,yes
23279,Richmond,VA,Post Office or large volume customer,23230,WAS,WAS,ok,yes
23282,Richmond,VA,Post Office or large volume customer,23220,WAS,WAS,ok,yes
23285,Richmond,VA,Post Office or large volume customer,23220,WAS,WAS,ok,yes
23286,Richmond,VA,Post Office or large volume customer,23220,WAS,WAS,ok,yes
23288,Henrico,VA,Post Office or large volume customer,23229,WAS,WAS,ok,yes
23289,Richmond,VA,Post Office or large volume customer,23294,WAS,WAS,ok,yes
23290,Richmond,VA,Post Office or large volume customer,23220,WAS,WAS,ok,yes
23291,Richmond,VA,Post Office or large volume customer,23219,WAS,WAS,ok,yes
23292,Richmond,VA,Post Office or large volume customer,23219,WAS,WAS,ok,yes
23293,Richmond,VA,Post Office or large volume customer,23219,WAS,WAS,ok,yes
23295,Richmond,VA,Post Office or large volume customer,23230,WAS,,http 404,
23297,Richmond,VA,Post Office or large volume customer,23237,WAS,WAS,ok,yes
23313,Capeville,VA,Post Office or large volume customer,23310,WAS,WAS,ok,yes
23326,Chesapeake,VA,Post Office or large volume customer,23320,WAS,WAS,ok,yes
23327,Chesapeake,VA,Post Office or large volume customer,23320,WAS,WAS,ok,yes
23328,Chesapeake,VA,Post Office or large volume customer,23322,WAS,WAS,ok,yes
23341,Craddockville,VA,Post Office or large volume customer,23306,WAS,WAS,ok,yes
23345,Davis Wharf,VA,Post Office or large volume customer,23306,WAS,WAS,ok,yes
23396,Oak Hall,VA,Post Office or large volume customer,23416,WAS,WAS,ok,yes
23397,Isle of Wight,VA,Post Office or large volume customer,23487,WAS,WAS,ok,yes
23399,Jenkins Bridge,VA,Post Office or large volume customer,23359,WAS,WAS,ok,yes
23404,Locustville,VA,Zip Code Area,23418,WAS,WAS,ok,yes
23412,Modest Town,VA,Post Office or large volume customer,23308,WAS,WAS,ok,yes
23419,Oyster,VA,Post Office or large volume customer,23310,WAS,WAS,ok,yes
23424,Rescue,VA,Post Office or large volume customer,23314,WAS,WAS,ok,yes
23429,Seaview,VA,Post Office or large volume customer,23310,WAS,WAS,ok,yes
23431,Smithfield,VA,Post Office or large volume customer,23430,WAS,WAS,ok,yes
23439,Suffolk,VA,Post Office or large volume customer,23434,WAS,WAS,ok,yes
23443,Townsend,VA,Post Office or large volume customer,23310,WAS,WAS,ok,yes
23450,Virginia Beach,VA,Post Office or large volume customer,23452,WAS,WAS,ok,yes
23458,Virginia Beach,NC,Post Office or large volume customer,23451,WAS,WAS,ok,yes
23463,Virginia Beach,VA,Zip Code Area,23464,WAS,,ok,no
23465,Virginia Beach,VA,Post Office or large volume customer,23464,WAS,WAS,ok,yes
23466,Virginia Beach,VA,Post Office or large volume customer,23462,WAS,WAS,ok,yes
23467,Virginia Beach,VA,Post Office or large volume customer,23464,WAS,WAS,ok,yes
23471,Virginia Beach,VA,Post Office or large volume customer,23455,WAS,WAS,ok,yes
23479,Virginia Beach,VA,Post Office or large volume customer,23454,WAS,WAS,ok,yes
23482,Wardtown,VA,Post Office or large volume customer,23350,WAS,WAS,ok,yes
23483,Wattsville,VA,Post Office or large volume customer,23303,WAS,WAS,ok,yes
23501,Norfolk,VA,Post Office or large volume customer,23504,WAS,WAS,ok,yes
23506,Norfolk,VA,Post Office or large volume customer,23502,WAS,WAS,ok,yes
23514,Norfolk,VA,Post Office or large volume customer,23510,WAS,WAS,ok,yes
23515,Norfolk,VA,Post Office or large volume customer,23551,WAS,WAS,ok,yes
23519,Norfolk,VA,Post Office or large volume customer,23518,WAS,WAS,ok,yes
23529,Norfolk,VA,Zip Code Area,23508,WAS,,ok,no
23541,Norfolk,VA,Post Office or large volume customer,23502,WAS,WAS,ok,yes
23609,Newport News,VA,Post Office or large volume customer,23602,WAS,WAS,ok,yes
23612,Newport News,VA,Post Office or large volume customer,23606,WAS,WAS,ok,yes
23628,Newport News,VA,Post Office or large volume customer,23604,WAS,WAS,ok,yes
23630,Hampton,VA,Post Office or large volume customer,23661,WAS,WAS,ok,yes
23670,Hampton,VA,Post Office or large volume customer,23661,WAS,WAS,ok,yes
23694,Lackey,VA,Post Office or large volume customer,23690,WAS,WAS,ok,yes
23705,Portsmouth,VA,Post Office or large volume customer,23704,WAS,WAS,ok,yes
23804,Petersburg,VA,Post Office or large volume customer,23803,WAS,WAS,ok,yes
23806,Virginia State University,VA,Zip Code Area,23803,WAS,WAS,ok,yes
23822,Ammon,VA,Post Office or large volume customer,23850,WAS,WAS,ok,yes
23873,Meredithville,VA,Post Office or large volume customer,23920,WAS,WAS,ok,yes
23939,Evergreen,VA,Post Office or large volume customer,23958,WAS,WAS,ok,yes
23941,Fort Mitchell,VA,Post Office or large volume customer,23924,WAS,WAS,ok,yes
24001,Roanoke,VA,Post Office or large volume customer,24011,WAS,WAS,ok,yes
24002,Roanoke,VA,Post Office or large volume customer,24011,WAS,WAS,ok,yes
24003,Roanoke,VA,Post Office or large volume customer,24011,WAS,WAS,ok,yes
24004,Roanoke,VA,Post Office or large volume customer,24011,WAS,WAS,ok,yes
24005,Roanoke,VA,Post Office or large volume customer,24011,WAS,WAS,ok,yes
24006,Roanoke,VA,Post Office or large volume customer,24011,WAS,WAS,ok,yes
24007,Roanoke,VA,Post Office or large volume customer,24011,WAS,WAS,ok,yes
24008,Roanoke,VA,Post Office or large volume customer,24011,WAS,WAS,ok,yes
24009,Roanoke,VA,Post Office or large volume customer,24011,WAS,WAS,ok,yes
24010,Roanoke,VA,Post Office or large volume customer,24011,WAS,WAS,ok,yes
24023,Roanoke,VA,Post Office or large volume customer,24016,WAS,WAS,ok,yes
24024,Roanoke,VA,Post Office or large volume customer,24016,WAS,WAS,ok,yes
24025,Roanoke,VA,Post Office or large volume customer,24016,WAS,WAS,ok,yes
24026,Roanoke,VA,Post Office or large volume customer,24016,WAS,WAS,ok,yes
24027,Roanoke,VA,Post Office or large volume customer,24016,WAS,WAS,ok,yes
24028,Roanoke,VA,Post Office or large volume customer,24016,WAS,WAS,ok,yes
24029,Roanoke,VA,Post Office or large volume customer,24016,WAS,WAS,ok,yes
24030,Roanoke,VA,Post Office or large volume customer,24016,WAS,WAS,ok,yes
24031,Roanoke,VA,Post Office or large volume customer,24016,WAS,WAS,ok,yes
24032,Roanoke,VA,Post Office or large volume customer,24016,WAS,WAS,ok,yes
24033,Roanoke,VA,Post Office or large volume customer,24016,WAS,WAS,ok,yes
24034,Roanoke,VA,Post Office or large volume customer,24016,WAS,WAS,ok,yes
24035,Roanoke,VA,Post Office or large volume customer,24016,WAS,WAS,ok,yes
24036,Roanoke,VA,Post Office or large volume customer,24016,WAS,WAS,ok,yes
24037,Roanoke,VA,Post Office or large volume customer,24016,WAS,WAS,ok,yes
24038,Roanoke,VA,Post Office or large volume customer,24016,WAS,WAS,ok,yes
24040,Roanoke,VA,Post Office or large volume customer,24022,WAS,WAS,ok,yes
24042,Roanoke,VA,Post Office or large volume customer,24011,WAS,WAS,ok,yes
24043,Roanoke,VA,Post Office or large volume customer,24022,WAS,WAS,ok,yes
24050,Roanoke,VA,Post Office or large volume customer,24019,WAS,WAS,ok,yes
24062,Blacksburg,VA,Post Office or large volume customer,24060,WAS,WAS,ok,yes
24063,Blacksburg,VA,Post Office or large volume customer,24060,WAS,WAS,ok,yes
24068,Christiansburg,VA,Post Office or large volume customer,24073,WAS,WAS,ok,yes
24111,Mc Coy,VA,Post Office or large volume customer,24060,WAS,WAS,ok,yes
24113,Martinsville,VA,Post Office or large volume customer,24112,WAS,WAS,ok,yes
24114,Martinsville,VA,Post Office or large volume customer,24112,WAS,WAS,ok,yes
24115,Martinsville,VA,Post Office or large volume customer,24112,WAS,WAS,ok,yes
24126,Newbern,VA,Post Office or large volume customer,24084,WAS,WAS,ok,yes
24130,Oriskany,VA,Post Office or large volume customer,24085,WAS,WAS,ok,yes
24143,Radford,VA,Post Office or large volume customer,24141,WAS,WAS,ok,yes
24146,Redwood,VA,Post Office or large volume customer,24092,WAS,WAS,ok,yes
24155,Roanoke,VA,Post Office or large volume customer,24012,WAS,,http 404,
24157,Roanoke,VA,Post Office or large volume customer,24012,WAS,WAS,ok,yes
24177,Vesta,VA,Post Office or large volume customer,24120,WAS,WAS,ok,yes
24178,Villamont,VA,Post Office or large volume customer,24064,WAS,WAS,ok,yes
24203,Bristol,VA,Post Office or large volume customer,24201,WAS,WAS,ok,yes
24205,Bristol,VA,Post Office or large volume customer,24201,WAS,,http 404,
24209,Bristol,VA,Post Office or large volume customer,24201,WAS,WAS,ok,yes
24212,Abingdon,VA,Post Office or large volume customer,24210,WAS,WAS,ok,yes
24215,Andover,VA,Post Office or large volume customer,24216,WAS,WAS,ok,yes
24218,Ben Hur,VA,Post Office or large volume customer,24263,WAS,WAS,ok,yes
24402,Staunton,VA,Post Office or large volume customer,24401,WAS,WAS,ok,yes
24438,Glen Wilton,VA,Post Office or large volume customer,24085,WAS,WAS,ok,yes
24463,Mint Spring,VA,Post Office or large volume customer,24401,WAS,WAS,ok,yes
24505,Lynchburg,VA,Post Office or large volume customer,24501,WAS,WAS,ok,yes
24506,Lynchburg,VA,Post Office or large volume customer,24501,WAS,WAS,ok,yes
24513,Lynchburg,VA,Post Office or large volume customer,24551,WAS,WAS,ok,yes
24514,Lynchburg,VA,Post Office or large volume customer,24515,WAS,WAS,ok,yes
24533,Clifford,VA,Post Office or large volume customer,24521,WAS,WAS,ok,yes
24535,Cluster Springs,VA,Post Office or large volume customer,24592,WAS,WAS,ok,yes
24543,Danville,VA,Post Office or large volume customer,24541,WAS,WAS,ok,yes
24576,Naruna,VA,Post Office or large volume customer,24528,WAS,WAS,ok,yes
24608,Burkes Garden,VA,Post Office or large volume customer,24651,WAS,WAS,ok,yes
24619,Horsepen,VA,Post Office or large volume customer,24602,WAS,WAS,ok,yes
24624,Keen Mountain,VA,Post Office or large volume customer,24631,WAS,WAS,ok,yes
24627,Mavisdale,VA,Zip Code Area,24656,WAS,WAS,ok,yes
24628,Maxie,VA,Post Office or large volume customer,24614,WAS,WAS,ok,yes
24640,Red Ash,VA,Post Office or large volume customer,24639,WAS,WAS,ok,yes
24647,Shortt Gap,VA,Post Office or large volume customer,24639,WAS,WAS,ok,yes
24658,Wolford,VA,Post Office or large volume customer,24614,WAS,WAS,ok,yes
24732,Kellysville,WV,Post Office or large volume customer,24739,CLE,CLE,ok,yes
24751,Wolfe,WV,Post Office or large volume customer,24701,CLE,CLE,ok,yes
24829,Eckman,WV,Zip Code Area,24831,CLE,CLE,ok,yes
24859,Marianna,WV,Post Office or large volume customer,24898,CLE,CLE,ok,yes
24902,Fairlea,WV,Post Office or large volume customer,24901,,,ok,yes
25026,Blue Creek,WV,Post Office or large volume customer,25071,CLE,CLE,ok,yes
25079,Falling Rock,WV,Zip Code Area,25045,CLE,CLE,ok,yes
25317,Charleston,WV,Post Office or large volume customer,25305,CLE,CLE,ok,yes
25321,Charleston,WV,Post Office or large volume customer,25301,CLE,CLE,ok,yes
25322,Charleston,WV,Post Office or large volume customer,25301,CLE,CLE,ok,yes
25323,Charleston,WV,Post Office or large volume customer,25301,CLE,CLE,ok,yes
25324,Charleston,WV,Post Office or large volume customer,25301,CLE,CLE,ok,yes
25325,Charleston,WV,Post Office or large volume customer,25301,CLE,CLE,ok,yes
25326,Charleston,WV,Post Office or large volume customer,25301,CLE,CLE,ok,yes
25327,Charleston,WV,Post Office or large volume customer,25301,CLE,CLE,ok,yes
25328,Charleston,WV,Post Office or large volume customer,25301,CLE,CLE,ok,yes
25329,Charleston,WV,Post Office or large volume customer,25301,CLE,CLE,ok,yes
25330,Charleston,WV,Post Office or large volume customer,25301,CLE,CLE,ok,yes
25331,Charleston,WV,Post Office or large volume customer,25301,CLE,CLE,ok,yes
25332,Charleston,WV,Post Office or large volume customer,25301,CLE,CLE,ok,yes
25333,Charleston,WV,Post Office or large volume customer,25301,CLE,CLE,ok,yes
25334,Charleston,WV,Post Office or large volume customer,25301,CLE,CLE,ok,yes
25335,Charleston,WV,Post Office or large volume customer,25301,CLE,CLE,ok,yes
25336,Charleston,WV,Post Office or large volume customer,25301,CLE,CLE,ok,yes
25337,Charleston,WV,Post Office or large volume customer,25301,CLE,CLE,ok,yes
25338,Charleston,WV,Post Office or large volume customer,25301,CLE,CLE,ok,yes
25339,Charleston,WV,Post Office or large volume customer,25301,CLE,CLE,ok,yes
25350,Charleston,WV,Post Office or large volume customer,25301,CLE,CLE,ok,yes
25356,Charleston,WV,Post Office or large volume customer,25313,CLE,CLE,ok,yes
25357,Charleston,WV,Post Office or large volume customer,25387,CLE,CLE,ok,yes
25358,Charleston,WV,Post Office or large volume customer,25309,CLE,CLE,ok,yes
25360,Charleston,WV,Post Office or large volume customer,25312,CLE,CLE,ok,yes
25361,Charleston,WV,Post Office or large volume customer,25301,CLE,CLE,ok,yes
25362,Charleston,WV,Post Office or large volume customer,25302,CLE,CLE,ok,yes
25364,Charleston,WV,Post Office or large volume customer,25304,CLE,CLE,ok,yes
25365,Charleston,WV,Post Office or large volume customer,25304,CLE,CLE,ok,yes
25375,Charleston,WV,Post Office or large volume customer,25387,CLE,CLE,ok,yes
25389,Charleston,WV,Post Office or large volume customer,25301,CLE,CLE,ok,yes
25392,Charleston,WV,Post Office or large volume customer,25301,CLE,CLE,ok,yes
25396,Charleston,WV,Post Office or large volume customer,25304,CLE,CLE,ok,yes
25402,Martinsburg,WV,Post Office or large volume customer,25404,,,ok,yes
25410,Bakerton,WV,Post Office or large volume customer,25425,WAS,,http 404,
25423,Halltown,WV,Post Office or large volume customer,25425,WAS,WAS,ok,yes
25440,Ridgeway,WV,Post Office or large volume customer,25413,WAS,WAS,ok,yes
25441,Rippon,WV,Post Office or large volume customer,25414,WAS,WAS,ok,yes
25562,Shoals,WV,Post Office or large volume customer,25530,CLE,CLE,ok,yes
25569,Teays,WV,Post Office or large volume customer,25526,CLE,CLE,ok,yes
25572,Woodville,WV,Post Office or large volume customer,25501,CLE,CLE,ok,yes
25614,Cora,WV,Post Office or large volume customer,25601,CLE,CLE,ok,yes
25665,Borderland,WV,Post Office or large volume customer,25661,CLE,CLE,ok,yes
25686,Newtown,WV,Post Office or large volume customer,25692,CLE,CLE,ok,yes
25691,Rawl,WV,Post Office or large volume customer,25661,CLE,CLE,ok,yes
25706,Huntington,WV,Post Office or large volume customer,25701,CLE,CLE,ok,yes
25707,Huntington,WV,Post Office or large volume customer,25701,CLE,CLE,ok,yes
25708,Huntington,WV,Post Office or large volume customer,25701,CLE,CLE,ok,yes
25709,Huntington,WV,Post Office or large volume customer,25701,CLE,CLE,ok,yes
25710,Huntington,WV,Post Office or large volume customer,25701,CLE,CLE,ok,yes
25711,Huntington,WV,Post Office or large volume customer,25701,CLE,CLE,ok,yes
25712,Huntington,WV,Post Office or large volume customer,25701,CLE,CLE,ok,yes
25713,Huntington,WV,Post Office or large volume customer,25701,CLE,CLE,ok,yes
25714,Huntington,WV,Post Office or large volume customer,25701,CLE,CLE,ok,yes
25715,Huntington,WV,Post Office or large volume customer,25701,CLE,CLE,ok,yes
25716,Huntington,WV,Post Office or large volume customer,25701,CLE,CLE,ok,yes
25717,Huntington,WV,Post Office or large volume customer,25701,CLE,CLE,ok,yes
25718,Huntington,WV,Post Office or large volume customer,25701,CLE,CLE,ok,yes
25719,Huntington,WV,Post Office or large volume customer,25701,CLE,CLE,ok,yes
25720,Huntington,WV,Post Office or large volume customer,25701,CLE,CLE,ok,yes
25721,Huntington,WV,Post Office or large volume customer,25701,CLE,CLE,ok,yes
25722,Huntington,WV,Post Office or large volume customer,25701,CLE,CLE,ok,yes
25723,Huntington,WV,Post Office or large volume customer,25701,CLE,CLE,ok,yes
25724,Huntington,WV,Post Office or large volume customer,25701,CLE,CLE,ok,yes
25725,Huntington,WV,Post Office or large volume customer,25701,CLE,CLE,ok,yes
25726,Huntington,WV,Post Office or large volume customer,25701,CLE,CLE,ok,yes
25727,Huntington,WV,Post Office or large volume customer,25701,CLE,CLE,ok,yes
25728,Huntington,WV,Post Office or large volume customer,25701,CLE,CLE,ok,yes
25729,Huntington,WV,Post Office or large volume customer,25701,CLE,CLE,ok,yes
25770,Huntington,WV,Post Office or large volume customer,25704,CLE,CLE,ok,yes
25771,Huntington,WV,Post Office or large volume customer,25704,CLE,CLE,ok,yes
25772,Huntington,WV,Post Office or large volume customer,25704,CLE,CLE,ok,yes
25773,Huntington,WV,Post Office or large volume customer,25704,CLE,CLE,ok,yes
25774,Huntington,WV,Post Office or large volume customer,25704,CLE,CLE,ok,yes
25775,Huntington,WV,Post Office or large volume customer,25704,CLE,CLE,ok,yes
25776,Huntington,WV,Post Office or large volume customer,25704,CLE,CLE,ok,yes
25777,Huntington,WV,Post Office or large volume customer,25704,CLE,CLE,ok,yes
25778,Huntington,WV,Post Office or large volume customer,25704,CLE,CLE,ok,yes
25779,Huntington,WV,Post Office or large volume customer,25704,CLE,CLE,ok,yes
25802,Beckley,WV,Post Office or large volume customer,25801,,,ok,yes
25833,Dothan,WV,Post Office or large volume customer,25917,,,http 404,
25860,Lanark,WV,Post Office or large volume customer,25801,,,http 404,
25888,Mount Hope,WV,Post Office or large volume customer,25880,,,http 404,
25906,Piney View,WV,Post Office or large volume customer,25801,,,ok,yes
25919,Skelton,WV,Post Office or large volume customer,25801,,,http 404,
25927,Stanaford,WV,Post Office or large volume customer,25801,,,http 404,
26102,Parkersburg,WV,Post Office or large volume customer,26101,CLE,CLE,ok,yes
26103,Parkersburg,WV,Post Office or large volume customer,26101,CLE,CLE,ok,yes
26106,Parkersburg,WV,Post Office or large volume customer,26101,CLE,CLE,ok,yes
26120,Mineral Wells,WV,Post Office or large volume customer,26150,CLE,CLE,ok,yes
26121,Mineral Wells,WV,Post Office or large volume customer,26150,CLE,CLE,ok,yes
26219,Frenchton,WV,Post Office or large volume customer,26218,,,http 404,
26229,Lorentz,WV,Post Office or large volume customer,26201,,,http 404,
26302,Clarksburg,WV,Post Office or large volume customer,26301,,,ok,yes
26306,Clarksburg,WV,Post Office or large volume customer,26330,,,ok,yes
26434,Shirley,WV,Post Office or large volume customer,26456,,,http 404,
26502,Morgantown,WV,Post Office or large volume customer,26501,,,http 404,
26504,Morgantown,WV,Post Office or large volume customer,26505,,,ok,yes
26507,Morgantown,WV,Post Office or large volume customer,26505,,,ok,yes
26527,Cassville,WV,Post Office or large volume customer,26501,,,ok,yes
26531,Dellslow,WV,Post Office or large volume customer,26508,,,http 404,
26555,Fairmont,WV,Post Office or large volume customer,26554,,,ok,yes
26561,Big Run,WV,Zip Code Area,26562,,,ok,yes
26566,Colfax,WV,Post Office or large volume customer,26554,,,http 404,
26578,Kingmont,WV,Post Office or large volume customer,26554,,,http 404,
26675,Keslers Cross Lanes,WV,Zip Code Area,26651,,,http 404,
27010,Bethania,NC,Post Office or large volume customer,27106,CHA,CHA,ok,yes
27031,Mount Airy,NC,Post Office or large volume customer,27030,CHA,CHA,ok,yes
27049,Toast,NC,Post Office or large volume customer,27030,CHA,CHA,ok,yes
27094,Rural Hall,NC,Post Office or large volume customer,27045,CHA,CHA,ok,yes
27098,Rural Hall,NC,Post Office or large volume customer,27045,CHA,CHA,ok,yes
27099,Rural Hall,NC,Post Office or large volume customer,27045,CHA,CHA,ok,yes
27102,Winston Salem,NC,Post Office or large volume customer,27105,CHA,CHA,ok,yes
27108,Winston Salem,NC,Post Office or large volume customer,27101,CHA,CHA,ok,yes
27111,Winston Salem,NC,Post Office or large volume customer,27101,CHA,CHA,ok,yes
27113,Winston Salem,NC,Post Office or large volume customer,27101,CHA,CHA,ok,yes
27114,Winston Salem,NC,Post Office or large volume customer,27103,CHA,CHA,ok,yes
27115,Winston Salem,NC,Post Office or large volume customer,27105,CHA,CHA,ok,yes
27116,Winston Salem,NC,Post Office or large volume customer,27106,CHA,CHA,ok,yes
27117,Winston Salem,NC,Post Office or large volume customer,27107,CHA,CHA,ok,yes
27120,Winston Salem,NC,Post Office or large volume customer,27101,CHA,CHA,ok,yes
27130,Winston Salem,NC,Post Office or large volume customer,27103,CHA,CHA,ok,yes
27150,Winston Salem,NC,Post Office or large volume customer,27101,CHA,CHA,ok,yes
27152,Winston Salem,NC,Post Office or large volume customer,27101,CHA,CHA,ok,yes
27155,Winston Salem,NC,Post Office or large volume customer,27101,CHA,CHA,ok,yes
27157,Winston Salem,NC,Post Office or large volume customer,27103,CHA,CHA,ok,yes
27198,Winston Salem,NC,Post Office or large volume customer,27105,CHA,CHA,ok,yes
27199,Winston Salem,NC,Post Office or large volume customer,27105,CHA,CHA,ok,yes
27204,Asheboro,NC,Post Office or large volume customer,27203,CHA,CHA,ok,yes
27216,Burlington,NC,Post Office or large volume customer,27215,CHA,CHA,ok,yes
27228,Bynum,NC,Post Office or large volume customer,27312,CHA,CHA,ok,yes
27230,Cedar Falls,NC,Post Office or large volume customer,27248,CHA,CHA,ok,yes
27237,Cumnock,NC,Post Office or large volume customer,27330,CHA,CHA,ok,yes
27261,High Point,NC,Post Office or large volume customer,27260,CHA,CHA,ok,yes
27264,High Point,NC,Post Office or large volume customer,27263,CHA,CHA,ok,yes
27285,Kernersville,NC,Post Office or large volume customer,27284,CHA,CHA,ok,yes
27289,Eden,NC,Post Office or large volume customer,27288,CHA,CHA,ok,yes
27293,Lexington,NC,Post Office or large volume customer,27292,CHA,CHA,ok,yes
27294,Lexington,NC,Post Office or large volume customer,27292,CHA,CHA,ok,yes
27323,Reidsville,NC,Post Office or large volume customer,27320,CHA,CHA,ok,yes
27331,Sanford,NC,Post Office or large volume customer,27330,CHA,CHA,ok,yes
27359,Swepsonville,NC,Post Office or large volume customer,27253,CHA,CHA,ok,yes
27361,Thomasville,NC,Post Office or large volume customer,27360,CHA,CHA,ok,yes
27373,Wallburg,NC,Post Office or large volume customer,27107,CHA,CHA,ok,yes
27375,Wentworth,NC,Post Office or large volume customer,27320,CHA,CHA,ok,yes
27402,Greensboro,NC,Post Office or large volume customer,27401,CHA,CHA,ok,yes
27404,Greensboro,NC,Post Office or large volume customer,27408,CHA,CHA,ok,yes
27413,Greensboro,NC,Zip Code Area,27412,CHA,CHA,ok,yes
27415,Greensboro,NC,Post Office or large volume customer,27405,CHA,CHA,ok,yes
27416,Greensboro,NC,Post Office or large volume customer,27406,CHA,CHA,ok,yes
27417,Greensboro,NC,Post Office or large volume customer,27407,CHA,CHA,ok,yes
27419,Greensboro,NC,Post Office or large volume customer,27409,CHA,CHA,ok,yes
27420,Greensboro,NC,Post Office or large volume customer,27401,CHA,CHA,ok,yes
27425,Greensboro,NC,Post Office or large volume customer,27409,CHA,CHA,ok,yes
27427,Greensboro,NC,Post Office or large volume customer,27407,CHA,CHA,ok,yes
27429,Greensboro,NC,Post Office or large volume customer,27401,CHA,CHA,ok,yes
27435,Greensboro,NC,Post Office or large volume customer,27401,CHA,CHA,ok,yes
27438,Greensboro,NC,Post Office or large volume customer,27408,CHA,CHA,ok,yes
27495,Greensboro,NC,Post Office or large volume customer,27407,CHA,CHA,ok,yes
27497,Greensboro,NC,Post Office or large volume customer,27409,CHA,CHA,ok,yes
27498,Greensboro,NC,Post Office or large volume customer,27409,CHA,CHA,ok,yes
27499,Greensboro,NC,Post Office or large volume customer,27407,CHA,CHA,ok,yes
27512,Cary,NC,Post Office or large volume customer,27511,CHA,CHA,ok,yes
27515,Chapel Hill,NC,Post Office or large volume customer,27514,CHA,CHA,ok,yes
27528,Clayton,NC,Post Office or large volume customer,27527,CHA,CHA,ok,yes
27532,Goldsboro,NC,Post Office or large volume customer,27534,CHA,CHA,ok,yes
27543,Kipling,NC,Post Office or large volume customer,27526,CHA,CHA,ok,yes
27552,Mamers,NC,Post Office or large volume customer,27546,CHA,CHA,ok,yes
27586,Vaughan,NC,Post Office or large volume customer,27551,CHA,CHA,ok,yes
27588,Wake Forest,NC,Post Office or large volume customer,27587,CHA,CHA,ok,yes
27602,Raleigh,NC,Post Office or large volume customer,27601,CHA,CHA,ok,yes
27611,Raleigh,NC,Post Office or large volume customer,27601,CHA,CHA,ok,yes
27619,Raleigh,NC,Post Office or large volume customer,27609,CHA,CHA,ok,yes
27620,Raleigh,NC,Post Office or large volume customer,27610,CHA,CHA,ok,yes
27622,Raleigh,NC,Post Office or large volume customer,27609,CHA,CHA,ok,yes
27623,Raleigh,NC,Post Office or large volume customer,27617,CHA,CHA,ok,yes
27624,Raleigh,NC,Post Office or large volume customer,27615,CHA,CHA,ok,yes
27625,Raleigh,NC,Post Office or large volume customer,27604,CHA,CHA,ok,yes
27626,Raleigh,NC,Post Office or large volume customer,27601,CHA,CHA,ok,yes
27627,Raleigh,NC,Post Office or large volume customer,27606,CHA,CHA,ok,yes
27628,Raleigh,NC,Post Office or large volume customer,27608,CHA,CHA,ok,yes
27629,Raleigh,NC,Post Office or large volume customer,27604,CHA,CHA,ok,yes
27634,Raleigh,NC,Post Office or large volume customer,27601,CHA,CHA,ok,yes
27635,Raleigh,NC,Post Office or large volume customer,27604,CHA,CHA,ok,yes
27636,Raleigh,NC,Post Office or large volume customer,27607,CHA,CHA,ok,yes
27640,Raleigh,NC,Post Office or large volume customer,27604,CHA,CHA,ok,yes
27650,Raleigh,NC,Post Office or large volume customer,27607,CHA,CHA,ok,yes
27656,Raleigh,NC,Post Office or large volume customer,27612,CHA,CHA,ok,yes
27658,Raleigh,NC,Post Office or large volume customer,27616,CHA,CHA,ok,yes
27661,Raleigh,NC,Post Office or large volume customer,27616,CHA,CHA,ok,yes
27668,Raleigh,NC,Post Office or large volume customer,27609,CHA,CHA,ok,yes
27675,Raleigh,NC,Post Office or large volume customer,27617,CHA,CHA,ok,yes
27676,Raleigh,NC,Post Office or large volume customer,27617,CHA,CHA,ok,yes
27690,Raleigh,NC,Post Office or large volume customer,27615,CHA,CHA,ok,yes
27698,Raleigh,NC,Post Office or large volume customer,27601,CHA,CHA,ok,yes
27699,Raleigh,NC,Post Office or large volume customer,27601,CHA,CHA,ok,yes
27702,Durham,NC,Post Office or large volume customer,27701,CHA,CHA,ok,yes
27706,Durham,NC,Post Office or large volume customer,27701,CHA,CHA,ok,yes
27710,Durham,NC,Zip Code Area,27705,CHA,CHA,ok,yes
27711,Durham,NC,Post Office or large volume customer,27713,CHA,CHA,ok,yes
27715,Durham,NC,Post Office or large volume customer,27705,CHA,CHA,ok,yes
27717,Durham,NC,Post Office or large volume customer,27707,CHA,CHA,ok,yes
27722,Durham,NC,Post Office or large volume customer,27712,CHA,CHA,ok,yes
27802,Rocky Mount,NC,Post Office or large volume customer,27801,CHA,CHA,ok,yes
27811,Bellarthur,NC,Post Office or large volume customer,27834,CHA,CHA,ok,yes
27833,Greenville,NC,Post Office or large volume customer,27834,CHA,CHA,ok,yes
27835,Greenville,NC,Post Office or large volume customer,27834,CHA,CHA,ok,yes
27836,Greenville,NC,Post Office or large volume customer,27858,CHA,CHA,ok,yes
27867,Potecasi,NC,Post Office or large volume customer,27897,CHA,CHA,ok,yes
27868,Red Oak,NC,Post Office or large volume customer,27804,CHA,CHA,ok,yes
27887,Tillery,NC,Post Office or large volume customer,27839,CHA,CHA,ok,yes
27894,Wilson,NC,Post Office or large volume customer,27893,CHA,CHA,ok,yes
27895,Wilson,NC,Post Office or large volume customer,27893,CHA,CHA,ok,yes
27906,Elizabeth City,NC,Post Office or large volume customer,27909,CHA,CHA,ok,yes
27907,Elizabeth City,NC,Post Office or large volume customer,27909,CHA,CHA,ok,yes
27930,Hertford,NC,Post Office or large volume customer,27944,CHA,CHA,ok,yes
28002,Albemarle,NC,Post Office or large volume customer,28001,CHA,CHA,ok,yes
28010,Barium Springs,NC,Post Office or large volume customer,28677,CHA,CHA,ok,yes
28026,Concord,NC,Post Office or large volume customer,28025,CHA,CHA,ok,yes
28035,Davidson,NC,Post Office or large volume customer,28036,CHA,CHA,ok,yes
28038,Earl,NC,Post Office or large volume customer,28073,CHA,CHA,ok,yes
28053,Gastonia,NC,Post Office or large volume customer,28052,CHA,CHA,ok,yes
28055,Gastonia,NC,Post Office or large volume customer,28054,CHA,CHA,ok,yes
28070,Huntersville,NC,Post Office or large volume customer,28078,CHA,CHA,ok,yes
28082,Kannapolis,NC,Post Office or large volume customer,28083,CHA,CHA,ok,yes
28093,Lincolnton,NC,Post Office or large volume customer,28092,CHA,CHA,ok,yes
28106,Matthews,NC,Post Office or large volume customer,28105,CHA,CHA,ok,yes
28111,Monroe,NC,Post Office or large volume customer,28112,CHA,CHA,ok,yes
28123,Mount Mourne,NC,Post Office or large volume customer,28115,CHA,CHA,ok,yes
28126,Newell,NC,Post Office or large volume customer,28213,CHA,CHA,ok,yes
28130,Paw Creek,NC,Post Office or large volume customer,28214,CHA,CHA,ok,yes
28145,Salisbury,NC,Post Office or large volume customer,28144,CHA,CHA,ok,yes
28151,Shelby,NC,Post Office or large volume customer,28150,CHA,CHA,ok,yes
28201,Charlotte,NC,Post Office or large volume customer,28280,CHA,CHA,ok,yes
28218,Charlotte,NC,Post Office or large volume customer,28205,CHA,CHA,ok,yes
28219,Charlotte,NC,Post Office or large volume customer,28208,CHA,CHA,ok,yes
28220,Charlotte,NC,Post Office or large volume customer,28209,CHA,CHA,ok,yes
28221,Charlotte,NC,Post Office or large volume customer,28269,CHA,CHA,ok,yes
28222,Charlotte,NC,Post Office or large volume customer,28211,CHA,CHA,ok,yes
28224,Charlotte,NC,Post Office or large volume customer,28217,CHA,CHA,ok,yes
28228,Charlotte,NC,Post Office or large volume customer,28208,CHA,CHA,ok,yes
28229,Charlotte,NC,Post Office or large volume customer,28212,CHA,CHA,ok,yes
28230,Charlotte,NC,Post Office or large volume customer,28204,CHA,CHA,ok,yes
28231,Charlotte,NC,Post Office or large volume customer,28204,CHA,CHA,ok,yes
28232,Charlotte,NC,Post Office or large volume customer,28204,CHA,CHA,ok,yes
28233,Charlotte,NC,Post Office or large volume customer,28204,CHA,CHA,ok,yes
28234,Charlotte,NC,Post Office or large volume customer,28204,CHA,CHA,ok,yes
28235,Charlotte,NC,Post Office or large volume customer,28204,CHA,CHA,ok,yes
28236,Charlotte,NC,Post Office or large volume customer,28204,CHA,CHA,ok,yes
28237,Charlotte,NC,Post Office or large volume customer,28204,CHA,CHA,ok,yes
28241,Charlotte,NC,Post Office or large volume customer,28278,CHA,CHA,ok,yes
28242,Charlotte,NC,Post Office or large volume customer,28202,CHA,CHA,ok,yes
28243,Charlotte,NC,Post Office or large volume customer,28208,CHA,CHA,ok,yes
28246,Charlotte,NC,Post Office or large volume customer,28202,CHA,CHA,ok,yes
28247,Charlotte,NC,Post Office or large volume customer,28226,CHA,CHA,ok,yes
28253,Charlotte,NC,Post Office or large volume customer,28269,CHA,CHA,ok,yes
28254,Charlotte,NC,Post Office or large volume customer,28208,CHA,CHA,ok,yes
28255,Charlotte,NC,Post Office or large volume customer,28204,CHA,CHA,ok,yes
28256,Charlotte,NC,Post Office or large volume customer,28213,CHA,CHA,ok,yes
28258,Charlotte,NC,Post Office or large volume customer,28208,CHA,CHA,ok,yes
28260,Charlotte,NC,Post Office or large volume customer,28208,CHA,CHA,ok,yes
28263,Charlotte,NC,Post Office or large volume customer,28202,CHA,CHA,ok,yes
28265,Charlotte,NC,Post Office or large volume customer,28208,CHA,CHA,ok,yes
28266,Charlotte,NC,Post Office or large volume customer,28208,CHA,CHA,ok,yes
28271,Charlotte,NC,Post Office or large volume customer,28277,CHA,CHA,ok,yes
28272,Charlotte,NC,Post Office or large volume customer,28208,CHA,CHA,ok,yes
28275,Charlotte,NC,Post Office or large volume customer,28208,CHA,CHA,ok,yes
28281,Charlotte,NC,Post Office or large volume customer,28202,CHA,CHA,ok,yes
28284,Charlotte,NC,Post Office or large volume customer,28202,CHA,CHA,ok,yes
28285,Charlotte,NC,Post Office or large volume customer,28202,CHA,CHA,ok,yes
28287,Charlotte,NC,Post Office or large volume customer,28210,CHA,CHA,ok,yes
28288,Charlotte,NC,Post Office or large volume customer,28202,CHA,CHA,ok,yes
28289,Charlotte,NC,Post Office or large volume customer,28208,CHA,CHA,ok,yes
28290,Charlotte,NC,Post Office or large volume customer,28208,CHA,CHA,ok,yes
28296,Charlotte,NC,Post Office or large volume customer,28208,CHA,CHA,ok,yes
28297,Charlotte,NC,Post Office or large volume customer,28216,CHA,CHA,ok,yes
28299,Charlotte,NC,Post Office or large volume customer,28205,CHA,CHA,ok,yes
28302,Fayetteville,NC,Post Office or large volume customer,28301,CHA,CHA,ok,yes
28309,Fayetteville,NC,Post Office or large volume customer,28314,CHA,CHA,ok,yes
28319,Barnesville,NC,Post Office or large volume customer,28369,CHA,CHA,ok,yes
28329,Clinton,NC,Post Office or large volume customer,28328,CHA,CHA,ok,yes
28335,Dunn,NC,Post Office or large volume customer,28334,CHA,CHA,ok,yes
28353,Laurinburg,NC,Post Office or large volume customer,28352,CHA,CHA,ok,yes
28370,Pinehurst,NC,Post Office or large volume customer,28374,CHA,CHA,ok,yes
28380,Rockingham,NC,Post Office or large volume customer,28379,CHA,CHA,ok,yes
28388,Southern Pines,NC,Post Office or large volume customer,28387,CHA,CHA,ok,yes
28402,Wilmington,NC,Post Office or large volume customer,28401,CHA,CHA,ok,yes
28404,Wilmington,NC,Post Office or large volume customer,28411,CHA,CHA,ok,yes
28406,Wilmington,NC,Post Office or large volume customer,28403,CHA,CHA,ok,yes
28407,Wilmington,NC,Post Office or large volume customer,28405,CHA,CHA,ok,yes
28408,Wilmington,NC,Post Office or large volume customer,28412,CHA,CHA,ok,yes
28410,Wilmington,NC,Post Office or large volume customer,28412,CHA,CHA,ok,yes
28459,Shallotte,NC,Post Office or large volume customer,28470,CHA,CHA,ok,yes
28502,Kinston,NC,Post Office or large volume customer,28501,CHA,CHA,ok,yes
28503,Kinston,NC,Post Office or large volume customer,28504,CHA,CHA,ok,yes
28522,Comfort,NC,Post Office or large volume customer,28585,CHA,CHA,ok,yes
28541,Jacksonville,NC,Post Office or large volume customer,28540,CHA,CHA,ok,yes
28545,McCutcheon Field,NC,Post Office or large volume customer,28540,CHA,CHA,ok,yes
28561,New Bern,NC,Post Office or large volume customer,28562,CHA,CHA,ok,yes
28563,New Bern,NC,Post Office or large volume customer,28560,CHA,CHA,ok,yes
28564,New Bern,NC,Post Office or large volume customer,28560,CHA,CHA,ok,yes
28583,Stonewall,NC,Post Office or large volume customer,28515,CHA,CHA,ok,yes
28603,Hickory,NC,Post Office or large volume customer,28602,CHA,CHA,ok,yes
28608,Boone,NC,Zip Code Area,28607,CHA,CHA,ok,yes
28633,Lenoir,NC,Zip Code Area,28645,CHA,CHA,ok,yes
28647,Linville Falls,NC,Post Office or large volume customer,28657,CHA,CHA,ok,yes
28656,North Wilkesboro,NC,Post Office or large volume customer,28659,CHA,CHA,ok,yes
28661,Patterson,NC,Post Office or large volume customer,28645,CHA,CHA,ok,yes
28680,Morganton,NC,Post Office or large volume customer,28655,CHA,CHA,ok,yes
28687,Statesville,NC,Post Office or large volume customer,28677,CHA,CHA,ok,yes
28688,Turnersburg,NC,Post Office or large volume customer,28625,CHA,CHA,ok,yes
28691,Valle Crucis,NC,Post Office or large volume customer,28679,CHA,CHA,ok,yes
28699,Scotts,NC,Post Office or large volume customer,28625,CHA,CHA,ok,yes
28724,Dana,NC,Post Office or large volume customer,28792,CHA,CHA,ok,yes
28727,Edneyville,NC,Post Office or large volume customer,28792,CHA,CHA,ok,yes
28728,Enka,NC,Post Office or large volume customer,28715,CHA,CHA,ok,yes
28737,Glenwood,NC,Post Office or large volume customer,28752,CHA,CHA,ok,yes
28738,Hazelwood,NC,Post Office or large volume customer,28786,CHA,CHA,ok,yes
28744,Franklin,NC,Post Office or large volume customer,28734,CHA,CHA,ok,yes
28750,Lynn,NC,Post Office or large volume customer,28782,CHA,CHA,ok,yes
28760,Naples,NC,Post Office or large volume customer,28791,CHA,CHA,ok,yes
28765,Penland,NC,Post Office or large volume customer,28777,CHA,CHA,ok,yes
28776,Skyland,NC,Post Office or large volume customer,28704,CHA,CHA,ok,yes
28784,Tuxedo,NC,Post Office or large volume customer,28790,CHA,CHA,ok,yes
28793,Hendersonville,NC,Post Office or large volume customer,28739,CHA,CHA,ok,yes
28802,Asheville,NC,Post Office or large volume customer,28801,CHA,CHA,ok,yes
28810,Asheville,NC,Post Office or large volume customer,28806,CHA,CHA,ok,yes
28813,Asheville,NC,Post Office or large volume customer,28803,CHA,CHA,ok,yes
28814,Asheville,NC,Post Office or large volume customer,28804,CHA,CHA,ok,yes
28815,Asheville,NC,Post Office or large volume customer,28805,CHA,CHA,ok,yes
28816,Asheville,NC,Post Office or large volume customer,28806,CHA,CHA,ok,yes
28903,Culberson,NC,Post Office or large volume customer,28906,CHA,CHA,ok,yes
29002,Ballentine,SC,Post Office or large volume customer,29063,CHA,CHA,ok,yes
29021,Camden,SC,Post Office or large volume customer,29020,CHA,CHA,ok,yes
29041,Davis Station,SC,Post Office or large volume customer,29148,CHA,CHA,ok,yes
29071,Lexington,SC,Post Office or large volume customer,29072,CHA,CHA,ok,yes
29116,Orangeburg,SC,Post Office or large volume customer,29115,CHA,CHA,ok,yes
29132,Rion,SC,Post Office or large volume customer,29180,CHA,CHA,ok,yes
29143,Sardinia,SC,Post Office or large volume customer,29111,CHA,CHA,ok,yes
29147,State Park,SC,Post Office or large volume customer,29203,CHA,CHA,ok,yes
29151,Sumter,SC,Post Office or large volume customer,29150,CHA,CHA,ok,yes
29171,West Columbia,SC,Post Office or large volume customer,29169,CHA,CHA,ok,yes
29202,Columbia,SC,Post Office or large volume customer,29201,CHA,CHA,ok,yes
29211,Columbia,SC,Post Office or large volume customer,29201,CHA,CHA,ok,yes
29214,Columbia,SC,Post Office or large volume customer,29210,CHA,CHA,ok,yes
29215,Columbia,SC,Post Office or large volume customer,29201,CHA,CHA,ok,yes
29216,Columbia,SC,Post Office or large volume customer,29201,CHA,CHA,ok,yes
29217,Columbia,SC,Post Office or large volume customer,29201,CHA,CHA,ok,yes
29218,Columbia,SC,Post Office or large volume customer,29201,CHA,CHA,ok,yes
29219,Columbia,SC,Post Office or large volume customer,29223,CHA,CHA,ok,yes
29220,Columbia,SC,Post Office or large volume customer,29201,CHA,CHA,ok,yes
29221,Columbia,SC,Post Office or large volume customer,29210,CHA,CHA,ok,yes
29222,Columbia,SC,Post Office or large volume customer,29201,CHA,CHA,ok,yes
29224,Columbia,SC,Post Office or large volume customer,29223,CHA,CHA,ok,yes
29226,Columbia,SC,Post Office or large volume customer,29210,CHA,CHA,ok,yes
29227,Columbia,SC,Post Office or large volume customer,29210,CHA,CHA,ok,yes
29228,Columbia,SC,Post Office or large volume customer,29201,CHA,CHA,ok,yes
29230,Columbia,SC,Post Office or large volume customer,29203,CHA,CHA,ok,yes
29240,Columbia,SC,Post Office or large volume customer,29204,CHA,CHA,ok,yes
29250,Columbia,SC,Post Office or large volume customer,29205,CHA,CHA,ok,yes
29260,Columbia,SC,Post Office or large volume customer,29206,CHA,CHA,ok,yes
29290,Columbia,SC,Post Office or large volume customer,29209,CHA,CHA,ok,yes
29292,Columbia,SC,Post Office or large volume customer,29201,CHA,CHA,ok,yes
29304,Spartanburg,SC,Post Office or large volume customer,29306,CHA,CHA,ok,yes
29305,Spartanburg,SC,Post Office or large volume customer,29306,CHA,CHA,ok,yes
29319,Spartanburg,SC,Post Office or large volume customer,29306,CHA,CHA,ok,yes
29336,Fairforest,SC,Post Office or large volume customer,29301,CHA,CHA,ok,yes
29342,Gaffney,SC,Post Office or large volume customer,29341,CHA,CHA,ok,yes
29348,Gramling,SC,Post Office or large volume customer,29322,CHA,CHA,ok,yes
29386,White Stone,SC,Post Office or large volume customer,29302,CHA,CHA,ok,yes
29395,Jonesville,SC,Post Office or large volume customer,29353,CHA,CHA,ok,yes
29402,Charleston,SC,Post Office or large volume customer,29401,ATL|CHA,ATL|CHA,ok,yes
29413,Charleston,SC,Post Office or large volume customer,29403,ATL|CHA,ATL|CHA,ok,yes
29415,North Charleston,SC,Post Office or large volume customer,29405,ATL|CHA,ATL|CHA,ok,yes
29416,Charleston,SC,Post Office or large volume customer,29407,ATL|CHA,ATL|CHA,ok,yes
29417,Charleston,SC,Post Office or large volume customer,29407,ATL|CHA,ATL|CHA,ok,yes
29419,North Charleston,SC,Post Office or large volume customer,29406,ATL|CHA,ATL|CHA,ok,yes
29422,Charleston,SC,Post Office or large volume customer,29412,ATL|CHA,ATL|CHA,ok,yes
29423,Charleston,SC,Post Office or large volume customer,29418,ATL|CHA,ATL|CHA,ok,yes
29433,Canadys,SC,Post Office or large volume customer,29488,ATL|CHA,ATL|CHA,ok,yes
29442,Georgetown,SC,Post Office or large volume customer,29440,ATL|CHA,ATL|CHA,ok,yes
29447,Grover,SC,Post Office or large volume customer,29477,ATL|CHA,ATL|CHA,ok,yes
29457,Johns Island,SC,Post Office or large volume customer,29455,ATL|CHA,ATL|CHA,ok,yes
29465,Mount Pleasant,SC,Post Office or large volume customer,29464,ATL|CHA,ATL|CHA,ok,yes
29476,Russellville,SC,Post Office or large volume customer,29479,ATL|CHA,ATL|CHA,ok,yes
29484,Summerville,SC,Post Office or large volume customer,29483,ATL|CHA,ATL|CHA,ok,yes
29502,Florence,SC,Post Office or large volume customer,29501,CHA,CHA,ok,yes
29503,Florence,SC,Post Office or large volume customer,29501,CHA,CHA,ok,yes
29504,Florence,SC,Post Office or large volume customer,29505,CHA,CHA,ok,yes
29528,Conway,SC,Post Office or large volume customer,29526,CHA,CHA,ok,yes
29551,Hartsville,SC,Post Office or large volume customer,29550,CHA,CHA,ok,yes
29578,Myrtle Beach,SC,Post Office or large volume customer,29577,CHA,CHA,ok,yes
29587,Myrtle Beach,SC,Post Office or large volume customer,29575,CHA,CHA,ok,yes
29597,North Myrtle Beach,SC,Post Office or large volume customer,29582,CHA,CHA,ok,yes
29598,North Myrtle Beach,SC,Post Office or large volume customer,29582,CHA,CHA,ok,yes
29602,Greenville,SC,Post Office or large volume customer,29601,CHA,CHA,ok,yes
29603,Greenville,SC,Post Office or large volume customer,29601,CHA,CHA,ok,yes
29604,Greenville,SC,Post Office or large volume customer,29605,CHA,CHA,ok,yes
29606,Greenville,SC,Post Office or large volume customer,29607,CHA,CHA,ok,yes
29608,Greenville,SC,Post Office or large volume customer,29609,CHA,CHA,ok,yes
29610,Greenville,SC,Post Office or large volume customer,29617,CHA,CHA,ok,yes
29612,Greenville,SC,Post Office or large volume customer,29601,CHA,CHA,ok,yes
29616,Greenville,SC,Post Office or large volume customer,29615,CHA,CHA,ok,yes
29622,Anderson,SC,Post Office or large volume customer,29621,CHA,CHA,ok,yes
29623,Anderson,SC,Post Office or large volume customer,29621,CHA,CHA,ok,yes
29632,Clemson,SC,Post Office or large volume customer,29634,CHA,CHA,ok,yes
29633,Clemson,SC,Post Office or large volume customer,29631,CHA,CHA,ok,yes
29636,Conestee,SC,Post Office or large volume customer,29605,CHA,CHA,ok,yes
29641,Easley,SC,Post Office or large volume customer,29640,CHA,CHA,ok,yes
29647,Greenwood,SC,Post Office or large volume customer,29646,CHA,CHA,ok,yes
29648,Greenwood,SC,Post Office or large volume customer,29646,CHA,CHA,ok,yes
29652,Greer,SC,Post Office or large volume customer,29650,CHA,CHA,ok,yes
29656,La France,SC,Post Office or large volume customer,29670,CHA,CHA,ok,yes
29675,Richland,SC,Post Office or large volume customer,29672,CHA,CHA,ok,yes
29677,Sandy Springs,SC,Post Office or large volume customer,29670,CHA,CHA,ok,yes
29679,Seneca,SC,Post Office or large volume customer,29678,CHA,CHA,ok,yes
29688,Tigerville,SC,Zip Code Area,29690,CHA,CHA,ok,yes
29695,Hodges,SC,Post Office or large volume customer,29653,CHA,CHA,ok,yes
29703,Bowling Green,SC,Post Office or large volume customer,29710,CHA,CHA,ok,yes
29716,Fort Mill,SC,Post Office or large volume customer,29715,CHA,CHA,ok,yes
29721,Lancaster,SC,Post Office or large volume customer,29720,CHA,CHA,ok,yes
29722,Lancaster,SC,Post Office or large volume customer,29720,CHA,CHA,ok,yes
29731,Rock Hill,SC,Post Office or large volume customer,29730,CHA,CHA,ok,yes
29734,Rock Hill,SC,Post Office or large volume customer,29730,CHA,CHA,ok,yes
29744,Van Wyck,SC,Post Office or large volume customer,29720,CHA,CHA,ok,yes
29802,Aiken,SC,Post Office or large volume customer,29801,ATL|CHA,ATL|CHA,ok,yes
29804,Aiken,SC,Post Office or large volume customer,29803,ATL|CHA,ATL|CHA,ok,yes
29808,Aiken,SC,Zip Code Area,29812,ATL|CHA,ATL|CHA,ok,yes
29813,Hilda,SC,Post Office or large volume customer,29812,ATL|CHA,ATL|CHA,ok,yes
29822,Clearwater,SC,Post Office or large volume customer,29842,ATL|CHA,ATL|CHA,ok,yes
29839,Montmorenci,SC,Post Office or large volume customer,29801,ATL|CHA,ATL|CHA,ok,yes
29846,Sycamore,SC,Post Office or large volume customer,29827,ATL|CHA,ATL|CHA,ok,yes
29850,Vaucluse,SC,Post Office or large volume customer,29801,ATL|CHA,ATL|CHA,ok,yes
29861,North Augusta,SC,Post Office or large volume customer,29841,ATL|CHA,ATL|CHA,ok,yes
29901,Beaufort,SC,Post Office or large volume customer,29902,ATL|CHA,ATL|CHA,ok,yes
29903,Beaufort,SC,Post Office or large volume customer,29906,ATL|CHA,ATL|CHA,ok,yes
29913,Crocketville,SC,Post Office or large volume customer,29924,ATL|CHA,ATL|CHA,ok,yes
29914,Dale,SC,Post Office or large volume customer,29940,ATL|CHA,ATL|CHA,ok,yes
29925,Hilton Head Island,SC,Post Office or large volume customer,29926,ATL|CHA,ATL|CHA,ok,yes
29931,Lobeco,SC,Post Office or large volume customer,29940,ATL|CHA,ATL|CHA,ok,yes
29933,Miley,SC,Post Office or large volume customer,29924,ATL|CHA,ATL|CHA,ok,yes
29938,Hilton Head Island,SC,Post Office or large volume customer,29928,ATL|CHA,ATL|CHA,ok,yes
30003,Norcross,GA,Post Office or large volume customer,30093,ATL,ATL,ok,yes
30006,Marietta,GA,Post Office or large volume customer,30339,ATL,ATL,ok,yes
30007,Marietta,GA,Post Office or large volume customer,30062,ATL,ATL,ok,yes
30010,Norcross,GA,Post Office or large volume customer,30092,ATL,ATL,ok,yes
30015,Covington,GA,Post Office or large volume customer,30014,ATL,ATL,ok,yes
30023,Alpharetta,GA,Post Office or large volume customer,30005,ATL,ATL,ok,yes
30026,North Metro,GA,Post Office or large volume customer,30096,ATL,ATL,ok,yes
30029,North Metro,GA,Post Office or large volume customer,30096,ATL,ATL,ok,yes
30031,Decatur,GA,Post Office or large volume customer,30030,ATL,ATL,ok,yes
30036,Decatur,GA,Post Office or large volume customer,30034,ATL,ATL,ok,yes
30037,Decatur,GA,Post Office or large volume customer,30034,ATL,ATL,ok,yes
30042,Lawrenceville,GA,Post Office or large volume customer,30044,ATL,ATL,ok,yes
30048,Lilburn,GA,Post Office or large volume customer,30047,ATL,ATL,ok,yes
30049,Lawrenceville,GA,Post Office or large volume customer,30043,ATL,ATL,ok,yes
30061,Marietta,GA,Post Office or large volume customer,30060,ATL,ATL,ok,yes
30063,Marietta,GA,Post Office or large volume customer,30060,ATL,ATL,ok,yes
30065,Marietta,GA,Post Office or large volume customer,30062,ATL,ATL,ok,yes
30069,Marietta,GA,Zip Code Area,30060,ATL,ATL,ok,yes
30074,Redan,GA,Post Office or large volume customer,30058,ATL,ATL,ok,yes
30077,Roswell,GA,Post Office or large volume customer,30076,ATL,ATL,ok,yes
30081,Smyrna,GA,Post Office or large volume customer,30080,ATL,ATL,ok,yes
30085,Tucker,GA,Post Office or large volume customer,30084,ATL,ATL,ok,yes
30086,Stone Mountain,GA,Post Office or large volume customer,30083,ATL,ATL,ok,yes
30091,Norcross,GA,Post Office or large volume customer,30071,ATL,ATL,ok,yes
30095,Duluth,GA,Post Office or large volume customer,30096,ATL,ATL,ok,yes
30098,Duluth,GA,Post Office or large volume customer,30097,ATL,ATL,ok,yes
30099,Duluth,GA,Post Office or large volume customer,30097,ATL,ATL,ok,yes
30109,Bowdon Junction,GA,Post Office or large volume customer,30117,ATL,ATL,ok,yes
30112,Carrollton,GA,Post Office or large volume customer,30117,ATL,ATL,ok,yes
30119,Carrollton,GA,Post Office or large volume customer,30117,ATL,ATL,ok,yes
30123,Cassville,GA,Post Office or large volume customer,30120,ATL,ATL,ok,yes
30129,Coosa,GA,Post Office or large volume customer,30165,ATL,ATL,ok,yes
30133,Douglasville,GA,Post Office or large volume customer,30134,ATL,ATL,ok,yes
30138,Esom Hill,GA,Post Office or large volume customer,30125,ATL,ATL,ok,yes
30140,Felton,GA,Post Office or large volume customer,30113,ATL,ATL,ok,yes
30142,Holly Springs,GA,Post Office or large volume customer,30115,ATL,ATL,ok,yes
30146,Lebanon,GA,Post Office or large volume customer,30188,ATL,ATL,ok,yes
30150,Mount Zion,GA,Post Office or large volume customer,30117,ATL,ATL,ok,yes
30151,Nelson,GA,Post Office or large volume customer,30107,ATL,ATL,ok,yes
30154,Douglasville,GA,Post Office or large volume customer,30135,ATL,ATL,ok,yes
30156,Kennesaw,GA,Post Office or large volume customer,30144,ATL,ATL,ok,yes
30160,Kennesaw,GA,Post Office or large volume customer,30144,ATL,ATL,ok,yes
30162,Rome,GA,Post Office or large volume customer,30161,ATL,ATL,ok,yes
30164,Rome,GA,Post Office or large volume customer,30165,ATL,ATL,ok,yes
30169,Canton,GA,Post Office or large volume customer,30114,ATL,ATL,ok,yes
30172,Shannon,GA,Post Office or large volume customer,30161,ATL,ATL,ok,yes
30212,Experiment,GA,Post Office or large volume customer,30223,ATL,ATL,ok,yes
30237,Jonesboro,GA,Post Office or large volume customer,30236,ATL,ATL,ok,yes
30261,LaGrange,GA,Post Office or large volume customer,30241,ATL,ATL,ok,yes
30264,Newnan,GA,Post Office or large volume customer,30263,ATL,ATL,ok,yes
30266,Orchard Hill,GA,Post Office or large volume customer,30224,ATL,ATL,ok,yes
30270,Peachtree City,GA,Post Office or large volume customer,30269,ATL,ATL,ok,yes
30271,Newnan,GA,Post Office or large volume customer,30263,ATL,ATL,ok,yes
30287,Morrow,GA,Post Office or large volume customer,30236,ATL,ATL,ok,yes
30298,Forest Park,GA,Post Office or large volume customer,30297,ATL,ATL,ok,yes
30301,Atlanta,GA,Post Office or large volume customer,30303,ATL,ATL,ok,yes
30302,Atlanta,GA,Post Office or large volume customer,30312,ATL,ATL,ok,yes
30304,Atlanta,GA,Post Office or large volume customer,30354,ATL,ATL,ok,yes
30320,Atlanta,GA,Zip Code Area,30337,ATL,ATL,ok,yes
30321,Atlanta,GA,Post Office or large volume customer,30354,ATL,ATL,ok,yes
30325,Atlanta,GA,Post Office or large volume customer,30318,ATL,ATL,ok,yes
30333,Atlanta,GA,Post Office or large volume customer,30306,ATL,ATL,ok,yes
30343,Atlanta,GA,Post Office or large volume customer,30303,ATL,ATL,ok,yes
30348,Atlanta,GA,Post Office or large volume customer,30354,ATL,ATL,ok,yes
30353,Atlanta,GA,Post Office or large volume customer,30303,ATL,ATL,ok,yes
30355,Atlanta,GA,Post Office or large volume customer,30305,ATL,ATL,ok,yes
30356,Atlanta,GA,Post Office or large volume customer,30338,ATL,ATL,ok,yes
30357,Atlanta,GA,Post Office or large volume customer,30309,ATL,ATL,ok,yes
30358,Atlanta,GA,Post Office or large volume customer,30328,ATL,ATL,ok,yes
30359,Atlanta,GA,Post Office or large volume customer,30329,ATL,ATL,ok,yes
30361,Atlanta,GA,Post Office or large volume customer,30309,ATL,ATL,ok,yes
30362,Atlanta,GA,Post Office or large volume customer,30340,ATL,ATL,ok,yes
30364,Atlanta,GA,Post Office or large volume customer,30344,ATL,ATL,ok,yes
30366,Atlanta,GA,Post Office or large volume customer,30341,ATL,ATL,ok,yes
30368,Atlanta,GA,Post Office or large volume customer,30354,ATL,ATL,ok,yes
30369,Atlanta,GA,Post Office or large volume customer,30318,ATL,ATL,ok,yes
30370,Atlanta,GA,Post Office or large volume customer,30312,ATL,ATL,ok,yes
30371,Atlanta,GA,Post Office or large volume customer,30303,ATL,ATL,ok,yes
30374,Atlanta,GA,Post Office or large volume customer,30312,ATL,ATL,ok,yes
30375,Atlanta,GA,Post Office or large volume customer,30308,ATL,ATL,ok,yes
30377,Atlanta,GA,Post Office or large volume customer,30318,ATL,ATL,ok,yes
30378,Atlanta,GA,Post Office or large volume customer,30336,ATL,ATL,ok,yes
30380,Atlanta,GA,Post Office or large volume customer,30354,ATL,ATL,ok,yes
30384,Atlanta,GA,Post Office or large volume customer,30339,ATL,ATL,ok,yes
30385,Atlanta,GA,Post Office or large volume customer,30344,ATL,ATL,ok,yes
30388,Atlanta,GA,Post Office or large volume customer,30354,ATL,ATL,ok,yes
30392,Atlanta,GA,Post Office or large volume customer,30312,ATL,ATL,ok,yes
30394,Atlanta,GA,Post Office or large volume customer,30354,ATL,ATL,ok,yes
30396,Atlanta,GA,Post Office or large volume customer,30354,ATL,ATL,ok,yes
30398,Atlanta,GA,Post Office or large volume customer,30354,ATL,ATL,ok,yes
30424,Dover,GA,Post Office or large volume customer,30467,ATL,ATL,ok,yes
30438,Manassas,GA,Zip Code Area,30453,ATL,ATL,ok,yes
30447,Norristown,GA,Post Office or large volume customer,31002,ATL,ATL,ok,yes
30459,Statesboro,GA,Post Office or large volume customer,30458,ATL,ATL,ok,yes
30475,Vidalia,GA,Post Office or large volume customer,30474,ATL,ATL,ok,yes
30499,Reidsville,GA,Post Office or large volume customer,30453,ATL,ATL,ok,yes
30502,Chestnut Mountain,GA,Post Office or large volume customer,30542,ATL,ATL,ok,yes
30503,Gainesville,GA,Post Office or large volume customer,30501,ATL,ATL,ok,yes
30514,Blairsville,GA,Post Office or large volume customer,30512,ATL,ATL,ok,yes
30515,Buford,GA,Post Office or large volume customer,30518,ATL,ATL,ok,yes
30580,Turnerville,GA,Post Office or large volume customer,30523,ATL,ATL,ok,yes
30599,Commerce,GA,Post Office or large volume customer,30529,ATL,ATL,ok,yes
30603,Athens,GA,Post Office or large volume customer,30601,ATL,ATL,ok,yes
30604,Athens,GA,Post Office or large volume customer,30606,ATL,ATL,ok,yes
30608,Athens,GA,Post Office or large volume customer,30601,ATL,ATL,ok,yes
30612,Athens,GA,Post Office or large volume customer,30602,ATL,ATL,ok,yes
30638,Farmington,GA,Post Office or large volume customer,30677,ATL,ATL,ok,yes
30645,High Shoals,GA,Post Office or large volume customer,30621,ATL,ATL,ok,yes
30647,Ila,GA,Post Office or large volume customer,30633,ATL,ATL,ok,yes
30671,Maxeys,GA,Post Office or large volume customer,30667,ATL,ATL,ok,yes
30703,Calhoun,GA,Post Office or large volume customer,30701,ATL,ATL,ok,yes
30719,Dalton,GA,Post Office or large volume customer,30721,ATL,ATL,ok,yes
30722,Dalton,GA,Post Office or large volume customer,30720,ATL,ATL,ok,yes
30732,Oakman,GA,Post Office or large volume customer,30734,ATL,ATL,ok,yes
30806,Boneville,GA,Post Office or large volume customer,30808,ATL,ATL,ok,yes
30811,Gough,GA,Post Office or large volume customer,30816,ATL,ATL,ok,yes
30819,Mesena,GA,Post Office or large volume customer,30828,ATL,ATL,ok,yes
30903,Augusta,GA,Post Office or large volume customer,30901,ATL,ATL,ok,yes
30914,Augusta,GA,Post Office or large volume customer,30904,ATL,ATL,ok,yes
30916,Augusta,GA,Post Office or large volume customer,30906,ATL,ATL,ok,yes
30917,Augusta,GA,Post Office or large volume customer,30907,ATL,ATL,ok,yes
30919,Augusta,GA,Post Office or large volume customer,30909,ATL,ATL,ok,yes
30999,Augusta,GA,Post Office or large volume customer,30909,ATL,ATL,ok,yes
31010,Cordele,GA,Post Office or large volume customer,31015,ATL,ATL,ok,yes
31013,Clinchfield,GA,Post Office or large volume customer,31036,ATL,ATL,ok,yes
31026,Eatonton,GA,Post Office or large volume customer,31024,ATL,ATL,ok,yes
31040,Dublin,GA,Post Office or large volume customer,31021,ATL,ATL,ok,yes
31059,Milledgeville,GA,Post Office or large volume customer,31061,ATL,ATL,ok,yes
31086,Smarr,GA,Post Office or large volume customer,31029,ATL,ATL,ok,yes
31095,Warner Robins,GA,Post Office or large volume customer,31088,ATL,ATL,ok,yes
31099,Warner Robins,GA,Post Office or large volume customer,31098,ATL,ATL,ok,yes
31106,Atlanta,GA,Post Office or large volume customer,30306,ATL,ATL,ok,yes
31107,Atlanta,GA,Post Office or large volume customer,30307,ATL,ATL,ok,yes
31119,Atlanta,GA,Post Office or large volume customer,30341,ATL,ATL,ok,yes
31126,Atlanta,GA,Post Office or large volume customer,30326,ATL,ATL,ok,yes
31131,Atlanta,GA,Post Office or large volume customer,30331,ATL,ATL,ok,yes
31136,Atlanta,GA,Post Office or large volume customer,30336,ATL,ATL,ok,yes
31139,Atlanta,GA,Post Office or large volume customer,30339,ATL,ATL,ok,yes
31141,Atlanta,GA,Post Office or large volume customer,30341,ATL,ATL,ok,yes
31145,Atlanta,GA,Post Office or large volume customer,30345,ATL,ATL,ok,yes
31146,Atlanta,GA,Post Office or large volume customer,30338,ATL,ATL,ok,yes
31150,Atlanta,GA,Post Office or large volume customer,30350,ATL,ATL,ok,yes
31156,Atlanta,GA,Post Office or large volume customer,30350,ATL,ATL,ok,yes
31169,Peachtree City,GA,Post Office or large volume customer,30269,ATL,ATL,ok,yes
31192,Atlanta,GA,Post Office or large volume customer,30349,ATL,ATL,ok,yes
31193,Atlanta,GA,Post Office or large volume customer,30303,ATL,ATL,ok,yes
31195,Atlanta,GA,Post Office or large volume customer,30318,ATL,ATL,ok,yes
31196,Atlanta,GA,Post Office or large volume customer,30318,ATL,ATL,ok,yes
31202,Macon,GA,Post Office or large volume customer,31201,ATL,ATL,ok,yes
31203,Macon,GA,Post Office or large volume customer,31204,ATL,ATL,ok,yes
31205,Macon,GA,Post Office or large volume customer,31206,ATL,ATL,ok,yes
31208,Macon,GA,Post Office or large volume customer,31216,ATL,ATL,ok,yes
31209,Macon,GA,Post Office or large volume customer,31204,ATL,ATL,ok,yes
31221,Macon,GA,Post Office or large volume customer,31210,ATL,ATL,ok,yes
31294,Macon,GA,Post Office or large volume customer,31201,ATL,ATL,ok,yes
31295,Macon,GA,Post Office or large volume customer,31217,ATL,ATL,ok,yes
31296,Macon,GA,Post Office or large volume customer,31217,ATL,ATL,ok,yes
31297,Macon,GA,Post Office or large volume customer,31210,ATL,ATL,ok,yes
31304,Crescent,GA,Zip Code Area,31331,ATL,ATL,ok,yes
31310,Hinesville,GA,Post Office or large volume customer,31313,ATL,ATL,ok,yes
31319,Meridian,GA,Post Office or large volume customer,31331,ATL,ATL,ok,yes
31402,Savannah,GA,Post Office or large volume customer,31401,ATL,ATL,ok,yes
31403,Savannah,GA,Post Office or large volume customer,31405,ATL,ATL,ok,yes
31412,Savannah,GA,Post Office or large volume customer,31401,ATL,ATL,ok,yes
31414,Savannah,GA,Post Office or large volume customer,31404,ATL,ATL,ok,yes
31416,Savannah,GA,Post Office or large volume customer,31406,ATL,ATL,ok,yes
31418,Savannah,GA,Post Office or large volume customer,31408,ATL,ATL,ok,yes
31420,Savannah,GA,Post Office or large volume customer,31419,ATL,ATL,ok,yes
31502,Waycross,GA,Post Office or large volume customer,31501,ATL,ATL,ok,yes
31515,Baxley,GA,Post Office or large volume customer,31513,ATL,ATL,ok,yes
31521,Brunswick,GA,Post Office or large volume customer,31520,ATL,ATL,ok,yes
31534,Douglas,GA,Post Office or large volume customer,31533,ATL,ATL,ok,yes
31598,Jesup,GA,Post Office or large volume customer,31546,ATL,ATL,ok,yes
31603,Valdosta,GA,Post Office or large volume customer,31601,ATL,ATL,ok,yes
31604,Valdosta,GA,Post Office or large volume customer,31602,ATL,ATL,ok,yes
31702,Albany,GA,Post Office or large volume customer,31701,ATL,ATL,ok,yes
31703,Albany,GA,Post Office or large volume customer,31705,ATL,ATL,ok,yes
31706,Albany,GA,Post Office or large volume customer,31701,ATL,ATL,ok,yes
31708,Albany,GA,Post Office or large volume customer,31707,ATL,ATL,ok,yes
31739,Cotton,GA,Post Office or large volume customer,31779,ATL,ATL,ok,yes
31758,Thomasville,GA,Post Office or large volume customer,31792,ATL,ATL,ok,yes
31760,Irwinville,GA,Zip Code Area,31774,ATL,ATL,ok,yes
31769,Mystic,GA,Post Office or large volume customer,31774,ATL,ATL,ok,yes
31776,Moultrie,GA,Post Office or large volume customer,31768,ATL,ATL,ok,yes
31782,Putney,GA,Post Office or large volume customer,31705,ATL,ATL,ok,yes
31799,Thomasville,GA,Post Office or large volume customer,31792,ATL,ATL,ok,yes
31902,Columbus,GA,Post Office or large volume customer,31901,ATL,ATL,ok,yes
31908,Columbus,GA,Post Office or large volume customer,31907,ATL,ATL,ok,yes
31914,Columbus,GA,Post Office or large volume customer,31904,ATL,ATL,ok,yes
31917,Columbus,GA,Post Office or large volume customer,31907,ATL,ATL,ok,yes
31993,Columbus,GA,Post Office or large volume customer,31907,ATL,ATL,ok,yes
31995,Fort Benning,GA,Post Office or large volume customer,31905,ATL,ATL,ok,yes
31997,Columbus,GA,Post Office or large volume customer,31907,ATL,ATL,ok,yes
31998,Columbus,GA,Post Office or large volume customer,31906,ATL,ATL,ok,yes
31999,Columbus,GA,Post Office or large volume customer,31906,ATL,ATL,ok,yes
32004,Ponte Vedra Beach,FL,Post Office or large volume customer,32082,ORL,ORL,ok,yes
32006,Fleming Island,FL,Post Office or large volume customer,32003,ORL,ORL,ok,yes
32007,Bostwick,FL,Post Office or large volume customer,32177,ORL,ORL,ok,yes
32030,Doctors Inlet,FL,Post Office or large volume customer,32068,ORL,ORL,ok,yes
32035,Fernandina Beach,FL,Post Office or large volume customer,32034,ORL,ORL,ok,yes
32041,Yulee,FL,Post Office or large volume customer,32097,ORL,ORL,ok,yes
32042,Graham,FL,Post Office or large volume customer,32044,ORL,ORL,ok,yes
32050,Middleburg,FL,Post Office or large volume customer,32068,ORL,ORL,ok,yes
32056,Lake City,FL,Post Office or large volume customer,32055,ORL,ORL,ok,yes
32067,Orange Park,FL,Post Office or large volume customer,32073,ORL,ORL,ok,yes
32085,Saint Augustine,FL,Post Office or large volume customer,32084,ORL,ORL,ok,yes
32099,Jacksonville,FL,Post Office or large volume customer,32220,ORL,ORL,ok,yes
32105,Barberville,FL,Post Office or large volume customer,32180,ORL,ORL,ok,yes
32111,Candler,FL,Post Office or large volume customer,34472,ORL,ORL,ok,yes
32115,Daytona Beach,FL,Post Office or large volume customer,32114,ORL,ORL,ok,yes
32116,Daytona Beach,FL,Post Office or large volume customer,32118,ORL,ORL,ok,yes
32120,Daytona Beach,FL,Post Office or large volume customer,32114,ORL,ORL,ok,yes
32121,Daytona Beach,FL,Post Office or large volume customer,32119,ORL,ORL,ok,yes
32122,Daytona Beach,FL,Post Office or large volume customer,32117,ORL,ORL,ok,yes
32123,Port Orange,FL,Post Office or large volume customer,32119,ORL,ORL,ok,yes
32125,Daytona Beach,FL,Post Office or large volume customer,32117,ORL,ORL,ok,yes
32126,Daytona Beach,FL,Post Office or large volume customer,32118,ORL,ORL,ok,yes
32135,Palm Coast,FL,Post Office or large volume customer,32137,ORL,ORL,ok,yes
32138,Grandin,FL,Post Office or large volume customer,32666,ORL,ORL,ok,yes
32142,Palm Coast,FL,Post Office or large volume customer,32136,ORL,ORL,ok,yes
32143,Palm Coast,FL,Post Office or large volume customer,32136,ORL,ORL,ok,yes
32149,Interlachen,FL,Post Office or large volume customer,32148,ORL,ORL,ok,yes
32158,Lady Lake,FL,Post Office or large volume customer,32159,ORL,ORL,ok,yes
32160,Lake Geneva,FL,Post Office or large volume customer,32656,ORL,ORL,ok,yes
32170,New Smyrna Beach,FL,Post Office or large volume customer,32168,ORL,ORL,ok,yes
32173,Ormond Beach,FL,Post Office or large volume customer,32174,ORL,ORL,ok,yes
32175,Ormond Beach,FL,Post Office or large volume customer,32176,ORL,ORL,ok,yes
32178,Palatka,FL,Post Office or large volume customer,32177,ORL,ORL,ok,yes
32183,Ocklawaha,FL,Post Office or large volume customer,32179,ORL,ORL,ok,yes
32185,Putnam Hall,FL,Post Office or large volume customer,32666,ORL,ORL,ok,yes
32198,Daytona Beach,FL,Post Office or large volume customer,32114,ORL,ORL,ok,yes
32201,Jacksonville,FL,Post Office or large volume customer,32202,ORL,ORL,ok,yes
32229,Jacksonville,FL,Post Office or large volume customer,32218,ORL,ORL,ok,yes
32231,Jacksonville,FL,Post Office or large volume customer,32207,ORL,ORL,ok,yes
32232,Jacksonville,FL,Post Office or large volume customer,32209,ORL,ORL,ok,yes
32235,Jacksonville,FL,Post Office or large volume customer,32225,ORL,ORL,ok,yes
32236,Jacksonville,FL,Post Office or large volume customer,32205,ORL,ORL,ok,yes
32238,Jacksonville,FL,Post Office or large volume customer,32244,ORL,ORL,ok,yes
32239,Jacksonville,FL,Post Office or large volume customer,32277,ORL,ORL,ok,yes
32240,Jacksonville Beach,FL,Post Office or large volume customer,32250,ORL,ORL,ok,yes
32241,Jacksonville,FL,Post Office or large volume customer,32257,ORL,ORL,ok,yes
32245,Jacksonville,FL,Post Office or large volume customer,32246,ORL,ORL,ok,yes
32247,Jacksonville,FL,Post Office or large volume customer,32207,ORL,ORL,ok,yes
32255,Jacksonville,FL,Post Office or large volume customer,32216,ORL,ORL,ok,yes
32260,Jacksonville,FL,Post Office or large volume customer,32259,ORL,ORL,ok,yes
32302,Tallahassee,FL,Post Office or large volume customer,32301,ORL,ORL,ok,yes
32314,Tallahassee,FL,Post Office or large volume customer,32301,ORL,ORL,ok,yes
32315,Tallahassee,FL,Post Office or large volume customer,32303,ORL,ORL,ok,yes
32316,Tallahassee,FL,Post Office or large volume customer,32304,ORL,ORL,ok,yes
32318,Tallahassee,FL,Post Office or large volume customer,32303,ORL,ORL,ok,yes
32326,Crawfordville,FL,Post Office or large volume customer,32327,ORL,ORL,ok,yes
32329,Apalachicola,FL,Post Office or large volume customer,32320,ORL,ORL,ok,yes
32335,Sumatra,FL,Post Office or large volume customer,32465,ORL,ORL,ok,yes
32341,Madison,FL,Post Office or large volume customer,32340,ORL,ORL,ok,yes
32345,Monticello,FL,Post Office or large volume customer,32344,ORL,ORL,ok,yes
32353,Quincy,FL,Post Office or large volume customer,32351,ORL,ORL,ok,yes
32357,Shady Grove,FL,Post Office or large volume customer,32331,ORL,ORL,ok,yes
32362,Woodville,FL,Post Office or large volume customer,32305,ORL,ORL,ok,yes
32402,Panama City,FL,Post Office or large volume customer,32401,ORL,ORL,ok,yes
32406,Panama City,FL,Post Office or large volume customer,32405,ORL,ORL,ok,yes
32411,Panama City,FL,Post Office or large volume customer,32408,ORL,ORL,ok,yes
32412,Panama City,FL,Post Office or large volume customer,32405,ORL,ORL,ok,yes
32417,Panama City,FL,Post Office or large volume customer,32407,ORL,ORL,ok,yes
32422,Argyle,FL,Post Office or large volume customer,32433,ORL,ORL,ok,yes
32434,Mossy Head,FL,Post Office or large volume customer,32433,ORL,ORL,ok,yes
32447,Marianna,FL,Post Office or large volume customer,32446,ORL,ORL,ok,yes
32452,Noma,FL,Post Office or large volume customer,32425,ORL,ORL,ok,yes
32457,Port Saint Joe,FL,Post Office or large volume customer,32456,ORL,ORL,ok,yes
32513,Pensacola,FL,Post Office or large volume customer,32503,NOP|ORL,ORL,ok,no
32516,Pensacola,FL,Post Office or large volume customer,32506,NOP|ORL,ORL,ok,no
32520,Pensacola,FL,Post Office or large volume customer,32502,NOP|ORL,ORL,ok,no
32521,Pensacola,FL,Post Office or large volume customer,32507,NOP|ORL,ORL,ok,no
32522,Pensacola,FL,Post Office or large volume customer,32501,NOP|ORL,ORL,ok,no
32523,Pensacola,FL,Post Office or large volume customer,32501,NOP|ORL,ORL,ok,no
32524,Pensacola,FL,Post Office or large volume customer,32504,NOP|ORL,ORL,ok,no
32537,Milligan,FL,Post Office or large volume customer,32536,NOP|ORL,ORL,ok,no
32538,Paxton,FL,Post Office or large volume customer,32567,NOP|ORL,ORL,ok,no
32540,Destin,FL,Post Office or large volume customer,32541,NOP|ORL,ORL,ok,no
32549,Fort Walton Beach,FL,Post Office or large volume customer,32548,NOP|ORL,ORL,ok,no
32559,Pensacola,FL,Post Office or large volume customer,32509,NOP|ORL,ORL,ok,no
32560,Gonzalez,FL,Post Office or large volume customer,32533,NOP|ORL,ORL,ok,no
32562,Gulf Breeze,FL,Post Office or large volume customer,32561,NOP|ORL,ORL,ok,no
32572,Milton,FL,Post Office or large volume customer,32570,NOP|ORL,ORL,ok,no
32588,Niceville,FL,Post Office or large volume customer,32578,NOP|ORL,ORL,ok,no
32591,Pensacola,FL,Post Office or large volume customer,32502,NOP|ORL,ORL,ok,no
32602,Gainesville,FL,Post Office or large volume customer,32601,ORL,ORL,ok,yes
32604,Gainesville,FL,Post Office or large volume customer,32603,ORL,ORL,ok,yes
32611,Gainesville,FL,Zip Code Area,32612,ORL,ORL,ok,yes
32614,Gainesville,FL,Post Office or large volume customer,32608,ORL,ORL,ok,yes
32627,Gainesville,FL,Post Office or large volume customer,32601,ORL,ORL,ok,yes
32633,Evinston,FL,Post Office or large volume customer,32667,ORL,ORL,ok,yes
32635,Gainesville,FL,Post Office or large volume customer,32605,ORL,ORL,ok,yes
32644,Chiefland,FL,Post Office or large volume customer,32626,ORL,ORL,ok,yes
32654,Island Grove,FL,Post Office or large volume customer,32640,ORL,ORL,ok,yes
32655,High Springs,FL,Post Office or large volume customer,32643,ORL,ORL,ok,yes
32662,Lochloosa,FL,Post Office or large volume customer,32640,ORL,ORL,ok,yes
32663,Lowell,FL,Post Office or large volume customer,32686,ORL,ORL,ok,yes
32704,Apopka,FL,Post Office or large volume customer,32712,ORL,ORL,ok,yes
32706,Cassadaga,FL,Post Office or large volume customer,32744,ORL,ORL,ok,yes
32710,Clarcona,FL,Post Office or large volume customer,32818,ORL,ORL,ok,yes
32715,Altamonte Springs,FL,Post Office or large volume customer,32701,ORL,ORL,ok,yes
32716,Altamonte Springs,FL,Post Office or large volume customer,32714,ORL,ORL,ok,yes
32718,Casselberry,FL,Post Office or large volume customer,32707,ORL,ORL,ok,yes
32719,Winter Springs,FL,Post Office or large volume customer,32708,ORL,ORL,ok,yes
32721,Deland,FL,Post Office or large volume customer,32724,ORL,ORL,ok,yes
32722,Glenwood,FL,Post Office or large volume customer,32720,ORL,ORL,ok,yes
32727,Eustis,FL,Post Office or large volume customer,32726,ORL,ORL,ok,yes
32728,Deltona,FL,Post Office or large volume customer,32725,ORL,ORL,ok,yes
32733,Goldenrod,FL,Post Office or large volume customer,32792,ORL,ORL,ok,yes
32739,Deltona,FL,Post Office or large volume customer,32738,ORL,ORL,ok,yes
32745,Mid Florida,FL,Post Office or large volume customer,32746,ORL,ORL,ok,yes
32747,Lake Monroe,FL,Post Office or large volume customer,32771,ORL,ORL,ok,yes
32752,Longwood,FL,Post Office or large volume customer,32750,ORL,ORL,ok,yes
32753,Debary,FL,Post Office or large volume customer,32713,ORL,ORL,ok,yes
32756,Mount Dora,FL,Post Office or large volume customer,32757,ORL,ORL,ok,yes
32762,Oviedo,FL,Post Office or large volume customer,32765,ORL,ORL,ok,yes
32772,Sanford,FL,Post Office or large volume customer,32771,ORL,ORL,ok,yes
32774,Orange City,FL,Post Office or large volume customer,32763,ORL,ORL,ok,yes
32777,Tangerine,FL,Post Office or large volume customer,32757,ORL,ORL,ok,yes
32781,Titusville,FL,Post Office or large volume customer,32780,ORL,ORL,ok,yes
32783,Titusville,FL,Post Office or large volume customer,32780,ORL,ORL,ok,yes
32790,Winter Park,FL,Post Office or large volume customer,32789,ORL,ORL,ok,yes
32791,Longwood,FL,Post Office or large volume customer,32779,ORL,ORL,ok,yes
32793,Winter Park,FL,Post Office or large volume customer,32792,ORL,ORL,ok,yes
32794,Maitland,FL,Post Office or large volume customer,32751,ORL,ORL,ok,yes
32795,Lake Mary,FL,Post Office or large volume customer,32746,ORL,ORL,ok,yes
32799,Mid Florida,FL,Post Office or large volume customer,32746,ORL,ORL,ok,yes
32802,Orlando,FL,Post Office or large volume customer,32801,ORL,ORL,ok,yes
32815,Orlando,FL,Zip Code Area,32780,ORL,ORL,ok,yes
32834,Orlando,FL,Post Office or large volume customer,32828,ORL,ORL,ok,yes
32853,Orlando,FL,Post Office or large volume customer,32803,ORL,ORL,ok,yes
32854,Orlando,FL,Post Office or large volume customer,32804,ORL,ORL,ok,yes
32855,Orlando,FL,Post Office or large volume customer,32805,ORL,ORL,ok,yes
32856,Orlando,FL,Post Office or large volume customer,32806,ORL,ORL,ok,yes
32857,Orlando,FL,Post Office or large volume customer,32807,ORL,ORL,ok,yes
32858,Orlando,FL,Post Office or large volume customer,32808,ORL,ORL,ok,yes
32859,Orlando,FL,Post Office or large volume customer,32809,ORL,ORL,ok,yes
32860,Orlando,FL,Post Office or large volume customer,32810,ORL,ORL,ok,yes
32861,Orlando,FL,Post Office or large volume customer,32811,ORL,ORL,ok,yes
32862,Orlando,FL,Post Office or large volume customer,32827,ORL,ORL,ok,yes
32867,Orlando,FL,Post Office or large volume customer,32817,ORL,ORL,ok,yes
32868,Orlando,FL,Post Office or large volume customer,32818,ORL,ORL,ok,yes
32869,Orlando,FL,Post Office or large volume customer,32819,ORL,ORL,ok,yes
32872,Orlando,FL,Post Office or large volume customer,32822,ORL,ORL,ok,yes
32877,Orlando,FL,Post Office or large volume customer,32837,ORL,ORL,ok,yes
32878,Orlando,FL,Post Office or large volume customer,32828,ORL,ORL,ok,yes
32885,Orlando,FL,Post Office or large volume customer,32827,ORL,ORL,ok,yes
32886,Orlando,FL,Post Office or large volume customer,32801,ORL,ORL,ok,yes
32887,Orlando,FL,Post Office or large volume customer,32821,ORL,ORL,ok,yes
32891,Orlando,FL,Post Office or large volume customer,32803,ORL,ORL,ok,yes
32896,Orlando,FL,Post Office or large volume customer,32801,ORL,ORL,ok,yes
32897,Orlando,FL,Post Office or large volume customer,32801,ORL,ORL,ok,yes
32902,Melbourne,FL,Post Office or large volume customer,32901,ORL,ORL,ok,yes
32906,Palm Bay,FL,Post Office or large volume customer,32905,ORL,ORL,ok,yes
32910,Palm Bay,FL,Post Office or large volume customer,32907,ORL,ORL,ok,yes
32911,Palm Bay,FL,Post Office or large volume customer,32908,ORL,ORL,ok,yes
32912,Melbourne,FL,Post Office or large volume customer,32904,ORL,ORL,ok,yes
32919,Melbourne,FL,Post Office or large volume customer,32901,ORL,ORL,ok,yes
32923,Cocoa,FL,Post Office or large volume customer,32922,ORL,ORL,ok,yes
32924,Cocoa,FL,Post Office or large volume customer,32922,ORL,ORL,ok,yes
32932,Cocoa Beach,FL,Post Office or large volume customer,32931,ORL,ORL,ok,yes
32936,Melbourne,FL,Post Office or large volume customer,32935,ORL,ORL,ok,yes
32941,Melbourne,FL,Post Office or large volume customer,32940,ORL,ORL,ok,yes
32954,Merritt Island,FL,Post Office or large volume customer,32953,ORL,ORL,ok,yes
32956,Rockledge,FL,Post Office or large volume customer,32955,ORL,ORL,ok,yes
32957,Roseland,FL,Post Office or large volume customer,32958,ORL,ORL,ok,yes
32961,Vero Beach,FL,Post Office or large volume customer,32960,ORL,ORL,ok,yes
32964,Vero Beach,FL,Post Office or large volume customer,32963,ORL,ORL,ok,yes
32965,Vero Beach,FL,Post Office or large volume customer,32962,ORL,ORL,ok,yes
32969,Vero Beach,FL,Post Office or large volume customer,32966,ORL,ORL,ok,yes
32971,Winter Beach,FL,Post Office or large volume customer,32967,ORL,ORL,ok,yes
32978,Sebastian,FL,Post Office or large volume customer,32958,ORL,ORL,ok,yes
33002,Hialeah,FL,Post Office or large volume customer,33012,MIA,MIA,ok,yes
33008,Hallandale,FL,Post Office or large volume customer,33009,MIA,MIA,ok,yes
33011,Hialeah,FL,Post Office or large volume customer,33010,MIA,MIA,ok,yes
33017,Hialeah,FL,Post Office or large volume customer,33015,MIA,MIA,ok,yes
33041,Key West,FL,Post Office or large volume customer,33040,MIA,MIA,ok,yes
33045,Key West,FL,Post Office or large volume customer,33040,MIA,MIA,ok,yes
33052,Marathon Shores,FL,Post Office or large volume customer,33050,MIA,MIA,ok,yes
33061,Pompano Beach,FL,Post Office or large volume customer,33062,MIA,MIA,ok,yes
33072,Pompano Beach,FL,Post Office or large volume customer,33069,MIA,MIA,ok,yes
33074,Pompano Beach,FL,Post Office or large volume customer,33064,MIA,MIA,ok,yes
33075,Coral Springs,FL,Post Office or large volume customer,33065,MIA,MIA,ok,yes
33077,Pompano Beach,FL,Post Office or large volume customer,33071,MIA,MIA,ok,yes
33081,Hollywood,FL,Post Office or large volume customer,33021,MIA,MIA,ok,yes
33082,Pembroke Pines,FL,Post Office or large volume customer,33027,MIA,MIA,ok,yes
33083,Hollywood,FL,Post Office or large volume customer,33021,MIA,MIA,ok,yes
33084,Hollywood,FL,Post Office or large volume customer,33024,MIA,MIA,ok,yes
33090,Homestead,FL,Post Office or large volume customer,33030,MIA,MIA,ok,yes
33092,Homestead,FL,Post Office or large volume customer,33032,MIA,MIA,ok,yes
33093,Margate,FL,Post Office or large volume customer,33063,MIA,MIA,ok,yes
33097,Coconut Creek,FL,Post Office or large volume customer,33073,MIA,MIA,ok,yes
33102,Miami,FL,Post Office or large volume customer,33122,MIA,MIA,ok,yes
33106,Miami,FL,Post Office or large volume customer,33126,MIA,MIA,ok,yes
33111,Miami,FL,Post Office or large volume customer,33131,MIA,MIA,ok,yes
33112,Miami,FL,Post Office or large volume customer,33172,MIA,MIA,ok,yes
33114,Coral Gables,FL,Post Office or large volume customer,33134,MIA,MIA,ok,yes
33116,Miami,FL,Post Office or large volume customer,33176,MIA,MIA,ok,yes
33119,Miami Beach,FL,Post Office or large volume customer,33139,MIA,MIA,ok,yes
33124,Miami,FL,Post Office or large volume customer,33133,MIA,MIA,ok,yes
33151,Miami,FL,Post Office or large volume customer,33127,MIA,MIA,ok,yes
33152,Miami,FL,Post Office or large volume customer,33122,MIA,MIA,ok,yes
33153,Miami,FL,Post Office or large volume customer,33138,MIA,MIA,ok,yes
33163,Miami,FL,Post Office or large volume customer,33180,MIA,MIA,ok,yes
33164,Miami,FL,Post Office or large volume customer,33162,MIA,MIA,ok,yes
33188,Miami,FL,Post Office or large volume customer,33174,MIA,MIA,ok,yes
33191,Miami,FL,Post Office or large volume customer,33126,MIA,,ok,no
33192,Miami,FL,Post Office or large volume customer,33172,MIA,,http 404,
33195,Miami,FL,Post Office or large volume customer,33166,MIA,MIA,ok,yes
33197,Miami,FL,Post Office or large volume customer,33157,MIA,MIA,ok,yes
33198,Miami,FL,Post Office or large volume customer,33126,MIA,,ok,no
33199,Miami,FL,Zip Code Area,33174,MIA,MIA,ok,yes
33206,Miami,FL,Post Office or large volume customer,33126,MIA,MIA,ok,yes
33222,Miami,FL,Post Office or large volume customer,33172,MIA,MIA,ok,yes
33231,Miami,FL,Post Office or large volume customer,33131,MIA,MIA,ok,yes
33233,Miami,FL,Post Office or large volume customer,33133,MIA,MIA,ok,yes
33234,Miami,FL,Post Office or large volume customer,33134,MIA,MIA,ok,yes
33238,Miami,FL,Post Office or large volume customer,33138,MIA,MIA,ok,yes
33239,Miami Beach,FL,Post Office or large volume customer,33139,MIA,MIA,ok,yes
33242,Miami,FL,Post Office or large volume customer,33142,MIA,MIA,ok,yes
33243,Miami,FL,Post Office or large volume customer,33143,MIA,MIA,ok,yes
33245,Miami,FL,Post Office or large volume customer,33145,MIA,MIA,ok,yes
33247,Miami,FL,Post Office or large volume customer,33147,MIA,MIA,ok,yes
33255,Miami,FL,Post Office or large volume customer,33155,MIA,MIA,ok,yes
33256,Miami,FL,Post Office or large volume customer,33156,MIA,MIA,ok,yes
33257,Miami,FL,Post Office or large volume customer,33157,MIA,MIA,ok,yes
33261,Miami,FL,Post Office or large volume customer,33181,MIA,MIA,ok,yes
33265,Miami,FL,Post Office or large volume customer,33165,MIA,MIA,ok,yes
33266,Miami,FL,Post Office or large volume customer,33166,MIA,MIA,ok,yes
33269,Miami,FL,Post Office or large volume customer,33169,MIA,MIA,ok,yes
33280,Miami,FL,Post Office or large volume customer,33180,MIA,MIA,ok,yes
33283,Miami,FL,Post Office or large volume customer,33183,MIA,MIA,ok,yes
33296,Miami,FL,Post Office or large volume customer,33196,MIA,MIA,ok,yes
33299,Miami,FL,Post Office or large volume customer,33142,MIA,MIA,ok,yes
33302,Fort Lauderdale,FL,Post Office or large volume customer,33311,MIA,MIA,ok,yes
33303,Fort Lauderdale,FL,Post Office or large volume customer,33301,MIA,MIA,ok,yes
33307,Fort Lauderdale,FL,Post Office or large volume customer,33334,MIA,MIA,ok,yes
33310,Fort Lauderdale,FL,Post Office or large volume customer,33311,MIA,MIA,ok,yes
33318,Fort Lauderdale,FL,Post Office or large volume customer,33317,MIA,MIA,ok,yes
33320,Fort Lauderdale,FL,Post Office or large volume customer,33321,MIA,MIA,ok,yes
33329,Fort Lauderdale,FL,Post Office or large volume customer,33328,MIA,MIA,ok,yes
33335,Fort Lauderdale,FL,Post Office or large volume customer,33316,MIA,MIA,ok,yes
33336,Fort Lauderdale,FL,Post Office or large volume customer,33311,MIA,MIA,ok,yes
33337,Fort Lauderdale,FL,Post Office or large volume customer,33324,MIA,MIA,ok,yes
33338,Fort Lauderdale,FL,Post Office or large volume customer,33304,MIA,MIA,ok,yes
33339,Fort Lauderdale,FL,Post Office or large volume customer,33306,MIA,MIA,ok,yes
33340,Fort Lauderdale,FL,Post Office or large volume customer,33311,MIA,MIA,ok,yes
33345,Fort Lauderdale,FL,Post Office or large volume customer,33330,MIA,MIA,ok,yes
33346,Fort Lauderdale,FL,Post Office or large volume customer,33316,MIA,MIA,ok,yes
33348,Fort Lauderdale,FL,Post Office or large volume customer,33308,MIA,MIA,ok,yes
33349,Fort Lauderdale,FL,Post Office or large volume customer,33304,MIA,MIA,ok,yes
33355,Fort Lauderdale,FL,Post Office or large volume customer,33325,MIA,MIA,ok,yes
33359,Fort Lauderdale,FL,Post Office or large volume customer,33319,MIA,MIA,ok,yes
33394,Fort Lauderdale,FL,Zip Code Area,33301,MIA,MIA,ok,yes
33402,West Palm Beach,FL,Post Office or large volume customer,33401,MIA,MIA,ok,yes
33416,West Palm Beach,FL,Post Office or large volume customer,33406,MIA,MIA,ok,yes
33419,West Palm Beach,FL,Post Office or large volume customer,33404,MIA,MIA,ok,yes
33420,West Palm Beach,FL,Post Office or large volume customer,33410,MIA,MIA,ok,yes
33421,Royal Palm Beach,FL,Post Office or large volume customer,33411,MIA,MIA,ok,yes
33422,West Palm Beach,FL,Post Office or large volume customer,33417,MIA,MIA,ok,yes
33424,Boynton Beach,FL,Post Office or large volume customer,33436,MIA,MIA,ok,yes
33425,Boynton Beach,FL,Post Office or large volume customer,33435,MIA,MIA,ok,yes
33427,Boca Raton,FL,Post Office or large volume customer,33486,MIA,MIA,ok,yes
33429,Boca Raton,FL,Post Office or large volume customer,33432,MIA,MIA,ok,yes
33443,Deerfield Beach,FL,Post Office or large volume customer,33441,MIA,MIA,ok,yes
33448,Delray Beach,FL,Post Office or large volume customer,33446,MIA,MIA,ok,yes
33454,Greenacres,FL,Post Office or large volume customer,33463,MIA,MIA,ok,yes
33459,Lake Harbor,FL,Post Office or large volume customer,33440,MIA,MIA,ok,yes
33464,Boca Raton,FL,Post Office or large volume customer,33460,MIA,MIA,ok,yes
33465,Lake Worth,FL,Post Office or large volume customer,33462,MIA,MIA,ok,yes
33466,Lake Worth,FL,Post Office or large volume customer,33461,MIA,MIA,ok,yes
33468,Jupiter,FL,Post Office or large volume customer,33458,MIA,MIA,ok,yes
33474,Boynton Beach,FL,Post Office or large volume customer,33437,MIA,MIA,ok,yes
33475,Hobe Sound,FL,Post Office or large volume customer,33455,MIA,MIA,ok,yes
33481,Boca Raton,FL,Post Office or large volume customer,33431,MIA,MIA,ok,yes
33482,Delray Beach,FL,Post Office or large volume customer,33445,MIA,MIA,ok,yes
33488,Boca Raton,FL,Post Office or large volume customer,33433,MIA,MIA,ok,yes
33497,Boca Raton,FL,Post Office or large volume customer,33428,MIA,MIA,ok,yes
33499,Boca Raton,FL,Post Office or large volume customer,33487,MIA,MIA,ok,yes
33508,Brandon,FL,Post Office or large volume customer,33511,ORL,ORL,ok,yes
33509,Brandon,FL,Post Office or large volume customer,33511,ORL,ORL,ok,yes
33524,Crystal Springs,FL,Post Office or large volume customer,33540,ORL,ORL,ok,yes
33526,Dade City,FL,Post Office or large volume customer,33525,ORL,ORL,ok,yes
33537,Lacoochee,FL,Post Office or large volume customer,33523,ORL,ORL,ok,yes
33539,Zephyrhills,FL,Post Office or large volume customer,33542,ORL,ORL,ok,yes
33564,Plant City,FL,Post Office or large volume customer,33566,ORL,ORL,ok,yes
33568,Riverview,FL,Post Office or large volume customer,33569,ORL,ORL,ok,yes
33571,Sun City Center,FL,Post Office or large volume customer,33573,ORL,ORL,ok,yes
33575,Ruskin,FL,Post Office or large volume customer,33570,ORL,ORL,ok,yes
33583,Seffner,FL,Post Office or large volume customer,33584,ORL,ORL,ok,yes
33586,Sun City,FL,Post Office or large volume customer,33570,ORL,ORL,ok,yes
33587,Sydney,FL,Post Office or large volume customer,33527,ORL,ORL,ok,yes
33593,Trilby,FL,Post Office or large volume customer,33523,ORL,ORL,ok,yes
33595,Valrico,FL,Post Office or large volume customer,33594,ORL,ORL,ok,yes
33601,Tampa,FL,Post Office or large volume customer,33602,ORL,ORL,ok,yes
33608,Tampa,FL,Post Office or large volume customer,33621,ORL,ORL,ok,yes
33622,Tampa,FL,Post Office or large volume customer,33607,ORL,ORL,ok,yes
33623,Tampa,FL,Post Office or large volume customer,33607,ORL,ORL,ok,yes
33630,Tampa,FL,Post Office or large volume customer,33607,ORL,ORL,ok,yes
33631,Tampa,FL,Post Office or large volume customer,33607,ORL,ORL,ok,yes
33633,Tampa,FL,Post Office or large volume customer,33607,ORL,ORL,ok,yes
33646,Tampa,FL,Post Office or large volume customer,33647,ORL,ORL,ok,yes
33650,Tampa,FL,Post Office or large volume customer,33607,ORL,ORL,ok,yes
33655,Tampa,FL,Post Office or large volume customer,33602,ORL,ORL,ok,yes
33660,Tampa,FL,Post Office or large volume customer,33619,ORL,ORL,ok,yes
33664,Tampa,FL,Post Office or large volume customer,33607,ORL,ORL,ok,yes
33672,Tampa,FL,Post Office or large volume customer,33602,ORL,ORL,ok,yes
33673,Tampa,FL,Post Office or large volume customer,33604,ORL,ORL,ok,yes
33674,Tampa,FL,Post Office or large volume customer,33604,ORL,ORL,ok,yes
33675,Tampa,FL,Post Office or large volume customer,33605,ORL,ORL,ok,yes
33677,Tampa,FL,Post Office or large volume customer,33607,ORL,ORL,ok,yes
33679,Tampa,FL,Post Office or large volume customer,33629,ORL,ORL,ok,yes
33680,Tampa,FL,Post Office or large volume customer,33610,ORL,ORL,ok,yes
33681,Tampa,FL,Post Office or large volume customer,33611,ORL,ORL,ok,yes
33682,Tampa,FL,Post Office or large volume customer,33612,ORL,ORL,ok,yes
33684,Tampa,FL,Post Office or large volume customer,33614,ORL,ORL,ok,yes
33685,Tampa,FL,Post Office or large volume customer,33634,ORL,ORL,ok,yes
33686,Tampa,FL,Post Office or large volume customer,33616,ORL,ORL,ok,yes
33687,Tampa,FL,Post Office or large volume customer,33617,ORL,ORL,ok,yes
33688,Tampa,FL,Post Office or large volume customer,33618,ORL,ORL,ok,yes
33689,Tampa,FL,Post Office or large volume customer,33619,ORL,ORL,ok,yes
33694,Tampa,FL,Post Office or large volume customer,33624,ORL,ORL,ok,yes
33729,Saint Petersburg,FL,Post Office or large volume customer,33716,ORL,ORL,ok,yes
33730,Saint Petersburg,FL,Post Office or large volume customer,33713,ORL,ORL,ok,yes
33731,Saint Petersburg,FL,Post Office or large volume customer,33701,ORL,ORL,ok,yes
33732,Saint Petersburg,FL,Post Office or large volume customer,33702,ORL,ORL,ok,yes
33733,Saint Petersburg,FL,Post Office or large volume customer,33713,ORL,ORL,ok,yes
33734,Saint Petersburg,FL,Post Office or large volume customer,33704,ORL,ORL,ok,yes
33736,Saint Petersburg,FL,Post Office or large volume customer,33706,ORL,ORL,ok,yes
33738,Saint Petersburg,FL,Post Office or large volume customer,33708,ORL,ORL,ok,yes
33740,Saint Petersburg,FL,Post Office or large volume customer,33706,ORL,ORL,ok,yes
33741,Saint Petersburg,FL,Post Office or large volume customer,33706,ORL,ORL,ok,yes
33742,Saint Petersburg,FL,Post Office or large volume customer,33716,ORL,ORL,ok,yes
33743,Saint Petersburg,FL,Post Office or large volume customer,33710,ORL,ORL,ok,yes
33747,Saint Petersburg,FL,Post Office or large volume customer,33711,ORL,ORL,ok,yes
33757,Clearwater,FL,Post Office or large volume customer,33755,ORL,ORL,ok,yes
33758,Clearwater,FL,Post Office or large volume customer,33765,ORL,ORL,ok,yes
33766,Clearwater,FL,Post Office or large volume customer,33763,ORL,ORL,ok,yes
33769,Clearwater,FL,Post Office or large volume customer,33765,ORL,ORL,ok,yes
33775,Seminole,FL,Post Office or large volume customer,33772,ORL,ORL,ok,yes
33779,Largo,FL,Post Office or large volume customer,33770,ORL,ORL,ok,yes
33780,Pinellas Park,FL,Post Office or large volume customer,33781,ORL,ORL,ok,yes
33784,Saint Petersburg,FL,Post Office or large volume customer,33713,ORL,ORL,ok,yes
33802,Lakeland,FL,Post Office or large volume customer,33815,ORL,ORL,ok,yes
33804,Lakeland,FL,Post Office or large volume customer,33805,ORL,ORL,ok,yes
33806,Lakeland,FL,Post Office or large volume customer,33803,ORL,ORL,ok,yes
33807,Lakeland,FL,Post Office or large volume customer,33813,ORL,ORL,ok,yes
33820,Alturas,FL,Post Office or large volume customer,33830,ORL,ORL,ok,yes
33826,Avon Park,FL,Post Office or large volume customer,33825,ORL,ORL,ok,yes
33831,Bartow,FL,Post Office or large volume customer,33830,ORL,ORL,ok,yes
33836,Davenport,FL,Post Office or large volume customer,33837,ORL,ORL,ok,yes
33845,Haines City,FL,Post Office or large volume customer,33844,ORL,ORL,ok,yes
33846,Highland City,FL,Zip Code Area,33812,ORL,ORL,ok,yes
33862,Lake Placid,FL,Post Office or large volume customer,33852,ORL,ORL,ok,yes
33863,Nichols,FL,Post Office or large volume customer,33860,ORL,ORL,ok,yes
33871,Sebring,FL,Post Office or large volume customer,33870,ORL,ORL,ok,yes
33882,Winter Haven,FL,Post Office or large volume customer,33880,ORL,ORL,ok,yes
33883,Winter Haven,FL,Post Office or large volume customer,33880,ORL,ORL,ok,yes
33885,Winter Haven,FL,Post Office or large volume customer,33881,ORL,ORL,ok,yes
33888,Winter Haven,FL,Post Office or large volume customer,33884,ORL,ORL,ok,yes
33902,Fort Myers,FL,Post Office or large volume customer,33901,MIA,MIA,ok,yes
33906,Fort Myers,FL,Post Office or large volume customer,33907,MIA,MIA,ok,yes
33910,Cape Coral,FL,Post Office or large volume customer,33904,MIA,MIA,ok,yes
33911,Fort Myers,FL,Post Office or large volume customer,33907,MIA,MIA,ok,yes
33915,Cape Coral,FL,Post Office or large volume customer,33990,MIA,MIA,ok,yes
33918,North Fort Myers,FL,Post Office or large volume customer,33917,MIA,MIA,ok,yes
33927,El Jobean,FL,Post Office or large volume customer,33953,MIA,MIA,ok,yes
33929,Estero,FL,Post Office or large volume customer,33928,MIA,MIA,ok,yes
33932,Fort Myers Beach,FL,Post Office or large volume customer,33931,MIA,MIA,ok,yes
33938,Murdock,FL,Post Office or large volume customer,33948,MIA,MIA,ok,yes
33945,Pineland,FL,Post Office or large volume customer,33922,MIA,MIA,ok,yes
33949,Port Charlotte,FL,Post Office or large volume customer,33952,MIA,MIA,ok,yes
33951,Punta Gorda,FL,Post Office or large volume customer,33950,MIA,MIA,ok,yes
33970,Lehigh Acres,FL,Post Office or large volume customer,33936,MIA,MIA,ok,yes
33975,Labelle,FL,Post Office or large volume customer,33935,MIA,MIA,ok,yes
33994,Fort Myers,FL,Post Office or large volume customer,33905,MIA,MIA,ok,yes
34106,Naples,FL,Post Office or large volume customer,34102,MIA,MIA,ok,yes
34107,Naples,FL,Post Office or large volume customer,34110,MIA,MIA,ok,yes
34133,Bonita Springs,FL,Post Office or large volume customer,34135,MIA,MIA,ok,yes
34136,Bonita Springs,FL,Post Office or large volume customer,34135,MIA,MIA,ok,yes
34143,Immokalee,FL,Post Office or large volume customer,34142,MIA,MIA,ok,yes
34146,Marco Island,FL,Post Office or large volume customer,34145,MIA,MIA,ok,yes
34204,Bradenton,FL,Post Office or large volume customer,34203,ORL,ORL,ok,yes
34206,Bradenton,FL,Post Office or large volume customer,34205,ORL,ORL,ok,yes
34218,Holmes Beach,FL,Post Office or large volume customer,34217,ORL,ORL,ok,yes
34220,Palmetto,FL,Post Office or large volume customer,34221,ORL,ORL,ok,yes
34230,Sarasota,FL,Post Office or large volume customer,34236,ORL,ORL,ok,yes
34249,Sarasota,FL,Post Office or large volume customer,34238,ORL,,ok,no
34260,Sarasota,FL,Post Office or large volume customer,34243,ORL,ORL,ok,yes
34264,Oneco,FL,Post Office or large volume customer,34203,ORL,ORL,ok,yes
34265,Arcadia,FL,Post Office or large volume customer,34266,ORL,ORL,ok,yes
34270,Tallevast,FL,Post Office or large volume customer,34243,ORL,ORL,ok,yes
34272,Laurel,FL,Post Office or large volume customer,34275,ORL,ORL,ok,yes
34274,Nokomis,FL,Post Office or large volume customer,34275,ORL,ORL,ok,yes
34276,Sarasota,FL,Post Office or large volume customer,34231,ORL,ORL,ok,yes
34277,Sarasota,FL,Post Office or large volume customer,34239,ORL,ORL,ok,yes
34280,Bradenton,FL,Post Office or large volume customer,34209,ORL,ORL,ok,yes
34281,Bradenton,FL,Post Office or large volume customer,34207,ORL,ORL,ok,yes
34282,Bradenton,FL,Post Office or large volume customer,34207,ORL,ORL,ok,yes
34284,Venice,FL,Post Office or large volume customer,34285,ORL,ORL,ok,yes
34290,North Port,FL,Post Office or large volume customer,34286,ORL,ORL,ok,yes
34295,Englewood,FL,Post Office or large volume customer,34223,ORL,ORL,ok,yes
34421,Belleview,FL,Post Office or large volume customer,34420,ORL,ORL,ok,yes
34423,Crystal River,FL,Post Office or large volume customer,34429,ORL,ORL,ok,yes
34430,Dunnellon,FL,Post Office or large volume customer,34431,ORL,ORL,ok,yes
34441,Hernando,FL,Post Office or large volume customer,34442,ORL,ORL,ok,yes
34447,Homosassa Springs,FL,Post Office or large volume customer,34446,ORL,ORL,ok,yes
34451,Inverness,FL,Post Office or large volume customer,34453,ORL,ORL,ok,yes
34460,Lecanto,FL,Post Office or large volume customer,34461,ORL,ORL,ok,yes
34464,Beverly Hills,FL,Post Office or large volume customer,34465,ORL,ORL,ok,yes
34477,Ocala,FL,Post Office or large volume customer,34474,ORL,ORL,ok,yes
34478,Ocala,FL,Zip Code Area,34471,ORL,ORL,ok,yes
34483,Ocala,FL,Post Office or large volume customer,34472,ORL,ORL,ok,yes
34489,Silver Springs,FL,Post Office or large volume customer,34488,ORL,ORL,ok,yes
34492,Summerfield,FL,Post Office or large volume customer,34491,ORL,ORL,ok,yes
34603,Brooksville,FL,Post Office or large volume customer,34601,ORL,ORL,ok,yes
34605,Brooksville,FL,Post Office or large volume customer,34601,ORL,ORL,ok,yes
34611,Spring Hill,FL,Post Office or large volume customer,34606,ORL,ORL,ok,yes
34636,Istachatta,FL,Post Office or large volume customer,34601,ORL,ORL,ok,yes
34656,New Port Richey,FL,Post Office or large volume customer,34653,ORL,ORL,ok,yes
34660,Ozona,FL,Post Office or large volume customer,34683,ORL,ORL,ok,yes
34673,Port Richey,FL,Post Office or large volume customer,34668,ORL,ORL,ok,yes
34674,Hudson,FL,Post Office or large volume customer,34667,ORL,ORL,ok,yes
34680,Elfers,FL,Post Office or large volume customer,34652,ORL,ORL,ok,yes
34682,Palm Harbor,FL,Post Office or large volume customer,34683,ORL,ORL,ok,yes
34692,Holiday,FL,Post Office or large volume customer,34690,ORL,ORL,ok,yes
34697,Dunedin,FL,Post Office or large volume customer,34698,ORL,ORL,ok,yes
34712,Clermont,FL,Post Office or large volume customer,34711,ORL,ORL,ok,yes
34713,Clermont,FL,Post Office or large volume customer,34714,ORL,ORL,ok,yes
34740,Killarney,FL,Post Office or large volume customer,34760,ORL,ORL,ok,yes
34742,Kissimmee,FL,Post Office or large volume customer,34741,ORL,ORL,ok,yes
34745,Kissimmee,FL,Post Office or large volume customer,34744,ORL,ORL,ok,yes
34749,Leesburg,FL,Post Office or large volume customer,34748,ORL,ORL,ok,yes
34755,Minneola,FL,Post Office or large volume customer,34715,ORL,ORL,ok,yes
34770,Saint Cloud,FL,Post Office or large volume customer,34769,ORL,ORL,ok,yes
34777,Winter Garden,FL,Post Office or large volume customer,34787,ORL,ORL,ok,yes
34778,Winter Garden,FL,Post Office or large volume customer,34787,ORL,ORL,ok,yes
34789,Leesburg,FL,Post Office or large volume customer,34788,ORL,ORL,ok,yes
34948,Fort Pierce,FL,Post Office or large volume customer,34950,MIA,MIA,ok,yes
34954,Fort Pierce,FL,Post Office or large volume customer,34950,MIA,MIA,ok,yes
34958,Jensen Beach,FL,Post Office or large volume customer,34957,MIA,MIA,ok,yes
34973,Okeechobee,FL,Post Office or large volume customer,34974,MIA,MIA,ok,yes
34979,Fort Pierce,FL,Post Office or large volume customer,34981,MIA,MIA,ok,yes
34985,Port Saint Lucie,FL,Post Office or large volume customer,34952,MIA,MIA,ok,yes
34988,Port Saint Lucie,FL,Zip Code Area,34987,MIA,MIA,ok,yes
34991,Palm City,FL,Post Office or large volume customer,34990,MIA,MIA,ok,yes
34992,Port Salerno,FL,Post Office or large volume customer,34997,MIA,MIA,ok,yes
34995,Stuart,FL,Post Office or large volume customer,34994,MIA,MIA,ok,yes
35011,Alexander City,AL,Post Office or large volume customer,35010,ATL|MEM|NOP,ATL|MEM,ok,no
35015,Alton,AL,Post Office or large volume customer,35210,ATL|MEM|NOP,ATL|MEM,ok,no
35021,Bessemer,AL,Post Office or large volume customer,35020,ATL|MEM|NOP,ATL|MEM,ok,no
35038,Burnwell,AL,Post Office or large volume customer,35130,ATL|MEM|NOP,ATL|MEM,ok,no
35048,Clay,AL,Post Office or large volume customer,35126,ATL|MEM|NOP,ATL|MEM,ok,no
35056,Cullman,AL,Post Office or large volume customer,35055,ATL|MEM|NOP,ATL|MEM,ok,no
35123,Palmerdale,AL,Post Office or large volume customer,35126,ATL|MEM|NOP,ATL|MEM,ok,no
35137,Saginaw,AL,Post Office or large volume customer,35007,ATL|MEM|NOP,ATL|MEM,ok,no
35139,Sayre,AL,Post Office or large volume customer,35073,ATL|MEM|NOP,ATL|MEM,ok,no
35142,Shannon,AL,Post Office or large volume customer,35022,ATL|MEM|NOP,ATL|MEM,ok,no
35144,Siluria,AL,Post Office or large volume customer,35007,ATL|MEM|NOP,ATL|MEM,ok,no
35161,Talladega,AL,Post Office or large volume customer,35160,ATL|MEM|NOP,ATL|MEM,ok,no
35182,Wattsville,AL,Post Office or large volume customer,35131,ATL|MEM|NOP,ATL|MEM,ok,no
35187,Wilton,AL,Post Office or large volume customer,35035,ATL|MEM|NOP,ATL|MEM,ok,no
35201,Birmingham,AL,Post Office or large volume customer,35203,ATL|MEM|NOP,ATL|MEM,ok,no
35202,Birmingham,AL,Post Office or large volume customer,35203,ATL|MEM|NOP,ATL|MEM,ok,no
35219,Birmingham,AL,Post Office or large volume customer,35209,ATL|MEM|NOP,ATL|MEM,ok,no
35220,Birmingham,AL,Post Office or large volume customer,35215,ATL|MEM|NOP,ATL|MEM,ok,no
35231,Birmingham,AL,Post Office or large volume customer,35214,ATL|MEM|NOP,ATL|MEM,ok,no
35232,Birmingham,AL,Post Office or large volume customer,35212,ATL|MEM|NOP,ATL|MEM,ok,no
35236,Birmingham,AL,Post Office or large volume customer,35244,ATL|MEM|NOP,ATL|MEM,ok,no
35237,Birmingham,AL,Post Office or large volume customer,35203,ATL|MEM|NOP,ATL|MEM,ok,no
35238,Birmingham,AL,Post Office or large volume customer,35242,ATL|MEM|NOP,ATL|MEM,ok,no
35246,Birmingham,AL,Post Office or large volume customer,35203,ATL|MEM|NOP,ATL|MEM,ok,no
35253,Birmingham,AL,Post Office or large volume customer,35223,ATL|MEM|NOP,ATL|MEM,ok,no
35255,Birmingham,AL,Post Office or large volume customer,35205,ATL|MEM|NOP,ATL|MEM,ok,no
35259,Birmingham,AL,Post Office or large volume customer,35209,ATL|MEM|NOP,ATL|MEM,ok,no
35260,Birmingham,AL,Post Office or large volume customer,35226,ATL|MEM|NOP,ATL|MEM,ok,no
35261,Birmingham,AL,Post Office or large volume customer,35206,ATL|MEM|NOP,ATL|MEM,ok,no
35266,Birmingham,AL,Post Office or large volume customer,35216,ATL|MEM|NOP,ATL|MEM,ok,no
35270,Birmingham,AL,Post Office or large volume customer,35203,ATL|MEM|NOP,ATL|MEM,ok,no
35282,Birmingham,AL,Post Office or large volume customer,35205,ATL|MEM|NOP,ATL|MEM,ok,no
35283,Birmingham,AL,Post Office or large volume customer,35203,ATL|MEM|NOP,ATL|MEM,ok,no
35285,Birmingham,AL,Post Office or large volume customer,35203,ATL|MEM|NOP,ATL|MEM,ok,no
35287,Birmingham,AL,Post Office or large volume customer,35203,ATL|MEM|NOP,ATL|MEM,ok,no
35288,Birmingham,AL,Post Office or large volume customer,35203,ATL|MEM|NOP,ATL|MEM,ok,no
35290,Birmingham,AL,Post Office or large volume customer,35212,ATL|MEM|NOP,ATL|MEM,ok,no
35291,Birmingham,AL,Post Office or large volume customer,35203,ATL|MEM|NOP,ATL|MEM,ok,no
35292,Birmingham,AL,Post Office or large volume customer,35203,ATL|MEM|NOP,ATL|MEM,ok,no
35293,Birmingham,AL,Post Office or large volume customer,35209,ATL|MEM|NOP,ATL|MEM,ok,no
35294,Birmingham,AL,Post Office or large volume customer,35205,ATL|MEM|NOP,ATL|MEM,ok,no
35295,Birmingham,AL,Post Office or large volume customer,35233,ATL|MEM|NOP,ATL|MEM,ok,no
35296,Birmingham,AL,Post Office or large volume customer,35226,ATL|MEM|NOP,ATL|MEM,ok,no
35297,Birmingham,AL,Post Office or large volume customer,35223,ATL|MEM|NOP,ATL|MEM,ok,no
35298,Birmingham,AL,Post Office or large volume customer,35205,ATL|MEM|NOP,ATL|MEM,ok,no
35402,Tuscaloosa,AL,Post Office or large volume customer,35401,ATL|MEM|NOP,ATL|MEM,ok,no
35403,Tuscaloosa,AL,Post Office or large volume customer,35401,ATL|MEM|NOP,ATL|MEM,ok,no
35407,Tuscaloosa,AL,Post Office or large volume customer,35405,ATL|MEM|NOP,ATL|MEM,ok,no
35440,Abernant,AL,Post Office or large volume customer,35490,ATL|MEM|NOP,ATL|MEM,ok,no
35448,Clinton,AL,Post Office or large volume customer,35462,ATL|MEM|NOP,ATL|MEM,ok,no
35449,Coaling,AL,Post Office or large volume customer,35453,ATL|MEM|NOP,ATL|MEM,ok,no
35471,Mc Shan,AL,Post Office or large volume customer,35461,ATL|MEM|NOP,ATL|MEM,ok,no
35478,Peterson,AL,Post Office or large volume customer,35490,ATL|MEM|NOP,ATL|MEM,ok,no
35482,Samantha,AL,Post Office or large volume customer,35475,ATL|MEM|NOP,ATL|MEM,ok,no
35486,Tuscaloosa,AL,Post Office or large volume customer,35487,ATL|MEM,ATL|MEM,ok,yes
35502,Jasper,AL,Post Office or large volume customer,35501,ATL|MEM|NOP,ATL|MEM,ok,no
35551,Delmar,AL,Post Office or large volume customer,35565,ATL|MEM|NOP,ATL|MEM,ok,no
35560,Goodsprings,AL,Post Office or large volume customer,35580,ATL|MEM|NOP,ATL|MEM,ok,no
35602,Decatur,AL,Post Office or large volume customer,35601,ATL|MEM,ATL|MEM,ok,yes
35609,Decatur,AL,Post Office or large volume customer,35601,ATL|MEM,ATL|MEM,ok,yes
35612,Athens,AL,Post Office or large volume customer,35611,ATL|MEM,ATL|MEM,ok,yes
35617,Cloverdale,AL,Post Office or large volume customer,35633,ATL|MEM,ATL|MEM,ok,yes
35631,Florence,AL,Post Office or large volume customer,35630,ATL|MEM,ATL|MEM,ok,yes
35662,Muscle Shoals,AL,Post Office or large volume customer,35661,ATL|MEM,ATL|MEM,ok,yes
35699,Decatur,AL,Post Office or large volume customer,35601,ATL|MEM,ATL|MEM,ok,yes
35742,Capshaw,AL,Post Office or large volume customer,35749,ATL|MEM,ATL|MEM,ok,yes
35762,Normal,AL,Post Office or large volume customer,35810,ATL|MEM,ATL|MEM,ok,yes
35767,Ryland,AL,Post Office or large volume customer,35811,ATL|MEM,ATL|MEM,ok,yes
35804,Huntsville,AL,Post Office or large volume customer,35801,ATL|MEM,ATL|MEM,ok,yes
35807,Huntsville,AL,Post Office or large volume customer,35805,ATL|MEM,ATL|MEM,ok,yes
35809,Huntsville,AL,Post Office or large volume customer,35808,ATL|MEM,ATL|MEM,ok,yes
35812,Huntsville,AL,Post Office or large volume customer,35808,ATL|MEM,ATL|MEM,ok,yes
35813,Huntsville,AL,Post Office or large volume customer,35824,ATL|MEM,ATL|MEM,ok,yes
35814,Huntsville,AL,Post Office or large volume customer,35816,ATL|MEM,ATL|MEM,ok,yes
35815,Huntsville,AL,Post Office or large volume customer,35802,ATL|MEM,ATL|MEM,ok,yes
35893,Huntsville,AL,Post Office or large volume customer,35805,ATL|MEM,ATL|MEM,ok,yes
35894,Huntsville,AL,Post Office or large volume customer,35824,ATL|MEM,ATL|MEM,ok,yes
35895,Huntsville,AL,Post Office or large volume customer,35801,ATL|MEM,ATL|MEM,ok,yes
35897,Huntsville,AL,Post Office or large volume customer,35808,ATL|MEM,ATL|MEM,ok,yes
35898,Huntsville,AL,Zip Code Area,35808,ATL|MEM,ATL|MEM,ok,yes
35899,Huntsville,AL,Post Office or large volume customer,35816,ATL|MEM,ATL|MEM,ok,yes
35902,Gadsden,AL,Post Office or large volume customer,35901,ATL|MEM|NOP,ATL|MEM,ok,no
35964,Douglas,AL,Post Office or large volume customer,35980,ATL|MEM|NOP,ATL|MEM,ok,no
36015,Chapman,AL,Post Office or large volume customer,36033,ATL|MEM|NOP,ATL|MEM,ok,no
36023,East Tallassee,AL,Post Office or large volume customer,36078,ATL|MEM|NOP,ATL|MEM,ok,no
36045,Kent,AL,Post Office or large volume customer,36078,ATL|MEM|NOP,ATL|MEM,ok,no
36061,Perote,AL,Post Office or large volume customer,36005,ATL|MEM|NOP,ATL|MEM,ok,no
36062,Petrey,AL,Post Office or large volume customer,36049,ATL|MEM|NOP,ATL|MEM,ok,no
36065,Pine Level,AL,Post Office or large volume customer,36069,ATL|MEM|NOP,ATL|MEM,ok,no
36068,Prattville,AL,Post Office or large volume customer,36066,ATL|MEM|NOP,ATL|MEM|NOP,ok,yes
36072,Eufaula,AL,Post Office or large volume customer,36027,ATL|MEM,ATL|MEM,ok,yes
36087,Tuskegee Institute,AL,Post Office or large volume customer,36088,ATL|MEM|NOP,ATL|MEM|NOP,ok,yes
36102,Montgomery,AL,Post Office or large volume customer,36104,ATL|MEM|NOP,ATL|MEM,ok,no
36103,Montgomery,AL,Post Office or large volume customer,36104,ATL|MEM|NOP,ATL|MEM,ok,no
36118,Montgomery,AL,Post Office or large volume customer,36115,ATL|MEM|NOP,ATL|MEM,ok,no
36119,Montgomery,AL,Post Office or large volume customer,36117,ATL|MEM|NOP,ATL|MEM,ok,no
36120,Montgomery,AL,Post Office or large volume customer,36111,ATL|MEM|NOP,ATL|MEM,ok,no
36121,Montgomery,AL,Post Office or large volume customer,36117,ATL|MEM|NOP,ATL|MEM,ok,no
36123,Montgomery,AL,Post Office or large volume customer,36117,ATL|MEM|NOP,ATL|MEM,ok,no
36124,Montgomery,AL,Post Office or large volume customer,36117,ATL|MEM|NOP,ATL|MEM,ok,no
36125,Montgomery,AL,Post Office or large volume customer,36105,ATL|MEM|NOP,ATL|MEM,ok,no
36131,Montgomery,AL,Post Office or large volume customer,36130,ATL|MEM|NOP,ATL|MEM,ok,no
36132,Montgomery,AL,Post Office or large volume customer,36117,ATL|MEM|NOP,ATL|MEM,ok,no
36135,Montgomery,AL,Post Office or large volume customer,36104,ATL|MEM|NOP,ATL|MEM,ok,no
36140,Montgomery,AL,Post Office or large volume customer,36130,ATL|MEM|NOP,ATL|MEM,ok,no
36141,Montgomery,AL,Post Office or large volume customer,36117,ATL|MEM|NOP,ATL|MEM,ok,no
36142,Montgomery,AL,Post Office or large volume customer,36104,ATL|MEM|NOP,ATL|MEM,ok,no
36177,Montgomery,AL,Post Office or large volume customer,36117,ATL|MEM|NOP,ATL|MEM,ok,no
36191,Montgomery,AL,Post Office or large volume customer,36116,ATL|MEM|NOP,ATL|MEM,ok,no
36202,Anniston,AL,Post Office or large volume customer,36201,ATL|NOP,ATL,ok,no
36204,Anniston,AL,Post Office or large volume customer,36201,ATL|NOP,ATL,ok,no
36253,Bynum,AL,Post Office or large volume customer,36260,ATL|NOP,ATL,ok,no
36254,Choccolocco,AL,Post Office or large volume customer,36207,ATL,ATL,ok,yes
36257,De Armanville,AL,Post Office or large volume customer,36207,ATL,ATL,ok,yes
36261,Edwardsville,AL,Post Office or large volume customer,36264,ATL,ATL,ok,yes
36275,Spring Garden,AL,Post Office or large volume customer,35960,ATL,ATL,ok,yes
36302,Dothan,AL,Post Office or large volume customer,36303,ATL|MEM,ATL|MEM,ok,yes
36304,Dothan,AL,Post Office or large volume customer,36303,ATL|MEM,ATL|MEM,ok,yes
36331,Enterprise,AL,Post Office or large volume customer,36330,ATL|MEM,ATL|MEM,ok,yes
36349,Malvern,AL,Zip Code Area,36375,ATL|MEM,ATL|MEM,ok,yes
36361,Ozark,AL,Post Office or large volume customer,36360,ATL|MEM,ATL|MEM,ok,yes
36427,Brewton,AL,Post Office or large volume customer,36426,ATL|MEM|NOP,ATL|MEM,ok,no
36429,Brooklyn,AL,Post Office or large volume customer,36401,ATL|MEM|NOP,ATL|MEM,ok,no
36449,Uriah,AL,Post Office or large volume customer,36502,ATL|MEM|NOP,ATL|MEM,ok,no
36457,Megargel,AL,Post Office or large volume customer,36445,ATL|MEM|NOP,ATL|MEM,ok,no
36458,Mexia,AL,Post Office or large volume customer,36445,ATL|MEM|NOP,ATL|MEM,ok,no
36461,Monroeville,AL,Post Office or large volume customer,36460,ATL|MEM|NOP,ATL|MEM,ok,no
36504,Atmore,AL,Post Office or large volume customer,36502,ATL|MEM|NOP,ATL|MEM,ok,no
36533,Fairhope,AL,Post Office or large volume customer,36532,ATL|MEM|NOP,ATL|MEM,ok,no
36536,Foley,AL,Post Office or large volume customer,36535,ATL|MEM|NOP,ATL|MEM|NOP,ok,yes
36577,Spanish Fort,AL,Post Office or large volume customer,36527,ATL|MEM|NOP,ATL|MEM,ok,no
36590,Theodore,AL,Post Office or large volume customer,36582,ATL|MEM|NOP,ATL|MEM|NOP,ok,yes
36601,Mobile,AL,Post Office or large volume customer,36602,ATL|MEM|NOP,ATL|MEM,ok,no
36616,Mobile,AL,Post Office or large volume customer,36606,ATL|MEM|NOP,ATL|MEM,ok,no
36628,Mobile,AL,Post Office or large volume customer,36602,ATL|MEM|NOP,ATL|MEM,ok,no
36633,Mobile,AL,Post Office or large volume customer,36602,ATL|MEM|NOP,ATL|MEM,ok,no
36640,Mobile,AL,Post Office or large volume customer,36604,ATL|MEM|NOP,ATL|MEM,ok,no
36641,Mobile,AL,Post Office or large volume customer,36602,ATL|MEM|NOP,ATL|MEM,ok,no
36644,Mobile,AL,Post Office or large volume customer,36602,ATL|MEM|NOP,ATL|MEM,ok,no
36660,Mobile,AL,Post Office or large volume customer,36606,ATL|MEM|NOP,ATL|MEM,ok,no
36670,Mobile,AL,Post Office or large volume customer,36607,ATL|MEM|NOP,ATL|MEM|NOP,ok,yes
36671,Mobile,AL,Post Office or large volume customer,36611,ATL|MEM|NOP,ATL|MEM,ok,no
36675,Mobile,AL,Post Office or large volume customer,36619,ATL|MEM|NOP,ATL|MEM,ok,no
36685,Mobile,AL,Post Office or large volume customer,36608,ATL|MEM|NOP,ATL|MEM,ok,no
36689,Mobile,AL,Post Office or large volume customer,36608,ATL|MEM|NOP,ATL|MEM|NOP,ok,yes
36691,Mobile,AL,Post Office or large volume customer,36609,ATL|MEM|NOP,ATL|MEM,ok,no
36702,Selma,AL,Post Office or large volume customer,36701,ATL|MEM|NOP,ATL|MEM,ok,no
36745,Jefferson,AL,Post Office or large volume customer,36732,ATL|MEM|NOP,ATL|MEM,ok,no
36802,Opelika,AL,Post Office or large volume customer,36801,ATL|MEM,ATL|MEM,ok,yes
36803,Opelika,AL,Post Office or large volume customer,36801,ATL|MEM,ATL|MEM,ok,yes
36831,Auburn,AL,Post Office or large volume customer,36830,ATL|MEM|NOP,ATL|MEM,ok,no
36859,Holy Trinity,AL,Post Office or large volume customer,36856,ATL|MEM,ATL|MEM,ok,yes
36868,Phenix City,AL,Post Office or large volume customer,36867,ATL|MEM,ATL|MEM,ok,yes
36872,Valley,AL,Post Office or large volume customer,36854,ATL,ATL|MEM,ok,no
37011,Antioch,TN,Post Office or large volume customer,37013,ATL|MEM,ATL|MEM,ok,yes
37024,Brentwood,TN,Post Office or large volume customer,37027,ATL|MEM,ATL|MEM,ok,yes
37041,Clarksville,TN,Post Office or large volume customer,37040,ATL|MEM,ATL|MEM,ok,yes
37044,Clarksville,TN,Post Office or large volume customer,37040,ATL|MEM,ATL|MEM,ok,yes
37056,Dickson,TN,Post Office or large volume customer,37055,ATL|MEM,ATL|MEM,ok,yes
37063,Fosterville,TN,Post Office or large volume customer,37020,ATL|MEM,ATL|MEM,ok,yes
37065,Franklin,TN,Post Office or large volume customer,37064,ATL|MEM,ATL|MEM,ok,yes
37068,Franklin,TN,Post Office or large volume customer,37064,ATL|MEM,ATL|MEM,ok,yes
37070,Goodlettsville,TN,Post Office or large volume customer,37072,ATL|MEM,ATL|MEM,ok,yes
37071,Gladeville,TN,Post Office or large volume customer,37122,ATL|MEM,ATL|MEM,ok,yes
37077,Hendersonville,TN,Post Office or large volume customer,37075,ATL|MEM,ATL|MEM,ok,yes
37088,Lebanon,TN,Post Office or large volume customer,37087,ATL|MEM,ATL|MEM,ok,yes
37089,La Vergne,TN,Post Office or large volume customer,37086,ATL|MEM,ATL|MEM,ok,yes
37111,McMinnville,TN,Post Office or large volume customer,37110,ATL|MEM,ATL|MEM,ok,yes
37116,Madison,TN,Post Office or large volume customer,37115,ATL|MEM,ATL|MEM,ok,yes
37119,Mitchellville,TN,Post Office or large volume customer,37148,ATL|MEM,ATL|MEM,ok,yes
37121,Mount Juliet,TN,Post Office or large volume customer,37122,ATL|MEM,ATL|MEM,ok,yes
37131,Murfreesboro,TN,Post Office or large volume customer,37130,ATL|MEM,ATL|MEM,ok,yes
37133,Murfreesboro,TN,Post Office or large volume customer,37130,ATL|MEM,ATL|MEM,ok,yes
37136,Norene,TN,Post Office or large volume customer,37184,ATL|MEM,ATL|MEM,ok,yes
37152,Ridgetop,TN,Post Office or large volume customer,37072,ATL|MEM,ATL|MEM,ok,yes
37161,Shelbyville,TN,Post Office or large volume customer,37160,ATL|MEM,ATL|MEM,ok,yes
37162,Shelbyville,TN,Post Office or large volume customer,37160,ATL|MEM,ATL|MEM,ok,yes
37202,Nashville,TN,Post Office or large volume customer,37203,ATL|MEM,ATL|MEM,ok,yes
37222,Nashville,TN,Post Office or large volume customer,37211,ATL|MEM,ATL|MEM,ok,yes
37224,Nashville,TN,Post Office or large volume customer,37210,ATL|MEM,ATL|MEM,ok,yes
37227,Nashville,TN,Post Office or large volume customer,37217,ATL|MEM,ATL|MEM,ok,yes
37229,Nashville,TN,Post Office or large volume customer,37214,ATL|MEM,ATL|MEM,ok,yes
37230,Nashville,TN,Post Office or large volume customer,37203,ATL|MEM,ATL|MEM,ok,yes
37234,Nashville,TN,Post Office or large volume customer,37203,ATL|MEM,ATL|MEM,ok,yes
37235,Nashville,TN,Post Office or large volume customer,37212,ATL|MEM,ATL|MEM,ok,yes
37236,Nashville,TN,Post Office or large volume customer,37203,ATL|MEM,ATL|MEM,ok,yes
37240,Nashville,TN,Zip Code Area,37212,ATL|MEM,ATL|MEM,ok,yes
37241,Nashville,TN,Post Office or large volume customer,37214,ATL|MEM,ATL|MEM,ok,yes
37242,Nashville,TN,Post Office or large volume customer,37219,ATL|MEM,ATL|MEM,ok,yes
37243,Nashville,TN,Zip Code Area,37203,ATL|MEM,ATL|MEM,ok,yes
37244,Nashville,TN,Post Office or large volume customer,37219,ATL|MEM,ATL|MEM,ok,yes
37246,Nashville,TN,Post Office or large volume customer,37203,ATL|MEM,ATL|MEM,ok,yes
37250,Nashville,TN,Post Office or large volume customer,37214,ATL|MEM,ATL|MEM,ok,yes
37304,Bakewell,TN,Post Office or large volume customer,37373,ATL|MEM,ATL|MEM,ok,yes
37314,Coker Creek,TN,Post Office or large volume customer,37385,ATL|MEM,ATL|MEM,ok,yes
37320,Cleveland,TN,Post Office or large volume customer,37311,ATL|MEM,ATL|MEM,ok,yes
37349,Manchester,TN,Post Office or large volume customer,37355,ATL|MEM,ATL|MEM,ok,yes
37364,Cleveland,TN,Post Office or large volume customer,37311,ATL|MEM,ATL|MEM,ok,yes
37371,Athens,TN,Post Office or large volume customer,37303,ATL|MEM,ATL|MEM,ok,yes
37378,Smartt,TN,Post Office or large volume customer,37110,ATL|MEM,ATL|MEM,ok,yes
37382,Summitville,TN,Post Office or large volume customer,37357,ATL|MEM,ATL|MEM,ok,yes
37384,Soddy Daisy,TN,Post Office or large volume customer,37379,ATL|MEM,ATL|MEM,ok,yes
37389,Arnold AFB,TN,Post Office or large volume customer,37355,ATL|MEM,ATL|MEM,ok,yes
37401,Chattanooga,TN,Post Office or large volume customer,37402,ATL|MEM,ATL|MEM,ok,yes
37414,Chattanooga,TN,Post Office or large volume customer,37411,ATL|MEM,ATL|MEM,ok,yes
37422,Chattanooga,TN,Post Office or large volume customer,37421,ATL|MEM,ATL|MEM,ok,yes
37424,Chattanooga,TN,Post Office or large volume customer,37421,ATL|MEM,ATL|MEM,ok,yes
37501,Memphis,TN,Post Office or large volume customer,38118,MEM,MEM,ok,yes
37544,Memphis,TN,Post Office or large volume customer,38126,MEM,MEM,ok,yes
37602,Johnson City,TN,Post Office or large volume customer,37604,ATL|MEM,ATL|MEM,ok,yes
37605,Johnson City,TN,Post Office or large volume customer,37601,ATL|MEM,ATL|MEM,ok,yes
37621,Bristol,TN,Post Office or large volume customer,37620,ATL|MEM,ATL|MEM,ok,yes
37625,Bristol,TN,Post Office or large volume customer,37620,ATL|MEM,ATL|MEM,ok,yes
37644,Elizabethton,TN,Post Office or large volume customer,37643,ATL|MEM,ATL|MEM,ok,yes
37662,Kingsport,TN,Post Office or large volume customer,37660,ATL|MEM,ATL|MEM,ok,yes
37669,Kingsport,TN,Post Office or large volume customer,37660,ATL|MEM,ATL|MEM,ok,yes
37684,Mountain Home,TN,Post Office or large volume customer,37604,ATL|MEM,ATL|MEM,ok,yes
37699,Piney Flats,TN,Post Office or large volume customer,37686,ATL|MEM,ATL|MEM,ok,yes
37707,Arthur,TN,Post Office or large volume customer,37724,ATL|MEM,ATL|MEM,ok,yes
37717,Clinton,TN,Post Office or large volume customer,37716,ATL|MEM,ATL|MEM,ok,yes
37744,Greeneville,TN,Post Office or large volume customer,37743,ATL|MEM,ATL|MEM,ok,yes
37773,Lone Mountain,TN,Post Office or large volume customer,37825,ATL|MEM,ATL|MEM,ok,yes
37778,Lowland,TN,Zip Code Area,37813,ATL|MEM,ATL|MEM,ok,yes
37802,Maryville,TN,Post Office or large volume customer,37801,ATL|MEM,ATL|MEM,ok,yes
37815,Morristown,TN,Post Office or large volume customer,37813,ATL|MEM,ATL|MEM,ok,yes
37816,Morristown,TN,Post Office or large volume customer,37814,ATL|MEM,ATL|MEM,ok,yes
37822,Newport,TN,Post Office or large volume customer,37821,ATL|MEM,ATL|MEM,ok,yes
37824,New Tazewell,TN,Post Office or large volume customer,37825,ATL|MEM,ATL|MEM,ok,yes
37831,Oak Ridge,TN,Post Office or large volume customer,37830,ATL|MEM,ATL|MEM,ok,yes
37864,Sevierville,TN,Post Office or large volume customer,37862,ATL|MEM,ATL|MEM,ok,yes
37867,Shawanee,TN,Post Office or large volume customer,37752,ATL|MEM,ATL|MEM,ok,yes
37868,Pigeon Forge,TN,Post Office or large volume customer,37863,ATL|MEM,ATL|MEM,ok,yes
37901,Knoxville,TN,Post Office or large volume customer,37902,ATL|MEM,ATL|MEM,ok,yes
37927,Knoxville,TN,Post Office or large volume customer,37917,ATL|MEM,ATL|MEM,ok,yes
37928,Knoxville,TN,Post Office or large volume customer,37918,ATL|MEM,ATL|MEM,ok,yes
37930,Knoxville,TN,Post Office or large volume customer,37923,ATL|MEM,ATL|MEM,ok,yes
37933,Knoxville,TN,Post Office or large volume customer,37934,ATL|MEM,ATL|MEM,ok,yes
37939,Knoxville,TN,Post Office or large volume customer,37919,ATL|MEM,ATL|MEM,ok,yes
37940,Knoxville,TN,Post Office or large volume customer,37920,ATL|MEM,ATL|MEM,ok,yes
37950,Knoxville,TN,Post Office or large volume customer,37909,ATL|MEM,ATL|MEM,ok,yes
37995,Knoxville,TN,Post Office or large volume customer,37909,ATL|MEM,ATL|MEM,ok,yes
37996,Knoxville,TN,Zip Code Area,37916,ATL|MEM,ATL|MEM,ok,yes
37997,Knoxville,TN,Post Office or large volume customer,37915,ATL|MEM,ATL|MEM,ok,yes
37998,Knoxville,TN,Zip Code Area,37920,ATL|MEM,ATL|MEM,ok,yes
38010,Braden,TN,Post Office or large volume customer,38068,MEM,MEM,ok,yes
38014,Brunswick,TN,Post Office or large volume customer,38002,MEM,MEM,ok,yes
38025,Dyersburg,TN,Post Office or large volume customer,38024,MEM,MEM,ok,yes
38027,Collierville,TN,Post Office or large volume customer,38017,MEM,MEM,ok,yes
38045,Laconia,TN,Post Office or large volume customer,38068,MEM,MEM,ok,yes
38048,Macon,TN,Post Office or large volume customer,38060,MEM,MEM,ok,yes
38055,Millington,TN,Post Office or large volume customer,38053,MEM,MEM,ok,yes
38071,Tipton,TN,Post Office or large volume customer,38004,MEM,MEM,ok,yes
38083,Millington,TN,Post Office or large volume customer,38053,MEM,MEM,ok,yes
38088,Cordova,TN,Post Office or large volume customer,38018,MEM,MEM,ok,yes
38101,Memphis,TN,Post Office or large volume customer,38126,MEM,MEM,ok,yes
38124,Memphis,TN,Post Office or large volume customer,38117,MEM,MEM,ok,yes
38130,Memphis,TN,Post Office or large volume customer,38116,MEM,MEM,ok,yes
38136,Memphis,TN,Post Office or large volume customer,38106,MEM,MEM,ok,yes
38137,Memphis,TN,Post Office or large volume customer,38117,MEM,MEM,ok,yes
38145,Memphis,TN,Post Office or large volume customer,38103,MEM,MEM,ok,yes
38148,Memphis,TN,Post Office or large volume customer,38103,MEM,MEM,ok,yes
38150,Memphis,TN,Post Office or large volume customer,38126,MEM,MEM,ok,yes
38151,Memphis,TN,Post Office or large volume customer,38112,MEM,MEM,ok,yes
38157,Memphis,TN,Post Office or large volume customer,38117,MEM,MEM,ok,yes
38159,Memphis,TN,Post Office or large volume customer,38103,MEM,MEM,ok,yes
38161,Memphis,TN,Post Office or large volume customer,38120,MEM,MEM,ok,yes
38163,Memphis,TN,Post Office or large volume customer,38103,MEM,MEM,ok,yes
38166,Memphis,TN,Post Office or large volume customer,38120,MEM,MEM,ok,yes
38167,Memphis,TN,Post Office or large volume customer,38127,MEM,MEM,ok,yes
38168,Memphis,TN,Post Office or large volume customer,38128,MEM,MEM,ok,yes
38173,Memphis,TN,Post Office or large volume customer,38103,MEM,MEM,ok,yes
38174,Memphis,TN,Post Office or large volume customer,38104,MEM,MEM,ok,yes
38175,Memphis,TN,Post Office or large volume customer,38115,MEM,MEM,ok,yes
38177,Memphis,TN,Post Office or large volume customer,38117,MEM,MEM,ok,yes
38181,Memphis,TN,Post Office or large volume customer,38118,MEM,MEM,ok,yes
38182,Memphis,TN,Post Office or large volume customer,38108,MEM,MEM,ok,yes
38183,Germantown,TN,Post Office or large volume customer,38138,MEM,MEM,ok,yes
38184,Memphis,TN,Post Office or large volume customer,38134,MEM,MEM,ok,yes
38186,Memphis,TN,Post Office or large volume customer,38116,MEM,MEM,ok,yes
38187,Memphis,TN,Post Office or large volume customer,38119,MEM,MEM,ok,yes
38188,Memphis,TN,Post Office or large volume customer,38120,MEM,MEM,ok,yes
38190,Memphis,TN,Post Office or large volume customer,38109,MEM,MEM,ok,yes
38193,Memphis,TN,Post Office or large volume customer,38115,MEM,MEM,ok,yes
38194,Memphis,TN,Post Office or large volume customer,38131,MEM,MEM,ok,yes
38197,Memphis,TN,Post Office or large volume customer,38120,MEM,MEM,ok,yes
38223,Como,TN,Post Office or large volume customer,38242,ATL|MEM,ATL|MEM,ok,yes
38238,Martin,TN,Zip Code Area,38237,ATL|MEM,ATL|MEM,ok,yes
38271,Woodland Mills,TN,Post Office or large volume customer,38261,ATL|MEM,ATL|MEM,ok,yes
38281,Union City,TN,Post Office or large volume customer,38261,ATL|MEM,ATL|MEM,ok,yes
38302,Jackson,TN,Post Office or large volume customer,38301,ATL|MEM,ATL|MEM,ok,yes
38303,Jackson,TN,Post Office or large volume customer,38301,ATL|MEM,ATL|MEM,ok,yes
38308,Jackson,TN,Post Office or large volume customer,38305,ATL|MEM,ATL|MEM,ok,yes
38314,Jackson,TN,Post Office or large volume customer,38301,ATL|MEM,ATL|MEM,ok,yes
38324,Clarksburg,TN,Post Office or large volume customer,38390,ATL|MEM,ATL|MEM,ok,yes
38331,Eaton,TN,Post Office or large volume customer,38382,ATL|MEM,ATL|MEM,ok,yes
38336,Fruitvale,TN,Post Office or large volume customer,38337,MEM,ATL|MEM,ok,no
38346,Idlewild,TN,Post Office or large volume customer,38316,ATL|MEM,ATL|MEM,ok,yes
38377,Silerton,TN,Post Office or large volume customer,38356,MEM,ATL|MEM,ok,no
38378,Spring Creek,TN,Post Office or large volume customer,38355,ATL|MEM,ATL|MEM,ok,yes
38393,Chewalla,TN,Post Office or large volume customer,38367,ATL|MEM,ATL|MEM,ok,yes
38402,Columbia,TN,Post Office or large volume customer,38401,ATL|MEM,ATL|MEM,ok,yes
38502,Cookeville,TN,Post Office or large volume customer,38501,ATL|MEM,ATL|MEM,ok,yes
38557,Crossville,TN,Post Office or large volume customer,38555,ATL|MEM,ATL|MEM,ok,yes
38602,Arkabutla,MS,Post Office or large volume customer,38618,MEM,MEM,ok,yes
38609,Marks,MS,Post Office or large volume customer,38646,MEM,MEM,ok,yes
38628,Sledge,MS,Post Office or large volume customer,38670,MEM,MEM,ok,yes
38630,Farrell,MS,Post Office or large volume customer,38614,MEM,MEM,ok,yes
38634,Holly Springs,MS,Post Office or large volume customer,38635,MEM,MEM,ok,yes
38638,Independence,MS,Post Office or large volume customer,38668,MEM,MEM,ok,yes
38649,Mount Pleasant,MS,Post Office or large volume customer,38635,MEM,MEM,ok,yes
38669,Sherard,MS,Post Office or large volume customer,38614,MEM,MEM,ok,yes
38675,Oxford,MS,Post Office or large volume customer,38655,MEM,MEM,ok,yes
38679,Victoria,MS,Post Office or large volume customer,38611,MEM,MEM,ok,yes
38686,Walls,MS,Post Office or large volume customer,38680,MEM,MEM,ok,yes
38702,Greenville,MS,Post Office or large volume customer,38701,ATL|MEM,ATL|MEM,ok,yes
38704,Greenville,MS,Post Office or large volume customer,38701,ATL|MEM,ATL|MEM,ok,yes
38739,Dublin,MS,Post Office or large volume customer,38614,MEM,ATL|MEM,ok,no
38749,Indianola,MS,Post Office or large volume customer,38751,ATL|MEM,ATL|MEM,ok,yes
38780,Wayside,MS,Zip Code Area,38701,ATL|MEM,ATL|MEM,ok,yes
38782,Winterville,MS,Post Office or large volume customer,38703,ATL|MEM,ATL|MEM,ok,yes
38802,Tupelo,MS,Post Office or large volume customer,38804,ATL|MEM,ATL|MEM,ok,yes
38803,Tupelo,MS,Post Office or large volume customer,38801,ATL|MEM,ATL|MEM,ok,yes
38820,Algoma,MS,Post Office or large volume customer,38863,ATL|MEM,ATL|MEM,ok,yes
38825,Becker,MS,Post Office or large volume customer,38821,ATL|MEM,ATL|MEM,ok,yes
38835,Corinth,MS,Post Office or large volume customer,38834,ATL|MEM,ATL|MEM,ok,yes
38874,Toccopola,MS,Post Office or large volume customer,38871,MEM,ATL|MEM,ok,no
38875,Trebloc,MS,Post Office or large volume customer,38851,ATL|MEM,ATL|MEM,ok,yes
38877,Van Vleet,MS,Post Office or large volume customer,38851,ATL|MEM,ATL|MEM,ok,yes
38880,Wheeler,MS,Post Office or large volume customer,38829,ATL|MEM,ATL|MEM,ok,yes
38902,Grenada,MS,Post Office or large volume customer,38901,ATL|MEM,ATL|MEM,ok,yes
38926,Elliott,MS,Post Office or large volume customer,38901,ATL|MEM,ATL|MEM,ok,yes
38935,Greenwood,MS,Post Office or large volume customer,38930,ATL|MEM,ATL|MEM,ok,yes
38945,Greenwood,MS,Post Office or large volume customer,38930,ATL|MEM,ATL|MEM,ok,yes
38955,Slate Spring,MS,Post Office or large volume customer,38916,ATL|MEM,ATL|MEM,ok,yes
38958,Swan Lake,MS,Post Office or large volume customer,38928,ATL|MEM,ATL|MEM,ok,yes
38959,Swiftown,MS,Post Office or large volume customer,39038,ATL|MEM|NOP,ATL|MEM,ok,no
38960,Tie Plant,MS,Post Office or large volume customer,38901,ATL|MEM,ATL|MEM,ok,yes
39043,Brandon,MS,Post Office or large volume customer,39042,ATL|MEM|NOP,ATL|MEM|NOP,ok,yes
39060,Clinton,MS,Post Office or large volume customer,39056,ATL|MEM|NOP,ATL|MEM|NOP,ok,yes
39077,Gallman,MS,Post Office or large volume customer,39059,ATL|MEM|NOP,ATL|MEM|NOP,ok,yes
39080,Harperville,MS,Post Office or large volume customer,39074,ATL|MEM|NOP,ATL|MEM|NOP,ok,yes
39081,Fayette,MS,Post Office or large volume customer,39069,ATL|MEM|NOP,ATL|MEM|NOP,ok,yes
39087,Hillsboro,MS,Post Office or large volume customer,39117,ATL|MEM|NOP,ATL|MEM|NOP,ok,yes
39098,Ludlow,MS,Post Office or large volume customer,39117,ATL|MEM|NOP,ATL|MEM|NOP,ok,yes
39107,Mc Adams,MS,Post Office or large volume customer,39160,ATL|MEM|NOP,ATL|MEM|NOP,ok,yes
39109,Madden,MS,Post Office or large volume customer,39051,ATL|MEM|NOP,ATL|MEM|NOP,ok,yes
39121,Natchez,MS,Post Office or large volume customer,39120,ATL|MEM|NOP,ATL|MEM|NOP,ok,yes
39122,Natchez,MS,Post Office or large volume customer,39120,ATL|MEM|NOP,ATL|MEM|NOP,ok,yes
39130,Madison,MS,Post Office or large volume customer,39110,ATL|MEM|NOP,ATL|MEM|NOP,ok,yes
39151,Puckett,MS,Post Office or large volume customer,39042,ATL|MEM|NOP,ATL|MEM|NOP,ok,yes
39158,Ridgeland,MS,Post Office or large volume customer,39157,ATL|MEM|NOP,ATL|MEM|NOP,ok,yes
39161,Sandhill,MS,Post Office or large volume customer,39047,ATL|MEM|NOP,ATL|MEM|NOP,ok,yes
39163,Sharon,MS,Post Office or large volume customer,39046,ATL|MEM|NOP,ATL|MEM|NOP,ok,yes
39165,Sibley,MS,Post Office or large volume customer,39120,ATL|MEM|NOP,ATL|MEM|NOP,ok,yes
39171,Thomastown,MS,Post Office or large volume customer,39090,ATL|MEM|NOP,ATL|MEM|NOP,ok,yes
39181,Vicksburg,MS,Post Office or large volume customer,39180,ATL|MEM|NOP,ATL|MEM|NOP,ok,yes
39182,Vicksburg,MS,Post Office or large volume customer,39180,ATL|MEM|NOP,ATL|MEM|NOP,ok,yes
39190,Washington,MS,Post Office or large volume customer,39120,ATL|MEM|NOP,ATL|MEM|NOP,ok,yes
39205,Jackson,MS,Post Office or large volume customer,39201,ATL|MEM|NOP,ATL|MEM|NOP,ok,yes
39207,Jackson,MS,Post Office or large volume customer,39201,ATL|MEM|NOP,ATL|MEM|NOP,ok,yes
39215,Jackson,MS,Post Office or large volume customer,39201,ATL|MEM|NOP,ATL|MEM|NOP,ok,yes
39225,Jackson,MS,Post Office or large volume customer,39201,ATL|MEM|NOP,ATL|MEM|NOP,ok,yes
39236,Jackson,MS,Post Office or large volume customer,39211,ATL|MEM|NOP,ATL|MEM|NOP,ok,yes
39250,Jackson,MS,Post Office or large volume customer,39201,ATL|MEM|NOP,ATL|MEM|NOP,ok,yes
39271,Jackson,MS,Post Office or large volume customer,39201,ATL|MEM|NOP,ATL|MEM|NOP,ok,yes
39282,Jackson,MS,Post Office or large volume customer,39212,ATL|MEM|NOP,ATL|MEM|NOP,ok,yes
39283,Jackson,MS,Post Office or large volume customer,39213,ATL|MEM|NOP,ATL|MEM|NOP,ok,yes
39284,Jackson,MS,Post Office or large volume customer,39204,ATL|MEM|NOP,ATL|MEM|NOP,ok,yes
39286,Jackson,MS,Post Office or large volume customer,39206,ATL|MEM|NOP,ATL|MEM|NOP,ok,yes
39288,Pearl,MS,Post Office or large volume customer,39208,ATL|MEM|NOP,ATL|MEM|NOP,ok,yes
39289,Jackson,MS,Post Office or large volume customer,39209,ATL|MEM|NOP,ATL|MEM|NOP,ok,yes
39296,Jackson,MS,Post Office or large volume customer,39216,ATL|MEM|NOP,ATL|MEM|NOP,ok,yes
39298,Jackson,MS,Post Office or large volume customer,39232,ATL|MEM|NOP,ATL|MEM|NOP,ok,yes
39302,Meridian,MS,Post Office or large volume customer,39301,ATL|MEM|NOP,ATL|MEM|NOP,ok,yes
39303,Meridian,MS,Post Office or large volume customer,39301,ATL|MEM|NOP,ATL|MEM|NOP,ok,yes
39304,Meridian,MS,Post Office or large volume customer,39307,ATL|MEM|NOP,ATL|MEM|NOP,ok,yes
39403,Hattiesburg,MS,Post Office or large volume customer,39401,ATL|MEM|NOP,ATL|MEM|NOP,ok,yes
39404,Hattiesburg,MS,Post Office or large volume customer,39402,ATL|MEM|NOP,ATL|MEM|NOP,ok,yes
39407,Hattiesburg,MS,Post Office or large volume customer,39401,ATL|MEM|NOP,ATL|MEM|NOP,ok,yes
39436,Eastabuchie,MS,Post Office or large volume customer,39459,ATL|MEM|NOP,ATL|MEM|NOP,ok,yes
39441,Laurel,MS,Post Office or large volume customer,39440,ATL|MEM|NOP,ATL|MEM|NOP,ok,yes
39442,Laurel,MS,Post Office or large volume customer,39440,ATL|MEM|NOP,ATL|MEM|NOP,ok,yes
39457,Mc Neill,MS,Post Office or large volume customer,39426,NOP,ATL|MEM|NOP,ok,no
39460,Moss,MS,Post Office or large volume customer,39481,ATL|MEM|NOP,ATL|MEM|NOP,ok,yes
39463,Nicholson,MS,Post Office or large volume customer,39466,NOP,ATL|MEM,ok,no
39502,Gulfport,MS,Post Office or large volume customer,39501,NOP,NOP,ok,yes
39505,Gulfport,MS,Post Office or large volume customer,39503,NOP,NOP,ok,yes
39506,Gulfport,MS,Post Office or large volume customer,39507,NOP,NOP,ok,yes
39521,Bay Saint Louis,MS,Post Office or large volume customer,39520,NOP,,ok,no
39522,Stennis Space Center,MS,Post Office or large volume customer,39529,NOP,,ok,no
39533,Biloxi,MS,Post Office or large volume customer,39530,NOP,NOP,ok,yes
39535,Biloxi,MS,Post Office or large volume customer,39531,NOP,NOP,ok,yes
39552,Escatawpa,MS,Post Office or large volume customer,39563,NOP,NOP,ok,yes
39555,Hurley,MS,Post Office or large volume customer,39562,NOP,NOP,ok,yes
39558,Lakeshore,MS,Post Office or large volume customer,39520,NOP,,ok,no
39566,Ocean Springs,MS,Post Office or large volume customer,39564,NOP,NOP,ok,yes
39568,Pascagoula,MS,Post Office or large volume customer,39567,NOP,NOP,ok,yes
39569,Pascagoula,MS,Post Office or large volume customer,39567,NOP,NOP,ok,yes
39602,Brookhaven,MS,Post Office or large volume customer,39601,ATL|MEM|NOP,ATL|MEM|NOP,ok,yes
39603,Brookhaven,MS,Post Office or large volume customer,39601,ATL|MEM|NOP,ATL|MEM|NOP,ok,yes
39632,Chatawa,MS,Post Office or large volume customer,39652,ATL|MEM|NOP,ATL|MEM|NOP,ok,yes
39649,McComb,MS,Post Office or large volume customer,39648,ATL|MEM|NOP,ATL|MEM|NOP,ok,yes
39703,Columbus,MS,Post Office or large volume customer,39701,ATL|MEM,ATL|MEM,ok,yes
39704,Columbus,MS,Post Office or large volume customer,39702,ATL|MEM,ATL|MEM,ok,yes
39710,Columbus,MS,Zip Code Area,39705,ATL|MEM,ATL|MEM,ok,yes
39754,Montpelier,MS,Post Office or large volume customer,39773,ATL|MEM,ATL|MEM,ok,yes
39760,Starkville,MS,Post Office or large volume customer,39759,ATL|MEM,ATL|MEM,ok,yes
39818,Bainbridge,GA,Post Office or large volume customer,39817,ATL,ATL,ok,yes
39829,Calvary,GA,Post Office or large volume customer,39897,ATL,ATL,ok,yes
39852,Fowlstown,GA,Post Office or large volume customer,39819,ATL,ATL,ok,yes
39901,Atlanta,GA,Post Office or large volume customer,30341,ATL,ATL,ok,yes
40018,Eastwood,KY,Post Office or large volume customer,40245,CLE|IND|MEM,CLE|IND|MEM,ok,yes
40027,Harrods Creek,KY,Post Office or large volume customer,40059,CLE|IND|MEM,CLE|IND|MEM,ok,yes
40032,La Grange,KY,Post Office or large volume customer,40031,CLE|IND|MEM,CLE|IND|MEM,ok,yes
40048,Nazareth,KY,Post Office or large volume customer,40004,CLE|IND|MEM,CLE|IND|MEM,ok,yes
40066,Shelbyville,KY,Post Office or large volume customer,40065,CLE|IND|MEM,CLE|IND|MEM,ok,yes
40122,Fort Knox,KY,Post Office or large volume customer,40121,CLE|IND|MEM,CLE|IND|MEM,ok,yes
40129,Hillview,KY,Post Office or large volume customer,40229,CLE|IND|MEM,CLE|IND|MEM,ok,yes
40153,Mc Quady,KY,Post Office or large volume customer,40119,CLE|IND|MEM,CLE|IND|MEM,ok,yes
40159,Radcliff,KY,Post Office or large volume customer,40160,CLE|IND|MEM,CLE|IND|MEM,ok,yes
40166,Shepherdsville,KY,Post Office or large volume customer,40165,CLE|IND|MEM,CLE|IND|MEM,ok,yes
40201,Louisville,KY,Post Office or large volume customer,40203,CLE|IND|MEM,CLE|IND|MEM,ok,yes
40224,Louisville,KY,Post Office or large volume customer,40223,CLE|IND|MEM,CLE|IND|MEM,ok,yes
40225,Louisville,KY,Post Office or large volume customer,40218,CLE|IND|MEM,CLE|IND|MEM,ok,yes
40232,Louisville,KY,Post Office or large volume customer,40231,CLE|IND|MEM,CLE|IND|MEM,ok,yes
40233,Louisville,KY,Post Office or large volume customer,40231,CLE|IND|MEM,CLE|IND|MEM,ok,yes
40250,Louisville,KY,Post Office or large volume customer,40220,CLE|IND|MEM,CLE|IND|MEM,ok,yes
40251,Louisville,KY,Post Office or large volume customer,40211,CLE|IND|MEM,CLE|IND|MEM,ok,yes
40252,Louisville,KY,Post Office or large volume customer,40222,CLE|IND|MEM,CLE|IND|MEM,ok,yes
40253,Louisville,KY,Post Office or large volume customer,40243,CLE|IND|MEM,CLE|IND|MEM,ok,yes
40255,Louisville,KY,Post Office or large volume customer,40205,CLE|IND|MEM,CLE|IND|MEM,ok,yes
40256,Louisville,KY,Post Office or large volume customer,40216,CLE|IND|MEM,CLE|IND|MEM,ok,yes
40257,Louisville,KY,Post Office or large volume customer,40207,CLE|IND|MEM,CLE|IND|MEM,ok,yes
40259,Louisville,KY,Post Office or large volume customer,40219,CLE|IND|MEM,CLE|IND|MEM,ok,yes
40261,Louisville,KY,Post Office or large volume customer,40205,CLE|IND|MEM,CLE|IND|MEM,ok,yes
40266,Louisville,KY,Post Office or large volume customer,40258,CLE|IND|MEM,CLE|IND|MEM,ok,yes
40268,Louisville,KY,Post Office or large volume customer,40258,CLE|IND|MEM,CLE|IND|MEM,ok,yes
40269,Louisville,KY,Post Office or large volume customer,40299,CLE|IND|MEM,CLE|IND|MEM,ok,yes
40270,Louisville,KY,Post Office or large volume customer,40202,CLE|IND|MEM,CLE|IND|MEM,ok,yes
40281,Louisville,KY,Post Office or large volume customer,40258,CLE|IND|MEM,CLE|IND|MEM,ok,yes
40282,Louisville,KY,Post Office or large volume customer,40258,CLE|IND|MEM,CLE|IND|MEM,ok,yes
40283,Louisville,KY,Post Office or large volume customer,40258,CLE|IND|MEM,CLE|IND|MEM,ok,yes
40285,Louisville,KY,Post Office or large volume customer,40213,CLE|IND|MEM,CLE|IND|MEM,ok,yes
40287,Louisville,KY,Post Office or large volume customer,40231,CLE|IND|MEM,CLE|IND|MEM,ok,yes
40289,Louisville,KY,Post Office or large volume customer,40213,CLE|IND|MEM,CLE|IND|MEM,ok,yes
40290,Louisville,KY,Post Office or large volume customer,40213,CLE|IND|MEM,CLE|IND|MEM,ok,yes
40292,Louisville,KY,Zip Code Area,40208,CLE|IND|MEM,CLE|IND|MEM,ok,yes
40293,Louisville,KY,Post Office or large volume customer,40231,CLE|IND|MEM,CLE|IND|MEM,ok,yes
40294,Louisville,KY,Post Office or large volume customer,40231,CLE|IND|MEM,CLE|IND|MEM,ok,yes
40295,Louisville,KY,Post Office or large volume customer,40231,CLE|IND|MEM,CLE|IND|MEM,ok,yes
40296,Louisville,KY,Post Office or large volume customer,40213,CLE|IND|MEM,CLE|IND|MEM,ok,yes
40297,Louisville,KY,Post Office or large volume customer,40202,CLE|IND|MEM,CLE|IND|MEM,ok,yes
40298,Louisville,KY,Post Office or large volume customer,40218,CLE|IND|MEM,CLE|IND|MEM,ok,yes
40317,Elliottville,KY,Post Office or large volume customer,40351,CLE|IND|MEM,CLE|IND|MEM,ok,yes
40319,Farmers,KY,Post Office or large volume customer,40351,CLE|IND|MEM,CLE|IND|MEM,ok,yes
40340,Nicholasville,KY,Post Office or large volume customer,40356,CLE|IND|MEM,CLE|IND|MEM,ok,yes
40362,Paris,KY,Post Office or large volume customer,40361,CLE|IND|MEM,CLE|IND|MEM,ok,yes
40384,Versailles,KY,Post Office or large volume customer,40383,CLE|IND|MEM,CLE|IND|MEM,ok,yes
40392,Winchester,KY,Post Office or large volume customer,40391,CLE|IND|MEM,CLE|IND|MEM,ok,yes
40405,Bighill,KY,Post Office or large volume customer,40403,CLE|IND|MEM,CLE|IND|MEM,ok,yes
40410,Bryantsville,KY,Post Office or large volume customer,40444,CLE|IND|MEM,CLE|IND|MEM,ok,yes
40423,Danville,KY,Post Office or large volume customer,40422,CLE|IND|MEM,CLE|IND|MEM,ok,yes
40452,Mitchellsburg,KY,Post Office or large volume customer,40464,CLE|IND|MEM,CLE|IND|MEM,ok,yes
40473,Renfro Valley,KY,Post Office or large volume customer,40456,CLE|IND|MEM,CLE|IND|MEM,ok,yes
40476,Richmond,KY,Post Office or large volume customer,40475,CLE|IND|MEM,CLE|IND|MEM,ok,yes
40488,Waneta,KY,Post Office or large volume customer,40447,CLE|IND|MEM,CLE|IND|MEM,ok,yes
40492,Wildie,KY,Post Office or large volume customer,40456,CLE|IND|MEM,CLE|IND|MEM,ok,yes
40506,Lexington,KY,Zip Code Area,40508,CLE|IND|MEM,CLE|IND|MEM,ok,yes
40512,Lexington,KY,Post Office or large volume customer,40511,CLE|IND|MEM,CLE|IND|MEM,ok,yes
40522,Lexington,KY,Post Office or large volume customer,40502,CLE|IND|MEM,CLE|IND|MEM,ok,yes
40523,Lexington,KY,Post Office or large volume customer,40517,CLE|IND|MEM,CLE|IND|MEM,ok,yes
40524,Lexington,KY,Post Office or large volume customer,40517,CLE|IND|MEM,CLE|IND|MEM,ok,yes
40533,Lexington,KY,Post Office or large volume customer,40504,CLE|IND|MEM,CLE|IND|MEM,ok,yes
40544,Lexington,KY,Post Office or large volume customer,40504,CLE|IND|MEM,CLE|IND|MEM,ok,yes
40546,Lexington,KY,Post Office or large volume customer,40508,CLE|IND|MEM,CLE|IND|MEM,ok,yes
40550,Lexington,KY,Post Office or large volume customer,40511,CLE|IND|MEM,CLE|IND|MEM,ok,yes
40555,Lexington,KY,Post Office or large volume customer,40505,CLE|IND|MEM,CLE|IND|MEM,ok,yes
40574,Lexington,KY,Post Office or large volume customer,40511,CLE|IND|MEM,CLE|IND|MEM,ok,yes
40575,Lexington,KY,Post Office or large volume customer,40511,CLE|IND|MEM,CLE|IND|MEM,ok,yes
40576,Lexington,KY,Post Office or large volume customer,40511,CLE|IND|MEM,CLE|IND|MEM,ok,yes
40577,Lexington,KY,Post Office or large volume customer,40511,CLE|IND|MEM,CLE|IND|MEM,ok,yes
40578,Lexington,KY,Post Office or large volume customer,40511,CLE|IND|MEM,CLE|IND|MEM,ok,yes
40579,Lexington,KY,Post Office or large volume customer,40511,CLE|IND|MEM,CLE|IND|MEM,ok,yes
40580,Lexington,KY,Post Office or large volume customer,40511,CLE|IND|MEM,CLE|IND|MEM,ok,yes
40581,Lexington,KY,Post Office or large volume customer,40511,CLE|IND|MEM,CLE|IND|MEM,ok,yes
40582,Lexington,KY,Post Office or large volume customer,40511,CLE|IND|MEM,CLE|IND|MEM,ok,yes
40583,Lexington,KY,Post Office or large volume customer,40511,CLE|IND|MEM,CLE|IND|MEM,ok,yes
40588,Lexington,KY,Post Office or large volume customer,40508,CLE|IND|MEM,CLE|IND|MEM,ok,yes
40591,Lexington,KY,Post Office or large volume customer,40513,CLE|IND|MEM,CLE|IND|MEM,ok,yes
40598,Lexington,KY,Post Office or large volume customer,40511,CLE|IND|MEM,CLE|IND|MEM,ok,yes
40602,Frankfort,KY,Post Office or large volume customer,40601,CLE|IND|MEM,CLE|IND|MEM,ok,yes
40603,Frankfort,KY,Post Office or large volume customer,40601,CLE|IND|MEM,CLE|IND|MEM,ok,yes
40604,Frankfort,KY,Post Office or large volume customer,40601,CLE|IND|MEM,CLE|IND|MEM,ok,yes
40618,Frankfort,KY,Post Office or large volume customer,40601,CLE|IND|MEM,CLE|IND|MEM,ok,yes
40619,Frankfort,KY,Post Office or large volume customer,40601,CLE|IND|MEM,CLE|IND|MEM,ok,yes
40620,Frankfort,KY,Post Office or large volume customer,40601,CLE|IND|MEM,CLE|IND|MEM,ok,yes
40621,Frankfort,KY,Post Office or large volume customer,40601,CLE|IND|MEM,CLE|IND|MEM,ok,yes
40622,Frankfort,KY,Post Office or large volume customer,40601,CLE|IND|MEM,CLE|IND|MEM,ok,yes
40702,Corbin,KY,Post Office or large volume customer,40701,CLE|IND|MEM,CLE|IND|MEM,ok,yes
40724,Bush,KY,Post Office or large volume customer,40741,CLE|IND|MEM,CLE|IND|MEM,ok,yes
40730,Emlyn,KY,Post Office or large volume customer,40769,CLE|IND|MEM,CLE|IND|MEM,ok,yes
40742,London,KY,Post Office or large volume customer,40741,CLE|IND|MEM,CLE|IND|MEM,ok,yes
40743,London,KY,Post Office or large volume customer,40741,CLE|IND|MEM,CLE|IND|MEM,ok,yes
40745,London,KY,Post Office or large volume customer,40741,CLE|IND|MEM,CLE|IND|MEM,ok,yes
40750,London,KY,Post Office or large volume customer,40741,CLE|IND|MEM,,ok,no
40755,Pittsburg,KY,Post Office or large volume customer,40741,CLE|IND|MEM,CLE|IND|MEM,ok,yes
40930,DeWitt,KY,Zip Code Area,40939,CLE|IND|MEM,CLE|IND|MEM,ok,yes
40932,Fall Rock,KY,Post Office or large volume customer,40962,CLE|IND|MEM,CLE|IND|MEM,ok,yes
40944,Goose Rock,KY,Post Office or large volume customer,40962,CLE|IND|MEM,CLE|IND|MEM,ok,yes
40951,Hima,KY,Post Office or large volume customer,40962,CLE|IND|MEM,CLE|IND|MEM,ok,yes
40955,Ingram,KY,Post Office or large volume customer,40977,CLE|IND|MEM,CLE|IND|MEM,ok,yes
41012,Covington,KY,Post Office or large volume customer,41011,CLE|IND|MEM,CLE|IND|MEM,ok,yes
41019,Covington,KY,Post Office or large volume customer,41011,CLE|IND|MEM,CLE|IND|MEM,ok,yes
41021,Hebron,KY,Post Office or large volume customer,41048,CLE|IND|MEM,,http 404,
41022,Florence,KY,Post Office or large volume customer,41042,CLE|IND|MEM,CLE|IND|MEM,ok,yes
41025,Erlanger,KY,Post Office or large volume customer,41048,CLE|IND|MEM,,http 404,
41037,Elizaville,KY,Post Office or large volume customer,41039,CLE|IND|MEM,CLE|IND|MEM,ok,yes
41053,Kenton,KY,Post Office or large volume customer,41063,CLE|IND|MEM,CLE|IND|MEM,ok,yes
41054,Mason,KY,Post Office or large volume customer,41097,CLE|IND|MEM,CLE|IND|MEM,ok,yes
41061,Milford,KY,Post Office or large volume customer,41064,CLE|IND|MEM,CLE|IND|MEM,ok,yes
41062,Minerva,KY,Post Office or large volume customer,41034,CLE|IND|MEM,CLE|IND|MEM,ok,yes
41072,Newport,KY,Post Office or large volume customer,41071,CLE|IND|MEM,CLE|IND|MEM,ok,yes
41081,Plummers Landing,KY,Post Office or large volume customer,41093,CLE|IND|MEM,CLE|IND|MEM,ok,yes
41096,Washington,KY,Post Office or large volume customer,41056,CLE|IND|MEM,CLE|IND|MEM,ok,yes
41099,Newport,KY,Zip Code Area,41076,CLE|IND|MEM,CLE|IND|MEM,ok,yes
41105,Ashland,KY,Post Office or large volume customer,41101,CLE|IND|MEM,CLE|IND|MEM,ok,yes
41114,Ashland,KY,Post Office or large volume customer,41101,CLE|IND|MEM,CLE|IND|MEM,ok,yes
41128,Carter,KY,Post Office or large volume customer,41164,CLE|IND|MEM,CLE|IND|MEM,ok,yes
41160,Mazie,KY,Zip Code Area,41159,CLE|IND|MEM,CLE|IND|MEM,ok,yes
41173,Soldier,KY,Post Office or large volume customer,41164,CLE|IND|MEM,CLE|IND|MEM,ok,yes
41347,Lone,KY,Post Office or large volume customer,41311,CLE|IND|MEM,CLE|IND|MEM,ok,yes
41368,Saint Helens,KY,Post Office or large volume customer,41311,CLE|IND|MEM,CLE|IND|MEM,ok,yes
41413,Crockett,KY,Post Office or large volume customer,41472,CLE|IND|MEM,CLE|IND|MEM,ok,yes
41426,Falcon,KY,Post Office or large volume customer,41465,CLE|IND|MEM,CLE|IND|MEM,ok,yes
41451,Malone,KY,Post Office or large volume customer,41472,CLE|IND|MEM,CLE|IND|MEM,ok,yes
41477,Wrigley,KY,Post Office or large volume customer,41472,CLE|IND|MEM,CLE|IND|MEM,ok,yes
41502,Pikeville,KY,Post Office or large volume customer,41501,CLE|IND|MEM,CLE|IND|MEM,ok,yes
41520,Dorton,KY,Post Office or large volume customer,41537,CLE|IND|MEM,CLE|IND|MEM,ok,yes
41542,Lookout,KY,Post Office or large volume customer,41522,CLE|IND|MEM,CLE|IND|MEM,ok,yes
41549,Myra,KY,Post Office or large volume customer,41537,CLE|IND|MEM,CLE|IND|MEM,ok,yes
41561,Rockhouse,KY,Post Office or large volume customer,41522,CLE|IND|MEM,CLE|IND|MEM,ok,yes
41702,Hazard,KY,Post Office or large volume customer,41701,CLE|IND|MEM,CLE|IND|MEM,ok,yes
41736,Dice,KY,Zip Code Area,41701,CLE|IND|MEM,CLE|IND|MEM,ok,yes
41743,Fisty,KY,Zip Code Area,41701,CLE|IND|MEM,CLE|IND|MEM,ok,yes
42002,Paducah,KY,Post Office or large volume customer,42001,CLE|IND|MEM,CLE|IND|MEM,ok,yes
42033,Crayne,KY,Post Office or large volume customer,42064,CLE|IND|MEM,CLE|IND|MEM,ok,yes
42063,Lynnville,KY,Post Office or large volume customer,42079,CLE|IND|MEM,CLE|IND|MEM,ok,yes
42070,Milburn,KY,Post Office or large volume customer,42021,CLE|IND|MEM,CLE|IND|MEM,ok,yes
42102,Bowling Green,KY,Post Office or large volume customer,42101,CLE|IND|MEM,CLE|IND|MEM,ok,yes
42128,Bowling Green,KY,Post Office or large volume customer,42104,CLE|IND|MEM,CLE|IND|MEM,ok,yes
42135,Franklin,KY,Post Office or large volume customer,42134,CLE|IND|MEM,CLE|IND|MEM,ok,yes
42142,Glasgow,KY,Post Office or large volume customer,42141,CLE|IND|MEM,CLE|IND|MEM,ok,yes
42152,Hiseville,KY,Post Office or large volume customer,42141,CLE|IND|MEM,CLE|IND|MEM,ok,yes
42201,Aberdeen,KY,Post Office or large volume customer,42261,CLE|IND|MEM,CLE|IND|MEM,ok,yes
42216,Clifty,KY,Post Office or large volume customer,42220,CLE|IND|MEM,CLE|IND|MEM,ok,yes
42219,Dunbar,KY,Post Office or large volume customer,42261,CLE|IND|MEM,CLE|IND|MEM,ok,yes
42221,Fairview,KY,Post Office or large volume customer,42266,CLE|IND|MEM,CLE|IND|MEM,ok,yes
42241,Hopkinsville,KY,Post Office or large volume customer,42240,CLE|IND|MEM,CLE|IND|MEM,ok,yes
42288,Woodbury,KY,Post Office or large volume customer,42261,CLE|IND|MEM,CLE|IND|MEM,ok,yes
42302,Owensboro,KY,Post Office or large volume customer,42303,CLE|IND|MEM,CLE|IND|MEM,ok,yes
42304,Owensboro,KY,Post Office or large volume customer,42301,CLE|IND|MEM,CLE|IND|MEM,ok,yes
42334,Curdsville,KY,Post Office or large volume customer,42301,CLE|IND|MEM,CLE|IND|MEM,ok,yes
42364,Hawesville,KY,Post Office or large volume customer,42348,CLE|IND|MEM,CLE|IND|MEM,ok,yes
42377,West Louisville,KY,Post Office or large volume customer,42301,CLE|IND|MEM,CLE|IND|MEM,ok,yes
42402,Baskett,KY,Post Office or large volume customer,42420,CLE|IND|MEM,CLE|IND|MEM,ok,yes
42419,Henderson,KY,Post Office or large volume customer,42420,CLE|IND|MEM,CLE|IND|MEM,ok,yes
42457,Smith Mills,KY,Post Office or large volume customer,42420,CLE|IND|MEM,CLE|IND|MEM,ok,yes
42460,Sullivan,KY,Post Office or large volume customer,42459,CLE|IND|MEM,CLE|IND|MEM,ok,yes
42502,Somerset,KY,Post Office or large volume customer,42501,CLE|IND|MEM,CLE|IND|MEM,ok,yes
42558,Tateville,KY,Post Office or large volume customer,42519,CLE|IND|MEM,CLE|IND|MEM,ok,yes
42564,West Somerset,KY,Post Office or large volume customer,42501,CLE|IND|MEM,CLE|IND|MEM,ok,yes
42702,Elizabethtown,KY,Post Office or large volume customer,42701,CLE|IND|MEM,CLE|IND|MEM,ok,yes
42719,Campbellsville,KY,Post Office or large volume customer,42718,CLE|IND|MEM,CLE|IND|MEM,ok,yes
42720,Cane Valley,KY,Post Office or large volume customer,42728,CLE|IND|MEM,CLE|IND|MEM,ok,yes
42755,Leitchfield,KY,Post Office or large volume customer,42754,CLE|IND|MEM,CLE|IND|MEM,ok,yes
43041,Marysville,OH,Post Office or large volume customer,43040,CLE,CLE,ok,yes
43048,Mount Liberty,OH,Post Office or large volume customer,43050,CLE,CLE,ok,yes
43058,Newark,OH,Post Office or large volume customer,43055,CLE,CLE,ok,yes
43069,Reynoldsburg,OH,Post Office or large volume customer,43068,CLE,CLE,ok,yes
43073,Summit Station,OH,Post Office or large volume customer,43062,CLE,CLE,ok,yes
43083,Westville,OH,Post Office or large volume customer,43078,CLE,CLE,ok,yes
43086,Westerville,OH,Post Office or large volume customer,43082,CLE,CLE,ok,yes
43093,Newark,OH,Post Office or large volume customer,43055,CLE,CLE,ok,yes
43194,Lockbourne,OH,Post Office or large volume customer,43137,CLE,CLE,ok,yes
43195,Groveport,OH,Post Office or large volume customer,43125,CLE,CLE,ok,yes
43199,Groveport,OH,Post Office or large volume customer,43125,CLE,CLE,ok,yes
43216,Columbus,OH,Post Office or large volume customer,43215,CLE,CLE,ok,yes
43226,Columbus,OH,Post Office or large volume customer,43229,CLE,CLE,ok,yes
43234,Columbus,OH,Post Office or large volume customer,43235,CLE,CLE,ok,yes
43236,Columbus,OH,Post Office or large volume customer,43218,CLE,CLE,ok,yes
43251,Columbus,OH,Post Office or large volume customer,43222,CLE,CLE,ok,yes
43260,Columbus,OH,Post Office or large volume customer,43215,CLE,CLE,ok,yes
43266,Columbus,OH,Post Office or large volume customer,43215,CLE,CLE,ok,yes
43268,Columbus,OH,Post Office or large volume customer,43215,CLE,CLE,ok,yes
43270,Columbus,OH,Post Office or large volume customer,43215,CLE,CLE,ok,yes
43271,Columbus,OH,Post Office or large volume customer,43215,CLE,CLE,ok,yes
43272,Columbus,OH,Post Office or large volume customer,43215,CLE,CLE,ok,yes
43279,Columbus,OH,Post Office or large volume customer,43215,CLE,CLE,ok,yes
43287,Columbus,OH,Post Office or large volume customer,43215,CLE,CLE,ok,yes
43291,Columbus,OH,Post Office or large volume customer,43228,CLE,CLE,ok,yes
43301,Marion,OH,Post Office or large volume customer,43302,CLE,CLE|DET,ok,no
43335,Martel,OH,Post Office or large volume customer,43314,CLE,CLE|DET,ok,no
43349,Shauck,OH,Post Office or large volume customer,43338,CLE,CLE,ok,yes
43441,Lemoyne,OH,Post Office or large volume customer,43551,CLE|DET,CLE|DET,ok,yes
43550,Okolona,OH,Post Office or large volume customer,43545,CLE|DET,CLE|DET,ok,yes
43552,Perrysburg,OH,Post Office or large volume customer,43551,CLE|DET,CLE|DET,ok,yes
43601,Toledo,OH,Post Office or large volume customer,43604,CLE|DET,CLE|DET,ok,yes
43603,Toledo,OH,Post Office or large volume customer,43604,CLE|DET,CLE|DET,ok,yes
43635,Toledo,OH,Post Office or large volume customer,43615,CLE|DET,CLE|DET,ok,yes
43652,Toledo,OH,Post Office or large volume customer,43604,CLE|DET,CLE|DET,ok,yes
43654,Toledo,OH,Post Office or large volume customer,43619,CLE|DET,CLE|DET,ok,yes
43656,Toledo,OH,Post Office or large volume customer,43623,CLE|DET,CLE|DET,ok,yes
43657,Toledo,OH,Post Office or large volume customer,43610,CLE|DET,CLE|DET,ok,yes
43659,Toledo,OH,Post Office or large volume customer,43604,CLE|DET,CLE|DET,ok,yes
43660,Toledo,OH,Post Office or large volume customer,43604,CLE|DET,CLE|DET,ok,yes
43661,Toledo,OH,Post Office or large volume customer,43607,CLE|DET,CLE|DET,ok,yes
43666,Toledo,OH,Post Office or large volume customer,43604,CLE|DET,CLE|DET,ok,yes
43667,Toledo,OH,Post Office or large volume customer,43604,CLE|DET,CLE|DET,ok,yes
43681,Toledo,OH,Post Office or large volume customer,43604,CLE|DET,CLE|DET,ok,yes
43682,Toledo,OH,Post Office or large volume customer,43604,CLE|DET,CLE|DET,ok,yes
43697,Toledo,OH,Post Office or large volume customer,43604,CLE|DET,CLE|DET,ok,yes
43699,Toledo,OH,Post Office or large volume customer,43604,CLE|DET,CLE|DET,ok,yes
43702,Zanesville,OH,Post Office or large volume customer,43701,CLE,CLE,ok,yes
43752,Laings,OH,Post Office or large volume customer,43793,CLE,CLE,ok,yes
43757,Malaga,OH,Zip Code Area,43747,CLE,CLE,ok,yes
43803,Bakersville,OH,Post Office or large volume customer,43832,CLE,CLE,ok,yes
43828,Keene,OH,Post Office or large volume customer,43812,CLE,CLE,ok,yes
43916,Colerain,OH,Post Office or large volume customer,43912,CLE,CLE,ok,yes
43927,Fairpoint,OH,Post Office or large volume customer,43950,CLE,CLE,ok,yes
43937,Maynard,OH,Post Office or large volume customer,43912,CLE,CLE,ok,yes
43941,Piney Fork,OH,Post Office or large volume customer,43917,CLE,CLE,ok,yes
43970,Wolf Run,OH,Post Office or large volume customer,43903,CLE,CLE,ok,yes
43984,New Rumley,OH,Post Office or large volume customer,43986,CLE,CLE,ok,yes
44005,Ashtabula,OH,Post Office or large volume customer,44004,CLE,CLE,ok,yes
44033,East Claridon,OH,Post Office or large volume customer,44024,CLE,CLE,ok,yes
44036,Elyria,OH,Post Office or large volume customer,44035,CLE,CLE,ok,yes
44061,Mentor,OH,Post Office or large volume customer,44060,CLE,CLE,ok,yes
44073,Novelty,OH,Post Office or large volume customer,44072,CLE,CLE,ok,yes
44088,Unionville,OH,Post Office or large volume customer,44041,CLE,CLE,ok,yes
44096,Willoughby,OH,Post Office or large volume customer,44094,CLE,CLE,ok,yes
44097,Eastlake,OH,Post Office or large volume customer,44095,CLE,CLE,ok,yes
44181,Cleveland,OH,Post Office or large volume customer,44135,CLE,CLE,ok,yes
44188,Cleveland,OH,Post Office or large volume customer,44115,CLE,CLE,ok,yes
44190,Cleveland,OH,Post Office or large volume customer,44106,CLE,CLE,ok,yes
44191,Cleveland,OH,Post Office or large volume customer,44113,CLE,CLE,ok,yes
44192,Cleveland,OH,Post Office or large volume customer,44115,CLE,CLE,ok,yes
44193,Cleveland,OH,Post Office or large volume customer,44113,CLE,CLE,ok,yes
44194,Cleveland,OH,Post Office or large volume customer,44114,CLE,CLE,ok,yes
44195,Cleveland,OH,Post Office or large volume customer,44106,CLE,CLE,ok,yes
44197,Cleveland,OH,Post Office or large volume customer,44101,CLE,CLE,ok,yes
44198,Cleveland,OH,Post Office or large volume customer,44115,CLE,CLE,ok,yes
44199,Cleveland,OH,Post Office or large volume customer,44114,CLE,CLE,ok,yes
44210,Bath,OH,Post Office or large volume customer,44333,CLE,CLE,ok,yes
44211,Brady Lake,OH,Post Office or large volume customer,44240,CLE,CLE,ok,yes
44222,Cuyahoga Falls,OH,Post Office or large volume customer,44221,CLE,CLE,ok,yes
44237,Hudson,OH,Post Office or large volume customer,44236,CLE,CLE,ok,yes
44242,Kent,OH,Post Office or large volume customer,44240,CLE,CLE,ok,yes
44258,Medina,OH,Post Office or large volume customer,44256,CLE,CLE,ok,yes
44265,Randolph,OH,Post Office or large volume customer,44201,CLE,CLE,ok,yes
44282,Wadsworth,OH,Post Office or large volume customer,44281,CLE,CLE,ok,yes
44309,Akron,OH,Post Office or large volume customer,44311,CLE,CLE,ok,yes
44315,Akron,OH,Post Office or large volume customer,44306,CLE,CLE,ok,yes
44316,Akron,OH,Post Office or large volume customer,44306,CLE,CLE,ok,yes
44317,Akron,OH,Post Office or large volume customer,44301,CLE,CLE,ok,yes
44326,Akron,OH,Post Office or large volume customer,44308,CLE,CLE,ok,yes
44328,Akron,OH,Post Office or large volume customer,44308,CLE,CLE,ok,yes
44334,Fairlawn,OH,Post Office or large volume customer,44313,CLE,CLE,ok,yes
44372,Akron,OH,Post Office or large volume customer,44311,CLE,CLE,ok,yes
44396,Akron,OH,Post Office or large volume customer,44311,CLE,CLE,ok,yes
44398,Akron,OH,Post Office or large volume customer,44311,CLE,CLE,ok,yes
44416,Ellsworth,OH,Post Office or large volume customer,44451,CLE,CLE,ok,yes
44422,Greenford,OH,Post Office or large volume customer,44406,CLE,CLE,ok,yes
44453,Orangeville,OH,Post Office or large volume customer,44404,CLE,CLE,ok,yes
44482,Warren,OH,Post Office or large volume customer,44481,CLE,CLE,ok,yes
44486,Warren,OH,Post Office or large volume customer,44481,CLE,CLE,ok,yes
44492,West Point,OH,Post Office or large volume customer,44432,CLE,CLE,ok,yes
44501,Youngstown,OH,Post Office or large volume customer,44503,CLE,CLE,ok,yes
44513,Youngstown,OH,Post Office or large volume customer,44512,CLE,CLE,ok,yes
44617,Charm,OH,Post Office or large volume customer,44654,CLE,CLE,ok,yes
44636,Kidron,OH,Post Office or large volume customer,44618,CLE,CLE,ok,yes
44648,Massillon,OH,Post Office or large volume customer,44646,CLE,CLE,ok,yes
44650,Maximo,OH,Post Office or large volume customer,44601,CLE,CLE,ok,yes
44679,Stillwater,OH,Post Office or large volume customer,44683,CLE,CLE,ok,yes
44701,Canton,OH,Post Office or large volume customer,44709,CLE,CLE,ok,yes
44711,Canton,OH,Post Office or large volume customer,44709,CLE,CLE,ok,yes
44735,Canton,OH,Post Office or large volume customer,44718,CLE,CLE,ok,yes
44750,Canton,OH,Post Office or large volume customer,44710,CLE,CLE,ok,yes
44767,Canton,OH,Post Office or large volume customer,44720,CLE,CLE,ok,yes
44799,Canton,OH,Post Office or large volume customer,44709,CLE,CLE,ok,yes
44816,Birmingham,OH,Post Office or large volume customer,44889,CLE,CLE,ok,yes
44845,Melmore,OH,Post Office or large volume customer,44883,CLE,CLE,ok,yes
44848,Nankin,OH,Post Office or large volume customer,44805,CLE,CLE,ok,yes
44860,Oceola,OH,Post Office or large volume customer,44849,CLE,CLE,ok,yes
44862,Ontario,OH,Post Office or large volume customer,44903,CLE,CLE,ok,yes
44871,Sandusky,OH,Post Office or large volume customer,44870,CLE,CLE,ok,yes
44888,Willard,OH,Post Office or large volume customer,44890,CLE,CLE,ok,yes
45004,Collinsville,OH,Post Office or large volume customer,45013,,CLE,ok,no
45012,Hamilton,OH,Post Office or large volume customer,45011,CLE,CLE,ok,yes
45018,Fairfield,OH,Post Office or large volume customer,45014,CLE,CLE,ok,yes
45061,Ross,OH,Post Office or large volume customer,45013,,CLE,ok,no
45063,Shandon,OH,Post Office or large volume customer,45013,,CLE,ok,no
45071,West Chester,OH,Post Office or large volume customer,45069,CLE,CLE,ok,yes
45114,Cuba,OH,Post Office or large volume customer,45177,CLE,CLE,ok,yes
45201,Cincinnati,OH,Post Office or large volume customer,45202,CLE,CLE,ok,yes
45221,Cincinnati,OH,Post Office or large volume customer,45219,CLE,CLE,ok,yes
45222,Cincinnati,OH,Post Office or large volume customer,45237,CLE,CLE,ok,yes
45234,Cincinnati,OH,Post Office or large volume customer,45214,CLE,CLE,ok,yes
45235,Cincinnati,OH,Post Office or large volume customer,45069,CLE,CLE,ok,yes
45250,Cincinnati,OH,Post Office or large volume customer,45214,CLE,CLE,ok,yes
45253,Cincinnati,OH,Post Office or large volume customer,45251,CLE,CLE,ok,yes
45254,Cincinnati,OH,Post Office or large volume customer,45255,CLE,CLE,ok,yes
45258,Cincinnati,OH,Post Office or large volume customer,45248,CLE,CLE,ok,yes
45262,Cincinnati,OH,Post Office or large volume customer,45241,CLE,CLE,ok,yes
45263,Cincinnati,OH,Post Office or large volume customer,45202,CLE,CLE,ok,yes
45264,Cincinnati,OH,Post Office or large volume customer,45203,CLE,CLE,ok,yes
45268,Cincinnati,OH,Post Office or large volume customer,45220,CLE,CLE,ok,yes
45269,Cincinnati,OH,Post Office or large volume customer,45225,CLE,CLE,ok,yes
45270,Cincinnati,OH,Post Office or large volume customer,45203,CLE,CLE,ok,yes
45271,Cincinnati,OH,Post Office or large volume customer,45225,CLE,CLE,ok,yes
45273,Cincinnati,OH,Post Office or large volume customer,45214,CLE,CLE,ok,yes
45274,Cincinnati,OH,Post Office or large volume customer,45225,CLE,CLE,ok,yes
45275,Cincinnati,KY,Zip Code Area,41048,CLE|IND|MEM,CLE,ok,no
45277,Cincinnati,KY,Post Office or large volume customer,45209,CLE,CLE,ok,yes
45280,Cincinnati,OH,Post Office or large volume customer,45214,CLE,CLE,ok,yes
45296,Cincinnati,OH,Post Office or large volume customer,45203,CLE,CLE,ok,yes
45298,Cincinnati,KY,Post Office or large volume customer,45202,CLE,CLE,ok,yes
45299,Cincinnati,OH,Post Office or large volume customer,45202,CLE,CLE,ok,yes
45343,Miamisburg,OH,Post Office or large volume customer,45342,CLE,CLE,ok,yes
45367,Sidney,OH,Post Office or large volume customer,45365,CLE,CLE,ok,yes
45374,Troy,OH,Post Office or large volume customer,45373,CLE,CLE,ok,yes
45401,Dayton,OH,Post Office or large volume customer,45402,CLE,CLE,ok,yes
45412,Dayton,OH,Post Office or large volume customer,45402,CLE,CLE,ok,yes
45413,Dayton,OH,Post Office or large volume customer,45414,CLE,CLE,ok,yes
45422,Dayton,OH,Post Office or large volume customer,45402,CLE,CLE,ok,yes
45437,Dayton,OH,Post Office or large volume customer,45431,CLE,CLE,ok,yes
45441,Dayton,OH,Post Office or large volume customer,45459,CLE,CLE,ok,yes
45448,Dayton,OH,Post Office or large volume customer,45342,CLE,CLE,ok,yes
45470,Dayton,OH,Post Office or large volume customer,45342,CLE,CLE,ok,yes
45475,Dayton,OH,Post Office or large volume customer,45459,CLE,CLE,ok,yes
45479,Dayton,OH,Post Office or large volume customer,45409,CLE,CLE,ok,yes
45481,Dayton,OH,Post Office or large volume customer,45430,CLE,CLE,ok,yes
45482,Dayton,OH,Post Office or large volume customer,45402,CLE,CLE,ok,yes
45490,Dayton,OH,Post Office or large volume customer,45414,CLE,CLE,ok,yes
45633,Hallsville,OH,Post Office or large volume customer,45644,CLE,CLE,ok,yes
45643,Kerr,OH,Post Office or large volume customer,45614,CLE,CLE,ok,yes
45675,Rock Camp,OH,Zip Code Area,45638,CLE,CLE,ok,yes
45683,Stockdale,OH,Post Office or large volume customer,45613,CLE,CLE,ok,yes
45687,Wakefield,OH,Post Office or large volume customer,45661,CLE,CLE,ok,yes
45712,Barlow,OH,Post Office or large volume customer,45784,CLE,CLE,ok,yes
45713,Bartlett,OH,Post Office or large volume customer,45724,CLE,CLE,ok,yes
45717,Carbondale,OH,Post Office or large volume customer,45764,CLE,CLE,ok,yes
45777,Sharpsburg,OH,Post Office or large volume customer,45711,CLE,CLE,ok,yes
45787,Watertown,OH,Post Office or large volume customer,45786,CLE,CLE,ok,yes
45802,Lima,OH,Post Office or large volume customer,45801,CLE,CLE,ok,yes
45837,Dupont,OH,Post Office or large volume customer,45831,CLE|DET,CLE|DET,ok,yes
45839,Findlay,OH,Post Office or large volume customer,45840,CLE|DET,CLE|DET,ok,yes
45999,Cincinnati,KY,Post Office or large volume customer,41011,CLE|IND|MEM,,http 404,
46014,Anderson,IN,Post Office or large volume customer,46011,IND,IND,ok,yes
46015,Anderson,IN,Post Office or large volume customer,46016,IND,IND,ok,yes
46018,Anderson,IN,Post Office or large volume customer,46011,IND,IND,ok,yes
46061,Noblesville,IN,Post Office or large volume customer,46060,IND,IND,ok,yes
46067,Sedalia,IN,Post Office or large volume customer,46041,IND,IND,ok,yes
46082,Carmel,IN,Post Office or large volume customer,46032,IND,IND,ok,yes
46085,Fishers,IN,Post Office or large volume customer,46038,IND,IND,ok,yes
46129,Finly,IN,Post Office or large volume customer,46130,IND,IND,ok,yes
46207,Indianapolis,IN,Post Office or large volume customer,46206,IND,IND,ok,yes
46209,Indianapolis,IN,Post Office or large volume customer,46225,IND,IND,ok,yes
46213,Indianapolis,IN,Post Office or large volume customer,46202,IND,IND,ok,yes
46230,Indianapolis,IN,Post Office or large volume customer,46220,IND,IND,ok,yes
46242,Indianapolis,IN,Post Office or large volume customer,46241,IND,IND,ok,yes
46244,Indianapolis,IN,Post Office or large volume customer,46204,IND,IND,ok,yes
46247,Indianapolis,IN,Post Office or large volume customer,46227,IND,IND,ok,yes
46249,Indianapolis,IN,Post Office or large volume customer,46216,IND,IND,ok,yes
46251,Indianapolis,IN,Post Office or large volume customer,46241,IND,IND,ok,yes
46253,Indianapolis,IN,Post Office or large volume customer,46254,IND,IND,ok,yes
46255,Indianapolis,IN,Post Office or large volume customer,46204,IND,IND,ok,yes
46262,Indianapolis,IN,Post Office or large volume customer,46204,IND,IND,ok,yes
46277,Indianapolis,IN,Post Office or large volume customer,46204,IND,IND,ok,yes
46282,Indianapolis,IN,Post Office or large volume customer,46204,IND,IND,ok,yes
46283,Indianapolis,IN,Post Office or large volume customer,46201,IND,IND,ok,yes
46285,Indianapolis,IN,Post Office or large volume customer,46221,IND,IND,ok,yes
46288,Indianapolis,IN,Post Office or large volume customer,46204,IND,,http 404,
46298,Indianapolis,IN,Post Office or large volume customer,46268,IND,IND,ok,yes
46308,Crown Point,IN,Post Office or large volume customer,46307,CHI,,ok,no
46325,Hammond,IN,Post Office or large volume customer,46320,CHI,,ok,no
46352,La Porte,IN,Post Office or large volume customer,46350,CHI,,ok,no
46355,Leroy,IN,Post Office or large volume customer,46307,CHI,,http 404,
46361,Michigan City,IN,Post Office or large volume customer,46360,CHI,,ok,no
46372,Roselawn,IN,Post Office or large volume customer,46310,CHI,,http 404,
46380,Tefft,IN,Post Office or large volume customer,46392,CHI,,http 404,
46384,Valparaiso,IN,Post Office or large volume customer,46383,CHI,,ok,no
46401,Gary,IN,Post Office or large volume customer,46402,CHI,,ok,no
46411,Merrillville,IN,Post Office or large volume customer,46410,CHI,,http 404,
46515,Elkhart,IN,Post Office or large volume customer,46516,CHI,CHI,ok,yes
46527,Goshen,IN,Post Office or large volume customer,46526,CHI,CHI,ok,yes
46546,Mishawaka,IN,Post Office or large volume customer,46544,,CHI,ok,no
46581,Warsaw,IN,Post Office or large volume customer,46580,CHI,CHI,ok,yes
46626,South Bend,IN,Post Office or large volume customer,46601,,,http 404,
46634,South Bend,IN,Post Office or large volume customer,46601,,,ok,yes
46660,South Bend,IN,Post Office or large volume customer,46615,,,ok,yes
46680,South Bend,IN,Post Office or large volume customer,46614,,,http 404,
46699,South Bend,IN,Post Office or large volume customer,46601,,,http 404,
46713,Bippus,IN,Post Office or large volume customer,46750,IND,IND,ok,yes
46769,Linn Grove,IN,Post Office or large volume customer,46711,IND,IND,ok,yes
46780,Pleasant Mills,IN,Post Office or large volume customer,46733,CHI|IND,CHI|IND,ok,yes
46782,Preble,IN,Post Office or large volume customer,46733,CHI|IND,CHI|IND,ok,yes
46801,Fort Wayne,IN,Post Office or large volume customer,46802,CHI|IND,CHI|IND,ok,yes
46850,Fort Wayne,IN,Post Office or large volume customer,46802,CHI|IND,CHI|IND,ok,yes
46851,Fort Wayne,IN,Post Office or large volume customer,46802,CHI|IND,CHI|IND,ok,yes
46852,Fort Wayne,IN,Post Office or large volume customer,46802,CHI|IND,CHI|IND,ok,yes
46853,Fort Wayne,IN,Post Office or large volume customer,46802,CHI|IND,CHI|IND,ok,yes
46854,Fort Wayne,IN,Post Office or large volume customer,46802,CHI|IND,CHI|IND,ok,yes
46855,Fort Wayne,IN,Post Office or large volume customer,46802,CHI|IND,CHI|IND,ok,yes
46856,Fort Wayne,IN,Post Office or large volume customer,46802,CHI|IND,CHI|IND,ok,yes
46857,Fort Wayne,IN,Post Office or large volume customer,46802,CHI|IND,CHI|IND,ok,yes
46858,Fort Wayne,IN,Post Office or large volume customer,46802,CHI|IND,CHI|IND,ok,yes
46859,Fort Wayne,IN,Post Office or large volume customer,46802,CHI|IND,CHI|IND,ok,yes
46860,Fort Wayne,IN,Post Office or large volume customer,46802,CHI|IND,CHI|IND,ok,yes
46861,Fort Wayne,IN,Post Office or large volume customer,46802,CHI|IND,CHI|IND,ok,yes
46862,Fort Wayne,IN,Post Office or large volume customer,46802,CHI|IND,CHI|IND,ok,yes
46863,Fort Wayne,IN,Post Office or large volume customer,46802,CHI|IND,CHI|IND,ok,yes
46864,Fort Wayne,IN,Post Office or large volume customer,46802,CHI|IND,CHI|IND,ok,yes
46865,Fort Wayne,IN,Post Office or large volume customer,46802,CHI|IND,CHI|IND,ok,yes
46866,Fort Wayne,IN,Post Office or large volume customer,46802,CHI|IND,CHI|IND,ok,yes
46867,Fort Wayne,IN,Post Office or large volume customer,46802,CHI|IND,CHI|IND,ok,yes
46868,Fort Wayne,IN,Post Office or large volume customer,46802,CHI|IND,CHI|IND,ok,yes
46869,Fort Wayne,IN,Post Office or large volume customer,46802,CHI|IND,CHI|IND,ok,yes
46885,Fort Wayne,IN,Post Office or large volume customer,46835,CHI|IND,CHI|IND,ok,yes
46895,Fort Wayne,IN,Post Office or large volume customer,46805,CHI|IND,CHI|IND,ok,yes
46896,Fort Wayne,IN,Post Office or large volume customer,46806,CHI|IND,CHI|IND,ok,yes
46897,Fort Wayne,IN,Post Office or large volume customer,46819,CHI|IND,CHI|IND,ok,yes
46898,Fort Wayne,IN,Post Office or large volume customer,46808,CHI|IND,CHI|IND,ok,yes
46899,Fort Wayne,IN,Post Office or large volume customer,46809,CHI|IND,CHI|IND,ok,yes
46903,Kokomo,IN,Post Office or large volume customer,46901,IND,IND,ok,yes
46904,Kokomo,IN,Post Office or large volume customer,46902,IND,IND,ok,yes
46912,Athens,IN,Post Office or large volume customer,46975,CHI,IND,ok,no
46916,Burrows,IN,Post Office or large volume customer,46923,IND,IND,ok,yes
46921,Deedsville,IN,Post Office or large volume customer,46951,IND,IND,ok,yes
46935,Grass Creek,IN,Post Office or large volume customer,46939,CHI,,http 404,
46942,Lake Cicott,IN,Post Office or large volume customer,46947,IND,IND,ok,yes
46977,Rockfield,IN,Zip Code Area,46923,IND,IND,ok,yes
46995,West Middleton,IN,Post Office or large volume customer,46979,IND,IND,ok,yes
47019,East Enterprise,IN,Post Office or large volume customer,47043,IND,IND,ok,yes
47039,Pierceville,IN,Post Office or large volume customer,47031,IND,IND,ok,yes
47107,Bradford,IN,Post Office or large volume customer,47164,IND,IND,ok,yes
47131,Jeffersonville,IN,Post Office or large volume customer,47130,IND,IND,ok,yes
47132,Jeffersonville,IN,Post Office or large volume customer,47130,IND,IND,ok,yes
47133,Jeffersonville,IN,Post Office or large volume customer,47130,IND,IND,ok,yes
47134,Jeffersonville,IN,Post Office or large volume customer,47130,IND,IND,ok,yes
47144,Jeffersonville,IN,Post Office or large volume customer,47130,IND,IND,ok,yes
47146,Mount Saint Francis,IN,Post Office or large volume customer,47119,IND,IND,ok,yes
47151,New Albany,IN,Post Office or large volume customer,47150,IND,IND,ok,yes
47190,Jeffersonville,IN,Post Office or large volume customer,47130,IND,IND,ok,yes
47199,Jeffersonville,IN,Post Office or large volume customer,47130,IND,IND,ok,yes
47202,Columbus,IN,Post Office or large volume customer,47201,IND,IND,ok,yes
47228,Cortland,IN,Post Office or large volume customer,47274,IND,IND,ok,yes
47245,Hayden,IN,Post Office or large volume customer,47265,IND,IND,ok,yes
47249,Kurtz,IN,Post Office or large volume customer,47264,IND,IND,ok,yes
47307,Muncie,IN,Post Office or large volume customer,47302,IND,IND,ok,yes
47308,Muncie,IN,Post Office or large volume customer,47305,IND,IND,ok,yes
47322,Bentonville,IN,Post Office or large volume customer,47331,IND,IND,ok,yes
47375,Richmond,IN,Post Office or large volume customer,47374,IND,IND,ok,yes
47402,Bloomington,IN,Post Office or large volume customer,47401,IND,IND,ok,yes
47407,Bloomington,IN,Post Office or large volume customer,47408,IND,IND,ok,yes
47426,Clear Creek,IN,Post Office or large volume customer,47403,IND,IND,ok,yes
47463,Stanford,IN,Post Office or large volume customer,47403,IND,IND,ok,yes
47536,Fulda,IN,Post Office or large volume customer,47531,IND,IND,ok,yes
47545,Ireland,IN,Post Office or large volume customer,47546,IND,IND,ok,yes
47547,Jasper,IN,Post Office or large volume customer,47546,IND,IND,ok,yes
47549,Jasper,IN,Post Office or large volume customer,47546,IND,IND,ok,yes
47556,Mariah Hill,IN,Zip Code Area,47532,IND,IND,ok,yes
47617,Hatfield,IN,Post Office or large volume customer,47634,IND,IND,ok,yes
47618,Inglefield,IN,Post Office or large volume customer,47725,IND,IND,ok,yes
47629,Newburgh,IN,Post Office or large volume customer,47630,IND,IND,ok,yes
47647,Buckskin,IN,Zip Code Area,47613,IND,IND,ok,yes
47701,Evansville,IN,Post Office or large volume customer,47708,IND,IND,ok,yes
47702,Evansville,IN,Post Office or large volume customer,47708,IND,IND,ok,yes
47703,Evansville,IN,Post Office or large volume customer,47708,IND,IND,ok,yes
47704,Evansville,IN,Post Office or large volume customer,47708,IND,IND,ok,yes
47705,Evansville,IN,Post Office or large volume customer,47708,IND,IND,ok,yes
47706,Evansville,IN,Post Office or large volume customer,47708,IND,IND,ok,yes
47716,Evansville,IN,Post Office or large volume customer,47715,IND,IND,ok,yes
47719,Evansville,IN,Post Office or large volume customer,47712,IND,IND,ok,yes
47721,Evansville,IN,Post Office or large volume customer,47712,IND,IND,ok,yes
47722,Evansville,IN,Zip Code Area,47714,IND,IND,ok,yes
47724,Evansville,IN,Post Office or large volume customer,47710,IND,IND,ok,yes
47728,Evansville,IN,Post Office or large volume customer,47714,IND,IND,ok,yes
47730,Evansville,IN,Post Office or large volume customer,47708,IND,IND,ok,yes
47731,Evansville,IN,Post Office or large volume customer,47708,IND,IND,ok,yes
47732,Evansville,IN,Post Office or large volume customer,47708,IND,IND,ok,yes
47733,Evansville,IN,Post Office or large volume customer,47708,IND,IND,ok,yes
47734,Evansville,IN,Post Office or large volume customer,47708,IND,IND,ok,yes
47735,Evansville,IN,Post Office or large volume customer,47708,IND,IND,ok,yes
47736,Evansville,IN,Post Office or large volume customer,47708,IND,IND,ok,yes
47737,Evansville,IN,Post Office or large volume customer,47708,IND,IND,ok,yes
47740,Evansville,IN,Post Office or large volume customer,47710,IND,IND,ok,yes
47747,Evansville,IN,Post Office or large volume customer,47710,IND,IND,ok,yes
47750,Evansville,IN,Post Office or large volume customer,47714,IND,IND,ok,yes
47801,Terre Haute,IN,Post Office or large volume customer,47802,IND,IND,ok,yes
47808,Terre Haute,IN,Post Office or large volume customer,47802,IND,IND,ok,yes
47852,Graysville,IN,Post Office or large volume customer,47882,IND,IND,ok,yes
47878,Seelyville,IN,Post Office or large volume customer,47803,IND,IND,ok,yes
47902,Lafayette,IN,Post Office or large volume customer,47901,IND,IND,ok,yes
47903,Lafayette,IN,Post Office or large volume customer,47905,IND,IND,ok,yes
47962,Montmorenci,IN,Post Office or large volume customer,47906,IND,IND,ok,yes
47988,Wallace,IN,Post Office or large volume customer,47949,IND,IND,ok,yes
47996,West Lafayette,IN,Post Office or large volume customer,47906,IND,IND,ok,yes
48004,Anchorville,MI,Post Office or large volume customer,48023,DET,DET,ok,yes
48007,Troy,MI,Post Office or large volume customer,48083,DET,DET,ok,yes
48012,Birmingham,MI,Post Office or large volume customer,48009,DET,DET,ok,yes
48037,Southfield,MI,Post Office or large volume customer,48033,DET,DET,ok,yes
48046,Mount Clemens,MI,Post Office or large volume customer,48043,DET,DET,ok,yes
48061,Port Huron,MI,Post Office or large volume customer,48060,DET,DET,ok,yes
48068,Royal Oak,MI,Post Office or large volume customer,48067,DET,DET,ok,yes
48086,Southfield,MI,Post Office or large volume customer,48076,DET,DET,ok,yes
48090,Warren,MI,Post Office or large volume customer,48092,DET,DET,ok,yes
48099,Troy,MI,Post Office or large volume customer,48083,DET,DET,ok,yes
48106,Ann Arbor,MI,Post Office or large volume customer,48103,DET,DET,ok,yes
48107,Ann Arbor,MI,Post Office or large volume customer,48104,DET,DET,ok,yes
48110,Azalia,MI,Post Office or large volume customer,48159,DET,DET,ok,yes
48112,Belleville,MI,Post Office or large volume customer,48111,DET,DET,ok,yes
48113,Ann Arbor,MI,Post Office or large volume customer,48105,DET,DET,ok,yes
48115,Bridgewater,MI,Post Office or large volume customer,48176,DET,DET,ok,yes
48121,Dearborn,MI,Post Office or large volume customer,48120,DET,DET,ok,yes
48123,Dearborn,MI,Post Office or large volume customer,48124,DET,DET,ok,yes
48136,Garden City,MI,Post Office or large volume customer,48135,DET,DET,ok,yes
48151,Livonia,MI,Post Office or large volume customer,48150,DET,DET,ok,yes
48153,Livonia,MI,Post Office or large volume customer,48152,DET,DET,ok,yes
48175,Salem,MI,Post Office or large volume customer,48168,DET,DET,ok,yes
48222,Detroit,MI,Post Office or large volume customer,48216,DET,DET,ok,yes
48231,Detroit,MI,Post Office or large volume customer,48233,DET,DET,ok,yes
48232,Detroit,MI,Post Office or large volume customer,48233,DET,DET,ok,yes
48244,Detroit,MI,Post Office or large volume customer,48233,DET,DET,ok,yes
48255,Detroit,MI,Post Office or large volume customer,48226,DET,DET,ok,yes
48260,Detroit,MI,Post Office or large volume customer,48226,DET,DET,ok,yes
48264,Detroit,MI,Post Office or large volume customer,48226,DET,DET,ok,yes
48265,Detroit,MI,Post Office or large volume customer,48226,DET,DET,ok,yes
48266,Detroit,MI,Post Office or large volume customer,48207,DET,DET,ok,yes
48267,Detroit,MI,Post Office or large volume customer,48226,DET,DET,ok,yes
48268,Detroit,MI,Post Office or large volume customer,48226,DET,DET,ok,yes
48269,Detroit,MI,Post Office or large volume customer,48226,DET,DET,ok,yes
48272,Detroit,MI,Post Office or large volume customer,48226,DET,DET,ok,yes
48275,Detroit,MI,Post Office or large volume customer,48226,DET,DET,ok,yes
48277,Detroit,MI,Post Office or large volume customer,48226,DET,DET,ok,yes
48278,Detroit,MI,Post Office or large volume customer,48226,DET,DET,ok,yes
48279,Detroit,MI,Post Office or large volume customer,48243,DET,DET,ok,yes
48288,Detroit,MI,Post Office or large volume customer,48203,DET,DET,ok,yes
48303,Bloomfield Hills,MI,Post Office or large volume customer,48304,DET,DET,ok,yes
48308,Rochester,MI,Post Office or large volume customer,48307,DET,DET,ok,yes
48311,Sterling Heights,MI,Post Office or large volume customer,48312,DET,DET,ok,yes
48318,Utica,MI,Post Office or large volume customer,48317,DET,DET,ok,yes
48321,Auburn Hills,MI,Post Office or large volume customer,48326,DET,DET,ok,yes
48325,West Bloomfield,MI,Post Office or large volume customer,48322,DET,DET,ok,yes
48330,Drayton Plains,MI,Post Office or large volume customer,48329,DET,DET,ok,yes
48332,Farmington,MI,Post Office or large volume customer,48336,DET,DET,ok,yes
48333,Farmington,MI,Post Office or large volume customer,48334,DET,DET,ok,yes
48343,Pontiac,MI,Post Office or large volume customer,48341,DET,DET,ok,yes
48347,Clarkston,MI,Post Office or large volume customer,48346,DET,DET,ok,yes
48361,Lake Orion,MI,Post Office or large volume customer,48362,DET,DET,ok,yes
48366,Lakeville,MI,Post Office or large volume customer,48367,DET,DET,ok,yes
48376,Novi,MI,Post Office or large volume customer,48375,DET,DET,ok,yes
48387,Union Lake,MI,Post Office or large volume customer,48324,DET,DET,ok,yes
48397,Warren,MI,Post Office or large volume customer,48092,DET,DET,ok,yes
48480,Grand Blanc,MI,Post Office or large volume customer,48439,DET,DET,ok,yes
48501,Flint,MI,Post Office or large volume customer,48503,DET,DET,ok,yes
48531,Flint,MI,Post Office or large volume customer,48504,DET,DET,ok,yes
48550,Flint,MI,Post Office or large volume customer,48503,DET,DET,ok,yes
48551,Flint,MI,Post Office or large volume customer,48507,DET,DET,ok,yes
48552,Flint,MI,Post Office or large volume customer,48507,DET,DET,ok,yes
48553,Flint,MI,Post Office or large volume customer,48507,DET,DET,ok,yes
48554,Flint,MI,Post Office or large volume customer,48519,DET,DET,ok,yes
48555,Flint,MI,Post Office or large volume customer,48504,DET,DET,ok,yes
48556,Flint,MI,Post Office or large volume customer,48506,DET,DET,ok,yes
48557,Flint,MI,Post Office or large volume customer,48507,DET,DET,ok,yes
48605,Saginaw,MI,Post Office or large volume customer,48601,DET,DET,ok,yes
48606,Saginaw,MI,Post Office or large volume customer,48601,DET,DET,ok,yes
48608,Saginaw,MI,Post Office or large volume customer,48603,DET,DET,ok,yes
48641,Midland,MI,Post Office or large volume customer,48640,DET,DET,ok,yes
48663,Saginaw,MI,Post Office or large volume customer,48603,DET,DET,ok,yes
48667,Midland,MI,Post Office or large volume customer,48640,DET,DET,ok,yes
48670,Midland,MI,Post Office or large volume customer,48640,DET,DET,ok,yes
48674,Midland,MI,Post Office or large volume customer,48642,DET,DET,ok,yes
48686,Midland,MI,Post Office or large volume customer,48640,DET,DET,ok,yes
48707,Bay City,MI,Post Office or large volume customer,48708,DET,DET,ok,yes
48758,Richville,MI,Post Office or large volume customer,48768,DET,DET,ok,yes
48764,Tawas City,MI,Post Office or large volume customer,48763,DET,DET,ok,yes
48787,Frankenmuth,MI,Post Office or large volume customer,48734,DET,DET,ok,yes
48804,Mount Pleasant,MI,Post Office or large volume customer,48858,DET,DET,ok,yes
48805,Okemos,MI,Post Office or large volume customer,48864,DET,DET,ok,yes
48812,Cedar Lake,MI,Post Office or large volume customer,48829,DET,DET,ok,yes
48826,East Lansing,MI,Post Office or large volume customer,48823,DET,DET,ok,yes
48830,Elm Hall,MI,Post Office or large volume customer,48877,DET,DET,ok,yes
48833,Eureka,MI,Post Office or large volume customer,48879,DET,DET,ok,yes
48844,Howell,MI,Post Office or large volume customer,48843,DET,DET,ok,yes
48882,Shaftsburg,MI,Post Office or large volume customer,48872,DET,DET,ok,yes
48887,Smyrna,MI,Post Office or large volume customer,48809,DET,DET,ok,yes
48901,Lansing,MI,Post Office or large volume customer,48933,DET,DET,ok,yes
48908,Lansing,MI,Post Office or large volume customer,48917,DET,DET,ok,yes
48909,Lansing,MI,Post Office or large volume customer,48910,DET,DET,ok,yes
48913,Lansing,MI,Post Office or large volume customer,48813,DET,DET,ok,yes
48916,Lansing,MI,Post Office or large volume customer,48911,DET,DET,ok,yes
48918,Lansing,MI,Post Office or large volume customer,48813,DET,DET,ok,yes
48919,Lansing,MI,Post Office or large volume customer,48933,DET,DET,ok,yes
48922,Lansing,MI,Post Office or large volume customer,48933,DET,DET,ok,yes
48924,Lansing,MI,Post Office or large volume customer,48910,DET,DET,ok,yes
48929,Lansing,MI,Post Office or large volume customer,48933,DET,DET,ok,yes
48930,Lansing,MI,Post Office or large volume customer,48933,DET,DET,ok,yes
48937,Lansing,MI,Post Office or large volume customer,48906,DET,DET,ok,yes
48951,Lansing,MI,Post Office or large volume customer,48906,DET,DET,ok,yes
48956,Lansing,MI,Post Office or large volume customer,48933,DET,DET,ok,yes
48980,Lansing,MI,Post Office or large volume customer,48813,DET,DET,ok,yes
49003,Kalamazoo,MI,Post Office or large volume customer,49001,CHI|DET,CHI|DET,ok,yes
49005,Kalamazoo,MI,Post Office or large volume customer,49007,CHI|DET,CHI|DET,ok,yes
49016,Battle Creek,MI,Post Office or large volume customer,49017,CHI|DET,CHI|DET,ok,yes
49018,Battle Creek,MI,Post Office or large volume customer,49017,CHI|DET,CHI|DET,ok,yes
49019,Kalamazoo,MI,Post Office or large volume customer,49001,CHI|DET,CHI|DET,ok,yes
49020,Bedford,MI,Post Office or large volume customer,49017,CHI|DET,CHI|DET,ok,yes
49023,Benton Harbor,MI,Post Office or large volume customer,49022,CHI|DET,DET,ok,no
49035,Cloverdale,MI,Zip Code Area,49046,CHI|DET,CHI|DET,ok,yes
49039,Hagar Shores,MI,Post Office or large volume customer,49038,CHI|DET,DET,ok,no
49041,Comstock,MI,Post Office or large volume customer,49001,CHI|DET,CHI|DET,ok,yes
49062,Kendall,MI,Post Office or large volume customer,49055,CHI|DET,CHI|DET,ok,yes
49077,Oshtemo,MI,Post Office or large volume customer,49009,CHI|DET,CHI|DET,ok,yes
49081,Portage,MI,Post Office or large volume customer,49024,CHI|DET,CHI|DET,ok,yes
49204,Jackson,MI,Post Office or large volume customer,49201,DET,DET,ok,yes
49239,Frontier,MI,Post Office or large volume customer,49242,DET,DET,ok,yes
49257,Moscow,MI,Post Office or large volume customer,49250,DET,DET,ok,yes
49281,Somerset,MI,Post Office or large volume customer,49233,DET,DET,ok,yes
49311,Bradley,MI,Post Office or large volume customer,49348,DET,DET,ok,yes
49314,Burnips,MI,Post Office or large volume customer,49323,DET,DET,ok,yes
49317,Cannonsburg,MI,Post Office or large volume customer,49301,DET,DET,ok,yes
49351,Rockford,MI,Post Office or large volume customer,49341,DET,DET,ok,yes
49355,Ada,MI,Post Office or large volume customer,49301,DET,DET,ok,yes
49356,Ada,MI,Post Office or large volume customer,49301,DET,DET,ok,yes
49357,Ada,MI,Post Office or large volume customer,49301,DET,DET,ok,yes
49413,Fremont,MI,Post Office or large volume customer,49412,DET,DET,ok,yes
49416,Glenn,MI,Post Office or large volume customer,49408,DET,DET,ok,yes
49422,Holland,MI,Post Office or large volume customer,49423,DET,DET,ok,yes
49427,Jamestown,MI,Post Office or large volume customer,49426,DET,DET,ok,yes
49429,Jenison,MI,Post Office or large volume customer,49428,DET,DET,ok,yes
49463,Sylvan Beach,MI,Post Office or large volume customer,49461,DET,DET,ok,yes
49468,Grandville,MI,Post Office or large volume customer,49418,DET,DET,ok,yes
49501,Grand Rapids,MI,Post Office or large volume customer,49503,DET,DET,ok,yes
49502,Grand Rapids,MI,Post Office or large volume customer,49503,DET,DET,ok,yes
49510,Grand Rapids,MI,Post Office or large volume customer,49507,DET,DET,ok,yes
49514,Grand Rapids,MI,Post Office or large volume customer,49504,DET,DET,ok,yes
49515,Grand Rapids,MI,Post Office or large volume customer,49505,DET,DET,ok,yes
49516,Grand Rapids,MI,Post Office or large volume customer,49506,DET,DET,ok,yes
49518,Grand Rapids,MI,Post Office or large volume customer,49508,DET,DET,ok,yes
49523,Grand Rapids,MI,Post Office or large volume customer,49503,DET,DET,ok,yes
49528,Grand Rapids,MI,Post Office or large volume customer,49503,DET,DET,ok,yes
49530,Grand Rapids,MI,Post Office or large volume customer,49512,DET,DET,ok,yes
49555,Grand Rapids,MI,Post Office or large volume customer,49503,DET,DET,ok,yes
49560,Grand Rapids,MI,Post Office or large volume customer,49508,DET,DET,ok,yes
49588,Grand Rapids,MI,Post Office or large volume customer,49512,DET,DET,ok,yes
49599,Grand Rapids,MI,Post Office or large volume customer,49503,DET,DET,ok,yes
49610,Acme,MI,Post Office or large volume customer,49690,DET,DET,ok,yes
49666,Mayfield,MI,Post Office or large volume customer,49649,DET,DET,ok,yes
49673,Old Mission,MI,Post Office or large volume customer,49686,DET,DET,ok,yes
49711,Bay Shore,MI,Post Office or large volume customer,49720,DET,DET,ok,yes
49723,Cross Village,MI,Post Office or large volume customer,49740,DET,DET,ok,yes
49734,Gaylord,MI,Post Office or large volume customer,49735,DET,DET,ok,yes
49737,Good Hart,MI,Post Office or large volume customer,49740,DET,DET,ok,yes
49739,Grayling,MI,Post Office or large volume customer,49738,DET,DET,ok,yes
49761,Mullett Lake,MI,Post Office or large volume customer,49721,DET,DET,ok,yes
49785,Kincheloe,MI,Post Office or large volume customer,49752,DET|MIL,DET,ok,no
49786,Kincheloe,MI,Post Office or large volume customer,49784,DET,DET,ok,yes
49792,Tower,MI,Zip Code Area,49765,DET,DET,ok,yes
49797,Waters,MI,Post Office or large volume customer,49735,DET,DET,ok,yes
49819,Arnold,MI,Zip Code Area,49818,DET|MIL,DET|MIL,ok,yes
49845,Harris,MI,Post Office or large volume customer,49896,DET|MIL,DET|MIL,ok,yes
49865,National Mine,MI,Post Office or large volume customer,49849,DET|MIL,DET,ok,no
49964,Stambaugh,MI,Post Office or large volume customer,49935,DET|MIL,DET|MIL,ok,yes
50011,Ames,IA,Zip Code Area,50012,CHI|IND|MIN,CHI|IND|MIN,ok,yes
50037,Boone,IA,Post Office or large volume customer,50036,CHI|IND|MIN,CHI|IND|MIN,ok,yes
50043,Buckeye,IA,Post Office or large volume customer,50006,CHI|IND|MIN,CHI|IND|MIN,ok,yes
50059,Cooper,IA,Zip Code Area,50129,CHI|IND|MIN,CHI|IND|MIN,ok,yes
50099,Boone,IA,Post Office or large volume customer,50036,CHI|IND|MIN,IND|MIN,ok,no
50259,Gifford,IA,Zip Code Area,50258,CHI|IND|MIN,CHI|IND|MIN,ok,yes
50301,Des Moines,IA,Post Office or large volume customer,50314,CHI|IND|MIN,CHI|IND|MIN,ok,yes
50302,Des Moines,IA,Post Office or large volume customer,50314,CHI|IND|MIN,CHI|IND|MIN,ok,yes
50303,Des Moines,IA,Post Office or large volume customer,50314,CHI|IND|MIN,CHI|IND|MIN,ok,yes
50304,Des Moines,IA,Post Office or large volume customer,50314,CHI|IND|MIN,CHI|IND|MIN,ok,yes
50305,Des Moines,IA,Post Office or large volume customer,50314,CHI|IND|MIN,CHI|IND|MIN,ok,yes
50306,Des Moines,IA,Post Office or large volume customer,50311,CHI|IND|MIN,CHI|IND|MIN,ok,yes
50307,Des Moines,IA,Post Office or large volume customer,50314,CHI|IND|MIN,IND|MIN,ok,no
50308,Des Moines,IA,Post Office or large volume customer,50314,CHI|IND|MIN,IND|MIN,ok,no
50318,Des Moines,IA,Post Office or large volume customer,50314,CHI|IND|MIN,CHI|IND|MIN,ok,yes
50328,Des Moines,IA,Post Office or large volume customer,50309,CHI|IND|MIN,CHI|IND|MIN,ok,yes
50329,Des Moines,IA,Post Office or large volume customer,50309,CHI|IND|MIN,CHI|IND|MIN,ok,yes
50330,Des Moines,IA,Post Office or large volume customer,50309,CHI|IND|MIN,CHI|IND|MIN,ok,yes
50331,Des Moines,IA,Post Office or large volume customer,50309,CHI|IND|MIN,CHI|IND|MIN,ok,yes
50332,Des Moines,IA,Post Office or large volume customer,50309,CHI|IND|MIN,CHI|IND|MIN,ok,yes
50333,Des Moines,IA,Post Office or large volume customer,50313,CHI|IND|MIN,CHI|IND|MIN,ok,yes
50334,Des Moines,IA,Post Office or large volume customer,50322,CHI|IND|MIN,CHI|IND|MIN,ok,yes
50335,Des Moines,IA,Post Office or large volume customer,50309,CHI|IND|MIN,CHI|IND|MIN,ok,yes
50336,Des Moines,IA,Post Office or large volume customer,50265,CHI|IND|MIN,CHI|IND|MIN,ok,yes
50339,Des Moines,IA,Post Office or large volume customer,50266,CHI|IND|MIN,CHI|IND|MIN,ok,yes
50340,Des Moines,IA,Post Office or large volume customer,50309,CHI|IND|MIN,CHI|IND|MIN,ok,yes
50359,Des Moines,IA,Post Office or large volume customer,50266,CHI|IND|MIN,CHI|IND|MIN,ok,yes
50360,Des Moines,IA,Post Office or large volume customer,50314,CHI|IND|MIN,CHI|IND|MIN,ok,yes
50361,Des Moines,IA,Post Office or large volume customer,50266,CHI|IND|MIN,CHI|IND|MIN,ok,yes
50362,Des Moines,IA,Post Office or large volume customer,50266,CHI|IND|MIN,CHI|IND|MIN,ok,yes
50363,Des Moines,IA,Post Office or large volume customer,50266,CHI|IND|MIN,CHI|IND|MIN,ok,yes
50364,Des Moines,IA,Post Office or large volume customer,50266,CHI|IND|MIN,CHI|IND|MIN,ok,yes
50367,Des Moines,IA,Post Office or large volume customer,50266,CHI|IND|MIN,CHI|IND|MIN,ok,yes
50368,Des Moines,IA,Post Office or large volume customer,50266,CHI|IND|MIN,CHI|IND|MIN,ok,yes
50369,Des Moines,IA,Post Office or large volume customer,50266,CHI|IND|MIN,CHI|IND|MIN,ok,yes
50380,Des Moines,IA,Post Office or large volume customer,50314,CHI|IND|MIN,CHI|IND|MIN,ok,yes
50381,Des Moines,IA,Post Office or large volume customer,50309,CHI|IND|MIN,CHI|IND|MIN,ok,yes
50391,Des Moines,IA,Post Office or large volume customer,50309,CHI|IND|MIN,CHI|IND|MIN,ok,yes
50392,Des Moines,IA,Post Office or large volume customer,50309,CHI|IND|MIN,CHI|IND|MIN,ok,yes
50393,Des Moines,IA,Post Office or large volume customer,50309,CHI|IND|MIN,CHI|IND|MIN,ok,yes
50394,Des Moines,IA,Post Office or large volume customer,50322,CHI|IND|MIN,CHI|IND|MIN,ok,yes
50395,Des Moines,IA,Post Office or large volume customer,50322,CHI|IND|MIN,CHI|IND|MIN,ok,yes
50396,Des Moines,IA,Post Office or large volume customer,50309,CHI|IND|MIN,CHI|IND|MIN,ok,yes
50398,Urbandale,IA,Post Office or large volume customer,50266,CHI|IND|MIN,CHI|IND|MIN,ok,yes
50402,Mason City,IA,Post Office or large volume customer,50401,CHI|IND|MIN,CHI|IND|MIN,ok,yes
50481,Toeterville,IA,Zip Code Area,50472,CHI|IND|MIN,CHI|IND|MIN,ok,yes
50526,Clarion,IA,Post Office or large volume customer,50525,CHI|IND|MIN,CHI|IND|MIN,ok,yes
50614,Cedar Falls,IA,Zip Code Area,50613,CHI|IND|MIN,CHI|IND|MIN,ok,yes
50661,North Washington,IA,Post Office or large volume customer,50659,CHI|IND|MIN,CHI|IND|MIN,ok,yes
50704,Waterloo,IA,Post Office or large volume customer,50703,CHI|IND|MIN,CHI|IND|MIN,ok,yes
50936,Des Moines,IA,Post Office or large volume customer,50309,CHI|IND|MIN,CHI|IND|MIN,ok,yes
50940,Des Moines,IA,Post Office or large volume customer,50314,CHI|IND|MIN,CHI|IND|MIN,ok,yes
50947,Des Moines,IA,Post Office or large volume customer,50314,CHI|IND|MIN,CHI|IND|MIN,ok,yes
50950,Des Moines,IA,Post Office or large volume customer,50309,CHI|IND|MIN,CHI|IND|MIN,ok,yes
50980,Des Moines,IA,Post Office or large volume customer,50309,CHI|IND|MIN,CHI|IND|MIN,ok,yes
50981,Des Moines,IA,Post Office or large volume customer,50309,CHI|IND|MIN,CHI|IND|MIN,ok,yes
50982,Des Moines,IA,Post Office or large volume customer,50309,CHI|IND|MIN,IND|MIN,ok,no
50983,Des Moines,IA,Post Office or large volume customer,50309,CHI|IND|MIN,IND|MIN,ok,no
51102,Sioux City,IA,Post Office or large volume customer,51101,CHI|IND|MIN,CHI|IND|MIN,ok,yes
51502,Council Bluffs,IA,Post Office or large volume customer,51501,CHI|IND|MIN,CHI|IND|MIN,ok,yes
51591,Red Oak,IA,Post Office or large volume customer,51566,CHI|IND|MIN,CHI|IND|MIN,ok,yes
51593,Harlan,IA,Post Office or large volume customer,51537,CHI|IND|MIN,CHI|IND|MIN,ok,yes
51603,Shenandoah,IA,Post Office or large volume customer,51601,CHI|IND|MIN,CHI|IND|MIN,ok,yes
52004,Dubuque,IA,Post Office or large volume customer,52001,CHI|IND|MIN,CHI|IND|MIN,ok,yes
52099,Dubuque,IA,Post Office or large volume customer,52001,CHI|IND|MIN,CHI|IND|MIN,ok,yes
52149,Highlandville,IA,Post Office or large volume customer,52101,CHI|IND|MIN,CHI|IND|MIN,ok,yes
52204,Amana,IA,Post Office or large volume customer,52203,CHI|IND|MIN,CHI|IND|MIN,ok,yes
52243,Iowa City,IA,Post Office or large volume customer,52245,CHI|IND|MIN,CHI|IND|MIN,ok,yes
52244,Iowa City,IA,Post Office or large volume customer,52240,CHI|IND|MIN,CHI|IND|MIN,ok,yes
52406,Cedar Rapids,IA,Post Office or large volume customer,52401,CHI|IND|MIN,CHI|IND|MIN,ok,yes
52407,Cedar Rapids,IA,Post Office or large volume customer,52401,CHI|IND|MIN,CHI|IND|MIN,ok,yes
52408,Cedar Rapids,IA,Post Office or large volume customer,52404,CHI|IND|MIN,CHI|IND|MIN,ok,yes
52409,Cedar Rapids,IA,Post Office or large volume customer,52404,CHI|IND|MIN,CHI|IND|MIN,ok,yes
52410,Cedar Rapids,IA,Post Office or large volume customer,52402,CHI|IND|MIN,CHI|IND|MIN,ok,yes
52497,Cedar Rapids,IA,Post Office or large volume customer,52404,CHI|IND|MIN,CHI|IND|MIN,ok,yes
52498,Cedar Rapids,IA,Post Office or large volume customer,52402,CHI|IND|MIN,CHI|IND|MIN,ok,yes
52499,Cedar Rapids,IA,Post Office or large volume customer,52404,CHI|IND|MIN,CHI|IND|MIN,ok,yes
52642,Rome,IA,Post Office or large volume customer,52641,CHI|IND|MIN,CHI|IND|MIN,ok,yes
52648,Pilot Grove,IA,Post Office or large volume customer,52656,CHI|IND|MIN,CHI|IND|MIN,ok,yes
52733,Clinton,IA,Post Office or large volume customer,52732,CHI|IND|MIN,CHI|IND|MIN,ok,yes
52734,Clinton,IA,Post Office or large volume customer,52732,CHI|IND|MIN,IND|MIN,ok,no
52736,Clinton,IA,Post Office or large volume customer,52732,CHI|IND|MIN,CHI|IND|MIN,ok,yes
52805,Davenport,IA,Post Office or large volume customer,52802,CHI|IND|MIN,CHI|IND|MIN,ok,yes
52808,Davenport,IA,Post Office or large volume customer,52802,CHI|IND|MIN,CHI|IND|MIN,ok,yes
52809,Davenport,IA,Post Office or large volume customer,52806,CHI|IND|MIN,CHI|IND|MIN,ok,yes
53008,Brookfield,WI,Post Office or large volume customer,53045,MIL,MIL,ok,yes
53026,Greenbush,WI,Post Office or large volume customer,53023,MIL,MIL,ok,yes
53052,Menomonee Falls,WI,Post Office or large volume customer,53051,MIL,MIL,ok,yes
53056,Merton,WI,Post Office or large volume customer,53029,MIL,MIL,ok,yes
53060,Newburg,WI,Post Office or large volume customer,53090,MIL,MIL,ok,yes
53062,New Holstein,WI,Post Office or large volume customer,53061,MIL,MIL,ok,yes
53064,North Lake,WI,Post Office or large volume customer,53029,MIL,MIL,ok,yes
53082,Sheboygan,WI,Post Office or large volume customer,53081,MIL,MIL,ok,yes
53101,Bassett,WI,Post Office or large volume customer,53105,MIL,MIL,ok,yes
53102,Benet Lake,WI,Post Office or large volume customer,53104,MIL,MIL,ok,yes
53109,Camp Lake,WI,Post Office or large volume customer,53168,MIL,MIL,ok,yes
53138,Honey Creek,WI,Post Office or large volume customer,53105,MIL,MIL,ok,yes
53141,Kenosha,WI,Post Office or large volume customer,53140,MIL,MIL,ok,yes
53148,Lyons,WI,Post Office or large volume customer,53105,MIL,MIL,ok,yes
53152,New Munster,WI,Post Office or large volume customer,53105,MIL,MIL,ok,yes
53159,Powers Lake,WI,Post Office or large volume customer,53128,MIL,MIL,ok,yes
53171,Somers,WI,Post Office or large volume customer,53144,MIL,MIL,ok,yes
53187,Waukesha,WI,Post Office or large volume customer,53186,MIL,MIL,ok,yes
53194,Woodworth,WI,Post Office or large volume customer,53104,MIL,MIL,ok,yes
53201,Milwaukee,WI,Post Office or large volume customer,53203,MIL,MIL,ok,yes
53234,Milwaukee,WI,Post Office or large volume customer,53215,MIL,MIL,ok,yes
53237,Milwaukee,WI,Post Office or large volume customer,53207,MIL,MIL,ok,yes
53259,Milwaukee,WI,Post Office or large volume customer,53203,MIL,MIL,ok,yes
53263,Milwaukee,WI,Post Office or large volume customer,53222,MIL,MIL,ok,yes
53274,Milwaukee,WI,Post Office or large volume customer,53207,MIL,MIL,ok,yes
53278,Milwaukee,WI,Post Office or large volume customer,53202,MIL,MIL,ok,yes
53288,Milwaukee,WI,Post Office or large volume customer,53202,MIL,MIL,ok,yes
53290,Milwaukee,WI,Post Office or large volume customer,53203,MIL,MIL,ok,yes
53293,Milwaukee,WI,Post Office or large volume customer,53203,MIL,MIL,ok,yes
53401,Racine,WI,Post Office or large volume customer,53403,MIL,MIL,ok,yes
53407,Racine,WI,Post Office or large volume customer,53403,MIL,MIL,ok,yes
53408,Racine,WI,Post Office or large volume customer,53406,MIL,MIL,ok,yes
53512,Beloit,WI,Post Office or large volume customer,53511,MIL,MIL,ok,yes
53535,Edmund,WI,Post Office or large volume customer,53533,CHI|MIL,MIL,ok,no
53542,Hanover,WI,Post Office or large volume customer,53576,MIL,MIL,ok,yes
53547,Janesville,WI,Post Office or large volume customer,53545,MIL,MIL,ok,yes
53595,Dodgeville,WI,Post Office or large volume customer,53533,CHI|MIL,MIL,ok,no
53596,Sun Prairie,WI,Post Office or large volume customer,53590,MIL,MIL,ok,yes
53701,Madison,WI,Post Office or large volume customer,53703,MIL,MIL,ok,yes
53702,Madison,WI,Post Office or large volume customer,53703,MIL,MIL,ok,yes
53707,Madison,WI,Post Office or large volume customer,53714,MIL,MIL,ok,yes
53708,Madison,WI,Post Office or large volume customer,53714,MIL,MIL,ok,yes
53725,Madison,WI,Post Office or large volume customer,53715,MIL,MIL,ok,yes
53744,Madison,WI,Post Office or large volume customer,53719,MIL,MIL,ok,yes
53774,Madison,WI,Post Office or large volume customer,53713,MIL,MIL,ok,yes
53777,Madison,WI,Post Office or large volume customer,53718,MIL,MIL,ok,yes
53782,Madison,WI,Post Office or large volume customer,53703,MIL,MIL,ok,yes
53783,Madison,WI,Post Office or large volume customer,53718,MIL,MIL,ok,yes
53784,Madison,WI,Post Office or large volume customer,53714,MIL,MIL,ok,yes
53785,Madison,WI,Post Office or large volume customer,53703,MIL,MIL,ok,yes
53786,Madison,WI,Post Office or large volume customer,53703,MIL,MIL,ok,yes
53788,Madison,WI,Post Office or large volume customer,53703,MIL,MIL,ok,yes
53790,Madison,WI,Post Office or large volume customer,53703,MIL,MIL,ok,yes
53791,Madison,WI,Post Office or large volume customer,53714,MIL,MIL,ok,yes
53793,Madison,WI,Post Office or large volume customer,53714,MIL,MIL,ok,yes
53794,Madison,WI,Post Office or large volume customer,53714,MIL,MIL,ok,yes
53824,Sinsinawa,WI,Post Office or large volume customer,53811,CHI|MIL,CHI|MIL,ok,yes
53957,Randolph,WI,Post Office or large volume customer,53956,MIL,MIL,ok,yes
53958,Reedsburg,WI,Post Office or large volume customer,53959,MIL,MIL,ok,yes
54131,Freedom,WI,Post Office or large volume customer,54130,MIL,MIL,ok,yes
54221,Manitowoc,WI,Post Office or large volume customer,54220,MIL,MIL,ok,yes
54226,Maplewood,WI,Post Office or large volume customer,54235,MIL,MIL,ok,yes
54240,Tisch Mills,WI,Post Office or large volume customer,54208,MIL,MIL,ok,yes
54305,Green Bay,WI,Post Office or large volume customer,54301,MIL,MIL,ok,yes
54306,Green Bay,WI,Post Office or large volume customer,54303,MIL,MIL,ok,yes
54308,Green Bay,WI,Post Office or large volume customer,54302,MIL,MIL,ok,yes
54324,Green Bay,WI,Post Office or large volume customer,54304,MIL,MIL,ok,yes
54344,Green Bay,WI,Post Office or large volume customer,54115,MIL,MIL,ok,yes
54402,Wausau,WI,Post Office or large volume customer,54403,MIL,MIL,ok,yes
54404,Marshfield,WI,Post Office or large volume customer,54449,MIL,MIL,ok,yes
54415,Blenker,WI,Post Office or large volume customer,54454,MIL,MIL,ok,yes
54429,Elderon,WI,Post Office or large volume customer,54427,MIL,MIL,ok,yes
54492,Stevens Point,WI,Post Office or large volume customer,54467,MIL,MIL,ok,yes
54532,Heafford Junction,WI,Post Office or large volume customer,54487,MIL,MIL,ok,yes
54543,Mc Naughton,WI,Post Office or large volume customer,54501,MIL,MIL,ok,yes
54602,La Crosse,WI,Post Office or large volume customer,54601,MIL,MIL,ok,yes
54620,Cataract,WI,Post Office or large volume customer,54656,MIL,MIL,ok,yes
54641,Mather,WI,Zip Code Area,54666,MIL,MIL,ok,yes
54649,Oakdale,WI,Post Office or large volume customer,54660,MIL,MIL,ok,yes
54662,Tunnel City,WI,Post Office or large volume customer,54660,MIL,MIL,ok,yes
54702,Eau Claire,WI,Post Office or large volume customer,54703,MIN,MIL|MIN,ok,no
54735,Downsville,WI,Post Office or large volume customer,54751,MIN,MIL|MIN,ok,no
54743,Gilmanton,WI,Post Office or large volume customer,54755,MIN,MIL|MIN,ok,no
54764,Rock Falls,WI,Post Office or large volume customer,54755,MIN,MIL|MIN,ok,no
54765,Sand Creek,WI,Zip Code Area,54757,MIN,MIN,ok,yes
54774,Chippewa Falls,WI,Post Office or large volume customer,54729,MIL|MIN,MIL|MIN,ok,yes
54816,Benoit,WI,Post Office or large volume customer,54856,MIL|MIN,MIL|MIN,ok,yes
54890,Wascott,WI,Post Office or large volume customer,54838,MIL|MIN,MIL|MIN,ok,yes
54903,Oshkosh,WI,Post Office or large volume customer,54901,MIL,MIL,ok,yes
54906,Oshkosh,WI,Post Office or large volume customer,54901,MIL,MIL,ok,yes
54912,Appleton,WI,Post Office or large volume customer,54911,MIL,MIL,ok,yes
54919,Appleton,WI,Post Office or large volume customer,54913,MIL,MIL,ok,yes
54936,Fond du Lac,WI,Post Office or large volume customer,54935,MIL,MIL,ok,yes
54957,Neenah,WI,Post Office or large volume customer,54956,MIL,MIL,ok,yes
54969,Readfield,WI,Post Office or large volume customer,54940,MIL,MIL,ok,yes
54976,Saxeville,WI,Post Office or large volume customer,54984,MIL,MIL,ok,yes
55010,Castle Rock,MN,Post Office or large volume customer,55065,MIN,MIN,ok,yes
55067,Rock Creek,MN,Zip Code Area,55063,MIN,MIN,ok,yes
55078,Stacy,MN,Post Office or large volume customer,55079,MIN,MIN,ok,yes
55083,Stillwater,MN,Post Office or large volume customer,55082,MIN,MIN,ok,yes
55131,Saint Paul,MN,Post Office or large volume customer,55125,MIN,,http 404,
55133,Saint Paul,MN,Post Office or large volume customer,55101,MIN,MIN,ok,yes
55144,Saint Paul,MN,Zip Code Area,55119,MIN,MIN,ok,yes
55145,Saint Paul,MN,Post Office or large volume customer,55101,MIN,MIN,ok,yes
55146,Saint Paul,MN,Post Office or large volume customer,55101,MIN,MIN,ok,yes
55164,Saint Paul,MN,Post Office or large volume customer,55101,MIN,MIN,ok,yes
55170,Saint Paul,MN,Post Office or large volume customer,55101,MIN,MIN,ok,yes
55323,Crystal Bay,MN,Post Office or large volume customer,55356,MIN,MIN,ok,yes
55361,Minnetonka Beach,MN,Post Office or large volume customer,55391,MIN,MIN,ok,yes
55377,Santiago,MN,Post Office or large volume customer,55371,MIN,MIN,ok,yes
55440,Minneapolis,MN,Post Office or large volume customer,55401,MIN,MIN,ok,yes
55458,Minneapolis,MN,Post Office or large volume customer,55401,MIN,MIN,ok,yes
55459,Minneapolis,MN,Post Office or large volume customer,55401,MIN,MIN,ok,yes
55467,Minneapolis,MN,Post Office or large volume customer,55408,MIN,MIN,ok,yes
55470,Minneapolis,MN,Post Office or large volume customer,55401,MIN,MIN,ok,yes
55472,Minneapolis,MN,Post Office or large volume customer,55401,MIN,MIN,ok,yes
55474,Minneapolis,MN,Post Office or large volume customer,55402,MIN,MIN,ok,yes
55478,Minneapolis,MN,Post Office or large volume customer,55402,MIN,MIN,ok,yes
55479,Minneapolis,MN,Post Office or large volume customer,55402,MIN,MIN,ok,yes
55480,Minneapolis,MN,Post Office or large volume customer,55401,MIN,MIN,ok,yes
55483,Minneapolis,MN,Post Office or large volume customer,55409,MIN,MIN,ok,yes
55484,Minneapolis,MN,Post Office or large volume customer,55401,MIN,MIN,ok,yes
55485,Minneapolis,MN,Post Office or large volume customer,55406,MIN,MIN,ok,yes
55486,Minneapolis,MN,Post Office or large volume customer,55402,MIN,MIN,ok,yes
55487,Minneapolis,MN,Post Office or large volume customer,55415,MIN,MIN,ok,yes
55488,Minneapolis,MN,Post Office or large volume customer,55402,MIN,MIN,ok,yes
55554,Norwood,MN,Post Office or large volume customer,55368,MIN,MIN,ok,yes
55569,Osseo,MN,Post Office or large volume customer,55369,MIN,MIN,ok,yes
55572,Rockford,MN,Post Office or large volume customer,55359,MIN,MIN,ok,yes
55573,Young America,MN,Post Office or large volume customer,55397,MIN,MIN,ok,yes
55575,Howard Lake,MN,Post Office or large volume customer,55349,MIN,MIN,ok,yes
55577,Rockford,MN,Post Office or large volume customer,55359,MIN,MIN,ok,yes
55592,Maple Plain,MN,Post Office or large volume customer,55359,MIN,MIN,ok,yes
55593,Maple Plain,MN,Post Office or large volume customer,55359,MIN,MIN,ok,yes
55599,Loretto,MN,Post Office or large volume customer,55357,MIN,MIN,ok,yes
55730,Grand Rapids,MN,Post Office or large volume customer,55744,MIN,MIN,ok,yes
55745,Grand Rapids,MN,Post Office or large volume customer,55744,MIN,MIN,ok,yes
55766,Melrude,MN,Post Office or large volume customer,55724,MIN,MIN,ok,yes
55777,Virginia,MN,Post Office or large volume customer,55792,MIN,MIN,ok,yes
55791,Twig,MN,Post Office or large volume customer,55779,MIN,MIN,ok,yes
55801,Duluth,MN,Zip Code Area,55803,MIN,MIN,ok,yes
55815,Duluth,MN,Post Office or large volume customer,55811,MIN,MIN,ok,yes
55816,Duluth,MN,Post Office or large volume customer,55806,MIN,MIN,ok,yes
55942,Homer,MN,Post Office or large volume customer,55987,MIN,MIN,ok,yes
55988,Stockton,MN,Post Office or large volume customer,55987,MIN,MIN,ok,yes
56002,Mankato,MN,Post Office or large volume customer,56001,MIN,MIN,ok,yes
56047,Huntley,MN,Zip Code Area,56039,MIN,MIN,ok,yes
56084,Searles,MN,Post Office or large volume customer,56073,MIN,MIN,ok,yes
56302,Saint Cloud,MN,Post Office or large volume customer,56301,MIN,MIN,ok,yes
56317,Buckman,MN,Post Office or large volume customer,56364,MIN,MIN,ok,yes
56333,Gilman,MN,Post Office or large volume customer,56329,MIN,MIN,ok,yes
56341,Holmes City,MN,Post Office or large volume customer,56308,MIN,MIN,ok,yes
56344,Lastrup,MN,Post Office or large volume customer,56364,MIN,MIN,ok,yes
56372,Saint Cloud,MN,Post Office or large volume customer,56303,MIN,MIN,ok,yes
56388,Waite Park,MN,Post Office or large volume customer,56387,MIN,MIN,ok,yes
56393,Saint Cloud,MN,Post Office or large volume customer,56303,MIN,MIN,ok,yes
56395,Saint Cloud,MN,Post Office or large volume customer,56303,MIN,MIN,ok,yes
56396,Saint Cloud,MN,Post Office or large volume customer,56303,MIN,MIN,ok,yes
56397,Saint Cloud,MN,Post Office or large volume customer,56301,MIN,MIN,ok,yes
56398,Saint Cloud,MN,Post Office or large volume customer,56301,MIN,MIN,ok,yes
56399,Saint Cloud,MN,Post Office or large volume customer,56387,MIN,MIN,ok,yes
56436,Benedict,MN,Post Office or large volume customer,56461,MIN,MIN,ok,yes
56456,Jenkins,MN,Post Office or large volume customer,56472,MIN,MIN,ok,yes
56459,Lake Hubert,MN,Post Office or large volume customer,56468,MIN,MIN,ok,yes
56502,Detroit Lakes,MN,Post Office or large volume customer,56501,MIN,MIN,ok,yes
56538,Fergus Falls,MN,Post Office or large volume customer,56537,MIN,MIN,ok,yes
56561,Moorhead,MN,Post Office or large volume customer,56560,MIN,MIN,ok,yes
56577,Richwood,MN,Zip Code Area,56521,MIN,MIN,ok,yes
56593,Wolf Lake,MN,Post Office or large volume customer,56464,MIN,MIN,ok,yes
56619,Bemidji,MN,Post Office or large volume customer,56601,MIN,MIN,ok,yes
56631,Bowstring,MN,Post Office or large volume customer,56636,MIN,MIN,ok,yes
56679,South International Falls,MN,Post Office or large volume customer,56649,MIN,MIN,ok,yes
56687,Wilton,MN,Post Office or large volume customer,56601,MIN,MIN,ok,yes
56740,Noyes,MN,Zip Code Area,56755,MIN,MIN,ok,yes
56741,Oak Island,MN,Zip Code Area,56711,MIN,MIN,ok,yes
56901,Parcel Return Service,DC,Post Office or large volume customer,20018,WAS,,http 404,
56902,Parcel Return Service,DC,Post Office or large volume customer,20001,WAS,,http 404,
56904,Parcel Return Service,DC,Post Office or large volume customer,20001,WAS,,http 404,
56908,Parcel Return Service,DC,Post Office or large volume customer,20001,WAS,,http 404,
56915,Parcel Return Service,DC,Post Office or large volume customer,20018,WAS,,http 404,
56920,Parcel Return Service,DC,Post Office or large volume customer,20018,WAS,,http 404,
56933,Parcel Return Service,DC,Post Office or large volume customer,20004,WAS,,http 404,
56935,Parcel Return Service,DC,Post Office or large volume customer,20018,WAS,,http 404,
56944,Parcel Return Service,DC,Post Office or large volume customer,20018,WAS,,http 404,
56945,Parcel Return Service,DC,Post Office or large volume customer,20018,WAS,,http 404,
56950,Parcel Return Service,DC,Post Office or large volume customer,20515,WAS,,http 404,
56964,Parcel Return Service,DC,Post Office or large volume customer,20001,WAS,,http 404,
56965,Parcel Return Service,DC,Post Office or large volume customer,20018,WAS,,http 404,
56966,Parcel Return Service,DC,Post Office or large volume customer,20018,WAS,,http 404,
56967,Parcel Return Service,DC,Post Office or large volume customer,20018,WAS,,http 404,
56968,Parcel Return Service,DC,Post Office or large volume customer,20018,WAS,,http 404,
56969,Parcel Return Service,DC,Post Office or large volume customer,20018,WAS,,http 404,
56970,Parcel Return Service,DC,Post Office or large volume customer,20018,WAS,,http 404,
56971,Parcel Return Service,DC,Post Office or large volume customer,20001,WAS,,http 404,
56972,Parcel Return Service,DC,Post Office or large volume customer,20018,WAS,,http 404,
56973,Parcel Return Service,DC,Post Office or large volume customer,20001,WAS,,http 404,
56980,Parcel Return Service,DC,Post Office or large volume customer,20001,WAS,,http 404,
56981,Parcel Return Service,DC,Post Office or large volume customer,20001,WAS,,http 404,
56982,Parcel Return Service,DC,Post Office or large volume customer,20001,WAS,,http 404,
56983,Parcel Return Service,DC,Post Office or large volume customer,20001,WAS,,http 404,
56984,Parcel Return Service,DC,Post Office or large volume customer,20001,WAS,,http 404,
56985,Parcel Return Service,DC,Post Office or large volume customer,20001,WAS,,http 404,
56998,Parcel Return Service,DC,Post Office or large volume customer,20018,WAS,,http 404,
56999,Parcel Return Service,DC,Post Office or large volume customer,20018,WAS,,http 404,
57101,Sioux Falls,SD,Post Office or large volume customer,57104,MIN,MIN,ok,yes
57109,Sioux Falls,SD,Post Office or large volume customer,57106,MIN,MIN,ok,yes
57118,Sioux Falls,SD,Post Office or large volume customer,57104,MIN,MIN,ok,yes
57186,Sioux Falls,SD,Post Office or large volume customer,57104,MIN,MIN,ok,yes
57193,Sioux Falls,SD,Post Office or large volume customer,57104,MIN,MIN,ok,yes
57198,Sioux Falls,SD,Post Office or large volume customer,57030,MIN,MIN,ok,yes
57326,Chamberlain,SD,Post Office or large volume customer,57325,MIN,MIN,ok,yes
57399,Huron,SD,Post Office or large volume customer,57350,MIN,MIN,ok,yes
57402,Aberdeen,SD,Post Office or large volume customer,57401,MIN,MIN,ok,yes
57709,Rapid City,SD,Post Office or large volume customer,57702,DEN|MIN,DEN|MIN,ok,yes
58106,Fargo,ND,Post Office or large volume customer,58103,MIN,MIN,ok,yes
58107,Fargo,ND,Post Office or large volume customer,58102,MIN,MIN,ok,yes
58108,Fargo,ND,Post Office or large volume customer,58102,MIN,MIN,ok,yes
58109,Fargo,ND,Post Office or large volume customer,58103,MIN,MIN,ok,yes
58121,Fargo,ND,Post Office or large volume customer,58103,MIN,MIN,ok,yes
58122,Fargo,ND,Post Office or large volume customer,58102,MIN,MIN,ok,yes
58124,Fargo,ND,Post Office or large volume customer,58103,MIN,MIN,ok,yes
58125,Fargo,ND,Post Office or large volume customer,58103,MIN,MIN,ok,yes
58126,Fargo,ND,Post Office or large volume customer,58103,MIN,MIN,ok,yes
58206,Grand Forks,ND,Post Office or large volume customer,58201,MIN,MIN,ok,yes
58207,Grand Forks,ND,Post Office or large volume customer,58205,MIN,MIN,ok,yes
58208,Grand Forks,ND,Post Office or large volume customer,58201,MIN,MIN,ok,yes
58502,Bismarck,ND,Post Office or large volume customer,58501,MIN,MIN,ok,yes
58506,Bismarck,ND,Post Office or large volume customer,58501,MIN,MIN,ok,yes
58507,Bismarck,ND,Post Office or large volume customer,58501,MIN,MIN,ok,yes
58602,Dickinson,ND,Post Office or large volume customer,58601,MIN,MIN,ok,yes
58702,Minot,ND,Post Office or large volume customer,58701,MIN,MIN,ok,yes
58802,Williston,ND,Post Office or large volume customer,58801,MIN,MIN,ok,yes
58803,Williston,ND,Post Office or large volume customer,58801,MIN,,http 404,
59004,Ashland,MT,Post Office or large volume customer,59003,UTA,UTA,ok,yes
59073,Roundup,MT,Post Office or large volume customer,59072,UTA,UTA,ok,yes
59084,Teigen,MT,Post Office or large volume customer,59032,UTA,UTA,ok,yes
59103,Billings,MT,Post Office or large volume customer,59101,UTA,UTA,ok,yes
59104,Billings,MT,Post Office or large volume customer,59102,UTA,UTA,ok,yes
59107,Billings,MT,Post Office or large volume customer,59101,UTA,UTA,ok,yes
59108,Billings,MT,Post Office or large volume customer,59102,UTA,UTA,ok,yes
59111,Billings,MT,Post Office or large volume customer,59101,UTA,UTA,ok,yes
59112,Billings,MT,Post Office or large volume customer,59101,UTA,UTA,ok,yes
59114,Billings,MT,Post Office or large volume customer,59101,UTA,UTA,ok,yes
59115,Billings,MT,Post Office or large volume customer,59101,UTA,UTA,ok,yes
59116,Billings,MT,Post Office or large volume customer,59105,UTA,UTA,ok,yes
59117,Billings,MT,Post Office or large volume customer,59101,UTA,UTA,ok,yes
59341,Mildred,MT,Zip Code Area,59326,UTA,UTA,ok,yes
59402,Malmstrom AFB,MT,Zip Code Area,59405,UTA,UTA,ok,yes
59403,Great Falls,MT,Post Office or large volume customer,59401,UTA,UTA,ok,yes
59406,Great Falls,MT,Post Office or large volume customer,59405,UTA,UTA,ok,yes
59604,Helena,MT,Post Office or large volume customer,59601,UTA,UTA,ok,yes
59620,Helena,MT,Post Office or large volume customer,59601,UTA,UTA,ok,yes
59624,Helena,MT,Post Office or large volume customer,59601,UTA,UTA,ok,yes
59626,Helena,MT,Post Office or large volume customer,59601,UTA,UTA,ok,yes
59641,Radersburg,MT,Zip Code Area,59643,UTA,UTA,ok,yes
59702,Butte,MT,Post Office or large volume customer,59701,UTA,UTA,ok,yes
59703,Butte,MT,Post Office or large volume customer,59701,UTA,UTA,ok,yes
59707,Butte,MT,Post Office or large volume customer,59701,UTA,UTA,ok,yes
59717,Bozeman,MT,Zip Code Area,59715,UTA,UTA,ok,yes
59719,Bozeman,MT,Post Office or large volume customer,59718,UTA,UTA,ok,yes
59771,Bozeman,MT,Post Office or large volume customer,59715,UTA,UTA,ok,yes
59772,Bozeman,MT,Post Office or large volume customer,59718,UTA,UTA,ok,yes
59806,Missoula,MT,Post Office or large volume customer,59801,UTA,UTA,ok,yes
59807,Missoula,MT,Post Office or large volume customer,59802,UTA,UTA,ok,yes
59835,Grantsdale,MT,Post Office or large volume customer,59840,UTA,UTA,ok,yes
59903,Kalispell,MT,Post Office or large volume customer,59901,UTA,UTA,ok,yes
59904,Kalispell,MT,Post Office or large volume customer,59901,UTA,UTA,ok,yes
59921,Lake Mc Donald,MT,Post Office or large volume customer,59936,UTA,UTA,ok,yes
60006,Arlington Heights,IL,Post Office or large volume customer,60005,CHI,,ok,no
60009,Elk Grove Village,IL,Post Office or large volume customer,60007,CHI,,http 404,
60011,Barrington,IL,Post Office or large volume customer,60010,CHI,,ok,no
60017,Des Plaines,IL,Post Office or large volume customer,60018,CHI,,ok,no
60019,Des Plaines,IL,Post Office or large volume customer,60018,CHI,,http 404,
60037,Fort Sheridan,IL,Zip Code Area,60035,CHI,CHI,ok,yes
60038,Palatine,IL,Post Office or large volume customer,60074,CHI,,http 404,
60039,Crystal Lake,IL,Post Office or large volume customer,60014,CHI,,ok,no
60055,Palatine,IL,Post Office or large volume customer,60067,CHI,,http 404,
60065,Northbrook,IL,Post Office or large volume customer,60062,CHI,,ok,no
60078,Palatine,IL,Post Office or large volume customer,60067,CHI,,ok,no
60079,Waukegan,IL,Post Office or large volume customer,60085,CHI,,ok,no
60082,Techny,IL,Post Office or large volume customer,60093,CHI,CHI,ok,yes
60086,North Chicago,IL,Post Office or large volume customer,60064,CHI,,http 404,
60094,Palatine,IL,Post Office or large volume customer,60067,CHI,,http 404,
60095,Palatine,IL,Post Office or large volume customer,60074,CHI,,http 404,
60105,Bensenville,IL,Post Office or large volume customer,60106,CHI,,ok,no
60116,Carol Stream,IL,Post Office or large volume customer,60188,CHI,,ok,no
60117,Bloomingdale,IL,Post Office or large volume customer,60108,CHI,,http 404,
60121,Elgin,IL,Post Office or large volume customer,60124,CHI,,ok,no
60122,Carol Stream,IL,Post Office or large volume customer,60188,CHI,,http 404,
60128,Carol Stream,IL,Post Office or large volume customer,60188,CHI,,http 404,
60132,Carol Stream,IL,Post Office or large volume customer,60188,CHI,,http 404,
60138,Glen Ellyn,IL,Post Office or large volume customer,60137,CHI,,ok,no
60147,Lafox,IL,Post Office or large volume customer,60119,CHI,,ok,no
60159,Schaumburg,IL,Post Office or large volume customer,60173,CHI,,http 404,
60161,Melrose Park,IL,Post Office or large volume customer,60160,CHI,,http 404,
60168,Schaumburg,IL,Post Office or large volume customer,60194,CHI,,ok,no
60179,Hoffman Estates,IL,Zip Code Area,60192,CHI,,ok,no
60186,West Chicago,IL,Post Office or large volume customer,60185,CHI,,http 404,
60196,Schaumburg,IL,Post Office or large volume customer,60173,CHI,,ok,no
60197,Carol Stream,IL,Post Office or large volume customer,60188,CHI,,ok,no
60199,Carol Stream,IL,Post Office or large volume customer,60188,CHI,CHI,ok,yes
60204,Evanston,IL,Post Office or large volume customer,60201,CHI,,ok,no
60303,Oak Park,IL,Post Office or large volume customer,60301,CHI,,http 404,
60399,Wood Dale,IL,Post Office or large volume customer,60191,CHI,,http 404,
60412,Chicago Heights,IL,Post Office or large volume customer,60411,CHI,,http 404,
60434,Joliet,IL,Post Office or large volume customer,60436,CHI,,ok,no
60454,Oak Lawn,IL,Post Office or large volume customer,60453,CHI,,http 404,
60499,Bedford Park,IL,Post Office or large volume customer,60638,CHI,,http 404,
60507,Aurora,IL,Post Office or large volume customer,60505,CHI,,ok,no
60522,Hinsdale,IL,Post Office or large volume customer,60521,CHI,CHI,ok,yes
60566,Naperville,IL,Post Office or large volume customer,60540,CHI,,ok,no
60567,Naperville,IL,Post Office or large volume customer,60540,CHI,,ok,no
60568,Aurora,IL,Post Office or large volume customer,60505,CHI,,http 404,
60569,Aurora,IL,Post Office or large volume customer,60555,CHI,,http 404,
60572,Aurora,IL,Post Office or large volume customer,60504,CHI,,http 404,
60598,Aurora,IL,Post Office or large volume customer,60504,CHI,,http 404,
60599,Fox Valley,IL,Post Office or large volume customer,60504,CHI,CHI,ok,yes
60664,Chicago,IL,Post Office or large volume customer,60601,CHI,,ok,no
60666,Chicago,IL,Zip Code Area,60018,CHI,CHI,ok,yes
60668,Chicago,IL,Post Office or large volume customer,60616,CHI,,http 404,
60669,Chicago,IL,Post Office or large volume customer,60607,CHI,,http 404,
60670,Chicago,IL,Post Office or large volume customer,60602,CHI,,ok,no
60673,Chicago,IL,Post Office or large volume customer,60606,CHI,,http 404,
60674,Chicago,IL,Post Office or large volume customer,60603,CHI,,http 404,
60675,Chicago,IL,Post Office or large volume customer,60603,CHI,,ok,no
60677,Chicago,IL,Post Office or large volume customer,60606,CHI,,http 404,
60678,Chicago,IL,Post Office or large volume customer,60602,CHI,,http 404,
60680,Chicago,IL,Post Office or large volume customer,60607,CHI,,http 404,
60681,Chicago,IL,Post Office or large volume customer,60601,CHI,,ok,no
60682,Chicago,IL,Post Office or large volume customer,60607,CHI,,http 404,
60684,Chicago,IL,Post Office or large volume customer,60606,CHI,,ok,no
60685,Chicago,IL,Post Office or large volume customer,60604,CHI,,ok,no
60686,Chicago,IL,Post Office or large volume customer,60612,CHI,,http 404,
60687,Chicago,IL,Post Office or large volume customer,60603,CHI,,http 404,
60688,Chicago,IL,Post Office or large volume customer,60018,CHI,,http 404,
60689,Chicago,IL,Post Office or large volume customer,60607,CHI,,http 404,
60690,Chicago,IL,Post Office or large volume customer,60604,CHI,,ok,no
60691,Chicago,IL,Post Office or large volume customer,60604,CHI,,ok,no
60693,Chicago,IL,Post Office or large volume customer,60604,CHI,,ok,no
60694,Chicago,IL,Post Office or large volume customer,60603,CHI,,ok,no
60695,Chicago,IL,Post Office or large volume customer,60607,CHI,,http 404,
60696,Chicago,IL,Post Office or large volume customer,60604,CHI,,http 404,
60697,Chicago,IL,Post Office or large volume customer,60604,CHI,,ok,no
60699,Chicago,IL,Post Office or large volume customer,60607,CHI,CHI,ok,yes
60701,Chicago,IL,Post Office or large volume customer,60018,CHI,CHI,ok,yes
60944,Hopkins Park,IL,Post Office or large volume customer,60958,,,ok,yes
61105,Rockford,IL,Post Office or large volume customer,61101,CHI,,ok,no
61106,Rockford,IL,Post Office or large volume customer,61104,CHI,,ok,no
61110,Rockford,IL,Post Office or large volume customer,61107,CHI,,ok,no
61125,Rockford,IL,Post Office or large volume customer,61109,CHI,,ok,no
61126,Rockford,IL,Post Office or large volume customer,61109,CHI,,http 404,
61130,Loves Park,IL,Post Office or large volume customer,61111,CHI,,ok,no
61131,Loves Park,IL,Post Office or large volume customer,61111,CHI,,http 404,
61132,Loves Park,IL,Post Office or large volume customer,61111,CHI,,ok,no
61204,Rock Island,IL,Post Office or large volume customer,61201,CHI,CHI,ok,yes
61266,Moline,IL,Post Office or large volume customer,61265,CHI,CHI,ok,yes
61299,Rock Island,IL,Post Office or large volume customer,61201,CHI,CHI,ok,yes
61555,Pekin,IL,Post Office or large volume customer,61554,CHI|IND|MEM,CHI|IND|MEM,ok,yes
61558,Pekin,IL,Post Office or large volume customer,61554,CHI|IND|MEM,CHI|IND|MEM,ok,yes
61601,Peoria,IL,Post Office or large volume customer,61602,CHI|IND|MEM,CHI|IND|MEM,ok,yes
61612,Peoria,IL,Post Office or large volume customer,61614,CHI|IND|MEM,CHI|IND|MEM,ok,yes
61613,Peoria,IL,Post Office or large volume customer,61615,CHI|IND|MEM,CHI|IND|MEM,ok,yes
61629,Peoria,IL,Post Office or large volume customer,61602,CHI|IND|MEM,CHI|IND|MEM,ok,yes
61630,Peoria,IL,Post Office or large volume customer,61605,CHI|IND|MEM,CHI|IND|MEM,ok,yes
61633,Peoria,IL,Post Office or large volume customer,61604,CHI|IND|MEM,CHI|IND|MEM,ok,yes
61634,Peoria,IL,Post Office or large volume customer,61602,CHI|IND|MEM,CHI|IND|MEM,ok,yes
61635,East Peoria,IL,Zip Code Area,61611,CHI|IND|MEM,CHI|IND|MEM,ok,yes
61636,Peoria,IL,Post Office or large volume customer,61603,CHI|IND|MEM,CHI|IND|MEM,ok,yes
61637,Peoria,IL,Post Office or large volume customer,61603,CHI|IND|MEM,CHI|IND|MEM,ok,yes
61638,Peoria,IL,Post Office or large volume customer,61615,CHI|IND|MEM,CHI|IND|MEM,ok,yes
61639,Peoria,IL,Post Office or large volume customer,61603,CHI|IND|MEM,CHI|IND|MEM,ok,yes
61641,Peoria,IL,Post Office or large volume customer,61607,CHI|IND|MEM,CHI|IND|MEM,ok,yes
61643,Peoria,IL,Post Office or large volume customer,61614,CHI|IND|MEM,CHI|IND|MEM,ok,yes
61650,Peoria,IL,Post Office or large volume customer,61602,CHI|IND|MEM,CHI|IND|MEM,ok,yes
61651,Peoria,IL,Post Office or large volume customer,61602,CHI|IND|MEM,CHI|IND|MEM,ok,yes
61652,Peoria,IL,Post Office or large volume customer,61602,CHI|IND|MEM,CHI|IND|MEM,ok,yes
61653,Peoria,IL,Post Office or large volume customer,61602,CHI|IND|MEM,CHI|IND|MEM,ok,yes
61654,Peoria,IL,Post Office or large volume customer,61602,CHI|IND|MEM,CHI|IND|MEM,ok,yes
61655,Peoria,IL,Post Office or large volume customer,61602,CHI|IND|MEM,CHI|IND|MEM,ok,yes
61656,Peoria,IL,Post Office or large volume customer,61602,CHI|IND|MEM,CHI|IND|MEM,ok,yes
61702,Bloomington,IL,Post Office or large volume customer,61701,CHI|IND|MEM,CHI|IND|MEM,ok,yes
61709,Bloomington,IL,Post Office or large volume customer,61704,CHI|IND|MEM,CHI|IND|MEM,ok,yes
61710,Bloomington,IL,Post Office or large volume customer,61701,CHI|IND|MEM,CHI|IND|MEM,ok,yes
61758,Merna,IL,Post Office or large volume customer,61761,CHI|IND|MEM,CHI|IND|MEM,ok,yes
61790,Normal,IL,Zip Code Area,61761,CHI|IND|MEM,CHI|IND|MEM,ok,yes
61791,Bloomington,IL,Post Office or large volume customer,61701,CHI|IND|MEM,CHI|IND|MEM,ok,yes
61799,Bloomington,IL,Post Office or large volume customer,61704,CHI|IND|MEM,CHI|IND|MEM,ok,yes
61803,Urbana,IL,Post Office or large volume customer,61801,CHI|IND|MEM,CHI|IND|MEM,ok,yes
61824,Champaign,IL,Post Office or large volume customer,61820,CHI|IND|MEM,CHI|IND|MEM,ok,yes
61825,Champaign,IL,Post Office or large volume customer,61820,CHI|IND|MEM,CHI|IND|MEM,ok,yes
61826,Champaign,IL,Post Office or large volume customer,61822,CHI|IND|MEM,CHI|IND|MEM,ok,yes
62065,Michael,IL,Zip Code Area,62053,IND|MEM,IND|MEM,ok,yes
62070,Mozier,IL,Zip Code Area,62053,IND|MEM,IND|MEM,ok,yes
62071,National Stock Yards,IL,Zip Code Area,62201,IND|MEM,IND|MEM,ok,yes
62202,East Saint Louis,IL,Post Office or large volume customer,62201,IND|MEM,IND|MEM,ok,yes
62222,Belleville,IL,Post Office or large volume customer,62220,IND|MEM,IND|MEM,ok,yes
62252,Huey,IL,Post Office or large volume customer,62231,IND|MEM,IND|MEM,ok,yes
62259,Menard,IL,Post Office or large volume customer,62233,IND|MEM,IND|MEM,ok,yes
62306,Quincy,IL,Post Office or large volume customer,62301,CHI|IND|MEM,CHI|IND|MEM,ok,yes
62329,Colusa,IL,Post Office or large volume customer,62358,CHI|IND|MEM,CHI|IND|MEM,ok,yes
62524,Decatur,IL,Post Office or large volume customer,62526,CHI|IND|MEM,CHI|IND|MEM,ok,yes
62525,Decatur,IL,Post Office or large volume customer,62523,CHI|IND|MEM,CHI|IND|MEM,ok,yes
62651,Jacksonville,IL,Post Office or large volume customer,62650,CHI|IND|MEM,CHI|IND|MEM,ok,yes
62659,Lincolns New Salem,IL,Post Office or large volume customer,62675,CHI|IND|MEM,CHI|IND|MEM,ok,yes
62660,Literberry,IL,Post Office or large volume customer,62650,CHI|IND|MEM,CHI|IND|MEM,ok,yes
62662,Lowder,IL,Post Office or large volume customer,62692,CHI|IND|MEM,CHI|IND|MEM,ok,yes
62683,Scottville,IL,Post Office or large volume customer,62667,CHI|IND|MEM,CHI|IND|MEM,ok,yes
62705,Springfield,IL,Post Office or large volume customer,62701,CHI|IND|MEM,CHI|IND|MEM,ok,yes
62708,Springfield,IL,Post Office or large volume customer,62703,CHI|IND|MEM,CHI|IND|MEM,ok,yes
62715,Springfield,IL,Post Office or large volume customer,62701,CHI|IND|MEM,CHI|IND|MEM,ok,yes
62716,Springfield,IL,Post Office or large volume customer,62712,IND|MEM,CHI|IND|MEM,ok,no
62719,Springfield,IL,Post Office or large volume customer,62701,CHI|IND|MEM,CHI|IND|MEM,ok,yes
62722,Springfield,IL,Post Office or large volume customer,62706,CHI|IND|MEM,CHI|IND|MEM,ok,yes
62723,Springfield,IL,Post Office or large volume customer,62703,CHI|IND|MEM,CHI|IND|MEM,ok,yes
62726,Springfield,IL,Post Office or large volume customer,62701,CHI|IND|MEM,CHI|IND|MEM,ok,yes
62736,Springfield,IL,Post Office or large volume customer,62701,CHI|IND|MEM,CHI|IND|MEM,ok,yes
62739,Springfield,IL,Post Office or large volume customer,62701,CHI|IND|MEM,CHI|IND|MEM,ok,yes
62756,Springfield,IL,Post Office or large volume customer,62706,CHI|IND|MEM,CHI|IND|MEM,ok,yes
62757,Springfield,IL,Post Office or large volume customer,62701,CHI|IND|MEM,CHI|IND|MEM,ok,yes
62761,Springfield,IL,Post Office or large volume customer,62702,CHI|IND|MEM,CHI|IND|MEM,ok,yes
62762,Springfield,IL,Post Office or large volume customer,62704,CHI|IND|MEM,CHI|IND|MEM,ok,yes
62763,Springfield,IL,Post Office or large volume customer,62704,CHI|IND|MEM,CHI|IND|MEM,ok,yes
62764,Springfield,IL,Post Office or large volume customer,62703,CHI|IND|MEM,CHI|IND|MEM,ok,yes
62765,Springfield,IL,Post Office or large volume customer,62701,CHI|IND|MEM,CHI|IND|MEM,ok,yes
62766,Springfield,IL,Post Office or large volume customer,62702,CHI|IND|MEM,CHI|IND|MEM,ok,yes
62767,Springfield,IL,Post Office or large volume customer,62701,CHI|IND|MEM,CHI|IND|MEM,ok,yes
62769,Springfield,IL,Post Office or large volume customer,62702,CHI|IND|MEM,CHI|IND|MEM,ok,yes
62776,Springfield,IL,Post Office or large volume customer,62701,CHI|IND|MEM,CHI|IND|MEM,ok,yes
62777,Springfield,IL,Post Office or large volume customer,62701,CHI|IND|MEM,CHI|IND|MEM,ok,yes
62781,Springfield,IL,Post Office or large volume customer,62702,CHI|IND|MEM,CHI|IND|MEM,ok,yes
62786,Springfield,IL,Post Office or large volume customer,62701,CHI|IND|MEM,CHI|IND|MEM,ok,yes
62791,Springfield,IL,Post Office or large volume customer,62704,CHI|IND|MEM,CHI|IND|MEM,ok,yes
62794,Springfield,IL,Post Office or large volume customer,62703,CHI|IND|MEM,CHI|IND|MEM,ok,yes
62796,Springfield,IL,Post Office or large volume customer,62703,CHI|IND|MEM,CHI|IND|MEM,ok,yes
62834,Emma,IL,Post Office or large volume customer,62861,CHI|IND|MEM,CHI|IND|MEM,ok,yes
62840,Frankfort Heights,IL,Post Office or large volume customer,62896,CHI|IND|MEM,CHI|IND|MEM,ok,yes
62866,Nason,IL,Post Office or large volume customer,62816,CHI|IND|MEM,CHI|IND|MEM,ok,yes
62909,Boles,IL,Zip Code Area,62995,CHI|IND|MEM,CHI|IND|MEM,ok,yes
62973,Perks,IL,Post Office or large volume customer,62992,CHI|IND|MEM,CHI|IND|MEM,ok,yes
62993,Unity,IL,Post Office or large volume customer,62988,CHI|IND|MEM,CHI|IND|MEM,ok,yes
63006,Chesterfield,MO,Post Office or large volume customer,63017,IND|MEM,IND|MEM,ok,yes
63022,Ballwin,MO,Post Office or large volume customer,63011,IND|MEM,IND|MEM,ok,yes
63024,Ballwin,MO,Post Office or large volume customer,63021,IND|MEM,IND|MEM,ok,yes
63032,Florissant,MO,Post Office or large volume customer,63033,IND|MEM,IND|MEM,ok,yes
63057,Liguori,MO,Post Office or large volume customer,63012,IND|MEM,IND|MEM,ok,yes
63065,Mapaville,MO,Post Office or large volume customer,63050,IND|MEM,IND|MEM,ok,yes
63066,Morse Mill,MO,Post Office or large volume customer,63050,IND|MEM,IND|MEM,ok,yes
63099,Fenton,MO,Post Office or large volume customer,63026,IND|MEM,IND|MEM,ok,yes
63145,Saint Louis,MO,Zip Code Area,63134,IND|MEM,IND|MEM,ok,yes
63150,Saint Louis,MO,Post Office or large volume customer,63101,IND|MEM,IND|MEM,ok,yes
63151,Saint Louis,MO,Post Office or large volume customer,63129,IND|MEM,IND|MEM,ok,yes
63156,Saint Louis,MO,Post Office or large volume customer,63108,IND|MEM,IND|MEM,ok,yes
63157,Saint Louis,MO,Post Office or large volume customer,63104,IND|MEM,IND|MEM,ok,yes
63158,Saint Louis,MO,Post Office or large volume customer,63118,IND|MEM,IND|MEM,ok,yes
63160,Saint Louis,MO,Post Office or large volume customer,63102,IND|MEM,IND|MEM,ok,yes
63163,Saint Louis,MO,Post Office or large volume customer,63118,IND|MEM,IND|MEM,ok,yes
63164,Saint Louis,MO,Post Office or large volume customer,63102,IND|MEM,IND|MEM,ok,yes
63166,Saint Louis,MO,Post Office or large volume customer,63155,IND|MEM,IND|MEM,ok,yes
63167,Saint Louis,MO,Post Office or large volume customer,63141,IND|MEM,IND|MEM,ok,yes
63169,Saint Louis,MO,Post Office or large volume customer,63101,IND|MEM,IND|MEM,ok,yes
63171,Saint Louis,MO,Post Office or large volume customer,63119,IND|MEM,IND|MEM,ok,yes
63177,Saint Louis,MO,Post Office or large volume customer,63155,IND|MEM,IND|MEM,ok,yes
63178,Saint Louis,MO,Post Office or large volume customer,63155,IND|MEM,IND|MEM,ok,yes
63179,Saint Louis,MO,Post Office or large volume customer,63103,IND|MEM,IND|MEM,ok,yes
63180,Saint Louis,MO,Post Office or large volume customer,63155,IND|MEM,IND|MEM,ok,yes
63188,Saint Louis,MO,Post Office or large volume customer,63101,IND|MEM,IND|MEM,ok,yes
63195,Saint Louis,MO,Post Office or large volume customer,63105,IND|MEM,IND|MEM,ok,yes
63197,Saint Louis,MO,Post Office or large volume customer,63103,IND|MEM,IND|MEM,ok,yes
63199,Saint Louis,MO,Post Office or large volume customer,63101,IND|MEM,IND|MEM,ok,yes
63302,Saint Charles,MO,Post Office or large volume customer,63301,IND|MEM,IND|MEM,ok,yes
63338,Cottleville,MO,Post Office or large volume customer,63304,IND|MEM,IND|MEM,ok,yes
63342,Dutzow,MO,Post Office or large volume customer,63357,IND|MEM,IND|MEM,ok,yes
63346,Flinthill,MO,Post Office or large volume customer,63385,IND|MEM,IND|MEM,ok,yes
63370,Olney,MO,Post Office or large volume customer,63377,IND|MEM,IND|MEM,ok,yes
63378,Treloar,MO,Post Office or large volume customer,63357,IND|MEM,IND|MEM,ok,yes
63442,Granger,MO,Post Office or large volume customer,63432,IND|MEM,IND|MEM,ok,yes
63632,Cascade,MO,Post Office or large volume customer,63655,IND|MEM,IND|MEM,ok,yes
63651,Knob Lick,MO,Post Office or large volume customer,63640,IND|MEM,IND|MEM,ok,yes
63666,Reynolds,MO,Post Office or large volume customer,63638,IND|MEM,IND|MEM,ok,yes
63702,Cape Girardeau,MO,Post Office or large volume customer,63701,IND|MEM,IND|MEM,ok,yes
63737,Brazeau,MO,Zip Code Area,63748,IND|MEM,IND|MEM,ok,yes
63752,Gordonville,MO,Post Office or large volume customer,63701,IND|MEM,IND|MEM,ok,yes
63776,Mc Bride,MO,Post Office or large volume customer,63775,IND|MEM,IND|MEM,ok,yes
63779,Pocahontas,MO,Post Office or large volume customer,63755,IND|MEM,IND|MEM,ok,yes
63875,Rives,MO,Post Office or large volume customer,63855,MEM,IND|MEM,ok,no
63881,Wolf Island,MO,Post Office or large volume customer,63845,IND|MEM,IND|MEM,ok,yes
63902,Poplar Bluff,MO,Post Office or large volume customer,63901,IND|MEM,IND|MEM,ok,yes
63931,Briar,MO,Zip Code Area,63935,IND|MEM,IND|MEM,ok,yes
64002,Lees Summit,MO,Post Office or large volume customer,64086,OKC,OKC,ok,yes
64013,Blue Springs,MO,Post Office or large volume customer,64014,OKC,OKC,ok,yes
64051,Independence,MO,Post Office or large volume customer,64050,OKC,OKC,ok,yes
64069,Liberty,MO,Post Office or large volume customer,64068,OKC,OKC,ok,yes
64073,Mosby,MO,Post Office or large volume customer,64024,OKC,OKC,ok,yes
64121,Kansas City,MO,Post Office or large volume customer,64127,OKC,OKC,ok,yes
64141,Kansas City,MO,Post Office or large volume customer,64108,OKC,OKC,ok,yes
64144,Kansas City,MO,Post Office or large volume customer,64161,OKC,OKC,ok,yes
64148,Kansas City,MO,Post Office or large volume customer,64145,OKC,OKC,ok,yes
64162,Kansas City,MO,Post Office or large volume customer,64161,OKC,OKC,ok,yes
64168,Kansas City,MO,Post Office or large volume customer,64150,OKC,OKC,ok,yes
64170,Kansas City,MO,Post Office or large volume customer,64131,OKC,OKC,ok,yes
64171,Kansas City,MO,Post Office or large volume customer,64111,OKC,OKC,ok,yes
64179,Kansas City,MO,Post Office or large volume customer,64108,OKC,OKC,ok,yes
64180,Kansas City,MO,Post Office or large volume customer,64106,OKC,OKC,ok,yes
64184,Kansas City,MO,Post Office or large volume customer,64106,OKC,OKC,ok,yes
64187,Kansas City,MO,Post Office or large volume customer,64106,OKC,OKC,ok,yes
64188,Kansas City,MO,Post Office or large volume customer,64118,OKC,OKC,ok,yes
64190,Kansas City,MO,Post Office or large volume customer,64154,OKC,OKC,ok,yes
64191,Kansas City,MO,Post Office or large volume customer,64124,OKC,OKC,ok,yes
64195,Kansas City,MO,Post Office or large volume customer,64152,OKC,OKC,ok,yes
64196,Kansas City,MO,Post Office or large volume customer,64106,OKC,OKC,ok,yes
64197,Kansas City,MO,Post Office or large volume customer,64131,OKC,OKC,ok,yes
64198,Kansas City,MO,Post Office or large volume customer,64106,OKC,OKC,ok,yes
64199,Kansas City,MO,Post Office or large volume customer,64106,OKC,OKC,ok,yes
64502,Saint Joseph,MO,Post Office or large volume customer,64501,OKC,OKC,ok,yes
64508,Saint Joseph,MO,Post Office or large volume customer,64506,OKC,OKC,ok,yes
64680,Stet,MO,Post Office or large volume customer,64668,OKC,OKC,ok,yes
64766,Milford,MO,Post Office or large volume customer,64759,OKC,OKC,ok,yes
64802,Joplin,MO,Post Office or large volume customer,64801,MEM|OKC,MEM|OKC,ok,yes
64803,Joplin,MO,Post Office or large volume customer,64804,MEM|OKC,MEM|OKC,ok,yes
64853,Newtonia,MO,Post Office or large volume customer,64866,MEM|OKC,MEM|OKC,ok,yes
64864,Saginaw,MO,Post Office or large volume customer,64804,MEM|OKC,MEM|OKC,ok,yes
64999,Kansas City,MO,Post Office or large volume customer,64108,OKC,,http 404,
65036,Gasconade,MO,Post Office or large volume customer,65041,MEM,MEM,ok,yes
65038,Laurie,MO,Post Office or large volume customer,65037,MEM,MEM,ok,yes
65042,High Point,MO,Zip Code Area,65074,MEM,MEM,ok,yes
65055,Mc Girk,MO,Post Office or large volume customer,65018,MEM,MEM,ok,yes
65102,Jefferson City,MO,Post Office or large volume customer,65101,MEM,MEM,ok,yes
65103,Jefferson City,MO,Post Office or large volume customer,65101,MEM,MEM,ok,yes
65104,Jefferson City,MO,Post Office or large volume customer,65101,MEM,MEM,ok,yes
65105,Jefferson City,MO,Post Office or large volume customer,65101,MEM,MEM,ok,yes
65106,Jefferson City,MO,Post Office or large volume customer,65101,MEM,MEM,ok,yes
65107,Jefferson City,MO,Post Office or large volume customer,65101,MEM,MEM,ok,yes
65108,Jefferson City,MO,Post Office or large volume customer,65101,MEM,MEM,ok,yes
65110,Jefferson City,MO,Post Office or large volume customer,65109,MEM,MEM,ok,yes
65111,Jefferson City,MO,Post Office or large volume customer,65101,MEM,MEM,ok,yes
65205,Columbia,MO,Post Office or large volume customer,65201,MEM,MEM,ok,yes
65211,Columbia,MO,Zip Code Area,65203,MEM,MEM,ok,yes
65212,Columbia,MO,Post Office or large volume customer,65201,MEM,MEM,ok,yes
65217,Columbia,MO,Post Office or large volume customer,65201,MEM,MEM,ok,yes
65218,Columbia,MO,Post Office or large volume customer,65203,MEM,MEM,ok,yes
65299,Columbia,MO,Post Office or large volume customer,65201,MEM,MEM,ok,yes
65302,Sedalia,MO,Post Office or large volume customer,65301,MEM,MEM,ok,yes
65402,Rolla,MO,Post Office or large volume customer,65401,MEM,MEM,ok,yes
65532,Lake Spring,MO,Post Office or large volume customer,65401,MEM,MEM,ok,yes
65546,Montier,MO,Post Office or large volume customer,65438,MEM,MEM,ok,yes
65607,Caplinger Mills,MO,Post Office or large volume customer,65785,MEM|OKC,MEM|OKC,ok,yes
65615,Branson,MO,Post Office or large volume customer,65616,MEM|OKC,MEM|OKC,ok,yes
65636,Diggins,MO,Post Office or large volume customer,65746,MEM|OKC,MEM|OKC,ok,yes
65645,Morrisville,MO,Post Office or large volume customer,65770,MEM|OKC,MEM|OKC,ok,yes
65673,Hollister,MO,Post Office or large volume customer,65739,MEM|OKC,MEM|OKC,ok,yes
65765,Turners,MO,Post Office or large volume customer,65809,MEM|OKC,MEM|OKC,ok,yes
65805,Springfield,MO,Post Office or large volume customer,65801,MEM|OKC,MEM|OKC,ok,yes
65808,Springfield,MO,Post Office or large volume customer,65804,MEM|OKC,MEM|OKC,ok,yes
65814,Springfield,MO,Post Office or large volume customer,65804,MEM|OKC,MEM|OKC,ok,yes
65817,Springfield,MO,Post Office or large volume customer,65807,MEM|OKC,MEM|OKC,ok,yes
65890,Springfield,MO,Post Office or large volume customer,65804,MEM|OKC,MEM|OKC,ok,yes
65898,Springfield,MO,Post Office or large volume customer,65803,MEM|OKC,MEM|OKC,ok,yes
65899,Springfield,MO,Post Office or large volume customer,65804,MEM|OKC,MEM|OKC,ok,yes
66036,Hillsdale,KS,Post Office or large volume customer,66071,DEN|OKC,DEN|OKC,ok,yes
66051,Olathe,KS,Post Office or large volume customer,66061,DEN|OKC,DEN|OKC,ok,yes
66063,Olathe,KS,Post Office or large volume customer,66062,DEN|OKC,DEN|OKC,ok,yes
66110,Kansas City,KS,Post Office or large volume customer,66102,DEN|OKC,DEN|OKC,ok,yes
66113,Edwardsville,KS,Zip Code Area,66111,DEN|OKC,DEN|OKC,ok,yes
66117,Kansas City,KS,Post Office or large volume customer,66101,DEN|OKC,DEN|OKC,ok,yes
66119,Kansas City,KS,Post Office or large volume customer,66103,DEN|OKC,DEN|OKC,ok,yes
66201,Mission,KS,Post Office or large volume customer,66202,DEN|OKC,DEN|OKC,ok,yes
66222,Mission,KS,Post Office or large volume customer,66205,DEN|OKC,DEN|OKC,ok,yes
66225,Overland Park,KS,Post Office or large volume customer,66213,DEN|OKC,DEN|OKC,ok,yes
66250,Lenexa,KS,Post Office or large volume customer,66219,DEN|OKC,DEN|OKC,ok,yes
66276,Lenexa,KS,Post Office or large volume customer,66202,DEN|OKC,DEN|OKC,ok,yes
66282,Overland Park,KS,Post Office or large volume customer,66212,DEN|OKC,DEN|OKC,ok,yes
66283,Overland Park,KS,Post Office or large volume customer,66223,DEN|OKC,DEN|OKC,ok,yes
66285,Lenexa,KS,Post Office or large volume customer,66215,DEN|OKC,DEN|OKC,ok,yes
66286,Shawnee,KS,Post Office or large volume customer,66226,DEN|OKC,DEN|OKC,ok,yes
66420,Dover,KS,Post Office or large volume customer,66610,DEN|MIN|OKC,DEN|MIN|OKC,ok,yes
66426,Fostoria,KS,Post Office or large volume customer,66549,DEN|MIN|OKC,DEN|MIN|OKC,ok,yes
66505,Manhattan,KS,Post Office or large volume customer,66502,DEN|MIN|OKC,DEN|MIN|OKC,ok,yes
66601,Topeka,KS,Post Office or large volume customer,66603,DEN|MIN|OKC,DEN|MIN|OKC,ok,yes
66620,Topeka,KS,Post Office or large volume customer,66619,DEN|MIN|OKC,DEN|MIN|OKC,ok,yes
66624,Topeka,KS,Post Office or large volume customer,66619,DEN|MIN|OKC,DEN|MIN|OKC,ok,yes
66625,Topeka,KS,Post Office or large volume customer,66612,DEN|MIN|OKC,DEN|MIN|OKC,ok,yes
66626,Topeka,KS,Post Office or large volume customer,66612,DEN|MIN|OKC,DEN|MIN|OKC,ok,yes
66629,Topeka,KS,Post Office or large volume customer,66612,DEN|MIN|OKC,DEN|MIN|OKC,ok,yes
66630,Topeka,KS,Post Office or large volume customer,66619,DEN|MIN|OKC,,http 404,
66636,Topeka,KS,Post Office or large volume customer,66606,DEN|MIN|OKC,DEN|MIN|OKC,ok,yes
66647,Topeka,KS,Post Office or large volume customer,66604,DEN|MIN|OKC,DEN|MIN|OKC,ok,yes
66667,Topeka,KS,Post Office or large volume customer,66604,DEN|MIN|OKC,DEN|MIN|OKC,ok,yes
66675,Topeka,KS,Post Office or large volume customer,66618,DEN|MIN|OKC,DEN|MIN|OKC,ok,yes
66683,Topeka,KS,Post Office or large volume customer,66603,DEN|MIN|OKC,DEN|MIN|OKC,ok,yes
66699,Topeka,KS,Post Office or large volume customer,66612,DEN|MIN|OKC,DEN|MIN|OKC,ok,yes
66728,Crestline,KS,Zip Code Area,66739,DEN|MIN|OKC,DEN|MIN|OKC,ok,yes
66855,Lamont,KS,Post Office or large volume customer,66860,DEN|MIN|OKC,DEN|MIN|OKC,ok,yes
67201,Wichita,KS,Post Office or large volume customer,67202,DEN|MIN|OKC,DEN|MIN|OKC,ok,yes
67275,Wichita,KS,Post Office or large volume customer,67209,DEN|MIN|OKC,DEN|MIN|OKC,ok,yes
67276,Wichita,KS,Post Office or large volume customer,67209,DEN|MIN|OKC,DEN|MIN|OKC,ok,yes
67277,Wichita,KS,Post Office or large volume customer,67209,DEN|MIN|OKC,DEN|MIN|OKC,ok,yes
67278,Wichita,KS,Post Office or large volume customer,67207,DEN|MIN|OKC,DEN|MIN|OKC,ok,yes
67402,Salina,KS,Post Office or large volume customer,67401,DEN|MIN|OKC,DEN|MIN|OKC,ok,yes
67504,Hutchinson,KS,Post Office or large volume customer,67501,DEN|MIN|OKC,DEN|MIN|OKC,ok,yes
67585,Yoder,KS,Post Office or large volume customer,67501,DEN|MIN|OKC,DEN|MIN|OKC,ok,yes
67905,Liberal,KS,Post Office or large volume customer,67901,DEN|MIN|OKC,DEN|MIN|OKC,ok,yes
68026,Fremont,NE,Post Office or large volume customer,68025,DEN|MIN|OKC,DEN|MIN|OKC,ok,yes
68101,Omaha,NE,Post Office or large volume customer,68102,DEN|MIN|OKC,DEN|MIN|OKC,ok,yes
68103,Omaha,NE,Post Office or large volume customer,68108,DEN|MIN|OKC,DEN|MIN|OKC,ok,yes
68109,Omaha,NE,Post Office or large volume customer,68108,DEN|MIN|OKC,DEN|MIN|OKC,ok,yes
68119,Omaha,NE,Post Office or large volume customer,68110,DEN|MIN|OKC,DEN|MIN|OKC,ok,yes
68139,Omaha,NE,Post Office or large volume customer,68137,DEN|MIN|OKC,DEN|MIN|OKC,ok,yes
68145,Omaha,NE,Post Office or large volume customer,68137,DEN|MIN|OKC,DEN|MIN|OKC,ok,yes
68172,Omaha,NE,Post Office or large volume customer,68131,DEN|MIN|OKC,DEN|MIN|OKC,ok,yes
68175,Omaha,NE,Post Office or large volume customer,68131,DEN|MIN|OKC,DEN|MIN|OKC,ok,yes
68176,Omaha,NE,Post Office or large volume customer,68102,DEN|MIN|OKC,DEN|MIN|OKC,ok,yes
68179,Omaha,NE,Post Office or large volume customer,68102,DEN|MIN|OKC,DEN|MIN|OKC,ok,yes
68180,Omaha,NE,Post Office or large volume customer,68124,DEN|MIN|OKC,DEN|MIN|OKC,ok,yes
68197,Omaha,NE,Post Office or large volume customer,68102,DEN|MIN|OKC,DEN|MIN|OKC,ok,yes
68198,Omaha,NE,Zip Code Area,68131,DEN|MIN|OKC,DEN|MIN|OKC,ok,yes
68501,Lincoln,NE,Post Office or large volume customer,68508,DEN|MIN|OKC,DEN|MIN|OKC,ok,yes
68509,Lincoln,NE,Post Office or large volume customer,68508,DEN|MIN|OKC,DEN|MIN|OKC,ok,yes
68529,Lincoln,NE,Post Office or large volume customer,68507,DEN|MIN|OKC,DEN|MIN|OKC,ok,yes
68542,Lincoln,NE,Post Office or large volume customer,68502,DEN|MIN|OKC,DEN|MIN|OKC,ok,yes
68544,Lincoln,NE,Post Office or large volume customer,68512,DEN|MIN|OKC,MIN|OKC,ok,no
68583,Lincoln,NE,Zip Code Area,68503,DEN|MIN|OKC,DEN|MIN|OKC,ok,yes
68602,Columbus,NE,Post Office or large volume customer,68601,DEN|MIN|OKC,DEN|MIN|OKC,ok,yes
68702,Norfolk,NE,Post Office or large volume customer,68701,DEN|MIN|OKC,DEN|MIN|OKC,ok,yes
68738,Hadar,NE,Post Office or large volume customer,68701,DEN|MIN|OKC,DEN|MIN|OKC,ok,yes
68802,Grand Island,NE,Post Office or large volume customer,68803,DEN|MIN|OKC,DEN|MIN|OKC,ok,yes
68848,Kearney,NE,Post Office or large volume customer,68847,DEN|MIN|OKC,DEN|MIN|OKC,ok,yes
68902,Hastings,NE,Post Office or large volume customer,68901,DEN|MIN|OKC,DEN|MIN|OKC,ok,yes
68969,Ragan,NE,Zip Code Area,68949,DEN|MIN|OKC,DEN|MIN|OKC,ok,yes
69103,North Platte,NE,Post Office or large volume customer,69101,DEN|MIN,DEN|MIN,ok,yes
69160,Sidney,NE,Post Office or large volume customer,69162,DEN|MIN,DEN|MIN,ok,yes
69363,Scottsbluff,NE,Post Office or large volume customer,69361,DEN,DEN,ok,yes
70004,Metairie,LA,Post Office or large volume customer,70001,NOP,,ok,no
70009,Metairie,LA,Post Office or large volume customer,70002,NOP,,http 404,
70010,Metairie,LA,Post Office or large volume customer,70002,NOP,,ok,no
70011,Metairie,LA,Post Office or large volume customer,70002,NOP,,ok,no
70033,Metairie,LA,Post Office or large volume customer,70003,NOP,,http 404,
70044,Chalmette,LA,Post Office or large volume customer,70043,NOP,,ok,no
70054,Gretna,LA,Post Office or large volume customer,70053,NOP,,ok,no
70055,Metairie,LA,Post Office or large volume customer,70005,NOP,,http 404,
70059,Harvey,LA,Post Office or large volume customer,70058,NOP,,ok,no
70060,Metairie,LA,Post Office or large volume customer,70002,NOP,,http 404,
70063,Kenner,LA,Post Office or large volume customer,70062,NOP,,ok,no
70064,Kenner,LA,Post Office or large volume customer,70065,NOP,,ok,no
70069,LA Place,LA,Post Office or large volume customer,70068,NOP,,ok,no
70073,Marrero,LA,Post Office or large volume customer,70072,NOP,,http 404,
70078,New Sarpy,LA,Post Office or large volume customer,70047,NOP,,http 404,
70081,Pilottown,LA,Zip Code Area,70091,NOP,NOP,ok,yes
70093,Belle Chasse,LA,Post Office or large volume customer,70037,NOP,,http 404,
70096,Westwego,LA,Post Office or large volume customer,70094,NOP,,http 404,
70097,Kenner,LA,Post Office or large volume customer,70062,NOP,,http 404,
70141,New Orleans,LA,Post Office or large volume customer,70126,NOP,,http 404,
70142,New Orleans,LA,Post Office or large volume customer,70113,NOP,,http 404,
70143,New Orleans,LA,Post Office or large volume customer,70037,NOP,,http 404,
70145,New Orleans,LA,Post Office or large volume customer,70117,NOP,,http 404,
70146,New Orleans,LA,Post Office or large volume customer,70117,NOP,,ok,no
70150,New Orleans,LA,Post Office or large volume customer,70112,NOP,,http 404,
70151,New Orleans,LA,Post Office or large volume customer,70112,NOP,,ok,no
70152,New Orleans,LA,Post Office or large volume customer,70112,NOP,,ok,no
70153,New Orleans,LA,Post Office or large volume customer,70112,NOP,,http 404,
70154,New Orleans,LA,Post Office or large volume customer,70115,NOP,,http 404,
70156,New Orleans,LA,Post Office or large volume customer,70112,NOP,,http 404,
70157,New Orleans,LA,Post Office or large volume customer,70112,NOP,,ok,no
70158,New Orleans,LA,Post Office or large volume customer,70112,NOP,,http 404,
70159,New Orleans,LA,Post Office or large volume customer,70117,NOP,,http 404,
70160,New Orleans,LA,Post Office or large volume customer,70113,NOP,,ok,no
70161,New Orleans,LA,Post Office or large volume customer,70113,NOP,,ok,no
70162,New Orleans,LA,Post Office or large volume customer,70112,NOP,,ok,no
70164,New Orleans,LA,Post Office or large volume customer,70113,NOP,,http 404,
70165,New Orleans,LA,Post Office or large volume customer,70130,NOP,,ok,no
70166,New Orleans,LA,Post Office or large volume customer,70113,NOP,,http 404,
70167,New Orleans,LA,Post Office or large volume customer,70119,NOP,,http 404,
70170,New Orleans,LA,Post Office or large volume customer,70130,NOP,,ok,no
70172,New Orleans,LA,Post Office or large volume customer,70130,NOP,,http 404,
70174,New Orleans,LA,Post Office or large volume customer,70114,NOP,,ok,no
70175,New Orleans,LA,Post Office or large volume customer,70115,NOP,,http 404,
70176,New Orleans,LA,Post Office or large volume customer,70130,NOP,,http 404,
70177,New Orleans,LA,Post Office or large volume customer,70117,NOP,,http 404,
70178,New Orleans,LA,Post Office or large volume customer,70118,NOP,NOP,ok,yes
70179,New Orleans,LA,Post Office or large volume customer,70119,NOP,,ok,no
70181,New Orleans,LA,Post Office or large volume customer,70123,NOP,,ok,no
70182,New Orleans,LA,Post Office or large volume customer,70122,NOP,,ok,no
70183,New Orleans,LA,Post Office or large volume customer,70123,NOP,,ok,no
70184,New Orleans,LA,Post Office or large volume customer,70119,NOP,,http 404,
70185,New Orleans,LA,Post Office or large volume customer,70118,NOP,,http 404,
70186,New Orleans,LA,Post Office or large volume customer,70126,NOP,,http 404,
70187,New Orleans,LA,Post Office or large volume customer,70127,NOP,,http 404,
70189,New Orleans,LA,Post Office or large volume customer,70129,NOP,,ok,no
70190,New Orleans,LA,Post Office or large volume customer,70130,NOP,,http 404,
70195,New Orleans,LA,Post Office or large volume customer,70112,NOP,,http 404,
70302,Thibodaux,LA,Post Office or large volume customer,70301,NOP,,ok,no
70361,Houma,LA,Post Office or large volume customer,70360,NOP,,ok,no
70371,Kraemer,LA,Post Office or large volume customer,70301,NOP,,http 404,
70381,Morgan City,LA,Post Office or large volume customer,70380,NOP,NOP,ok,yes
70404,Hammond,LA,Post Office or large volume customer,70401,NOP,,ok,no
70421,Akers,LA,Post Office or large volume customer,70454,NOP,,ok,no
70429,Bogalusa,LA,Post Office or large volume customer,70427,NOP,,http 404,
70434,Covington,LA,Post Office or large volume customer,70433,NOP,,ok,no
70459,Slidell,LA,Post Office or large volume customer,70458,NOP,,ok,no
70467,Varnado,LA,Zip Code Area,70426,NOP,NOP,ok,yes
70469,Slidell,LA,Post Office or large volume customer,70460,NOP,,http 404,
70470,Mandeville,LA,Post Office or large volume customer,70471,NOP,,ok,no
70502,Lafayette,LA,Post Office or large volume customer,70501,NOP,NOP,ok,yes
70504,Lafayette,LA,Zip Code Area,70506,NOP,NOP,ok,yes
70505,Lafayette,LA,Post Office or large volume customer,70503,NOP,NOP,ok,yes
70509,Lafayette,LA,Post Office or large volume customer,70501,NOP,NOP,ok,yes
70511,Abbeville,LA,Post Office or large volume customer,70510,NOP,NOP,ok,yes
70521,Cecilia,LA,Post Office or large volume customer,70517,NOP,NOP,ok,yes
70527,Crowley,LA,Post Office or large volume customer,70526,NOP,NOP,ok,yes
70540,Garden City,LA,Post Office or large volume customer,70538,NOP,NOP,ok,yes
70562,New Iberia,LA,Post Office or large volume customer,70560,NOP,NOP,ok,yes
70569,Lydia,LA,Post Office or large volume customer,70560,NOP,NOP,ok,yes
70571,Opelousas,LA,Post Office or large volume customer,70570,NOP,,ok,no
70593,Lafayette,LA,Post Office or large volume customer,70501,NOP,NOP,ok,yes
70596,Lafayette,LA,Post Office or large volume customer,70506,NOP,NOP,ok,yes
70598,Lafayette,LA,Post Office or large volume customer,70508,NOP,NOP,ok,yes
70602,Lake Charles,LA,Post Office or large volume customer,70601,DAL|HOU|NOP,DAL|HOU|NOP,ok,yes
70606,Lake Charles,LA,Post Office or large volume customer,70605,DAL|HOU|NOP,DAL|HOU|NOP,ok,yes
70612,Lake Charles,LA,Post Office or large volume customer,70611,DAL|HOU|NOP,DAL|HOU|NOP,ok,yes
70616,Lake Charles,LA,Post Office or large volume customer,70615,DAL|HOU|NOP,DAL|HOU|NOP,ok,yes
70664,Sulphur,LA,Post Office or large volume customer,70663,DAL|HOU|NOP,DAL|HOU|NOP,ok,yes
70704,Baker,LA,Post Office or large volume customer,70714,NOP,NOP,ok,yes
70707,Gonzales,LA,Post Office or large volume customer,70737,NOP,NOP,ok,yes
70718,Brittany,LA,Post Office or large volume customer,70737,NOP,NOP,ok,yes
70727,Denham Springs,LA,Post Office or large volume customer,70726,NOP,NOP,ok,yes
70728,Duplessis,LA,Post Office or large volume customer,70737,NOP,NOP,ok,yes
70738,Burnside,LA,Post Office or large volume customer,70778,NOP,NOP,ok,yes
70765,Plaquemine,LA,Post Office or large volume customer,70764,NOP,NOP,ok,yes
70784,Wakefield,LA,Post Office or large volume customer,70775,NOP,NOP,ok,yes
70792,Uncle Sam,LA,Zip Code Area,70743,,NOP,ok,no
70804,Baton Rouge,LA,Post Office or large volume customer,70802,NOP,NOP,ok,yes
70821,Baton Rouge,LA,Post Office or large volume customer,70801,NOP,NOP,ok,yes
70822,Baton Rouge,LA,Post Office or large volume customer,70806,NOP,NOP,ok,yes
70823,Baton Rouge,LA,Post Office or large volume customer,70802,NOP,NOP,ok,yes
70826,Baton Rouge,LA,Post Office or large volume customer,70801,NOP,NOP,ok,yes
70827,Baton Rouge,LA,Post Office or large volume customer,70816,NOP,NOP,ok,yes
70831,Baton Rouge,LA,Post Office or large volume customer,70801,NOP,NOP,ok,yes
70833,Baton Rouge,LA,Post Office or large volume customer,70801,NOP,NOP,ok,yes
70835,Baton Rouge,LA,Post Office or large volume customer,70816,NOP,NOP,ok,yes
70837,Baton Rouge,LA,Post Office or large volume customer,70801,NOP,NOP,ok,yes
70873,Baton Rouge,LA,Post Office or large volume customer,70801,NOP,NOP,ok,yes
70874,Baton Rouge,LA,Post Office or large volume customer,70811,NOP,NOP,ok,yes
70879,Baton Rouge,LA,Post Office or large volume customer,70817,NOP,NOP,ok,yes
70884,Baton Rouge,LA,Post Office or large volume customer,70810,NOP,NOP,ok,yes
70891,Baton Rouge,LA,Post Office or large volume customer,70801,NOP,NOP,ok,yes
70892,Baton Rouge,LA,Post Office or large volume customer,70805,NOP,NOP,ok,yes
70893,Baton Rouge,LA,Post Office or large volume customer,70820,NOP,NOP,ok,yes
70894,Baton Rouge,LA,Post Office or large volume customer,70802,NOP,NOP,ok,yes
70895,Baton Rouge,LA,Post Office or large volume customer,70815,NOP,NOP,ok,yes
70896,Baton Rouge,LA,Post Office or large volume customer,70806,NOP,NOP,ok,yes
70898,Baton Rouge,LA,Post Office or large volume customer,70808,NOP,NOP,ok,yes
71050,Longstreet,LA,Post Office or large volume customer,71046,DAL|HOU|NOP,DAL|HOU|NOP,ok,yes
71058,Minden,LA,Post Office or large volume customer,71055,DAL|HOU|NOP,DAL|HOU|NOP,ok,yes
71080,Taylor,LA,Post Office or large volume customer,71028,DAL|HOU|NOP,DAL|HOU|NOP,ok,yes
71102,Shreveport,LA,Post Office or large volume customer,71103,DAL|HOU|NOP,DAL|HOU|NOP,ok,yes
71113,Bossier City,LA,Post Office or large volume customer,71112,DAL|HOU|NOP,DAL|HOU|NOP,ok,yes
71120,Shreveport,LA,Post Office or large volume customer,71101,DAL|HOU|NOP,DAL|HOU|NOP,ok,yes
71130,Shreveport,LA,Post Office or large volume customer,71103,DAL|HOU|NOP,DAL|HOU|NOP,ok,yes
71133,Shreveport,LA,Post Office or large volume customer,71103,DAL|HOU|NOP,DAL|HOU|NOP,ok,yes
71134,Shreveport,LA,Post Office or large volume customer,71104,DAL|HOU|NOP,DAL|HOU|NOP,ok,yes
71135,Shreveport,LA,Post Office or large volume customer,71105,DAL|HOU|NOP,DAL|HOU|NOP,ok,yes
71136,Shreveport,LA,Post Office or large volume customer,71106,DAL|HOU|NOP,DAL|HOU|NOP,ok,yes
71137,Shreveport,LA,Post Office or large volume customer,71107,DAL|HOU|NOP,DAL|HOU|NOP,ok,yes
71138,Shreveport,LA,Post Office or large volume customer,71108,DAL|HOU|NOP,DAL|HOU|NOP,ok,yes
71148,Shreveport,LA,Post Office or large volume customer,71108,DAL|HOU|NOP,DAL|HOU|NOP,ok,yes
71149,Shreveport,LA,Post Office or large volume customer,71129,DAL|HOU|NOP,DAL|HOU|NOP,ok,yes
71150,Shreveport,LA,Post Office or large volume customer,71103,DAL|HOU|NOP,DAL|HOU|NOP,ok,yes
71151,Shreveport,LA,Post Office or large volume customer,71108,DAL|HOU|NOP,DAL|HOU|NOP,ok,yes
71152,Shreveport,LA,Post Office or large volume customer,71108,DAL|HOU|NOP,DAL|HOU|NOP,ok,yes
71153,Shreveport,LA,Post Office or large volume customer,71101,DAL|HOU|NOP,DAL|HOU|NOP,ok,yes
71154,Shreveport,LA,Post Office or large volume customer,71101,DAL|HOU|NOP,DAL|HOU|NOP,ok,yes
71156,Shreveport,LA,Post Office or large volume customer,71101,DAL|HOU|NOP,DAL|HOU|NOP,ok,yes
71161,Shreveport,LA,Post Office or large volume customer,71101,DAL|HOU|NOP,DAL|HOU|NOP,ok,yes
71162,Shreveport,LA,Post Office or large volume customer,71101,DAL|HOU|NOP,DAL|HOU|NOP,ok,yes
71163,Shreveport,LA,Post Office or large volume customer,71101,DAL|HOU|NOP,DAL|HOU|NOP,ok,yes
71164,Shreveport,LA,Post Office or large volume customer,71101,DAL|HOU|NOP,DAL|HOU|NOP,ok,yes
71165,Shreveport,LA,Post Office or large volume customer,71101,DAL|HOU|NOP,DAL|HOU|NOP,ok,yes
71166,Shreveport,LA,Post Office or large volume customer,71101,DAL|HOU|NOP,DAL|HOU|NOP,ok,yes
71171,Bossier City,LA,Post Office or large volume customer,71111,DAL|HOU|NOP,DAL|HOU|NOP,ok,yes
71172,Bossier City,LA,Post Office or large volume customer,71111,DAL|HOU|NOP,DAL|HOU|NOP,ok,yes
71207,Monroe,LA,Post Office or large volume customer,71201,DAL|HOU|NOP,DAL|HOU,ok,no
71210,Monroe,LA,Post Office or large volume customer,71201,DAL|HOU|NOP,DAL|HOU,ok,no
71211,Monroe,LA,Post Office or large volume customer,71203,DAL|HOU|NOP,DAL|HOU,ok,no
71213,Monroe,LA,Post Office or large volume customer,71203,DAL|HOU|NOP,DAL|HOU,ok,no
71217,Monroe,LA,Post Office or large volume customer,71203,DAL|HOU|NOP,DAL|HOU,ok,no
71221,Bastrop,LA,Post Office or large volume customer,71220,DAL|HOU|NOP,DAL|HOU,ok,no
71240,Fairbanks,LA,Post Office or large volume customer,71203,DAL|HOU|NOP,DAL|HOU,ok,no
71249,Jigger,LA,Post Office or large volume customer,71295,DAL|HOU|NOP,DAL|HOU,ok,no
71273,Ruston,LA,Post Office or large volume customer,71270,DAL|HOU|NOP,DAL|HOU,ok,no
71281,Swartz,LA,Post Office or large volume customer,71203,DAL|HOU|NOP,DAL|HOU,ok,no
71284,Tallulah,LA,Post Office or large volume customer,71282,DAL|HOU|NOP,DAL|HOU,ok,no
71294,West Monroe,LA,Post Office or large volume customer,71291,DAL|HOU|NOP,DAL|HOU,ok,no
71306,Alexandria,LA,Post Office or large volume customer,71301,DAL|HOU|NOP,DAL|HOU|NOP,ok,yes
71307,Alexandria,LA,Post Office or large volume customer,71302,DAL|HOU|NOP,DAL|HOU|NOP,ok,yes
71309,Alexandria,LA,Post Office or large volume customer,71301,DAL|HOU|NOP,DAL|HOU|NOP,ok,yes
71315,Alexandria,LA,Post Office or large volume customer,71301,DAL|HOU|NOP,DAL|HOU|NOP,ok,yes
71324,Chase,LA,Post Office or large volume customer,71295,DAL|HOU|NOP,DAL|HOU,ok,no
71329,Dupont,LA,Post Office or large volume customer,71362,DAL|HOU|NOP,DAL|HOU|NOP,ok,yes
71348,Libuse,LA,Post Office or large volume customer,71360,DAL|HOU|NOP,DAL|HOU|NOP,ok,yes
71361,Pineville,LA,Post Office or large volume customer,71360,DAL|HOU|NOP,DAL|HOU|NOP,ok,yes
71363,Rhinehart,LA,Post Office or large volume customer,71343,DAL|HOU|NOP,DAL|HOU,ok,no
71365,Ruby,LA,Post Office or large volume customer,71360,DAL|HOU|NOP,DAL|HOU|NOP,ok,yes
71377,Wildsville,LA,Post Office or large volume customer,71343,DAL|HOU|NOP,DAL|HOU,ok,no
71431,Gardner,LA,Post Office or large volume customer,71409,DAL|HOU|NOP,DAL|HOU|NOP,ok,yes
71440,Joyce,LA,Post Office or large volume customer,71483,DAL|HOU|NOP,DAL|HOU,ok,no
71443,Kurthwood,LA,Post Office or large volume customer,71446,DAL|HOU|NOP,DAL|HOU|NOP,ok,yes
71448,Longleaf,LA,Post Office or large volume customer,71430,DAL|HOU|NOP,DAL|HOU|NOP,ok,yes
71458,Natchitoches,LA,Post Office or large volume customer,71457,DAL|HOU|NOP,DAL|HOU|NOP,ok,yes
71460,Negreet,LA,Post Office or large volume customer,71449,DAL|HOU|NOP,DAL|HOU|NOP,ok,yes
71471,Saint Maurice,LA,Post Office or large volume customer,71457,DAL|HOU|NOP,DAL|HOU,ok,no
71477,Tioga,LA,Post Office or large volume customer,71360,DAL|HOU|NOP,DAL|HOU|NOP,ok,yes
71496,Leesville,LA,Post Office or large volume customer,71446,DAL|HOU|NOP,DAL|HOU|NOP,ok,yes
71611,Pine Bluff,AR,Post Office or large volume customer,71601,DAL|MEM|OKC,DAL|MEM|OKC,ok,yes
71612,White Hall,AR,Post Office or large volume customer,71602,DAL|MEM|OKC,DAL|MEM|OKC,ok,yes
71613,Pine Bluff,AR,Post Office or large volume customer,71603,DAL|MEM|OKC,DAL|MEM|OKC,ok,yes
71656,Monticello,AR,Zip Code Area,71655,DAL|MEM|OKC,DAL|MEM|OKC,ok,yes
71657,Monticello,AR,Post Office or large volume customer,71655,DAL|MEM|OKC,DAL|MEM|OKC,ok,yes
71711,Camden,AR,Post Office or large volume customer,71701,DAL|OKC,DAL|OKC,ok,yes
71731,El Dorado,AR,Post Office or large volume customer,71730,DAL|OKC,DAL|OKC,ok,yes
71750,Lawson,AR,Post Office or large volume customer,71730,DAL|OKC,DAL|OKC,ok,yes
71754,Magnolia,AR,Post Office or large volume customer,71753,DAL|OKC,DAL|OKC,ok,yes
71802,Hope,AR,Post Office or large volume customer,71801,DAL|OKC,DAL|OKC,ok,yes
71828,Cale,AR,Zip Code Area,71858,DAL|OKC,DAL|OKC,ok,yes
71840,Genoa,AR,Post Office or large volume customer,71854,DAL|OKC,DAL|OKC,ok,yes
71902,Hot Springs National Park,AR,Post Office or large volume customer,71901,DAL|OKC,DAL|OKC,ok,yes
71903,Hot Springs National Park,AR,Post Office or large volume customer,71913,DAL|OKC,DAL|OKC,ok,yes
71910,Hot Springs Village,AR,Post Office or large volume customer,71909,DAL|OKC,DAL|OKC,ok,yes
71914,Hot Springs National Park,AR,Post Office or large volume customer,71913,DAL|OKC,DAL|OKC,ok,yes
71920,Alpine,AR,Post Office or large volume customer,71921,DAL|OKC,DAL|OKC,ok,yes
71932,Board Camp,AR,Post Office or large volume customer,71953,DAL|OKC,DAL|OKC,ok,yes
71966,Oden,AR,Post Office or large volume customer,71961,DAL|OKC,DAL|OKC,ok,yes
72018,Benton,AR,Post Office or large volume customer,72015,DAL|MEM|OKC,DAL|MEM|OKC,ok,yes
72033,Conway,AR,Post Office or large volume customer,72032,DAL|MEM|OKC,DAL|MEM|OKC,ok,yes
72037,Coy,AR,Post Office or large volume customer,72046,DAL|MEM|OKC,DAL|MEM|OKC,ok,yes
72043,Diaz,AR,Post Office or large volume customer,72112,MEM,DAL|MEM|OKC,ok,no
72078,Jacksonville,AR,Post Office or large volume customer,72076,DAL|MEM|OKC,DAL|MEM|OKC,ok,yes
72089,Bryant,AR,Post Office or large volume customer,72022,DAL|MEM|OKC,DAL|MEM|OKC,ok,yes
72115,North Little Rock,AR,Post Office or large volume customer,72114,DAL|MEM|OKC,DAL|MEM|OKC,ok,yes
72124,North Little Rock,AR,Post Office or large volume customer,72120,DAL|MEM|OKC,DAL|MEM|OKC,ok,yes
72145,Searcy,AR,Post Office or large volume customer,72143,DAL|MEM|OKC,DAL|MEM|OKC,ok,yes
72149,Searcy,AR,Zip Code Area,72143,DAL|MEM|OKC,DAL|MEM|OKC,ok,yes
72158,Benton,AR,Post Office or large volume customer,72015,DAL|MEM|OKC,DAL|MEM|OKC,ok,yes
72164,Sweet Home,AR,Post Office or large volume customer,72206,DAL|MEM|OKC,DAL|MEM|OKC,ok,yes
72190,North Little Rock,AR,Post Office or large volume customer,72116,DAL|MEM|OKC,DAL|MEM|OKC,ok,yes
72203,Little Rock,AR,Post Office or large volume customer,72202,DAL|MEM|OKC,DAL|MEM|OKC,ok,yes
72214,Little Rock,AR,Post Office or large volume customer,72204,DAL|MEM|OKC,DAL|MEM|OKC,ok,yes
72215,Little Rock,AR,Post Office or large volume customer,72205,DAL|MEM|OKC,DAL|MEM|OKC,ok,yes
72216,Little Rock,AR,Post Office or large volume customer,72206,DAL|MEM|OKC,DAL|MEM|OKC,ok,yes
72217,Little Rock,AR,Post Office or large volume customer,72207,DAL|MEM|OKC,DAL|MEM|OKC,ok,yes
72219,Little Rock,AR,Post Office or large volume customer,72209,DAL|MEM|OKC,DAL|MEM|OKC,ok,yes
72221,Little Rock,AR,Post Office or large volume customer,72211,DAL|MEM|OKC,DAL|MEM|OKC,ok,yes
72222,Little Rock,AR,Post Office or large volume customer,72211,DAL|MEM|OKC,DAL|MEM|OKC,ok,yes
72225,Little Rock,AR,Post Office or large volume customer,72205,DAL|MEM|OKC,DAL|MEM|OKC,ok,yes
72231,Little Rock,AR,Post Office or large volume customer,72117,DAL|MEM|OKC,DAL|MEM|OKC,ok,yes
72255,Little Rock,AR,Post Office or large volume customer,72205,DAL|MEM|OKC,DAL|MEM|OKC,ok,yes
72260,Little Rock,AR,Post Office or large volume customer,72210,DAL|MEM|OKC,DAL|MEM|OKC,ok,yes
72295,Little Rock,AR,Post Office or large volume customer,72206,DAL|MEM|OKC,DAL|MEM|OKC,ok,yes
72303,West Memphis,AR,Post Office or large volume customer,72301,MEM,MEM,ok,yes
72310,Armorel,AR,Zip Code Area,72315,MEM,MEM,ok,yes
72312,Barton,AR,Post Office or large volume customer,72374,MEM,MEM,ok,yes
72316,Blytheville,AR,Post Office or large volume customer,72315,MEM,MEM,ok,yes
72319,Gosnell,AR,Post Office or large volume customer,72315,MEM,MEM,ok,yes
72321,Burdette,AR,Zip Code Area,72358,MEM,MEM,ok,yes
72336,Forrest City,AR,Post Office or large volume customer,72335,MEM,MEM,ok,yes
72402,Jonesboro,AR,Post Office or large volume customer,72401,MEM,MEM,ok,yes
72403,Jonesboro,AR,Post Office or large volume customer,72401,MEM,MEM,ok,yes
72451,Paragould,AR,Post Office or large volume customer,72450,MEM,MEM,ok,yes
72465,Sedgwick,AR,Zip Code Area,72476,MEM,MEM,ok,yes
72474,Walcott,AR,Post Office or large volume customer,72450,MEM,MEM,ok,yes
72475,Waldenburg,AR,Post Office or large volume customer,72479,MEM,MEM,ok,yes
72503,Batesville,AR,Post Office or large volume customer,72501,DAL|MEM|OKC,DAL|MEM|OKC,ok,yes
72525,Cherokee Village,AR,Post Office or large volume customer,72529,DAL|MEM|OKC,DAL|MEM|OKC,ok,yes
72545,Heber Springs,AR,Post Office or large volume customer,72543,DAL|MEM|OKC,DAL|MEM|OKC,ok,yes
72575,Salado,AR,Post Office or large volume customer,72501,DAL|MEM|OKC,DAL|MEM|OKC,ok,yes
72602,Harrison,AR,Post Office or large volume customer,72601,DAL|OKC,DAL|OKC,ok,yes
72613,Beaver,AR,Post Office or large volume customer,72632,DAL|OKC,DAL|OKC,ok,yes
72643,Lead Hill,AR,Post Office or large volume customer,72644,DAL|OKC,,ok,no
72654,Mountain Home,AR,Post Office or large volume customer,72653,DAL|OKC,DAL|OKC,ok,yes
72657,Timbo,AR,Post Office or large volume customer,72680,DAL|OKC,DAL|OKC,ok,yes
72659,Norfork,AR,Post Office or large volume customer,72658,DAL|OKC,DAL|OKC,ok,yes
72702,Fayetteville,AR,Post Office or large volume customer,72701,DAL|OKC,DAL|OKC,ok,yes
72711,Avoca,AR,Post Office or large volume customer,72756,DAL|OKC,DAL|OKC,ok,yes
72716,Bentonville,AR,Post Office or large volume customer,72712,DAL|OKC,DAL|OKC,ok,yes
72728,Elm Springs,AR,Post Office or large volume customer,72762,DAL|OKC,DAL|OKC,ok,yes
72733,Gateway,AR,Post Office or large volume customer,72732,DAL|OKC,DAL|OKC,ok,yes
72735,Goshen,AR,Post Office or large volume customer,72727,DAL|OKC,DAL|OKC,ok,yes
72737,Greenland,AR,Post Office or large volume customer,72701,DAL|OKC,DAL|OKC,ok,yes
72741,Johnson,AR,Post Office or large volume customer,72703,DAL|OKC,DAL|OKC,ok,yes
72757,Rogers,AR,Post Office or large volume customer,72756,DAL|OKC,DAL|OKC,ok,yes
72765,Springdale,AR,Post Office or large volume customer,72764,DAL|OKC,DAL|OKC,ok,yes
72766,Springdale,AR,Post Office or large volume customer,72762,DAL|OKC,DAL|OKC,ok,yes
72770,Tontitown,AR,Post Office or large volume customer,72762,DAL|OKC,DAL|OKC,ok,yes
72811,Russellville,AR,Post Office or large volume customer,72801,DAL|OKC,DAL|OKC,ok,yes
72812,Russellville,AR,Post Office or large volume customer,72802,DAL|OKC,DAL|OKC,ok,yes
72820,Alix,AR,Zip Code Area,72821,DAL|OKC,DAL|OKC,ok,yes
72902,Fort Smith,AR,Post Office or large volume customer,72901,DAL|OKC,DAL|OKC,ok,yes
72906,Fort Smith,AR,Post Office or large volume customer,72908,DAL|OKC,DAL|OKC,ok,yes
72913,Fort Smith,AR,Post Office or large volume customer,72903,DAL|OKC,DAL|OKC,ok,yes
72914,Fort Smith,AR,Post Office or large volume customer,72904,DAL|OKC,DAL|OKC,ok,yes
72917,Fort Smith,AR,Post Office or large volume customer,72903,DAL|OKC,DAL|OKC,ok,yes
72918,Fort Smith,AR,Post Office or large volume customer,72908,DAL|OKC,DAL|OKC,ok,yes
72919,Fort Smith,AR,Post Office or large volume customer,72908,DAL|OKC,DAL|OKC,ok,yes
72957,Van Buren,AR,Post Office or large volume customer,72956,DAL|OKC,DAL|OKC,ok,yes
73023,Chickasha,OK,Post Office or large volume customer,73018,OKC,OKC,ok,yes
73039,Davis,OK,Post Office or large volume customer,73030,OKC,OKC,ok,yes
73083,Edmond,OK,Post Office or large volume customer,73034,OKC,OKC,ok,yes
73085,Yukon,OK,Post Office or large volume customer,73099,OKC,OKC,ok,yes
73101,Oklahoma City,OK,Post Office or large volume customer,73102,OKC,OKC,ok,yes
73113,Oklahoma City,OK,Post Office or large volume customer,73114,OKC,OKC,ok,yes
73123,Oklahoma City,OK,Post Office or large volume customer,73132,OKC,OKC,ok,yes
73124,Oklahoma City,OK,Post Office or large volume customer,73109,OKC,OKC,ok,yes
73125,Oklahoma City,OK,Post Office or large volume customer,73107,OKC,OKC,ok,yes
73126,Oklahoma City,OK,Post Office or large volume customer,73109,OKC,OKC,ok,yes
73136,Oklahoma City,OK,Post Office or large volume customer,73117,OKC,OKC,ok,yes
73137,Oklahoma City,OK,Post Office or large volume customer,73127,OKC,OKC,ok,yes
73140,Oklahoma City,OK,Post Office or large volume customer,73110,OKC,OKC,ok,yes
73143,Oklahoma City,OK,Post Office or large volume customer,73129,OKC,OKC,ok,yes
73144,Oklahoma City,OK,Post Office or large volume customer,73119,OKC,OKC,ok,yes
73146,Oklahoma City,OK,Post Office or large volume customer,73102,OKC,OKC,ok,yes
73147,Oklahoma City,OK,Post Office or large volume customer,73107,OKC,OKC,ok,yes
73148,Oklahoma City,OK,Post Office or large volume customer,73108,OKC,OKC,ok,yes
73152,Oklahoma City,OK,Post Office or large volume customer,73117,OKC,OKC,ok,yes
73153,Oklahoma City,OK,Post Office or large volume customer,73160,OKC,OKC,ok,yes
73154,Oklahoma City,OK,Post Office or large volume customer,73118,OKC,OKC,ok,yes
73155,Oklahoma City,OK,Post Office or large volume customer,73115,OKC,OKC,ok,yes
73156,Oklahoma City,OK,Post Office or large volume customer,73120,OKC,OKC,ok,yes
73157,Oklahoma City,OK,Post Office or large volume customer,73112,OKC,OKC,ok,yes
73163,Oklahoma City,OK,Post Office or large volume customer,73102,OKC,OKC,ok,yes
73164,Oklahoma City,OK,Post Office or large volume customer,73102,OKC,OKC,ok,yes
73167,Oklahoma City,OK,Post Office or large volume customer,73109,OKC,OKC,ok,yes
73172,Oklahoma City,OK,Post Office or large volume customer,73162,OKC,OKC,ok,yes
73178,Oklahoma City,OK,Post Office or large volume customer,73112,OKC,OKC,ok,yes
73184,Oklahoma City,OK,Post Office or large volume customer,73114,OKC,OKC,ok,yes
73189,Oklahoma City,OK,Post Office or large volume customer,73159,OKC,OKC,ok,yes
73190,Oklahoma City,OK,Post Office or large volume customer,73104,OKC,OKC,ok,yes
73194,Oklahoma City,OK,Post Office or large volume customer,73105,OKC,OKC,ok,yes
73195,Oklahoma City,OK,Post Office or large volume customer,73159,OKC,OKC,ok,yes
73196,Oklahoma City,OK,Post Office or large volume customer,73102,OKC,OKC,ok,yes
73301,Austin,TX,Post Office or large volume customer,78704,SAS,,ok,no
73344,Austin,TX,Post Office or large volume customer,78744,SAS,,http 404,
73402,Ardmore,OK,Post Office or large volume customer,73401,DAL|OKC,DAL|OKC,ok,yes
73403,Ardmore,OK,Post Office or large volume customer,73401,DAL|OKC,DAL|OKC,ok,yes
73502,Lawton,OK,Post Office or large volume customer,73501,DAL|OKC,DAL|OKC,ok,yes
73506,Lawton,OK,Post Office or large volume customer,73505,DAL|OKC,DAL|OKC,ok,yes
73522,Altus,OK,Post Office or large volume customer,73521,DAL|OKC,DAL|OKC,ok,yes
73534,Duncan,OK,Post Office or large volume customer,73533,OKC,DAL|OKC,ok,no
73536,Duncan,OK,Post Office or large volume customer,73533,OKC,DAL|OKC,ok,no
73558,Meers,OK,Post Office or large volume customer,73501,DAL|OKC,DAL|OKC,ok,yes
73561,Oscar,OK,Post Office or large volume customer,73569,DAL|OKC,DAL|OKC,ok,yes
73648,Elk City,OK,Post Office or large volume customer,73644,DAL|OKC,DAL|OKC,ok,yes
73702,Enid,OK,Post Office or large volume customer,73701,OKC,OKC,ok,yes
73706,Enid,OK,Post Office or large volume customer,73703,OKC,OKC,ok,yes
73802,Woodward,OK,Post Office or large volume customer,73801,DAL|OKC,DAL|OKC,ok,yes
74004,Bartlesville,OK,Post Office or large volume customer,74003,DAL|OKC,DAL|OKC,ok,yes
74005,Bartlesville,OK,Post Office or large volume customer,74003,DAL|OKC,DAL|OKC,ok,yes
74013,Broken Arrow,OK,Post Office or large volume customer,74012,DAL|OKC,DAL|OKC,ok,yes
74018,Claremore,OK,Post Office or large volume customer,74017,DAL|OKC,DAL|OKC,ok,yes
74031,Foyil,OK,Post Office or large volume customer,74017,DAL|OKC,DAL|OKC,ok,yes
74043,Leonard,OK,Post Office or large volume customer,74008,DAL|OKC,DAL|OKC,ok,yes
74067,Sapulpa,OK,Post Office or large volume customer,74066,DAL|OKC,OKC,ok,no
74076,Stillwater,OK,Post Office or large volume customer,74074,OKC,OKC,ok,yes
74101,Tulsa,OK,Post Office or large volume customer,74103,DAL|OKC,DAL|OKC,ok,yes
74102,Tulsa,OK,Post Office or large volume customer,74103,DAL|OKC,DAL|OKC,ok,yes
74121,Tulsa,OK,Post Office or large volume customer,74103,DAL|OKC,DAL|OKC,ok,yes
74141,Tulsa,OK,Post Office or large volume customer,74129,DAL|OKC,DAL|OKC,ok,yes
74147,Tulsa,OK,Post Office or large volume customer,74145,DAL|OKC,DAL|OKC,ok,yes
74148,Tulsa,OK,Post Office or large volume customer,74106,DAL|OKC,DAL|OKC,ok,yes
74149,Tulsa,OK,Post Office or large volume customer,74106,DAL|OKC,DAL|OKC,ok,yes
74150,Tulsa,OK,Post Office or large volume customer,74103,DAL|OKC,DAL|OKC,ok,yes
74152,Tulsa,OK,Post Office or large volume customer,74114,DAL|OKC,DAL|OKC,ok,yes
74153,Tulsa,OK,Post Office or large volume customer,74135,DAL|OKC,DAL|OKC,ok,yes
74155,Tulsa,OK,Post Office or large volume customer,74145,DAL|OKC,DAL|OKC,ok,yes
74156,Tulsa,OK,Post Office or large volume customer,74106,DAL|OKC,DAL|OKC,ok,yes
74157,Tulsa,OK,Post Office or large volume customer,74107,DAL|OKC,DAL|OKC,ok,yes
74158,Tulsa,OK,Post Office or large volume customer,74115,DAL|OKC,DAL|OKC,ok,yes
74159,Tulsa,OK,Post Office or large volume customer,74104,DAL|OKC,DAL|OKC,ok,yes
74169,Tulsa,OK,Post Office or large volume customer,74134,DAL|OKC,DAL|OKC,ok,yes
74170,Tulsa,OK,Post Office or large volume customer,74136,DAL|OKC,DAL|OKC,ok,yes
74172,Tulsa,OK,Zip Code Area,74103,DAL|OKC,DAL|OKC,ok,yes
74182,Tulsa,OK,Post Office or large volume customer,74103,DAL|OKC,DAL|OKC,ok,yes
74186,Tulsa,OK,Post Office or large volume customer,74103,DAL|OKC,DAL|OKC,ok,yes
74187,Tulsa,OK,Post Office or large volume customer,74103,DAL|OKC,DAL|OKC,ok,yes
74192,Tulsa,OK,Post Office or large volume customer,74103,DAL|OKC,DAL|OKC,ok,yes
74193,Tulsa,OK,Post Office or large volume customer,74136,DAL|OKC,DAL|OKC,ok,yes
74335,Cardin,OK,Post Office or large volume customer,74339,DAL|OKC,DAL|OKC,ok,yes
74345,Grove,OK,Post Office or large volume customer,74344,DAL|OKC,DAL|OKC,ok,yes
74355,Miami,OK,Post Office or large volume customer,74354,DAL|OKC,DAL|OKC,ok,yes
74362,Pryor,OK,Post Office or large volume customer,74361,DAL|OKC,DAL|OKC,ok,yes
74402,Muskogee,OK,Post Office or large volume customer,74401,DAL|OKC,DAL|OKC,ok,yes
74439,Braggs,OK,Post Office or large volume customer,74423,DAL|OKC,DAL|OKC,ok,yes
74440,Hoyt,OK,Post Office or large volume customer,74472,DAL|OKC,DAL|OKC,ok,yes
74444,Moodys,OK,Post Office or large volume customer,74464,DAL|OKC,DAL|OKC,ok,yes
74461,Stidham,OK,Post Office or large volume customer,74432,DAL|OKC,DAL|OKC,ok,yes
74465,Tahlequah,OK,Post Office or large volume customer,74464,DAL|OKC,DAL|OKC,ok,yes
74502,McAlester,OK,Post Office or large volume customer,74501,DAL|OKC,DAL|OKC,ok,yes
74529,Blocker,OK,Post Office or large volume customer,74501,DAL|OKC,DAL|OKC,ok,yes
74545,Gowen,OK,Post Office or large volume customer,74578,DAL|OKC,DAL|OKC,ok,yes
74559,Panola,OK,Post Office or large volume customer,74578,DAL|OKC,DAL|OKC,ok,yes
74602,Ponca City,OK,Post Office or large volume customer,74601,OKC,OKC,ok,yes
74702,Durant,OK,Post Office or large volume customer,74701,DAL,DAL|OKC,ok,no
74752,Pickens,OK,Post Office or large volume customer,74728,DAL|OKC,DAL|OKC,ok,yes
74802,Shawnee,OK,Post Office or large volume customer,74801,OKC,OKC,ok,yes
74818,Seminole,OK,Post Office or large volume customer,74868,OKC,OKC,ok,yes
74821,Ada,OK,Post Office or large volume customer,74820,OKC,OKC,ok,yes
75011,Carrollton,TX,Post Office or large volume customer,75006,DAL,DAL,ok,yes
75014,Irving,TX,Post Office or large volume customer,75039,DAL,DAL,ok,yes
75015,Irving,TX,Post Office or large volume customer,75061,DAL,DAL,ok,yes
75016,Irving,TX,Post Office or large volume customer,75038,DAL,DAL,ok,yes
75017,Irving,TX,Post Office or large volume customer,75061,DAL,DAL,ok,yes
75026,Plano,TX,Post Office or large volume customer,75023,DAL,DAL,ok,yes
75027,Flower Mound,TX,Post Office or large volume customer,75028,DAL,DAL,ok,yes
75029,Lewisville,TX,Post Office or large volume customer,75067,DAL,DAL,ok,yes
75030,Rowlett,TX,Post Office or large volume customer,75088,DAL,DAL,ok,yes
75045,Garland,TX,Post Office or large volume customer,75044,DAL,DAL,ok,yes
75046,Garland,TX,Post Office or large volume customer,75040,DAL,DAL,ok,yes
75047,Garland,TX,Post Office or large volume customer,75041,DAL,DAL,ok,yes
75049,Garland,TX,Post Office or large volume customer,75043,DAL,DAL,ok,yes
75053,Grand Prairie,TX,Post Office or large volume customer,75051,DAL,DAL,ok,yes
75059,Irving,TX,Post Office or large volume customer,75061,DAL,,http 404,
75064,Irving,TX,Post Office or large volume customer,75061,DAL,,ok,no
75083,Richardson,TX,Post Office or large volume customer,75080,DAL,DAL,ok,yes
75085,Richardson,TX,Post Office or large volume customer,75081,DAL,DAL,ok,yes
75086,Plano,TX,Post Office or large volume customer,75023,DAL,DAL,ok,yes
75091,Sherman,TX,Post Office or large volume customer,75090,DAL,DAL,ok,yes
75097,Weston,TX,Post Office or large volume customer,75009,DAL,DAL,ok,yes
75099,Coppell,TX,Post Office or large volume customer,75019,DAL,DAL,ok,yes
75106,Cedar Hill,TX,Post Office or large volume customer,75104,DAL,DAL,ok,yes
75118,Elmo,TX,Post Office or large volume customer,75161,DAL,DAL,ok,yes
75120,Ennis,TX,Post Office or large volume customer,75119,DAL,DAL,ok,yes
75121,Copeville,TX,Post Office or large volume customer,75173,DAL,DAL,ok,yes
75123,Desoto,TX,Post Office or large volume customer,75115,DAL,DAL,ok,yes
75138,Duncanville,TX,Post Office or large volume customer,75137,DAL,DAL,ok,yes
75151,Corsicana,TX,Post Office or large volume customer,75110,DAL,DAL,ok,yes
75168,Waxahachie,TX,Post Office or large volume customer,75165,DAL,DAL,ok,yes
75185,Mesquite,TX,Post Office or large volume customer,75149,DAL,DAL,ok,yes
75187,Mesquite,TX,Post Office or large volume customer,75150,DAL,DAL,ok,yes
75221,Dallas,TX,Post Office or large volume customer,75201,DAL,DAL,ok,yes
75222,Dallas,TX,Post Office or large volume customer,75208,DAL,DAL,ok,yes
75242,Dallas,TX,Post Office or large volume customer,75202,DAL,DAL,ok,yes
75250,Dallas,TX,Post Office or large volume customer,75201,DAL,DAL,ok,yes
75260,Dallas,TX,Post Office or large volume customer,75208,DAL,DAL,ok,yes
75262,Dallas,TX,Post Office or large volume customer,75208,DAL,DAL,ok,yes
75263,Dallas,TX,Post Office or large volume customer,75208,DAL,DAL,ok,yes
75264,Dallas,TX,Post Office or large volume customer,75208,DAL,DAL,ok,yes
75265,Dallas,TX,Post Office or large volume customer,75208,DAL,DAL,ok,yes
75266,Dallas,TX,Post Office or large volume customer,75208,DAL,DAL,ok,yes
75267,Dallas,TX,Post Office or large volume customer,75208,DAL,DAL,ok,yes
75275,Dallas,TX,Post Office or large volume customer,75205,DAL,DAL,ok,yes
75277,Dallas,TX,Post Office or large volume customer,75215,DAL,DAL,ok,yes
75283,Dallas,TX,Post Office or large volume customer,75208,DAL,DAL,ok,yes
75284,Dallas,TX,Post Office or large volume customer,75208,DAL,DAL,ok,yes
75285,Dallas,TX,Post Office or large volume customer,75208,DAL,DAL,ok,yes
75301,Dallas,TX,Post Office or large volume customer,75237,DAL,DAL,ok,yes
75303,Dallas,TX,Post Office or large volume customer,75217,DAL,DAL,ok,yes
75312,Dallas,TX,Post Office or large volume customer,75208,DAL,DAL,ok,yes
75313,Dallas,TX,Post Office or large volume customer,75201,DAL,DAL,ok,yes
75315,Dallas,TX,Post Office or large volume customer,75215,DAL,DAL,ok,yes
75320,Dallas,TX,Post Office or large volume customer,75208,DAL,DAL,ok,yes
75326,Dallas,TX,Post Office or large volume customer,75208,DAL,DAL,ok,yes
75336,Dallas,TX,Post Office or large volume customer,75253,DAL,DAL,ok,yes
75339,Dallas,TX,Post Office or large volume customer,75216,DAL,DAL,ok,yes
75342,Dallas,TX,Post Office or large volume customer,75247,DAL,DAL,ok,yes
75354,Dallas,TX,Post Office or large volume customer,75220,DAL,DAL,ok,yes
75355,Dallas,TX,Post Office or large volume customer,75238,DAL,DAL,ok,yes
75356,Dallas,TX,Post Office or large volume customer,75247,DAL,DAL,ok,yes
75357,Dallas,TX,Post Office or large volume customer,75228,DAL,DAL,ok,yes
75358,Dallas,TX,Post Office or large volume customer,75235,DAL,DAL,ok,yes
75359,Dallas,TX,Post Office or large volume customer,75214,DAL,DAL,ok,yes
75360,Dallas,TX,Post Office or large volume customer,75206,DAL,DAL,ok,yes
75367,Dallas,TX,Post Office or large volume customer,75230,DAL,DAL,ok,yes
75368,Dallas,TX,Post Office or large volume customer,75063,DAL,DAL,ok,yes
75370,Dallas,TX,Post Office or large volume customer,75287,DAL,DAL,ok,yes
75371,Dallas,TX,Post Office or large volume customer,75215,DAL,DAL,ok,yes
75372,Dallas,TX,Post Office or large volume customer,75206,DAL,DAL,ok,yes
75373,Dallas,TX,Post Office or large volume customer,75208,DAL,DAL,ok,yes
75374,Dallas,TX,Post Office or large volume customer,75243,DAL,DAL,ok,yes
75376,Dallas,TX,Post Office or large volume customer,75224,DAL,DAL,ok,yes
75378,Dallas,TX,Post Office or large volume customer,75220,DAL,DAL,ok,yes
75379,Dallas,TX,Post Office or large volume customer,75252,DAL,DAL,ok,yes
75380,Dallas,TX,Post Office or large volume customer,75240,DAL,DAL,ok,yes
75381,Dallas,TX,Post Office or large volume customer,75234,DAL,DAL,ok,yes
75382,Dallas,TX,Post Office or large volume customer,75231,DAL,DAL,ok,yes
75389,Dallas,TX,Post Office or large volume customer,75243,DAL,DAL,ok,yes
75391,Dallas,TX,Post Office or large volume customer,75254,DAL,DAL,ok,yes
75392,Dallas,TX,Post Office or large volume customer,75208,DAL,DAL,ok,yes
75393,Dallas,TX,Post Office or large volume customer,75218,DAL,DAL,ok,yes
75394,Dallas,TX,Post Office or large volume customer,75218,DAL,DAL,ok,yes
75395,Dallas,TX,Post Office or large volume customer,75201,DAL,DAL,ok,yes
75397,Dallas,TX,Post Office or large volume customer,75208,DAL,DAL,ok,yes
75398,Dallas,TX,Post Office or large volume customer,75211,DAL,DAL,ok,yes
75403,Greenville,TX,Post Office or large volume customer,75401,DAL,DAL,ok,yes
75404,Greenville,TX,Post Office or large volume customer,75402,DAL,DAL,ok,yes
75425,Chicota,TX,Post Office or large volume customer,75411,DAL|HOU,DAL,ok,no
75443,Gober,TX,Post Office or large volume customer,75496,DAL,DAL,ok,yes
75444,Golden,TX,Post Office or large volume customer,75773,DAL,DAL,ok,yes
75456,Mount Pleasant,TX,Post Office or large volume customer,75455,DAL|HOU,DAL,ok,no
75458,Merit,TX,Post Office or large volume customer,75423,DAL,DAL,ok,yes
75461,Paris,TX,Post Office or large volume customer,75460,DAL|HOU,DAL,ok,no
75483,Sulphur Springs,TX,Post Office or large volume customer,75482,DAL,DAL,ok,yes
75485,Westminster,TX,Post Office or large volume customer,75409,DAL,DAL,ok,yes
75504,Texarkana,TX,Post Office or large volume customer,75501,DAL|HOU,DAL|HOU,ok,yes
75505,Texarkana,TX,Post Office or large volume customer,75501,DAL|HOU,DAL|HOU,ok,yes
75507,Texarkana,TX,Post Office or large volume customer,75501,DAL|HOU,DAL|HOU,ok,yes
75599,Texarkana,TX,Post Office or large volume customer,75501,DAL|HOU,DAL|HOU,ok,yes
75606,Longview,TX,Post Office or large volume customer,75601,DAL|HOU,DAL|HOU,ok,yes
75607,Longview,TX,Post Office or large volume customer,75602,DAL|HOU,DAL|HOU,ok,yes
75608,Longview,TX,Post Office or large volume customer,75605,DAL|HOU,DAL|HOU,ok,yes
75615,Longview,TX,Post Office or large volume customer,75605,DAL|HOU,DAL|HOU,ok,yes
75636,Cason,TX,Post Office or large volume customer,75638,DAL|HOU,DAL|HOU,ok,yes
75637,Clayton,TX,Post Office or large volume customer,75633,DAL|HOU,DAL|HOU,ok,yes
75653,Henderson,TX,Post Office or large volume customer,75654,DAL|HOU,DAL|HOU,ok,yes
75660,Judson,TX,Post Office or large volume customer,75605,DAL|HOU,DAL|HOU,ok,yes
75663,Kilgore,TX,Post Office or large volume customer,75662,DAL|HOU,DAL|HOU,ok,yes
75666,Laird Hill,TX,Post Office or large volume customer,75662,DAL|HOU,DAL|HOU,ok,yes
75685,Panola,TX,Post Office or large volume customer,75639,DAL|HOU,DAL|HOU,ok,yes
75688,Scottsville,TX,Post Office or large volume customer,75672,DAL|HOU,DAL|HOU,ok,yes
75710,Tyler,TX,Post Office or large volume customer,75702,DAL|HOU,DAL|HOU,ok,yes
75712,Tyler,TX,Post Office or large volume customer,75702,DAL|HOU,DAL|HOU,ok,yes
75713,Tyler,TX,Post Office or large volume customer,75701,DAL|HOU,DAL|HOU,ok,yes
75772,Maydelle,TX,Post Office or large volume customer,75785,DAL|HOU,DAL|HOU,ok,yes
75797,Big Sandy,TX,Post Office or large volume customer,75755,DAL|HOU,DAL|HOU,ok,yes
75798,Tyler,TX,Zip Code Area,75701,DAL|HOU,DAL|HOU,ok,yes
75799,Tyler,TX,Zip Code Area,75701,DAL|HOU,DAL|HOU,ok,yes
75802,Palestine,TX,Post Office or large volume customer,75803,DAL,DAL|HOU,ok,no
75832,Cayuga,TX,Post Office or large volume customer,75751,DAL,DAL|HOU,ok,no
75834,Centralia,TX,Post Office or large volume customer,75926,DAL|HOU,DAL|HOU,ok,yes
75880,Tennessee Colony,TX,Post Office or large volume customer,75803,DAL,DAL|HOU,ok,no
75882,Palestine,TX,Post Office or large volume customer,75803,DAL,DAL|HOU,ok,no
75902,Lufkin,TX,Post Office or large volume customer,75904,DAL|HOU,DAL|HOU,ok,yes
75915,Lufkin,TX,Post Office or large volume customer,75904,DAL|HOU,DAL|HOU,ok,yes
75958,Martinsville,TX,Post Office or large volume customer,75961,DAL|HOU,DAL|HOU,ok,yes
75963,Nacogdoches,TX,Post Office or large volume customer,75965,DAL,DAL|HOU,ok,no
75978,Woden,TX,Post Office or large volume customer,75961,DAL|HOU,DAL|HOU,ok,yes
75990,Woodville,TX,Post Office or large volume customer,75979,DAL|HOU,DAL|HOU,ok,yes
76003,Arlington,TX,Post Office or large volume customer,76017,DAL,DAL,ok,yes
76004,Arlington,TX,Post Office or large volume customer,76010,DAL,DAL,ok,yes
76007,Arlington,TX,Post Office or large volume customer,76010,DAL,DAL,ok,yes
76019,Arlington,TX,Zip Code Area,76013,DAL,DAL,ok,yes
76068,Mineral Wells,TX,Post Office or large volume customer,76067,DAL,DAL,ok,yes
76094,Arlington,TX,Post Office or large volume customer,76013,DAL,DAL,ok,yes
76095,Bedford,TX,Post Office or large volume customer,76021,DAL,DAL,ok,yes
76096,Arlington,TX,Post Office or large volume customer,76018,DAL,DAL,ok,yes
76097,Burleson,TX,Post Office or large volume customer,76028,DAL,DAL,ok,yes
76098,Azle,TX,Post Office or large volume customer,76020,DAL,DAL,ok,yes
76099,Grapevine,TX,Post Office or large volume customer,76051,DAL,DAL,ok,yes
76101,Fort Worth,TX,Post Office or large volume customer,76102,DAL,DAL,ok,yes
76113,Fort Worth,TX,Post Office or large volume customer,76102,DAL,DAL,ok,yes
76121,Fort Worth,TX,Post Office or large volume customer,76116,DAL,DAL,ok,yes
76122,Fort Worth,TX,Zip Code Area,76115,DAL,DAL,ok,yes
76124,Fort Worth,TX,Post Office or large volume customer,76112,DAL,DAL,ok,yes
76130,Fort Worth,TX,Post Office or large volume customer,76109,DAL,DAL,ok,yes
76136,Fort Worth,TX,Post Office or large volume customer,76135,DAL,DAL,ok,yes
76147,Fort Worth,TX,Post Office or large volume customer,76107,DAL,DAL,ok,yes
76150,Fort Worth,TX,Post Office or large volume customer,76102,DAL,DAL,ok,yes
76161,Fort Worth,TX,Post Office or large volume customer,76106,DAL,DAL,ok,yes
76162,Fort Worth,TX,Post Office or large volume customer,76132,DAL,DAL,ok,yes
76163,Fort Worth,TX,Post Office or large volume customer,76133,DAL,DAL,ok,yes
76166,Fort Worth,TX,Post Office or large volume customer,76102,DAL,DAL,ok,yes
76181,Fort Worth,TX,Post Office or large volume customer,76180,DAL,DAL,ok,yes
76185,Fort Worth,TX,Post Office or large volume customer,76109,DAL,DAL,ok,yes
76190,Fort Worth,TX,Post Office or large volume customer,76137,DAL,DAL,ok,yes
76191,Fort Worth,TX,Post Office or large volume customer,76102,DAL,DAL,ok,yes
76192,Fort Worth,TX,Post Office or large volume customer,76179,DAL,DAL,ok,yes
76193,Fort Worth,TX,Post Office or large volume customer,76102,DAL,DAL,ok,yes
76195,Fort Worth,TX,Post Office or large volume customer,76102,DAL,DAL,ok,yes
76196,Fort Worth,TX,Post Office or large volume customer,76102,DAL,DAL,ok,yes
76197,Fort Worth,TX,Post Office or large volume customer,76102,DAL,DAL,ok,yes
76198,Fort Worth,TX,Post Office or large volume customer,76102,DAL,DAL,ok,yes
76199,Fort Worth,TX,Post Office or large volume customer,76102,DAL,DAL,ok,yes
76202,Denton,TX,Post Office or large volume customer,76201,DAL,DAL,ok,yes
76204,Denton,TX,Post Office or large volume customer,76201,DAL,DAL,ok,yes
76206,Denton,TX,Post Office or large volume customer,76205,DAL,DAL,ok,yes
76246,Greenwood,TX,Post Office or large volume customer,76234,DAL,DAL,ok,yes
76307,Wichita Falls,TX,Post Office or large volume customer,76301,DAL|HOU|SAS,DAL|SAS,ok,no
76352,Bluegrove,TX,Post Office or large volume customer,76365,DAL|HOU|SAS,DAL|SAS,ok,no
76369,Kamay,TX,Post Office or large volume customer,76360,DAL|HOU|SAS,DAL|SAS,ok,no
76385,Vernon,TX,Post Office or large volume customer,76384,DAL|HOU|SAS,DAL|SAS,ok,no
76461,Lingleville,TX,Post Office or large volume customer,76401,DAL|HOU|SAS,DAL|SAS,ok,no
76465,Morgan Mill,TX,Post Office or large volume customer,76433,DAL,DAL|SAS,ok,no
76467,Paluxy,TX,Post Office or large volume customer,76433,DAL,DAL|SAS,ok,no
76468,Proctor,TX,Post Office or large volume customer,76446,DAL|HOU|SAS,DAL|SAS,ok,no
76485,Peaster,TX,Post Office or large volume customer,76088,DAL,DAL|SAS,ok,no
76503,Temple,TX,Post Office or large volume customer,76501,DAL|SAS,DAL|SAS,ok,yes
76508,Temple,TX,Post Office or large volume customer,76504,DAL|SAS,DAL|SAS,ok,yes
76526,Flat,TX,Zip Code Area,76528,DAL|SAS,DAL|SAS,ok,yes
76533,Heidenheimer,TX,Post Office or large volume customer,76501,DAL|SAS,DAL|SAS,ok,yes
76540,Killeen,TX,Post Office or large volume customer,76541,DAL|SAS,DAL|SAS,ok,yes
76547,Killeen,TX,Post Office or large volume customer,76542,DAL|SAS,DAL|SAS,ok,yes
76558,Mound,TX,Post Office or large volume customer,76528,DAL|SAS,DAL|SAS,ok,yes
76564,Pendleton,TX,Post Office or large volume customer,76579,DAL|SAS,DAL|SAS,ok,yes
76644,Laguna Park,TX,Post Office or large volume customer,76634,DAL,DAL|SAS,ok,no
76684,Ross,TX,Post Office or large volume customer,76691,DAL,DAL|SAS,ok,no
76702,Waco,TX,Post Office or large volume customer,76710,DAL|SAS,DAL|SAS,ok,yes
76703,Waco,TX,Post Office or large volume customer,76706,DAL|SAS,DAL|SAS,ok,yes
76714,Waco,TX,Post Office or large volume customer,76710,DAL|SAS,DAL|SAS,ok,yes
76715,Waco,TX,Post Office or large volume customer,76704,DAL,DAL|SAS,ok,no
76716,Waco,TX,Post Office or large volume customer,76706,DAL|SAS,DAL|SAS,ok,yes
76797,Waco,TX,Post Office or large volume customer,76710,DAL|SAS,DAL|SAS,ok,yes
76799,Waco,TX,Post Office or large volume customer,76706,DAL|SAS,DAL|SAS,ok,yes
76803,Early,TX,Post Office or large volume customer,76802,DAL|HOU|SAS,DAL|SAS,ok,no
76804,Brownwood,TX,Post Office or large volume customer,76801,DAL|HOU|SAS,DAL|SAS,ok,no
76855,Lowake,TX,Post Office or large volume customer,76875,DAL|HOU|SAS,DAL|SAS,ok,no
76883,Telegraph,TX,Zip Code Area,76849,DAL|SAS,DAL|SAS,ok,yes
76886,Veribest,TX,Post Office or large volume customer,76905,DAL|SAS,DAL|SAS,ok,yes
76906,San Angelo,TX,Post Office or large volume customer,76904,DAL|SAS,DAL|SAS,ok,yes
76949,Silver,TX,Zip Code Area,76945,DAL|SAS,DAL|SAS,ok,yes
77001,Houston,TX,Post Office or large volume customer,77007,HOU,HOU,ok,yes
77052,Houston,TX,Post Office or large volume customer,77002,HOU,HOU,ok,yes
77201,Houston,TX,Post Office or large volume customer,77007,HOU,HOU,ok,yes
77202,Houston,TX,Post Office or large volume customer,77068,HOU,HOU,ok,yes
77203,Houston,TX,Post Office or large volume customer,77002,HOU,HOU,ok,yes
77205,Houston,TX,Post Office or large volume customer,77032,HOU,HOU,ok,yes
77206,Houston,TX,Post Office or large volume customer,77018,HOU,HOU,ok,yes
77207,Houston,TX,Post Office or large volume customer,77017,HOU,HOU,ok,yes
77208,Houston,TX,Post Office or large volume customer,77002,HOU,HOU,ok,yes
77209,Houston,TX,Post Office or large volume customer,77007,HOU,HOU,ok,yes
77210,Houston,TX,Post Office or large volume customer,77007,HOU,HOU,ok,yes
77212,Houston,TX,Post Office or large volume customer,77007,HOU,HOU,ok,yes
77213,Houston,TX,Post Office or large volume customer,77013,HOU,HOU,ok,yes
77215,Houston,TX,Post Office or large volume customer,77042,HOU,HOU,ok,yes
77216,Houston,TX,Post Office or large volume customer,77034,HOU,HOU,ok,yes
77217,Houston,TX,Post Office or large volume customer,77017,HOU,HOU,ok,yes
77218,Houston,TX,Post Office or large volume customer,77084,HOU,HOU,ok,yes
77219,Houston,TX,Post Office or large volume customer,77019,HOU,HOU,ok,yes
77220,Houston,TX,Post Office or large volume customer,77020,HOU,HOU,ok,yes
77221,Houston,TX,Post Office or large volume customer,77021,HOU,HOU,ok,yes
77222,Houston,TX,Post Office or large volume customer,77022,HOU,HOU,ok,yes
77223,Houston,TX,Post Office or large volume customer,77023,HOU,HOU,ok,yes
77224,Houston,TX,Post Office or large volume customer,77024,HOU,HOU,ok,yes
77225,Houston,TX,Post Office or large volume customer,77025,HOU,HOU,ok,yes
77226,Houston,TX,Post Office or large volume customer,77026,HOU,HOU,ok,yes
77227,Houston,TX,Post Office or large volume customer,77027,HOU,HOU,ok,yes
77228,Houston,TX,Post Office or large volume customer,77078,HOU,HOU,ok,yes
77229,Houston,TX,Post Office or large volume customer,77013,HOU,HOU,ok,yes
77230,Houston,TX,Post Office or large volume customer,77054,HOU,HOU,ok,yes
77231,Houston,TX,Post Office or large volume customer,77035,HOU,HOU,ok,yes
77233,Houston,TX,Post Office or large volume customer,77051,HOU,HOU,ok,yes
77234,Houston,TX,Post Office or large volume customer,77034,HOU,HOU,ok,yes
77235,Houston,TX,Post Office or large volume customer,77035,HOU,HOU,ok,yes
77236,Houston,TX,Post Office or large volume customer,77074,HOU,HOU,ok,yes
77237,Houston,TX,Post Office or large volume customer,77057,HOU,HOU,ok,yes
77238,Houston,TX,Post Office or large volume customer,77088,HOU,HOU,ok,yes
77240,Houston,TX,Post Office or large volume customer,77040,HOU,HOU,ok,yes
77241,Houston,TX,Post Office or large volume customer,77040,HOU,HOU,ok,yes
77242,Houston,TX,Post Office or large volume customer,77042,HOU,HOU,ok,yes
77243,Houston,TX,Post Office or large volume customer,77080,HOU,HOU,ok,yes
77244,Houston,TX,Post Office or large volume customer,77077,HOU,HOU,ok,yes
77245,Houston,TX,Post Office or large volume customer,77045,HOU,HOU,ok,yes
77248,Houston,TX,Post Office or large volume customer,77008,HOU,HOU,ok,yes
77249,Houston,TX,Post Office or large volume customer,77009,HOU,HOU,ok,yes
77251,Houston,TX,Post Office or large volume customer,77007,HOU,HOU,ok,yes
77252,Houston,TX,Post Office or large volume customer,77007,HOU,HOU,ok,yes
77253,Houston,TX,Post Office or large volume customer,77007,HOU,HOU,ok,yes
77254,Houston,TX,Post Office or large volume customer,77098,HOU,HOU,ok,yes
77255,Houston,TX,Post Office or large volume customer,77055,HOU,HOU,ok,yes
77256,Houston,TX,Post Office or large volume customer,77027,HOU,HOU,ok,yes
77257,Houston,TX,Post Office or large volume customer,77057,HOU,HOU,ok,yes
77258,Houston,TX,Post Office or large volume customer,77058,HOU,HOU,ok,yes
77259,Houston,TX,Post Office or large volume customer,77062,HOU,HOU,ok,yes
77261,Houston,TX,Post Office or large volume customer,77023,HOU,HOU,ok,yes
77262,Houston,TX,Post Office or large volume customer,77012,HOU,HOU,ok,yes
77263,Houston,TX,Post Office or large volume customer,77063,HOU,HOU,ok,yes
77265,Houston,TX,Post Office or large volume customer,77005,HOU,HOU,ok,yes
77266,Houston,TX,Post Office or large volume customer,77006,HOU,HOU,ok,yes
77267,Houston,TX,Post Office or large volume customer,77067,HOU,HOU,ok,yes
77268,Houston,TX,Post Office or large volume customer,77014,HOU,HOU,ok,yes
77269,Houston,TX,Post Office or large volume customer,77070,HOU,HOU,ok,yes
77270,Houston,TX,Post Office or large volume customer,77008,HOU,HOU,ok,yes
77271,Houston,TX,Post Office or large volume customer,77031,HOU,HOU,ok,yes
77272,Houston,TX,Post Office or large volume customer,77072,HOU,HOU,ok,yes
77273,Houston,TX,Post Office or large volume customer,77090,HOU,HOU,ok,yes
77274,Houston,TX,Post Office or large volume customer,77074,HOU,HOU,ok,yes
77275,Houston,TX,Post Office or large volume customer,77075,HOU,HOU,ok,yes
77277,Houston,TX,Post Office or large volume customer,77005,HOU,HOU,ok,yes
77279,Houston,TX,Post Office or large volume customer,77024,HOU,HOU,ok,yes
77280,Houston,TX,Post Office or large volume customer,77080,HOU,HOU,ok,yes
77282,Houston,TX,Post Office or large volume customer,77077,HOU,HOU,ok,yes
77284,Houston,TX,Post Office or large volume customer,77084,HOU,HOU,ok,yes
77287,Houston,TX,Post Office or large volume customer,77017,HOU,HOU,ok,yes
77288,Houston,TX,Post Office or large volume customer,77004,HOU,HOU,ok,yes
77289,Houston,TX,Post Office or large volume customer,77062,HOU,HOU,ok,yes
77290,Houston,TX,Post Office or large volume customer,77090,HOU,HOU,ok,yes
77291,Houston,TX,Post Office or large volume customer,77088,HOU,HOU,ok,yes
77292,Houston,TX,Post Office or large volume customer,77018,HOU,HOU,ok,yes
77293,Houston,TX,Post Office or large volume customer,77093,HOU,HOU,ok,yes
77297,Houston,TX,Post Office or large volume customer,77002,HOU,HOU,ok,yes
77299,Houston,TX,Post Office or large volume customer,77007,HOU,HOU,ok,yes
77305,Conroe,TX,Post Office or large volume customer,77301,HOU,HOU,ok,yes
77315,North Houston,TX,Post Office or large volume customer,77032,HOU,HOU,ok,yes
77325,Kingwood,TX,Post Office or large volume customer,77339,HOU,HOU,ok,yes
77332,Dallardsville,TX,Post Office or large volume customer,77351,HOU,HOU,ok,yes
77333,Dobbin,TX,Post Office or large volume customer,77356,HOU,HOU,ok,yes
77337,Hufsmith,TX,Post Office or large volume customer,77375,HOU,HOU,ok,yes
77343,Huntsville,TX,Post Office or large volume customer,77320,HOU,HOU,ok,yes
77344,Huntsville,TX,Post Office or large volume customer,77320,HOU,HOU,ok,yes
77347,Humble,TX,Post Office or large volume customer,77338,HOU,HOU,ok,yes
77348,Huntsville,TX,Post Office or large volume customer,77320,HOU,HOU,ok,yes
77349,Huntsville,TX,Post Office or large volume customer,77320,HOU,HOU,ok,yes
77353,Magnolia,TX,Post Office or large volume customer,77355,HOU,HOU,ok,yes
77383,Spring,TX,Post Office or large volume customer,77373,HOU,HOU,ok,yes
77387,Spring,TX,Post Office or large volume customer,77380,HOU,HOU,ok,yes
77391,Spring,TX,Post Office or large volume customer,77379,HOU,HOU,ok,yes
77393,Spring,TX,Post Office or large volume customer,77381,HOU,HOU,ok,yes
77399,Livingston,TX,Zip Code Area,77351,HOU,HOU,ok,yes
77402,Bellaire,TX,Post Office or large volume customer,77401,HOU,HOU,ok,yes
77404,Bay City,TX,Post Office or large volume customer,77414,HOU,HOU,ok,yes
77410,Cypress,TX,Post Office or large volume customer,77429,HOU,HOU,ok,yes
77411,Alief,TX,Post Office or large volume customer,77072,HOU,HOU,ok,yes
77413,Barker,TX,Post Office or large volume customer,77493,HOU,HOU,ok,yes
77452,Kenney,TX,Post Office or large volume customer,77418,HOU,HOU,ok,yes
77463,Old Ocean,TX,Post Office or large volume customer,77480,HOU,HOU,ok,yes
77487,Sugar Land,TX,Post Office or large volume customer,77478,HOU,HOU,ok,yes
77491,Katy,TX,Post Office or large volume customer,77449,HOU,HOU,ok,yes
77492,Katy,TX,Post Office or large volume customer,77493,HOU,HOU,ok,yes
77496,Sugar Land,TX,Post Office or large volume customer,77479,HOU,HOU,ok,yes
77497,Stafford,TX,Post Office or large volume customer,77477,HOU,HOU,ok,yes
77501,Pasadena,TX,Post Office or large volume customer,77502,HOU,HOU,ok,yes
77508,Pasadena,TX,Post Office or large volume customer,77505,HOU,HOU,ok,yes
77512,Alvin,TX,Post Office or large volume customer,77511,HOU,HOU,ok,yes
77516,Angleton,TX,Post Office or large volume customer,77515,HOU,HOU,ok,yes
77522,Baytown,TX,Post Office or large volume customer,77521,HOU,HOU,ok,yes
77542,Freeport,TX,Post Office or large volume customer,77541,HOU,HOU,ok,yes
77549,Friendswood,TX,Post Office or large volume customer,77546,HOU,HOU,ok,yes
77552,Galveston,TX,Post Office or large volume customer,77551,HOU,HOU,ok,yes
77553,Galveston,TX,Post Office or large volume customer,77550,HOU,HOU,ok,yes
77572,La Porte,TX,Post Office or large volume customer,77571,HOU,HOU,ok,yes
77574,League City,TX,Post Office or large volume customer,77573,HOU,HOU,ok,yes
77588,Pearland,TX,Post Office or large volume customer,77581,HOU,HOU,ok,yes
77592,Texas City,TX,Post Office or large volume customer,77590,HOU,HOU,ok,yes
77626,Mauriceville,TX,Post Office or large volume customer,77632,HOU,HOU,ok,yes
77631,Orange,TX,Post Office or large volume customer,77630,HOU,HOU,ok,yes
77639,Orangefield,TX,Post Office or large volume customer,77630,HOU,HOU,ok,yes
77641,Port Arthur,TX,Post Office or large volume customer,77640,HOU,HOU,ok,yes
77643,Port Arthur,TX,Post Office or large volume customer,77640,HOU,HOU,ok,yes
77670,Vidor,TX,Post Office or large volume customer,77662,HOU,HOU,ok,yes
77704,Beaumont,TX,Post Office or large volume customer,77701,HOU,HOU,ok,yes
77710,Beaumont,TX,Zip Code Area,77705,HOU,HOU,ok,yes
77720,Beaumont,TX,Post Office or large volume customer,77707,HOU,HOU,ok,yes
77725,Beaumont,TX,Post Office or large volume customer,77705,HOU,HOU,ok,yes
77726,Beaumont,TX,Post Office or large volume customer,77706,HOU,HOU,ok,yes
77805,Bryan,TX,Post Office or large volume customer,77802,HOU,DAL|HOU,ok,no
77806,Bryan,TX,Post Office or large volume customer,77803,HOU,DAL|HOU,ok,no
77834,Brenham,TX,Post Office or large volume customer,77833,HOU,HOU,ok,yes
77838,Chriesman,TX,Post Office or large volume customer,77836,DAL|HOU,DAL|HOU,ok,yes
77841,College Station,TX,Post Office or large volume customer,77843,HOU,DAL|HOU,ok,no
77842,College Station,TX,Post Office or large volume customer,77840,HOU,DAL|HOU,ok,no
77844,College Station,TX,Post Office or large volume customer,77843,HOU,DAL|HOU,ok,no
77850,Concord,TX,Post Office or large volume customer,75846,DAL|HOU,DAL|HOU,ok,yes
77862,Kurten,TX,Post Office or large volume customer,77808,HOU,DAL|HOU,ok,no
77870,New Baden,TX,Post Office or large volume customer,77856,DAL|HOU,DAL|HOU,ok,yes
77881,Wellborn,TX,Post Office or large volume customer,77845,HOU,DAL|HOU,ok,no
77902,Victoria,TX,Post Office or large volume customer,77901,HOU|SAS,HOU|SAS,ok,yes
77903,Victoria,TX,Post Office or large volume customer,77904,HOU|SAS,HOU|SAS,ok,yes
77967,Hochheim,TX,Zip Code Area,78629,SAS,HOU|SAS,ok,no
77989,Thomaston,TX,Post Office or large volume customer,77954,SAS,HOU|SAS,ok,no
78042,Laredo,TX,Post Office or large volume customer,78040,HOU|SAS,SAS,ok,no
78054,Macdona,TX,Post Office or large volume customer,78002,SAS,SAS,ok,yes
78060,Oakville,TX,Post Office or large volume customer,78071,SAS,SAS,ok,yes
78115,Geronimo,TX,Post Office or large volume customer,78155,SAS,SAS,ok,yes
78131,New Braunfels,TX,Post Office or large volume customer,78130,SAS,SAS,ok,yes
78135,New Braunfels,TX,Post Office or large volume customer,78130,SAS,SAS,ok,yes
78156,Seguin,TX,Post Office or large volume customer,78155,SAS,SAS,ok,yes
78206,San Antonio,TX,Zip Code Area,78205,SAS,SAS,ok,yes
78241,San Antonio,TX,Post Office or large volume customer,78227,SAS,SAS,ok,yes
78246,San Antonio,TX,Post Office or large volume customer,78216,SAS,SAS,ok,yes
78265,San Antonio,TX,Post Office or large volume customer,78233,SAS,SAS,ok,yes
78268,San Antonio,TX,Post Office or large volume customer,78238,SAS,SAS,ok,yes
78269,San Antonio,TX,Post Office or large volume customer,78249,SAS,SAS,ok,yes
78270,San Antonio,TX,Post Office or large volume customer,78232,SAS,SAS,ok,yes
78278,San Antonio,TX,Post Office or large volume customer,78230,SAS,SAS,ok,yes
78279,San Antonio,TX,Post Office or large volume customer,78216,SAS,SAS,ok,yes
78280,San Antonio,TX,Post Office or large volume customer,78230,SAS,SAS,ok,yes
78283,San Antonio,TX,Post Office or large volume customer,78204,SAS,SAS,ok,yes
78284,San Antonio,TX,Post Office or large volume customer,78233,SAS,SAS,ok,yes
78285,San Antonio,TX,Post Office or large volume customer,78217,SAS,SAS,ok,yes
78288,San Antonio,TX,Post Office or large volume customer,78240,SAS,SAS,ok,yes
78289,San Antonio,TX,Post Office or large volume customer,78233,SAS,SAS,ok,yes
78291,San Antonio,TX,Post Office or large volume customer,78205,SAS,SAS,ok,yes
78292,San Antonio,TX,Post Office or large volume customer,78205,SAS,SAS,ok,yes
78293,San Antonio,TX,Post Office or large volume customer,78205,SAS,SAS,ok,yes
78294,San Antonio,TX,Post Office or large volume customer,78205,SAS,SAS,ok,yes
78295,San Antonio,TX,Post Office or large volume customer,78205,SAS,SAS,ok,yes
78296,San Antonio,TX,Post Office or large volume customer,78205,SAS,SAS,ok,yes
78297,San Antonio,TX,Post Office or large volume customer,78205,SAS,SAS,ok,yes
78298,San Antonio,TX,Post Office or large volume customer,78205,SAS,SAS,ok,yes
78299,San Antonio,TX,Post Office or large volume customer,78205,SAS,SAS,ok,yes
78333,Alice,TX,Post Office or large volume customer,78332,HOU|SAS,HOU|SAS,ok,yes
78335,Aransas Pass,TX,Post Office or large volume customer,78336,HOU|SAS,HOU|SAS,ok,yes
78350,Dinero,TX,Post Office or large volume customer,78022,SAS,HOU|SAS,ok,no
78364,Kingsville,TX,Post Office or large volume customer,78363,HOU|SAS,HOU|SAS,ok,yes
78381,Rockport,TX,Post Office or large volume customer,78382,HOU|SAS,HOU|SAS,ok,yes
78403,Corpus Christi,TX,Post Office or large volume customer,78401,HOU|SAS,HOU|SAS,ok,yes
78426,Corpus Christi,TX,Post Office or large volume customer,78408,HOU|SAS,HOU|SAS,ok,yes
78427,Corpus Christi,TX,Post Office or large volume customer,78413,HOU|SAS,HOU|SAS,ok,yes
78460,Corpus Christi,TX,Post Office or large volume customer,78408,HOU|SAS,HOU|SAS,ok,yes
78463,Corpus Christi,TX,Post Office or large volume customer,78404,HOU|SAS,HOU|SAS,ok,yes
78465,Corpus Christi,TX,Post Office or large volume customer,78405,HOU|SAS,HOU|SAS,ok,yes
78466,Corpus Christi,TX,Post Office or large volume customer,78411,HOU|SAS,HOU|SAS,ok,yes
78467,Corpus Christi,TX,Post Office or large volume customer,78415,HOU|SAS,HOU|SAS,ok,yes
78468,Corpus Christi,TX,Post Office or large volume customer,78412,HOU|SAS,HOU|SAS,ok,yes
78469,Corpus Christi,TX,Post Office or large volume customer,78408,HOU|SAS,HOU|SAS,ok,yes
78472,Corpus Christi,TX,Post Office or large volume customer,78411,HOU|SAS,HOU|SAS,ok,yes
78480,Corpus Christi,TX,Post Office or large volume customer,78418,HOU|SAS,HOU|SAS,ok,yes
78502,McAllen,TX,Post Office or large volume customer,78501,HOU|SAS,HOU|SAS,ok,yes
78505,McAllen,TX,Post Office or large volume customer,78501,HOU|SAS,HOU|SAS,ok,yes
78522,Brownsville,TX,Post Office or large volume customer,78520,HOU|SAS,HOU|SAS,ok,yes
78523,Brownsville,TX,Post Office or large volume customer,78520,HOU|SAS,HOU|SAS,ok,yes
78551,Harlingen,TX,Post Office or large volume customer,78550,HOU|SAS,HOU|SAS,ok,yes
78553,Harlingen,TX,Post Office or large volume customer,78550,HOU|SAS,HOU|SAS,ok,yes
78568,Lozano,TX,Post Office or large volume customer,78586,HOU|SAS,HOU|SAS,ok,yes
78604,Belmont,TX,Post Office or large volume customer,78629,SAS,SAS,ok,yes
78627,Georgetown,TX,Post Office or large volume customer,78626,SAS,SAS,ok,yes
78630,Cedar Park,TX,Post Office or large volume customer,78613,SAS,SAS,ok,yes
78646,Leander,TX,Post Office or large volume customer,78641,SAS,SAS,ok,yes
78651,Mc Neil,TX,Post Office or large volume customer,78717,SAS,SAS,ok,yes
78667,San Marcos,TX,Post Office or large volume customer,78666,SAS,SAS,ok,yes
78673,Walburg,TX,Post Office or large volume customer,78626,SAS,SAS,ok,yes
78680,Round Rock,TX,Post Office or large volume customer,78681,SAS,SAS,ok,yes
78682,Round Rock,TX,Post Office or large volume customer,78664,SAS,SAS,ok,yes
78683,Round Rock,TX,Post Office or large volume customer,78664,SAS,SAS,ok,yes
78691,Pflugerville,TX,Post Office or large volume customer,78660,SAS,SAS,ok,yes
78708,Austin,TX,Post Office or large volume customer,78758,SAS,SAS,ok,yes
78709,Austin,TX,Post Office or large volume customer,78735,SAS,SAS,ok,yes
78710,Austin,TX,Post Office or large volume customer,78754,SAS,SAS,ok,yes
78711,Austin,TX,Post Office or large volume customer,78701,SAS,SAS,ok,yes
78713,Austin,TX,Post Office or large volume customer,78712,SAS,SAS,ok,yes
78714,Austin,TX,Post Office or large volume customer,78754,SAS,SAS,ok,yes
78715,Austin,TX,Post Office or large volume customer,78745,SAS,SAS,ok,yes
78716,Austin,TX,Post Office or large volume customer,78746,SAS,SAS,ok,yes
78718,Austin,TX,Post Office or large volume customer,78758,SAS,SAS,ok,yes
78720,Austin,TX,Post Office or large volume customer,78759,SAS,SAS,ok,yes
78755,Austin,TX,Post Office or large volume customer,78731,SAS,SAS,ok,yes
78760,Austin,TX,Post Office or large volume customer,78744,SAS,SAS,ok,yes
78761,Austin,TX,Post Office or large volume customer,78752,SAS,SAS,ok,yes
78762,Austin,TX,Post Office or large volume customer,78702,SAS,SAS,ok,yes
78763,Austin,TX,Post Office or large volume customer,78703,SAS,SAS,ok,yes
78764,Austin,TX,Post Office or large volume customer,78704,SAS,SAS,ok,yes
78765,Austin,TX,Post Office or large volume customer,78751,SAS,SAS,ok,yes
78766,Austin,TX,Post Office or large volume customer,78757,SAS,SAS,ok,yes
78767,Austin,TX,Post Office or large volume customer,78701,SAS,SAS,ok,yes
78768,Austin,TX,Post Office or large volume customer,78701,SAS,SAS,ok,yes
78772,Austin,TX,Post Office or large volume customer,78704,SAS,SAS,ok,yes
78773,Austin,TX,Post Office or large volume customer,78701,SAS,SAS,ok,yes
78774,Austin,TX,Post Office or large volume customer,78701,SAS,SAS,ok,yes
78778,Austin,TX,Post Office or large volume customer,78701,SAS,SAS,ok,yes
78779,Austin,TX,Post Office or large volume customer,78731,SAS,SAS,ok,yes
78783,Austin,TX,Post Office or large volume customer,78723,SAS,SAS,ok,yes
78799,Austin,TX,Post Office or large volume customer,78721,SAS,SAS,ok,yes
78847,Del Rio,TX,Post Office or large volume customer,78840,DAL|SAS,DAL|SAS,ok,yes
78853,Eagle Pass,TX,Post Office or large volume customer,78852,DAL|SAS,DAL|SAS,ok,yes
78952,Plum,TX,Post Office or large volume customer,78945,HOU|SAS,HOU,ok,no
78960,Warda,TX,Post Office or large volume customer,78942,HOU|SAS,HOU|SAS,ok,yes
78961,Warrenton,TX,Post Office or large volume customer,78954,HOU,HOU|SAS,ok,no
79077,Samnorwood,TX,Post Office or large volume customer,79079,DAL|HOU|SAS,DAL|SAS,ok,no
79105,Amarillo,TX,Post Office or large volume customer,79101,DAL|HOU|SAS,DAL|SAS,ok,no
79114,Amarillo,TX,Post Office or large volume customer,79109,DAL|HOU|SAS,DAL|SAS,ok,no
79116,Amarillo,TX,Post Office or large volume customer,79106,DAL|HOU|SAS,DAL|SAS,ok,no
79117,Amarillo,TX,Post Office or large volume customer,79107,DAL|HOU|SAS,DAL|SAS,ok,no
79120,Amarillo,TX,Post Office or large volume customer,79103,DAL|HOU|SAS,DAL|SAS,ok,no
79159,Amarillo,TX,Post Office or large volume customer,79124,DAL|HOU|SAS,DAL|SAS,ok,no
79166,Amarillo,TX,Post Office or large volume customer,79101,DAL|HOU|SAS,DAL|SAS,ok,no
79168,Amarillo,TX,Post Office or large volume customer,79104,DAL|HOU|SAS,DAL|SAS,ok,no
79172,Amarillo,TX,Post Office or large volume customer,79101,DAL|HOU|SAS,DAL|SAS,ok,no
79174,Amarillo,TX,Post Office or large volume customer,79101,DAL|HOU|SAS,DAL|SAS,ok,no
79178,Amarillo,TX,Zip Code Area,79109,DAL|HOU|SAS,DAL|SAS,ok,no
79185,Amarillo,TX,Post Office or large volume customer,79119,DAL|HOU|SAS,DAL|SAS,ok,no
79189,Amarillo,TX,Post Office or large volume customer,79103,DAL|HOU|SAS,DAL|SAS,ok,no
79221,Aiken,TX,Post Office or large volume customer,79241,DAL|HOU|SAS,DAL|SAS,ok,no
79338,Levelland,TX,Post Office or large volume customer,79336,DAL|HOU|SAS,DAL|SAS,ok,no
79408,Lubbock,TX,Post Office or large volume customer,79401,DAL|HOU|SAS,DAL|SAS,ok,no
79409,Lubbock,TX,Zip Code Area,79406,DAL|SAS,DAL|HOU|SAS,ok,no
79430,Lubbock,TX,Post Office or large volume customer,79415,DAL|HOU|SAS,DAL|SAS,ok,no
79452,Lubbock,TX,Post Office or large volume customer,79412,DAL|HOU|SAS,DAL|SAS,ok,no
79453,Lubbock,TX,Post Office or large volume customer,79423,DAL|HOU|SAS,DAL|SAS,ok,no
79457,Lubbock,TX,Post Office or large volume customer,79402,DAL|SAS,DAL|SAS,ok,yes
79464,Lubbock,TX,Post Office or large volume customer,79424,DAL|HOU|SAS,DAL|SAS,ok,no
79490,Lubbock,TX,Post Office or large volume customer,79407,DAL|HOU|SAS,DAL|SAS,ok,no
79491,Lubbock,TX,Post Office or large volume customer,79412,DAL|HOU|SAS,DAL|SAS,ok,no
79493,Lubbock,TX,Post Office or large volume customer,79413,DAL|HOU|SAS,DAL|SAS,ok,no
79499,Lubbock,TX,Post Office or large volume customer,79416,DAL|HOU|SAS,DAL|SAS,ok,no
79516,Dunn,TX,Post Office or large volume customer,79549,DAL|HOU|SAS,DAL|SAS,ok,no
79550,Snyder,TX,Post Office or large volume customer,79549,DAL|HOU|SAS,DAL|SAS,ok,no
79604,Abilene,TX,Post Office or large volume customer,79601,DAL|HOU|SAS,DAL|SAS,ok,no
79608,Abilene,TX,Post Office or large volume customer,79605,DAL|HOU|SAS,DAL|SAS,ok,no
79697,Abilene,TX,Zip Code Area,79605,DAL|HOU|SAS,DAL|HOU|SAS,ok,yes
79698,Abilene,TX,Zip Code Area,79601,DAL|HOU|SAS,DAL|HOU|SAS,ok,yes
79702,Midland,TX,Post Office or large volume customer,79701,DAL|HOU|SAS,DAL|SAS,ok,no
79704,Midland,TX,Post Office or large volume customer,79701,DAL|HOU|SAS,DAL|SAS,ok,no
79708,Midland,TX,Post Office or large volume customer,79707,DAL|HOU|SAS,DAL|SAS,ok,no
79710,Midland,TX,Post Office or large volume customer,79705,DAL|HOU|SAS,DAL|SAS,ok,no
79711,Midland,TX,Post Office or large volume customer,79706,DAL|HOU|SAS,DAL|SAS,ok,no
79712,Midland,TX,Post Office or large volume customer,79705,DAL|HOU|SAS,DAL|SAS,ok,no
79740,Girvin,TX,Post Office or large volume customer,79752,DAL|HOU|SAS,DAL|SAS,ok,no
79760,Odessa,TX,Post Office or large volume customer,79761,DAL|HOU|SAS,DAL|SAS,ok,no
79768,Odessa,TX,Post Office or large volume customer,79762,DAL|HOU|SAS,DAL|SAS,ok,no
79786,Toyahvale,TX,Post Office or large volume customer,79718,DAL|HOU|SAS,DAL|SAS,ok,no
79831,Alpine,TX,Post Office or large volume customer,79830,DAL|HOU|SAS,DAL|SAS,ok,no
79910,El Paso,TX,Post Office or large volume customer,79925,DAL|HOU|SAS,DAL|SAS,ok,no
79913,El Paso,TX,Post Office or large volume customer,79912,DAL|HOU|SAS,DAL|SAS,ok,no
79914,El Paso,TX,Post Office or large volume customer,79924,DAL|HOU|SAS,DAL|SAS,ok,no
79917,El Paso,TX,Post Office or large volume customer,79907,DAL|HOU|SAS,DAL|SAS,ok,no
79923,El Paso,TX,Post Office or large volume customer,79903,DAL|HOU|SAS,DAL|SAS,ok,no
79926,El Paso,TX,Post Office or large volume customer,79915,DAL|HOU|SAS,DAL|SAS,ok,no
79929,El Paso,TX,Post Office or large volume customer,79927,DAL|HOU|SAS,DAL|SAS,ok,no
79931,El Paso,TX,Post Office or large volume customer,79930,DAL|HOU|SAS,DAL|SAS,ok,no
79937,El Paso,TX,Post Office or large volume customer,79925,DAL|HOU|SAS,DAL|SAS,ok,no
79940,El Paso,TX,Post Office or large volume customer,79901,DAL|HOU|SAS,DAL|SAS,ok,no
79941,El Paso,TX,Post Office or large volume customer,79901,DAL|HOU|SAS,DAL|SAS,ok,no
79942,El Paso,TX,Post Office or large volume customer,79901,DAL|HOU|SAS,DAL|SAS,ok,no
79943,El Paso,TX,Post Office or large volume customer,79901,DAL|HOU|SAS,DAL|SAS,ok,no
79944,El Paso,TX,Post Office or large volume customer,79901,DAL|HOU|SAS,DAL|SAS,ok,no
79945,El Paso,TX,Post Office or large volume customer,79901,DAL|HOU|SAS,DAL|SAS,ok,no
79946,El Paso,TX,Post Office or large volume customer,79901,DAL|HOU|SAS,DAL|SAS,ok,no
79947,El Paso,TX,Post Office or large volume customer,79901,DAL|HOU|SAS,DAL|SAS,ok,no
79948,El Paso,TX,Post Office or large volume customer,79901,DAL|HOU|SAS,DAL|SAS,ok,no
79949,El Paso,TX,Post Office or large volume customer,79901,DAL|HOU|SAS,DAL|SAS,ok,no
79950,El Paso,TX,Post Office or large volume customer,79901,DAL|HOU|SAS,DAL|SAS,ok,no
79951,El Paso,TX,Post Office or large volume customer,79901,DAL|HOU|SAS,DAL|SAS,ok,no
79952,El Paso,TX,Post Office or large volume customer,79901,DAL|HOU|SAS,DAL|SAS,ok,no
79953,El Paso,TX,Post Office or large volume customer,79901,DAL|HOU|SAS,DAL|SAS,ok,no
79954,El Paso,TX,Post Office or large volume customer,79901,DAL|HOU|SAS,DAL|SAS,ok,no
79955,El Paso,TX,Post Office or large volume customer,79901,DAL|HOU|SAS,DAL|SAS,ok,no
79958,El Paso,TX,Post Office or large volume customer,79901,DAL|HOU|SAS,DAL|SAS,ok,no
79960,El Paso,TX,Post Office or large volume customer,79901,DAL|HOU|SAS,DAL|SAS,ok,no
79961,El Paso,TX,Post Office or large volume customer,79925,DAL|HOU|SAS,DAL|SAS,ok,no
79968,El Paso,TX,Zip Code Area,79902,DAL|HOU|SAS,DAL|HOU|SAS,ok,yes
79976,El Paso,TX,Post Office or large volume customer,79930,DAL|HOU|SAS,DAL|SAS,ok,no
79978,El Paso,TX,Post Office or large volume customer,79901,DAL|HOU|SAS,DAL|SAS,ok,no
79980,El Paso,TX,Post Office or large volume customer,79901,DAL|HOU|SAS,DAL|SAS,ok,no
79995,El Paso,TX,Post Office or large volume customer,79905,DAL|HOU|SAS,DAL|SAS,ok,no
79996,El Paso,TX,Post Office or large volume customer,79936,DAL|HOU|SAS,DAL|SAS,ok,no
79997,El Paso,TX,Post Office or large volume customer,79925,DAL|HOU|SAS,DAL|SAS,ok,no
79998,El Paso,TX,Post Office or large volume customer,79905,DAL|HOU|SAS,DAL|SAS,ok,no
79999,El Paso,TX,Post Office or large volume customer,79905,DAL|HOU|SAS,DAL|SAS,ok,no
80001,Arvada,CO,Post Office or large volume customer,80004,DEN,,ok,no
80006,Arvada,CO,Post Office or large volume customer,80005,DEN,,ok,no
80034,Wheat Ridge,CO,Post Office or large volume customer,80033,DEN,,ok,no
80035,Westminster,CO,Post Office or large volume customer,80031,DEN,,ok,no
80036,Westminster,CO,Post Office or large volume customer,80030,DEN,,http 404,
80037,Commerce City,CO,Post Office or large volume customer,80022,DEN,,ok,no
80038,Broomfield,CO,Post Office or large volume customer,80020,DEN,,ok,no
80040,Aurora,CO,Post Office or large volume customer,80010,DEN,,ok,no
80041,Aurora,CO,Post Office or large volume customer,80011,DEN,,ok,no
80042,Aurora,CO,Post Office or large volume customer,80011,DEN,,http 404,
80044,Aurora,CO,Post Office or large volume customer,80014,DEN,,ok,no
80046,Aurora,CO,Post Office or large volume customer,80015,DEN,,ok,no
80047,Aurora,CO,Post Office or large volume customer,80017,DEN,,http 404,
80150,Englewood,CO,Post Office or large volume customer,80110,DEN,,ok,no
80151,Englewood,CO,Post Office or large volume customer,80113,DEN,,http 404,
80155,Englewood,CO,Post Office or large volume customer,80112,DEN,,ok,no
80160,Littleton,CO,Post Office or large volume customer,80120,DEN,,ok,no
80161,Littleton,CO,Post Office or large volume customer,80122,DEN,,ok,no
80162,Littleton,CO,Post Office or large volume customer,80123,DEN,,http 404,
80163,Littleton,CO,Post Office or large volume customer,80130,DEN,,ok,no
80165,Littleton,CO,Post Office or large volume customer,80120,DEN,,http 404,
80166,Littleton,CO,Post Office or large volume customer,80120,DEN,,ok,no
80201,Denver,CO,Post Office or large volume customer,80205,DEN,,ok,no
80208,Denver,CO,Post Office or large volume customer,80210,DEN,DEN,ok,yes
80217,Denver,CO,Post Office or large volume customer,80266,,,ok,yes
80225,Denver,CO,Zip Code Area,80226,DEN,DEN,ok,yes
80243,Denver,CO,Post Office or large volume customer,80205,DEN,,http 404,
80244,Denver,CO,Post Office or large volume customer,80202,DEN,,http 404,
80248,Denver,CO,Post Office or large volume customer,80205,DEN,,ok,no
80250,Denver,CO,Post Office or large volume customer,80210,DEN,,ok,no
80256,Denver,CO,Post Office or large volume customer,80202,DEN,,http 404,
80257,Denver,CO,Post Office or large volume customer,80202,DEN,,ok,no
80259,Denver,CO,Post Office or large volume customer,80202,DEN,,http 404,
80261,Denver,CO,Post Office or large volume customer,80203,DEN,,http 404,
80263,Denver,CO,Post Office or large volume customer,80222,DEN,,ok,no
80265,Denver,CO,Zip Code Area,80202,DEN,,ok,no
80271,Denver,CO,Post Office or large volume customer,80202,DEN,,http 404,
80273,Denver,CO,Post Office or large volume customer,80204,DEN,,ok,no
80274,Denver,CO,Post Office or large volume customer,80290,,,http 404,
80281,Denver,CO,Post Office or large volume customer,80202,DEN,,http 404,
80291,Denver,CO,Post Office or large volume customer,80202,DEN,,http 404,
80299,Denver,CO,Post Office or large volume customer,80202,DEN,,ok,no
80306,Boulder,CO,Post Office or large volume customer,80302,DEN,,ok,no
80307,Boulder,CO,Post Office or large volume customer,80305,DEN,,ok,no
80308,Boulder,CO,Post Office or large volume customer,80301,DEN,,ok,no
80309,Boulder,CO,Zip Code Area,80310,,DEN,ok,no
80314,Boulder,CO,Post Office or large volume customer,80503,DEN,,ok,no
80402,Golden,CO,Post Office or large volume customer,80401,DEN,,ok,no
80429,Climax,CO,Post Office or large volume customer,80461,DEN,,http 404,
80437,Evergreen,CO,Post Office or large volume customer,80439,DEN,,ok,no
80477,Steamboat Springs,CO,Post Office or large volume customer,80487,DEN,DEN,ok,yes
80488,Steamboat Springs,CO,Post Office or large volume customer,80487,DEN,DEN,ok,yes
80497,Silverthorne,CO,Post Office or large volume customer,80498,DEN,DEN,ok,yes
80502,Longmont,CO,Post Office or large volume customer,80501,DEN,,ok,no
80511,Estes Park,CO,Post Office or large volume customer,80517,DEN,,ok,no
80522,Fort Collins,CO,Post Office or large volume customer,80521,DEN,,ok,no
80523,Fort Collins,CO,Zip Code Area,80521,DEN,DEN,ok,yes
80527,Fort Collins,CO,Post Office or large volume customer,80525,DEN,,ok,no
80533,Hygiene,CO,Post Office or large volume customer,80503,DEN,,http 404,
80539,Loveland,CO,Post Office or large volume customer,80538,DEN,,ok,no
80541,Masonville,CO,Post Office or large volume customer,80538,DEN,,ok,no
80551,Windsor,CO,Post Office or large volume customer,80550,DEN,,http 404,
80553,Fort Collins,CO,Post Office or large volume customer,80525,DEN,,http 404,
80614,Eastlake,CO,Zip Code Area,80241,DEN,,http 404,
80632,Greeley,CO,Post Office or large volume customer,80631,DEN,,ok,no
80633,Greeley,CO,Post Office or large volume customer,80634,DEN,,ok,no
80638,Greeley,CO,Post Office or large volume customer,80620,DEN,,http 404,
80639,Greeley,CO,Zip Code Area,80631,DEN,DEN,ok,yes
80841,Usaf Academy,CO,Post Office or large volume customer,80840,DEN,,ok,no
80866,Woodland Park,CO,Post Office or large volume customer,80863,DEN,,ok,no
80901,Colorado Springs,CO,Post Office or large volume customer,80903,DEN,,ok,no
80912,Colorado Springs,CO,Zip Code Area,80930,DEN,,ok,no
80931,Colorado Springs,CO,Post Office or large volume customer,80911,DEN,,http 404,
80932,Colorado Springs,CO,Post Office or large volume customer,80909,DEN,,ok,no
80933,Colorado Springs,CO,Post Office or large volume customer,80907,DEN,,ok,no
80934,Colorado Springs,CO,Post Office or large volume customer,80904,DEN,,http 404,
80935,Colorado Springs,CO,Post Office or large volume customer,80910,DEN,,ok,no
80936,Colorado Springs,CO,Post Office or large volume customer,80918,DEN,,ok,no
80937,Colorado Springs,CO,Post Office or large volume customer,80905,DEN,,ok,no
80941,Colorado Springs,CO,Post Office or large volume customer,80918,DEN,,http 404,
80942,Colorado Springs,CO,Post Office or large volume customer,80903,DEN,,http 404,
80946,Colorado Springs,CO,Post Office or large volume customer,80903,DEN,,http 404,
80947,Colorado Springs,CO,Post Office or large volume customer,80903,DEN,,ok,no
80949,Colorado Springs,CO,Post Office or large volume customer,80919,DEN,,ok,no
80950,Colorado Springs,CO,Post Office or large volume customer,80909,DEN,,http 404,
80960,Colorado Springs,CO,Post Office or large volume customer,80905,DEN,,ok,no
80962,Colorado Springs,CO,Post Office or large volume customer,80920,DEN,,ok,no
80970,Colorado Springs,CO,Post Office or large volume customer,80915,DEN,,ok,no
80977,Colorado Springs,CO,Post Office or large volume customer,80925,DEN,,ok,no
80995,Colorado Springs,CO,Post Office or large volume customer,80920,DEN,,ok,no
80997,Colorado Springs,CO,Post Office or large volume customer,80921,DEN,,http 404,
81002,Pueblo,CO,Post Office or large volume customer,81003,DEN,DEN,ok,yes
81009,Pueblo,CO,Post Office or large volume customer,81001,DEN,DEN,ok,yes
81010,Pueblo,CO,Post Office or large volume customer,81003,DEN,DEN,ok,yes
81011,Pueblo,CO,Post Office or large volume customer,81003,DEN,DEN,ok,yes
81012,Pueblo,CO,Post Office or large volume customer,81003,DEN,DEN,ok,yes
81034,Ordway,CO,Post Office or large volume customer,81063,DEN,DEN,ok,yes
81038,Fort Lyon,CO,Post Office or large volume customer,81054,DEN,DEN,ok,yes
81102,Alamosa,CO,Zip Code Area,81101,DEN,DEN,ok,yes
81135,Homelake,CO,Post Office or large volume customer,81144,DEN,DEN,ok,yes
81157,Pagosa Springs,CO,Post Office or large volume customer,81147,DEN,DEN,ok,yes
81215,Canon City,CO,Post Office or large volume customer,81212,DEN,DEN,ok,yes
81231,Gunnison,CO,Zip Code Area,81230,DEN,DEN,ok,yes
81290,Florence,CO,Post Office or large volume customer,81226,DEN,DEN,ok,yes
81302,Durango,CO,Post Office or large volume customer,81301,DEN,DEN,ok,yes
81329,Marvel,CO,Post Office or large volume customer,81326,DEN,DEN,ok,yes
81402,Montrose,CO,Post Office or large volume customer,81401,DEN,DEN,ok,yes
81414,Cory,CO,Post Office or large volume customer,81410,DEN,DEN,ok,yes
81420,Lazear,CO,Post Office or large volume customer,81419,DEN,DEN,ok,yes
81502,Grand Junction,CO,Post Office or large volume customer,81501,DEN,DEN,ok,yes
81602,Glenwood Springs,CO,Post Office or large volume customer,81601,DEN,DEN,ok,yes
81626,Craig,CO,Post Office or large volume customer,81625,DEN,DEN,ok,yes
81636,Battlement Mesa,CO,Post Office or large volume customer,81635,DEN,DEN,ok,yes
81658,Vail,CO,Post Office or large volume customer,81657,DEN,DEN,ok,yes
82002,Cheyenne,WY,Post Office or large volume customer,82009,DEN,DEN,ok,yes
82003,Cheyenne,WY,Post Office or large volume customer,82001,DEN,DEN,ok,yes
82006,Cheyenne,WY,Post Office or large volume customer,82009,DEN,DEN,ok,yes
82010,Cheyenne,WY,Post Office or large volume customer,82009,DEN,DEN,ok,yes
82071,Laramie,WY,Zip Code Area,82072,DEN,DEN,ok,yes
82524,Saint Stephens,WY,Post Office or large volume customer,82501,DEN|UTA,DEN|UTA,ok,yes
82602,Casper,WY,Post Office or large volume customer,82601,DEN,DEN,ok,yes
82605,Casper,WY,Post Office or large volume customer,82609,DEN,DEN,ok,yes
82615,Shirley Basin,WY,Post Office or large volume customer,82327,DEN,DEN,ok,yes
82715,Four Corners,WY,Zip Code Area,82701,DEN,DEN,ok,yes
82717,Gillette,WY,Post Office or large volume customer,82716,DEN,DEN,ok,yes
82840,Saddlestring,WY,Post Office or large volume customer,82834,DEN,DEN,ok,yes
82902,Rock Springs,WY,Post Office or large volume customer,82901,DEN|UTA,DEN|UTA,ok,yes
82931,Evanston,WY,Post Office or large volume customer,82930,UTA,UTA,ok,yes
83002,Jackson,WY,Post Office or large volume customer,83001,DEN|UTA,DEN|UTA,ok,yes
83205,Pocatello,ID,Post Office or large volume customer,83201,UTA,UTA,ok,yes
83206,Pocatello,ID,Post Office or large volume customer,83201,UTA,UTA,ok,yes
83229,Cobalt,ID,Post Office or large volume customer,83226,UTA,UTA,ok,yes
83256,Moreland,ID,Zip Code Area,83221,UTA,UTA,ok,yes
83303,Twin Falls,ID,Post Office or large volume customer,83301,UTA,UTA,ok,yes
83343,Minidoka,ID,Post Office or large volume customer,83350,UTA,UTA,ok,yes
83403,Idaho Falls,ID,Post Office or large volume customer,83401,UTA,UTA,ok,yes
83405,Idaho Falls,ID,Post Office or large volume customer,83402,UTA,UTA,ok,yes
83415,Idaho Falls,ID,Post Office or large volume customer,83402,UTA,UTA,ok,yes
83441,Rexburg,ID,Post Office or large volume customer,83440,UTA,UTA,ok,yes
83531,Fenn,ID,Post Office or large volume customer,83530,UTA,UTA,ok,yes
83606,Caldwell,ID,Post Office or large volume customer,83605,UTA,UTA,ok,yes
83630,Huston,ID,Post Office or large volume customer,83607,UTA,UTA,ok,yes
83635,Lake Fork,ID,Post Office or large volume customer,83638,UTA,UTA,ok,yes
83652,Nampa,ID,Post Office or large volume customer,83651,UTA,UTA,ok,yes
83653,Nampa,ID,Post Office or large volume customer,83651,UTA,UTA,ok,yes
83671,Warren,ID,Post Office or large volume customer,83638,UTA,UTA,ok,yes
83680,Meridian,ID,Post Office or large volume customer,83642,UTA,UTA,ok,yes
83701,Boise,ID,Post Office or large volume customer,83702,UTA,UTA,ok,yes
83707,Boise,ID,Post Office or large volume customer,83702,UTA,UTA,ok,yes
83708,Boise,ID,Post Office or large volume customer,83709,UTA,UTA,ok,yes
83711,Boise,ID,Post Office or large volume customer,83704,UTA,UTA,ok,yes
83715,Boise,ID,Post Office or large volume customer,83705,UTA,UTA,ok,yes
83717,Boise,ID,Post Office or large volume customer,83716,UTA,UTA,ok,yes
83719,Boise,ID,Post Office or large volume customer,83709,UTA,UTA,ok,yes
83722,Boise,ID,Post Office or large volume customer,83702,UTA,UTA,ok,yes
83724,Boise,ID,Post Office or large volume customer,83702,UTA,UTA,ok,yes
83726,Boise,ID,Post Office or large volume customer,83706,UTA,UTA,ok,yes
83728,Boise,ID,Post Office or large volume customer,83702,UTA,UTA,ok,yes
83729,Boise,ID,Post Office or large volume customer,83702,UTA,UTA,ok,yes
83732,Boise,ID,Post Office or large volume customer,83702,UTA,UTA,ok,yes
83735,Boise,ID,Post Office or large volume customer,83702,UTA,UTA,ok,yes
83756,Boise,ID,Post Office or large volume customer,83702,UTA,UTA,ok,yes
83799,Boise,ID,Post Office or large volume customer,83709,UTA,UTA,ok,yes
83816,Coeur D Alene,ID,Post Office or large volume customer,83814,UTA,UTA,ok,yes
83853,Porthill,ID,Zip Code Area,83805,UTA,UTA,ok,yes
83865,Colburn,ID,Post Office or large volume customer,83864,UTA,UTA,ok,yes
83877,Post Falls,ID,Post Office or large volume customer,83854,UTA,UTA,ok,yes
84011,Bountiful,UT,Post Office or large volume customer,84010,UTA,UTA,ok,yes
84016,Clearfield,UT,Post Office or large volume customer,84015,UTA,UTA,ok,yes
84068,Park City,UT,Post Office or large volume customer,84060,UTA,UTA,ok,yes
84079,Vernal,UT,Post Office or large volume customer,84078,UTA,UTA,ok,yes
84089,Clearfield,UT,Post Office or large volume customer,84015,UTA,UTA,ok,yes
84090,Sandy,UT,Post Office or large volume customer,84093,UTA,UTA,ok,yes
84091,Sandy,UT,Post Office or large volume customer,84070,UTA,UTA,ok,yes
84110,Salt Lake City,UT,Post Office or large volume customer,84101,UTA,UTA,ok,yes
84122,Salt Lake City,UT,Post Office or large volume customer,84116,UTA,UTA,ok,yes
84125,Salt Lake City,UT,Post Office or large volume customer,84104,UTA,UTA,ok,yes
84126,Salt Lake City,UT,Post Office or large volume customer,84104,UTA,UTA,ok,yes
84127,Salt Lake City,UT,Post Office or large volume customer,84104,UTA,UTA,ok,yes
84130,Salt Lake City,UT,Post Office or large volume customer,84104,UTA,UTA,ok,yes
84131,Salt Lake City,UT,Post Office or large volume customer,84104,UTA,UTA,ok,yes
84132,Salt Lake City,UT,Post Office or large volume customer,84112,UTA,UTA,ok,yes
84133,Salt Lake City,UT,Post Office or large volume customer,84111,UTA,UTA,ok,yes
84134,Salt Lake City,UT,Post Office or large volume customer,84116,UTA,UTA,ok,yes
84139,Salt Lake City,UT,Post Office or large volume customer,84111,UTA,UTA,ok,yes
84141,Salt Lake City,UT,Post Office or large volume customer,84117,UTA,UTA,ok,yes
84143,Salt Lake City,UT,Zip Code Area,84103,UTA,UTA,ok,yes
84145,Salt Lake City,UT,Post Office or large volume customer,84101,UTA,UTA,ok,yes
84147,Salt Lake City,UT,Post Office or large volume customer,84111,UTA,UTA,ok,yes
84148,Salt Lake City,UT,Post Office or large volume customer,84108,UTA,UTA,ok,yes
84151,Salt Lake City,UT,Post Office or large volume customer,84116,UTA,UTA,ok,yes
84152,Salt Lake City,UT,Post Office or large volume customer,84106,UTA,UTA,ok,yes
84157,Salt Lake City,UT,Post Office or large volume customer,84107,UTA,UTA,ok,yes
84158,Salt Lake City,UT,Post Office or large volume customer,84108,UTA,UTA,ok,yes
84165,Salt Lake City,UT,Post Office or large volume customer,84115,UTA,UTA,ok,yes
84170,Salt Lake City,UT,Post Office or large volume customer,84120,UTA,UTA,ok,yes
84171,Salt Lake City,UT,Post Office or large volume customer,84121,UTA,UTA,ok,yes
84184,Salt Lake City,UT,Post Office or large volume customer,84129,UTA,UTA,ok,yes
84190,Salt Lake City,UT,Post Office or large volume customer,84115,UTA,UTA,ok,yes
84199,Salt Lake City,UT,Post Office or large volume customer,84104,UTA,UTA,ok,yes
84201,Ogden,UT,Zip Code Area,84404,UTA,UTA,ok,yes
84244,Ogden,UT,Post Office or large volume customer,84404,UTA,UTA,ok,yes
84323,Logan,UT,Post Office or large volume customer,84321,UTA,UTA,ok,yes
84402,Ogden,UT,Post Office or large volume customer,84401,UTA,UTA,ok,yes
84407,Ogden,UT,Post Office or large volume customer,84404,UTA,UTA,ok,yes
84409,Ogden,UT,Post Office or large volume customer,84405,UTA,UTA,ok,yes
84412,Ogden,UT,Post Office or large volume customer,84404,UTA,UTA,ok,yes
84415,Ogden,UT,Post Office or large volume customer,84403,UTA,UTA,ok,yes
84510,Aneth,UT,Zip Code Area,84534,UTA,UTA,ok,yes
84603,Provo,UT,Post Office or large volume customer,84601,UTA,UTA,ok,yes
84605,Provo,UT,Post Office or large volume customer,84606,UTA,UTA,ok,yes
84771,Saint George,UT,Post Office or large volume customer,84770,UTA,UTA,ok,yes
84791,Saint George,UT,Post Office or large volume customer,84790,UTA,UTA,ok,yes
85001,Phoenix,AZ,Post Office or large volume customer,85004,PHX,PHX,ok,yes
85002,Phoenix,AZ,Post Office or large volume customer,85004,PHX,PHX,ok,yes
85005,Phoenix,AZ,Post Office or large volume customer,85009,PHX,PHX,ok,yes
85010,Phoenix,AZ,Post Office or large volume customer,85008,PHX,PHX,ok,yes
85011,Phoenix,AZ,Post Office or large volume customer,85013,PHX,PHX,ok,yes
85030,Phoenix,AZ,Post Office or large volume customer,85004,PHX,PHX,ok,yes
85036,Phoenix,AZ,Post Office or large volume customer,85034,PHX,PHX,ok,yes
85038,Phoenix,AZ,Post Office or large volume customer,85008,PHX,PHX,ok,yes
85039,Phoenix,AZ,Post Office or large volume customer,85026,PHX,PHX,ok,yes
85046,Phoenix,AZ,Post Office or large volume customer,85032,PHX,PHX,ok,yes
85060,Phoenix,AZ,Post Office or large volume customer,85018,PHX,PHX,ok,yes
85061,Phoenix,AZ,Post Office or large volume customer,85017,PHX,PHX,ok,yes
85062,Phoenix,AZ,Post Office or large volume customer,85008,PHX,PHX,ok,yes
85063,Phoenix,AZ,Post Office or large volume customer,85031,PHX,PHX,ok,yes
85064,Phoenix,AZ,Post Office or large volume customer,85016,PHX,PHX,ok,yes
85065,Phoenix,AZ,Post Office or large volume customer,85034,PHX,PHX,ok,yes
85066,Phoenix,AZ,Post Office or large volume customer,85042,PHX,PHX,ok,yes
85067,Phoenix,AZ,Post Office or large volume customer,85013,PHX,PHX,ok,yes
85068,Phoenix,AZ,Post Office or large volume customer,85020,PHX,PHX,ok,yes
85069,Phoenix,AZ,Post Office or large volume customer,85021,PHX,PHX,ok,yes
85070,Phoenix,AZ,Post Office or large volume customer,85048,PHX,PHX,ok,yes
85071,Phoenix,AZ,Post Office or large volume customer,85029,PHX,PHX,ok,yes
85072,Phoenix,AZ,Post Office or large volume customer,85008,PHX,PHX,ok,yes
85073,Phoenix,AZ,Post Office or large volume customer,85026,PHX,PHX,ok,yes
85074,Phoenix,AZ,Post Office or large volume customer,85034,PHX,PHX,ok,yes
85075,Phoenix,AZ,Post Office or large volume customer,85033,PHX,PHX,ok,yes
85076,Phoenix,AZ,Post Office or large volume customer,85044,PHX,PHX,ok,yes
85078,Phoenix,AZ,Post Office or large volume customer,85032,PHX,PHX,ok,yes
85079,Phoenix,AZ,Post Office or large volume customer,85017,PHX,PHX,ok,yes
85080,Phoenix,AZ,Post Office or large volume customer,85027,PHX,PHX,ok,yes
85082,Phoenix,AZ,Post Office or large volume customer,85026,PHX,PHX,ok,yes
85117,Apache Junction,AZ,Post Office or large volume customer,85120,PHX,PHX,ok,yes
85127,Chandler Heights,AZ,Post Office or large volume customer,85142,PHX,PHX,ok,yes
85130,Casa Grande,AZ,Post Office or large volume customer,85122,PHX,PHX,ok,yes
85178,Apache Junction,AZ,Post Office or large volume customer,85120,PHX,PHX,ok,yes
85190,Tortilla Flat,AZ,Post Office or large volume customer,85119,PHX,PHX,ok,yes
85211,Mesa,AZ,Post Office or large volume customer,85201,PHX,PHX,ok,yes
85214,Mesa,AZ,Post Office or large volume customer,85213,PHX,PHX,ok,yes
85216,Mesa,AZ,Post Office or large volume customer,85208,PHX,PHX,ok,yes
85244,Chandler,AZ,Post Office or large volume customer,85225,PHX,PHX,ok,yes
85246,Chandler,AZ,Post Office or large volume customer,85224,PHX,PHX,ok,yes
85252,Scottsdale,AZ,Post Office or large volume customer,85257,PHX,PHX,ok,yes
85261,Scottsdale,AZ,Post Office or large volume customer,85258,PHX,PHX,ok,yes
85267,Scottsdale,AZ,Post Office or large volume customer,85260,PHX,PHX,ok,yes
85269,Fountain Hills,AZ,Post Office or large volume customer,85268,PHX,PHX,ok,yes
85271,Scottsdale,AZ,Post Office or large volume customer,85257,PHX,PHX,ok,yes
85274,Mesa,AZ,Post Office or large volume customer,85202,PHX,PHX,ok,yes
85275,Mesa,AZ,Post Office or large volume customer,85213,PHX,PHX,ok,yes
85277,Mesa,AZ,Post Office or large volume customer,85215,PHX,PHX,ok,yes
85280,Tempe,AZ,Post Office or large volume customer,85281,PHX,PHX,ok,yes
85285,Tempe,AZ,Post Office or large volume customer,85282,PHX,PHX,ok,yes
85287,Tempe,AZ,Zip Code Area,85281,PHX,PHX,ok,yes
85288,Tempe,AZ,Post Office or large volume customer,85281,PHX,PHX,ok,yes
85299,Gilbert,AZ,Post Office or large volume customer,85296,PHX,PHX,ok,yes
85311,Glendale,AZ,Post Office or large volume customer,85301,PHX,PHX,ok,yes
85312,Glendale,AZ,Post Office or large volume customer,85302,PHX,PHX,ok,yes
85318,Glendale,AZ,Post Office or large volume customer,85308,PHX,PHX,ok,yes
85327,Cave Creek,AZ,Post Office or large volume customer,85331,PHX,PHX,ok,yes
85358,Wickenburg,AZ,Post Office or large volume customer,85390,PHX,PHX,ok,yes
85359,Quartzsite,AZ,Post Office or large volume customer,85346,PHX,PHX,ok,yes
85366,Yuma,AZ,Post Office or large volume customer,85364,PHX,PHX,ok,yes
85369,Yuma,AZ,Post Office or large volume customer,85364,PHX,PHX,ok,yes
85372,Sun City,AZ,Post Office or large volume customer,85373,PHX,PHX,ok,yes
85376,Sun City West,AZ,Post Office or large volume customer,85375,PHX,PHX,ok,yes
85380,Peoria,AZ,Post Office or large volume customer,85345,PHX,PHX,ok,yes
85385,Peoria,AZ,Post Office or large volume customer,85381,PHX,PHX,ok,yes
85502,Globe,AZ,Post Office or large volume customer,85501,PHX,PHX,ok,yes
85547,Payson,AZ,Post Office or large volume customer,85541,PHX,PHX,ok,yes
85548,Safford,AZ,Post Office or large volume customer,85546,PHX,PHX,ok,yes
85628,Nogales,AZ,Post Office or large volume customer,85621,PHX,PHX,ok,yes
85636,Sierra Vista,AZ,Post Office or large volume customer,85635,PHX,PHX,ok,yes
85644,Willcox,AZ,Post Office or large volume customer,85643,PHX,PHX,ok,yes
85652,Cortaro,AZ,Post Office or large volume customer,85742,PHX,PHX,ok,yes
85655,Douglas,AZ,Post Office or large volume customer,85607,PHX,PHX,ok,yes
85670,Fort Huachuca,AZ,Post Office or large volume customer,85635,PHX,PHX,ok,yes
85671,Sierra Vista,AZ,Post Office or large volume customer,85635,PHX,PHX,ok,yes
85702,Tucson,AZ,Post Office or large volume customer,85701,PHX,PHX,ok,yes
85703,Tucson,AZ,Post Office or large volume customer,85705,PHX,PHX,ok,yes
85717,Tucson,AZ,Post Office or large volume customer,85719,PHX,PHX,ok,yes
85720,Tucson,AZ,Post Office or large volume customer,85701,PHX,PHX,ok,yes
85722,Tucson,AZ,Post Office or large volume customer,85719,PHX,PHX,ok,yes
85725,Tucson,AZ,Post Office or large volume customer,85713,PHX,PHX,ok,yes
85728,Tucson,AZ,Post Office or large volume customer,85718,PHX,PHX,ok,yes
85731,Tucson,AZ,Post Office or large volume customer,85710,PHX,PHX,ok,yes
85732,Tucson,AZ,Post Office or large volume customer,85711,PHX,PHX,ok,yes
85733,Tucson,AZ,Post Office or large volume customer,85719,PHX,PHX,ok,yes
85738,Catalina,AZ,Post Office or large volume customer,85739,PHX,PHX,ok,yes
85740,Tucson,AZ,Post Office or large volume customer,85704,PHX,PHX,ok,yes
85744,Tucson,AZ,Post Office or large volume customer,85747,PHX,PHX,ok,yes
85751,Tucson,AZ,Post Office or large volume customer,85715,PHX,PHX,ok,yes
85752,Tucson,AZ,Post Office or large volume customer,85741,PHX,PHX,ok,yes
85754,Tucson,AZ,Post Office or large volume customer,85745,PHX,PHX,ok,yes
85775,Tucson,AZ,Post Office or large volume customer,85701,PHX,PHX,ok,yes
86002,Flagstaff,AZ,Post Office or large volume customer,86001,PHX,PHX,ok,yes
86302,Prescott,AZ,Post Office or large volume customer,86303,PHX,PHX,ok,yes
86304,Prescott,AZ,Post Office or large volume customer,86301,PHX,PHX,ok,yes
86312,Prescott Valley,AZ,Post Office or large volume customer,86314,PHX,PHX,ok,yes
86339,Sedona,AZ,Post Office or large volume customer,86336,PHX,PHX,ok,yes
86340,Sedona,AZ,Post Office or large volume customer,86336,PHX,PHX,ok,yes
86341,Sedona,AZ,Post Office or large volume customer,86351,PHX,PHX,ok,yes
86342,Lake Montezuma,AZ,Post Office or large volume customer,86335,PHX,PHX,ok,yes
86402,Kingman,AZ,Post Office or large volume customer,86401,PHX,PHX,ok,yes
86405,Lake Havasu City,AZ,Post Office or large volume customer,86403,PHX,PHX,ok,yes
86412,Hualapai,AZ,Post Office or large volume customer,86409,PHX,PHX,ok,yes
86427,Fort Mohave,AZ,Post Office or large volume customer,86426,PHX,PHX,ok,yes
86430,Bullhead City,AZ,Post Office or large volume customer,86429,PHX,PHX,ok,yes
86439,Bullhead City,AZ,Post Office or large volume customer,86442,PHX,PHX,ok,yes
86446,Mohave Valley,AZ,Post Office or large volume customer,86440,PHX,PHX,ok,yes
87009,Cedarvale,NM,Zip Code Area,88318,PHX,DEN|PHX,ok,no
87103,Albuquerque,NM,Post Office or large volume customer,87102,DEN|PHX,DEN|PHX,ok,yes
87115,Albuquerque,NM,Zip Code Area,87117,DEN|PHX,DEN|PHX,ok,yes
87119,Albuquerque,NM,Post Office or large volume customer,87106,DEN|PHX,DEN|PHX,ok,yes
87125,Albuquerque,NM,Post Office or large volume customer,87102,DEN|PHX,DEN|PHX,ok,yes
87131,Albuquerque,NM,Zip Code Area,87106,DEN|PHX,DEN|PHX,ok,yes
87153,Albuquerque,NM,Post Office or large volume customer,87112,DEN|PHX,DEN|PHX,ok,yes
87154,Albuquerque,NM,Post Office or large volume customer,87111,DEN|PHX,DEN|PHX,ok,yes
87158,Albuquerque,NM,Post Office or large volume customer,87107,DEN|PHX,DEN|PHX,ok,yes
87174,Rio Rancho,NM,Zip Code Area,87124,DEN|PHX,DEN|PHX,ok,yes
87176,Albuquerque,NM,Post Office or large volume customer,87110,DEN|PHX,DEN|PHX,ok,yes
87181,Albuquerque,NM,Post Office or large volume customer,87112,DEN|PHX,DEN|PHX,ok,yes
87184,Albuquerque,NM,Post Office or large volume customer,87114,DEN|PHX,DEN|PHX,ok,yes
87185,Albuquerque,NM,Post Office or large volume customer,87116,DEN|PHX,DEN|PHX,ok,yes
87187,Albuquerque,NM,Post Office or large volume customer,87114,DEN|PHX,DEN|PHX,ok,yes
87190,Albuquerque,NM,Post Office or large volume customer,87110,DEN|PHX,DEN|PHX,ok,yes
87191,Albuquerque,NM,Post Office or large volume customer,87111,DEN|PHX,DEN|PHX,ok,yes
87192,Albuquerque,NM,Post Office or large volume customer,87112,DEN|PHX,DEN|PHX,ok,yes
87193,Albuquerque,NM,Post Office or large volume customer,87114,DEN|PHX,DEN|PHX,ok,yes
87194,Albuquerque,NM,Post Office or large volume customer,87104,DEN|PHX,DEN|PHX,ok,yes
87195,Albuquerque,NM,Post Office or large volume customer,87105,DEN|PHX,DEN|PHX,ok,yes
87196,Albuquerque,NM,Post Office or large volume customer,87106,DEN|PHX,DEN|PHX,ok,yes
87197,Albuquerque,NM,Post Office or large volume customer,87107,DEN|PHX,DEN|PHX,ok,yes
87198,Albuquerque,NM,Post Office or large volume customer,87108,DEN|PHX,DEN|PHX,ok,yes
87199,Albuquerque,NM,Post Office or large volume customer,87109,DEN|PHX,DEN|PHX,ok,yes
87302,Gallup,NM,Post Office or large volume customer,87301,DEN|PHX,DEN|PHX,ok,yes
87502,Santa Fe,NM,Post Office or large volume customer,87505,DEN|PHX,DEN|PHX,ok,yes
87503,Santa Fe,NM,Post Office or large volume customer,87501,DEN|PHX,DEN|PHX,ok,yes
87504,Santa Fe,NM,Post Office or large volume customer,87501,DEN|PHX,DEN|PHX,ok,yes
87509,Santa Fe,NM,Post Office or large volume customer,87505,DEN|PHX,DEN|PHX,ok,yes
87533,Espanola,NM,Post Office or large volume customer,87532,DEN|PHX,DEN|PHX,ok,yes
87545,Los Alamos,NM,Post Office or large volume customer,87544,DEN|PHX,DEN|PHX,ok,yes
87574,Tesuque,NM,Post Office or large volume customer,87506,DEN|PHX,DEN|PHX,ok,yes
87576,Trampas,NM,Post Office or large volume customer,87521,DEN|PHX,DEN|PHX,ok,yes
87592,Santa Fe,NM,Post Office or large volume customer,87507,DEN|PHX,DEN|PHX,ok,yes
87594,Santa Fe,NM,Post Office or large volume customer,87501,DEN|PHX,DEN|PHX,ok,yes
87654,Spaceport City,NM,Post Office or large volume customer,87901,PHX,PHX,ok,yes
88006,Las Cruces,NM,Post Office or large volume customer,88001,,,http 404,
88013,Las Cruces,NM,Post Office or large volume customer,88011,,,http 404,
88031,Deming,NM,Post Office or large volume customer,88030,PHX,PHX,ok,yes
88032,Dona Ana,NM,Zip Code Area,88007,,,http 404,
88033,Fairacres,NM,Post Office or large volume customer,88007,,,ok,yes
88036,Fort Bayard,NM,Post Office or large volume customer,88041,PHX,PHX,ok,yes
88054,Radium Springs,NM,Post Office or large volume customer,87937,,,http 404,
88058,San Miguel,NM,Post Office or large volume customer,88044,,,http 404,
88062,Silver City,NM,Post Office or large volume customer,88061,PHX,PHX,ok,yes
88102,Clovis,NM,Post Office or large volume customer,88101,,,ok,yes
88122,Kenna,NM,Post Office or large volume customer,88116,PHX,,http 404,
88123,Lingo,NM,Zip Code Area,88132,,,http 404,
88133,Saint Vrain,NM,Zip Code Area,88101,,,ok,yes
88202,Roswell,NM,Post Office or large volume customer,88201,PHX,PHX,ok,yes
88211,Artesia,NM,Post Office or large volume customer,88210,PHX,PHX,ok,yes
88213,Caprock,NM,Zip Code Area,88267,PHX,PHX,ok,yes
88221,Carlsbad,NM,Post Office or large volume customer,88220,PHX,PHX,ok,yes
88241,Hobbs,NM,Post Office or large volume customer,88240,PHX,PHX,ok,yes
88433,Quay,NM,Post Office or large volume customer,88401,DEN,DEN,ok,yes
88510,El Paso,TX,Post Office or large volume customer,79906,DAL|HOU|SAS,DAL,ok,no
88511,El Paso,TX,Post Office or large volume customer,79906,DAL|HOU|SAS,DAL,ok,no
88512,El Paso,TX,Post Office or large volume customer,79906,DAL|HOU|SAS,DAL,ok,no
88513,El Paso,TX,Post Office or large volume customer,79906,DAL|HOU|SAS,DAL,ok,no
88514,El Paso,TX,Post Office or large volume customer,79906,DAL|HOU|SAS,DAL,ok,no
88515,El Paso,TX,Post Office or large volume customer,79906,DAL|HOU|SAS,DAL,ok,no
88517,El Paso,TX,Post Office or large volume customer,79906,DAL|HOU|SAS,DAL,ok,no
88518,El Paso,TX,Post Office or large volume customer,79906,DAL|HOU|SAS,DAL,ok,no
88519,El Paso,TX,Post Office or large volume customer,79906,DAL|HOU|SAS,DAL,ok,no
88520,El Paso,TX,Post Office or large volume customer,79906,DAL|HOU|SAS,DAL,ok,no
88521,El Paso,TX,Post Office or large volume customer,79906,DAL|HOU|SAS,DAL,ok,no
88523,El Paso,TX,Post Office or large volume customer,79906,DAL|HOU|SAS,DAL,ok,no
88524,El Paso,TX,Post Office or large volume customer,79906,DAL|HOU|SAS,DAL,ok,no
88525,El Paso,TX,Post Office or large volume customer,79906,DAL|HOU|SAS,DAL,ok,no
88526,El Paso,TX,Post Office or large volume customer,79906,DAL|HOU|SAS,DAL,ok,no
88527,El Paso,TX,Post Office or large volume customer,79906,DAL|HOU|SAS,DAL,ok,no
88528,El Paso,TX,Post Office or large volume customer,79906,DAL|HOU|SAS,DAL,ok,no
88529,El Paso,TX,Post Office or large volume customer,79906,DAL|HOU|SAS,DAL,ok,no
88530,El Paso,TX,Post Office or large volume customer,79906,DAL|HOU|SAS,DAL,ok,no
88531,El Paso,TX,Post Office or large volume customer,79906,DAL|HOU|SAS,DAL,ok,no
88532,El Paso,TX,Post Office or large volume customer,79906,DAL|HOU|SAS,DAL,ok,no
88533,El Paso,TX,Post Office or large volume customer,79906,DAL|HOU|SAS,DAL,ok,no
88534,El Paso,TX,Post Office or large volume customer,79906,DAL|HOU|SAS,DAL,ok,no
88535,El Paso,TX,Post Office or large volume customer,79906,DAL|HOU|SAS,DAL,ok,no
88536,El Paso,TX,Post Office or large volume customer,79906,DAL|HOU|SAS,DAL,ok,no
88538,El Paso,TX,Post Office or large volume customer,79906,DAL|HOU|SAS,DAL,ok,no
88539,El Paso,TX,Post Office or large volume customer,79906,DAL|HOU|SAS,DAL,ok,no
88540,El Paso,TX,Post Office or large volume customer,79925,DAL|HOU|SAS,DAL,ok,no
88541,El Paso,TX,Post Office or large volume customer,79925,DAL|HOU|SAS,DAL,ok,no
88542,El Paso,TX,Post Office or large volume customer,79925,DAL|HOU|SAS,DAL,ok,no
88543,El Paso,TX,Post Office or large volume customer,79925,DAL|HOU|SAS,DAL,ok,no
88544,El Paso,TX,Post Office or large volume customer,79925,DAL|HOU|SAS,DAL,ok,no
88545,El Paso,TX,Post Office or large volume customer,79925,DAL|HOU|SAS,DAL,ok,no
88546,El Paso,TX,Post Office or large volume customer,79925,DAL|HOU|SAS,DAL,ok,no
88547,El Paso,TX,Post Office or large volume customer,79925,DAL|HOU|SAS,DAL,ok,no
88548,El Paso,TX,Post Office or large volume customer,79925,DAL|HOU|SAS,DAL,ok,no
88549,El Paso,TX,Post Office or large volume customer,79925,DAL|HOU|SAS,DAL,ok,no
88550,El Paso,TX,Post Office or large volume customer,79925,DAL|HOU|SAS,DAL,ok,no
88553,El Paso,TX,Post Office or large volume customer,79925,DAL|HOU|SAS,DAL,ok,no
88554,El Paso,TX,Post Office or large volume customer,79925,DAL|HOU|SAS,DAL,ok,no
88555,El Paso,TX,Post Office or large volume customer,79925,DAL|HOU|SAS,DAL,ok,no
88556,El Paso,TX,Post Office or large volume customer,79925,DAL|HOU|SAS,DAL,ok,no
88557,El Paso,TX,Post Office or large volume customer,79925,DAL|HOU|SAS,DAL,ok,no
88558,El Paso,TX,Post Office or large volume customer,79925,DAL|HOU|SAS,DAL,ok,no
88559,El Paso,TX,Post Office or large volume customer,79925,DAL|HOU|SAS,DAL,ok,no
88560,El Paso,TX,Post Office or large volume customer,79925,DAL|HOU|SAS,DAL,ok,no
88561,El Paso,TX,Post Office or large volume customer,79925,DAL|HOU|SAS,DAL,ok,no
88562,El Paso,TX,Post Office or large volume customer,79925,DAL|HOU|SAS,DAL,ok,no
88563,El Paso,TX,Post Office or large volume customer,79925,DAL|HOU|SAS,DAL,ok,no
88565,El Paso,TX,Post Office or large volume customer,79925,DAL|HOU|SAS,DAL,ok,no
88566,El Paso,TX,Post Office or large volume customer,79925,DAL|HOU|SAS,DAL,ok,no
88567,El Paso,TX,Post Office or large volume customer,79925,DAL|HOU|SAS,DAL,ok,no
88568,El Paso,TX,Post Office or large volume customer,79925,DAL|HOU|SAS,DAL,ok,no
88569,El Paso,TX,Post Office or large volume customer,79925,DAL|HOU|SAS,DAL,ok,no
88570,El Paso,TX,Post Office or large volume customer,79925,DAL|HOU|SAS,DAL,ok,no
88571,El Paso,TX,Post Office or large volume customer,79925,DAL|HOU|SAS,DAL,ok,no
88572,El Paso,TX,Post Office or large volume customer,79925,DAL|HOU|SAS,DAL,ok,no
88573,El Paso,TX,Post Office or large volume customer,79925,DAL|HOU|SAS,DAL,ok,no
88574,El Paso,TX,Post Office or large volume customer,79925,DAL|HOU|SAS,DAL,ok,no
88575,El Paso,TX,Post Office or large volume customer,79925,DAL|HOU|SAS,DAL,ok,no
88576,El Paso,TX,Post Office or large volume customer,79925,DAL|HOU|SAS,DAL,ok,no
88577,El Paso,TX,Post Office or large volume customer,79925,DAL|HOU|SAS,DAL,ok,no
88578,El Paso,TX,Post Office or large volume customer,79925,DAL|HOU|SAS,DAL,ok,no
88579,El Paso,TX,Post Office or large volume customer,79925,DAL|HOU|SAS,DAL,ok,no
88580,El Paso,TX,Post Office or large volume customer,79925,DAL|HOU|SAS,DAL,ok,no
88581,El Paso,TX,Post Office or large volume customer,79925,DAL|HOU|SAS,DAL,ok,no
88582,El Paso,TX,Post Office or large volume customer,79925,DAL|HOU|SAS,DAL,ok,no
88583,El Paso,TX,Post Office or large volume customer,79925,DAL|HOU|SAS,DAL,ok,no
88584,El Paso,TX,Post Office or large volume customer,79925,DAL|HOU|SAS,DAL,ok,no
88585,El Paso,TX,Post Office or large volume customer,79925,DAL|HOU|SAS,DAL,ok,no
88586,El Paso,TX,Post Office or large volume customer,79925,DAL|HOU|SAS,DAL,ok,no
88587,El Paso,TX,Post Office or large volume customer,79925,DAL|HOU|SAS,DAL,ok,no
88588,El Paso,TX,Post Office or large volume customer,79925,DAL|HOU|SAS,DAL,ok,no
88589,El Paso,TX,Post Office or large volume customer,79925,DAL|HOU|SAS,DAL,ok,no
88590,El Paso,TX,Post Office or large volume customer,79925,DAL|HOU|SAS,DAL,ok,no
88595,El Paso,TX,Post Office or large volume customer,79905,DAL|HOU|SAS,DAL,ok,no
88888,North Pole,DC,Post Office or large volume customer,20018,WAS,,http 404,
88901,The Lakes,NV,Post Office or large volume customer,89117,LAC|LAL|SAC,LAC|LAL|SAC,ok,yes
88905,The Lakes,NV,Post Office or large volume customer,89117,LAC|LAL|SAC,LAC|LAL|SAC,ok,yes
89006,Boulder City,NV,Post Office or large volume customer,89005,LAC|LAL|SAC,LAC|LAL|SAC,ok,yes
89009,Henderson,NV,Post Office or large volume customer,89015,LAC|LAL|SAC,LAC|LAL|SAC,ok,yes
89016,Henderson,NV,Post Office or large volume customer,89014,LAC|LAL|SAC,LAC|LAL|SAC,ok,yes
89023,Mercury,NV,Post Office or large volume customer,89060,LAC|LAL|SAC,LAC|LAL|SAC,ok,yes
89024,Mesquite,NV,Post Office or large volume customer,89027,LAC|LAL|SAC,LAC|LAL|SAC,ok,yes
89028,Laughlin,NV,Post Office or large volume customer,89029,LAC|LAL|SAC,LAC|LAL|SAC,ok,yes
89033,North Las Vegas,NV,Zip Code Area,89084,LAC|SAC,LAC|LAL|SAC,ok,no
89036,North Las Vegas,NV,Post Office or large volume customer,89030,LAC|LAL|SAC,LAC|LAL|SAC,ok,yes
89037,Coyote Springs,NV,Post Office or large volume customer,89025,LAC|LAL|SAC,GSW|LAC|SAC,ok,no
89041,Pahrump,NV,Post Office or large volume customer,89048,LAC|LAL|SAC,LAC|LAL|SAC,ok,yes
89053,Henderson,NV,Post Office or large volume customer,89012,LAC|LAL|SAC,LAC|LAL|SAC,ok,yes
89067,Coyote Springs,NV,Post Office or large volume customer,89025,LAC|LAL|SAC,LAC|SAC,ok,no
89077,Henderson,NV,Post Office or large volume customer,89052,LAC|LAL|SAC,LAC|LAL|SAC,ok,yes
89087,North Las Vegas,NV,Post Office or large volume customer,89030,LAC|LAL|SAC,LAC|SAC,ok,no
89105,Las Vegas,NV,Post Office or large volume customer,89123,LAC|LAL|SAC,LAC|SAC,ok,no
89111,Las Vegas,NV,Post Office or large volume customer,89119,LAC|LAL|SAC,LAC|LAL|SAC,ok,yes
89112,Las Vegas,NV,Post Office or large volume customer,89121,LAC|LAL|SAC,LAC|LAL|SAC,ok,yes
89114,Las Vegas,NV,Post Office or large volume customer,89102,LAC|LAL|SAC,LAC|LAL|SAC,ok,yes
89116,Las Vegas,NV,Post Office or large volume customer,89104,LAC|LAL|SAC,LAC|LAL|SAC,ok,yes
89125,Las Vegas,NV,Post Office or large volume customer,89101,LAC|LAL|SAC,LAC|LAL|SAC,ok,yes
89126,Las Vegas,NV,Post Office or large volume customer,89102,LAC|LAL|SAC,LAC|LAL|SAC,ok,yes
89127,Las Vegas,NV,Post Office or large volume customer,89106,LAC|LAL|SAC,LAC|LAL|SAC,ok,yes
89132,Las Vegas,NV,Post Office or large volume customer,89119,LAC|LAL|SAC,LAC|LAL|SAC,ok,yes
89133,Las Vegas,NV,Post Office or large volume customer,89128,LAC|LAL|SAC,LAC|LAL|SAC,ok,yes
89136,Las Vegas,NV,Post Office or large volume customer,89130,LAC|LAL|SAC,LAC|SAC,ok,no
89137,Las Vegas,NV,Post Office or large volume customer,89134,LAC|LAL|SAC,LAC|LAL|SAC,ok,yes
89140,Las Vegas,NV,Post Office or large volume customer,89113,LAC|LAL|SAC,LAC|SAC,ok,no
89150,Las Vegas,NV,Post Office or large volume customer,89103,LAC|LAL|SAC,LAC|LAL|SAC,ok,yes
89151,Las Vegas,NV,Post Office or large volume customer,89146,LAC|LAL|SAC,LAC|LAL|SAC,ok,yes
89152,Las Vegas,NV,Post Office or large volume customer,89107,LAC|LAL|SAC,LAC|LAL|SAC,ok,yes
89153,Las Vegas,NV,Post Office or large volume customer,89107,LAC|LAL|SAC,LAC|LAL|SAC,ok,yes
89154,Las Vegas,NV,Zip Code Area,89119,LAC|LAL|SAC,LAC|LAL|SAC,ok,yes
89155,Las Vegas,NV,Post Office or large volume customer,89106,LAC|LAL|SAC,LAC|LAL|SAC,ok,yes
89157,Las Vegas,NV,Post Office or large volume customer,89108,LAC|LAL|SAC,LAC|SAC,ok,no
89159,Las Vegas,NV,Post Office or large volume customer,89119,LAC|LAL|SAC,LAC|LAL|SAC,ok,yes
89160,Las Vegas,NV,Post Office or large volume customer,89121,LAC|LAL|SAC,LAC|LAL|SAC,ok,yes
89162,Las Vegas,NV,Post Office or large volume customer,89142,LAC|LAL|SAC,LAC|SAC,ok,no
89163,The Lakes,NV,Post Office or large volume customer,89117,LAC|LAL|SAC,LAC|LAL|SAC,ok,yes
89164,Las Vegas,NV,Post Office or large volume customer,89117,LAC|LAL|SAC,LAC|LAL|SAC,ok,yes
89165,Las Vegas,NV,Zip Code Area,89115,LAC|LAL|SAC,LAC|SAC,ok,no
89170,Las Vegas,NV,Post Office or large volume customer,89119,LAC|LAL|SAC,LAC|LAL|SAC,ok,yes
89173,Las Vegas,NV,Post Office or large volume customer,89103,LAC|LAL|SAC,LAC|LAL|SAC,ok,yes
89177,Las Vegas,NV,Post Office or large volume customer,89106,LAC|LAL|SAC,LAC|LAL|SAC,ok,yes
89180,Las Vegas,NV,Post Office or large volume customer,89146,LAC|LAL|SAC,LAC|LAL|SAC,ok,yes
89185,Las Vegas,NV,Post Office or large volume customer,89104,LAC|LAL|SAC,LAC|LAL|SAC,ok,yes
89193,Las Vegas,NV,Post Office or large volume customer,89119,LAC|LAL|SAC,LAC|LAL|SAC,ok,yes
89195,Las Vegas,NV,Post Office or large volume customer,89119,LAC|LAL|SAC,LAC|LAL|SAC,ok,yes
89199,Las Vegas,NV,Post Office or large volume customer,89119,LAC|LAL|SAC,LAC|LAL|SAC,ok,yes
89407,Fallon,NV,Post Office or large volume customer,89406,GSW|SAC,GSW|SAC,ok,yes
89432,Sparks,NV,Post Office or large volume customer,89431,GSW|SAC,GSW|SAC,ok,yes
89435,Sparks,NV,Post Office or large volume customer,89434,GSW|SAC,GSW|SAC,ok,yes
89452,Incline Village,NV,Post Office or large volume customer,89451,GSW|SAC,GSW|SAC,ok,yes
89504,Reno,NV,Post Office or large volume customer,89501,GSW|SAC,GSW|SAC,ok,yes
89505,Reno,NV,Post Office or large volume customer,89501,GSW|SAC,GSW|SAC,ok,yes
89507,Reno,NV,Post Office or large volume customer,89503,GSW|SAC,GSW|SAC,ok,yes
89513,Reno,NV,Post Office or large volume customer,89503,GSW|SAC,GSW|SAC,ok,yes
89515,Reno,NV,Post Office or large volume customer,89502,GSW|SAC,GSW|SAC,ok,yes
89520,Reno,NV,Post Office or large volume customer,89503,GSW|SAC,GSW|SAC,ok,yes
89533,Reno,NV,Post Office or large volume customer,89523,GSW|SAC,GSW|SAC,ok,yes
89555,Reno,NV,Post Office or large volume customer,89502,GSW|SAC,GSW|SAC,ok,yes
89570,Reno,NV,Post Office or large volume customer,89502,GSW|SAC,GSW|SAC,ok,yes
89595,Reno,NV,Post Office or large volume customer,89502,GSW|SAC,GSW|SAC,ok,yes
89599,Reno,NV,Post Office or large volume customer,89506,GSW|SAC,GSW|SAC,ok,yes
89702,Carson City,NV,Post Office or large volume customer,89701,GSW|SAC,GSW|SAC,ok,yes
89711,Carson City,NV,Post Office or large volume customer,89701,GSW|SAC,GSW|SAC,ok,yes
89712,Carson City,NV,Post Office or large volume customer,89701,GSW|SAC,GSW|SAC,ok,yes
89713,Carson City,NV,Post Office or large volume customer,89701,GSW|SAC,GSW|SAC,ok,yes
89714,Carson City,NV,Post Office or large volume customer,89701,GSW|SAC,GSW|SAC,ok,yes
89721,Carson City,NV,Post Office or large volume customer,89706,GSW|SAC,GSW|SAC,ok,yes
89802,Elko,NV,Post Office or large volume customer,89801,GSW|SAC,GSW|SAC,ok,yes
89803,Elko,NV,Post Office or large volume customer,89801,GSW|SAC,GSW|SAC,ok,yes
90009,Los Angeles,CA,Post Office or large volume customer,90045,LAC|LAL,LAC|LAL,ok,yes
90030,Los Angeles,CA,Post Office or large volume customer,90052,LAC|LAL,LAC|LAL,ok,yes
90050,Los Angeles,CA,Post Office or large volume customer,90042,LAC|LAL,LAC|LAL,ok,yes
90051,Los Angeles,CA,Post Office or large volume customer,90052,LAC|LAL,LAC|LAL,ok,yes
90053,Los Angeles,CA,Post Office or large volume customer,90012,LAC|LAL,LAC|LAL,ok,yes
90054,Los Angeles,CA,Post Office or large volume customer,90052,LAC|LAL,LAC|LAL,ok,yes
90055,Los Angeles,CA,Post Office or large volume customer,90015,LAC|LAL,LAC|LAL,ok,yes
90060,Los Angeles,CA,Post Office or large volume customer,90052,LAC|LAL,LAC|LAL,ok,yes
90070,Los Angeles,CA,Post Office or large volume customer,90020,LAC|LAL,LAC|LAL,ok,yes
90072,Los Angeles,CA,Post Office or large volume customer,90028,LAC|LAL,LAC|LAL,ok,yes
90074,Los Angeles,CA,Post Office or large volume customer,90071,LAC|LAL,LAC|LAL,ok,yes
90075,Los Angeles,CA,Post Office or large volume customer,90020,LAC|LAL,LAC|LAL,ok,yes
90076,Los Angeles,CA,Post Office or large volume customer,90020,LAC|LAL,LAC|LAL,ok,yes
90078,Los Angeles,CA,Post Office or large volume customer,90028,LAC|LAL,LAC|LAL,ok,yes
90080,Los Angeles,CA,Post Office or large volume customer,90045,LAC|LAL,LAC|LAL,ok,yes
90081,Los Angeles,CA,Post Office or large volume customer,90017,LAC|LAL,LAC|LAL,ok,yes
90082,Los Angeles,CA,Post Office or large volume customer,90037,LAC|LAL,LAC|LAL,ok,yes
90083,Los Angeles,CA,Post Office or large volume customer,90045,LAC|LAL,LAC|LAL,ok,yes
90084,Los Angeles,CA,Post Office or large volume customer,90017,LAC|LAL,LAC|LAL,ok,yes
90086,Los Angeles,CA,Post Office or large volume customer,90012,LAC|LAL,LAC|LAL,ok,yes
90087,Los Angeles,CA,Post Office or large volume customer,90052,LAC|LAL,LAC|LAL,ok,yes
90088,Los Angeles,CA,Post Office or large volume customer,90017,LAC|LAL,LAC|LAL,ok,yes
90091,Los Angeles,CA,Post Office or large volume customer,90040,LAC|LAL,LAC|LAL,ok,yes
90093,Los Angeles,CA,Post Office or large volume customer,90028,LAC|LAL,LAC|LAL,ok,yes
90096,Los Angeles,CA,Post Office or large volume customer,90017,LAC|LAL,LAC|LAL,ok,yes
90099,Los Angeles,CA,Post Office or large volume customer,90052,LAC|LAL,LAC|LAL,ok,yes
90134,Los Angeles,CA,Post Office or large volume customer,90232,LAC|LAL,,http 404,
90189,Los Angeles,CA,Post Office or large volume customer,90045,LAC|LAL,LAC,ok,no
90202,Bell,CA,Post Office or large volume customer,90201,LAC|LAL,LAC,ok,no
90209,Beverly Hills,CA,Post Office or large volume customer,90210,LAC|LAL,LAC|LAL,ok,yes
90213,Beverly Hills,CA,Post Office or large volume customer,90210,LAC|LAL,LAC|LAL,ok,yes
90223,Compton,CA,Post Office or large volume customer,90220,LAC|LAL,LAC|LAL,ok,yes
90224,Compton,CA,Post Office or large volume customer,90221,LAC|LAL,LAC|LAL,ok,yes
90231,Culver City,CA,Post Office or large volume customer,90230,LAC|LAL,LAC|LAL,ok,yes
90239,Downey,CA,Post Office or large volume customer,90241,LAC|LAL,LAC|LAL,ok,yes
90251,Hawthorne,CA,Post Office or large volume customer,90250,LAC|LAL,LAC|LAL,ok,yes
90261,Lawndale,CA,Post Office or large volume customer,90250,LAC|LAL,LAC|LAL,ok,yes
90264,Malibu,CA,Post Office or large volume customer,90265,LAC|LAL,LAC|LAL,ok,yes
90267,Manhattan Beach,CA,Post Office or large volume customer,90266,LAC|LAL,LAC|LAL,ok,yes
90294,Venice,CA,Post Office or large volume customer,90291,LAC|LAL,LAC|LAL,ok,yes
90295,Marina del Rey,CA,Post Office or large volume customer,90292,LAC,LAC|LAL,ok,no
90296,Playa del Rey,CA,Post Office or large volume customer,90293,LAC|LAL,LAC|LAL,ok,yes
90306,Inglewood,CA,Post Office or large volume customer,90301,LAC|LAL,LAC|LAL,ok,yes
90307,Inglewood,CA,Post Office or large volume customer,90301,LAC|LAL,LAC|LAL,ok,yes
90308,Inglewood,CA,Post Office or large volume customer,90301,LAC|LAL,LAC|LAL,ok,yes
90309,Inglewood,CA,Post Office or large volume customer,90301,LAC|LAL,LAC|LAL,ok,yes
90310,Inglewood,CA,Post Office or large volume customer,90303,LAC|LAL,LAC|LAL,ok,yes
90311,Inglewood,CA,Post Office or large volume customer,90094,LAC|LAL,LAC|LAL,ok,yes
90312,Inglewood,CA,Post Office or large volume customer,90094,LAC|LAL,LAC|LAL,ok,yes
90406,Santa Monica,CA,Post Office or large volume customer,90401,LAC|LAL,LAC|LAL,ok,yes
90407,Santa Monica,CA,Post Office or large volume customer,90401,LAC|LAL,LAC|LAL,ok,yes
90408,Santa Monica,CA,Post Office or large volume customer,90404,LAC|LAL,LAC|LAL,ok,yes
90409,Santa Monica,CA,Post Office or large volume customer,90405,LAC|LAL,LAC|LAL,ok,yes
90410,Santa Monica,CA,Post Office or large volume customer,90404,LAC|LAL,LAC|LAL,ok,yes
90411,Santa Monica,CA,Post Office or large volume customer,90404,LAC|LAL,LAC|LAL,ok,yes
90507,Torrance,CA,Post Office or large volume customer,90501,LAC|LAL,LAC|LAL,ok,yes
90508,Torrance,CA,Post Office or large volume customer,90501,LAC|LAL,LAC|LAL,ok,yes
90509,Torrance,CA,Post Office or large volume customer,90501,LAC|LAL,LAC|LAL,ok,yes
90510,Torrance,CA,Post Office or large volume customer,90501,LAC|LAL,LAC|LAL,ok,yes
90607,Whittier,CA,Post Office or large volume customer,90605,LAC|LAL,LAC|LAL,ok,yes
90608,Whittier,CA,Post Office or large volume customer,90601,LAC|LAL,LAC|LAL,ok,yes
90609,Whittier,CA,Post Office or large volume customer,90603,LAC|LAL,LAC|LAL,ok,yes
90610,Whittier,CA,Post Office or large volume customer,90606,LAC|LAL,LAC|LAL,ok,yes
90622,Buena Park,CA,Post Office or large volume customer,90620,LAC|LAL,LAC|LAL,ok,yes
90624,Buena Park,CA,Post Office or large volume customer,90621,LAC|LAL,LAC|LAL,ok,yes
90632,La Habra,CA,Post Office or large volume customer,90631,LAC|LAL,LAC|LAL,ok,yes
90633,La Habra,CA,Post Office or large volume customer,90631,LAC|LAL,LAC|LAL,ok,yes
90637,La Mirada,CA,Post Office or large volume customer,90638,LAC|LAL,LAC|LAL,ok,yes
90651,Norwalk,CA,Post Office or large volume customer,90650,LAC|LAL,LAC|LAL,ok,yes
90652,Norwalk,CA,Post Office or large volume customer,90650,LAC|LAL,LAC|LAL,ok,yes
90661,Pico Rivera,CA,Post Office or large volume customer,90660,LAC|LAL,LAC|LAL,ok,yes
90662,Pico Rivera,CA,Post Office or large volume customer,90660,LAC|LAL,LAC|LAL,ok,yes
90671,Santa Fe Springs,CA,Post Office or large volume customer,90670,LAC|LAL,LAC,ok,no
90702,Artesia,CA,Post Office or large volume customer,90701,LAC|LAL,LAC|LAL,ok,yes
90707,Bellflower,CA,Post Office or large volume customer,90706,LAC|LAL,LAC|LAL,ok,yes
90711,Lakewood,CA,Post Office or large volume customer,90712,LAC|LAL,LAC|LAL,ok,yes
90714,Lakewood,CA,Post Office or large volume customer,90712,LAC|LAL,LAC|LAL,ok,yes
90721,Los Alamitos,CA,Post Office or large volume customer,90720,LAC|LAL,LAC|LAL,ok,yes
90733,San Pedro,CA,Post Office or large volume customer,90731,LAC|LAL,LAC|LAL,ok,yes
90734,San Pedro,CA,Post Office or large volume customer,90275,LAC|LAL,LAC|LAL,ok,yes
90748,Wilmington,CA,Post Office or large volume customer,90744,LAC|LAL,LAC|LAL,ok,yes
90749,Carson,CA,Post Office or large volume customer,90745,LAC|LAL,LAC|LAL,ok,yes
90801,Long Beach,CA,Post Office or large volume customer,90802,LAC|LAL,LAC|LAL,ok,yes
90809,Long Beach,CA,Post Office or large volume customer,90815,LAC|LAL,LAC|LAL,ok,yes
90832,Long Beach,CA,Post Office or large volume customer,90831,LAC|LAL,LAC|LAL,ok,yes
90833,Long Beach,CA,Post Office or large volume customer,90802,LAC|LAL,LAC|LAL,ok,yes
90842,Long Beach,CA,Post Office or large volume customer,90807,LAC|LAL,LAC|LAL,ok,yes
90844,Long Beach,CA,Post Office or large volume customer,90802,LAC|LAL,LAC|LAL,ok,yes
90846,Long Beach,CA,Post Office or large volume customer,90808,LAC|LAL,LAC|LAL,ok,yes
90847,Long Beach,CA,Post Office or large volume customer,90807,LAC|LAL,LAC|LAL,ok,yes
90848,Long Beach,CA,Post Office or large volume customer,90807,LAC|LAL,LAC|LAL,ok,yes
90853,Long Beach,CA,Post Office or large volume customer,90803,LAC|LAL,LAC|LAL,ok,yes
90895,Carson,CA,Post Office or large volume customer,90810,LAC|LAL,LAC,ok,no
91003,Altadena,CA,Post Office or large volume customer,91001,LAC|LAL,LAC|LAL,ok,yes
91009,Duarte,CA,Post Office or large volume customer,91010,LAC|LAL,LAC|LAL,ok,yes
91012,La Canada Flintridge,CA,Post Office or large volume customer,91011,LAC|LAL,LAC|LAL,ok,yes
91017,Monrovia,CA,Post Office or large volume customer,91016,LAC|LAL,LAC|LAL,ok,yes
91021,Montrose,CA,Post Office or large volume customer,91020,LAC|LAL,LAC|LAL,ok,yes
91023,Mount Wilson,CA,Post Office or large volume customer,93550,LAC|LAL,LAC,ok,no
91025,Sierra Madre,CA,Post Office or large volume customer,91024,LAC|LAL,LAC|LAL,ok,yes
91031,South Pasadena,CA,Post Office or large volume customer,91030,LAC|LAL,LAC|LAL,ok,yes
91041,Sunland,CA,Post Office or large volume customer,91040,LAC|LAL,LAC|LAL,ok,yes
91043,Tujunga,CA,Post Office or large volume customer,91042,LAC|LAL,LAC,ok,no
91066,Arcadia,CA,Post Office or large volume customer,91006,LAC|LAL,LAC|LAL,ok,yes
91077,Arcadia,CA,Post Office or large volume customer,91007,LAC|LAL,LAC|LAL,ok,yes
91102,Pasadena,CA,Post Office or large volume customer,91101,LAC|LAL,LAC|LAL,ok,yes
91109,Pasadena,CA,Post Office or large volume customer,91103,LAC|LAL,LAC|LAL,ok,yes
91110,Pasadena,CA,Post Office or large volume customer,91103,LAC|LAL,LAC|LAL,ok,yes
91114,Pasadena,CA,Post Office or large volume customer,91103,LAC|LAL,LAC|LAL,ok,yes
91115,Pasadena,CA,Post Office or large volume customer,91105,LAC|LAL,LAC|LAL,ok,yes
91116,Pasadena,CA,Post Office or large volume customer,91106,LAC|LAL,LAC|LAL,ok,yes
91117,Pasadena,CA,Post Office or large volume customer,91107,LAC|LAL,LAC|LAL,ok,yes
91118,San Marino,CA,Post Office or large volume customer,91108,LAC|LAL,LAC|LAL,ok,yes
91121,Pasadena,CA,Post Office or large volume customer,91107,LAC|LAL,LAC|LAL,ok,yes
91123,Pasadena,CA,Zip Code Area,91105,LAC|LAL,LAC|LAL,ok,yes
91124,Pasadena,CA,Post Office or large volume customer,91103,LAC|LAL,LAC|LAL,ok,yes
91126,Pasadena,CA,Post Office or large volume customer,91125,LAC|LAL,LAC|LAL,ok,yes
91129,Pasadena,CA,Post Office or large volume customer,91105,LAC|LAL,LAC|LAL,ok,yes
91182,Pasadena,CA,Post Office or large volume customer,91101,LAC|LAL,LAC|LAL,ok,yes
91184,Pasadena,CA,Post Office or large volume customer,91105,LAC|LAL,LAC|LAL,ok,yes
91185,Pasadena,CA,Post Office or large volume customer,91801,LAC|LAL,LAC|LAL,ok,yes
91188,Pasadena,CA,Post Office or large volume customer,91101,LAC|LAL,LAC|LAL,ok,yes
91189,Pasadena,CA,Post Office or large volume customer,91105,LAC|LAL,LAC|LAL,ok,yes
91199,Pasadena,CA,Post Office or large volume customer,91101,LAC|LAL,LAC,ok,no
91209,Glendale,CA,Post Office or large volume customer,91205,LAC|LAL,LAC|LAL,ok,yes
91221,Glendale,CA,Post Office or large volume customer,91201,LAC|LAL,LAC|LAL,ok,yes
91222,Glendale,CA,Post Office or large volume customer,91202,LAC|LAL,LAC|LAL,ok,yes
91224,La Crescenta,CA,Post Office or large volume customer,91214,LAC|LAL,LAC|LAL,ok,yes
91225,Glendale,CA,Post Office or large volume customer,91205,LAC|LAL,LAC|LAL,ok,yes
91226,Glendale,CA,Post Office or large volume customer,91205,LAC|LAL,LAC|LAL,ok,yes
91305,Canoga Park,CA,Post Office or large volume customer,91303,LAC|LAL,LAC|LAL,ok,yes
91308,West Hills,CA,Post Office or large volume customer,91307,LAC|LAL,LAC|LAL,ok,yes
91309,Canoga Park,CA,Post Office or large volume customer,91304,LAC|LAL,LAC|LAL,ok,yes
91310,Castaic,CA,Post Office or large volume customer,91355,LAC|LAL,LAC,ok,no
91313,Chatsworth,CA,Post Office or large volume customer,91311,LAC|LAL,LAC|LAL,ok,yes
91319,Newbury Park,CA,Post Office or large volume customer,91320,LAC|LAL,LAC|LAL,ok,yes
91322,Newhall,CA,Post Office or large volume customer,91321,LAC|LAL,LAC|LAL,ok,yes
91327,Northridge,CA,Post Office or large volume customer,91326,LAC|LAL,LAC|LAL,ok,yes
91328,Northridge,CA,Post Office or large volume customer,91325,LAC|LAL,LAC|LAL,ok,yes
91329,Northridge,CA,Post Office or large volume customer,91343,LAC|LAL,LAC|LAL,ok,yes
91333,Pacoima,CA,Post Office or large volume customer,91331,LAC|LAL,LAC|LAL,ok,yes
91334,Pacoima,CA,Post Office or large volume customer,91331,LAC|LAL,LAC|LAL,ok,yes
91337,Reseda,CA,Post Office or large volume customer,91335,LAC|LAL,LAC|LAL,ok,yes
91341,San Fernando,CA,Post Office or large volume customer,91340,LAC|LAL,LAC|LAL,ok,yes
91346,Mission Hills,CA,Post Office or large volume customer,91345,LAC|LAL,LAC|LAL,ok,yes
91353,Sun Valley,CA,Post Office or large volume customer,91352,LAC|LAL,LAC|LAL,ok,yes
91357,Tarzana,CA,Post Office or large volume customer,91356,LAC|LAL,LAC|LAL,ok,yes
91358,Thousand Oaks,CA,Post Office or large volume customer,91360,LAC|LAL,LAC|LAL,ok,yes
91359,Westlake Village,CA,Post Office or large volume customer,91362,LAC|LAL,LAC|LAL,ok,yes
91365,Woodland Hills,CA,Post Office or large volume customer,91367,LAC|LAL,LAC|LAL,ok,yes
91372,Calabasas,CA,Post Office or large volume customer,91302,LAC|LAL,LAC|LAL,ok,yes
91376,Agoura Hills,CA,Post Office or large volume customer,91301,LAC|LAL,LAC|LAL,ok,yes
91380,Santa Clarita,CA,Post Office or large volume customer,91355,LAC|LAL,LAC|LAL,ok,yes
91382,Santa Clarita,CA,Post Office or large volume customer,91381,LAC|LAL,LAC,ok,no
91383,Santa Clarita,CA,Post Office or large volume customer,91355,LAC|LAL,LAC|LAL,ok,yes
91385,Valencia,CA,Post Office or large volume customer,91355,LAC|LAL,LAC|LAL,ok,yes
91386,Canyon Country,CA,Post Office or large volume customer,91387,LAC|LAL,LAC|LAL,ok,yes
91392,Sylmar,CA,Post Office or large volume customer,91342,LAC|LAL,LAC|LAL,ok,yes
91393,North Hills,CA,Post Office or large volume customer,91343,LAC|LAL,LAC|LAL,ok,yes
91394,Granada Hills,CA,Post Office or large volume customer,91344,LAC|LAL,LAC|LAL,ok,yes
91395,Mission Hills,CA,Post Office or large volume customer,91345,LAC|LAL,LAC|LAL,ok,yes
91396,Winnetka,CA,Post Office or large volume customer,91306,LAC|LAL,LAC|LAL,ok,yes
91404,Van Nuys,CA,Post Office or large volume customer,91401,LAC|LAL,LAC|LAL,ok,yes
91407,Van Nuys,CA,Post Office or large volume customer,91401,LAC|LAL,LAC|LAL,ok,yes
91408,Van Nuys,CA,Post Office or large volume customer,91401,LAC|LAL,LAC|LAL,ok,yes
91409,Van Nuys,CA,Post Office or large volume customer,91406,LAC|LAL,LAC|LAL,ok,yes
91410,Van Nuys,CA,Post Office or large volume customer,91406,LAC|LAL,LAC|LAL,ok,yes
91412,Panorama City,CA,Post Office or large volume customer,91402,LAC|LAL,LAC|LAL,ok,yes
91413,Sherman Oaks,CA,Post Office or large volume customer,91403,LAC|LAL,LAC|LAL,ok,yes
91416,Encino,CA,Post Office or large volume customer,91316,LAC|LAL,LAC|LAL,ok,yes
91426,Encino,CA,Post Office or large volume customer,91436,LAC|LAL,LAC|LAL,ok,yes
91470,Van Nuys,CA,Post Office or large volume customer,91406,LAC|LAL,LAC|LAL,ok,yes
91482,Van Nuys,CA,Post Office or large volume customer,91406,LAC|LAL,LAC|LAL,ok,yes
91495,Sherman Oaks,CA,Post Office or large volume customer,91403,LAC|LAL,LAC|LAL,ok,yes
91496,Van Nuys,CA,Post Office or large volume customer,91403,LAC|LAL,LAC|LAL,ok,yes
91499,Van Nuys,CA,Post Office or large volume customer,91405,LAC|LAL,LAC|LAL,ok,yes
91503,Burbank,CA,Post Office or large volume customer,91502,LAC|LAL,LAC|LAL,ok,yes
91507,Burbank,CA,Post Office or large volume customer,91505,LAC|LAL,LAC|LAL,ok,yes
91508,Burbank,CA,Post Office or large volume customer,91504,LAC|LAL,LAC|LAL,ok,yes
91510,Burbank,CA,Post Office or large volume customer,91505,LAC|LAL,LAC|LAL,ok,yes
91521,Burbank,CA,Zip Code Area,91505,LAC|LAL,LAC|LAL,ok,yes
91522,Burbank,CA,Zip Code Area,91505,LAC|LAL,LAC|LAL,ok,yes
91523,Burbank,CA,Zip Code Area,91505,LAC|LAL,LAC|LAL,ok,yes
91526,Burbank,CA,Post Office or large volume customer,91505,LAC|LAL,LAC|LAL,ok,yes
91603,North Hollywood,CA,Post Office or large volume customer,91601,LAC|LAL,LAC|LAL,ok,yes
91609,North Hollywood,CA,Post Office or large volume customer,91606,LAC|LAL,LAC|LAL,ok,yes
91610,Toluca Lake,CA,Post Office or large volume customer,91602,LAC|LAL,LAC|LAL,ok,yes
91611,North Hollywood,CA,Post Office or large volume customer,91606,LAC|LAL,LAC|LAL,ok,yes
91612,North Hollywood,CA,Post Office or large volume customer,91606,LAC|LAL,LAC|LAL,ok,yes
91614,Studio City,CA,Post Office or large volume customer,91604,LAC|LAL,LAC|LAL,ok,yes
91615,North Hollywood,CA,Post Office or large volume customer,91605,LAC|LAL,LAC|LAL,ok,yes
91616,North Hollywood,CA,Post Office or large volume customer,91606,LAC|LAL,LAC|LAL,ok,yes
91617,Valley Village,CA,Post Office or large volume customer,91607,LAC|LAL,LAC|LAL,ok,yes
91618,North Hollywood,CA,Post Office or large volume customer,91608,LAC|LAL,LAC,ok,no
91714,City of Industry,CA,Post Office or large volume customer,91745,LAC|LAL,LAC,ok,no
91715,City of Industry,CA,Post Office or large volume customer,91745,LAC|LAL,LAC|LAL,ok,yes
91716,City of Industry,CA,Post Office or large volume customer,91745,LAC|LAL,LAC|LAL,ok,yes
91729,Rancho Cucamonga,CA,Post Office or large volume customer,91730,LAC|LAL,LAC|LAL,ok,yes
91734,El Monte,CA,Post Office or large volume customer,91731,LAC|LAL,LAC|LAL,ok,yes
91735,El Monte,CA,Post Office or large volume customer,91731,LAC|LAL,LAC|LAL,ok,yes
91743,Guasti,CA,Post Office or large volume customer,91761,LAC|LAL,LAC,ok,no
91747,La Puente,CA,Post Office or large volume customer,91744,LAC|LAL,LAC|LAL,ok,yes
91749,La Puente,CA,Post Office or large volume customer,91745,LAC|LAL,LAC|LAL,ok,yes
91756,Monterey Park,CA,Post Office or large volume customer,91754,LAC|LAL,LAC|LAL,ok,yes
91758,Ontario,CA,Post Office or large volume customer,91761,LAC|LAL,LAC|LAL,ok,yes
91769,Pomona,CA,Post Office or large volume customer,91768,LAC|LAL,LAC|LAL,ok,yes
91771,Rosemead,CA,Post Office or large volume customer,91770,LAC|LAL,LAC|LAL,ok,yes
91772,Rosemead,CA,Post Office or large volume customer,91770,LAC|LAL,LAC|LAL,ok,yes
91778,San Gabriel,CA,Post Office or large volume customer,91776,LAC|LAL,LAC|LAL,ok,yes
91785,Upland,CA,Post Office or large volume customer,91786,LAC|LAL,LAC|LAL,ok,yes
91788,Walnut,CA,Post Office or large volume customer,91789,LAC|LAL,LAC|LAL,ok,yes
91793,West Covina,CA,Post Office or large volume customer,91790,LAC|LAL,LAC|LAL,ok,yes
91802,Alhambra,CA,Post Office or large volume customer,91801,LAC|LAL,LAC|LAL,ok,yes
91804,Alhambra,CA,Post Office or large volume customer,91801,LAC|LAL,LAC|LAL,ok,yes
91896,Alhambra,CA,Post Office or large volume customer,91801,LAC|LAL,LAC|LAL,ok,yes
91899,Alhambra,CA,Post Office or large volume customer,91801,LAC|LAL,LAC,ok,no
91903,Alpine,CA,Post Office or large volume customer,91901,LAC|LAL,LAC|LAL,ok,yes
91908,Bonita,CA,Post Office or large volume customer,91902,LAC|LAL,LAC|LAL,ok,yes
91909,Chula Vista,CA,Post Office or large volume customer,91911,LAC|LAL,LAC|LAL,ok,yes
91912,Chula Vista,CA,Post Office or large volume customer,91910,LAC|LAL,LAC|LAL,ok,yes
91921,Chula Vista,CA,Post Office or large volume customer,91914,LAC|LAL,LAC|LAL,ok,yes
91933,Imperial Beach,CA,Post Office or large volume customer,91932,LAC|LAL,LAC|LAL,ok,yes
91943,La Mesa,CA,Post Office or large volume customer,91942,LAC|LAL,LAC|LAL,ok,yes
91944,La Mesa,CA,Post Office or large volume customer,91942,LAC|LAL,LAC|LAL,ok,yes
91946,Lemon Grove,CA,Post Office or large volume customer,91945,LAC|LAL,LAC|LAL,ok,yes
91951,National City,CA,Post Office or large volume customer,91950,LAC|LAL,LAC|LAL,ok,yes
91976,Spring Valley,CA,Post Office or large volume customer,91977,LAC|LAL,LAC|LAL,ok,yes
91979,Spring Valley,CA,Post Office or large volume customer,91977,LAC|LAL,LAC|LAL,ok,yes
91987,Tecate,CA,Post Office or large volume customer,91917,LAC|LAL,LAC|LAL,ok,yes
92013,Carlsbad,CA,Post Office or large volume customer,92011,,LAC|LAL,ok,no
92018,Carlsbad,CA,Post Office or large volume customer,92008,LAC,LAC|LAL,ok,no
92022,El Cajon,CA,Post Office or large volume customer,92020,LAC|LAL,LAC|LAL,ok,yes
92023,Encinitas,CA,Post Office or large volume customer,92024,LAC|LAL,LAC,ok,no
92030,Escondido,CA,Post Office or large volume customer,92027,LAC|LAL,LAC|LAL,ok,yes
92033,Escondido,CA,Post Office or large volume customer,92025,LAC|LAL,LAC|LAL,ok,yes
92038,La Jolla,CA,Post Office or large volume customer,92037,LAC|LAL,LAC|LAL,ok,yes
92039,La Jolla,CA,Post Office or large volume customer,92037,LAC|LAL,LAC|LAL,ok,yes
92046,Escondido,CA,Post Office or large volume customer,92025,LAC|LAL,LAC|LAL,ok,yes
92049,Oceanside,CA,Post Office or large volume customer,92054,LAC|LAL,LAC,ok,no
92051,Oceanside,CA,Post Office or large volume customer,92054,LAC|LAL,LAC,ok,no
92052,Oceanside,CA,Post Office or large volume customer,92056,LAC|LAL,LAC|LAL,ok,yes
92068,San Luis Rey,CA,Post Office or large volume customer,92058,LAC|LAL,LAC,ok,no
92072,Santee,CA,Post Office or large volume customer,92071,LAC|LAL,LAC|LAL,ok,yes
92074,Poway,CA,Post Office or large volume customer,92064,LAC|LAL,LAC|LAL,ok,yes
92079,San Marcos,CA,Post Office or large volume customer,92069,LAC|LAL,LAC|LAL,ok,yes
92085,Vista,CA,Post Office or large volume customer,92083,LAC,LAC|LAL,ok,no
92088,Fallbrook,CA,Post Office or large volume customer,92028,LAC|LAL,LAC,ok,no
92112,San Diego,CA,Post Office or large volume customer,92101,LAC|LAL,LAC|LAL,ok,yes
92137,San Diego,CA,Post Office or large volume customer,92110,LAC|LAL,LAC|LAL,ok,yes
92138,San Diego,CA,Post Office or large volume customer,92110,LAC|LAL,LAC|LAL,ok,yes
92142,San Diego,CA,Post Office or large volume customer,92124,LAC|LAL,LAC|LAL,ok,yes
92143,San Ysidro,CA,Post Office or large volume customer,92173,LAC|LAL,LAC|LAL,ok,yes
92149,San Diego,CA,Post Office or large volume customer,92139,LAC|LAL,LAC|LAL,ok,yes
92150,San Diego,CA,Post Office or large volume customer,92128,LAC|LAL,LAC|LAL,ok,yes
92152,San Diego,CA,Zip Code Area,92106,LAC|LAL,LAC|LAL,ok,yes
92153,San Diego,CA,Post Office or large volume customer,92154,LAC|LAL,LAC|LAL,ok,yes
92158,San Diego,CA,Post Office or large volume customer,92154,LAC|LAL,LAC|LAL,ok,yes
92159,San Diego,CA,Post Office or large volume customer,92119,LAC|LAL,LAC|LAL,ok,yes
92160,San Diego,CA,Post Office or large volume customer,92120,LAC|LAL,LAC|LAL,ok,yes
92163,San Diego,CA,Post Office or large volume customer,92103,LAC|LAL,LAC|LAL,ok,yes
92165,San Diego,CA,Post Office or large volume customer,92105,LAC|LAL,LAC|LAL,ok,yes
92166,San Diego,CA,Post Office or large volume customer,92106,LAC|LAL,LAC|LAL,ok,yes
92167,San Diego,CA,Post Office or large volume customer,92107,LAC|LAL,LAC|LAL,ok,yes
92168,San Diego,CA,Post Office or large volume customer,92108,LAC|LAL,LAC|LAL,ok,yes
92169,San Diego,CA,Post Office or large volume customer,92109,LAC|LAL,LAC|LAL,ok,yes
92170,San Diego,CA,Post Office or large volume customer,92113,LAC|LAL,LAC|LAL,ok,yes
92171,San Diego,CA,Post Office or large volume customer,92111,LAC|LAL,LAC|LAL,ok,yes
92172,San Diego,CA,Post Office or large volume customer,92129,LAC|LAL,LAC|LAL,ok,yes
92174,San Diego,CA,Post Office or large volume customer,92114,LAC|LAL,LAC|LAL,ok,yes
92175,San Diego,CA,Post Office or large volume customer,92115,LAC|LAL,LAC|LAL,ok,yes
92176,San Diego,CA,Post Office or large volume customer,92116,LAC|LAL,LAC|LAL,ok,yes
92177,San Diego,CA,Post Office or large volume customer,92117,LAC|LAL,LAC|LAL,ok,yes
92178,Coronado,CA,Post Office or large volume customer,92118,LAC|LAL,LAC|LAL,ok,yes
92186,San Diego,CA,Post Office or large volume customer,92110,LAC|LAL,LAC|LAL,ok,yes
92187,San Diego,CA,Post Office or large volume customer,92101,LAC|LAL,LAC|LAL,ok,yes
92191,San Diego,CA,Post Office or large volume customer,92121,LAC|LAL,LAC|LAL,ok,yes
92192,San Diego,CA,Post Office or large volume customer,92122,LAC|LAL,LAC|LAL,ok,yes
92193,San Diego,CA,Post Office or large volume customer,92123,LAC|LAL,LAC|LAL,ok,yes
92195,San Diego,CA,Post Office or large volume customer,92115,LAC|LAL,LAC|LAL,ok,yes
92196,San Diego,CA,Post Office or large volume customer,92126,LAC|LAL,LAC|LAL,ok,yes
92197,San Diego,CA,Post Office or large volume customer,92128,LAC|LAL,LAC,ok,no
92198,San Diego,CA,Post Office or large volume customer,92128,LAC|LAL,LAC|LAL,ok,yes
92199,San Diego,CA,Post Office or large volume customer,92128,LAC|LAL,LAC|LAL,ok,yes
92202,Indio,CA,Post Office or large volume customer,92201,LAC|LAL,LAC|LAL,ok,yes
92226,Blythe,CA,Post Office or large volume customer,92225,LAC|LAL,LAC|LAL,ok,yes
92232,Calexico,CA,Post Office or large volume customer,92231,LAC|LAL,LAC|LAL,ok,yes
92235,Cathedral City,CA,Post Office or large volume customer,92234,LAC|LAL,LAC|LAL,ok,yes
92244,El Centro,CA,Post Office or large volume customer,92243,LAC|LAL,LAC|LAL,ok,yes
92247,La Quinta,CA,Post Office or large volume customer,92253,LAC|LAL,LAC,ok,no
92248,La Quinta,CA,Post Office or large volume customer,92253,LAC|LAL,LAC,ok,no
92255,Palm Desert,CA,Post Office or large volume customer,92260,LAC|LAL,LAC|LAL,ok,yes
92261,Palm Desert,CA,Post Office or large volume customer,92260,LAC|LAL,LAC|LAL,ok,yes
92263,Palm Springs,CA,Post Office or large volume customer,92262,LAC|LAL,LAC|LAL,ok,yes
92286,Yucca Valley,CA,Post Office or large volume customer,92284,LAC|LAL,LAC|LAL,ok,yes
92312,Barstow,CA,Post Office or large volume customer,92311,LAC|LAL,LAC|LAL,ok,yes
92318,Bryn Mawr,CA,Zip Code Area,92354,LAC|LAL,LAC,ok,no
92323,Cima,CA,Post Office or large volume customer,92364,LAC|LAL,LAC|LAL,ok,yes
92329,Phelan,CA,Post Office or large volume customer,92371,LAC|LAL,LAC,ok,no
92331,Fontana,CA,Post Office or large volume customer,92337,LAC|LAL,LAC,ok,no
92334,Fontana,CA,Post Office or large volume customer,92335,LAC|LAL,LAC|LAL,ok,yes
92340,Hesperia,CA,Post Office or large volume customer,92345,LAC|LAL,LAC,ok,no
92357,Loma Linda,CA,Post Office or large volume customer,92354,LAC|LAL,LAC|LAL,ok,yes
92366,Mountain Pass,CA,Post Office or large volume customer,92364,LAC|LAL,LAC|LAL,ok,yes
92375,Redlands,CA,Post Office or large volume customer,92373,LAC|LAL,LAC|LAL,ok,yes
92393,Victorville,CA,Post Office or large volume customer,92395,LAC,LAC,ok,yes
92402,San Bernardino,CA,Post Office or large volume customer,92401,LAC|LAL,LAC|LAL,ok,yes
92403,San Bernardino,CA,Post Office or large volume customer,92401,LAC|LAL,LAC|LAL,ok,yes
92406,San Bernardino,CA,Post Office or large volume customer,92405,LAC|LAL,LAC|LAL,ok,yes
92413,San Bernardino,CA,Post Office or large volume customer,92404,LAC|LAL,LAC|LAL,ok,yes
92418,San Bernardino,CA,Post Office or large volume customer,92401,LAC|LAL,LAC|LAL,ok,yes
92423,San Bernardino,CA,Post Office or large volume customer,92408,LAC|LAL,LAC|LAL,ok,yes
92427,San Bernardino,CA,Post Office or large volume customer,92407,LAC|LAL,LAC|LAL,ok,yes
92502,Riverside,CA,Post Office or large volume customer,92501,LAC|LAL,LAC|LAL,ok,yes
92513,Riverside,CA,Post Office or large volume customer,92503,LAC|LAL,LAC|LAL,ok,yes
92514,Riverside,CA,Post Office or large volume customer,92504,LAC|LAL,LAC|LAL,ok,yes
92516,Riverside,CA,Post Office or large volume customer,92506,LAC|LAL,LAC|LAL,ok,yes
92517,Riverside,CA,Post Office or large volume customer,92507,LAC|LAL,LAC|LAL,ok,yes
92519,Riverside,CA,Post Office or large volume customer,92509,LAC|LAL,LAC|LAL,ok,yes
92522,Riverside,CA,Post Office or large volume customer,92501,LAC|LAL,LAC|LAL,ok,yes
92531,Lake Elsinore,CA,Post Office or large volume customer,92530,LAC|LAL,LAC,ok,no
92546,Hemet,CA,Post Office or large volume customer,92543,LAC|LAL,LAC,ok,no
92552,Moreno Valley,CA,Post Office or large volume customer,92553,LAC|LAL,LAC|LAL,ok,yes
92554,Moreno Valley,CA,Post Office or large volume customer,92553,LAC|LAL,LAC|LAL,ok,yes
92556,Moreno Valley,CA,Post Office or large volume customer,92553,LAC|LAL,LAC|LAL,ok,yes
92564,Murrieta,CA,Post Office or large volume customer,92562,LAC|LAL,LAC,ok,no
92572,Perris,CA,Post Office or large volume customer,92570,LAC|LAL,LAC,ok,no
92581,San Jacinto,CA,Post Office or large volume customer,92583,LAC|LAL,LAC,ok,no
92589,Temecula,CA,Post Office or large volume customer,92592,LAC|LAL,LAC|LAL,ok,yes
92593,Temecula,CA,Post Office or large volume customer,92590,LAC|LAL,LAC,ok,no
92599,Perris,CA,Post Office or large volume customer,92571,LAC|LAL,LAC|LAL,ok,yes
92605,Huntington Beach,CA,Post Office or large volume customer,92647,LAC|LAL,LAC|LAL,ok,yes
92607,Laguna Niguel,CA,Post Office or large volume customer,92677,LAC|LAL,LAC,ok,no
92609,El Toro,CA,Post Office or large volume customer,92630,LAC|LAL,LAC,ok,no
92615,Huntington Beach,CA,Post Office or large volume customer,92646,LAC|LAL,LAC|LAL,ok,yes
92616,Irvine,CA,Post Office or large volume customer,92612,LAC|LAL,LAC|LAL,ok,yes
92619,Irvine,CA,Post Office or large volume customer,92618,LAC|LAL,LAC|LAL,ok,yes
92623,Irvine,CA,Post Office or large volume customer,92614,LAC|LAL,LAC|LAL,ok,yes
92628,Costa Mesa,CA,Post Office or large volume customer,92626,LAC|LAL,LAC|LAL,ok,yes
92650,East Irvine,CA,Post Office or large volume customer,92618,LAC|LAL,LAC,ok,no
92652,Laguna Beach,CA,Post Office or large volume customer,92651,LAC|LAL,LAC,ok,no
92654,Laguna Hills,CA,Post Office or large volume customer,92653,LAC|LAL,LAC|LAL,ok,yes
92658,Newport Beach,CA,Post Office or large volume customer,92660,LAC|LAL,LAC|LAL,ok,yes
92659,Newport Beach,CA,Post Office or large volume customer,92663,LAC|LAL,LAC|LAL,ok,yes
92674,San Clemente,CA,Post Office or large volume customer,92672,LAC|LAL,LAC|LAL,ok,yes
92684,Westminster,CA,Post Office or large volume customer,92683,LAC|LAL,LAC|LAL,ok,yes
92685,Westminster,CA,Post Office or large volume customer,92683,LAC|LAL,LAC|LAL,ok,yes
92690,Mission Viejo,CA,Post Office or large volume customer,92691,LAC|LAL,LAC|LAL,ok,yes
92693,San Juan Capistrano,CA,Post Office or large volume customer,92675,LAC|LAL,LAC|LAL,ok,yes
92698,Aliso Viejo,CA,Post Office or large volume customer,92656,LAC|LAL,LAC|LAL,ok,yes
92702,Santa Ana,CA,Post Office or large volume customer,92701,LAC|LAL,LAC|LAL,ok,yes
92711,Santa Ana,CA,Post Office or large volume customer,92705,LAC|LAL,LAC|LAL,ok,yes
92712,Santa Ana,CA,Post Office or large volume customer,92701,LAC|LAL,LAC|LAL,ok,yes
92728,Fountain Valley,CA,Post Office or large volume customer,92708,LAC|LAL,LAC|LAL,ok,yes
92735,Santa Ana,CA,Post Office or large volume customer,92705,LAC|LAL,LAC|LAL,ok,yes
92781,Tustin,CA,Post Office or large volume customer,92780,LAC|LAL,LAC|LAL,ok,yes
92799,Santa Ana,CA,Post Office or large volume customer,92704,LAC|LAL,LAC|LAL,ok,yes
92803,Anaheim,CA,Post Office or large volume customer,92801,LAC|LAL,LAC|LAL,ok,yes
92809,Anaheim,CA,Post Office or large volume customer,92808,LAC|LAL,LAC,ok,no
92811,Atwood,CA,Post Office or large volume customer,92870,LAC|LAL,LAC,ok,no
92812,Anaheim,CA,Post Office or large volume customer,92802,LAC|LAL,LAC|LAL,ok,yes
92814,Anaheim,CA,Post Office or large volume customer,92804,LAC|LAL,LAC|LAL,ok,yes
92815,Anaheim,CA,Post Office or large volume customer,92805,LAC|LAL,LAC|LAL,ok,yes
92816,Anaheim,CA,Post Office or large volume customer,92806,LAC|LAL,LAC|LAL,ok,yes
92817,Anaheim,CA,Post Office or large volume customer,92807,LAC|LAL,LAC|LAL,ok,yes
92822,Brea,CA,Post Office or large volume customer,92821,LAC|LAL,LAC|LAL,ok,yes
92825,Anaheim,CA,Post Office or large volume customer,92805,LAC|LAL,LAC|LAL,ok,yes
92834,Fullerton,CA,Post Office or large volume customer,92831,LAC|LAL,LAC|LAL,ok,yes
92836,Fullerton,CA,Post Office or large volume customer,92832,LAC|LAL,LAC|LAL,ok,yes
92837,Fullerton,CA,Post Office or large volume customer,92833,LAC|LAL,LAC|LAL,ok,yes
92838,Fullerton,CA,Post Office or large volume customer,92835,LAC|LAL,LAC|LAL,ok,yes
92842,Garden Grove,CA,Post Office or large volume customer,92840,LAC|LAL,LAC|LAL,ok,yes
92846,Garden Grove,CA,Post Office or large volume customer,92845,LAC|LAL,LAC|LAL,ok,yes
92850,Anaheim,CA,Post Office or large volume customer,92801,LAC|LAL,LAC|LAL,ok,yes
92856,Orange,CA,Post Office or large volume customer,92866,LAC|LAL,LAC|LAL,ok,yes
92857,Orange,CA,Post Office or large volume customer,92865,LAC|LAL,LAC|LAL,ok,yes
92859,Orange,CA,Post Office or large volume customer,92869,LAC|LAL,LAC|LAL,ok,yes
92862,Orange,CA,Post Office or large volume customer,92869,LAC|LAL,LAC|LAL,ok,yes
92863,Orange,CA,Post Office or large volume customer,92867,LAC|LAL,LAC|LAL,ok,yes
92864,Orange,CA,Post Office or large volume customer,92867,LAC|LAL,LAC|LAL,ok,yes
92871,Placentia,CA,Post Office or large volume customer,92870,LAC|LAL,LAC|LAL,ok,yes
92877,Corona,CA,Post Office or large volume customer,92881,LAC|LAL,LAC,ok,no
92878,Corona,CA,Zip Code Area,92880,LAC|LAL,LAC,ok,no
92885,Yorba Linda,CA,Post Office or large volume customer,92886,LAC|LAL,LAC|LAL,ok,yes
92899,Anaheim,CA,Post Office or large volume customer,92807,LAC|LAL,LAC|LAL,ok,yes
93002,Ventura,CA,Post Office or large volume customer,93001,LAC|LAL,LAC|LAL,ok,yes
93005,Ventura,CA,Post Office or large volume customer,93003,LAC|LAL,LAC,ok,no
93006,Ventura,CA,Post Office or large volume customer,93003,LAC|LAL,LAC|LAL,ok,yes
93007,Ventura,CA,Post Office or large volume customer,93004,LAC|LAL,LAC,ok,no
93009,Ventura,CA,Post Office or large volume customer,93003,LAC|LAL,LAC|LAL,ok,yes
93011,Camarillo,CA,Post Office or large volume customer,93010,LAC|LAL,LAC|LAL,ok,yes
93014,Carpinteria,CA,Post Office or large volume customer,93013,LAC,LAC,ok,yes
93016,Fillmore,CA,Post Office or large volume customer,93015,LAC|LAL,LAC,ok,no
93020,Moorpark,CA,Post Office or large volume customer,93021,LAC|LAL,LAC,ok,no
93024,Ojai,CA,Post Office or large volume customer,93023,LAC|LAL,LAC,ok,no
93031,Oxnard,CA,Post Office or large volume customer,93036,LAC|LAL,LAC|LAL,ok,yes
93032,Oxnard,CA,Post Office or large volume customer,93030,LAC|LAL,LAC|LAL,ok,yes
93034,Oxnard,CA,Post Office or large volume customer,93033,LAC|LAL,LAC|LAL,ok,yes
93044,Port Hueneme,CA,Post Office or large volume customer,93041,LAC|LAL,LAC,ok,no
93061,Santa Paula,CA,Post Office or large volume customer,93060,LAC|LAL,LAC,ok,no
93062,Simi Valley,CA,Post Office or large volume customer,93065,LAC|LAL,LAC,ok,no
93094,Simi Valley,CA,Post Office or large volume customer,93065,LAC|LAL,LAC|LAL,ok,yes
93099,Simi Valley,CA,Post Office or large volume customer,93063,LAC|LAL,LAC|LAL,ok,yes
93102,Santa Barbara,CA,Post Office or large volume customer,93101,LAC|LAL,LAC|LAL,ok,yes
93107,Santa Barbara,CA,Post Office or large volume customer,93106,LAC|LAL,LAC|LAL,ok,yes
93116,Goleta,CA,Post Office or large volume customer,93111,LAC|LAL,LAC|LAL,ok,yes
93118,Goleta,CA,Post Office or large volume customer,93117,LAC|LAL,LAC|LAL,ok,yes
93120,Santa Barbara,CA,Post Office or large volume customer,93101,LAC|LAL,LAC|LAL,ok,yes
93121,Santa Barbara,CA,Post Office or large volume customer,93101,LAC|LAL,LAC|LAL,ok,yes
93130,Santa Barbara,CA,Post Office or large volume customer,93105,LAC|LAL,LAC|LAL,ok,yes
93140,Santa Barbara,CA,Post Office or large volume customer,93103,LAC|LAL,LAC|LAL,ok,yes
93150,Santa Barbara,CA,Post Office or large volume customer,93108,LAC|LAL,LAC|LAL,ok,yes
93160,Santa Barbara,CA,Post Office or large volume customer,93111,LAC|LAL,LAC|LAL,ok,yes
93190,Santa Barbara,CA,Post Office or large volume customer,93101,LAC|LAL,LAC|LAL,ok,yes
93199,Goleta,CA,Post Office or large volume customer,93117,LAC|LAL,LAC|LAL,ok,yes
93216,Delano,CA,Post Office or large volume customer,93215,LAC|LAL|SAC,LAC|LAL|SAC,ok,yes
93232,Hanford,CA,Post Office or large volume customer,93230,GSW|LAC|LAL|SAC,GSW|LAC|LAL|SAC,ok,yes
93275,Tulare,CA,Post Office or large volume customer,93274,GSW|LAC|LAL|SAC,GSW|LAC|LAL|SAC,ok,yes
93278,Visalia,CA,Post Office or large volume customer,93277,GSW|LAC|LAL|SAC,GSW|LAC|LAL|SAC,ok,yes
93279,Visalia,CA,Post Office or large volume customer,93291,GSW|LAC|LAL|SAC,GSW|LAC|LAL|SAC,ok,yes
93282,Waukena,CA,Post Office or large volume customer,93274,GSW|LAC|LAL|SAC,GSW|LAC|LAL|SAC,ok,yes
93290,Visalia,CA,Post Office or large volume customer,93291,GSW|LAC|LAL|SAC,GSW|LAC|SAC,ok,no
93302,Bakersfield,CA,Post Office or large volume customer,93301,LAC|LAL|SAC,LAC|LAL,ok,no
93303,Bakersfield,CA,Post Office or large volume customer,93301,LAC|LAL|SAC,LAC|LAL,ok,no
93380,Bakersfield,CA,Post Office or large volume customer,93308,LAC|LAL|SAC,LAC|LAL,ok,no
93383,Bakersfield,CA,Post Office or large volume customer,93313,LAC,LAC,ok,yes
93384,Bakersfield,CA,Post Office or large volume customer,93304,LAC,LAC|LAL,ok,no
93385,Bakersfield,CA,Post Office or large volume customer,93305,LAC|LAL|SAC,LAC|LAL,ok,no
93386,Bakersfield,CA,Post Office or large volume customer,93306,LAC,LAC,ok,yes
93387,Bakersfield,CA,Post Office or large volume customer,93307,LAC|LAL,LAC|LAL,ok,yes
93388,Bakersfield,CA,Post Office or large volume customer,93308,LAC|LAL|SAC,LAC|LAL,ok,no
93389,Bakersfield,CA,Post Office or large volume customer,93309,LAC,LAC|LAL,ok,no
93390,Bakersfield,CA,Post Office or large volume customer,93311,LAC,LAC|LAL,ok,no
93403,San Luis Obispo,CA,Post Office or large volume customer,93405,LAC|LAL,LAC|LAL,ok,yes
93406,San Luis Obispo,CA,Post Office or large volume customer,93401,LAC|LAL,LAC|LAL,ok,yes
93412,Los Osos,CA,Post Office or large volume customer,93402,LAC|LAL,LAC|LAL,ok,yes
93421,Arroyo Grande,CA,Zip Code Area,93420,LAC|LAL,LAC|LAL,ok,yes
93423,Atascadero,CA,Post Office or large volume customer,93422,LAC|LAL,LAC|LAL,ok,yes
93435,Harmony,CA,Zip Code Area,93430,LAC|LAL,LAC|LAL,ok,yes
93438,Lompoc,CA,Post Office or large volume customer,93436,LAC|LAL,LAC|LAL,ok,yes
93443,Morro Bay,CA,Post Office or large volume customer,93442,LAC|LAL,LAC|LAL,ok,yes
93447,Paso Robles,CA,Post Office or large volume customer,93446,LAC|LAL,LAC|LAL,ok,yes
93448,Pismo Beach,CA,Post Office or large volume customer,93449,LAC|LAL,LAC|LAL,ok,yes
93456,Santa Maria,CA,Post Office or large volume customer,93454,LAC|LAL,LAC|LAL,ok,yes
93457,Santa Maria,CA,Post Office or large volume customer,93455,LAC|LAL,LAC|LAL,ok,yes
93464,Solvang,CA,Post Office or large volume customer,93463,LAC|LAL,LAC|LAL,ok,yes
93475,Oceano,CA,Post Office or large volume customer,93445,LAC|LAL,LAC,ok,no
93483,Grover Beach,CA,Post Office or large volume customer,93433,LAC|LAL,LAC|LAL,ok,yes
93502,Mojave,CA,Post Office or large volume customer,93501,LAC|LAL,LAC,ok,no
93504,California City,CA,Post Office or large volume customer,93505,LAC|LAL,LAC,ok,no
93515,Bishop,CA,Post Office or large volume customer,93514,LAC|LAL|SAC,LAC|LAL|SAC,ok,yes
93539,Lancaster,CA,Post Office or large volume customer,93536,LAC|LAL,LAC|LAL,ok,yes
93542,Little Lake,CA,Post Office or large volume customer,93527,LAC|LAL|SAC,LAC|LAL|SAC,ok,yes
93556,Ridgecrest,CA,Post Office or large volume customer,93555,LAC|LAL,LAC|LAL,ok,yes
93584,Lancaster,CA,Post Office or large volume customer,93534,LAC|LAL,LAC|LAL|SAC,ok,no
93586,Lancaster,CA,Post Office or large volume customer,93536,LAC|LAL,LAC|LAL|SAC,ok,no
93590,Palmdale,CA,Post Office or large volume customer,93550,LAC|LAL,LAC,ok,no
93592,Trona,CA,Post Office or large volume customer,93562,LAC|LAL|SAC,LAC|LAL|SAC,ok,yes
93596,Boron,CA,Post Office or large volume customer,93516,LAC,LAC|SAC,ok,no
93599,Palmdale,CA,Post Office or large volume customer,93550,LAC|LAL,LAC|LAL,ok,yes
93607,Burrel,CA,Post Office or large volume customer,93656,GSW|LAC|SAC,GSW|LAC|SAC,ok,yes
93613,Clovis,CA,Post Office or large volume customer,93612,GSW|LAC|SAC,GSW|LAC|SAC,ok,yes
93639,Madera,CA,Post Office or large volume customer,93638,GSW|LAC|SAC,GSW|LAC|SAC,ok,yes
93642,Mono Hot Springs,CA,Post Office or large volume customer,93634,LAC|SAC,GSW|LAC|SAC,ok,no
93649,Piedra,CA,Post Office or large volume customer,93654,GSW|LAC|SAC,GSW|LAC|SAC,ok,yes
93661,Santa Rita Park,CA,Post Office or large volume customer,93620,GSW|LAC|SAC,GSW|LAC|SAC,ok,yes
93707,Fresno,CA,Post Office or large volume customer,93721,GSW|LAC|SAC,GSW|LAC|SAC,ok,yes
93708,Fresno,CA,Post Office or large volume customer,93721,GSW|LAC|SAC,GSW|LAC|SAC,ok,yes
93709,Fresno,CA,Post Office or large volume customer,93721,GSW|LAC|SAC,GSW|LAC|SAC,ok,yes
93712,Fresno,CA,Post Office or large volume customer,93721,GSW|LAC|SAC,GSW|LAC|SAC,ok,yes
93714,Fresno,CA,Post Office or large volume customer,93721,GSW|LAC|SAC,GSW|LAC|SAC,ok,yes
93715,Fresno,CA,Post Office or large volume customer,93721,GSW|LAC|SAC,GSW|LAC|SAC,ok,yes
93716,Fresno,CA,Post Office or large volume customer,93721,GSW|LAC|SAC,GSW|LAC|SAC,ok,yes
93717,Fresno,CA,Post Office or large volume customer,93721,GSW|LAC|SAC,GSW|LAC|SAC,ok,yes
93718,Fresno,CA,Post Office or large volume customer,93721,GSW|LAC|SAC,GSW|LAC|SAC,ok,yes
93724,Fresno,CA,Post Office or large volume customer,93721,GSW|LAC|SAC,GSW|LAC|SAC,ok,yes
93729,Fresno,CA,Post Office or large volume customer,93720,GSW|LAC|SAC,GSW|LAC|SAC,ok,yes
93744,Fresno,CA,Post Office or large volume customer,93728,GSW|LAC|SAC,GSW|LAC|SAC,ok,yes
93745,Fresno,CA,Post Office or large volume customer,93725,GSW|LAC|SAC,GSW|LAC|SAC,ok,yes
93747,Fresno,CA,Post Office or large volume customer,93727,GSW|LAC|SAC,GSW|LAC|SAC,ok,yes
93750,Fresno,CA,Post Office or large volume customer,93702,GSW|LAC|SAC,GSW|LAC|SAC,ok,yes
93755,Fresno,CA,Post Office or large volume customer,93704,GSW|LAC|SAC,GSW|LAC|SAC,ok,yes
93760,Fresno,CA,Post Office or large volume customer,93721,GSW|LAC|SAC,GSW|LAC|SAC,ok,yes
93761,Fresno,CA,Post Office or large volume customer,93701,GSW|LAC|SAC,GSW|LAC|SAC,ok,yes
93764,Fresno,CA,Post Office or large volume customer,93721,GSW|LAC|SAC,GSW|LAC|SAC,ok,yes
93765,Fresno,CA,Post Office or large volume customer,93711,GSW|LAC|SAC,GSW|LAC|SAC,ok,yes
93771,Fresno,CA,Post Office or large volume customer,93706,GSW|LAC|SAC,GSW|LAC|SAC,ok,yes
93772,Fresno,CA,Post Office or large volume customer,93706,GSW|LAC|SAC,GSW|LAC|SAC,ok,yes
93773,Fresno,CA,Post Office or large volume customer,93706,GSW|LAC|SAC,GSW|LAC|SAC,ok,yes
93774,Fresno,CA,Post Office or large volume customer,93706,GSW|LAC|SAC,GSW|LAC|SAC,ok,yes
93775,Fresno,CA,Post Office or large volume customer,93706,GSW|LAC|SAC,GSW|LAC|SAC,ok,yes
93776,Fresno,CA,Post Office or large volume customer,93706,GSW|LAC|SAC,GSW|LAC|SAC,ok,yes
93777,Fresno,CA,Post Office or large volume customer,93706,GSW|LAC|SAC,GSW|LAC|SAC,ok,yes
93778,Fresno,CA,Post Office or large volume customer,93706,GSW|LAC|SAC,GSW|LAC|SAC,ok,yes
93779,Fresno,CA,Post Office or large volume customer,93706,GSW|LAC|SAC,GSW|LAC|SAC,ok,yes
93786,Fresno,CA,Post Office or large volume customer,93706,GSW|LAC|SAC,GSW|LAC|SAC,ok,yes
93790,Fresno,CA,Post Office or large volume customer,93705,GSW|LAC|SAC,GSW|LAC|SAC,ok,yes
93791,Fresno,CA,Post Office or large volume customer,93705,GSW|LAC|SAC,GSW|LAC|SAC,ok,yes
93792,Fresno,CA,Post Office or large volume customer,93705,GSW|LAC|SAC,GSW|LAC|SAC,ok,yes
93793,Fresno,CA,Post Office or large volume customer,93705,GSW|LAC|SAC,GSW|LAC|SAC,ok,yes
93794,Fresno,CA,Post Office or large volume customer,93705,GSW|LAC|SAC,GSW|LAC|SAC,ok,yes
93844,Fresno,CA,Post Office or large volume customer,93727,GSW|LAC|SAC,GSW|LAC|SAC,ok,yes
93888,Fresno,CA,Post Office or large volume customer,93727,GSW|LAC|SAC,GSW|LAC|SAC,ok,yes
93902,Salinas,CA,Post Office or large volume customer,93901,GSW|SAC,GSW|SAC,ok,yes
93912,Salinas,CA,Post Office or large volume customer,93907,GSW,GSW,ok,yes
93915,Salinas,CA,Post Office or large volume customer,93905,GSW|SAC,GSW|SAC,ok,yes
93922,Carmel,CA,Post Office or large volume customer,93923,GSW|SAC,GSW|SAC,ok,yes
93942,Monterey,CA,Post Office or large volume customer,93940,GSW|SAC,GSW|SAC,ok,yes
94011,Burlingame,CA,Post Office or large volume customer,94010,GSW,GSW,ok,yes
94016,Daly City,CA,Post Office or large volume customer,94014,GSW,GSW,ok,yes
94017,Daly City,CA,Post Office or large volume customer,94015,GSW,GSW,ok,yes
94023,Los Altos,CA,Post Office or large volume customer,94022,GSW,,ok,no
94026,Menlo Park,CA,Post Office or large volume customer,94025,GSW,,ok,no
94035,Mountain View,CA,Zip Code Area,94043,GSW,GSW,ok,yes
94039,Mountain View,CA,Post Office or large volume customer,94041,GSW,GSW,ok,yes
94042,Mountain View,CA,Post Office or large volume customer,94041,GSW,GSW,ok,yes
94064,Redwood City,CA,Post Office or large volume customer,94063,GSW,,ok,no
94083,South San Francisco,CA,Post Office or large volume customer,94080,GSW,,ok,no
94088,Sunnyvale,CA,Post Office or large volume customer,94089,GSW,,ok,no
94119,San Francisco,CA,Post Office or large volume customer,94105,GSW,GSW,ok,yes
94120,San Francisco,CA,Post Office or large volume customer,94104,GSW,GSW,ok,yes
94125,San Francisco,CA,Post Office or large volume customer,94128,GSW,GSW,ok,yes
94126,San Francisco,CA,Post Office or large volume customer,94111,GSW,GSW,ok,yes
94137,San Francisco,CA,Post Office or large volume customer,94104,GSW,GSW,ok,yes
94139,San Francisco,CA,Post Office or large volume customer,94104,GSW,GSW,ok,yes
94140,San Francisco,CA,Post Office or large volume customer,94110,GSW,GSW,ok,yes
94141,San Francisco,CA,Post Office or large volume customer,94103,GSW,GSW,ok,yes
94142,San Francisco,CA,Post Office or large volume customer,94103,GSW,GSW,ok,yes
94143,San Francisco,CA,Zip Code Area,94131,GSW,,ok,no
94144,San Francisco,CA,Post Office or large volume customer,94118,GSW,GSW,ok,yes
94145,San Francisco,CA,Post Office or large volume customer,94104,GSW,GSW,ok,yes
94146,San Francisco,CA,Post Office or large volume customer,94114,GSW,GSW,ok,yes
94147,San Francisco,CA,Post Office or large volume customer,94123,GSW,GSW,ok,yes
94151,San Francisco,CA,Post Office or large volume customer,94105,GSW,GSW,ok,yes
94159,San Francisco,CA,Post Office or large volume customer,94118,GSW,GSW,ok,yes
94160,San Francisco,CA,Post Office or large volume customer,94188,GSW,GSW,ok,yes
94161,San Francisco,CA,Post Office or large volume customer,94111,GSW,GSW,ok,yes
94163,San Francisco,CA,Post Office or large volume customer,94104,GSW,GSW,ok,yes
94164,San Francisco,CA,Post Office or large volume customer,94109,GSW,GSW,ok,yes
94172,San Francisco,CA,Post Office or large volume customer,94122,GSW,GSW,ok,yes
94177,San Francisco,CA,Post Office or large volume customer,94105,GSW,GSW,ok,yes
94203,Sacramento,CA,Post Office or large volume customer,95814,SAC,SAC,ok,yes
94204,Sacramento,CA,Post Office or large volume customer,95815,SAC,SAC,ok,yes
94205,Sacramento,CA,Post Office or large volume customer,95823,SAC,SAC,ok,yes
94206,Sacramento,CA,Post Office or large volume customer,95823,SAC,SAC,ok,yes
94207,Sacramento,CA,Post Office or large volume customer,95814,SAC,SAC,ok,yes
94208,Sacramento,CA,Post Office or large volume customer,95814,SAC,SAC,ok,yes
94209,Sacramento,CA,Post Office or large volume customer,95814,SAC,SAC,ok,yes
94211,Sacramento,CA,Post Office or large volume customer,95814,SAC,SAC,ok,yes
94229,Sacramento,CA,Post Office or large volume customer,95814,SAC,SAC,ok,yes
94230,Sacramento,CA,Post Office or large volume customer,95823,SAC,SAC,ok,yes
94232,Sacramento,CA,Post Office or large volume customer,95818,SAC,SAC,ok,yes
94234,Sacramento,CA,Post Office or large volume customer,95814,SAC,SAC,ok,yes
94235,Sacramento,CA,Post Office or large volume customer,95814,SAC,SAC,ok,yes
94236,Sacramento,CA,Post Office or large volume customer,95814,SAC,SAC,ok,yes
94237,Sacramento,CA,Post Office or large volume customer,95814,SAC,SAC,ok,yes
94239,Sacramento,CA,Post Office or large volume customer,95818,SAC,SAC,ok,yes
94240,Sacramento,CA,Post Office or large volume customer,95811,SAC,SAC,ok,yes
94244,Sacramento,CA,Post Office or large volume customer,95814,SAC,SAC,ok,yes
94245,Sacramento,CA,Post Office or large volume customer,95814,SAC,SAC,ok,yes
94247,Sacramento,CA,Post Office or large volume customer,95823,SAC,SAC,ok,yes
94248,Sacramento,CA,Post Office or large volume customer,95814,SAC,SAC,ok,yes
94249,Sacramento,CA,Post Office or large volume customer,95816,SAC,SAC,ok,yes
94250,Sacramento,CA,Post Office or large volume customer,95814,SAC,SAC,ok,yes
94252,Sacramento,CA,Post Office or large volume customer,95814,SAC,SAC,ok,yes
94254,Sacramento,CA,Post Office or large volume customer,95823,SAC,SAC,ok,yes
94256,Sacramento,CA,Post Office or large volume customer,95823,SAC,SAC,ok,yes
94257,Sacramento,CA,Post Office or large volume customer,95811,SAC,SAC,ok,yes
94258,Sacramento,CA,Post Office or large volume customer,95814,SAC,SAC,ok,yes
94259,Sacramento,CA,Post Office or large volume customer,95818,SAC,SAC,ok,yes
94261,Sacramento,CA,Post Office or large volume customer,95814,SAC,SAC,ok,yes
94262,Sacramento,CA,Post Office or large volume customer,95823,SAC,SAC,ok,yes
94263,Sacramento,CA,Post Office or large volume customer,95814,SAC,SAC,ok,yes
94267,Sacramento,CA,Post Office or large volume customer,95815,SAC,SAC,ok,yes
94268,Sacramento,CA,Post Office or large volume customer,95814,SAC,SAC,ok,yes
94269,Sacramento,CA,Post Office or large volume customer,95814,SAC,SAC,ok,yes
94271,Sacramento,CA,Post Office or large volume customer,95814,SAC,SAC,ok,yes
94273,Sacramento,CA,Post Office or large volume customer,95814,SAC,SAC,ok,yes
94274,Sacramento,CA,Post Office or large volume customer,95814,SAC,SAC,ok,yes
94277,Sacramento,CA,Post Office or large volume customer,95814,SAC,SAC,ok,yes
94278,Sacramento,CA,Post Office or large volume customer,95814,SAC,SAC,ok,yes
94279,Sacramento,CA,Post Office or large volume customer,95814,SAC,SAC,ok,yes
94280,Sacramento,CA,Post Office or large volume customer,95822,SAC,SAC,ok,yes
94282,Sacramento,CA,Post Office or large volume customer,95823,SAC,SAC,ok,yes
94283,Sacramento,CA,Post Office or large volume customer,95823,SAC,SAC,ok,yes
94284,Sacramento,CA,Post Office or large volume customer,95818,SAC,SAC,ok,yes
94285,Sacramento,CA,Post Office or large volume customer,95818,SAC,SAC,ok,yes
94287,Sacramento,CA,Post Office or large volume customer,95814,SAC,SAC,ok,yes
94288,Sacramento,CA,Post Office or large volume customer,95814,SAC,SAC,ok,yes
94289,Sacramento,CA,Post Office or large volume customer,95814,SAC,SAC,ok,yes
94290,Sacramento,CA,Post Office or large volume customer,95818,SAC,SAC,ok,yes
94291,Sacramento,CA,Post Office or large volume customer,95818,SAC,SAC,ok,yes
94293,Sacramento,CA,Post Office or large volume customer,95818,SAC,SAC,ok,yes
94294,Sacramento,CA,Post Office or large volume customer,95818,SAC,SAC,ok,yes
94295,Sacramento,CA,Post Office or large volume customer,95814,SAC,SAC,ok,yes
94296,Sacramento,CA,Post Office or large volume customer,95814,SAC,SAC,ok,yes
94297,Sacramento,CA,Post Office or large volume customer,95818,SAC,SAC,ok,yes
94298,Sacramento,CA,Post Office or large volume customer,95814,SAC,SAC,ok,yes
94299,Sacramento,CA,Post Office or large volume customer,95814,SAC,SAC,ok,yes
94302,Palo Alto,CA,Post Office or large volume customer,94301,GSW,GSW,ok,yes
94309,Palo Alto,CA,Post Office or large volume customer,94305,GSW,GSW,ok,yes
94497,San Mateo,CA,Post Office or large volume customer,94403,GSW,GSW,ok,yes
94522,Concord,CA,Post Office or large volume customer,94520,GSW,GSW,ok,yes
94524,Concord,CA,Post Office or large volume customer,94520,GSW,GSW,ok,yes
94527,Concord,CA,Post Office or large volume customer,94520,GSW,GSW,ok,yes
94529,Concord,CA,Post Office or large volume customer,94520,GSW,GSW,ok,yes
94537,Fremont,CA,Post Office or large volume customer,94536,GSW,GSW,ok,yes
94540,Hayward,CA,Post Office or large volume customer,94544,GSW,,ok,no
94543,Hayward,CA,Post Office or large volume customer,94541,GSW,GSW,ok,yes
94557,Hayward,CA,Post Office or large volume customer,94545,GSW,,ok,no
94570,Moraga,CA,Post Office or large volume customer,94556,GSW,,ok,no
94581,Napa,CA,Post Office or large volume customer,94559,GSW,GSW,ok,yes
94604,Oakland,CA,Post Office or large volume customer,94612,GSW,GSW,ok,yes
94614,Oakland,CA,Post Office or large volume customer,94621,GSW,GSW,ok,yes
94615,Oakland,CA,Post Office or large volume customer,94607,GSW,GSW,ok,yes
94617,Oakland,CA,Post Office or large volume customer,94607,GSW,GSW,ok,yes
94620,Piedmont,CA,Post Office or large volume customer,94611,GSW,GSW,ok,yes
94622,Oakland,CA,Post Office or large volume customer,94577,GSW,,ok,no
94623,Oakland,CA,Post Office or large volume customer,94607,GSW,GSW,ok,yes
94624,Oakland,CA,Post Office or large volume customer,94603,GSW,GSW,ok,yes
94649,Oakland,CA,Post Office or large volume customer,94612,GSW,GSW,ok,yes
94659,Oakland,CA,Post Office or large volume customer,94612,GSW,GSW,ok,yes
94660,Oakland,CA,Post Office or large volume customer,94607,GSW,GSW,ok,yes
94661,Oakland,CA,Post Office or large volume customer,94611,GSW,GSW,ok,yes
94662,Emeryville,CA,Post Office or large volume customer,94608,GSW,GSW,ok,yes
94666,Oakland,CA,Post Office or large volume customer,94612,GSW,GSW,ok,yes
94701,Berkeley,CA,Post Office or large volume customer,94704,GSW,GSW,ok,yes
94712,Berkeley,CA,Post Office or large volume customer,94704,GSW,GSW,ok,yes
94802,Richmond,CA,Post Office or large volume customer,94801,GSW,GSW,ok,yes
94807,Richmond,CA,Post Office or large volume customer,94801,GSW,GSW,ok,yes
94808,Richmond,CA,Post Office or large volume customer,94804,GSW,GSW,ok,yes
94820,El Sobrante,CA,Post Office or large volume customer,94803,GSW,GSW,ok,yes
94850,Richmond,CA,Post Office or large volume customer,94804,GSW,GSW,ok,yes
94912,San Rafael,CA,Post Office or large volume customer,94901,GSW,GSW,ok,yes
94913,San Rafael,CA,Post Office or large volume customer,94903,GSW,GSW,ok,yes
94914,Kentfield,CA,Post Office or large volume customer,94904,GSW,GSW,ok,yes
94915,San Rafael,CA,Post Office or large volume customer,94901,GSW,GSW,ok,yes
94926,Rohnert Park,CA,Post Office or large volume customer,94928,GSW,GSW,ok,yes
94927,Rohnert Park,CA,Post Office or large volume customer,94928,GSW,GSW,ok,yes
94942,Mill Valley,CA,Post Office or large volume customer,94941,GSW,,ok,no
94948,Novato,CA,Post Office or large volume customer,94947,GSW,GSW,ok,yes
94953,Petaluma,CA,Post Office or large volume customer,94952,GSW,GSW,ok,yes
94955,Petaluma,CA,Post Office or large volume customer,94954,GSW,,http 404,
94966,Sausalito,CA,Post Office or large volume customer,94965,GSW,,ok,no
94974,San Quentin,CA,Post Office or large volume customer,94964,GSW,GSW,ok,yes
94975,Petaluma,CA,Post Office or large volume customer,94954,GSW,GSW,ok,yes
94976,Corte Madera,CA,Post Office or large volume customer,94925,GSW,,ok,no
94977,Larkspur,CA,Post Office or large volume customer,94939,GSW,,ok,no
94978,Fairfax,CA,Post Office or large volume customer,94930,GSW,,http 404,
94979,San Anselmo,CA,Post Office or large volume customer,94960,GSW,,http 404,
94998,Novato,CA,Post Office or large volume customer,94947,GSW,GSW,ok,yes
94999,Petaluma,CA,Post Office or large volume customer,94954,GSW,GSW,ok,yes
95001,Aptos,CA,Post Office or large volume customer,95003,GSW,GSW,ok,yes
95009,Campbell,CA,Post Office or large volume customer,95008,GSW,GSW,ok,yes
95011,Campbell,CA,Post Office or large volume customer,95008,GSW,GSW,ok,yes
95015,Cupertino,CA,Post Office or large volume customer,95014,GSW,GSW,ok,yes
95021,Gilroy,CA,Post Office or large volume customer,95020,GSW,,http 404,
95024,Hollister,CA,Post Office or large volume customer,95023,GSW,,ok,no
95026,Holy City,CA,Post Office or large volume customer,95033,GSW,,http 404,
95031,Los Gatos,CA,Post Office or large volume customer,95030,GSW,GSW,ok,yes
95036,Milpitas,CA,Post Office or large volume customer,95035,GSW,GSW,ok,yes
95038,Morgan Hill,CA,Post Office or large volume customer,95037,GSW,GSW,ok,yes
95042,New Almaden,CA,Post Office or large volume customer,95120,GSW,,ok,no
95044,Redwood Estates,CA,Post Office or large volume customer,95033,GSW,,ok,no
95052,Santa Clara,CA,Post Office or large volume customer,95050,GSW,GSW,ok,yes
95055,Santa Clara,CA,Post Office or large volume customer,95051,GSW,GSW,ok,yes
95056,Santa Clara,CA,Post Office or large volume customer,95054,GSW,GSW,ok,yes
95061,Santa Cruz,CA,Post Office or large volume customer,95060,GSW,GSW,ok,yes
95063,Santa Cruz,CA,Post Office or large volume customer,95062,GSW,GSW,ok,yes
95067,Scotts Valley,CA,Post Office or large volume customer,95066,GSW,GSW,ok,yes
95071,Saratoga,CA,Post Office or large volume customer,95070,GSW,,http 404,
95077,Watsonville,CA,Post Office or large volume customer,95076,GSW,,ok,no
95101,San Jose,CA,Post Office or large volume customer,95131,GSW,GSW,ok,yes
95103,San Jose,CA,Post Office or large volume customer,95113,GSW,GSW,ok,yes
95106,San Jose,CA,Post Office or large volume customer,95113,GSW,GSW,ok,yes
95108,San Jose,CA,Post Office or large volume customer,95113,GSW,GSW,ok,yes
95109,San Jose,CA,Post Office or large volume customer,95113,GSW,GSW,ok,yes
95115,San Jose,CA,Post Office or large volume customer,95113,GSW,GSW,ok,yes
95141,San Jose,CA,Zip Code Area,95037,GSW,GSW,ok,yes
95150,San Jose,CA,Post Office or large volume customer,95125,GSW,GSW,ok,yes
95151,San Jose,CA,Post Office or large volume customer,95122,GSW,GSW,ok,yes
95152,San Jose,CA,Post Office or large volume customer,95132,GSW,GSW,ok,yes
95153,San Jose,CA,Post Office or large volume customer,95123,GSW,GSW,ok,yes
95154,San Jose,CA,Post Office or large volume customer,95124,GSW,GSW,ok,yes
95155,San Jose,CA,Post Office or large volume customer,95125,GSW,GSW,ok,yes
95156,San Jose,CA,Post Office or large volume customer,95127,GSW,GSW,ok,yes
95157,San Jose,CA,Post Office or large volume customer,95117,GSW,GSW,ok,yes
95158,San Jose,CA,Post Office or large volume customer,95118,GSW,GSW,ok,yes
95159,San Jose,CA,Post Office or large volume customer,95126,GSW,GSW,ok,yes
95160,San Jose,CA,Post Office or large volume customer,95120,GSW,GSW,ok,yes
95161,San Jose,CA,Post Office or large volume customer,95131,GSW,GSW,ok,yes
95164,San Jose,CA,Post Office or large volume customer,95134,GSW,GSW,ok,yes
95170,San Jose,CA,Post Office or large volume customer,95117,GSW,GSW,ok,yes
95172,San Jose,CA,Post Office or large volume customer,95112,GSW,GSW,ok,yes
95173,San Jose,CA,Post Office or large volume customer,95122,GSW,GSW,ok,yes
95190,San Jose,CA,Post Office or large volume customer,95112,GSW,GSW,ok,yes
95191,San Jose,CA,Post Office or large volume customer,95126,GSW,GSW,ok,yes
95192,San Jose,CA,Zip Code Area,95112,GSW,GSW,ok,yes
95193,San Jose,CA,Post Office or large volume customer,95123,GSW,GSW,ok,yes
95194,San Jose,CA,Post Office or large volume customer,95110,GSW,GSW,ok,yes
95196,San Jose,CA,Post Office or large volume customer,95113,GSW,GSW,ok,yes
95201,Stockton,CA,Post Office or large volume customer,95202,SAC,SAC,ok,yes
95208,Stockton,CA,Post Office or large volume customer,95204,SAC,SAC,ok,yes
95213,Stockton,CA,Post Office or large volume customer,95215,SAC,SAC,ok,yes
95214,Stockton,CA,Post Office or large volume customer,95202,SAC,,http 404,
95229,Douglas Flat,CA,Post Office or large volume customer,95247,SAC,SAC,ok,yes
95234,Holt,CA,Post Office or large volume customer,95206,SAC,SAC,ok,yes
95241,Lodi,CA,Post Office or large volume customer,95240,SAC,SAC,ok,yes
95267,Stockton,CA,Post Office or large volume customer,95207,SAC,SAC,ok,yes
95269,Stockton,CA,Post Office or large volume customer,95207,SAC,SAC,ok,yes
95296,Stockton,CA,Post Office or large volume customer,95215,SAC,SAC,ok,yes
95297,Stockton,CA,Post Office or large volume customer,95204,SAC,SAC,ok,yes
95343,Merced,CA,Post Office or large volume customer,95340,GSW|SAC,GSW|SAC,ok,yes
95344,Merced,CA,Post Office or large volume customer,95340,GSW|SAC,GSW|SAC,ok,yes
95347,Moccasin,CA,Post Office or large volume customer,95305,GSW|SAC,GSW|SAC,ok,yes
95352,Modesto,CA,Post Office or large volume customer,95350,GSW|SAC,SAC,ok,no
95353,Modesto,CA,Post Office or large volume customer,95350,GSW|SAC,SAC,ok,no
95373,Standard,CA,Post Office or large volume customer,95370,SAC,GSW|SAC,ok,no
95378,Tracy,CA,Post Office or large volume customer,95376,GSW,,ok,no
95381,Turlock,CA,Post Office or large volume customer,95380,GSW,GSW|SAC,ok,no
95397,Modesto,CA,Post Office or large volume customer,95350,GSW|SAC,SAC,ok,no
95402,Santa Rosa,CA,Post Office or large volume customer,95404,GSW,GSW,ok,yes
95406,Santa Rosa,CA,Post Office or large volume customer,95401,GSW,GSW,ok,yes
95416,Boyes Hot Springs,CA,Post Office or large volume customer,95476,GSW,,http 404,
95418,Calpella,CA,Post Office or large volume customer,95482,GSW|SAC,GSW|SAC,ok,yes
95424,Clearlake Park,CA,Post Office or large volume customer,95422,SAC,SAC,ok,yes
95433,El Verano,CA,Post Office or large volume customer,95476,GSW,,http 404,
95473,Sebastopol,CA,Post Office or large volume customer,95472,GSW,GSW,ok,yes
95481,Talmage,CA,Post Office or large volume customer,95482,GSW|SAC,GSW|SAC,ok,yes
95487,Vineburg,CA,Post Office or large volume customer,95476,GSW,,http 404,
95502,Eureka,CA,Post Office or large volume customer,95501,GSW|SAC,GSW,ok,no
95518,Arcata,CA,Post Office or large volume customer,95521,GSW|SAC,GSW,ok,no
95532,Crescent City,CA,Post Office or large volume customer,95531,GSW,GSW,ok,yes
95534,Cutten,CA,Post Office or large volume customer,95503,GSW|SAC,GSW,ok,no
95609,Carmichael,CA,Post Office or large volume customer,95608,SAC,SAC,ok,yes
95611,Citrus Heights,CA,Post Office or large volume customer,95621,SAC,SAC,ok,yes
95617,Davis,CA,Post Office or large volume customer,95616,SAC,SAC,ok,yes
95644,Kit Carson,CA,Post Office or large volume customer,95666,SAC,SAC,ok,yes
95654,Martell,CA,Post Office or large volume customer,95642,SAC,SAC,ok,yes
95656,Mount Aukum,CA,Post Office or large volume customer,95684,SAC,SAC,ok,yes
95696,Vacaville,CA,Post Office or large volume customer,95688,SAC,SAC,ok,yes
95712,Chicago Park,CA,Post Office or large volume customer,95945,SAC,SAC,ok,yes
95724,Norden,CA,Zip Code Area,95728,SAC,SAC,ok,yes
95741,Rancho Cordova,CA,Post Office or large volume customer,95670,SAC,SAC,ok,yes
95759,Elk Grove,CA,Post Office or large volume customer,95624,SAC,SAC,ok,yes
95763,Folsom,CA,Post Office or large volume customer,95630,SAC,SAC,ok,yes
95798,West Sacramento,CA,Post Office or large volume customer,95691,SAC,SAC,ok,yes
95799,West Sacramento,CA,Post Office or large volume customer,95691,SAC,SAC,ok,yes
95812,Sacramento,CA,Post Office or large volume customer,95814,SAC,SAC,ok,yes
95813,Sacramento,CA,Post Office or large volume customer,95815,SAC,SAC,ok,yes
95836,Sacramento,CA,Zip Code Area,95659,SAC,SAC,ok,yes
95840,Sacramento,CA,Post Office or large volume customer,95811,SAC,SAC,ok,yes
95851,Sacramento,CA,Post Office or large volume customer,95815,SAC,SAC,ok,yes
95852,Sacramento,CA,Post Office or large volume customer,95815,SAC,SAC,ok,yes
95853,Sacramento,CA,Post Office or large volume customer,95815,SAC,SAC,ok,yes
95860,Sacramento,CA,Post Office or large volume customer,95821,SAC,SAC,ok,yes
95865,Sacramento,CA,Post Office or large volume customer,95825,SAC,SAC,ok,yes
95866,Sacramento,CA,Post Office or large volume customer,95825,SAC,SAC,ok,yes
95867,Sacramento,CA,Post Office or large volume customer,95811,SAC,SAC,ok,yes
95894,Sacramento,CA,Post Office or large volume customer,95818,SAC,SAC,ok,yes
95899,Sacramento,CA,Post Office or large volume customer,95691,SAC,SAC,ok,yes
95924,Cedar Ridge,CA,Post Office or large volume customer,95945,SAC,GSW|SAC,ok,no
95927,Chico,CA,Post Office or large volume customer,95926,GSW|SAC,GSW|SAC,ok,yes
95940,Feather Falls,CA,Post Office or large volume customer,95966,SAC,GSW|SAC,ok,no
95967,Paradise,CA,Post Office or large volume customer,95969,GSW|SAC,GSW|SAC,ok,yes
95976,Chico,CA,Post Office or large volume customer,95926,GSW|SAC,GSW|SAC,ok,yes
95980,Storrie,CA,Post Office or large volume customer,95915,GSW|SAC,GSW|SAC,ok,yes
95992,Yuba City,CA,Post Office or large volume customer,95991,SAC,SAC,ok,yes
96049,Redding,CA,Post Office or large volume customer,96002,GSW|SAC,GSW|SAC,ok,yes
96070,OBrien,CA,Post Office or large volume customer,96051,GSW|SAC,GSW|SAC,ok,yes
96079,Shasta Lake,CA,Post Office or large volume customer,96019,GSW|SAC,GSW|SAC,ok,yes
96089,Shasta Lake,CA,Zip Code Area,96019,GSW|SAC,GSW|SAC,ok,yes
96095,Whiskeytown,CA,Post Office or large volume customer,96087,GSW|SAC,GSW|SAC,ok,yes
96099,Redding,CA,Post Office or large volume customer,96001,GSW|SAC,GSW|SAC,ok,yes
96127,Susanville,CA,Post Office or large volume customer,96130,GSW|SAC,GSW|SAC,ok,yes
96151,South Lake Tahoe,CA,Post Office or large volume customer,96150,GSW|SAC,GSW|SAC,ok,yes
96152,South Lake Tahoe,CA,Post Office or large volume customer,96150,GSW|SAC,GSW|SAC,ok,yes
96154,South Lake Tahoe,CA,Post Office or large volume customer,96150,GSW|SAC,GSW|SAC,ok,yes
96156,South Lake Tahoe,CA,Post Office or large volume customer,96150,GSW|SAC,GSW|SAC,ok,yes
96157,South Lake Tahoe,CA,Post Office or large volume customer,96150,GSW|SAC,GSW|SAC,ok,yes
96158,South Lake Tahoe,CA,Post Office or large volume customer,96150,GSW|SAC,GSW|SAC,ok,yes
96160,Truckee,CA,Post Office or large volume customer,96161,GSW|SAC,GSW|SAC,ok,yes
96162,Truckee,CA,Zip Code Area,95728,SAC,GSW|SAC,ok,no
96709,Kapolei,HI,Post Office or large volume customer,96707,LAC|LAL|SAC,LAC|LAL|SAC,ok,yes
96715,Hanamaulu,HI,Post Office or large volume customer,96766,LAC|LAL|SAC,LAC|LAL|SAC,ok,yes
96718,Hawaii National Park,HI,Zip Code Area,96777,LAC|LAL|SAC,LAC|LAL|SAC,ok,yes
96721,Hilo,HI,Post Office or large volume customer,96720,LAC|LAL|SAC,LAC|LAL|SAC,ok,yes
96733,Kahului,HI,Post Office or large volume customer,96732,LAC|LAL|SAC,LAC|LAL|SAC,ok,yes
96739,Keauhou,HI,Post Office or large volume customer,96740,LAC|LAL|SAC,LAC|LAL|SAC,ok,yes
96745,Kailua Kona,HI,Post Office or large volume customer,96740,LAC|LAL|SAC,LAC|LAL|SAC,ok,yes
96767,Lahaina,HI,Post Office or large volume customer,96761,LAC|LAL|SAC,LAC|LAL|SAC,ok,yes
96784,Puunene,HI,Post Office or large volume customer,96732,LAC|LAL|SAC,LAC|LAL|SAC,ok,yes
96788,Pukalani,HI,Post Office or large volume customer,96768,LAC|LAL|SAC,LAC|LAL|SAC,ok,yes
96801,Honolulu,HI,Post Office or large volume customer,96813,LAC|LAL|SAC,LAC|LAL|SAC,ok,yes
96802,Honolulu,HI,Post Office or large volume customer,96813,LAC|LAL|SAC,LAC|LAL|SAC,ok,yes
96803,Honolulu,HI,Post Office or large volume customer,96813,LAC|LAL|SAC,LAC|LAL|SAC,ok,yes
96804,Honolulu,HI,Post Office or large volume customer,96813,LAC|LAL|SAC,LAC|LAL|SAC,ok,yes
96805,Honolulu,HI,Post Office or large volume customer,96813,LAC|LAL|SAC,LAC|LAL|SAC,ok,yes
96806,Honolulu,HI,Post Office or large volume customer,96813,LAC|LAL|SAC,LAC|LAL|SAC,ok,yes
96807,Honolulu,HI,Post Office or large volume customer,96813,LAC|LAL|SAC,LAC|LAL|SAC,ok,yes
96808,Honolulu,HI,Post Office or large volume customer,96813,LAC|LAL|SAC,LAC|LAL|SAC,ok,yes
96809,Honolulu,HI,Post Office or large volume customer,96813,LAC|LAL|SAC,LAC|LAL|SAC,ok,yes
96810,Honolulu,HI,Post Office or large volume customer,96813,LAC|LAL|SAC,LAC|LAL|SAC,ok,yes
96811,Honolulu,HI,Post Office or large volume customer,96813,LAC|LAL|SAC,LAC|LAL|SAC,ok,yes
96812,Honolulu,HI,Post Office or large volume customer,96813,LAC|LAL|SAC,LAC|LAL|SAC,ok,yes
96823,Honolulu,HI,Post Office or large volume customer,96822,LAC|LAL|SAC,LAC|LAL|SAC,ok,yes
96824,Honolulu,HI,Post Office or large volume customer,96821,LAC|LAL|SAC,LAC|LAL|SAC,ok,yes
96828,Honolulu,HI,Post Office or large volume customer,96826,LAC|LAL|SAC,LAC|LAL|SAC,ok,yes
96830,Honolulu,HI,Post Office or large volume customer,96815,LAC|LAL|SAC,LAC|LAL|SAC,ok,yes
96836,Honolulu,HI,Post Office or large volume customer,96815,LAC|LAL|SAC,LAC|LAL|SAC,ok,yes
96837,Honolulu,HI,Post Office or large volume customer,96817,LAC|LAL|SAC,LAC|LAL|SAC,ok,yes
96838,Honolulu,HI,Post Office or large volume customer,96820,LAC|LAL|SAC,LAC|LAL|SAC,ok,yes
96839,Honolulu,HI,Post Office or large volume customer,96822,LAC|LAL|SAC,LAC|LAL|SAC,ok,yes
96840,Honolulu,HI,Post Office or large volume customer,96813,LAC|LAL|SAC,LAC|LAL|SAC,ok,yes
96841,Honolulu,HI,Post Office or large volume customer,96817,LAC|LAL|SAC,LAC|LAL|SAC,ok,yes
96843,Honolulu,HI,Post Office or large volume customer,96813,LAC|LAL|SAC,LAC|LAL|SAC,ok,yes
96844,Honolulu,HI,Zip Code Area,96822,LAC|LAL|SAC,LAC|LAL|SAC,ok,yes
96846,Honolulu,HI,Post Office or large volume customer,96817,LAC|LAL|SAC,LAC|LAL|SAC,ok,yes
96847,Honolulu,HI,Post Office or large volume customer,96814,LAC|LAL|SAC,LAC|LAL|SAC,ok,yes
96849,Honolulu,HI,Post Office or large volume customer,96819,LAC|LAL|SAC,LAC|LAL|SAC,ok,yes
96854,Wheeler Army Airfield,HI,Post Office or large volume customer,96786,LAC|LAL|SAC,LAC|LAL|SAC,ok,yes
96861,Camp H M Smith,HI,Zip Code Area,96701,LAC|LAL|SAC,LAC|LAL|SAC,ok,yes
96898,Wake Island,HI,Post Office or large volume customer,96819,LAC|LAL|SAC,LAC|LAL|SAC,ok,yes
96912,Dededo,GU,Post Office or large volume customer,96929,,,http 404,
96919,Agana Heights,GU,Post Office or large volume customer,96910,,,http 404,
96921,Barrigada,GU,Post Office or large volume customer,96913,,,http 404,
96923,Mangilao,GU,Post Office or large volume customer,96913,,,http 404,
96931,Tamuning,GU,Post Office or large volume customer,96913,,,http 404,
96932,Hagatna,GU,Post Office or large volume customer,96910,,,http 404,
96939,Ngerulmud,PW,Zip Code Area,,,,http 404,
96940,Koror,PW,Post Office or large volume customer,,,,http 404,
96941,Pohnpei,FM,Post Office or large volume customer,,,,http 404,
96942,Chuuk,FM,Post Office or large volume customer,,,,http 404,
96943,Yap,FM,Post Office or large volume customer,,,,http 404,
96944,Kosrae,FM,Post Office or large volume customer,,,,http 404,
96960,Majuro,MH,Post Office or large volume customer,,,,http 404,
96970,Ebeye,MH,Post Office or large volume customer,,,,http 404,
97010,Bridal Veil,OR,Zip Code Area,97014,POR,POR,ok,yes
97036,Marylhurst,OR,Post Office or large volume customer,97034,POR,POR,ok,yes
97044,Odell,OR,Zip Code Area,97031,POR,POR,ok,yes
97075,Beaverton,OR,Post Office or large volume customer,97005,POR,POR,ok,yes
97076,Beaverton,OR,Post Office or large volume customer,97006,POR,POR,ok,yes
97077,Beaverton,OR,Post Office or large volume customer,97005,POR,POR,ok,yes
97079,Beaverton,OR,Post Office or large volume customer,97008,POR,POR,ok,yes
97129,Hillsboro,OR,Post Office or large volume customer,97124,POR,POR,ok,yes
97143,Netarts,OR,Post Office or large volume customer,97141,POR,POR,ok,yes
97207,Portland,OR,Post Office or large volume customer,97201,POR,POR,ok,yes
97228,Portland,OR,Post Office or large volume customer,97208,POR,POR,ok,yes
97238,Portland,OR,Post Office or large volume customer,97218,POR,POR,ok,yes
97240,Portland,OR,Post Office or large volume customer,97204,POR,POR,ok,yes
97242,Portland,OR,Post Office or large volume customer,97202,POR,POR,ok,yes
97250,Portland,OR,Post Office or large volume customer,97220,POR,POR,ok,yes
97251,Portland,OR,Post Office or large volume customer,97230,POR,POR,ok,yes
97252,Portland,OR,Post Office or large volume customer,97220,POR,POR,ok,yes
97253,Portland,OR,Post Office or large volume customer,97220,POR,POR,ok,yes
97254,Portland,OR,Post Office or large volume customer,97218,POR,POR,ok,yes
97256,Portland,OR,Post Office or large volume customer,97232,POR,POR,ok,yes
97268,Portland,OR,Post Office or large volume customer,97267,POR,POR,ok,yes
97269,Portland,OR,Post Office or large volume customer,97222,POR,POR,ok,yes
97280,Portland,OR,Post Office or large volume customer,97219,POR,POR,ok,yes
97281,Portland,OR,Post Office or large volume customer,97223,POR,POR,ok,yes
97282,Portland,OR,Post Office or large volume customer,97202,POR,POR,ok,yes
97283,Portland,OR,Post Office or large volume customer,97203,POR,POR,ok,yes
97286,Portland,OR,Post Office or large volume customer,97206,POR,POR,ok,yes
97290,Portland,OR,Post Office or large volume customer,97266,POR,POR,ok,yes
97291,Portland,OR,Post Office or large volume customer,97229,POR,POR,ok,yes
97292,Portland,OR,Post Office or large volume customer,97216,POR,POR,ok,yes
97293,Portland,OR,Post Office or large volume customer,97214,POR,POR,ok,yes
97294,Portland,OR,Post Office or large volume customer,97230,POR,POR,ok,yes
97296,Portland,OR,Post Office or large volume customer,97210,POR,POR,ok,yes
97298,Portland,OR,Post Office or large volume customer,97225,POR,POR,ok,yes
97307,Keizer,OR,Post Office or large volume customer,97303,POR,POR,ok,yes
97308,Salem,OR,Post Office or large volume customer,97301,POR,POR,ok,yes
97309,Salem,OR,Post Office or large volume customer,97302,POR,POR,ok,yes
97311,Salem,OR,Post Office or large volume customer,97301,POR,POR,ok,yes
97312,Salem,OR,Zip Code Area,97301,POR,POR,ok,yes
97314,Salem,OR,Post Office or large volume customer,97301,POR,POR,ok,yes
97339,Corvallis,OR,Post Office or large volume customer,97333,POR,POR,ok,yes
97407,Allegany,OR,Post Office or large volume customer,97420,GSW|POR|SAC|UTA,GSW|POR|SAC|UTA,ok,yes
97409,Alvadore,OR,Post Office or large volume customer,97448,GSW|POR|SAC|UTA,GSW|POR|SAC|UTA,ok,yes
97440,Eugene,OR,Post Office or large volume customer,97401,GSW|POR|SAC|UTA,GSW|POR|SAC|UTA,ok,yes
97464,Ophir,OR,Post Office or large volume customer,97444,GSW|POR|SAC|UTA,GSW|POR|SAC|UTA,ok,yes
97475,Springfield,OR,Zip Code Area,97477,GSW|POR|SAC|UTA,GSW|POR|SAC,ok,no
97491,Wedderburn,OR,Post Office or large volume customer,97444,GSW|POR|SAC|UTA,GSW|POR|SAC|UTA,ok,yes
97528,Grants Pass,OR,Post Office or large volume customer,97526,GSW|POR|SAC|UTA,GSW|POR|SAC|UTA,ok,yes
97533,Murphy,OR,Zip Code Area,97527,GSW|POR|SAC|UTA,GSW|POR|SAC|UTA,ok,yes
97602,Klamath Falls,OR,Post Office or large volume customer,97603,GSW|POR|SAC|UTA,GSW|POR|SAC|UTA,ok,yes
97708,Bend,OR,Post Office or large volume customer,97701,GSW|POR|SAC|UTA,GSW|POR|SAC|UTA,ok,yes
97861,Mikkalo,OR,Post Office or large volume customer,97812,POR|UTA,POR|UTA,ok,yes
98009,Bellevue,WA,Post Office or large volume customer,98004,POR,POR,ok,yes
98013,Burton,WA,Post Office or large volume customer,98070,POR,POR,ok,yes
98015,Bellevue,WA,Post Office or large volume customer,98006,POR,POR,ok,yes
98035,Kent,WA,Post Office or large volume customer,98032,POR,POR,ok,yes
98041,Bothell,WA,Post Office or large volume customer,98011,POR,POR,ok,yes
98046,Lynnwood,WA,Post Office or large volume customer,98036,POR,POR,ok,yes
98061,Rollingbay,WA,Post Office or large volume customer,98110,POR,POR,ok,yes
98062,Seahurst,WA,Post Office or large volume customer,98166,POR,POR,ok,yes
98063,Federal Way,WA,Post Office or large volume customer,98003,POR,POR,ok,yes
98064,Kent,WA,Post Office or large volume customer,98031,POR,POR,ok,yes
98071,Auburn,WA,Post Office or large volume customer,98001,POR,POR,ok,yes
98073,Redmond,WA,Post Office or large volume customer,98052,POR,POR,ok,yes
98082,Mill Creek,WA,Post Office or large volume customer,98012,POR,POR,ok,yes
98083,Kirkland,WA,Post Office or large volume customer,98033,POR,POR,ok,yes
98089,Kent,WA,Post Office or large volume customer,98032,POR,POR,ok,yes
98093,Federal Way,WA,Post Office or large volume customer,98023,POR,POR,ok,yes
98111,Seattle,WA,Post Office or large volume customer,98101,POR,POR,ok,yes
98113,Seattle,WA,Post Office or large volume customer,98103,POR,POR,ok,yes
98114,Seattle,WA,Post Office or large volume customer,98104,POR,POR,ok,yes
98124,Seattle,WA,Post Office or large volume customer,98134,POR,POR,ok,yes
98127,Seattle,WA,Post Office or large volume customer,98107,POR,POR,ok,yes
98129,Seattle,WA,Post Office or large volume customer,98109,POR,POR,ok,yes
98131,Seattle,WA,Post Office or large volume customer,98168,POR,POR,ok,yes
98138,Seattle,WA,Post Office or large volume customer,98188,POR,POR,ok,yes
98139,Seattle,WA,Post Office or large volume customer,98199,POR,POR,ok,yes
98141,Seattle,WA,Post Office or large volume customer,98101,POR,POR,ok,yes
98145,Seattle,WA,Post Office or large volume customer,98105,POR,POR,ok,yes
98160,Seattle,WA,Post Office or large volume customer,98177,POR,POR,ok,yes
98161,Seattle,WA,Post Office or large volume customer,98101,POR,POR,ok,yes
98165,Seattle,WA,Post Office or large volume customer,98125,POR,POR,ok,yes
98170,Seattle,WA,Post Office or large volume customer,98101,POR,POR,ok,yes
98175,Seattle,WA,Post Office or large volume customer,98125,POR,POR,ok,yes
98181,Seattle,WA,Post Office or large volume customer,98101,POR,POR,ok,yes
98185,Seattle,WA,Post Office or large volume customer,98154,POR,POR,ok,yes
98190,Seattle,WA,Post Office or large volume customer,98168,POR,POR,ok,yes
98191,Seattle,WA,Post Office or large volume customer,98101,POR,POR,ok,yes
98194,Seattle,WA,Post Office or large volume customer,98104,POR,POR,ok,yes
98206,Everett,WA,Post Office or large volume customer,98201,POR,POR,ok,yes
98213,Everett,WA,Post Office or large volume customer,98201,POR,POR,ok,yes
98227,Bellingham,WA,Post Office or large volume customer,98225,POR,POR,ok,yes
98228,Bellingham,WA,Post Office or large volume customer,98226,POR,POR,ok,yes
98231,Blaine,WA,Post Office or large volume customer,98230,POR,POR,ok,yes
98259,North Lakewood,WA,Post Office or large volume customer,98271,POR,POR,ok,yes
98287,Silvana,WA,Post Office or large volume customer,98292,POR,POR,ok,yes
98291,Snohomish,WA,Post Office or large volume customer,98290,POR,POR,ok,yes
98293,Startup,WA,Post Office or large volume customer,98294,POR,POR,ok,yes
98322,Burley,WA,Post Office or large volume customer,98367,POR,POR,ok,yes
98324,Carlsborg,WA,Post Office or large volume customer,98382,POR,POR,ok,yes
98343,Joyce,WA,Post Office or large volume customer,98363,POR,POR,ok,yes
98344,Kapowsin,WA,Post Office or large volume customer,98338,POR,POR,ok,yes
98348,La Grande,WA,Post Office or large volume customer,98328,POR,POR,ok,yes
98352,Sumner,WA,Post Office or large volume customer,98390,POR,POR,ok,yes
98378,Retsil,WA,Post Office or large volume customer,98366,POR,POR,ok,yes
98384,South Colby,WA,Post Office or large volume customer,98366,POR,POR,ok,yes
98386,Southworth,WA,Post Office or large volume customer,98366,POR,POR,ok,yes
98393,Tracyton,WA,Post Office or large volume customer,98311,POR,POR,ok,yes
98395,Wauna,WA,Post Office or large volume customer,98329,POR,POR,ok,yes
98397,Longmire,WA,Post Office or large volume customer,98304,POR,POR,ok,yes
98398,Paradise Inn,WA,Post Office or large volume customer,98304,POR,POR,ok,yes
98401,Tacoma,WA,Post Office or large volume customer,98402,POR,POR,ok,yes
98411,Tacoma,WA,Post Office or large volume customer,98409,POR,POR,ok,yes
98412,Tacoma,WA,Post Office or large volume customer,98444,POR,POR,ok,yes
98413,Tacoma,WA,Post Office or large volume customer,98409,POR,POR,ok,yes
98415,Tacoma,WA,Post Office or large volume customer,98405,POR,POR,ok,yes
98417,Tacoma,WA,Post Office or large volume customer,98407,POR,POR,ok,yes
98419,Tacoma,WA,Post Office or large volume customer,98418,POR,POR,ok,yes
98431,Tacoma,WA,Post Office or large volume customer,98433,POR,POR,ok,yes
98448,Tacoma,WA,Post Office or large volume customer,98444,POR,POR,ok,yes
98464,Tacoma,WA,Post Office or large volume customer,98466,POR,POR,ok,yes
98471,Tacoma,WA,Post Office or large volume customer,98405,POR,POR,ok,yes
98481,Tacoma,WA,Post Office or large volume customer,98409,POR,POR,ok,yes
98490,Tacoma,WA,Post Office or large volume customer,98409,POR,POR,ok,yes
98493,Tacoma,WA,Post Office or large volume customer,98498,POR,POR,ok,yes
98496,Lakewood,WA,Post Office or large volume customer,98499,POR,POR,ok,yes
98497,Lakewood,WA,Post Office or large volume customer,98498,POR,POR,ok,yes
98504,Olympia,WA,Post Office or large volume customer,98501,POR,POR,ok,yes
98507,Olympia,WA,Post Office or large volume customer,98501,POR,POR,ok,yes
98508,Olympia,WA,Post Office or large volume customer,98502,POR,POR,ok,yes
98509,Lacey,WA,Post Office or large volume customer,98503,POR,POR,ok,yes
98511,Tumwater,WA,Post Office or large volume customer,98501,POR,POR,ok,yes
98522,Adna,WA,Post Office or large volume customer,98532,POR,POR,ok,yes
98540,East Olympia,WA,Post Office or large volume customer,98501,POR,POR,ok,yes
98554,Lebam,WA,Post Office or large volume customer,98577,POR,POR,ok,yes
98561,Menlo,WA,Post Office or large volume customer,98577,POR,POR,ok,yes
98599,Olympia,WA,Post Office or large volume customer,98501,POR,POR,ok,yes
98622,Heisson,WA,Post Office or large volume customer,98604,POR,POR,ok,yes
98637,Nahcotta,WA,Post Office or large volume customer,98640,POR,POR,ok,yes
98666,Vancouver,WA,Post Office or large volume customer,98660,POR,POR,ok,yes
98668,Vancouver,WA,Post Office or large volume customer,98661,POR,POR,ok,yes
98687,Vancouver,WA,Post Office or large volume customer,98684,POR,POR,ok,yes
98807,Wenatchee,WA,Post Office or large volume customer,98801,POR|UTA,POR|UTA,ok,yes
98904,Yakima,WA,Post Office or large volume customer,98908,POR|UTA,POR|UTA,ok,yes
98907,Yakima,WA,Post Office or large volume customer,98901,POR|UTA,POR|UTA,ok,yes
98909,Yakima,WA,Post Office or large volume customer,98903,POR|UTA,POR|UTA,ok,yes
98920,Brownstown,WA,Post Office or large volume customer,98933,POR|UTA,POR|SAC|UTA,ok,no
99104,Belmont,WA,Post Office or large volume customer,99158,POR|UTA,POR|UTA,ok,yes
99164,Pullman,WA,Zip Code Area,99163,POR|UTA,POR|UTA,ok,yes
99209,Spokane,WA,Post Office or large volume customer,99205,POR|UTA,POR|UTA,ok,yes
99210,Spokane,WA,Post Office or large volume customer,99201,POR|UTA,POR|UTA,ok,yes
99211,Spokane,WA,Post Office or large volume customer,99212,POR|UTA,POR|UTA,ok,yes
99213,Spokane,WA,Post Office or large volume customer,99212,POR|UTA,POR|UTA,ok,yes
99214,Spokane,WA,Post Office or large volume customer,99206,POR|UTA,POR|UTA,ok,yes
99215,Spokane,WA,Post Office or large volume customer,99216,POR|UTA,POR|UTA,ok,yes
99219,Spokane,WA,Post Office or large volume customer,99224,POR|UTA,POR|UTA,ok,yes
99220,Spokane,WA,Post Office or large volume customer,99202,POR|UTA,POR|UTA,ok,yes
99228,Spokane,WA,Post Office or large volume customer,99205,POR|UTA,POR|UTA,ok,yes
99252,Spokane,WA,Post Office or large volume customer,99207,POR|UTA,POR|UTA,ok,yes
99256,Spokane,WA,Post Office or large volume customer,99201,POR|UTA,POR|UTA,ok,yes
99260,Spokane,WA,Post Office or large volume customer,99201,POR|UTA,POR|UTA,ok,yes
99302,Pasco,WA,Post Office or large volume customer,99301,POR|UTA,POR|UTA,ok,yes
99509,Anchorage,AK,Post Office or large volume customer,99517,,,ok,yes
99510,Anchorage,AK,Post Office or large volume customer,99501,,,ok,yes
99511,Anchorage,AK,Post Office or large volume customer,99515,,,ok,yes
99514,Anchorage,AK,Post Office or large volume customer,99508,,,http 404,
99520,Anchorage,AK,Post Office or large volume customer,99501,,,ok,yes
99521,Anchorage,AK,Post Office or large volume customer,99504,,,http 404,
99522,Anchorage,AK,Post Office or large volume customer,99502,,,ok,yes
99523,Anchorage,AK,Post Office or large volume customer,99507,,,ok,yes
99524,Anchorage,AK,Post Office or large volume customer,99503,,,ok,yes
99529,Anchorage,AK,Post Office or large volume customer,99530,,,http 404,
99545,Kongiganak,AK,Post Office or large volume customer,99559,,,http 404,
99599,Anchorage,AK,Post Office or large volume customer,99503,,,ok,yes
99619,Kodiak,AK,Post Office or large volume customer,99615,,,ok,yes
99629,Wasilla,AK,Post Office or large volume customer,99654,,,http 404,
99687,Wasilla,AK,Post Office or large volume customer,99654,,,ok,yes
99697,Kodiak,AK,Post Office or large volume customer,99615,,,ok,yes
99708,Fairbanks,AK,Post Office or large volume customer,99709,,,ok,yes
99710,Fairbanks,AK,Post Office or large volume customer,99712,,,http 404,
99711,Fairbanks,AK,Post Office or large volume customer,99705,,,http 404,
99716,Two Rivers,AK,Post Office or large volume customer,99709,,,http 404,
99731,Fort Greely,AK,Post Office or large volume customer,99737,,,ok,yes
99802,Juneau,AK,Post Office or large volume customer,99801,,,ok,yes
99803,Juneau,AK,Post Office or large volume customer,99801,,,ok,yes
99811,Juneau,AK,Post Office or large volume customer,99801,,,ok,yes
99812,Juneau,AK,Post Office or large volume customer,99801,,,http 404,
99821,Auke Bay,AK,Post Office or large volume customer,99801,,,http 404,
99928,Ward Cove,AK,Post Office or large volume customer,99901,,,ok,yes
99950,Ketchikan,AK,Zip Code Area,99921,,,ok,yes
