zip,population,acs_year
00601,16669,2024
00602,37233,2024
00603,48448,2024
00606,5163,2024
00610,25357,2024
00611,1383,2024
00612,62908,2024
00616,9717,2024
00617,22584,2024
00622,7664,2024
00623,39212,2024
00624,21148,2024
00627,32734,2024
00631,1321,2024
00636,968,2024
00637,22909,2024
00638,17319,2024
00641,23831,2024
00646,35998,2024
00647,4369,2024
00650,13200,2024
00652,4504,2024
00653,8495,2024
00656,17398,2024
00659,37327,2024
00660,15405,2024
00662,41090,2024
00664,14807,2024
00667,22792,2024
00669,27417,2024
00670,8512,2024
00674,39093,2024
00676,36972,2024
00677,15483,2024
00678,24595,2024
00680,42689,2024
00682,28977,2024
00683,29490,2024
00685,39988,2024
00687,28397,2024
00688,10028,2024
00690,5870,2024
00692,32802,2024
00693,55387,2024
00694,125,2024
00698,32535,2024
00703,24263,2024
00704,6256,2024
00705,24471,2024
00707,10319,2024
00714,15341,2024
00715,2082,2024
00716,27945,2024
00717,14577,2024
00718,23026,2024
00719,29932,2024
00720,21037,2024
00723,15643,2024
00725,73462,2024
00727,55191,2024
00728,36532,2024
00729,47067,2024
00730,31081,2024
00731,9724,2024
00735,10949,2024
00736,45306,2024
00738,29980,2024
00739,34578,2024
00740,1583,2024
00741,3716,2024
00745,46739,2024
00751,19343,2024
00754,36728,2024
00757,19853,2024
00765,8078,2024
00766,21572,2024
00767,29962,2024
00769,33602,2024
00771,35094,2024
00772,16829,2024
00773,17532,2024
00775,1387,2024
00777,37446,2024
00778,40203,2024
00780,13446,2024
00782,18128,2024
00783,34259,2024
00784,34981,2024
00786,165,2024
00791,45455,2024
00794,28668,2024
00795,43367,2024
00901,6398,2024
00906,49,2024
00907,15817,2024
00909,5633,2024
00911,7297,2024
00912,5845,2024
00913,6943,2024
00915,24607,2024
00917,17116,2024
00918,16172,2024
00920,15900,2024
00921,33119,2024
00923,24551,2024
00924,49922,2024
00925,4882,2024
00926,92284,2024
00927,13868,2024
00934,38,2024
00949,65867,2024
00950,0,2024
00951,389,2024
00952,8165,2024
00953,66156,2024
00956,66734,2024
00957,40194,2024
00959,46260,2024
00960,3025,2024
00961,28888,2024
00962,18947,2024
00965,5848,2024
00966,18791,2024
00968,3633,2024
00969,42231,2024
00971,24367,2024
00976,60620,2024
00979,14776,2024
00982,14050,2024
00983,31472,2024
00985,30497,2024
00987,55747,2024
01001,16234,2024
01002,26370,2024
01003,13510,2024
01005,5204,2024
01007,15419,2024
01008,1327,2024
01009,804,2024
01010,3705,2024
01011,1175,2024
01012,397,2024
01013,23284,2024
01020,30167,2024
01022,1844,2024
01026,1014,2024
01027,17716,2024
01028,16321,2024
01029,539,2024
01030,12305,2024
01031,1676,2024
01032,509,2024
01033,6080,2024
01034,2332,2024
01035,5306,2024
01036,4946,2024
01037,572,2024
01038,2491,2024
01039,1506,2024
01040,37813,2024
01050,2529,2024
01053,2304,2024
01054,1608,2024
01056,20904,2024
01057,8176,2024
01060,16492,2024
01062,9816,2024
01063,2272,2024
01066,115,2024
01068,1639,2024
01069,8821,2024
01070,575,2024
01071,1054,2024
01072,1521,2024
01073,6230,2024
01074,368,2024
01075,17754,2024
01077,9217,2024
01079,438,2024
01080,2454,2024
01081,1747,2024
01082,10392,2024
01083,2858,2024
01084,97,2024
01085,41102,2024
01088,702,2024
01089,28772,2024
01092,1200,2024
01093,225,2024
01094,52,2024
01095,14618,2024
01096,2580,2024
01097,143,2024
01098,979,2024
01103,2477,2024
01104,23209,2024
01105,11843,2024
01106,15853,2024
01107,12009,2024
01108,27405,2024
01109,31124,2024
01118,14839,2024
01119,13616,2024
01128,2896,2024
01129,5672,2024
01144,0,2024
01151,9606,2024
01201,44848,2024
01220,8074,2024
01222,664,2024
01223,2495,2024
01224,228,2024
01225,3216,2024
01226,6256,2024
01229,263,2024
01230,8826,2024
01235,2489,2024
01236,1458,2024
01237,2302,2024
01238,5944,2024
01240,5111,2024
01242,29,2024
01243,173,2024
01244,271,2024
01245,692,2024
01247,14794,2024
01253,936,2024
01254,1036,2024
01255,994,2024
01256,795,2024
01257,2348,2024
01258,193,2024
01259,688,2024
01260,20,2024
01262,1778,2024
01264,188,2024
01266,1000,2024
01267,9633,2024
01270,1036,2024
01301,17876,2024
01330,1704,2024
01331,13922,2024
01337,2589,2024
01338,95,2024
01339,1313,2024
01340,1759,2024
01341,1622,2024
01342,1267,2024
01343,147,2024
01344,1703,2024
01346,454,2024
01347,165,2024
01349,741,2024
01350,122,2024
01351,2636,2024
01354,1740,2024
01355,958,2024
01360,2872,2024
01364,7658,2024
01366,1185,2024
01367,563,2024
01368,1455,2024
01370,3878,2024
01373,4860,2024
01375,3641,2024
01376,4976,2024
01378,776,2024
01379,778,2024
01380,36,2024
01420,41839,2024
01430,6481,2024
01431,3211,2024
01432,8521,2024
01434,1564,2024
01436,3720,2024
01438,330,2024
01440,21276,2024
01450,11356,2024
01451,5487,2024
01452,4371,2024
01453,43851,2024
01460,10280,2024
01462,11919,2024
01463,11697,2024
01464,6976,2024
01468,4183,2024
01469,6820,2024
01473,8374,2024
01474,2280,2024
01475,10265,2024
01501,16877,2024
01503,3378,2024
01504,9255,2024
01505,4948,2024
01506,3460,2024
01507,13435,2024
01510,15563,2024
01515,2166,2024
01516,9376,2024
01518,2598,2024
01519,8058,2024
01520,16912,2024
01521,2583,2024
01522,3152,2024
01523,8606,2024
01524,6327,2024
01525,0,2024
01527,13961,2024
01529,3160,2024
01531,973,2024
01532,15750,2024
01534,6230,2024
01535,4760,2024
01536,6860,2024
01537,2278,2024
01540,10979,2024
01541,3529,2024
01542,2615,2024
01543,9353,2024
01545,38876,2024
01550,17928,2024
01560,4984,2024
01561,0,2024
01562,12008,2024
01564,8183,2024
01566,7362,2024
01568,8011,2024
01569,14304,2024
01570,17748,2024
01571,11929,2024
01581,21944,2024
01583,7606,2024
01585,4810,2024
01588,10258,2024
01590,9422,2024
01602,27092,2024
01603,20868,2024
01604,39812,2024
01605,30579,2024
01606,22844,2024
01607,8706,2024
01608,4932,2024
01609,22047,2024
01610,30444,2024
01611,2299,2024
01612,5002,2024
01701,32618,2024
01702,39789,2024
01718,404,2024
01719,5496,2024
01720,23526,2024
01721,18873,2024
01730,14707,2024
01731,2110,2024
01740,5737,2024
01741,5239,2024
01742,18448,2024
01745,586,2024
01746,15094,2024
01747,6027,2024
01748,19358,2024
01749,20077,2024
01752,41647,2024
01754,10712,2024
01756,6325,2024
01757,30609,2024
01760,36782,2024
01770,4427,2024
01772,9907,2024
01773,4891,2024
01775,7165,2024
01776,19270,2024
01778,14033,2024
01801,41939,2024
01803,26274,2024
01810,35648,2024
01821,30143,2024
01824,26650,2024
01826,32629,2024
01827,3408,2024
01830,26530,2024
01832,26386,2024
01833,8432,2024
01834,6777,2024
01835,14782,2024
01840,8522,2024
01841,52769,2024
01843,27445,2024
01844,53420,2024
01845,32494,2024
01850,17740,2024
01851,33403,2024
01852,37144,2024
01854,30081,2024
01860,6748,2024
01862,12129,2024
01863,9796,2024
01864,15765,2024
01867,25612,2024
01876,31004,2024
01879,12550,2024
01880,27793,2024
01886,24690,2024
01887,23336,2024
01890,23406,2024
01901,2419,2024
01902,50066,2024
01904,21003,2024
01905,28221,2024
01906,28773,2024
01907,15277,2024
01908,3325,2024
01913,17403,2024
01915,41994,2024
01921,8250,2024
01922,3450,2024
01923,27991,2024
01929,3621,2024
01930,30075,2024
01937,107,2024
01938,13930,2024
01940,13285,2024
01944,5403,2024
01945,20470,2024
01949,9816,2024
01950,18652,2024
01951,3327,2024
01952,9281,2024
01960,54474,2024
01965,671,2024
01966,7009,2024
01969,6251,2024
01970,44738,2024
01982,7680,2024
01983,6564,2024
01984,4929,2024
01985,4591,2024
02019,17410,2024
02021,24748,2024
02025,8427,2024
02026,25237,2024
02030,5930,2024
02032,4992,2024
02035,18615,2024
02038,33154,2024
02043,24283,2024
02045,10138,2024
02047,182,2024
02048,23931,2024
02050,25963,2024
02052,13068,2024
02053,13436,2024
02054,8888,2024
02056,11673,2024
02061,11361,2024
02062,31542,2024
02066,19099,2024
02067,18538,2024
02071,2089,2024
02072,29225,2024
02081,19343,2024
02090,16318,2024
02093,12297,2024
02108,3794,2024
02109,3612,2024
02110,2342,2024
02111,8407,2024
02113,6385,2024
02114,14418,2024
02115,29705,2024
02116,21978,2024
02118,28946,2024
02119,27377,2024
02120,15283,2024
02121,29040,2024
02122,23479,2024
02124,56216,2024
02125,33662,2024
02126,26583,2024
02127,36769,2024
02128,43345,2024
02129,20032,2024
02130,40055,2024
02131,31151,2024
02132,26444,2024
02133,62,2024
02134,17667,2024
02135,43149,2024
02136,37265,2024
02138,38509,2024
02139,40033,2024
02140,21204,2024
02141,14517,2024
02142,4737,2024
02143,25513,2024
02144,25448,2024
02145,27495,2024
02148,65906,2024
02149,50045,2024
02150,39908,2024
02151,60012,2024
02152,18759,2024
02155,61730,2024
02163,1817,2024
02169,62993,2024
02170,18809,2024
02171,20164,2024
02176,29650,2024
02180,23355,2024
02184,38899,2024
02186,28735,2024
02188,16179,2024
02189,14450,2024
02190,19695,2024
02191,8181,2024
02199,1292,2024
02203,0,2024
02205,0,2024
02210,6971,2024
02215,24581,2024
02301,68969,2024
02302,36417,2024
02322,4774,2024
02324,25704,2024
02325,2822,2024
02330,11712,2024
02332,16185,2024
02333,14401,2024
02338,7748,2024
02339,14845,2024
02341,10542,2024
02343,11346,2024
02346,24505,2024
02347,11944,2024
02350,118,2024
02351,17053,2024
02356,12475,2024
02357,1566,2024
02359,18382,2024
02360,63689,2024
02364,14027,2024
02366,264,2024
02367,2935,2024
02368,34912,2024
02370,17701,2024
02375,11275,2024
02379,7708,2024
02382,15295,2024
02420,16215,2024
02421,18080,2024
02445,22560,2024
02446,31310,2024
02451,17393,2024
02452,15808,2024
02453,31591,2024
02457,1881,2024
02458,13050,2024
02459,18449,2024
02460,10099,2024
02461,6975,2024
02462,1470,2024
02464,3833,2024
02465,11697,2024
02466,8679,2024
02467,23001,2024
02468,5773,2024
02472,35620,2024
02474,28642,2024
02476,17708,2024
02478,27175,2024
02481,17415,2024
02482,11051,2024
02492,21424,2024
02493,11579,2024
02494,11035,2024
02532,13267,2024
02534,1369,2024
02535,2244,2024
02536,21328,2024
02537,6383,2024
02538,4074,2024
02539,5278,2024
02540,8104,2024
02542,882,2024
02543,747,2024
02553,30,2024
02554,14212,2024
02556,2868,2024
02557,1250,2024
02558,1734,2024
02559,2802,2024
02561,670,2024
02562,3402,2024
02563,10436,2024
02564,255,2024
02568,9412,2024
02571,11258,2024
02575,2718,2024
02576,4168,2024
02584,16,2024
02601,16071,2024
02630,2371,2024
02631,10061,2024
02632,11685,2024
02633,4512,2024
02635,3577,2024
02637,227,2024
02638,3253,2024
02639,3808,2024
02641,316,2024
02642,5811,2024
02643,0,2024
02644,3700,2024
02645,11288,2024
02646,1846,2024
02647,209,2024
02648,7968,2024
02649,15384,2024
02650,1032,2024
02652,845,2024
02653,6443,2024
02655,4024,2024
02657,3703,2024
02659,1137,2024
02660,6381,2024
02663,443,2024
02664,9949,2024
02666,863,2024
02667,3961,2024
02668,2820,2024
02670,1087,2024
02671,818,2024
02672,0,2024
02673,8594,2024
02675,7297,2024
02702,4488,2024
02703,46713,2024
02713,23,2024
02715,3757,2024
02717,4797,2024
02718,6878,2024
02719,15903,2024
02720,30940,2024
02721,26521,2024
02723,17067,2024
02724,18505,2024
02725,2257,2024
02726,16041,2024
02738,5310,2024
02739,6634,2024
02740,46281,2024
02743,10519,2024
02744,12716,2024
02745,24519,2024
02746,17531,2024
02747,22445,2024
02748,11281,2024
02760,29177,2024
02762,9943,2024
02763,1807,2024
02764,4436,2024
02766,19240,2024
02767,15599,2024
02769,13022,2024
02770,5809,2024
02771,15694,2024
02777,17359,2024
02779,6829,2024
02780,53461,2024
02790,16901,2024
02791,290,2024
02802,677,2024
02804,2609,2024
02806,17126,2024
02807,777,2024
02808,2657,2024
02809,22220,2024
02812,1479,2024
02813,8051,2024
02814,7587,2024
02815,161,2024
02816,33298,2024
02817,6647,2024
02818,19786,2024
02822,6539,2024
02823,59,2024
02824,448,2024
02825,6107,2024
02826,831,2024
02827,2469,2024
02828,7023,2024
02829,51,2024
02830,6637,2024
02831,3483,2024
02832,4998,2024
02833,499,2024
02835,5534,2024
02836,104,2024
02837,3584,2024
02838,3740,2024
02839,1525,2024
02840,23448,2024
02841,1426,2024
02842,16832,2024
02852,23406,2024
02857,8262,2024
02858,738,2024
02859,7018,2024
02860,47818,2024
02861,28124,2024
02863,22701,2024
02864,36820,2024
02865,18447,2024
02871,17488,2024
02872,156,2024
02873,124,2024
02874,6379,2024
02875,44,2024
02876,355,2024
02878,16189,2024
02879,21802,2024
02881,7687,2024
02882,13091,2024
02885,11144,2024
02886,31293,2024
02888,19134,2024
02889,27516,2024
02891,21587,2024
02892,5768,2024
02893,31173,2024
02894,831,2024
02895,43521,2024
02896,11583,2024
02898,1912,2024
02903,11836,2024
02904,32531,2024
02905,25012,2024
02906,26380,2024
02907,31461,2024
02908,39500,2024
02909,46014,2024
02910,23499,2024
02911,15653,2024
02912,4836,2024
02914,21834,2024
02915,16752,2024
02916,8695,2024
02917,15293,2024
02918,2925,2024
02919,29802,2024
02920,37155,2024
02921,12149,2024
03031,11849,2024
03032,6119,2024
03033,5736,2024
03034,4352,2024
03036,5300,2024
03037,4714,2024
03038,34474,2024
03042,7430,2024
03043,1398,2024
03044,4831,2024
03045,14080,2024
03046,3097,2024
03047,1730,2024
03048,3237,2024
03049,8603,2024
03051,25557,2024
03052,8499,2024
03053,26327,2024
03054,28176,2024
03055,16337,2024
03057,2709,2024
03060,31657,2024
03062,29441,2024
03063,15805,2024
03064,14391,2024
03070,6177,2024
03071,5310,2024
03076,14449,2024
03077,10900,2024
03079,30964,2024
03082,1531,2024
03084,1363,2024
03086,4258,2024
03087,16038,2024
03101,3201,2024
03102,33959,2024
03103,37775,2024
03104,35237,2024
03106,15032,2024
03109,9929,2024
03110,23746,2024
03215,290,2024
03216,2046,2024
03217,2183,2024
03218,1160,2024
03220,7393,2024
03221,2200,2024
03222,6097,2024
03223,3441,2024
03224,2392,2024
03225,3834,2024
03226,1005,2024
03227,1388,2024
03229,6046,2024
03230,1451,2024
03231,89,2024
03233,156,2024
03234,4939,2024
03235,8903,2024
03237,2575,2024
03238,64,2024
03240,1354,2024
03241,1150,2024
03242,6197,2024
03243,952,2024
03244,8156,2024
03245,1917,2024
03246,17103,2024
03249,7830,2024
03251,1461,2024
03253,6707,2024
03254,5172,2024
03255,2015,2024
03256,2497,2024
03257,4484,2024
03258,2721,2024
03259,252,2024
03260,976,2024
03261,4688,2024
03262,1142,2024
03263,4105,2024
03264,6885,2024
03266,2130,2024
03268,1468,2024
03269,3066,2024
03273,361,2024
03275,12205,2024
03276,9015,2024
03278,3079,2024
03279,878,2024
03280,1224,2024
03281,9170,2024
03282,1052,2024
03284,890,2024
03285,2799,2024
03287,1487,2024
03290,5357,2024
03291,0,2024
03293,72,2024
03301,33995,2024
03303,16571,2024
03304,8335,2024
03307,5724,2024
03431,25065,2024
03440,2661,2024
03441,593,2024
03442,1588,2024
03443,581,2024
03444,1666,2024
03445,687,2024
03446,6588,2024
03447,2278,2024
03448,716,2024
03449,1838,2024
03450,885,2024
03451,3997,2024
03452,5448,2024
03455,2242,2024
03456,855,2024
03457,802,2024
03458,6872,2024
03461,6497,2024
03462,1726,2024
03464,902,2024
03465,2005,2024
03466,1315,2024
03467,2237,2024
03470,4933,2024
03561,6040,2024
03570,9383,2024
03574,2573,2024
03575,11,2024
03576,2764,2024
03579,431,2024
03580,1402,2024
03581,3246,2024
03582,1949,2024
03583,1013,2024
03584,3501,2024
03585,2456,2024
03586,658,2024
03588,1633,2024
03590,1297,2024
03592,1054,2024
03593,465,2024
03595,648,2024
03597,527,2024
03598,3396,2024
03601,382,2024
03602,2381,2024
03603,5238,2024
03604,0,2024
03605,907,2024
03607,368,2024
03608,3167,2024
03609,523,2024
03740,1097,2024
03741,4131,2024
03743,13704,2024
03745,1816,2024
03748,4563,2024
03750,1116,2024
03751,397,2024
03752,1042,2024
03753,3509,2024
03755,10569,2024
03765,513,2024
03766,11195,2024
03768,1710,2024
03770,604,2024
03771,786,2024
03773,7681,2024
03774,1420,2024
03777,1295,2024
03779,868,2024
03780,1071,2024
03781,1918,2024
03782,3122,2024
03784,3804,2024
03785,2018,2024
03801,23484,2024
03809,3680,2024
03810,2314,2024
03811,7267,2024
03812,1116,2024
03813,4273,2024
03814,2324,2024
03816,1538,2024
03817,1066,2024
03818,3805,2024
03819,4471,2024
03820,33440,2024
03823,2203,2024
03824,15080,2024
03825,9489,2024
03826,2654,2024
03827,3279,2024
03830,1381,2024
03832,501,2024
03833,22817,2024
03835,6804,2024
03836,1494,2024
03837,1451,2024
03838,983,2024
03839,4279,2024
03840,4106,2024
03841,6508,2024
03842,16324,2024
03844,2370,2024
03845,1173,2024
03846,897,2024
03847,87,2024
03848,6275,2024
03849,1465,2024
03850,324,2024
03851,4333,2024
03852,205,2024
03853,656,2024
03854,827,2024
03855,2748,2024
03856,2023,2024
03857,9463,2024
03858,4836,2024
03860,3693,2024
03861,4576,2024
03862,4610,2024
03864,2131,2024
03865,7861,2024
03867,22732,2024
03868,6133,2024
03869,2456,2024
03870,5188,2024
03871,356,2024
03872,4438,2024
03873,6628,2024
03874,8487,2024
03875,1005,2024
03878,12205,2024
03882,1912,2024
03883,233,2024
03884,4306,2024
03885,7754,2024
03886,1618,2024
03887,1739,2024
03890,164,2024
03894,6554,2024
03897,8,2024
03901,8175,2024
03902,2665,2024
03903,7146,2024
03904,8389,2024
03905,2084,2024
03906,5368,2024
03907,1379,2024
03908,7431,2024
03909,10943,2024
03910,15,2024
03911,363,2024
04001,2721,2024
04002,7737,2024
04003,183,2024
04005,24772,2024
04006,39,2024
04008,3142,2024
04009,5478,2024
04010,1830,2024
04011,22336,2024
04015,3696,2024
04017,555,2024
04019,93,2024
04020,1803,2024
04021,6990,2024
04022,1054,2024
04024,356,2024
04027,6629,2024
04029,2086,2024
04030,2731,2024
04032,8802,2024
04037,4024,2024
04038,18300,2024
04039,8102,2024
04040,3050,2024
04041,1748,2024
04042,4872,2024
04043,11820,2024
04046,8102,2024
04047,1715,2024
04048,3400,2024
04049,4017,2024
04050,249,2024
04051,1353,2024
04055,3985,2024
04056,100,2024
04057,164,2024
04061,3074,2024
04062,19188,2024
04063,612,2024
04064,8632,2024
04066,837,2024
04068,1746,2024
04069,1696,2024
04071,4971,2024
04072,20819,2024
04073,17414,2024
04074,23076,2024
04076,2976,2024
04079,4026,2024
04083,4833,2024
04084,7900,2024
04085,2762,2024
04086,9706,2024
04087,2250,2024
04088,1269,2024
04090,11713,2024
04091,801,2024
04092,20775,2024
04093,8512,2024
04095,1480,2024
04096,9053,2024
04097,4240,2024
04101,18431,2024
04102,17267,2024
04103,32024,2024
04105,12755,2024
04106,27019,2024
04107,9656,2024
04108,826,2024
04109,213,2024
04110,1657,2024
04210,24602,2024
04216,578,2024
04217,3387,2024
04219,1399,2024
04220,3717,2024
04221,1191,2024
04222,4262,2024
04224,3110,2024
04226,101,2024
04227,35,2024
04231,271,2024
04234,0,2024
04236,4417,2024
04237,276,2024
04238,1105,2024
04239,4657,2024
04240,38324,2024
04250,4782,2024
04252,4968,2024
04253,1868,2024
04254,3102,2024
04255,759,2024
04256,3134,2024
04257,2782,2024
04258,2794,2024
04259,3610,2024
04260,5766,2024
04261,268,2024
04263,2285,2024
04265,552,2024
04267,26,2024
04268,5228,2024
04270,6284,2024
04271,0,2024
04274,5954,2024
04275,526,2024
04276,5942,2024
04280,7040,2024
04281,5317,2024
04282,5891,2024
04284,1101,2024
04285,459,2024
04286,0,2024
04287,3188,2024
04289,1808,2024
04290,1501,2024
04292,845,2024
04294,3982,2024
04330,26690,2024
04341,42,2024
04342,1645,2024
04344,3017,2024
04345,12579,2024
04346,1610,2024
04347,2592,2024
04348,3484,2024
04349,1383,2024
04350,3680,2024
04351,2424,2024
04352,1716,2024
04353,2115,2024
04354,1473,2024
04355,2651,2024
04357,3566,2024
04358,4526,2024
04359,298,2024
04360,536,2024
04363,2690,2024
04364,6191,2024
04401,44854,2024
04406,675,2024
04408,194,2024
04410,1254,2024
04411,1645,2024
04412,9652,2024
04413,162,2024
04414,1766,2024
04415,215,2024
04416,5497,2024
04417,355,2024
04418,1649,2024
04419,2941,2024
04421,1362,2024
04422,1117,2024
04424,983,2024
04426,4999,2024
04427,2990,2024
04428,3334,2024
04429,5008,2024
04430,1495,2024
04431,63,2024
04434,1252,2024
04435,1093,2024
04438,1098,2024
04441,1839,2024
04442,208,2024
04443,2211,2024
04444,9371,2024
04448,1540,2024
04449,1251,2024
04450,1333,2024
04451,217,2024
04453,785,2024
04454,11,2024
04455,925,2024
04456,3069,2024
04457,5823,2024
04459,750,2024
04460,1111,2024
04461,3095,2024
04462,4464,2024
04463,2582,2024
04464,596,2024
04468,9291,2024
04469,3531,2024
04471,730,2024
04472,1852,2024
04473,8371,2024
04474,3853,2024
04475,384,2024
04476,1154,2024
04478,316,2024
04479,1136,2024
04481,547,2024
04485,234,2024
04487,838,2024
04488,1151,2024
04489,214,2024
04490,228,2024
04491,122,2024
04492,175,2024
04493,1840,2024
04495,287,2024
04496,3850,2024
04497,311,2024
04530,11275,2024
04535,818,2024
04537,1685,2024
04538,1810,2024
04539,1456,2024
04541,45,2024
04543,2192,2024
04544,978,2024
04547,1213,2024
04548,1012,2024
04551,917,2024
04553,1913,2024
04554,514,2024
04555,1906,2024
04556,1251,2024
04558,382,2024
04562,2238,2024
04563,1460,2024
04564,520,2024
04568,512,2024
04570,3,2024
04571,439,2024
04572,5253,2024
04573,557,2024
04574,1624,2024
04575,286,2024
04576,547,2024
04578,4709,2024
04579,3158,2024
04605,14529,2024
04606,1045,2024
04607,1142,2024
04609,5244,2024
04611,498,2024
04612,505,2024
04613,92,2024
04614,2813,2024
04616,869,2024
04617,651,2024
04619,3097,2024
04622,1050,2024
04623,1173,2024
04624,225,2024
04625,62,2024
04626,492,2024
04627,2137,2024
04628,582,2024
04630,1230,2024
04631,1263,2024
04634,2374,2024
04635,30,2024
04640,2450,2024
04642,202,2024
04643,917,2024
04645,69,2024
04646,134,2024
04648,570,2024
04649,1166,2024
04650,333,2024
04652,1525,2024
04653,719,2024
04654,3340,2024
04655,1016,2024
04657,326,2024
04658,1222,2024
04660,1072,2024
04662,476,2024
04664,1246,2024
04666,1178,2024
04667,1296,2024
04668,2010,2024
04669,171,2024
04671,621,2024
04673,144,2024
04674,284,2024
04675,123,2024
04676,1130,2024
04677,345,2024
04679,1553,2024
04680,1388,2024
04681,840,2024
04683,0,2024
04684,1836,2024
04685,438,2024
04686,328,2024
04691,499,2024
04693,493,2024
04694,2155,2024
04730,10106,2024
04732,1427,2024
04733,465,2024
04734,804,2024
04735,492,2024
04736,9025,2024
04737,0,2024
04739,825,2024
04740,1433,2024
04742,3309,2024
04743,4770,2024
04745,971,2024
04746,407,2024
04747,1316,2024
04750,1815,2024
04756,3341,2024
04757,2627,2024
04758,1405,2024
04760,674,2024
04761,372,2024
04762,494,2024
04763,629,2024
04764,88,2024
04765,1434,2024
04766,326,2024
04768,374,2024
04769,8736,2024
04772,842,2024
04773,550,2024
04774,624,2024
04776,999,2024
04777,478,2024
04779,446,2024
04780,783,2024
04781,528,2024
04783,545,2024
04785,2073,2024
04786,1599,2024
04787,382,2024
04841,7035,2024
04843,5242,2024
04847,1748,2024
04848,636,2024
04849,4017,2024
04851,48,2024
04852,120,2024
04853,480,2024
04854,1482,2024
04855,313,2024
04856,3675,2024
04858,1378,2024
04859,753,2024
04860,1543,2024
04861,2769,2024
04862,4023,2024
04863,1216,2024
04864,4932,2024
04901,27870,2024
04910,2204,2024
04911,1880,2024
04912,858,2024
04915,9107,2024
04917,3351,2024
04918,0,2024
04920,1866,2024
04921,1775,2024
04922,953,2024
04923,532,2024
04924,2063,2024
04925,101,2024
04926,0,2024
04927,3385,2024
04928,2192,2024
04929,650,2024
04930,4258,2024
04932,1207,2024
04936,232,2024
04937,6358,2024
04938,10542,2024
04939,823,2024
04940,0,2024
04941,1577,2024
04942,1192,2024
04943,1602,2024
04944,140,2024
04945,1325,2024
04947,1596,2024
04949,969,2024
04950,4782,2024
04951,1001,2024
04952,1790,2024
04953,3143,2024
04955,1550,2024
04956,607,2024
04957,4006,2024
04958,2002,2024
04961,919,2024
04963,7524,2024
04964,108,2024
04965,2209,2024
04966,1632,2024
04967,3930,2024
04969,1319,2024
04970,1105,2024
04971,1831,2024
04973,1646,2024
04974,2655,2024
04975,21,2024
04976,10072,2024
04978,856,2024
04979,963,2024
04981,2575,2024
04982,269,2024
04983,2005,2024
04984,824,2024
04985,217,2024
04986,2228,2024
04987,984,2024
04988,1894,2024
04989,4592,2024
04992,0,2024
05001,9751,2024
05009,0,2024
05030,111,2024
05031,44,2024
05032,2817,2024
05033,3081,2024
05034,180,2024
05035,772,2024
05036,1169,2024
05037,949,2024
05038,1371,2024
05039,935,2024
05040,589,2024
05041,372,2024
05042,602,2024
05043,907,2024
05045,1779,2024
05046,1241,2024
05048,2506,2024
05050,209,2024
05051,927,2024
05052,346,2024
05053,333,2024
05055,3463,2024
05056,352,2024
05058,128,2024
05059,510,2024
05060,4268,2024
05061,1788,2024
05062,705,2024
05065,1198,2024
05067,291,2024
05068,2987,2024
05069,778,2024
05070,510,2024
05071,130,2024
05072,751,2024
05073,64,2024
05075,1438,2024
05076,495,2024
05077,1116,2024
05079,914,2024
05081,842,2024
05083,193,2024
05084,183,2024
05086,647,2024
05088,581,2024
05089,4462,2024
05091,3443,2024
05101,4165,2024
05141,66,2024
05142,564,2024
05143,4767,2024
05146,678,2024
05148,1401,2024
05149,2241,2024
05150,418,2024
05151,1590,2024
05152,448,2024
05153,851,2024
05154,479,2024
05155,735,2024
05156,9116,2024
05158,1151,2024
05161,676,2024
05201,14998,2024
05250,3847,2024
05251,1674,2024
05252,455,2024
05253,516,2024
05254,439,2024
05255,4108,2024
05257,2807,2024
05260,384,2024
05261,2171,2024
05262,2043,2024
05301,16955,2024
05340,745,2024
05341,728,2024
05342,428,2024
05343,955,2024
05344,514,2024
05345,1667,2024
05346,5177,2024
05350,844,2024
05351,190,2024
05352,926,2024
05353,1327,2024
05354,2709,2024
05355,724,2024
05356,738,2024
05358,403,2024
05359,757,2024
05360,512,2024
05361,1058,2024
05362,152,2024
05363,1886,2024
05401,31662,2024
05403,20614,2024
05404,8293,2024
05405,3136,2024
05408,10019,2024
05439,1228,2024
05440,1832,2024
05441,540,2024
05442,422,2024
05443,6549,2024
05444,1752,2024
05445,3916,2024
05446,16452,2024
05447,120,2024
05448,1010,2024
05450,5428,2024
05452,22626,2024
05454,5364,2024
05455,1286,2024
05456,998,2024
05457,1696,2024
05458,2278,2024
05459,1925,2024
05461,4898,2024
05462,1810,2024
05463,577,2024
05464,2998,2024
05465,5735,2024
05468,13324,2024
05471,719,2024
05472,1938,2024
05473,1423,2024
05474,1263,2024
05476,3218,2024
05477,4454,2024
05478,15580,2024
05481,0,2024
05482,7969,2024
05483,1717,2024
05485,0,2024
05486,1500,2024
05487,1598,2024
05488,8469,2024
05489,3484,2024
05491,5767,2024
05492,725,2024
05494,1603,2024
05495,10956,2024
05602,12250,2024
05640,259,2024
05641,16936,2024
05647,1122,2024
05648,483,2024
05649,427,2024
05650,1029,2024
05651,1510,2024
05652,816,2024
05653,535,2024
05654,953,2024
05655,3000,2024
05656,3458,2024
05658,1725,2024
05660,1882,2024
05661,6227,2024
05663,6840,2024
05664,0,2024
05666,17,2024
05667,2412,2024
05669,768,2024
05670,0,2024
05672,5285,2024
05673,2570,2024
05674,1585,2024
05675,898,2024
05676,5032,2024
05677,2290,2024
05678,228,2024
05679,3147,2024
05680,2003,2024
05681,119,2024
05682,1149,2024
05701,20382,2024
05730,525,2024
05731,35,2024
05732,1187,2024
05733,6015,2024
05734,1297,2024
05735,3651,2024
05736,408,2024
05737,639,2024
05738,1295,2024
05739,1294,2024
05742,803,2024
05743,4160,2024
05744,372,2024
05746,0,2024
05747,361,2024
05748,435,2024
05751,785,2024
05753,11094,2024
05757,791,2024
05758,700,2024
05759,1900,2024
05760,993,2024
05761,1081,2024
05762,387,2024
05763,3037,2024
05764,3106,2024
05765,1798,2024
05766,508,2024
05767,1393,2024
05768,70,2024
05769,1238,2024
05770,1185,2024
05772,782,2024
05773,2279,2024
05774,1102,2024
05775,649,2024
05776,341,2024
05777,3229,2024
05778,990,2024
05819,9106,2024
05820,300,2024
05821,1109,2024
05822,2107,2024
05824,1155,2024
05825,126,2024
05826,839,2024
05827,630,2024
05828,2092,2024
05829,1688,2024
05830,1534,2024
05832,969,2024
05833,28,2024
05836,1531,2024
05837,301,2024
05839,664,2024
05840,34,2024
05841,297,2024
05842,458,2024
05843,2198,2024
05845,1464,2024
05846,1315,2024
05847,1070,2024
05850,307,2024
05851,6024,2024
05853,743,2024
05855,7412,2024
05857,1467,2024
05858,340,2024
05859,2123,2024
05860,2728,2024
05862,361,2024
05866,684,2024
05867,634,2024
05868,40,2024
05871,1524,2024
05872,809,2024
05873,864,2024
05874,568,2024
05875,542,2024
05901,9,2024
05902,104,2024
05903,801,2024
05904,187,2024
05905,968,2024
05906,1210,2024
05907,108,2024
06001,19153,2024
06002,21865,2024
06010,61684,2024
06013,9680,2024
06016,6959,2024
06018,2587,2024
06019,9742,2024
06020,0,2024
06021,1494,2024
06022,100,2024
06023,1196,2024
06024,634,2024
06026,5196,2024
06027,1193,2024
06029,16238,2024
06031,1520,2024
06032,19135,2024
06033,29921,2024
06035,7817,2024
06037,19173,2024
06039,1918,2024
06040,35813,2024
06042,23822,2024
06043,4853,2024
06051,29548,2024
06052,7916,2024
06053,36774,2024
06057,6363,2024
06058,1793,2024
06059,302,2024
06060,2273,2024
06061,312,2024
06062,17555,2024
06063,3328,2024
06065,712,2024
06066,30577,2024
06067,20872,2024
06068,2034,2024
06069,2601,2024
06070,15254,2024
06071,10723,2024
06072,0,2024
06073,5372,2024
06074,26907,2024
06076,11953,2024
06078,10562,2024
06079,19,2024
06080,1616,2024
06081,1419,2024
06082,41090,2024
06084,14823,2024
06085,7608,2024
06088,4254,2024
06089,3728,2024
06090,1136,2024
06091,253,2024
06092,4665,2024
06093,3524,2024
06095,29670,2024
06096,12579,2024
06098,10263,2024
06103,2949,2024
06105,19174,2024
06106,36322,2024
06107,19891,2024
06108,23499,2024
06109,27250,2024
06110,12641,2024
06111,30896,2024
06112,22333,2024
06114,26458,2024
06117,16116,2024
06118,27419,2024
06119,14793,2024
06120,13926,2024
06226,19344,2024
06231,3648,2024
06232,3152,2024
06234,8517,2024
06235,2018,2024
06237,5300,2024
06238,12326,2024
06239,11185,2024
06241,6585,2024
06242,1290,2024
06243,83,2024
06247,2412,2024
06248,5509,2024
06249,7116,2024
06250,5437,2024
06254,2004,2024
06255,4494,2024
06256,1704,2024
06258,114,2024
06259,4568,2024
06260,9266,2024
06262,813,2024
06263,498,2024
06264,139,2024
06266,222,2024
06268,11772,2024
06269,7970,2024
06277,4004,2024
06278,4337,2024
06279,5575,2024
06280,3110,2024
06281,7237,2024
06282,1134,2024
06320,27703,2024
06330,3327,2024
06331,5145,2024
06332,1015,2024
06333,7389,2024
06334,2249,2024
06335,6307,2024
06336,44,2024
06338,27,2024
06339,9113,2024
06340,29863,2024
06350,121,2024
06351,15760,2024
06353,439,2024
06354,6031,2024
06355,12173,2024
06357,11332,2024
06359,5160,2024
06360,37216,2024
06365,4807,2024
06370,7327,2024
06371,9828,2024
06373,219,2024
06374,7838,2024
06375,3670,2024
06376,89,2024
06377,2927,2024
06378,5555,2024
06379,9017,2024
06380,2757,2024
06382,10143,2024
06384,2663,2024
06385,15966,2024
06387,178,2024
06389,0,2024
06390,72,2024
06401,19315,2024
06403,6147,2024
06405,28217,2024
06409,701,2024
06410,28904,2024
06412,3825,2024
06413,13377,2024
06414,302,2024
06415,16038,2024
06416,14334,2024
06417,4458,2024
06418,12205,2024
06419,6240,2024
06420,4368,2024
06422,7208,2024
06423,5182,2024
06424,12751,2024
06426,3267,2024
06437,22067,2024
06438,2887,2024
06439,65,2024
06441,5348,2024
06442,2826,2024
06443,17657,2024
06444,180,2024
06447,6130,2024
06450,35694,2024
06451,24851,2024
06455,2480,2024
06456,281,2024
06457,46720,2024
06459,1238,2024
06460,37649,2024
06461,15035,2024
06467,405,2024
06468,18949,2024
06469,3311,2024
06470,15593,2024
06471,7140,2024
06472,6363,2024
06473,24743,2024
06475,10575,2024
06477,14315,2024
06478,12991,2024
06479,10286,2024
06480,9434,2024
06481,1763,2024
06482,12000,2024
06483,16889,2024
06484,41889,2024
06488,20071,2024
06489,32706,2024
06492,44498,2024
06498,6856,2024
06510,4584,2024
06511,54730,2024
06512,28830,2024
06513,38888,2024
06514,26803,2024
06515,19006,2024
06516,55351,2024
06517,14221,2024
06518,20126,2024
06519,15605,2024
06524,5288,2024
06525,9073,2024
06604,31771,2024
06605,25929,2024
06606,49308,2024
06607,7979,2024
06608,12146,2024
06610,22020,2024
06611,37281,2024
06612,7670,2024
06614,35654,2024
06615,17136,2024
06702,2946,2024
06704,31713,2024
06705,25266,2024
06706,15551,2024
06708,29594,2024
06710,9942,2024
06712,9458,2024
06716,16113,2024
06750,1387,2024
06751,3423,2024
06752,1658,2024
06753,91,2024
06754,1656,2024
06755,1238,2024
06756,3037,2024
06757,2125,2024
06758,13,2024
06759,5442,2024
06762,7807,2024
06763,2151,2024
06770,31823,2024
06776,27010,2024
06777,1771,2024
06778,1574,2024
06779,8364,2024
06782,1978,2024
06783,2185,2024
06784,3583,2024
06785,818,2024
06786,9768,2024
06787,7509,2024
06790,35566,2024
06791,5602,2024
06793,1031,2024
06794,1282,2024
06795,13889,2024
06796,821,2024
06798,9833,2024
06801,20796,2024
06804,17908,2024
06807,7650,2024
06810,55833,2024
06811,31228,2024
06812,13584,2024
06820,21936,2024
06824,36716,2024
06825,21982,2024
06830,24880,2024
06831,15210,2024
06840,20870,2024
06850,19692,2024
06851,27865,2024
06853,3171,2024
06854,32118,2024
06855,9351,2024
06870,7864,2024
06877,25110,2024
06878,8328,2024
06880,27583,2024
06883,10396,2024
06890,4653,2024
06896,8779,2024
06897,18777,2024
06901,11037,2024
06902,73392,2024
06903,14010,2024
06905,20725,2024
06906,9199,2024
06907,8705,2024
07001,17121,2024
07002,71553,2024
07003,53771,2024
07004,7824,2024
07005,15307,2024
07006,26654,2024
07008,25526,2024
07009,13535,2024
07010,25781,2024
07011,38587,2024
07012,14653,2024
07013,30811,2024
07014,4975,2024
07016,24074,2024
07017,40910,2024
07018,28924,2024
07020,14759,2024
07021,2361,2024
07022,15099,2024
07023,7799,2024
07024,40024,2024
07026,32783,2024
07027,4885,2024
07028,8022,2024
07029,22866,2024
07030,58668,2024
07031,16461,2024
07032,40614,2024
07033,8401,2024
07034,11018,2024
07035,11120,2024
07036,45671,2024
07039,31488,2024
07040,25613,2024
07041,7532,2024
07042,27326,2024
07043,13256,2024
07044,14545,2024
07045,10561,2024
07046,4585,2024
07047,61250,2024
07050,34181,2024
07052,48620,2024
07054,29480,2024
07055,70002,2024
07057,11889,2024
07058,5946,2024
07059,16811,2024
07060,48363,2024
07062,15399,2024
07063,14235,2024
07064,3481,2024
07065,30109,2024
07066,15622,2024
07067,18587,2024
07068,6268,2024
07069,6623,2024
07070,18894,2024
07071,22463,2024
07072,6378,2024
07073,10313,2024
07074,3126,2024
07075,10218,2024
07076,24843,2024
07077,3248,2024
07078,14613,2024
07079,18539,2024
07080,24411,2024
07081,17171,2024
07082,5723,2024
07083,58170,2024
07086,17295,2024
07087,66463,2024
07088,2901,2024
07090,31111,2024
07092,7049,2024
07093,63758,2024
07094,21778,2024
07095,20756,2024
07102,12358,2024
07103,37293,2024
07104,52266,2024
07105,57093,2024
07106,36383,2024
07107,43293,2024
07108,28790,2024
07109,37984,2024
07110,29980,2024
07111,60867,2024
07112,29456,2024
07114,13670,2024
07201,28467,2024
07202,44968,2024
07203,22646,2024
07204,14093,2024
07205,22349,2024
07206,31930,2024
07208,31937,2024
07302,56220,2024
07304,51306,2024
07305,72161,2024
07306,54017,2024
07307,42645,2024
07310,16015,2024
07311,1714,2024
07401,6865,2024
07403,7685,2024
07405,17983,2024
07407,21412,2024
07410,35610,2024
07416,5851,2024
07417,11112,2024
07418,2559,2024
07419,9693,2024
07420,5316,2024
07421,6977,2024
07422,5280,2024
07423,4270,2024
07424,28085,2024
07430,25491,2024
07432,7019,2024
07435,2703,2024
07436,12740,2024
07438,11160,2024
07439,2160,2024
07440,4670,2024
07442,11047,2024
07444,10971,2024
07446,14805,2024
07450,26308,2024
07452,12154,2024
07456,11657,2024
07457,4112,2024
07458,11828,2024
07460,3181,2024
07461,18731,2024
07462,7195,2024
07463,10164,2024
07465,5921,2024
07470,54112,2024
07480,14966,2024
07481,17050,2024
07501,35481,2024
07502,17158,2024
07503,19170,2024
07504,13123,2024
07505,4691,2024
07506,19628,2024
07508,23762,2024
07512,10959,2024
07513,11576,2024
07514,20647,2024
07522,23040,2024
07524,13808,2024
07601,46057,2024
07603,9360,2024
07604,12115,2024
07605,9379,2024
07606,2770,2024
07607,10093,2024
07608,136,2024
07620,1588,2024
07621,28450,2024
07624,8606,2024
07626,9174,2024
07627,4911,2024
07628,18279,2024
07630,7305,2024
07631,29638,2024
07632,5362,2024
07640,4954,2024
07641,3363,2024
07642,10144,2024
07643,10996,2024
07644,26082,2024
07645,8901,2024
07646,16995,2024
07647,5288,2024
07648,5724,2024
07649,8235,2024
07650,20290,2024
07652,26568,2024
07656,9406,2024
07657,11498,2024
07660,13235,2024
07661,12091,2024
07662,5869,2024
07663,14419,2024
07666,41876,2024
07670,15319,2024
07675,27349,2024
07676,9323,2024
07677,6152,2024
07701,24376,2024
07702,4179,2024
07703,0,2024
07704,6170,2024
07711,1641,2024
07712,40194,2024
07716,8893,2024
07717,2030,2024
07718,6658,2024
07719,22138,2024
07720,4158,2024
07721,4277,2024
07722,9990,2024
07723,884,2024
07724,24016,2024
07726,44764,2024
07727,7787,2024
07728,55984,2024
07730,17534,2024
07731,40322,2024
07732,4527,2024
07733,17166,2024
07734,12925,2024
07735,19159,2024
07737,3945,2024
07738,6939,2024
07739,6105,2024
07740,32917,2024
07746,18476,2024
07747,32330,2024
07748,28633,2024
07750,3207,2024
07751,21109,2024
07753,37297,2024
07755,5613,2024
07756,3092,2024
07757,6195,2024
07758,4076,2024
07760,9692,2024
07762,8262,2024
07764,8586,2024
07801,27128,2024
07803,4048,2024
07820,0,2024
07821,9662,2024
07822,827,2024
07823,7451,2024
07825,9210,2024
07826,5967,2024
07827,4109,2024
07828,15461,2024
07830,7379,2024
07831,36,2024
07832,3593,2024
07833,70,2024
07834,18385,2024
07836,11694,2024
07838,3727,2024
07840,32105,2024
07842,56,2024
07843,11098,2024
07844,111,2024
07846,45,2024
07847,1776,2024
07848,4257,2024
07849,8380,2024
07850,6828,2024
07851,263,2024
07852,4233,2024
07853,12339,2024
07856,4774,2024
07857,3728,2024
07860,26047,2024
07863,3819,2024
07865,2825,2024
07866,22663,2024
07869,26022,2024
07870,34,2024
07871,21437,2024
07874,8752,2024
07876,9641,2024
07878,766,2024
07880,173,2024
07881,4,2024
07882,15115,2024
07885,11806,2024
07901,24314,2024
07920,28753,2024
07921,7700,2024
07922,12195,2024
07924,7713,2024
07926,161,2024
07927,4882,2024
07928,19974,2024
07930,8648,2024
07931,2985,2024
07932,11977,2024
07933,2995,2024
07934,1293,2024
07935,584,2024
07936,11152,2024
07939,322,2024
07940,17610,2024
07945,9690,2024
07946,2982,2024
07950,21651,2024
07960,46702,2024
07961,333,2024
07970,215,2024
07974,13349,2024
07976,389,2024
07977,917,2024
07979,214,2024
07980,2675,2024
07981,9030,2024
08001,854,2024
08002,24015,2024
08003,31809,2024
08004,11429,2024
08005,26866,2024
08006,500,2024
08007,5417,2024
08008,6837,2024
08009,14346,2024
08010,11861,2024
08011,56,2024
08012,41812,2024
08014,298,2024
08015,19567,2024
08016,34920,2024
08019,907,2024
08020,2480,2024
08021,49305,2024
08022,9172,2024
08023,375,2024
08026,2435,2024
08027,4984,2024
08028,25098,2024
08029,5459,2024
08030,13217,2024
08031,11737,2024
08032,242,2024
08033,17763,2024
08034,20901,2024
08035,7551,2024
08036,6065,2024
08037,23514,2024
08038,351,2024
08039,38,2024
08041,650,2024
08042,131,2024
08043,31191,2024
08045,3200,2024
08046,31981,2024
08048,12882,2024
08049,5282,2024
08050,28053,2024
08051,12474,2024
08052,20127,2024
08053,48179,2024
08054,46026,2024
08055,29109,2024
08056,5434,2024
08057,21529,2024
08059,5805,2024
08060,25835,2024
08061,4508,2024
08062,17935,2024
08063,3051,2024
08064,17,2024
08065,7485,2024
08066,7760,2024
08067,1711,2024
08068,6613,2024
08069,13413,2024
08070,12511,2024
08071,9461,2024
08072,164,2024
08073,20,2024
08074,160,2024
08075,30615,2024
08077,20613,2024
08078,8051,2024
08079,10762,2024
08080,38159,2024
08081,50264,2024
08083,9606,2024
08084,7018,2024
08085,22340,2024
08086,9001,2024
08087,25342,2024
08088,24215,2024
08089,4231,2024
08090,9815,2024
08091,5963,2024
08092,3119,2024
08093,9438,2024
08094,41595,2024
08095,0,2024
08096,35336,2024
08097,3062,2024
08098,9680,2024
08102,8292,2024
08103,12573,2024
08104,22148,2024
08105,26483,2024
08106,9731,2024
08107,13574,2024
08108,18654,2024
08109,24022,2024
08110,19158,2024
08201,10412,2024
08202,1612,2024
08203,7674,2024
08204,16573,2024
08205,28877,2024
08210,17143,2024
08212,138,2024
08215,13545,2024
08217,44,2024
08221,6992,2024
08223,4048,2024
08224,223,2024
08225,8456,2024
08226,11261,2024
08230,5700,2024
08232,19887,2024
08234,47339,2024
08240,2648,2024
08241,1076,2024
08242,4141,2024
08243,2000,2024
08244,10659,2024
08245,23,2024
08246,57,2024
08247,965,2024
08248,266,2024
08251,10503,2024
08260,12959,2024
08270,8362,2024
08302,47279,2024
08310,968,2024
08311,1746,2024
08312,8556,2024
08314,454,2024
08316,137,2024
08317,1246,2024
08318,11961,2024
08319,1205,2024
08320,1021,2024
08321,133,2024
08322,10202,2024
08323,731,2024
08324,210,2024
08326,1435,2024
08327,3408,2024
08328,1476,2024
08329,159,2024
08330,29972,2024
08332,35228,2024
08340,725,2024
08341,2101,2024
08343,4729,2024
08344,5564,2024
08345,825,2024
08346,283,2024
08348,154,2024
08349,2441,2024
08350,639,2024
08352,112,2024
08353,228,2024
08360,45038,2024
08361,18206,2024
08401,38925,2024
08402,5234,2024
08403,1046,2024
08406,8972,2024
08501,6364,2024
08502,11849,2024
08505,19142,2024
08510,5386,2024
08511,976,2024
08512,12928,2024
08514,4917,2024
08515,8373,2024
08518,6508,2024
08520,29504,2024
08525,4522,2024
08527,58991,2024
08528,321,2024
08530,8119,2024
08533,7563,2024
08534,13272,2024
08535,4999,2024
08536,20817,2024
08540,50388,2024
08542,2533,2024
08544,4392,2024
08550,21067,2024
08551,5873,2024
08553,819,2024
08554,3527,2024
08555,996,2024
08558,7648,2024
08559,4836,2024
08560,3245,2024
08561,325,2024
08562,4201,2024
08608,1250,2024
08609,15938,2024
08610,33465,2024
08611,31995,2024
08618,35634,2024
08619,24089,2024
08620,11621,2024
08628,9831,2024
08629,13013,2024
08638,22816,2024
08640,7984,2024
08641,4400,2024
08648,31323,2024
08690,18841,2024
08691,16607,2024
08701,139149,2024
08720,735,2024
08721,22783,2024
08722,11088,2024
08723,32141,2024
08724,42345,2024
08730,4956,2024
08731,21629,2024
08732,1558,2024
08733,2816,2024
08734,7879,2024
08735,3451,2024
08736,13223,2024
08738,1381,2024
08740,1599,2024
08741,2709,2024
08742,25732,2024
08750,3483,2024
08751,4185,2024
08752,2338,2024
08753,65448,2024
08755,29670,2024
08757,36087,2024
08758,7868,2024
08759,34237,2024
08801,7267,2024
08802,4552,2024
08804,3465,2024
08805,14066,2024
08807,39560,2024
08809,6703,2024
08810,7952,2024
08812,14224,2024
08816,49360,2024
08817,49020,2024
08820,39978,2024
08821,283,2024
08822,32556,2024
08823,8884,2024
08824,13366,2024
08825,4735,2024
08826,5459,2024
08827,4346,2024
08828,2459,2024
08829,3580,2024
08830,19551,2024
08831,55658,2024
08832,2252,2024
08833,9184,2024
08835,10921,2024
08836,3855,2024
08837,19437,2024
08840,18206,2024
08844,44463,2024
08846,14645,2024
08848,8134,2024
08850,8538,2024
08852,18062,2024
08853,5634,2024
08854,61088,2024
08857,40891,2024
08858,20,2024
08859,25448,2024
08861,59351,2024
08863,12771,2024
08865,31427,2024
08867,5204,2024
08869,8368,2024
08872,20204,2024
08873,56327,2024
08876,23380,2024
08879,23556,2024
08880,4867,2024
08882,16124,2024
08884,8187,2024
08886,6435,2024
08887,1380,2024
08889,10193,2024
08890,17,2024
08901,57263,2024
08902,43932,2024
08904,15121,2024
10001,30511,2024
10002,76873,2024
10003,53560,2024
10004,3711,2024
10005,9439,2024
10006,4096,2024
10007,7406,2024
10009,60209,2024
10010,30702,2024
10011,48277,2024
10012,21426,2024
10013,27219,2024
10014,29230,2024
10016,52971,2024
10017,15297,2024
10018,8559,2024
10019,44942,2024
10020,0,2024
10021,39868,2024
10022,34049,2024
10023,69455,2024
10024,63115,2024
10025,93065,2024
10026,37123,2024
10027,63885,2024
10028,49077,2024
10029,77447,2024
10030,29297,2024
10031,61058,2024
10032,55610,2024
10033,54838,2024
10034,37758,2024
10035,38862,2024
10036,31036,2024
10037,19031,2024
10038,22235,2024
10039,32492,2024
10040,40096,2024
10044,11520,2024
10065,30808,2024
10069,6509,2024
10075,21897,2024
10103,0,2024
10110,0,2024
10111,0,2024
10112,0,2024
10115,0,2024
10119,0,2024
10128,57976,2024
10152,7,2024
10153,0,2024
10154,0,2024
10162,1603,2024
10165,0,2024
10167,0,2024
10168,0,2024
10169,0,2024
10170,0,2024
10171,0,2024
10172,0,2024
10173,0,2024
10174,0,2024
10177,0,2024
10199,0,2024
10271,0,2024
10278,0,2024
10279,259,2024
10280,8933,2024
10282,5887,2024
10301,41052,2024
10302,19030,2024
10303,26497,2024
10304,45658,2024
10305,41270,2024
10306,57428,2024
10307,15512,2024
10308,30568,2024
10309,34885,2024
10310,25672,2024
10311,0,2024
10312,63469,2024
10314,93915,2024
10451,50942,2024
10452,75682,2024
10453,76282,2024
10454,39570,2024
10455,44801,2024
10456,87533,2024
10457,79543,2024
10458,74898,2024
10459,48270,2024
10460,59396,2024
10461,52012,2024
10462,76320,2024
10463,69470,2024
10464,3828,2024
10465,45404,2024
10466,71116,2024
10467,96421,2024
10468,75557,2024
10469,68521,2024
10470,16004,2024
10471,23798,2024
10472,64011,2024
10473,58855,2024
10474,11270,2024
10475,42578,2024
10501,1727,2024
10502,6197,2024
10503,132,2024
10504,7665,2024
10505,1119,2024
10506,6244,2024
10507,6109,2024
10509,20046,2024
10510,10226,2024
10511,2397,2024
10512,24234,2024
10514,11790,2024
10516,5362,2024
10517,584,2024
10518,992,2024
10519,99,2024
10520,12368,2024
10522,11502,2024
10523,9450,2024
10524,4578,2024
10526,2128,2024
10527,418,2024
10528,14091,2024
10530,13892,2024
10532,5347,2024
10533,7362,2024
10535,392,2024
10536,10669,2024
10537,2439,2024
10538,17760,2024
10540,108,2024
10541,26361,2024
10542,0,2024
10543,20989,2024
10545,185,2024
10546,1392,2024
10547,7205,2024
10548,4254,2024
10549,16135,2024
10550,38972,2024
10552,22341,2024
10553,11011,2024
10560,4918,2024
10562,33793,2024
10566,25625,2024
10567,19976,2024
10570,13289,2024
10573,40786,2024
10576,4891,2024
10577,5945,2024
10578,1780,2024
10579,9019,2024
10580,18391,2024
10583,40207,2024
10588,2783,2024
10589,7604,2024
10590,6989,2024
10591,23926,2024
10594,5110,2024
10595,7243,2024
10596,650,2024
10597,679,2024
10598,28821,2024
10601,11930,2024
10603,18910,2024
10604,12517,2024
10605,19493,2024
10606,17341,2024
10607,6466,2024
10701,70676,2024
10703,22586,2024
10704,31921,2024
10705,38887,2024
10706,9183,2024
10707,9688,2024
10708,22482,2024
10709,10352,2024
10710,25855,2024
10801,42754,2024
10803,13072,2024
10804,16108,2024
10805,20903,2024
10901,27095,2024
10910,0,2024
10911,0,2024
10913,5343,2024
10914,1205,2024
10915,0,2024
10916,4238,2024
10917,1923,2024
10918,12069,2024
10919,1551,2024
10920,8451,2024
10921,4231,2024
10922,1403,2024
10923,9069,2024
10924,13720,2024
10925,4313,2024
10926,3416,2024
10927,12325,2024
10928,5071,2024
10930,9569,2024
10931,1319,2024
10932,13,2024
10933,117,2024
10940,53611,2024
10941,14422,2024
10950,68136,2024
10952,48019,2024
10953,22,2024
10954,26495,2024
10956,31898,2024
10958,3054,2024
10960,15251,2024
10962,4767,2024
10963,3842,2024
10964,1333,2024
10965,15206,2024
10968,2456,2024
10969,1150,2024
10970,11497,2024
10973,2358,2024
10974,3382,2024
10975,246,2024
10976,2002,2024
10977,71571,2024
10979,222,2024
10980,13414,2024
10983,5934,2024
10984,2805,2024
10985,17,2024
10986,1806,2024
10987,4411,2024
10988,695,2024
10989,9187,2024
10990,20368,2024
10992,9843,2024
10993,4888,2024
10994,6370,2024
10996,6349,2024
10998,3889,2024
11001,25493,2024
11003,45174,2024
11004,13615,2024
11005,2174,2024
11010,25604,2024
11020,5676,2024
11021,19783,2024
11023,9630,2024
11024,9155,2024
11030,18051,2024
11040,41988,2024
11042,141,2024
11050,32794,2024
11096,10428,2024
11101,42219,2024
11102,28503,2024
11103,35163,2024
11104,26132,2024
11105,37936,2024
11106,40930,2024
11109,7948,2024
11201,70674,2024
11203,74817,2024
11204,79800,2024
11205,51676,2024
11206,93020,2024
11207,93198,2024
11208,105428,2024
11209,71004,2024
11210,57915,2024
11211,65314,2024
11212,89020,2024
11213,68846,2024
11214,89397,2024
11215,70441,2024
11216,60685,2024
11217,43490,2024
11218,72042,2024
11219,94196,2024
11220,90652,2024
11221,91588,2024
11222,42853,2024
11223,78093,2024
11224,50822,2024
11225,58158,2024
11226,95144,2024
11228,42241,2024
11229,78377,2024
11230,86978,2024
11231,38276,2024
11232,27816,2024
11233,81822,2024
11234,83187,2024
11235,78558,2024
11236,88051,2024
11237,45334,2024
11238,58345,2024
11239,16410,2024
11249,47728,2024
11354,53028,2024
11355,80801,2024
11356,25824,2024
11357,43346,2024
11358,37665,2024
11359,0,2024
11360,19469,2024
11361,30127,2024
11362,18492,2024
11363,7223,2024
11364,35276,2024
11365,42322,2024
11366,13463,2024
11367,40923,2024
11368,105716,2024
11369,35133,2024
11370,30267,2024
11371,0,2024
11372,64756,2024
11373,98403,2024
11374,46989,2024
11375,76839,2024
11377,81690,2024
11378,36392,2024
11379,36773,2024
11385,101704,2024
11411,20540,2024
11412,39828,2024
11413,45965,2024
11414,31308,2024
11415,21154,2024
11416,25919,2024
11417,30578,2024
11418,35481,2024
11419,47441,2024
11420,49415,2024
11421,40612,2024
11422,33757,2024
11423,28534,2024
11424,0,2024
11426,19411,2024
11427,24607,2024
11428,19028,2024
11429,26832,2024
11430,588,2024
11432,62892,2024
11433,37884,2024
11434,68263,2024
11435,56826,2024
11436,22527,2024
11439,2170,2024
11451,0,2024
11501,21641,2024
11507,6736,2024
11509,1790,2024
11510,35701,2024
11514,4544,2024
11516,9112,2024
11518,10149,2024
11520,44910,2024
11530,27939,2024
11542,28965,2024
11545,12172,2024
11547,706,2024
11548,2261,2024
11549,2359,2024
11550,60960,2024
11552,25174,2024
11553,27875,2024
11554,36821,2024
11556,0,2024
11557,8504,2024
11558,8454,2024
11559,8878,2024
11560,7696,2024
11561,38708,2024
11563,22899,2024
11565,9009,2024
11566,34741,2024
11568,4144,2024
11569,945,2024
11570,28908,2024
11572,30436,2024
11575,18705,2024
11576,12281,2024
11577,13077,2024
11579,5033,2024
11580,43092,2024
11581,22818,2024
11590,47599,2024
11596,10516,2024
11598,13599,2024
11691,69359,2024
11692,22734,2024
11693,13244,2024
11694,21489,2024
11697,4429,2024
11701,29509,2024
11702,13909,2024
11703,17187,2024
11704,40706,2024
11705,8284,2024
11706,68976,2024
11709,6744,2024
11710,34834,2024
11713,9218,2024
11714,22695,2024
11715,3936,2024
11716,9659,2024
11718,3179,2024
11719,3235,2024
11720,29292,2024
11721,6426,2024
11722,39033,2024
11724,3073,2024
11725,29073,2024
11726,21455,2024
11727,28495,2024
11729,27231,2024
11730,14247,2024
11731,29999,2024
11732,3228,2024
11733,17752,2024
11735,32028,2024
11738,18877,2024
11739,1225,2024
11740,10127,2024
11741,26667,2024
11742,13202,2024
11743,43490,2024
11746,65747,2024
11747,20513,2024
11749,3600,2024
11751,13726,2024
11752,9204,2024
11753,12435,2024
11754,17565,2024
11755,12144,2024
11756,42665,2024
11757,44413,2024
11758,54375,2024
11762,22487,2024
11763,29973,2024
11764,12551,2024
11765,683,2024
11766,10750,2024
11767,14964,2024
11768,22030,2024
11769,8935,2024
11770,77,2024
11771,10908,2024
11772,45023,2024
11776,22808,2024
11777,9396,2024
11778,12390,2024
11779,38206,2024
11780,15018,2024
11782,14405,2024
11783,21127,2024
11784,26244,2024
11786,6459,2024
11787,34499,2024
11788,17374,2024
11789,7369,2024
11790,21074,2024
11791,25520,2024
11792,8904,2024
11793,32349,2024
11794,831,2024
11795,25379,2024
11796,3560,2024
11797,9402,2024
11801,41585,2024
11803,29713,2024
11804,4835,2024
11901,33091,2024
11930,842,2024
11931,27,2024
11932,725,2024
11933,6693,2024
11934,9418,2024
11935,2863,2024
11937,21882,2024
11939,1331,2024
11940,5819,2024
11941,2814,2024
11942,5406,2024
11944,5037,2024
11946,15819,2024
11947,148,2024
11948,924,2024
11949,14563,2024
11950,17599,2024
11951,15938,2024
11952,5040,2024
11953,12846,2024
11954,4223,2024
11955,2458,2024
11956,298,2024
11957,1121,2024
11958,884,2024
11959,734,2024
11960,830,2024
11961,12315,2024
11962,712,2024
11963,8390,2024
11964,2906,2024
11965,404,2024
11967,27975,2024
11968,15312,2024
11970,416,2024
11971,6361,2024
11972,334,2024
11973,48,2024
11975,450,2024
11976,2952,2024
11977,2843,2024
11978,4705,2024
11980,5855,2024
12007,331,2024
12008,422,2024
12009,7934,2024
12010,27750,2024
12015,3852,2024
12017,471,2024
12018,7422,2024
12019,15555,2024
12020,34937,2024
12022,1120,2024
12023,1791,2024
12024,78,2024
12025,5244,2024
12027,4693,2024
12028,1557,2024
12029,1069,2024
12031,120,2024
12032,662,2024
12033,7932,2024
12035,566,2024
12036,223,2024
12037,3926,2024
12040,27,2024
12041,468,2024
12042,280,2024
12043,8287,2024
12045,207,2024
12046,358,2024
12047,23532,2024
12051,5876,2024
12052,1915,2024
12053,4550,2024
12054,17436,2024
12056,1695,2024
12057,1789,2024
12058,1220,2024
12059,1530,2024
12060,1859,2024
12061,9854,2024
12062,1650,2024
12063,665,2024
12064,342,2024
12065,45116,2024
12066,1863,2024
12067,1165,2024
12068,2503,2024
12069,425,2024
12070,2011,2024
12071,283,2024
12072,2882,2024
12074,2848,2024
12075,3248,2024
12076,1549,2024
12077,7017,2024
12078,22589,2024
12082,2,2024
12083,3844,2024
12084,5328,2024
12085,357,2024
12086,1587,2024
12087,1584,2024
12090,5482,2024
12092,1208,2024
12093,1276,2024
12094,2656,2024
12095,12391,2024
12106,1864,2024
12108,350,2024
12110,20081,2024
12115,60,2024
12116,1787,2024
12117,2871,2024
12118,17069,2024
12120,600,2024
12121,2280,2024
12122,3596,2024
12123,4457,2024
12124,298,2024
12125,1141,2024
12130,233,2024
12131,183,2024
12132,111,2024
12134,3846,2024
12136,1043,2024
12137,2077,2024
12138,2695,2024
12139,227,2024
12140,1512,2024
12143,5664,2024
12144,22111,2024
12147,466,2024
12148,4023,2024
12149,2038,2024
12150,710,2024
12151,967,2024
12153,669,2024
12154,2777,2024
12155,1685,2024
12156,808,2024
12157,4713,2024
12158,5878,2024
12159,8163,2024
12160,716,2024
12161,99,2024
12164,539,2024
12165,220,2024
12166,1635,2024
12167,2279,2024
12168,1752,2024
12169,417,2024
12170,5351,2024
12172,176,2024
12173,2099,2024
12174,427,2024
12175,612,2024
12176,393,2024
12177,387,2024
12180,53479,2024
12182,14867,2024
12183,2970,2024
12184,7787,2024
12185,1709,2024
12186,6512,2024
12187,752,2024
12188,10988,2024
12189,18656,2024
12190,671,2024
12192,1077,2024
12193,1746,2024
12194,162,2024
12195,162,2024
12196,3880,2024
12197,2298,2024
12198,6796,2024
12202,10166,2024
12203,30771,2024
12204,7812,2024
12205,25838,2024
12206,14572,2024
12207,1988,2024
12208,23289,2024
12209,10626,2024
12210,10297,2024
12211,14383,2024
12222,6889,2024
12226,0,2024
12302,28031,2024
12303,29360,2024
12304,22403,2024
12305,7356,2024
12306,27865,2024
12307,7050,2024
12308,15511,2024
12309,33246,2024
12401,35136,2024
12404,3935,2024
12405,447,2024
12406,644,2024
12407,215,2024
12409,865,2024
12410,343,2024
12411,325,2024
12412,475,2024
12413,3368,2024
12414,10169,2024
12416,106,2024
12417,828,2024
12418,427,2024
12419,1081,2024
12420,381,2024
12421,261,2024
12422,399,2024
12423,970,2024
12424,239,2024
12427,935,2024
12428,6995,2024
12429,185,2024
12430,1253,2024
12431,1909,2024
12432,697,2024
12433,470,2024
12434,944,2024
12435,209,2024
12436,607,2024
12438,190,2024
12439,384,2024
12440,1826,2024
12441,106,2024
12442,537,2024
12443,3559,2024
12444,576,2024
12446,5414,2024
12448,207,2024
12449,3010,2024
12450,215,2024
12451,909,2024
12452,33,2024
12453,241,2024
12454,266,2024
12455,1689,2024
12456,390,2024
12457,1041,2024
12458,3074,2024
12459,30,2024
12460,152,2024
12461,1604,2024
12463,1373,2024
12464,1033,2024
12465,255,2024
12466,1981,2024
12468,1329,2024
12469,798,2024
12470,618,2024
12471,237,2024
12472,1146,2024
12473,831,2024
12474,857,2024
12475,557,2024
12477,19066,2024
12480,510,2024
12481,1247,2024
12482,619,2024
12483,45,2024
12484,3155,2024
12485,1021,2024
12486,1440,2024
12487,4035,2024
12489,93,2024
12490,0,2024
12491,1981,2024
12492,298,2024
12493,526,2024
12494,934,2024
12495,277,2024
12496,1164,2024
12498,4572,2024
12501,2476,2024
12502,984,2024
12503,732,2024
12504,961,2024
12507,227,2024
12508,19566,2024
12512,194,2024
12513,228,2024
12514,3107,2024
12515,1492,2024
12516,1925,2024
12517,187,2024
12518,6114,2024
12520,3081,2024
12521,2056,2024
12522,4959,2024
12523,1908,2024
12524,15026,2024
12525,2749,2024
12526,3548,2024
12527,40,2024
12528,13827,2024
12529,2410,2024
12530,270,2024
12531,2337,2024
12533,27325,2024
12534,17176,2024
12538,14391,2024
12540,8856,2024
12542,5612,2024
12543,3190,2024
12544,127,2024
12545,4338,2024
12546,2706,2024
12547,3144,2024
12548,1064,2024
12549,10745,2024
12550,55152,2024
12553,27384,2024
12561,19830,2024
12563,7304,2024
12564,7734,2024
12565,1439,2024
12566,10269,2024
12567,2695,2024
12569,9837,2024
12570,6698,2024
12571,10108,2024
12572,8869,2024
12574,619,2024
12575,1600,2024
12577,1942,2024
12578,2249,2024
12580,4542,2024
12581,1914,2024
12582,5786,2024
12583,1994,2024
12585,1144,2024
12586,12971,2024
12589,18646,2024
12590,35712,2024
12592,1226,2024
12594,4222,2024
12601,44164,2024
12603,42304,2024
12604,2316,2024
12701,12197,2024
12719,1339,2024
12720,447,2024
12721,7359,2024
12722,0,2024
12723,1923,2024
12724,60,2024
12725,403,2024
12726,1168,2024
12729,1203,2024
12732,776,2024
12733,1865,2024
12734,950,2024
12736,145,2024
12737,1513,2024
12738,423,2024
12740,1732,2024
12741,222,2024
12742,253,2024
12743,279,2024
12745,20,2024
12746,778,2024
12747,2234,2024
12748,1518,2024
12749,419,2024
12750,33,2024
12751,1407,2024
12752,309,2024
12754,8296,2024
12758,4025,2024
12759,1619,2024
12760,367,2024
12762,394,2024
12763,890,2024
12764,1861,2024
12765,873,2024
12766,535,2024
12767,156,2024
12768,857,2024
12769,325,2024
12770,145,2024
12771,14049,2024
12775,2623,2024
12776,2073,2024
12777,695,2024
12778,707,2024
12779,2205,2024
12780,2346,2024
12781,177,2024
12783,1060,2024
12784,0,2024
12785,917,2024
12786,610,2024
12787,192,2024
12788,3037,2024
12789,2594,2024
12790,4537,2024
12791,763,2024
12792,163,2024
12801,14628,2024
12803,9712,2024
12804,28208,2024
12808,284,2024
12809,3669,2024
12810,471,2024
12811,181,2024
12812,265,2024
12814,1168,2024
12815,1140,2024
12816,4824,2024
12817,2168,2024
12819,350,2024
12820,10,2024
12821,2124,2024
12822,6284,2024
12823,597,2024
12824,1143,2024
12827,3716,2024
12828,9230,2024
12831,18025,2024
12832,6153,2024
12833,5316,2024
12834,6039,2024
12835,2708,2024
12836,498,2024
12837,1021,2024
12838,734,2024
12839,13541,2024
12841,74,2024
12842,995,2024
12843,461,2024
12844,172,2024
12845,4370,2024
12846,3013,2024
12847,740,2024
12849,371,2024
12850,2537,2024
12851,275,2024
12852,490,2024
12853,1235,2024
12854,86,2024
12855,208,2024
12856,260,2024
12857,606,2024
12858,118,2024
12859,1622,2024
12860,419,2024
12861,501,2024
12862,127,2024
12863,910,2024
12864,8,2024
12865,3356,2024
12866,40057,2024
12870,1756,2024
12871,3813,2024
12872,22,2024
12873,886,2024
12874,205,2024
12878,819,2024
12883,4744,2024
12884,538,2024
12885,4444,2024
12886,215,2024
12887,4691,2024
12901,31447,2024
12903,1824,2024
12910,1890,2024
12911,41,2024
12912,1682,2024
12913,989,2024
12914,711,2024
12915,55,2024
12916,2143,2024
12917,1221,2024
12918,2412,2024
12919,2961,2024
12920,2624,2024
12921,2304,2024
12922,44,2024
12923,532,2024
12924,333,2024
12926,2371,2024
12927,318,2024
12928,1984,2024
12929,2684,2024
12930,897,2024
12932,1278,2024
12933,7,2024
12934,1120,2024
12935,1180,2024
12936,691,2024
12937,1300,2024
12939,173,2024
12941,1487,2024
12942,450,2024
12943,260,2024
12944,3910,2024
12945,391,2024
12946,4872,2024
12950,628,2024
12952,286,2024
12953,12893,2024
12955,503,2024
12956,1271,2024
12957,1781,2024
12958,1827,2024
12959,1627,2024
12960,1143,2024
12961,22,2024
12962,5654,2024
12964,73,2024
12965,363,2024
12966,2656,2024
12967,1263,2024
12969,279,2024
12970,1084,2024
12972,6895,2024
12973,154,2024
12974,1617,2024
12975,78,2024
12976,137,2024
12977,1213,2024
12978,340,2024
12979,2465,2024
12980,1075,2024
12981,2259,2024
12983,7296,2024
12985,755,2024
12986,5326,2024
12987,119,2024
12989,1110,2024
12992,4615,2024
12993,1926,2024
12996,1903,2024
12997,1251,2024
12998,399,2024
13020,86,2024
13021,37247,2024
13024,1230,2024
13026,1619,2024
13027,35088,2024
13028,1162,2024
13029,7725,2024
13030,3635,2024
13031,16285,2024
13032,12850,2024
13033,3732,2024
13034,2029,2024
13035,8428,2024
13036,8616,2024
13037,9607,2024
13039,16951,2024
13040,2595,2024
13041,12330,2024
13042,1960,2024
13044,2643,2024
13045,28361,2024
13051,47,2024
13052,1759,2024
13053,4794,2024
13054,1334,2024
13057,14253,2024
13060,2725,2024
13061,668,2024
13062,195,2024
13063,1624,2024
13065,80,2024
13066,12504,2024
13068,4592,2024
13069,22810,2024
13071,796,2024
13072,840,2024
13073,6054,2024
13074,4496,2024
13076,2778,2024
13077,6405,2024
13078,10119,2024
13080,3313,2024
13081,1122,2024
13082,4314,2024
13083,1835,2024
13084,4159,2024
13087,116,2024
13088,22073,2024
13090,29004,2024
13092,2689,2024
13101,2358,2024
13102,36,2024
13103,224,2024
13104,16168,2024
13108,6093,2024
13110,2494,2024
13111,1463,2024
13112,2140,2024
13113,56,2024
13114,7214,2024
13115,127,2024
13116,3653,2024
13117,132,2024
13118,5591,2024
13119,0,2024
13120,1625,2024
13121,0,2024
13122,1257,2024
13123,90,2024
13124,88,2024
13126,36495,2024
13131,2880,2024
13132,3626,2024
13134,113,2024
13135,6515,2024
13136,406,2024
13138,157,2024
13140,3959,2024
13141,652,2024
13142,6365,2024
13143,2504,2024
13144,1219,2024
13145,2028,2024
13146,2085,2024
13147,1236,2024
13148,10749,2024
13152,7681,2024
13153,403,2024
13154,65,2024
13155,669,2024
13156,2156,2024
13157,529,2024
13158,1217,2024
13159,5204,2024
13160,2444,2024
13162,193,2024
13163,286,2024
13164,2904,2024
13165,9458,2024
13166,5622,2024
13167,3215,2024
13202,7098,2024
13203,16180,2024
13204,19440,2024
13205,19137,2024
13206,16245,2024
13207,12290,2024
13208,22993,2024
13209,12714,2024
13210,19803,2024
13211,6111,2024
13212,19917,2024
13214,8702,2024
13215,14751,2024
13219,14744,2024
13224,8659,2024
13244,9683,2024
13290,0,2024
13301,69,2024
13302,1289,2024
13303,1410,2024
13304,1653,2024
13305,403,2024
13308,3862,2024
13309,5825,2024
13310,654,2024
13312,228,2024
13313,586,2024
13314,118,2024
13315,1237,2024
13316,6063,2024
13317,3888,2024
13318,896,2024
13319,344,2024
13320,1971,2024
13321,678,2024
13322,1172,2024
13323,11078,2024
13324,1729,2024
13325,918,2024
13326,4586,2024
13327,2009,2024
13328,1311,2024
13329,3256,2024
13331,204,2024
13332,2577,2024
13333,46,2024
13334,1067,2024
13335,1511,2024
13337,607,2024
13338,1280,2024
13339,6010,2024
13340,7404,2024
13342,255,2024
13343,1606,2024
13345,217,2024
13346,6406,2024
13348,1409,2024
13350,9522,2024
13352,25,2024
13353,63,2024
13354,3554,2024
13355,780,2024
13357,10167,2024
13360,227,2024
13361,725,2024
13363,1981,2024
13364,333,2024
13365,8578,2024
13367,8601,2024
13368,1129,2024
13402,1133,2024
13403,7388,2024
13404,159,2024
13406,486,2024
13407,5042,2024
13408,3391,2024
13409,2144,2024
13410,508,2024
13411,2999,2024
13413,16742,2024
13415,73,2024
13416,2369,2024
13417,3880,2024
13418,97,2024
13420,1055,2024
13421,12771,2024
13424,2306,2024
13425,2010,2024
13428,1689,2024
13431,1847,2024
13433,1686,2024
13435,218,2024
13436,135,2024
13437,254,2024
13438,3065,2024
13439,3681,2024
13440,41555,2024
13441,68,2024
13450,143,2024
13452,4792,2024
13454,735,2024
13455,74,2024
13456,3848,2024
13457,26,2024
13459,1888,2024
13460,4182,2024
13461,3047,2024
13464,1207,2024
13468,256,2024
13469,855,2024
13470,877,2024
13471,2806,2024
13472,259,2024
13473,982,2024
13475,44,2024
13476,2572,2024
13477,1498,2024
13478,3078,2024
13480,3321,2024
13482,108,2024
13483,377,2024
13484,100,2024
13485,1779,2024
13486,646,2024
13488,103,2024
13489,576,2024
13490,1031,2024
13491,3431,2024
13492,11250,2024
13493,2428,2024
13494,346,2024
13495,1841,2024
13501,38931,2024
13502,34037,2024
13601,36839,2024
13602,2440,2024
13603,14136,2024
13605,5259,2024
13606,2468,2024
13607,2020,2024
13608,1676,2024
13611,147,2024
13612,2865,2024
13613,2931,2024
13614,214,2024
13615,700,2024
13616,1430,2024
13617,12431,2024
13618,1771,2024
13619,10578,2024
13620,2298,2024
13621,589,2024
13622,1859,2024
13623,68,2024
13624,4650,2024
13625,1792,2024
13626,2202,2024
13628,330,2024
13630,1184,2024
13632,118,2024
13633,389,2024
13634,3570,2024
13635,1279,2024
13636,141,2024
13637,5212,2024
13638,157,2024
13639,23,2024
13640,318,2024
13641,91,2024
13642,9043,2024
13643,193,2024
13645,0,2024
13646,2546,2024
13647,26,2024
13648,2236,2024
13649,56,2024
13650,1236,2024
13651,147,2024
13652,2067,2024
13654,2073,2024
13655,3694,2024
13656,2942,2024
13658,2189,2024
13659,386,2024
13660,1774,2024
13661,1908,2024
13662,15556,2024
13664,384,2024
13665,465,2024
13666,234,2024
13667,3476,2024
13668,3563,2024
13669,15542,2024
13670,378,2024
13672,449,2024
13673,2097,2024
13674,178,2024
13675,54,2024
13676,12874,2024
13678,20,2024
13679,1205,2024
13680,1186,2024
13681,738,2024
13682,854,2024
13683,41,2024
13684,1149,2024
13685,2362,2024
13687,483,2024
13690,748,2024
13691,2990,2024
13692,222,2024
13693,423,2024
13694,1442,2024
13695,157,2024
13696,181,2024
13697,1898,2024
13699,2194,2024
13730,2679,2024
13731,1038,2024
13732,7385,2024
13733,5076,2024
13734,2269,2024
13736,1936,2024
13738,20,2024
13739,833,2024
13740,626,2024
13743,3077,2024
13744,1125,2024
13746,2535,2024
13747,0,2024
13748,3738,2024
13750,896,2024
13751,297,2024
13752,858,2024
13753,5696,2024
13754,2768,2024
13755,652,2024
13756,697,2024
13757,1130,2024
13760,42896,2024
13774,323,2024
13775,1752,2024
13776,380,2024
13777,656,2024
13778,5351,2024
13780,968,2024
13782,936,2024
13783,2035,2024
13784,382,2024
13786,430,2024
13787,2432,2024
13788,997,2024
13790,18739,2024
13795,3681,2024
13796,1210,2024
13797,2119,2024
13801,1545,2024
13802,729,2024
13803,4273,2024
13804,244,2024
13806,143,2024
13807,1218,2024
13808,1581,2024
13809,1410,2024
13810,1090,2024
13811,4127,2024
13812,2574,2024
13813,997,2024
13814,25,2024
13815,12654,2024
13820,23056,2024
13825,2903,2024
13826,141,2024
13827,11832,2024
13830,4597,2024
13832,448,2024
13833,4190,2024
13834,92,2024
13835,1184,2024
13838,4251,2024
13839,1360,2024
13841,385,2024
13842,582,2024
13843,2038,2024
13844,555,2024
13846,308,2024
13847,18,2024
13849,4427,2024
13850,23689,2024
13856,5881,2024
13859,56,2024
13860,257,2024
13861,462,2024
13862,3440,2024
13863,382,2024
13864,1099,2024
13865,5610,2024
13901,19613,2024
13902,7449,2024
13903,17569,2024
13904,9221,2024
13905,27988,2024
14001,8937,2024
14004,11396,2024
14005,1772,2024
14006,9260,2024
14008,1423,2024
14009,5748,2024
14011,8122,2024
14012,2911,2024
14013,1423,2024
14020,22002,2024
14024,1773,2024
14025,3243,2024
14026,617,2024
14027,142,2024
14028,1257,2024
14029,20,2024
14030,2067,2024
14031,9885,2024
14032,10222,2024
14033,1539,2024
14034,2086,2024
14035,152,2024
14036,5782,2024
14037,904,2024
14039,117,2024
14040,1974,2024
14041,308,2024
14042,3967,2024
14043,25098,2024
14047,6013,2024
14048,14739,2024
14051,19739,2024
14052,17514,2024
14054,1391,2024
14055,1418,2024
14056,162,2024
14057,7972,2024
14058,2370,2024
14059,9138,2024
14060,362,2024
14061,93,2024
14062,3266,2024
14063,12575,2024
14065,1597,2024
14066,991,2024
14067,3976,2024
14068,8636,2024
14069,443,2024
14070,5001,2024
14072,21488,2024
14075,44520,2024
14080,4444,2024
14081,2742,2024
14082,485,2024
14083,75,2024
14085,8531,2024
14086,35635,2024
14091,1316,2024
14092,10247,2024
14094,50153,2024
14098,2707,2024
14101,1997,2024
14102,1856,2024
14103,10810,2024
14105,5313,2024
14108,5713,2024
14109,1473,2024
14111,3186,2024
14112,0,2024
14113,709,2024
14120,44241,2024
14125,3648,2024
14126,109,2024
14127,31543,2024
14129,1236,2024
14130,70,2024
14131,5252,2024
14132,6453,2024
14134,32,2024
14135,90,2024
14136,5450,2024
14138,2046,2024
14139,2113,2024
14141,7603,2024
14143,1216,2024
14145,1185,2024
14150,41260,2024
14166,173,2024
14167,1804,2024
14168,50,2024
14169,77,2024
14170,2292,2024
14171,1611,2024
14172,3091,2024
14173,266,2024
14174,5669,2024
14201,12369,2024
14202,3862,2024
14203,2424,2024
14204,7932,2024
14206,21631,2024
14207,26327,2024
14208,12572,2024
14209,8313,2024
14210,15563,2024
14211,24663,2024
14212,13299,2024
14213,24107,2024
14214,21314,2024
14215,42524,2024
14216,22849,2024
14217,22471,2024
14218,20312,2024
14219,10652,2024
14220,24428,2024
14221,55255,2024
14222,15311,2024
14223,22611,2024
14224,41219,2024
14225,33620,2024
14226,29159,2024
14227,20621,2024
14228,25350,2024
14260,924,2024
14261,5033,2024
14301,10923,2024
14302,189,2024
14303,6156,2024
14304,29208,2024
14305,16696,2024
14411,12429,2024
14413,71,2024
14414,6576,2024
14415,77,2024
14416,3960,2024
14418,1149,2024
14420,20375,2024
14422,1809,2024
14423,4947,2024
14424,28786,2024
14425,13839,2024
14427,1720,2024
14428,8127,2024
14432,5518,2024
14433,4404,2024
14435,2512,2024
14437,8984,2024
14441,308,2024
14445,7529,2024
14450,42750,2024
14453,0,2024
14454,11127,2024
14456,19756,2024
14462,877,2024
14463,255,2024
14464,6755,2024
14466,1754,2024
14467,10168,2024
14468,18526,2024
14469,6008,2024
14470,7758,2024
14471,2727,2024
14472,9039,2024
14475,215,2024
14476,2443,2024
14477,1706,2024
14478,1391,2024
14479,234,2024
14480,520,2024
14481,1640,2024
14482,8339,2024
14485,4153,2024
14486,444,2024
14487,5492,2024
14489,6897,2024
14502,10831,2024
14504,1631,2024
14505,5138,2024
14506,923,2024
14507,1292,2024
14510,4754,2024
14511,548,2024
14512,4852,2024
14513,13375,2024
14514,6572,2024
14515,215,2024
14516,2185,2024
14517,2388,2024
14519,12642,2024
14521,2594,2024
14522,9121,2024
14525,2608,2024
14526,19629,2024
14527,12677,2024
14529,77,2024
14530,5553,2024
14532,4165,2024
14533,1538,2024
14534,33230,2024
14536,659,2024
14537,210,2024
14539,102,2024
14541,3713,2024
14542,32,2024
14543,3717,2024
14544,2371,2024
14545,141,2024
14546,4450,2024
14548,3821,2024
14549,426,2024
14550,1301,2024
14551,5063,2024
14555,1165,2024
14556,913,2024
14557,128,2024
14559,17200,2024
14560,2412,2024
14561,2081,2024
14564,16364,2024
14568,5547,2024
14569,6430,2024
14571,1190,2024
14572,4817,2024
14580,54180,2024
14585,170,2024
14586,13291,2024
14588,240,2024
14589,7967,2024
14590,5191,2024
14591,1495,2024
14592,143,2024
14604,3251,2024
14605,11783,2024
14606,25538,2024
14607,17891,2024
14608,12792,2024
14609,40274,2024
14610,14311,2024
14611,17145,2024
14612,35152,2024
14613,15047,2024
14614,1158,2024
14615,17884,2024
14616,26863,2024
14617,21788,2024
14618,25476,2024
14619,13477,2024
14620,23769,2024
14621,32381,2024
14622,12574,2024
14623,26032,2024
14624,38626,2024
14625,10717,2024
14626,29273,2024
14627,3159,2024
14642,0,2024
14701,38461,2024
14706,5939,2024
14707,129,2024
14708,148,2024
14709,1201,2024
14710,2980,2024
14711,2063,2024
14712,3262,2024
14714,555,2024
14715,2484,2024
14716,2453,2024
14717,586,2024
14718,1854,2024
14719,3448,2024
14720,924,2024
14721,227,2024
14722,243,2024
14723,1187,2024
14724,3115,2024
14726,2494,2024
14727,4925,2024
14728,842,2024
14729,756,2024
14731,1226,2024
14732,48,2024
14733,3367,2024
14735,2575,2024
14736,172,2024
14737,4376,2024
14738,3578,2024
14739,2731,2024
14740,1269,2024
14741,1805,2024
14742,72,2024
14743,2037,2024
14744,2188,2024
14747,2005,2024
14748,446,2024
14750,4508,2024
14752,62,2024
14753,1060,2024
14754,586,2024
14755,2919,2024
14756,26,2024
14757,3114,2024
14760,17474,2024
14767,2061,2024
14769,757,2024
14770,2621,2024
14772,4394,2024
14774,324,2024
14775,2328,2024
14777,454,2024
14778,1539,2024
14779,6738,2024
14781,1796,2024
14782,2099,2024
14783,80,2024
14784,805,2024
14785,0,2024
14787,4771,2024
14788,107,2024
14801,5275,2024
14802,4814,2024
14803,1514,2024
14804,1362,2024
14805,801,2024
14806,1912,2024
14807,2681,2024
14808,500,2024
14809,2890,2024
14810,11534,2024
14812,2954,2024
14813,2480,2024
14814,2152,2024
14815,678,2024
14816,534,2024
14817,2479,2024
14818,1878,2024
14819,755,2024
14820,606,2024
14821,2958,2024
14822,851,2024
14823,3610,2024
14824,687,2024
14825,751,2024
14826,2035,2024
14827,22,2024
14830,19015,2024
14836,1055,2024
14837,5801,2024
14838,1889,2024
14839,610,2024
14840,2425,2024
14841,698,2024
14842,802,2024
14843,12383,2024
14845,20327,2024
14846,928,2024
14847,2300,2024
14850,68610,2024
14853,2405,2024
14854,76,2024
14855,992,2024
14856,0,2024
14858,1425,2024
14859,979,2024
14860,1197,2024
14861,1260,2024
14864,1197,2024
14865,2421,2024
14867,5149,2024
14869,982,2024
14870,9795,2024
14871,4207,2024
14872,589,2024
14873,1945,2024
14874,209,2024
14877,658,2024
14878,602,2024
14879,2160,2024
14880,1548,2024
14881,117,2024
14882,4191,2024
14883,4184,2024
14884,362,2024
14885,749,2024
14886,6652,2024
14889,1357,2024
14891,4561,2024
14892,7703,2024
14893,37,2024
14894,1244,2024
14895,9061,2024
14897,671,2024
14898,1469,2024
14901,13970,2024
14903,7078,2024
14904,14861,2024
14905,8751,2024
15001,31976,2024
15003,11387,2024
15004,217,2024
15005,9570,2024
15006,180,2024
15007,256,2024
15009,15565,2024
15010,28542,2024
15012,15412,2024
15014,3095,2024
15015,1291,2024
15017,17782,2024
15018,712,2024
15019,1056,2024
15020,481,2024
15021,7110,2024
15022,9959,2024
15024,9325,2024
15025,16939,2024
15026,4175,2024
15027,2258,2024
15028,128,2024
15030,1018,2024
15031,382,2024
15033,4572,2024
15034,1643,2024
15035,2002,2024
15037,10417,2024
15038,279,2024
15042,7733,2024
15043,2253,2024
15044,27370,2024
15045,4368,2024
15046,2141,2024
15047,203,2024
15049,974,2024
15050,2155,2024
15051,329,2024
15052,2873,2024
15053,127,2024
15054,352,2024
15055,1403,2024
15056,1041,2024
15057,16583,2024
15059,4070,2024
15060,853,2024
15061,12413,2024
15062,6780,2024
15063,10525,2024
15064,360,2024
15065,10894,2024
15066,12048,2024
15067,2142,2024
15068,36203,2024
15071,12663,2024
15072,42,2024
15074,8550,2024
15075,22,2024
15076,1010,2024
15077,154,2024
15078,714,2024
15081,404,2024
15082,275,2024
15083,913,2024
15084,9743,2024
15085,8062,2024
15086,788,2024
15087,85,2024
15088,344,2024
15089,6789,2024
15090,25763,2024
15101,26036,2024
15102,30344,2024
15104,8034,2024
15106,19244,2024
15108,42799,2024
15110,5149,2024
15112,3655,2024
15116,14461,2024
15120,18029,2024
15122,18816,2024
15123,2,2024
15126,7276,2024
15129,10789,2024
15131,8209,2024
15132,18898,2024
15133,6112,2024
15135,4859,2024
15136,22623,2024
15137,10043,2024
15139,6702,2024
15140,3032,2024
15142,1513,2024
15143,21851,2024
15144,3771,2024
15145,6695,2024
15146,28332,2024
15147,15798,2024
15148,2351,2024
15201,13333,2024
15202,19564,2024
15203,10370,2024
15204,8467,2024
15205,24060,2024
15206,29056,2024
15207,10961,2024
15208,10094,2024
15209,12328,2024
15210,25227,2024
15211,10728,2024
15212,27652,2024
15213,30466,2024
15214,14048,2024
15215,11907,2024
15216,21471,2024
15217,25795,2024
15218,13379,2024
15219,11376,2024
15220,17644,2024
15221,29374,2024
15222,5725,2024
15223,6255,2024
15224,10665,2024
15225,1085,2024
15226,13999,2024
15227,28460,2024
15228,18236,2024
15229,15188,2024
15232,11349,2024
15233,2596,2024
15234,14014,2024
15235,33951,2024
15236,31313,2024
15237,43588,2024
15238,12868,2024
15239,21410,2024
15241,22294,2024
15243,13456,2024
15260,0,2024
15275,86,2024
15282,5772,2024
15290,0,2024
15301,50348,2024
15310,296,2024
15311,843,2024
15312,3603,2024
15313,422,2024
15314,3545,2024
15315,1078,2024
15316,231,2024
15317,43871,2024
15320,4558,2024
15321,2025,2024
15322,1892,2024
15323,3860,2024
15324,662,2024
15325,269,2024
15327,1092,2024
15329,1390,2024
15330,6023,2024
15331,891,2024
15332,7678,2024
15333,1883,2024
15334,339,2024
15337,474,2024
15338,1356,2024
15340,1524,2024
15341,664,2024
15342,5097,2024
15344,1541,2024
15345,1547,2024
15346,509,2024
15347,350,2024
15348,39,2024
15349,1498,2024
15350,373,2024
15351,1306,2024
15352,635,2024
15353,67,2024
15357,1572,2024
15358,1025,2024
15359,330,2024
15360,1690,2024
15361,107,2024
15362,550,2024
15363,605,2024
15364,628,2024
15365,145,2024
15366,550,2024
15367,9906,2024
15368,353,2024
15370,13462,2024
15376,1441,2024
15377,614,2024
15378,0,2024
15379,64,2024
15380,730,2024
15401,29942,2024
15410,728,2024
15411,695,2024
15412,208,2024
15413,526,2024
15416,531,2024
15417,7363,2024
15419,3421,2024
15420,129,2024
15421,207,2024
15422,302,2024
15423,1846,2024
15424,2011,2024
15425,17545,2024
15427,789,2024
15428,1763,2024
15429,551,2024
15430,224,2024
15431,4661,2024
15432,326,2024
15433,550,2024
15434,280,2024
15435,85,2024
15436,1750,2024
15437,2518,2024
15438,1915,2024
15440,297,2024
15442,2596,2024
15443,89,2024
15444,1066,2024
15445,2314,2024
15446,35,2024
15447,73,2024
15448,150,2024
15449,632,2024
15450,2252,2024
15451,675,2024
15454,313,2024
15455,332,2024
15456,2534,2024
15458,2620,2024
15459,1861,2024
15460,89,2024
15461,3792,2024
15462,80,2024
15463,59,2024
15464,1564,2024
15465,508,2024
15466,413,2024
15467,52,2024
15468,2211,2024
15469,2377,2024
15470,601,2024
15472,166,2024
15473,3422,2024
15474,2456,2024
15475,944,2024
15476,10,2024
15477,733,2024
15478,5560,2024
15479,2010,2024
15480,1766,2024
15482,456,2024
15483,291,2024
15484,792,2024
15486,2027,2024
15488,74,2024
15489,146,2024
15490,659,2024
15492,173,2024
15501,16240,2024
15502,113,2024
15510,2118,2024
15520,301,2024
15521,1712,2024
15522,11111,2024
15530,5299,2024
15531,3603,2024
15532,107,2024
15533,1222,2024
15534,884,2024
15535,1994,2024
15536,397,2024
15537,8083,2024
15538,867,2024
15539,158,2024
15540,418,2024
15541,3112,2024
15542,1088,2024
15544,274,2024
15545,2562,2024
15546,437,2024
15547,862,2024
15550,1658,2024
15551,609,2024
15552,5685,2024
15554,2726,2024
15555,69,2024
15557,3323,2024
15558,1960,2024
15559,2084,2024
15560,142,2024
15561,179,2024
15562,344,2024
15563,2824,2024
15564,86,2024
15565,25,2024
15601,56425,2024
15610,3988,2024
15611,241,2024
15612,443,2024
15613,12854,2024
15615,148,2024
15616,363,2024
15617,262,2024
15618,2386,2024
15619,488,2024
15620,801,2024
15622,682,2024
15623,1135,2024
15624,218,2024
15625,58,2024
15626,5129,2024
15627,6167,2024
15628,458,2024
15629,631,2024
15631,672,2024
15632,8377,2024
15633,682,2024
15634,421,2024
15635,228,2024
15636,3560,2024
15637,1821,2024
15638,104,2024
15639,2160,2024
15640,355,2024
15641,464,2024
15642,46325,2024
15644,18512,2024
15646,161,2024
15647,49,2024
15650,26312,2024
15655,357,2024
15656,9506,2024
15658,8115,2024
15660,299,2024
15661,858,2024
15662,969,2024
15663,377,2024
15665,1339,2024
15666,15980,2024
15668,14584,2024
15670,3675,2024
15671,671,2024
15672,3321,2024
15673,1156,2024
15674,158,2024
15675,1290,2024
15676,544,2024
15677,516,2024
15678,472,2024
15679,2781,2024
15680,230,2024
15681,4698,2024
15682,234,2024
15683,7643,2024
15684,201,2024
15686,1102,2024
15687,1241,2024
15688,612,2024
15689,92,2024
15690,8985,2024
15691,302,2024
15692,992,2024
15693,277,2024
15695,181,2024
15696,218,2024
15697,2877,2024
15698,789,2024
15701,31269,2024
15705,3101,2024
15710,188,2024
15711,322,2024
15712,42,2024
15713,131,2024
15714,5205,2024
15715,505,2024
15716,369,2024
15717,9206,2024
15720,382,2024
15721,161,2024
15722,2358,2024
15723,26,2024
15724,2049,2024
15725,979,2024
15727,195,2024
15728,3510,2024
15729,970,2024
15730,142,2024
15731,200,2024
15732,1606,2024
15733,71,2024
15734,176,2024
15736,386,2024
15737,123,2024
15738,186,2024
15739,366,2024
15741,45,2024
15742,929,2024
15744,44,2024
15745,239,2024
15746,105,2024
15747,1641,2024
15748,7343,2024
15750,347,2024
15752,143,2024
15753,463,2024
15754,266,2024
15756,196,2024
15757,1272,2024
15759,2550,2024
15760,127,2024
15761,144,2024
15762,887,2024
15763,15,2024
15764,178,2024
15765,1469,2024
15767,13918,2024
15770,188,2024
15771,903,2024
15772,1556,2024
15773,448,2024
15774,2602,2024
15775,513,2024
15776,29,2024
15777,28,2024
15778,367,2024
15779,526,2024
15780,120,2024
15781,89,2024
15783,113,2024
15784,49,2024
15801,20160,2024
15821,74,2024
15823,1266,2024
15824,5115,2024
15825,9426,2024
15827,301,2024
15828,285,2024
15829,1233,2024
15831,58,2024
15832,289,2024
15834,4015,2024
15840,1928,2024
15841,226,2024
15845,3121,2024
15846,3408,2024
15847,65,2024
15848,1085,2024
15849,1369,2024
15851,7059,2024
15853,6420,2024
15856,776,2024
15857,12736,2024
15860,1160,2024
15861,84,2024
15863,159,2024
15864,1789,2024
15865,923,2024
15866,201,2024
15868,1435,2024
15870,1109,2024
15901,3397,2024
15902,11462,2024
15904,16026,2024
15905,19329,2024
15906,9504,2024
15909,4571,2024
15920,695,2024
15921,269,2024
15922,82,2024
15923,1585,2024
15924,740,2024
15925,101,2024
15926,2602,2024
15927,846,2024
15928,2171,2024
15929,112,2024
15930,413,2024
15931,8919,2024
15934,36,2024
15935,2514,2024
15936,1463,2024
15937,543,2024
15938,2312,2024
15940,3841,2024
15942,2185,2024
15943,3925,2024
15944,3063,2024
15945,173,2024
15946,6561,2024
15948,391,2024
15949,716,2024
15951,633,2024
15952,1015,2024
15953,96,2024
15954,2279,2024
15955,2399,2024
15956,2274,2024
15957,262,2024
15958,2260,2024
15960,163,2024
15961,875,2024
15962,391,2024
15963,10132,2024
16001,39234,2024
16002,15587,2024
16020,1169,2024
16022,219,2024
16023,4082,2024
16024,210,2024
16025,4793,2024
16027,423,2024
16028,1981,2024
16029,916,2024
16030,272,2024
16033,8185,2024
16034,1752,2024
16035,252,2024
16036,305,2024
16037,5291,2024
16038,3292,2024
16040,1013,2024
16041,1747,2024
16045,1136,2024
16046,19757,2024
16048,225,2024
16049,2965,2024
16050,1097,2024
16051,3119,2024
16052,2215,2024
16053,3429,2024
16054,333,2024
16055,8993,2024
16056,4232,2024
16057,15718,2024
16059,10062,2024
16061,2564,2024
16063,8256,2024
16066,33873,2024
16101,30767,2024
16102,4929,2024
16105,15418,2024
16110,295,2024
16111,1282,2024
16112,1322,2024
16113,358,2024
16114,579,2024
16115,3467,2024
16116,2727,2024
16117,15786,2024
16120,2221,2024
16121,4199,2024
16123,2335,2024
16124,1462,2024
16125,17178,2024
16127,15117,2024
16130,1810,2024
16131,777,2024
16132,327,2024
16133,1425,2024
16134,3992,2024
16136,811,2024
16137,12490,2024
16140,293,2024
16141,2033,2024
16142,5522,2024
16143,2100,2024
16145,2660,2024
16146,12936,2024
16148,16545,2024
16150,6856,2024
16151,52,2024
16153,2234,2024
16154,2539,2024
16155,98,2024
16156,3431,2024
16157,2840,2024
16159,4455,2024
16160,909,2024
16161,819,2024
16172,983,2024
16201,17040,2024
16210,574,2024
16211,218,2024
16212,261,2024
16213,107,2024
16214,8494,2024
16217,77,2024
16218,1000,2024
16220,19,2024
16222,3306,2024
16223,65,2024
16224,763,2024
16226,7689,2024
16228,409,2024
16229,4798,2024
16230,501,2024
16232,4025,2024
16233,1195,2024
16235,1356,2024
16236,405,2024
16238,402,2024
16239,3951,2024
16240,1327,2024
16242,4513,2024
16244,342,2024
16245,196,2024
16246,152,2024
16248,3216,2024
16249,1791,2024
16250,240,2024
16253,87,2024
16254,3516,2024
16255,1981,2024
16256,2162,2024
16258,1837,2024
16259,1911,2024
16260,293,2024
16262,2772,2024
16263,259,2024
16301,15233,2024
16311,421,2024
16312,31,2024
16313,1653,2024
16314,5188,2024
16316,4562,2024
16317,1220,2024
16319,961,2024
16321,11,2024
16322,159,2024
16323,14353,2024
16326,283,2024
16327,2553,2024
16328,231,2024
16329,441,2024
16331,123,2024
16332,121,2024
16333,248,2024
16334,453,2024
16335,27175,2024
16340,1763,2024
16341,1761,2024
16342,2126,2024
16343,670,2024
16344,460,2024
16345,3436,2024
16346,3201,2024
16347,1596,2024
16350,2477,2024
16351,1576,2024
16352,263,2024
16353,2473,2024
16354,9989,2024
16360,1363,2024
16361,49,2024
16362,1066,2024
16364,1306,2024
16365,17292,2024
16370,215,2024
16371,3211,2024
16372,517,2024
16373,3254,2024
16374,1672,2024
16401,3744,2024
16402,624,2024
16403,6959,2024
16404,3446,2024
16405,514,2024
16406,3388,2024
16407,10525,2024
16410,1931,2024
16411,1325,2024
16412,9612,2024
16415,10104,2024
16416,113,2024
16417,8599,2024
16420,515,2024
16421,2289,2024
16422,95,2024
16423,3857,2024
16424,4503,2024
16426,3273,2024
16427,204,2024
16428,12595,2024
16430,148,2024
16433,4694,2024
16434,3120,2024
16435,1677,2024
16436,639,2024
16438,7421,2024
16440,787,2024
16441,9134,2024
16442,3050,2024
16443,1196,2024
16444,1190,2024
16475,2194,2024
16501,2022,2024
16502,15995,2024
16503,15753,2024
16504,15931,2024
16505,15270,2024
16506,24070,2024
16507,8597,2024
16508,14958,2024
16509,28595,2024
16510,24198,2024
16511,11776,2024
16546,929,2024
16550,0,2024
16563,1607,2024
16601,33515,2024
16602,26352,2024
16611,2665,2024
16613,1647,2024
16616,103,2024
16617,2392,2024
16619,393,2024
16620,326,2024
16621,604,2024
16622,82,2024
16623,492,2024
16624,253,2024
16625,3147,2024
16627,1927,2024
16630,4726,2024
16631,57,2024
16633,313,2024
16634,262,2024
16635,12003,2024
16636,808,2024
16637,2345,2024
16638,58,2024
16639,1390,2024
16640,1077,2024
16641,2348,2024
16645,204,2024
16646,2185,2024
16647,864,2024
16648,14904,2024
16650,1796,2024
16651,5484,2024
16652,15866,2024
16654,1906,2024
16655,1427,2024
16656,1148,2024
16657,1170,2024
16659,255,2024
16661,944,2024
16662,6069,2024
16664,2195,2024
16665,253,2024
16666,2999,2024
16667,1371,2024
16668,3507,2024
16669,2099,2024
16670,89,2024
16671,411,2024
16672,177,2024
16673,5204,2024
16674,548,2024
16675,88,2024
16677,239,2024
16678,2452,2024
16679,656,2024
16680,359,2024
16682,402,2024
16683,353,2024
16684,108,2024
16685,303,2024
16686,13427,2024
16689,389,2024
16691,325,2024
16692,923,2024
16693,3795,2024
16694,355,2024
16695,941,2024
16699,0,2024
16701,16556,2024
16720,1261,2024
16724,69,2024
16725,147,2024
16726,665,2024
16727,37,2024
16729,684,2024
16730,27,2024
16731,2407,2024
16732,241,2024
16733,226,2024
16734,174,2024
16735,6149,2024
16738,2118,2024
16740,878,2024
16743,4061,2024
16744,187,2024
16745,592,2024
16746,1046,2024
16748,2908,2024
16749,3777,2024
16750,464,2024
16801,40774,2024
16802,14793,2024
16803,23977,2024
16820,1457,2024
16821,93,2024
16822,1784,2024
16823,29126,2024
16825,231,2024
16826,439,2024
16827,5123,2024
16828,5000,2024
16829,762,2024
16830,13526,2024
16832,224,2024
16833,5021,2024
16834,733,2024
16835,199,2024
16836,1057,2024
16837,81,2024
16838,1821,2024
16839,392,2024
16840,476,2024
16841,6477,2024
16843,165,2024
16844,2606,2024
16845,1010,2024
16847,221,2024
16848,215,2024
16849,149,2024
16851,974,2024
16852,203,2024
16853,242,2024
16854,883,2024
16855,172,2024
16856,160,2024
16858,3945,2024
16859,500,2024
16860,358,2024
16861,327,2024
16863,586,2024
16864,69,2024
16865,1820,2024
16866,9152,2024
16868,1050,2024
16870,7499,2024
16871,47,2024
16872,1430,2024
16874,1220,2024
16875,3708,2024
16876,285,2024
16877,1524,2024
16878,1783,2024
16879,406,2024
16881,2245,2024
16882,429,2024
16901,10242,2024
16910,64,2024
16911,259,2024
16912,2507,2024
16914,2354,2024
16915,5600,2024
16917,1293,2024
16920,1760,2024
16921,622,2024
16922,1575,2024
16923,1457,2024
16925,3268,2024
16926,926,2024
16927,614,2024
16928,1476,2024
16929,2666,2024
16930,1119,2024
16932,546,2024
16933,6610,2024
16935,1181,2024
16936,1940,2024
16937,167,2024
16938,837,2024
16939,172,2024
16940,19,2024
16941,94,2024
16942,892,2024
16943,417,2024
16946,2455,2024
16947,4797,2024
16948,1570,2024
16950,3327,2024
17002,451,2024
17003,12534,2024
17004,5551,2024
17005,289,2024
17006,1102,2024
17007,5865,2024
17009,1765,2024
17010,160,2024
17011,39664,2024
17013,38513,2024
17014,174,2024
17015,24385,2024
17016,909,2024
17017,1509,2024
17018,3902,2024
17019,19594,2024
17020,8826,2024
17021,912,2024
17022,31908,2024
17023,3489,2024
17024,1734,2024
17025,17648,2024
17026,3137,2024
17027,2801,2024
17028,3563,2024
17029,382,2024
17030,541,2024
17032,7551,2024
17033,16481,2024
17034,3071,2024
17035,864,2024
17036,23520,2024
17037,1176,2024
17038,8394,2024
17039,38,2024
17040,2631,2024
17041,190,2024
17042,40161,2024
17043,5852,2024
17044,20234,2024
17045,3811,2024
17046,31835,2024
17047,3228,2024
17048,3870,2024
17049,3046,2024
17050,43571,2024
17051,4352,2024
17052,1474,2024
17053,5067,2024
17054,286,2024
17055,42006,2024
17056,27,2024
17057,23560,2024
17058,1578,2024
17059,8013,2024
17060,1248,2024
17061,6842,2024
17062,3917,2024
17063,3177,2024
17064,839,2024
17065,4389,2024
17066,5102,2024
17067,15815,2024
17068,4235,2024
17069,192,2024
17070,16830,2024
17071,116,2024
17073,6314,2024
17074,7304,2024
17075,125,2024
17076,0,2024
17077,108,2024
17078,23840,2024
17080,264,2024
17081,248,2024
17082,3046,2024
17084,4683,2024
17086,1982,2024
17087,2370,2024
17088,459,2024
17090,5206,2024
17093,684,2024
17094,2424,2024
17097,721,2024
17098,2618,2024
17099,1187,2024
17101,2722,2024
17102,8118,2024
17103,13115,2024
17104,18541,2024
17109,27466,2024
17110,27364,2024
17111,36744,2024
17112,38502,2024
17113,11724,2024
17120,0,2024
17201,27554,2024
17202,33566,2024
17210,242,2024
17211,354,2024
17212,750,2024
17213,525,2024
17214,1143,2024
17215,182,2024
17217,182,2024
17219,484,2024
17220,347,2024
17221,458,2024
17222,10550,2024
17223,326,2024
17224,1603,2024
17225,20347,2024
17228,1000,2024
17229,1253,2024
17232,27,2024
17233,4961,2024
17235,622,2024
17236,8845,2024
17237,1759,2024
17238,1782,2024
17239,209,2024
17240,3241,2024
17241,11181,2024
17243,1264,2024
17244,2263,2024
17246,542,2024
17247,629,2024
17249,386,2024
17250,0,2024
17251,70,2024
17252,4038,2024
17253,433,2024
17254,362,2024
17255,992,2024
17257,29204,2024
17260,1090,2024
17261,0,2024
17262,1048,2024
17263,896,2024
17264,2292,2024
17265,300,2024
17266,445,2024
17267,2916,2024
17268,29362,2024
17271,527,2024
17301,4133,2024
17302,2834,2024
17303,395,2024
17304,3171,2024
17306,537,2024
17307,5467,2024
17309,1393,2024
17311,127,2024
17313,11428,2024
17314,6640,2024
17315,25760,2024
17316,8497,2024
17317,466,2024
17318,230,2024
17319,11292,2024
17320,8124,2024
17321,2419,2024
17322,6473,2024
17323,83,2024
17324,4433,2024
17325,30373,2024
17327,7828,2024
17329,2999,2024
17331,56443,2024
17339,6281,2024
17340,11405,2024
17342,563,2024
17343,31,2024
17344,3719,2024
17345,7715,2024
17347,6393,2024
17349,8254,2024
17350,13169,2024
17352,1288,2024
17353,2825,2024
17355,322,2024
17356,22869,2024
17360,5735,2024
17361,6156,2024
17362,14730,2024
17363,8553,2024
17364,4209,2024
17365,2897,2024
17366,6392,2024
17368,7005,2024
17370,7090,2024
17371,375,2024
17372,4045,2024
17401,18570,2024
17402,37466,2024
17403,40287,2024
17404,39374,2024
17406,23636,2024
17407,2673,2024
17408,25431,2024
17501,4614,2024
17502,2485,2024
17504,105,2024
17505,2358,2024
17506,469,2024
17507,64,2024
17508,1125,2024
17509,5135,2024
17512,18148,2024
17516,5180,2024
17517,14686,2024
17518,1360,2024
17519,7127,2024
17520,5040,2024
17522,33852,2024
17527,6094,2024
17529,4826,2024
17532,3328,2024
17534,0,2024
17535,3042,2024
17536,3452,2024
17538,7314,2024
17540,10728,2024
17543,45912,2024
17545,23556,2024
17547,9210,2024
17550,313,2024
17551,11753,2024
17552,19761,2024
17554,7453,2024
17555,7251,2024
17557,15055,2024
17560,5460,2024
17562,4373,2024
17563,3952,2024
17565,2523,2024
17566,12603,2024
17568,0,2024
17569,7323,2024
17570,176,2024
17572,3643,2024
17576,103,2024
17578,7504,2024
17579,6875,2024
17581,180,2024
17582,1702,2024
17584,11646,2024
17601,56382,2024
17602,52217,2024
17603,67571,2024
17606,404,2024
17701,43104,2024
17702,10488,2024
17720,250,2024
17721,1419,2024
17723,34,2024
17724,4693,2024
17727,41,2024
17728,4675,2024
17729,156,2024
17730,11,2024
17731,188,2024
17737,5970,2024
17739,27,2024
17740,12017,2024
17742,21,2024
17744,2808,2024
17745,17718,2024
17747,3421,2024
17748,184,2024
17749,234,2024
17750,177,2024
17751,7431,2024
17752,4975,2024
17754,12061,2024
17756,12856,2024
17758,943,2024
17760,572,2024
17762,557,2024
17763,241,2024
17764,2361,2024
17765,1279,2024
17768,367,2024
17769,31,2024
17771,2929,2024
17772,2693,2024
17774,962,2024
17776,145,2024
17777,7030,2024
17778,74,2024
17779,179,2024
17801,16429,2024
17810,5309,2024
17812,1378,2024
17813,2028,2024
17814,4669,2024
17815,29790,2024
17820,5499,2024
17821,18613,2024
17822,11,2024
17823,1258,2024
17824,3949,2024
17827,877,2024
17829,212,2024
17830,1938,2024
17832,578,2024
17834,3480,2024
17835,114,2024
17836,190,2024
17837,18403,2024
17840,188,2024
17841,4896,2024
17842,8266,2024
17844,10291,2024
17845,2058,2024
17846,3621,2024
17847,11260,2024
17850,576,2024
17851,7234,2024
17853,2993,2024
17855,1014,2024
17856,3167,2024
17857,7671,2024
17858,111,2024
17859,2701,2024
17860,2332,2024
17861,152,2024
17862,530,2024
17864,2495,2024
17865,24,2024
17866,9769,2024
17867,239,2024
17868,719,2024
17870,14490,2024
17872,8894,2024
17876,1827,2024
17878,1488,2024
17880,29,2024
17881,1479,2024
17884,263,2024
17885,181,2024
17886,804,2024
17887,591,2024
17888,446,2024
17889,3039,2024
17901,22371,2024
17920,246,2024
17921,6931,2024
17922,4803,2024
17923,385,2024
17925,305,2024
17929,1432,2024
17930,258,2024
17931,8899,2024
17933,123,2024
17934,417,2024
17935,1371,2024
17936,959,2024
17938,2479,2024
17941,733,2024
17943,42,2024
17944,265,2024
17945,133,2024
17946,185,2024
17948,4188,2024
17949,240,2024
17951,281,2024
17952,172,2024
17953,426,2024
17954,4623,2024
17957,481,2024
17959,1445,2024
17960,4264,2024
17961,6740,2024
17963,9323,2024
17964,952,2024
17965,1927,2024
17967,2202,2024
17968,321,2024
17970,3171,2024
17972,11826,2024
17974,312,2024
17976,5916,2024
17978,688,2024
17979,130,2024
17980,3342,2024
17981,2468,2024
17982,452,2024
17983,1541,2024
17985,1237,2024
18011,5338,2024
18012,32,2024
18013,17597,2024
18014,12097,2024
18015,34852,2024
18017,40640,2024
18018,32965,2024
18020,21204,2024
18030,483,2024
18031,11570,2024
18032,9555,2024
18034,9209,2024
18035,39,2024
18036,15581,2024
18037,7472,2024
18038,3549,2024
18040,17256,2024
18041,5768,2024
18042,45532,2024
18045,30429,2024
18046,201,2024
18049,18941,2024
18051,3624,2024
18052,29451,2024
18053,2344,2024
18054,4932,2024
18055,12117,2024
18056,1489,2024
18058,9674,2024
18059,744,2024
18062,27110,2024
18063,606,2024
18064,26970,2024
18065,577,2024
18066,6102,2024
18067,19590,2024
18069,8515,2024
18070,223,2024
18071,11313,2024
18072,6938,2024
18073,11755,2024
18074,5590,2024
18076,2833,2024
18077,2203,2024
18078,7857,2024
18079,303,2024
18080,11226,2024
18081,85,2024
18083,489,2024
18085,1175,2024
18086,229,2024
18087,590,2024
18088,8488,2024
18091,6547,2024
18092,3230,2024
18101,6120,2024
18102,51001,2024
18103,48746,2024
18104,48683,2024
18106,6226,2024
18109,18446,2024
18195,0,2024
18201,32067,2024
18202,13755,2024
18210,7587,2024
18211,1207,2024
18212,43,2024
18214,2522,2024
18216,957,2024
18218,2514,2024
18219,1047,2024
18220,170,2024
18221,436,2024
18222,9789,2024
18223,0,2024
18224,6031,2024
18225,0,2024
18229,9248,2024
18230,152,2024
18231,413,2024
18232,4156,2024
18234,616,2024
18235,19158,2024
18237,3712,2024
18239,0,2024
18240,3913,2024
18241,249,2024
18242,371,2024
18244,365,2024
18245,216,2024
18246,84,2024
18248,599,2024
18249,4191,2024
18250,3137,2024
18252,11024,2024
18254,696,2024
18255,4223,2024
18256,185,2024
18301,28977,2024
18302,17733,2024
18321,1844,2024
18322,2724,2024
18323,222,2024
18324,9935,2024
18325,2700,2024
18326,3559,2024
18327,723,2024
18328,8185,2024
18330,8219,2024
18331,655,2024
18332,3508,2024
18333,115,2024
18334,4539,2024
18335,974,2024
18336,4114,2024
18337,15799,2024
18340,177,2024
18342,503,2024
18343,3637,2024
18344,3385,2024
18346,2128,2024
18347,3733,2024
18349,85,2024
18350,902,2024
18351,546,2024
18353,10953,2024
18354,1243,2024
18355,1615,2024
18356,0,2024
18357,147,2024
18360,30080,2024
18370,671,2024
18371,737,2024
18372,2599,2024
18403,6851,2024
18405,2412,2024
18407,14445,2024
18411,22820,2024
18413,81,2024
18414,5444,2024
18415,966,2024
18417,1298,2024
18419,4734,2024
18420,69,2024
18421,4603,2024
18424,5213,2024
18425,946,2024
18426,3705,2024
18428,12634,2024
18430,57,2024
18431,12775,2024
18433,7564,2024
18434,4031,2024
18435,907,2024
18436,13569,2024
18437,137,2024
18438,1139,2024
18439,390,2024
18440,35,2024
18441,405,2024
18443,327,2024
18444,13604,2024
18445,2342,2024
18446,3209,2024
18447,9470,2024
18451,413,2024
18452,5203,2024
18453,1286,2024
18454,97,2024
18455,148,2024
18456,319,2024
18457,9,2024
18458,3792,2024
18460,118,2024
18461,202,2024
18462,543,2024
18463,268,2024
18464,1927,2024
18465,1324,2024
18466,17794,2024
18469,629,2024
18470,2139,2024
18471,667,2024
18472,6601,2024
18473,511,2024
18503,1629,2024
18504,21069,2024
18505,20797,2024
18507,5443,2024
18508,11565,2024
18509,13055,2024
18510,14332,2024
18512,12986,2024
18517,5303,2024
18518,8573,2024
18519,5266,2024
18602,628,2024
18603,18827,2024
18610,5079,2024
18612,17739,2024
18614,1986,2024
18615,1646,2024
18616,734,2024
18617,1791,2024
18618,3570,2024
18619,162,2024
18621,4744,2024
18622,252,2024
18623,2298,2024
18624,487,2024
18625,114,2024
18626,505,2024
18627,0,2024
18628,185,2024
18629,1760,2024
18630,2923,2024
18631,1100,2024
18632,430,2024
18634,13785,2024
18635,3734,2024
18636,1610,2024
18640,16581,2024
18641,6305,2024
18642,4530,2024
18643,12848,2024
18644,7552,2024
18651,8703,2024
18655,6018,2024
18656,2066,2024
18657,10866,2024
18660,3137,2024
18661,5759,2024
18701,4294,2024
18702,41970,2024
18704,31149,2024
18705,15624,2024
18706,16387,2024
18707,16689,2024
18708,8867,2024
18709,2910,2024
18801,8102,2024
18810,5774,2024
18812,1537,2024
18814,200,2024
18816,132,2024
18817,74,2024
18818,1371,2024
18820,36,2024
18821,1044,2024
18822,3084,2024
18823,132,2024
18824,1408,2024
18825,137,2024
18826,1466,2024
18828,146,2024
18829,754,2024
18830,593,2024
18831,1081,2024
18832,1924,2024
18833,2089,2024
18834,3245,2024
18837,2936,2024
18840,10968,2024
18842,121,2024
18843,345,2024
18844,1335,2024
18845,489,2024
18846,770,2024
18847,5104,2024
18848,8199,2024
18850,2070,2024
18851,615,2024
18853,4028,2024
18854,1595,2024
18901,28509,2024
18902,22898,2024
18912,213,2024
18913,243,2024
18914,21598,2024
18915,1648,2024
18917,2216,2024
18920,393,2024
18921,160,2024
18923,984,2024
18925,6250,2024
18927,239,2024
18929,9748,2024
18930,1892,2024
18932,436,2024
18933,105,2024
18935,273,2024
18936,296,2024
18938,13649,2024
18940,29626,2024
18942,2377,2024
18944,27570,2024
18946,689,2024
18947,6477,2024
18950,262,2024
18951,36568,2024
18954,10380,2024
18955,1511,2024
18960,13597,2024
18962,531,2024
18964,14546,2024
18966,36370,2024
18969,15245,2024
18970,553,2024
18972,3104,2024
18974,43122,2024
18976,22202,2024
18977,4569,2024
18980,308,2024
19001,17867,2024
19002,32128,2024
19003,14255,2024
19004,11230,2024
19006,23443,2024
19007,21800,2024
19008,20697,2024
19009,1124,2024
19010,21827,2024
19012,6910,2024
19013,35064,2024
19014,21427,2024
19015,16464,2024
19017,355,2024
19018,23505,2024
19020,56809,2024
19021,9638,2024
19022,4482,2024
19023,22247,2024
19025,7423,2024
19026,32725,2024
19027,20420,2024
19029,3980,2024
19030,12305,2024
19031,4929,2024
19032,6772,2024
19033,8261,2024
19034,7488,2024
19035,3937,2024
19036,13668,2024
19038,32296,2024
19040,22078,2024
19041,6308,2024
19043,3317,2024
19044,17279,2024
19046,19640,2024
19047,34563,2024
19050,29373,2024
19052,631,2024
19053,28509,2024
19054,17518,2024
19055,13833,2024
19056,15960,2024
19057,17925,2024
19060,11524,2024
19061,19896,2024
19063,38172,2024
19064,25277,2024
19066,5839,2024
19067,53885,2024
19070,6359,2024
19072,10129,2024
19073,21915,2024
19074,5934,2024
19075,7384,2024
19076,6441,2024
19078,11683,2024
19079,8745,2024
19081,10089,2024
19082,41541,2024
19083,37590,2024
19085,11230,2024
19086,12930,2024
19087,33528,2024
19090,19662,2024
19094,3929,2024
19095,8030,2024
19096,15249,2024
19102,6195,2024
19103,25900,2024
19104,55172,2024
19106,14597,2024
19107,14825,2024
19108,154,2024
19109,0,2024
19111,66283,2024
19112,0,2024
19113,0,2024
19114,30411,2024
19115,35279,2024
19116,33654,2024
19118,9978,2024
19119,28356,2024
19120,66469,2024
19121,41574,2024
19122,25439,2024
19123,19681,2024
19124,71004,2024
19125,25140,2024
19126,17483,2024
19127,5664,2024
19128,38039,2024
19129,11937,2024
19130,30116,2024
19131,43776,2024
19132,33006,2024
19133,24864,2024
19134,53594,2024
19135,33803,2024
19136,36262,2024
19137,8026,2024
19138,30821,2024
19139,43090,2024
19140,53385,2024
19141,32385,2024
19142,28829,2024
19143,62572,2024
19144,50580,2024
19145,43440,2024
19146,41058,2024
19147,39704,2024
19148,50400,2024
19149,56914,2024
19150,24304,2024
19151,33267,2024
19152,35955,2024
19153,13018,2024
19154,33796,2024
19301,7814,2024
19310,2950,2024
19311,11692,2024
19312,12283,2024
19316,389,2024
19317,10864,2024
19319,792,2024
19320,55941,2024
19330,5957,2024
19333,7471,2024
19335,53629,2024
19341,21709,2024
19342,20770,2024
19343,8450,2024
19344,12827,2024
19345,768,2024
19348,23621,2024
19350,10945,2024
19352,11484,2024
19355,29425,2024
19358,191,2024
19362,6092,2024
19363,18231,2024
19365,8006,2024
19367,21,2024
19369,122,2024
19372,1854,2024
19373,2357,2024
19374,434,2024
19375,234,2024
19380,49856,2024
19382,54127,2024
19383,6537,2024
19390,12546,2024
19401,43359,2024
19403,44017,2024
19405,5145,2024
19406,30362,2024
19422,20412,2024
19425,17219,2024
19426,43460,2024
19428,20411,2024
19435,75,2024
19436,435,2024
19437,531,2024
19438,25438,2024
19440,19431,2024
19442,0,2024
19444,11065,2024
19446,61848,2024
19453,1259,2024
19454,27755,2024
19456,286,2024
19457,148,2024
19460,45423,2024
19462,16331,2024
19464,49101,2024
19465,18564,2024
19468,28194,2024
19472,54,2024
19473,17259,2024
19474,222,2024
19475,12298,2024
19477,136,2024
19490,507,2024
19492,811,2024
19501,823,2024
19503,1149,2024
19504,5335,2024
19505,3135,2024
19506,7108,2024
19507,3563,2024
19508,14871,2024
19510,8010,2024
19511,33,2024
19512,15794,2024
19516,176,2024
19518,16805,2024
19520,6277,2024
19522,14127,2024
19523,41,2024
19525,17725,2024
19526,11581,2024
19529,3109,2024
19530,15573,2024
19533,8648,2024
19534,1970,2024
19535,42,2024
19536,466,2024
19538,64,2024
19539,3823,2024
19540,11957,2024
19541,4367,2024
19543,6401,2024
19544,199,2024
19545,868,2024
19547,4579,2024
19549,271,2024
19550,488,2024
19551,4778,2024
19554,338,2024
19555,3577,2024
19559,302,2024
19560,9137,2024
19562,2947,2024
19564,265,2024
19565,9302,2024
19567,6057,2024
19601,36479,2024
19602,18495,2024
19604,30124,2024
19605,21419,2024
19606,35853,2024
19607,24045,2024
19608,24178,2024
19609,9874,2024
19610,16581,2024
19611,10986,2024
19701,42984,2024
19702,55683,2024
19703,15460,2024
19706,2038,2024
19707,17376,2024
19709,53234,2024
19710,0,2024
19711,49432,2024
19713,30747,2024
19716,0,2024
19717,6036,2024
19720,62392,2024
19730,425,2024
19731,655,2024
19732,89,2024
19733,186,2024
19734,14214,2024
19735,0,2024
19736,127,2024
19801,16327,2024
19802,26051,2024
19803,22279,2024
19804,18779,2024
19805,41402,2024
19806,9777,2024
19807,7815,2024
19808,39082,2024
19809,14311,2024
19810,26530,2024
19901,37763,2024
19902,44,2024
19904,38818,2024
19930,3014,2024
19931,375,2024
19933,10597,2024
19934,14061,2024
19936,152,2024
19938,9561,2024
19939,7490,2024
19940,7540,2024
19941,3435,2024
19943,13410,2024
19944,636,2024
19945,9640,2024
19946,5603,2024
19947,20760,2024
19950,7918,2024
19951,2245,2024
19952,10908,2024
19953,5255,2024
19954,1427,2024
19955,352,2024
19956,16327,2024
19958,31938,2024
19960,6774,2024
19962,13770,2024
19963,23500,2024
19964,1418,2024
19966,35884,2024
19967,2376,2024
19968,15486,2024
19970,8524,2024
19971,14886,2024
19973,26834,2024
19975,10862,2024
19977,27704,2024
19979,619,2024
19980,268,2024
20001,44616,2024
20002,72397,2024
20003,37482,2024
20004,1831,2024
20005,13131,2024
20006,1362,2024
20007,24602,2024
20008,29434,2024
20009,50150,2024
20010,31808,2024
20011,67434,2024
20012,17519,2024
20015,15653,2024
20016,32730,2024
20017,21208,2024
20018,19562,2024
20019,63380,2024
20020,53005,2024
20024,15888,2024
20032,40920,2024
20036,4605,2024
20037,13156,2024
20045,0,2024
20052,2730,2024
20057,3229,2024
20059,1338,2024
20064,1442,2024
20105,37639,2024
20106,4297,2024
20109,45444,2024
20110,49890,2024
20111,38124,2024
20112,30500,2024
20115,8173,2024
20117,2790,2024
20119,3416,2024
20120,42896,2024
20121,27788,2024
20124,14375,2024
20129,538,2024
20130,271,2024
20132,19817,2024
20135,3585,2024
20136,32325,2024
20137,1938,2024
20141,8359,2024
20143,1070,2024
20144,1340,2024
20147,67692,2024
20148,64021,2024
20151,22610,2024
20152,36674,2024
20155,37486,2024
20158,4979,2024
20164,43436,2024
20165,34088,2024
20166,14949,2024
20169,28089,2024
20170,43866,2024
20171,51286,2024
20175,34733,2024
20176,51471,2024
20180,7531,2024
20181,10774,2024
20184,635,2024
20186,15703,2024
20187,18980,2024
20190,22012,2024
20191,31011,2024
20194,12275,2024
20197,1825,2024
20198,2251,2024
20204,0,2024
20220,0,2024
20230,0,2024
20240,0,2024
20245,0,2024
20250,0,2024
20260,0,2024
20317,15,2024
20319,23,2024
20373,383,2024
20388,0,2024
20390,246,2024
20408,0,2024
20415,0,2024
20418,0,2024
20422,15,2024
20427,0,2024
20431,0,2024
20510,0,2024
20515,0,2024
20520,0,2024
20530,0,2024
20535,0,2024
20540,0,2024
20542,0,2024
20551,0,2024
20560,0,2024
20565,0,2024
20566,0,2024
20591,0,2024
20601,26945,2024
20602,28331,2024
20603,31844,2024
20606,291,2024
20607,13750,2024
20608,693,2024
20609,714,2024
20611,1219,2024
20612,148,2024
20613,17590,2024
20615,460,2024
20616,8057,2024
20617,334,2024
20618,1705,2024
20619,14212,2024
20620,1115,2024
20621,958,2024
20622,5185,2024
20623,2761,2024
20624,796,2024
20625,849,2024
20626,284,2024
20628,503,2024
20629,1150,2024
20630,559,2024
20632,485,2024
20634,7088,2024
20636,10486,2024
20637,6133,2024
20639,15544,2024
20640,10685,2024
20645,814,2024
20646,21400,2024
20650,16094,2024
20653,26852,2024
20656,87,2024
20657,20699,2024
20658,866,2024
20659,24324,2024
20660,14,2024
20661,0,2024
20662,2129,2024
20664,3138,2024
20667,150,2024
20670,2046,2024
20674,769,2024
20675,1796,2024
20676,3218,2024
20677,2088,2024
20678,12752,2024
20680,663,2024
20684,802,2024
20685,6866,2024
20686,971,2024
20687,415,2024
20688,1290,2024
20689,1809,2024
20690,1077,2024
20692,505,2024
20693,1496,2024
20695,16407,2024
20701,513,2024
20705,28713,2024
20706,42612,2024
20707,37278,2024
20708,27593,2024
20710,9801,2024
20711,7731,2024
20712,9563,2024
20714,4525,2024
20715,26915,2024
20716,22362,2024
20720,25015,2024
20721,31032,2024
20722,6264,2024
20723,36866,2024
20724,19369,2024
20732,10722,2024
20733,2669,2024
20735,37464,2024
20736,9960,2024
20737,24489,2024
20740,36847,2024
20742,4350,2024
20743,41093,2024
20744,54441,2024
20745,28605,2024
20746,27156,2024
20747,38301,2024
20748,40338,2024
20751,2851,2024
20754,7545,2024
20755,11225,2024
20758,714,2024
20759,6624,2024
20762,3130,2024
20763,2601,2024
20764,2993,2024
20765,668,2024
20769,6947,2024
20770,28384,2024
20771,0,2024
20772,54319,2024
20774,51816,2024
20776,3315,2024
20777,3221,2024
20778,2211,2024
20779,883,2024
20781,13352,2024
20782,34293,2024
20783,50333,2024
20784,33831,2024
20785,40066,2024
20794,16814,2024
20812,276,2024
20814,32795,2024
20815,30505,2024
20816,18140,2024
20817,37454,2024
20818,1539,2024
20832,25553,2024
20833,7860,2024
20837,6699,2024
20838,306,2024
20839,158,2024
20841,9969,2024
20842,2369,2024
20850,50353,2024
20851,14946,2024
20852,48180,2024
20853,31851,2024
20854,50498,2024
20855,17279,2024
20860,2035,2024
20861,2890,2024
20862,430,2024
20866,15986,2024
20868,198,2024
20871,30182,2024
20872,13983,2024
20874,62738,2024
20876,26406,2024
20877,38546,2024
20878,66115,2024
20879,25264,2024
20880,577,2024
20882,13751,2024
20886,34718,2024
20889,584,2024
20892,0,2024
20894,0,2024
20895,19184,2024
20896,932,2024
20899,57,2024
20901,36435,2024
20902,54261,2024
20903,24815,2024
20904,58646,2024
20905,19004,2024
20906,70595,2024
20910,45943,2024
20912,25749,2024
21001,27168,2024
21005,2202,2024
21009,33679,2024
21010,239,2024
21012,22570,2024
21013,5610,2024
21014,38707,2024
21015,30013,2024
21017,6648,2024
21023,66,2024
21028,3103,2024
21029,13607,2024
21030,25827,2024
21031,26,2024
21032,8850,2024
21034,2846,2024
21035,7879,2024
21036,2569,2024
21037,20854,2024
21040,24960,2024
21042,43327,2024
21043,48525,2024
21044,44114,2024
21045,40034,2024
21046,15608,2024
21047,13852,2024
21048,10481,2024
21050,17466,2024
21051,172,2024
21052,409,2024
21053,2929,2024
21054,16386,2024
21056,291,2024
21057,4386,2024
21060,39730,2024
21061,57230,2024
21071,404,2024
21074,14777,2024
21075,37363,2024
21076,24268,2024
21077,63,2024
21078,20030,2024
21082,626,2024
21084,7070,2024
21085,17307,2024
21087,5537,2024
21090,10652,2024
21093,39100,2024
21102,12162,2024
21104,6052,2024
21105,36,2024
21108,18643,2024
21111,4714,2024
21113,36705,2024
21114,25590,2024
21117,62816,2024
21120,7440,2024
21122,61566,2024
21128,15501,2024
21130,112,2024
21131,7141,2024
21132,3160,2024
21133,31398,2024
21136,32088,2024
21140,4417,2024
21144,37118,2024
21146,28591,2024
21152,6459,2024
21153,456,2024
21154,6544,2024
21155,3313,2024
21156,204,2024
21157,38984,2024
21158,22083,2024
21160,2441,2024
21161,5221,2024
21162,4639,2024
21163,7539,2024
21201,18307,2024
21202,20683,2024
21204,19845,2024
21205,13013,2024
21206,48902,2024
21207,47099,2024
21208,37276,2024
21209,30126,2024
21210,14134,2024
21211,14969,2024
21212,33974,2024
21213,28058,2024
21214,21092,2024
21215,52229,2024
21216,29426,2024
21217,30792,2024
21218,44014,2024
21219,9565,2024
21220,42824,2024
21221,43487,2024
21222,59407,2024
21223,19572,2024
21224,47465,2024
21225,34062,2024
21226,6674,2024
21227,34907,2024
21228,50492,2024
21229,46679,2024
21230,32977,2024
21231,14969,2024
21233,0,2024
21234,66334,2024
21236,39514,2024
21237,31425,2024
21239,27346,2024
21240,0,2024
21244,38208,2024
21250,2834,2024
21251,191,2024
21252,4865,2024
21285,3,2024
21286,21853,2024
21287,0,2024
21401,38629,2024
21402,4303,2024
21403,32681,2024
21405,495,2024
21409,20289,2024
21502,41015,2024
21520,1918,2024
21521,1400,2024
21523,150,2024
21524,710,2024
21529,514,2024
21530,1404,2024
21531,2487,2024
21532,13647,2024
21536,3833,2024
21538,678,2024
21539,1975,2024
21540,89,2024
21541,1335,2024
21542,84,2024
21543,185,2024
21545,1694,2024
21550,13691,2024
21555,1470,2024
21557,1481,2024
21560,9,2024
21561,2412,2024
21562,3032,2024
21601,24671,2024
21607,597,2024
21610,391,2024
21612,470,2024
21613,17926,2024
21617,10428,2024
21619,6152,2024
21620,13810,2024
21622,420,2024
21623,2669,2024
21624,162,2024
21625,1766,2024
21626,256,2024
21627,26,2024
21628,248,2024
21629,10252,2024
21631,2429,2024
21632,6436,2024
21634,465,2024
21635,2085,2024
21636,1097,2024
21638,5420,2024
21639,4682,2024
21640,1163,2024
21641,127,2024
21643,5392,2024
21644,81,2024
21645,959,2024
21647,320,2024
21648,172,2024
21649,1890,2024
21650,265,2024
21651,2290,2024
21652,155,2024
21653,84,2024
21654,1179,2024
21655,5053,2024
21657,1354,2024
21658,3632,2024
21659,1601,2024
21660,4132,2024
21661,2613,2024
21662,546,2024
21663,3764,2024
21664,635,2024
21665,229,2024
21666,14394,2024
21667,291,2024
21668,2011,2024
21669,160,2024
21671,727,2024
21672,161,2024
21673,2843,2024
21675,38,2024
21676,439,2024
21677,436,2024
21678,1658,2024
21679,306,2024
21701,43048,2024
21702,49605,2024
21703,41960,2024
21704,20006,2024
21705,6,2024
21710,4661,2024
21711,929,2024
21713,9846,2024
21714,95,2024
21715,20,2024
21716,7200,2024
21717,245,2024
21718,134,2024
21719,1178,2024
21722,6721,2024
21723,669,2024
21727,6052,2024
21733,1275,2024
21734,1076,2024
21737,2474,2024
21738,3696,2024
21740,64792,2024
21742,34069,2024
21746,2361,2024
21750,3417,2024
21754,8156,2024
21755,5909,2024
21756,3640,2024
21757,2671,2024
21758,4409,2024
21762,139,2024
21766,854,2024
21767,1031,2024
21769,11965,2024
21770,8751,2024
21771,33031,2024
21773,5826,2024
21774,17134,2024
21776,6261,2024
21777,2462,2024
21778,745,2024
21779,1311,2024
21780,2159,2024
21781,25,2024
21782,3704,2024
21783,9910,2024
21784,39258,2024
21787,11645,2024
21788,11654,2024
21790,170,2024
21791,5340,2024
21793,10719,2024
21794,2192,2024
21795,10144,2024
21797,8643,2024
21798,2928,2024
21801,30088,2024
21804,40430,2024
21810,55,2024
21811,24377,2024
21813,2999,2024
21814,217,2024
21817,4417,2024
21821,797,2024
21822,2926,2024
21824,264,2024
21826,5451,2024
21829,396,2024
21830,5200,2024
21835,312,2024
21837,2891,2024
21838,1873,2024
21840,576,2024
21841,793,2024
21842,11226,2024
21849,3388,2024
21850,3850,2024
21851,7297,2024
21853,10537,2024
21856,1037,2024
21861,920,2024
21862,30,2024
21863,5281,2024
21864,606,2024
21865,320,2024
21866,81,2024
21867,60,2024
21869,827,2024
21871,1764,2024
21872,661,2024
21874,1693,2024
21875,7646,2024
21890,3289,2024
21901,19514,2024
21902,340,2024
21903,5692,2024
21904,6233,2024
21911,10551,2024
21912,1536,2024
21913,820,2024
21914,810,2024
21915,2471,2024
21917,2233,2024
21918,4169,2024
21919,3626,2024
21920,1413,2024
21921,45527,2024
21930,25,2024
22003,57755,2024
22015,44647,2024
22025,19356,2024
22026,22897,2024
22027,1939,2024
22030,61332,2024
22031,37276,2024
22032,29240,2024
22033,39526,2024
22035,0,2024
22039,19626,2024
22041,29183,2024
22042,35483,2024
22043,25750,2024
22044,13996,2024
22046,18169,2024
22060,10641,2024
22066,17185,2024
22079,35284,2024
22101,30953,2024
22102,29184,2024
22124,18091,2024
22125,681,2024
22134,8310,2024
22150,27955,2024
22151,17017,2024
22152,28814,2024
22153,32664,2024
22172,11490,2024
22180,26568,2024
22181,15760,2024
22182,27783,2024
22191,73623,2024
22192,59794,2024
22193,81588,2024
22201,37473,2024
22202,27715,2024
22203,26594,2024
22204,51921,2024
22205,17738,2024
22206,20703,2024
22207,35479,2024
22209,14154,2024
22211,947,2024
22213,4021,2024
22214,0,2024
22301,13665,2024
22302,18026,2024
22303,16922,2024
22304,48613,2024
22305,17214,2024
22306,30602,2024
22307,10343,2024
22308,14090,2024
22309,34316,2024
22310,28136,2024
22311,19337,2024
22312,26768,2024
22314,36612,2024
22315,30404,2024
22401,28731,2024
22405,36890,2024
22406,27367,2024
22407,65425,2024
22408,31586,2024
22427,4356,2024
22432,256,2024
22433,111,2024
22435,2215,2024
22436,791,2024
22437,582,2024
22438,252,2024
22443,10011,2024
22448,765,2024
22454,2290,2024
22460,1757,2024
22469,1967,2024
22472,960,2024
22473,5498,2024
22476,224,2024
22480,898,2024
22482,3075,2024
22485,27131,2024
22488,1367,2024
22503,4296,2024
22504,227,2024
22508,15557,2024
22509,74,2024
22511,1239,2024
22514,2290,2024
22520,4740,2024
22529,200,2024
22534,3290,2024
22535,460,2024
22538,348,2024
22539,2074,2024
22542,2418,2024
22546,18392,2024
22548,115,2024
22551,24146,2024
22553,17207,2024
22554,65494,2024
22556,31785,2024
22560,6612,2024
22567,2717,2024
22572,6597,2024
22576,1427,2024
22578,2353,2024
22580,5107,2024
22601,29230,2024
22602,32840,2024
22603,17133,2024
22610,2113,2024
22611,9276,2024
22620,2825,2024
22623,641,2024
22624,3416,2024
22625,3376,2024
22627,945,2024
22630,35615,2024
22637,1933,2024
22639,606,2024
22640,556,2024
22641,165,2024
22642,3933,2024
22643,137,2024
22644,2561,2024
22645,4639,2024
22646,0,2024
22650,1007,2024
22652,1625,2024
22654,1040,2024
22655,22687,2024
22656,5360,2024
22657,12067,2024
22660,1468,2024
22663,1705,2024
22664,9293,2024
22701,38512,2024
22709,920,2024
22711,139,2024
22712,9501,2024
22713,1489,2024
22714,946,2024
22715,1552,2024
22716,1200,2024
22718,826,2024
22719,348,2024
22720,1497,2024
22722,448,2024
22723,52,2024
22724,2518,2024
22725,99,2024
22726,660,2024
22727,5742,2024
22728,3752,2024
22729,1148,2024
22730,336,2024
22731,70,2024
22732,262,2024
22733,1711,2024
22734,3918,2024
22735,1628,2024
22736,844,2024
22737,3465,2024
22738,928,2024
22740,1179,2024
22741,421,2024
22742,1596,2024
22743,276,2024
22746,539,2024
22747,967,2024
22749,244,2024
22801,39983,2024
22802,30374,2024
22807,5347,2024
22810,532,2024
22811,316,2024
22812,10660,2024
22815,8465,2024
22820,118,2024
22821,6116,2024
22824,6596,2024
22827,10529,2024
22830,2209,2024
22831,352,2024
22832,1136,2024
22834,956,2024
22835,11314,2024
22840,5239,2024
22841,3090,2024
22842,5580,2024
22843,2697,2024
22844,4677,2024
22845,48,2024
22846,1496,2024
22847,1054,2024
22849,5170,2024
22850,1218,2024
22851,5903,2024
22853,5214,2024
22901,37237,2024
22902,23486,2024
22903,40372,2024
22904,5729,2024
22908,0,2024
22911,19107,2024
22920,3608,2024
22922,2226,2024
22923,6435,2024
22931,145,2024
22932,9148,2024
22935,575,2024
22936,6983,2024
22937,1743,2024
22938,884,2024
22939,6908,2024
22940,1066,2024
22942,10560,2024
22943,402,2024
22946,195,2024
22947,5256,2024
22948,137,2024
22949,1426,2024
22952,1694,2024
22957,0,2024
22958,2306,2024
22959,1923,2024
22960,11657,2024
22963,16896,2024
22964,99,2024
22967,2413,2024
22968,11235,2024
22969,1429,2024
22971,2359,2024
22972,290,2024
22973,6292,2024
22974,5309,2024
22976,149,2024
22980,32965,2024
22989,49,2024
23002,10849,2024
23004,819,2024
23005,19987,2024
23009,8270,2024
23011,1682,2024
23015,4601,2024
23021,19,2024
23022,1006,2024
23023,482,2024
23024,11233,2024
23025,686,2024
23027,1612,2024
23030,4470,2024
23032,109,2024
23035,1495,2024
23038,1471,2024
23039,938,2024
23040,4640,2024
23043,1628,2024
23045,25,2024
23047,1381,2024
23050,437,2024
23055,1004,2024
23056,175,2024
23059,42522,2024
23060,36497,2024
23061,23308,2024
23062,1745,2024
23063,6164,2024
23065,1292,2024
23066,514,2024
23068,333,2024
23069,3425,2024
23070,616,2024
23071,1879,2024
23072,13328,2024
23075,8347,2024
23076,552,2024
23079,400,2024
23081,0,2024
23083,2220,2024
23084,1652,2024
23085,393,2024
23086,3777,2024
23089,4831,2024
23091,562,2024
23092,765,2024
23093,14647,2024
23102,3605,2024
23103,6922,2024
23106,917,2024
23108,22,2024
23109,2327,2024
23110,764,2024
23111,38070,2024
23112,57016,2024
23113,27477,2024
23114,21631,2024
23116,34188,2024
23117,10480,2024
23119,284,2024
23120,17586,2024
23123,1995,2024
23124,5147,2024
23126,410,2024
23128,367,2024
23129,305,2024
23130,94,2024
23138,1198,2024
23139,27757,2024
23140,7755,2024
23141,7814,2024
23146,3451,2024
23147,22,2024
23148,1471,2024
23149,2414,2024
23150,12544,2024
23153,1586,2024
23156,1158,2024
23160,1186,2024
23161,337,2024
23163,78,2024
23168,9673,2024
23169,1104,2024
23173,2107,2024
23175,2053,2024
23176,677,2024
23177,608,2024
23180,479,2024
23181,5565,2024
23185,55270,2024
23188,45803,2024
23192,6629,2024
23219,4062,2024
23220,34671,2024
23221,14402,2024
23222,26322,2024
23223,54659,2024
23224,40575,2024
23225,42771,2024
23226,15477,2024
23227,24925,2024
23228,36527,2024
23229,35689,2024
23230,8910,2024
23231,38544,2024
23233,31582,2024
23234,47465,2024
23235,33461,2024
23236,27903,2024
23237,27126,2024
23238,26050,2024
23250,0,2024
23284,2362,2024
23294,20216,2024
23298,98,2024
23301,1804,2024
23302,111,2024
23303,342,2024
23304,45,2024
23306,1729,2024
23307,701,2024
23308,2370,2024
23310,5031,2024
23314,10099,2024
23315,1391,2024
23316,91,2024
23320,59108,2024
23321,40176,2024
23322,66956,2024
23323,43043,2024
23324,24670,2024
23325,19138,2024
23336,3319,2024
23337,666,2024
23347,502,2024
23350,2983,2024
23354,433,2024
23356,1628,2024
23357,890,2024
23358,236,2024
23359,940,2024
23389,92,2024
23395,466,2024
23398,27,2024
23401,288,2024
23405,1237,2024
23407,270,2024
23408,0,2024
23409,109,2024
23410,2305,2024
23413,776,2024
23414,26,2024
23415,2289,2024
23416,96,2024
23417,3827,2024
23418,753,2024
23420,2673,2024
23421,4290,2024
23422,202,2024
23423,219,2024
23426,37,2024
23427,218,2024
23430,19109,2024
23432,1180,2024
23433,1391,2024
23434,54387,2024
23435,33721,2024
23436,882,2024
23437,5023,2024
23438,1749,2024
23440,252,2024
23441,0,2024
23442,488,2024
23451,44012,2024
23452,58455,2024
23453,34482,2024
23454,58178,2024
23455,49977,2024
23456,61911,2024
23457,4814,2024
23459,1324,2024
23460,1041,2024
23461,943,2024
23462,66151,2024
23464,75061,2024
23480,338,2024
23486,278,2024
23487,6477,2024
23488,62,2024
23502,20399,2024
23503,30216,2024
23504,23502,2024
23505,28247,2024
23507,6645,2024
23508,19432,2024
23509,13105,2024
23510,9190,2024
23511,9664,2024
23513,28628,2024
23517,4932,2024
23518,29746,2024
23523,8188,2024
23551,1702,2024
23601,26645,2024
23602,42265,2024
23603,3504,2024
23604,4416,2024
23605,13332,2024
23606,29971,2024
23607,23096,2024
23608,43641,2024
23651,439,2024
23661,14005,2024
23662,12639,2024
23663,14656,2024
23664,9643,2024
23665,5810,2024
23666,54233,2024
23667,0,2024
23668,723,2024
23669,39884,2024
23681,0,2024
23690,4597,2024
23691,464,2024
23692,19301,2024
23693,23176,2024
23696,3937,2024
23701,24298,2024
23702,12485,2024
23703,25610,2024
23704,19207,2024
23707,14766,2024
23708,269,2024
23709,510,2024
23801,8993,2024
23803,42012,2024
23805,21408,2024
23821,1983,2024
23824,6455,2024
23827,1091,2024
23828,577,2024
23829,2731,2024
23830,1412,2024
23831,39529,2024
23832,41442,2024
23833,2212,2024
23834,26628,2024
23836,15298,2024
23837,4623,2024
23838,17686,2024
23839,993,2024
23840,1733,2024
23841,3021,2024
23842,6924,2024
23843,446,2024
23844,522,2024
23845,280,2024
23846,709,2024
23847,12956,2024
23850,1161,2024
23851,13237,2024
23856,540,2024
23857,352,2024
23860,31404,2024
23866,1943,2024
23867,5173,2024
23868,6281,2024
23870,0,2024
23872,2571,2024
23874,673,2024
23875,13029,2024
23876,252,2024
23878,1217,2024
23879,386,2024
23881,2531,2024
23882,1848,2024
23883,1870,2024
23884,29,2024
23885,3193,2024
23887,631,2024
23888,2528,2024
23889,565,2024
23890,4167,2024
23891,1449,2024
23893,504,2024
23894,326,2024
23897,949,2024
23898,2246,2024
23899,387,2024
23901,15173,2024
23909,1109,2024
23915,1360,2024
23917,2422,2024
23919,2306,2024
23920,3225,2024
23921,2408,2024
23922,4197,2024
23923,2063,2024
23924,5915,2024
23927,4809,2024
23930,5508,2024
23934,441,2024
23936,7334,2024
23937,1915,2024
23938,295,2024
23942,1001,2024
23943,1066,2024
23944,3978,2024
23947,3785,2024
23950,3510,2024
23952,84,2024
23954,2396,2024
23955,14,2024
23958,3425,2024
23959,1154,2024
23960,2176,2024
23962,705,2024
23963,468,2024
23964,903,2024
23966,2010,2024
23967,1495,2024
23968,671,2024
23970,8109,2024
23974,4582,2024
23976,97,2024
24011,784,2024
24012,28235,2024
24013,8026,2024
24014,15300,2024
24015,15865,2024
24016,10521,2024
24017,23678,2024
24018,38720,2024
24019,28585,2024
24020,583,2024
24022,0,2024
24053,2414,2024
24054,5957,2024
24055,11814,2024
24058,281,2024
24059,893,2024
24060,48541,2024
24061,9202,2024
24064,4875,2024
24065,6565,2024
24066,4963,2024
24067,2371,2024
24069,1861,2024
24070,1271,2024
24072,1238,2024
24073,29677,2024
24076,801,2024
24077,943,2024
24078,6438,2024
24079,1389,2024
24082,291,2024
24083,4948,2024
24084,10604,2024
24085,2391,2024
24086,263,2024
24087,3941,2024
24088,5017,2024
24089,2265,2024
24090,4521,2024
24091,7417,2024
24092,3368,2024
24093,102,2024
24095,3962,2024
24101,6185,2024
24102,1291,2024
24104,3163,2024
24105,426,2024
24112,31028,2024
24120,1591,2024
24121,10315,2024
24122,1492,2024
24124,4042,2024
24127,4392,2024
24128,1450,2024
24129,114,2024
24131,10,2024
24132,694,2024
24133,2219,2024
24134,5400,2024
24136,3145,2024
24137,2767,2024
24138,1432,2024
24139,654,2024
24141,21484,2024
24142,2205,2024
24147,1352,2024
24148,8355,2024
24149,3986,2024
24150,883,2024
24151,18154,2024
24153,38914,2024
24161,703,2024
24162,2259,2024
24165,1875,2024
24167,275,2024
24168,204,2024
24171,8268,2024
24174,2191,2024
24175,8128,2024
24176,1586,2024
24179,18773,2024
24184,4527,2024
24185,894,2024
24201,15903,2024
24202,12389,2024
24210,16814,2024
24211,10298,2024
24216,2246,2024
24217,474,2024
24219,10450,2024
24220,503,2024
24221,633,2024
24224,5273,2024
24225,1791,2024
24226,2110,2024
24228,6317,2024
24230,6900,2024
24236,3109,2024
24237,1064,2024
24239,38,2024
24243,1452,2024
24244,5600,2024
24245,1053,2024
24246,78,2024
24248,2207,2024
24250,1268,2024
24251,7937,2024
24256,2982,2024
24258,1163,2024
24260,5318,2024
24263,5830,2024
24265,1140,2024
24266,8688,2024
24269,209,2024
24270,416,2024
24271,2525,2024
24272,316,2024
24273,5593,2024
24277,5839,2024
24279,4671,2024
24280,784,2024
24281,1890,2024
24282,1181,2024
24283,1832,2024
24290,2274,2024
24292,555,2024
24293,9786,2024
24301,13567,2024
24311,1526,2024
24312,1650,2024
24313,806,2024
24314,1324,2024
24315,3978,2024
24316,46,2024
24317,3409,2024
24318,376,2024
24319,6997,2024
24322,124,2024
24323,798,2024
24324,2298,2024
24325,979,2024
24326,858,2024
24327,598,2024
24328,1915,2024
24330,2982,2024
24333,17390,2024
24340,6111,2024
24343,9210,2024
24347,1677,2024
24348,4855,2024
24350,1130,2024
24351,562,2024
24352,1381,2024
24354,13001,2024
24360,5750,2024
24361,4484,2024
24363,1031,2024
24366,466,2024
24368,5574,2024
24370,5766,2024
24374,411,2024
24375,1711,2024
24377,569,2024
24378,1056,2024
24380,3088,2024
24381,3091,2024
24382,14582,2024
24401,38756,2024
24411,2,2024
24412,205,2024
24413,251,2024
24415,90,2024
24416,9082,2024
24421,3450,2024
24422,5334,2024
24426,13872,2024
24430,3109,2024
24431,2176,2024
24432,544,2024
24433,88,2024
24435,1764,2024
24437,1468,2024
24439,1124,2024
24440,2710,2024
24441,6520,2024
24442,68,2024
24445,2332,2024
24448,420,2024
24450,17714,2024
24457,425,2024
24458,244,2024
24459,535,2024
24460,1119,2024
24464,190,2024
24465,1403,2024
24467,2318,2024
24469,0,2024
24471,1768,2024
24472,2176,2024
24473,979,2024
24474,146,2024
24476,227,2024
24477,11482,2024
24479,1791,2024
24482,5312,2024
24483,475,2024
24484,486,2024
24485,346,2024
24486,3739,2024
24487,566,2024
24501,25006,2024
24502,41979,2024
24503,20419,2024
24504,9632,2024
24515,6391,2024
24517,4996,2024
24520,1931,2024
24521,10599,2024
24522,10056,2024
24523,20349,2024
24526,1494,2024
24527,3262,2024
24528,3775,2024
24529,1345,2024
24530,678,2024
24531,8695,2024
24534,1655,2024
24536,406,2024
24538,4867,2024
24539,159,2024
24540,31013,2024
24541,28042,2024
24549,4160,2024
24550,8190,2024
24551,28554,2024
24553,1610,2024
24554,3769,2024
24555,2123,2024
24556,2584,2024
24557,7678,2024
24558,6458,2024
24562,820,2024
24563,5184,2024
24565,1098,2024
24566,1084,2024
24569,1059,2024
24570,0,2024
24571,2092,2024
24572,15744,2024
24574,3666,2024
24577,4577,2024
24578,457,2024
24579,1107,2024
24580,360,2024
24581,0,2024
24586,4807,2024
24588,8817,2024
24589,1763,2024
24590,8229,2024
24592,14589,2024
24593,2162,2024
24594,1250,2024
24595,630,2024
24597,691,2024
24598,1309,2024
24599,470,2024
24601,0,2024
24602,1213,2024
24603,632,2024
24604,230,2024
24605,8872,2024
24606,310,2024
24607,313,2024
24609,6923,2024
24612,113,2024
24613,276,2024
24614,6668,2024
24620,2270,2024
24622,527,2024
24630,5307,2024
24631,2397,2024
24634,338,2024
24635,779,2024
24637,3778,2024
24639,2736,2024
24641,5446,2024
24646,667,2024
24649,2135,2024
24651,5982,2024
24656,2305,2024
24657,250,2024
24701,17117,2024
24712,2913,2024
24714,203,2024
24715,275,2024
24716,544,2024
24719,123,2024
24724,68,2024
24726,275,2024
24729,38,2024
24731,175,2024
24733,122,2024
24736,426,2024
24737,1186,2024
24738,0,2024
24739,13981,2024
24740,16498,2024
24747,3125,2024
24801,4745,2024
24808,501,2024
24811,295,2024
24813,400,2024
24815,176,2024
24816,113,2024
24817,1931,2024
24818,1481,2024
24822,890,2024
24823,413,2024
24826,87,2024
24827,755,2024
24828,429,2024
24830,125,2024
24831,393,2024
24834,996,2024
24836,914,2024
24839,495,2024
24843,0,2024
24844,1049,2024
24845,322,2024
24846,266,2024
24847,80,2024
24848,112,2024
24849,110,2024
24850,29,2024
24851,186,2024
24853,458,2024
24854,820,2024
24855,39,2024
24857,770,2024
24860,628,2024
24861,90,2024
24862,749,2024
24866,729,2024
24867,74,2024
24868,999,2024
24869,425,2024
24870,1639,2024
24871,667,2024
24872,477,2024
24873,247,2024
24874,1851,2024
24878,279,2024
24879,180,2024
24880,189,2024
24881,82,2024
24882,974,2024
24884,54,2024
24887,0,2024
24888,90,2024
24892,1193,2024
24894,409,2024
24895,4,2024
24898,311,2024
24901,9093,2024
24910,4664,2024
24915,505,2024
24916,322,2024
24918,1420,2024
24920,356,2024
24924,685,2024
24925,577,2024
24927,476,2024
24931,1173,2024
24934,362,2024
24935,797,2024
24938,1233,2024
24941,1243,2024
24943,156,2024
24944,448,2024
24945,303,2024
24946,1075,2024
24951,1416,2024
24954,3019,2024
24957,689,2024
24962,7,2024
24963,3560,2024
24966,1332,2024
24970,3647,2024
24974,223,2024
24976,1095,2024
24977,465,2024
24981,463,2024
24983,1474,2024
24984,265,2024
24985,161,2024
24986,5014,2024
24991,277,2024
24993,37,2024
25002,0,2024
25003,1975,2024
25005,281,2024
25007,687,2024
25008,113,2024
25009,870,2024
25011,647,2024
25015,3888,2024
25019,666,2024
25021,258,2024
25022,36,2024
25024,452,2024
25025,83,2024
25028,440,2024
25030,537,2024
25031,424,2024
25033,2284,2024
25035,719,2024
25036,159,2024
25039,629,2024
25040,648,2024
25043,1165,2024
25044,324,2024
25045,4234,2024
25047,146,2024
25048,351,2024
25049,548,2024
25051,117,2024
25053,3801,2024
25054,238,2024
25057,138,2024
25059,324,2024
25060,36,2024
25061,363,2024
25062,233,2024
25063,1309,2024
25064,9090,2024
25067,850,2024
25070,1875,2024
25071,11107,2024
25075,660,2024
25076,81,2024
25081,1084,2024
25082,1830,2024
25083,439,2024
25085,557,2024
25086,907,2024
25088,151,2024
25090,91,2024
25093,107,2024
25102,418,2024
25103,151,2024
25106,346,2024
25107,306,2024
25108,557,2024
25109,756,2024
25110,366,2024
25111,227,2024
25112,206,2024
25113,655,2024
25114,278,2024
25115,39,2024
25118,409,2024
25119,397,2024
25121,948,2024
25123,2440,2024
25124,1514,2024
25125,990,2024
25126,76,2024
25130,3456,2024
25132,501,2024
25133,441,2024
25134,548,2024
25136,1543,2024
25139,498,2024
25140,1321,2024
25141,305,2024
25142,130,2024
25143,8714,2024
25148,587,2024
25149,231,2024
25152,384,2024
25154,1085,2024
25156,119,2024
25159,3656,2024
25160,510,2024
25161,514,2024
25162,438,2024
25164,571,2024
25165,616,2024
25168,2330,2024
25169,415,2024
25173,67,2024
25174,204,2024
25177,22665,2024
25180,182,2024
25181,1457,2024
25183,80,2024
25185,729,2024
25186,725,2024
25187,497,2024
25193,230,2024
25201,64,2024
25202,1451,2024
25203,228,2024
25204,161,2024
25205,229,2024
25206,264,2024
25208,852,2024
25209,539,2024
25211,100,2024
25213,6224,2024
25214,994,2024
25231,6,2024
25234,566,2024
25235,945,2024
25239,1787,2024
25241,2154,2024
25243,740,2024
25244,850,2024
25245,684,2024
25247,499,2024
25248,3222,2024
25251,377,2024
25252,1195,2024
25253,2219,2024
25259,880,2024
25260,1298,2024
25261,325,2024
25262,1233,2024
25264,482,2024
25265,1285,2024
25266,680,2024
25267,731,2024
25268,498,2024
25270,1127,2024
25271,7376,2024
25275,2181,2024
25276,7127,2024
25285,825,2024
25286,1652,2024
25287,1302,2024
25301,2498,2024
25302,13204,2024
25303,7396,2024
25304,8655,2024
25305,0,2024
25306,6040,2024
25309,12154,2024
25311,9825,2024
25312,10047,2024
25313,11760,2024
25314,14794,2024
25315,3286,2024
25320,4595,2024
25387,4708,2024
25401,14979,2024
25403,16470,2024
25404,23990,2024
25405,14266,2024
25411,12367,2024
25413,9618,2024
25414,21073,2024
25419,13201,2024
25420,4945,2024
25421,0,2024
25422,1463,2024
25425,13332,2024
25427,16595,2024
25428,14825,2024
25430,8954,2024
25431,413,2024
25432,120,2024
25434,3272,2024
25437,143,2024
25438,7330,2024
25442,2772,2024
25443,7496,2024
25444,717,2024
25446,1374,2024
25501,1268,2024
25502,376,2024
25503,837,2024
25504,12251,2024
25505,380,2024
25506,5299,2024
25507,1168,2024
25508,8028,2024
25510,5098,2024
25511,855,2024
25512,932,2024
25514,3520,2024
25515,2386,2024
25517,1512,2024
25520,1129,2024
25521,897,2024
25523,2753,2024
25524,2533,2024
25526,22514,2024
25529,1027,2024
25530,6856,2024
25534,65,2024
25535,2461,2024
25537,1855,2024
25540,192,2024
25541,9318,2024
25544,16,2024
25545,5670,2024
25547,583,2024
25550,8963,2024
25555,2008,2024
25557,1251,2024
25559,1899,2024
25560,9303,2024
25564,1335,2024
25565,774,2024
25567,823,2024
25570,6445,2024
25571,1365,2024
25573,600,2024
25601,4380,2024
25606,1341,2024
25607,847,2024
25608,1051,2024
25611,1211,2024
25612,198,2024
25617,163,2024
25621,1739,2024
25624,388,2024
25625,1445,2024
25628,440,2024
25630,279,2024
25632,663,2024
25634,1358,2024
25635,1408,2024
25637,1004,2024
25638,249,2024
25639,544,2024
25644,761,2024
25646,1204,2024
25647,140,2024
25649,1722,2024
25650,86,2024
25651,533,2024
25652,1524,2024
25653,74,2024
25654,346,2024
25661,4277,2024
25666,145,2024
25667,467,2024
25669,633,2024
25670,3203,2024
25671,1898,2024
25672,377,2024
25674,1999,2024
25676,1239,2024
25678,1336,2024
25685,763,2024
25688,361,2024
25690,742,2024
25692,1395,2024
25696,1241,2024
25699,30,2024
25701,21197,2024
25702,7188,2024
25703,4598,2024
25704,14351,2024
25705,20922,2024
25755,1644,2024
25801,31128,2024
25810,109,2024
25811,37,2024
25812,1339,2024
25813,6958,2024
25817,195,2024
25818,163,2024
25820,583,2024
25823,423,2024
25825,2659,2024
25826,700,2024
25827,1380,2024
25831,1389,2024
25832,4818,2024
25836,1333,2024
25837,314,2024
25839,390,2024
25840,7746,2024
25841,526,2024
25843,986,2024
25844,607,2024
25845,596,2024
25846,34,2024
25848,131,2024
25849,193,2024
25851,0,2024
25853,106,2024
25854,704,2024
25855,339,2024
25857,0,2024
25862,216,2024
25864,299,2024
25865,1573,2024
25866,308,2024
25868,610,2024
25870,19,2024
25871,778,2024
25873,926,2024
25875,779,2024
25876,90,2024
25878,1094,2024
25879,273,2024
25880,6163,2024
25882,2268,2024
25901,10012,2024
25902,260,2024
25904,559,2024
25907,283,2024
25908,130,2024
25909,836,2024
25911,160,2024
25913,137,2024
25915,252,2024
25916,200,2024
25917,1255,2024
25918,4844,2024
25920,330,2024
25921,1989,2024
25922,63,2024
25928,803,2024
25932,167,2024
25936,5,2024
25938,1739,2024
25942,32,2024
25943,0,2024
25951,4904,2024
25958,483,2024
25962,3302,2024
25966,95,2024
25969,1826,2024
25971,1438,2024
25972,352,2024
25976,2469,2024
25977,50,2024
25978,534,2024
25979,541,2024
25981,842,2024
25984,2014,2024
25985,366,2024
25986,257,2024
25989,471,2024
26003,39982,2024
26030,443,2024
26031,1770,2024
26032,1061,2024
26033,1801,2024
26034,4664,2024
26035,2491,2024
26036,712,2024
26037,5714,2024
26038,2752,2024
26039,493,2024
26040,1899,2024
26041,15254,2024
26047,5357,2024
26050,1357,2024
26055,1139,2024
26056,233,2024
26058,17,2024
26059,2888,2024
26060,1655,2024
26062,20578,2024
26070,7741,2024
26074,1391,2024
26075,519,2024
26101,28005,2024
26104,16805,2024
26105,12107,2024
26133,1210,2024
26134,902,2024
26136,307,2024
26137,818,2024
26138,58,2024
26141,356,2024
26142,2262,2024
26143,3363,2024
26146,1215,2024
26147,2089,2024
26148,164,2024
26149,2314,2024
26150,5869,2024
26151,572,2024
26152,0,2024
26155,8003,2024
26159,2446,2024
26160,1163,2024
26161,415,2024
26162,0,2024
26164,7435,2024
26167,474,2024
26169,726,2024
26170,5701,2024
26175,2991,2024
26178,184,2024
26180,2106,2024
26181,6167,2024
26184,2352,2024
26187,6060,2024
26201,18689,2024
26202,457,2024
26203,312,2024
26205,2957,2024
26206,2807,2024
26208,893,2024
26209,63,2024
26210,124,2024
26215,166,2024
26217,283,2024
26218,2883,2024
26222,309,2024
26224,311,2024
26228,42,2024
26230,37,2024
26234,1045,2024
26236,19,2024
26237,579,2024
26238,1107,2024
26241,14102,2024
26250,5322,2024
26253,2589,2024
26254,137,2024
26257,820,2024
26259,113,2024
26260,1194,2024
26261,2760,2024
26263,206,2024
26264,618,2024
26266,217,2024
26267,650,2024
26268,34,2024
26269,843,2024
26270,934,2024
26271,299,2024
26273,1964,2024
26275,520,2024
26276,797,2024
26278,622,2024
26280,1390,2024
26282,205,2024
26283,1410,2024
26285,261,2024
26287,3034,2024
26288,3148,2024
26289,11,2024
26291,12,2024
26292,789,2024
26293,661,2024
26294,744,2024
26296,0,2024
26298,20,2024
26301,28716,2024
26320,723,2024
26321,344,2024
26323,382,2024
26325,221,2024
26327,51,2024
26330,15600,2024
26335,1149,2024
26337,806,2024
26338,518,2024
26339,223,2024
26342,483,2024
26343,419,2024
26346,675,2024
26347,2807,2024
26348,184,2024
26349,157,2024
26351,4440,2024
26354,9558,2024
26361,102,2024
26362,3270,2024
26366,13,2024
26369,387,2024
26372,635,2024
26374,1676,2024
26376,487,2024
26377,654,2024
26378,4778,2024
26384,201,2024
26385,2870,2024
26386,2243,2024
26404,113,2024
26405,803,2024
26408,2043,2024
26410,577,2024
26411,554,2024
26412,767,2024
26415,3308,2024
26416,7693,2024
26419,758,2024
26421,198,2024
26422,94,2024
26424,290,2024
26425,999,2024
26426,7575,2024
26430,216,2024
26431,6271,2024
26435,87,2024
26436,310,2024
26437,502,2024
26438,87,2024
26440,1046,2024
26443,450,2024
26444,3490,2024
26447,1174,2024
26448,1005,2024
26451,591,2024
26452,9220,2024
26456,2998,2024
26463,246,2024
26501,19529,2024
26505,37492,2024
26506,1476,2024
26508,40231,2024
26519,2363,2024
26520,483,2024
26521,113,2024
26524,77,2024
26525,8630,2024
26534,792,2024
26537,5276,2024
26541,3254,2024
26542,2067,2024
26543,0,2024
26544,0,2024
26546,341,2024
26547,2828,2024
26554,42118,2024
26559,1619,2024
26560,153,2024
26562,721,2024
26563,261,2024
26568,650,2024
26570,3350,2024
26571,1788,2024
26572,114,2024
26574,506,2024
26575,523,2024
26576,634,2024
26581,870,2024
26582,3743,2024
26585,977,2024
26586,58,2024
26587,98,2024
26588,2635,2024
26590,550,2024
26591,1568,2024
26601,4121,2024
26610,723,2024
26611,69,2024
26615,115,2024
26617,763,2024
26619,695,2024
26621,744,2024
26623,1425,2024
26624,2219,2024
26627,357,2024
26629,257,2024
26631,214,2024
26636,288,2024
26638,89,2024
26651,9067,2024
26656,414,2024
26660,449,2024
26662,743,2024
26667,136,2024
26671,459,2024
26676,126,2024
26678,1427,2024
26679,1628,2024
26680,307,2024
26681,871,2024
26684,275,2024
26690,824,2024
26691,741,2024
26704,5148,2024
26705,716,2024
26707,299,2024
26710,1912,2024
26711,2724,2024
26714,441,2024
26716,944,2024
26717,1593,2024
26719,2082,2024
26720,54,2024
26722,496,2024
26726,12629,2024
26731,276,2024
26739,702,2024
26743,2216,2024
26750,759,2024
26753,5960,2024
26755,607,2024
26757,7029,2024
26761,425,2024
26763,1253,2024
26764,4175,2024
26767,393,2024
26801,1517,2024
26802,893,2024
26804,530,2024
26807,2228,2024
26808,903,2024
26810,319,2024
26812,1525,2024
26814,440,2024
26815,539,2024
26817,425,2024
26818,1616,2024
26823,109,2024
26833,2890,2024
26836,5625,2024
26838,0,2024
26845,1015,2024
26847,5305,2024
26851,1870,2024
26852,1029,2024
26855,633,2024
26865,218,2024
26866,989,2024
26884,204,2024
26886,158,2024
27006,16247,2024
27007,2095,2024
27009,2939,2024
27011,5582,2024
27012,30543,2024
27013,6575,2024
27014,939,2024
27016,1900,2024
27017,10085,2024
27018,7388,2024
27019,3544,2024
27020,6207,2024
27021,17106,2024
27022,1285,2024
27023,14414,2024
27024,2387,2024
27025,12537,2024
27027,3836,2024
27028,26566,2024
27030,36241,2024
27040,12665,2024
27041,8303,2024
27042,278,2024
27043,6295,2024
27045,10863,2024
27046,2032,2024
27047,1247,2024
27048,7814,2024
27050,3823,2024
27051,7873,2024
27052,10506,2024
27053,3068,2024
27054,1931,2024
27055,14674,2024
27101,22973,2024
27103,33325,2024
27104,31783,2024
27105,40678,2024
27106,49670,2024
27107,50769,2024
27109,2823,2024
27110,2181,2024
27127,41443,2024
27201,139,2024
27202,135,2024
27203,23224,2024
27205,36947,2024
27207,4367,2024
27208,1979,2024
27209,3906,2024
27212,1997,2024
27213,60,2024
27214,14766,2024
27215,47102,2024
27217,41406,2024
27229,3456,2024
27231,2331,2024
27233,3178,2024
27235,5237,2024
27239,7954,2024
27242,1674,2024
27243,5677,2024
27244,16329,2024
27247,42,2024
27248,4234,2024
27249,13741,2024
27252,1425,2024
27253,33114,2024
27256,64,2024
27258,6391,2024
27259,14,2024
27260,25299,2024
27262,28353,2024
27263,21446,2024
27265,48798,2024
27268,1611,2024
27278,27925,2024
27281,3864,2024
27282,15927,2024
27283,3366,2024
27284,58065,2024
27288,22926,2024
27291,1656,2024
27292,40311,2024
27295,39267,2024
27298,10090,2024
27299,5034,2024
27301,11067,2024
27302,35418,2024
27305,1397,2024
27306,5486,2024
27310,8622,2024
27311,3842,2024
27312,23341,2024
27313,7781,2024
27314,594,2024
27315,1751,2024
27316,7084,2024
27317,17870,2024
27320,38896,2024
27325,6737,2024
27326,3396,2024
27330,39778,2024
27332,36947,2024
27340,48,2024
27341,5350,2024
27342,96,2024
27343,1232,2024
27344,19198,2024
27349,7061,2024
27350,5882,2024
27351,145,2024
27355,2291,2024
27356,3193,2024
27357,9922,2024
27358,15685,2024
27360,49510,2024
27370,15001,2024
27371,7572,2024
27374,105,2024
27376,9317,2024
27377,10885,2024
27379,4479,2024
27401,21920,2024
27403,22557,2024
27405,54303,2024
27406,60651,2024
27407,51697,2024
27408,16519,2024
27409,17551,2024
27410,54921,2024
27411,1433,2024
27412,3055,2024
27455,29302,2024
27501,24806,2024
27502,48530,2024
27503,5374,2024
27504,17079,2024
27505,8152,2024
27506,1056,2024
27507,1811,2024
27508,2362,2024
27509,7766,2024
27510,13868,2024
27511,33221,2024
27513,46979,2024
27514,32951,2024
27516,47358,2024
27517,29564,2024
27518,19735,2024
27519,69836,2024
27520,48014,2024
27521,6549,2024
27522,13083,2024
27523,20269,2024
27524,13999,2024
27525,17110,2024
27526,61588,2024
27527,39256,2024
27529,55242,2024
27530,37634,2024
27531,555,2024
27533,664,2024
27534,30415,2024
27536,15298,2024
27537,24708,2024
27539,25878,2024
27540,47771,2024
27541,3399,2024
27542,9850,2024
27544,3329,2024
27545,34163,2024
27546,21419,2024
27549,25543,2024
27551,1836,2024
27553,1506,2024
27555,573,2024
27556,142,2024
27557,8657,2024
27559,2312,2024
27560,40792,2024
27562,5659,2024
27563,5205,2024
27565,23826,2024
27568,1542,2024
27569,8833,2024
27570,0,2024
27571,9095,2024
27572,6131,2024
27573,11537,2024
27574,14928,2024
27576,21624,2024
27577,28354,2024
27581,3880,2024
27582,254,2024
27583,7242,2024
27584,178,2024
27587,82886,2024
27589,6739,2024
27591,29838,2024
27592,21114,2024
27593,0,2024
27594,61,2024
27596,22232,2024
27597,30184,2024
27599,0,2024
27601,9905,2024
27603,53972,2024
27604,44514,2024
27605,6286,2024
27606,45444,2024
27607,28438,2024
27608,12604,2024
27609,35573,2024
27610,81419,2024
27612,41952,2024
27613,45235,2024
27614,34226,2024
27615,46019,2024
27616,63520,2024
27617,20237,2024
27695,1993,2024
27697,0,2024
27701,24793,2024
27703,63458,2024
27704,40102,2024
27705,49923,2024
27707,51274,2024
27708,3253,2024
27709,0,2024
27712,24299,2024
27713,59197,2024
27801,19532,2024
27803,20055,2024
27804,30713,2024
27805,2517,2024
27806,2152,2024
27807,5958,2024
27808,2220,2024
27809,3930,2024
27810,3336,2024
27812,2188,2024
27813,743,2024
27814,1671,2024
27815,0,2024
27816,3019,2024
27817,7834,2024
27818,850,2024
27819,561,2024
27820,2201,2024
27821,64,2024
27822,7838,2024
27823,6553,2024
27824,1109,2024
27825,100,2024
27826,821,2024
27827,112,2024
27828,7909,2024
27829,1664,2024
27830,4006,2024
27831,2362,2024
27832,2783,2024
27834,56347,2024
27837,6489,2024
27839,3279,2024
27840,306,2024
27841,45,2024
27842,1538,2024
27843,876,2024
27844,3334,2024
27845,2033,2024
27846,3022,2024
27847,1044,2024
27849,1089,2024
27850,7053,2024
27851,5343,2024
27852,2269,2024
27853,585,2024
27855,5783,2024
27856,17081,2024
27857,1099,2024
27858,58774,2024
27860,1546,2024
27861,120,2024
27862,615,2024
27863,13729,2024
27864,4446,2024
27865,2387,2024
27866,577,2024
27869,1834,2024
27870,24958,2024
27871,3471,2024
27872,326,2024
27873,200,2024
27874,3464,2024
27875,379,2024
27876,1164,2024
27877,0,2024
27878,1094,2024
27879,307,2024
27880,3953,2024
27881,32,2024
27882,8358,2024
27883,4128,2024
27884,1892,2024
27885,1003,2024
27886,18381,2024
27888,2054,2024
27889,24371,2024
27890,2258,2024
27891,4865,2024
27892,13262,2024
27893,38512,2024
27896,19455,2024
27897,1194,2024
27909,40869,2024
27910,10487,2024
27915,339,2024
27916,1258,2024
27917,725,2024
27919,936,2024
27920,1267,2024
27921,5063,2024
27922,758,2024
27923,745,2024
27924,2708,2024
27925,3382,2024
27926,1983,2024
27927,1199,2024
27928,1834,2024
27929,3281,2024
27932,12745,2024
27935,1464,2024
27936,664,2024
27937,2936,2024
27938,1790,2024
27939,2206,2024
27941,641,2024
27942,766,2024
27943,152,2024
27944,11358,2024
27946,1008,2024
27947,1028,2024
27948,12436,2024
27949,8251,2024
27950,1796,2024
27953,999,2024
27954,7237,2024
27956,117,2024
27957,1012,2024
27958,14408,2024
27959,3170,2024
27960,723,2024
27962,7043,2024
27964,554,2024
27965,648,2024
27966,1540,2024
27967,618,2024
27968,781,2024
27969,111,2024
27970,2439,2024
27972,229,2024
27973,1117,2024
27974,858,2024
27976,4309,2024
27978,237,2024
27979,1161,2024
27980,1647,2024
27981,1969,2024
27982,144,2024
27983,8007,2024
27985,317,2024
27986,1283,2024
28001,26424,2024
28006,1518,2024
28007,879,2024
28009,1456,2024
28012,26556,2024
28016,13109,2024
28017,663,2024
28018,5034,2024
28019,0,2024
28020,2240,2024
28021,13865,2024
28023,15495,2024
28024,31,2024
28025,58334,2024
28027,81772,2024
28031,31733,2024
28032,2869,2024
28033,3481,2024
28034,18979,2024
28036,22963,2024
28037,28768,2024
28039,39,2024
28040,6961,2024
28041,3,2024
28042,299,2024
28043,20930,2024
28052,36272,2024
28054,41707,2024
28056,36200,2024
28071,4219,2024
28072,672,2024
28073,5890,2024
28074,15,2024
28075,21517,2024
28076,105,2024
28077,258,2024
28078,71657,2024
28079,43035,2024
28080,7606,2024
28081,29075,2024
28083,28095,2024
28086,29460,2024
28088,3054,2024
28089,167,2024
28090,7268,2024
28091,2285,2024
28092,40350,2024
28097,8303,2024
28098,3851,2024
28101,898,2024
28102,164,2024
28103,10714,2024
28104,36641,2024
28105,46817,2024
28107,10244,2024
28108,34,2024
28109,664,2024
28110,56971,2024
28112,28461,2024
28114,7104,2024
28115,43544,2024
28117,48826,2024
28119,2182,2024
28120,25805,2024
28124,7010,2024
28125,2765,2024
28127,8506,2024
28128,6587,2024
28129,5852,2024
28133,2060,2024
28134,13245,2024
28135,4655,2024
28136,66,2024
28137,2664,2024
28138,10271,2024
28139,20008,2024
28144,27977,2024
28146,31292,2024
28147,25812,2024
28150,28142,2024
28152,26134,2024
28159,3250,2024
28160,3665,2024
28163,6491,2024
28164,16874,2024
28166,11875,2024
28167,2253,2024
28168,10484,2024
28169,108,2024
28170,10103,2024
28173,65274,2024
28174,9573,2024
28202,17653,2024
28203,18823,2024
28204,9314,2024
28205,51806,2024
28206,15375,2024
28207,9527,2024
28208,40197,2024
28209,24331,2024
28210,47359,2024
28211,33925,2024
28212,42440,2024
28213,45904,2024
28214,43837,2024
28215,66674,2024
28216,57507,2024
28217,32064,2024
28223,4953,2024
28226,39381,2024
28227,60482,2024
28244,0,2024
28262,50003,2024
28269,79586,2024
28270,32448,2024
28273,50966,2024
28274,747,2024
28277,73882,2024
28278,37420,2024
28280,0,2024
28282,0,2024
28301,16798,2024
28303,30965,2024
28304,37140,2024
28305,5710,2024
28306,43042,2024
28307,14263,2024
28308,323,2024
28310,9583,2024
28311,36629,2024
28312,19793,2024
28314,55834,2024
28315,14084,2024
28318,3644,2024
28320,7962,2024
28323,4758,2024
28325,384,2024
28326,26068,2024
28327,19386,2024
28328,26927,2024
28330,313,2024
28331,123,2024
28332,645,2024
28333,10534,2024
28334,22873,2024
28337,8357,2024
28338,3265,2024
28339,6894,2024
28340,9265,2024
28341,2886,2024
28342,145,2024
28343,1574,2024
28344,4806,2024
28345,12372,2024
28347,2212,2024
28348,39196,2024
28349,3775,2024
28350,197,2024
28351,4535,2024
28352,23837,2024
28355,0,2024
28356,6579,2024
28357,2852,2024
28358,33071,2024
28359,877,2024
28360,12550,2024
28362,35,2024
28363,962,2024
28364,12819,2024
28365,15999,2024
28366,3769,2024
28367,89,2024
28368,50,2024
28369,1878,2024
28371,7055,2024
28372,12483,2024
28373,2589,2024
28374,19782,2024
28375,182,2024
28376,44880,2024
28377,11590,2024
28378,0,2024
28379,23417,2024
28382,6961,2024
28383,6825,2024
28384,11379,2024
28385,2575,2024
28386,5451,2024
28387,16059,2024
28390,24000,2024
28391,5963,2024
28392,1758,2024
28393,1707,2024
28394,5936,2024
28395,2688,2024
28396,2666,2024
28398,6417,2024
28399,1819,2024
28401,22007,2024
28403,40319,2024
28405,35467,2024
28409,36163,2024
28411,37233,2024
28412,44166,2024
28420,2658,2024
28421,2010,2024
28422,10059,2024
28423,2388,2024
28424,90,2024
28425,11380,2024
28428,7136,2024
28429,9662,2024
28430,1573,2024
28431,5901,2024
28432,1656,2024
28433,4313,2024
28434,710,2024
28435,1889,2024
28436,1922,2024
28438,1582,2024
28439,1190,2024
28441,2532,2024
28442,1810,2024
28443,28416,2024
28444,2479,2024
28445,10797,2024
28447,1507,2024
28448,767,2024
28449,2131,2024
28450,2337,2024
28451,46933,2024
28452,1152,2024
28453,3206,2024
28454,2895,2024
28455,1644,2024
28456,3860,2024
28457,11464,2024
28458,5446,2024
28460,13532,2024
28461,23762,2024
28462,12340,2024
28463,7522,2024
28464,2185,2024
28465,8756,2024
28466,8893,2024
28467,13313,2024
28468,5154,2024
28469,10404,2024
28470,11219,2024
28472,16780,2024
28478,5017,2024
28479,6581,2024
28480,2776,2024
28501,17642,2024
28504,20407,2024
28508,1813,2024
28509,17,2024
28510,1718,2024
28511,610,2024
28512,3358,2024
28513,10573,2024
28515,2822,2024
28516,11289,2024
28518,7651,2024
28519,392,2024
28520,101,2024
28521,1593,2024
28523,2753,2024
28524,261,2024
28525,3613,2024
28526,1842,2024
28527,1588,2024
28528,407,2024
28529,1804,2024
28530,6484,2024
28531,1060,2024
28532,20908,2024
28533,2452,2024
28537,5,2024
28538,1989,2024
28539,18351,2024
28540,49141,2024
28542,3508,2024
28543,6069,2024
28544,4386,2024
28546,47256,2024
28547,21346,2024
28551,14078,2024
28552,201,2024
28553,413,2024
28554,54,2024
28555,5914,2024
28556,752,2024
28557,15253,2024
28560,28661,2024
28562,39082,2024
28570,22197,2024
28571,2678,2024
28572,6658,2024
28573,1874,2024
28574,20990,2024
28575,169,2024
28577,318,2024
28578,4219,2024
28579,331,2024
28580,11644,2024
28581,118,2024
28582,1658,2024
28584,14939,2024
28585,3893,2024
28586,7992,2024
28587,209,2024
28589,32,2024
28590,27471,2024
28594,3934,2024
28601,53329,2024
28602,31113,2024
28604,7869,2024
28605,3883,2024
28606,2187,2024
28607,35679,2024
28609,6615,2024
28610,10192,2024
28611,424,2024
28612,11290,2024
28613,23357,2024
28615,1878,2024
28616,115,2024
28617,1839,2024
28618,2208,2024
28619,487,2024
28621,9403,2024
28622,2565,2024
28623,1814,2024
28624,1438,2024
28625,39574,2024
28626,3173,2024
28627,1193,2024
28628,60,2024
28629,72,2024
28630,19382,2024
28631,684,2024
28634,5353,2024
28635,2669,2024
28636,4496,2024
28637,1911,2024
28638,12363,2024
28640,4820,2024
28641,59,2024
28642,5602,2024
28643,3615,2024
28644,1433,2024
28645,45997,2024
28646,382,2024
28649,1355,2024
28650,12746,2024
28651,5578,2024
28652,132,2024
28653,26,2024
28654,3168,2024
28655,55100,2024
28657,8188,2024
28658,26336,2024
28659,21422,2024
28660,2501,2024
28662,0,2024
28663,802,2024
28664,55,2024
28665,2483,2024
28666,273,2024
28667,301,2024
28668,40,2024
28669,2935,2024
28670,2124,2024
28671,375,2024
28672,136,2024
28673,6874,2024
28675,6745,2024
28676,3100,2024
28677,38819,2024
28678,5064,2024
28679,2454,2024
28681,25566,2024
28682,1701,2024
28683,1614,2024
28684,1961,2024
28685,2181,2024
28689,2188,2024
28690,9196,2024
28692,4367,2024
28693,1071,2024
28694,7626,2024
28697,13412,2024
28698,2320,2024
28701,5786,2024
28702,588,2024
28704,24138,2024
28705,6732,2024
28707,461,2024
28708,456,2024
28709,2260,2024
28710,78,2024
28711,12663,2024
28712,19977,2024
28713,8425,2024
28714,16397,2024
28715,30328,2024
28716,16863,2024
28717,1265,2024
28718,654,2024
28719,6786,2024
28720,138,2024
28721,10698,2024
28722,6086,2024
28723,12756,2024
28725,90,2024
28726,4363,2024
28729,3681,2024
28730,7605,2024
28731,8672,2024
28732,19279,2024
28733,63,2024
28734,29659,2024
28735,124,2024
28736,1000,2024
28739,20843,2024
28740,2158,2024
28741,4257,2024
28742,2710,2024
28743,2211,2024
28745,670,2024
28746,2744,2024
28747,2021,2024
28748,12230,2024
28749,0,2024
28751,4159,2024
28752,30292,2024
28753,10389,2024
28754,9682,2024
28755,0,2024
28756,4706,2024
28757,630,2024
28758,41,2024
28759,7555,2024
28761,8150,2024
28762,6599,2024
28763,2688,2024
28766,1259,2024
28768,6759,2024
28770,0,2024
28771,7567,2024
28772,1375,2024
28773,3441,2024
28774,1451,2024
28775,674,2024
28777,10178,2024
28778,13536,2024
28779,18064,2024
28781,881,2024
28782,6519,2024
28783,1785,2024
28785,8311,2024
28786,22056,2024
28787,22809,2024
28788,198,2024
28789,5788,2024
28790,3241,2024
28791,15108,2024
28792,36645,2024
28801,14691,2024
28803,33718,2024
28804,25776,2024
28805,19993,2024
28806,43433,2024
28901,5552,2024
28902,986,2024
28904,10050,2024
28905,3056,2024
28906,20526,2024
28909,1002,2024
29001,2339,2024
29003,5610,2024
29006,9199,2024
29009,2451,2024
29010,11861,2024
29014,1595,2024
29015,1255,2024
29016,30454,2024
29018,3559,2024
29020,23266,2024
29030,2045,2024
29031,1617,2024
29032,4687,2024
29033,12837,2024
29036,26620,2024
29037,983,2024
29038,2362,2024
29039,2941,2024
29040,8920,2024
29042,4904,2024
29044,4799,2024
29045,31372,2024
29046,22,2024
29047,3537,2024
29048,4982,2024
29051,758,2024
29052,2199,2024
29053,21076,2024
29054,11174,2024
29055,3924,2024
29056,2203,2024
29058,5423,2024
29059,4905,2024
29061,12538,2024
29062,10,2024
29063,38201,2024
29065,605,2024
29067,11116,2024
29069,4647,2024
29070,15657,2024
29072,69407,2024
29073,53156,2024
29074,212,2024
29075,2848,2024
29078,16283,2024
29079,58,2024
29080,2601,2024
29081,1102,2024
29082,371,2024
29101,2497,2024
29102,15698,2024
29104,1732,2024
29105,1621,2024
29107,2646,2024
29108,19585,2024
29111,1401,2024
29112,3847,2024
29113,1875,2024
29114,1786,2024
29115,27450,2024
29117,595,2024
29118,15135,2024
29122,100,2024
29123,7938,2024
29125,2861,2024
29126,2703,2024
29127,9920,2024
29128,4460,2024
29129,4605,2024
29130,6252,2024
29133,1262,2024
29135,8294,2024
29137,2248,2024
29138,10018,2024
29142,4744,2024
29145,594,2024
29146,1226,2024
29148,6033,2024
29150,38538,2024
29152,1967,2024
29153,14434,2024
29154,29454,2024
29160,7419,2024
29161,9688,2024
29162,3776,2024
29163,1573,2024
29164,4830,2024
29166,611,2024
29168,2903,2024
29169,21647,2024
29170,21247,2024
29172,8974,2024
29175,235,2024
29177,177,2024
29178,3280,2024
29180,11730,2024
29201,24605,2024
29203,40653,2024
29204,18159,2024
29205,22223,2024
29206,19759,2024
29207,8012,2024
29208,2445,2024
29209,38041,2024
29210,39962,2024
29212,27657,2024
29223,53074,2024
29225,443,2024
29229,51861,2024
29301,36278,2024
29302,19918,2024
29303,28381,2024
29306,16714,2024
29307,19115,2024
29316,33104,2024
29320,603,2024
29321,3236,2024
29322,10931,2024
29323,15573,2024
29324,32,2024
29325,14362,2024
29329,348,2024
29330,8572,2024
29331,98,2024
29332,3539,2024
29333,254,2024
29334,18575,2024
29335,5472,2024
29338,51,2024
29340,20763,2024
29341,20647,2024
29346,211,2024
29349,39083,2024
29351,1397,2024
29353,3675,2024
29355,841,2024
29356,8946,2024
29360,22085,2024
29364,553,2024
29365,14068,2024
29368,379,2024
29369,16503,2024
29370,542,2024
29372,3552,2024
29373,320,2024
29374,3079,2024
29375,177,2024
29376,8935,2024
29377,480,2024
29378,261,2024
29379,17607,2024
29384,3443,2024
29385,8180,2024
29388,16868,2024
29401,9339,2024
29403,22533,2024
29404,2334,2024
29405,26254,2024
29406,32001,2024
29407,36706,2024
29409,2056,2024
29410,21314,2024
29412,39256,2024
29414,44727,2024
29418,26052,2024
29420,23959,2024
29424,1243,2024
29425,0,2024
29426,1697,2024
29429,4479,2024
29431,7580,2024
29432,2424,2024
29434,755,2024
29435,4304,2024
29436,4000,2024
29437,2281,2024
29438,2826,2024
29439,1125,2024
29440,27319,2024
29445,59227,2024
29446,1184,2024
29448,1997,2024
29449,8024,2024
29450,3309,2024
29451,4362,2024
29452,318,2024
29453,1517,2024
29455,27576,2024
29456,41214,2024
29458,2505,2024
29461,43816,2024
29464,53045,2024
29466,44942,2024
29468,2144,2024
29469,470,2024
29470,5639,2024
29471,1135,2024
29472,12722,2024
29474,1420,2024
29475,2286,2024
29477,7176,2024
29479,6031,2024
29481,1759,2024
29482,2087,2024
29483,59186,2024
29485,58507,2024
29486,53975,2024
29487,2703,2024
29488,22538,2024
29492,20436,2024
29493,156,2024
29501,48673,2024
29505,23895,2024
29506,20777,2024
29510,10545,2024
29511,6874,2024
29512,17197,2024
29516,882,2024
29518,1121,2024
29519,99,2024
29520,13206,2024
29525,1665,2024
29526,54130,2024
29527,28451,2024
29530,2641,2024
29532,19857,2024
29536,14907,2024
29540,4080,2024
29541,9326,2024
29543,415,2024
29544,8252,2024
29545,1767,2024
29546,2683,2024
29547,2832,2024
29550,29924,2024
29554,8681,2024
29555,5972,2024
29556,10559,2024
29560,12277,2024
29563,1884,2024
29564,1262,2024
29565,7109,2024
29566,23806,2024
29567,550,2024
29568,17097,2024
29569,17788,2024
29570,4141,2024
29571,13457,2024
29572,12124,2024
29574,9413,2024
29575,20721,2024
29576,34695,2024
29577,35446,2024
29579,56915,2024
29580,1322,2024
29581,4845,2024
29582,20158,2024
29583,4994,2024
29584,2979,2024
29585,16966,2024
29588,52609,2024
29589,65,2024
29590,3480,2024
29591,4639,2024
29592,969,2024
29593,1692,2024
29594,80,2024
29596,1910,2024
29601,13790,2024
29605,40717,2024
29607,46209,2024
29609,32292,2024
29611,32365,2024
29613,2359,2024
29614,1848,2024
29615,38811,2024
29617,26582,2024
29620,11612,2024
29621,46482,2024
29624,13498,2024
29625,28012,2024
29626,13928,2024
29627,18274,2024
29628,2526,2024
29630,15982,2024
29631,16849,2024
29634,6048,2024
29635,1366,2024
29638,3348,2024
29639,1751,2024
29640,33142,2024
29642,36852,2024
29643,2751,2024
29644,22907,2024
29645,11054,2024
29646,27902,2024
29649,26275,2024
29650,42493,2024
29651,56599,2024
29653,4293,2024
29654,11095,2024
29655,7555,2024
29657,16390,2024
29658,306,2024
29659,163,2024
29661,6657,2024
29662,14950,2024
29664,1553,2024
29665,412,2024
29666,6894,2024
29667,240,2024
29669,16080,2024
29670,11084,2024
29671,18666,2024
29672,12750,2024
29673,30461,2024
29676,6016,2024
29678,23767,2024
29680,35770,2024
29681,68650,2024
29682,3957,2024
29683,265,2024
29684,5913,2024
29685,1964,2024
29686,989,2024
29687,44861,2024
29689,4057,2024
29690,26358,2024
29691,12084,2024
29692,5536,2024
29693,15114,2024
29696,5154,2024
29697,13581,2024
29702,9770,2024
29704,3060,2024
29706,18742,2024
29707,37629,2024
29708,43515,2024
29709,5988,2024
29710,40595,2024
29712,2047,2024
29714,3462,2024
29715,46865,2024
29717,1644,2024
29718,4133,2024
29720,53584,2024
29724,0,2024
29726,1985,2024
29727,2300,2024
29728,9043,2024
29729,2247,2024
29730,58199,2024
29732,57675,2024
29733,1468,2024
29741,1504,2024
29742,2492,2024
29743,1826,2024
29745,34909,2024
29801,31108,2024
29803,40699,2024
29805,4935,2024
29809,2301,2024
29810,3775,2024
29812,11132,2024
29816,1092,2024
29817,4139,2024
29819,930,2024
29821,1141,2024
29824,7789,2024
29826,241,2024
29827,3396,2024
29828,489,2024
29829,12385,2024
29831,4394,2024
29832,5074,2024
29834,259,2024
29835,6887,2024
29836,326,2024
29838,830,2024
29840,261,2024
29841,32342,2024
29842,8102,2024
29843,934,2024
29844,111,2024
29845,837,2024
29847,5554,2024
29848,889,2024
29849,271,2024
29851,9070,2024
29853,5944,2024
29856,3272,2024
29860,18201,2024
29899,710,2024
29902,17650,2024
29904,1600,2024
29905,1729,2024
29906,25342,2024
29907,15190,2024
29909,24003,2024
29910,53019,2024
29911,1516,2024
29912,24,2024
29915,619,2024
29916,1470,2024
29918,3799,2024
29920,10606,2024
29921,618,2024
29922,772,2024
29923,268,2024
29924,4447,2024
29926,24458,2024
29927,11373,2024
29928,15785,2024
29929,1276,2024
29932,322,2024
29934,1183,2024
29935,3513,2024
29936,14989,2024
29939,81,2024
29940,3256,2024
29941,329,2024
29943,224,2024
29944,4416,2024
29945,3918,2024
30002,5225,2024
30004,68707,2024
30005,41836,2024
30008,35547,2024
30009,21095,2024
30011,21624,2024
30012,34506,2024
30013,28297,2024
30014,41425,2024
30016,62968,2024
30017,26620,2024
30018,104,2024
30019,51162,2024
30021,27781,2024
30022,64546,2024
30024,88067,2024
30025,11182,2024
30028,38433,2024
30030,31756,2024
30032,42948,2024
30033,31310,2024
30034,41847,2024
30035,21569,2024
30038,43776,2024
30039,52783,2024
30040,82532,2024
30041,77664,2024
30043,87929,2024
30044,101475,2024
30045,44993,2024
30046,41850,2024
30047,70121,2024
30052,79811,2024
30054,10730,2024
30055,3800,2024
30056,2344,2024
30058,62614,2024
30060,38499,2024
30062,62284,2024
30064,52125,2024
30066,61761,2024
30067,47271,2024
30068,33882,2024
30070,64,2024
30071,25830,2024
30072,800,2024
30075,56263,2024
30076,46054,2024
30078,41597,2024
30079,4831,2024
30080,53316,2024
30082,27296,2024
30083,62724,2024
30084,38242,2024
30087,38977,2024
30088,29240,2024
30090,0,2024
30092,36992,2024
30093,46410,2024
30094,33731,2024
30096,71732,2024
30097,46876,2024
30101,62593,2024
30102,45319,2024
30103,14612,2024
30104,5484,2024
30105,2187,2024
30106,23107,2024
30107,19134,2024
30108,6751,2024
30110,14832,2024
30111,0,2024
30113,6103,2024
30114,62391,2024
30115,53687,2024
30116,22189,2024
30117,39804,2024
30118,1432,2024
30120,44896,2024
30121,25989,2024
30122,27036,2024
30124,2588,2024
30125,24324,2024
30126,41829,2024
30127,71626,2024
30132,53348,2024
30134,47580,2024
30135,66800,2024
30137,1709,2024
30139,4849,2024
30141,27220,2024
30143,26604,2024
30144,59661,2024
30145,8994,2024
30147,4657,2024
30148,973,2024
30149,1781,2024
30152,44977,2024
30153,18467,2024
30157,53445,2024
30161,34705,2024
30165,43001,2024
30168,26612,2024
30170,3732,2024
30171,3254,2024
30173,7010,2024
30175,6088,2024
30176,7057,2024
30177,784,2024
30178,4442,2024
30179,19882,2024
30180,43013,2024
30182,3849,2024
30183,6288,2024
30184,7093,2024
30185,4602,2024
30187,8137,2024
30188,69518,2024
30189,39928,2024
30204,13616,2024
30205,2880,2024
30206,3312,2024
30213,50621,2024
30214,31811,2024
30215,40476,2024
30216,3239,2024
30217,9309,2024
30218,1597,2024
30220,5366,2024
30222,4797,2024
30223,38262,2024
30224,28414,2024
30228,52402,2024
30229,41,2024
30230,8778,2024
30233,24730,2024
30234,2157,2024
30236,50089,2024
30238,43191,2024
30240,31271,2024
30241,25840,2024
30248,36038,2024
30250,607,2024
30251,2450,2024
30252,49554,2024
30253,64779,2024
30256,2838,2024
30257,4588,2024
30258,2611,2024
30259,3951,2024
30260,28693,2024
30263,61695,2024
30265,39942,2024
30268,10874,2024
30269,40534,2024
30272,0,2024
30273,17844,2024
30274,34081,2024
30275,238,2024
30276,19945,2024
30277,21641,2024
30281,71603,2024
30284,6,2024
30285,589,2024
30286,24726,2024
30288,8116,2024
30289,434,2024
30290,9318,2024
30291,25130,2024
30292,6384,2024
30293,2129,2024
30294,41983,2024
30295,5567,2024
30296,27045,2024
30297,29210,2024
30303,6797,2024
30305,28110,2024
30306,24236,2024
30307,21709,2024
30308,23181,2024
30309,32479,2024
30310,27186,2024
30311,34953,2024
30312,26942,2024
30313,10913,2024
30314,23333,2024
30315,34264,2024
30316,35107,2024
30317,15622,2024
30318,59609,2024
30319,45985,2024
30322,2521,2024
30324,29073,2024
30326,8234,2024
30327,23673,2024
30328,39508,2024
30329,27278,2024
30331,62567,2024
30332,2567,2024
30334,0,2024
30336,514,2024
30337,10694,2024
30338,39465,2024
30339,35372,2024
30340,30062,2024
30341,36021,2024
30342,33349,2024
30344,35456,2024
30345,24492,2024
30346,4411,2024
30349,79872,2024
30350,35170,2024
30354,16182,2024
30360,16855,2024
30363,3523,2024
30401,14032,2024
30410,1535,2024
30411,4650,2024
30412,97,2024
30413,1362,2024
30414,50,2024
30415,6343,2024
30417,11154,2024
30420,1890,2024
30421,3280,2024
30423,56,2024
30425,1408,2024
30426,703,2024
30427,12531,2024
30428,2659,2024
30429,102,2024
30434,4883,2024
30436,11704,2024
30439,10240,2024
30441,1910,2024
30442,8550,2024
30445,3389,2024
30446,2162,2024
30448,21,2024
30449,18,2024
30450,2632,2024
30451,35,2024
30452,1161,2024
30453,8506,2024
30454,348,2024
30455,835,2024
30456,1745,2024
30457,5580,2024
30458,49717,2024
30460,0,2024
30461,17447,2024
30464,152,2024
30467,11474,2024
30470,640,2024
30471,4718,2024
30473,2415,2024
30474,17315,2024
30477,2697,2024
30501,32258,2024
30504,29422,2024
30506,45612,2024
30507,33009,2024
30510,8558,2024
30511,3151,2024
30512,24929,2024
30513,11791,2024
30516,1837,2024
30517,18994,2024
30518,57912,2024
30519,59997,2024
30520,4974,2024
30521,6773,2024
30522,713,2024
30523,14050,2024
30525,7059,2024
30527,3995,2024
30528,24081,2024
30529,12874,2024
30530,7260,2024
30531,11819,2024
30533,28049,2024
30534,34365,2024
30535,8674,2024
30536,9398,2024
30537,1406,2024
30538,3081,2024
30539,115,2024
30540,20582,2024
30541,2393,2024
30542,38605,2024
30543,6238,2024
30545,683,2024
30546,8096,2024
30547,3767,2024
30548,26232,2024
30549,32075,2024
30552,1882,2024
30553,8557,2024
30554,8980,2024
30555,2607,2024
30557,4756,2024
30558,5524,2024
30559,5024,2024
30560,4295,2024
30562,866,2024
30563,6310,2024
30564,5001,2024
30565,4830,2024
30566,9447,2024
30567,5487,2024
30568,2133,2024
30571,4088,2024
30572,912,2024
30573,162,2024
30575,1589,2024
30576,3380,2024
30577,22964,2024
30581,17,2024
30582,5284,2024
30597,1278,2024
30598,66,2024
30601,25899,2024
30602,1467,2024
30605,41544,2024
30606,47865,2024
30607,10700,2024
30609,3310,2024
30619,1737,2024
30620,18139,2024
30621,6148,2024
30622,11280,2024
30623,74,2024
30624,3280,2024
30625,2617,2024
30627,2470,2024
30628,6624,2024
30629,5335,2024
30630,2607,2024
30631,1820,2024
30633,9033,2024
30634,1982,2024
30635,15640,2024
30639,36,2024
30641,1685,2024
30642,15343,2024
30643,17215,2024
30646,8460,2024
30648,3543,2024
30650,14056,2024
30655,29785,2024
30656,18650,2024
30660,1040,2024
30662,7950,2024
30663,3697,2024
30664,2,2024
30665,117,2024
30666,10585,2024
30667,834,2024
30668,2275,2024
30669,3285,2024
30673,6394,2024
30677,22616,2024
30678,1271,2024
30680,48388,2024
30683,7298,2024
30701,44691,2024
30705,33726,2024
30707,16686,2024
30708,285,2024
30710,7360,2024
30711,3235,2024
30720,27249,2024
30721,53060,2024
30724,18,2024
30725,5304,2024
30726,0,2024
30728,18790,2024
30730,2381,2024
30731,2479,2024
30733,2509,2024
30734,2803,2024
30735,6175,2024
30736,44499,2024
30738,3424,2024
30739,6746,2024
30740,8556,2024
30741,30041,2024
30742,7745,2024
30746,1483,2024
30747,14435,2024
30750,4130,2024
30751,335,2024
30752,9527,2024
30753,8177,2024
30755,9813,2024
30756,0,2024
30757,1589,2024
30802,6582,2024
30803,980,2024
30805,2585,2024
30807,186,2024
30808,4127,2024
30809,54743,2024
30810,2198,2024
30812,136,2024
30813,52466,2024
30814,10682,2024
30815,44109,2024
30816,2208,2024
30817,7560,2024
30818,274,2024
30820,1104,2024
30821,1096,2024
30822,0,2024
30823,1675,2024
30824,17327,2024
30828,3426,2024
30830,15313,2024
30833,3955,2024
30901,16484,2024
30904,23400,2024
30905,7033,2024
30906,60423,2024
30907,46975,2024
30909,46501,2024
30912,0,2024
31001,4471,2024
31002,2967,2024
31003,174,2024
31004,0,2024
31005,22063,2024
31006,3984,2024
31007,887,2024
31008,22602,2024
31009,1276,2024
31011,497,2024
31012,2802,2024
31014,12769,2024
31015,18714,2024
31016,1885,2024
31017,1382,2024
31018,2827,2024
31019,3154,2024
31020,1617,2024
31021,28190,2024
31022,1817,2024
31023,13964,2024
31024,21601,2024
31025,1387,2024
31027,10684,2024
31028,6645,2024
31029,19403,2024
31030,17473,2024
31031,6948,2024
31032,14173,2024
31033,2755,2024
31034,10,2024
31035,1258,2024
31036,10960,2024
31037,3828,2024
31038,660,2024
31039,54,2024
31041,967,2024
31042,1600,2024
31044,3082,2024
31045,42,2024
31046,3637,2024
31047,20203,2024
31049,1557,2024
31050,1305,2024
31051,122,2024
31052,9001,2024
31054,1188,2024
31055,4468,2024
31057,1757,2024
31058,1929,2024
31060,1988,2024
31061,41764,2024
31062,27,2024
31063,4266,2024
31064,10259,2024
31065,1481,2024
31066,803,2024
31067,300,2024
31068,4377,2024
31069,22953,2024
31070,897,2024
31071,1042,2024
31072,1049,2024
31075,2384,2024
31076,2968,2024
31077,1811,2024
31078,3199,2024
31079,2520,2024
31081,203,2024
31082,10236,2024
31083,187,2024
31084,0,2024
31085,1734,2024
31087,8846,2024
31088,58585,2024
31089,4239,2024
31090,715,2024
31091,4204,2024
31092,5014,2024
31093,26872,2024
31094,817,2024
31096,7145,2024
31097,1372,2024
31098,3140,2024
31201,7891,2024
31204,32421,2024
31206,24310,2024
31207,1479,2024
31210,33288,2024
31211,15868,2024
31213,0,2024
31216,16328,2024
31217,17732,2024
31220,16494,2024
31301,4933,2024
31302,8899,2024
31303,2604,2024
31305,5108,2024
31307,1752,2024
31308,8416,2024
31309,480,2024
31312,25991,2024
31313,42838,2024
31314,2122,2024
31315,7580,2024
31316,13812,2024
31318,451,2024
31320,10794,2024
31321,7305,2024
31322,30145,2024
31323,1364,2024
31324,37406,2024
31326,23940,2024
31327,0,2024
31328,3353,2024
31329,9609,2024
31331,6101,2024
31333,110,2024
31401,20445,2024
31404,30062,2024
31405,40764,2024
31406,34904,2024
31407,24893,2024
31408,11621,2024
31409,444,2024
31410,22214,2024
31411,9390,2024
31415,11082,2024
31419,57077,2024
31421,16,2024
31501,13511,2024
31503,22468,2024
31510,9685,2024
31512,2032,2024
31513,16371,2024
31516,15623,2024
31518,793,2024
31519,3126,2024
31520,22313,2024
31522,17780,2024
31523,15402,2024
31524,0,2024
31525,28926,2024
31527,769,2024
31532,802,2024
31533,17032,2024
31535,13463,2024
31537,9349,2024
31539,14201,2024
31542,2635,2024
31543,4935,2024
31544,426,2024
31545,16568,2024
31546,7097,2024
31547,1419,2024
31548,24070,2024
31549,1803,2024
31550,880,2024
31551,1010,2024
31552,707,2024
31553,5386,2024
31554,7393,2024
31555,2926,2024
31556,20,2024
31557,3687,2024
31558,22591,2024
31560,2852,2024
31561,96,2024
31562,3620,2024
31563,1196,2024
31564,0,2024
31565,2409,2024
31566,3987,2024
31567,1042,2024
31568,719,2024
31569,5506,2024
31599,1058,2024
31601,31302,2024
31602,35728,2024
31605,24829,2024
31606,3734,2024
31620,10969,2024
31622,1844,2024
31623,553,2024
31624,1913,2024
31625,915,2024
31626,3020,2024
31627,287,2024
31629,1267,2024
31630,840,2024
31631,575,2024
31632,15942,2024
31634,5133,2024
31635,6787,2024
31636,10619,2024
31637,3217,2024
31638,985,2024
31639,11059,2024
31641,1741,2024
31642,4617,2024
31643,9693,2024
31645,4988,2024
31647,3071,2024
31648,1052,2024
31649,1051,2024
31650,2676,2024
31698,1096,2024
31699,620,2024
31701,16135,2024
31704,187,2024
31705,30791,2024
31707,22679,2024
31709,15529,2024
31711,871,2024
31712,1295,2024
31714,5975,2024
31716,2481,2024
31719,8533,2024
31720,398,2024
31721,19435,2024
31722,493,2024
31727,0,2024
31730,8717,2024
31733,1373,2024
31735,543,2024
31738,2798,2024
31743,419,2024
31744,2849,2024
31747,258,2024
31749,2557,2024
31750,18552,2024
31753,35,2024
31756,1565,2024
31757,11340,2024
31763,29271,2024
31764,1827,2024
31765,2751,2024
31768,21903,2024
31771,7059,2024
31772,431,2024
31773,3981,2024
31774,5896,2024
31775,2894,2024
31778,2895,2024
31779,8599,2024
31780,1767,2024
31781,2174,2024
31783,1707,2024
31784,451,2024
31787,1122,2024
31788,11301,2024
31789,1470,2024
31790,2643,2024
31791,11255,2024
31792,22962,2024
31793,10585,2024
31794,26178,2024
31795,1591,2024
31796,1048,2024
31798,647,2024
31801,3015,2024
31803,4499,2024
31804,6318,2024
31805,1833,2024
31806,4135,2024
31807,2704,2024
31808,8893,2024
31810,175,2024
31811,6052,2024
31812,484,2024
31814,10,2024
31815,2792,2024
31816,4824,2024
31820,14005,2024
31821,112,2024
31822,5403,2024
31823,519,2024
31824,1066,2024
31825,2986,2024
31826,2552,2024
31827,1590,2024
31829,1699,2024
31830,2176,2024
31831,4446,2024
31832,67,2024
31833,6815,2024
31836,1009,2024
31901,5841,2024
31903,20644,2024
31904,35405,2024
31905,15157,2024
31906,20400,2024
31907,59110,2024
31909,39364,2024
32003,29766,2024
32008,5840,2024
32009,4045,2024
32011,15421,2024
32013,216,2024
32024,20670,2024
32025,22948,2024
32026,3311,2024
32033,4556,2024
32034,41029,2024
32038,10007,2024
32040,8978,2024
32043,34562,2024
32044,2594,2024
32046,10593,2024
32052,7441,2024
32053,4000,2024
32054,12581,2024
32055,17559,2024
32058,4655,2024
32059,3052,2024
32060,22467,2024
32061,101,2024
32062,2942,2024
32063,14611,2024
32064,7758,2024
32065,41578,2024
32066,6892,2024
32068,58983,2024
32071,4186,2024
32072,43,2024
32073,43561,2024
32079,419,2024
32080,20894,2024
32081,29784,2024
32082,29289,2024
32083,2561,2024
32084,37291,2024
32086,34855,2024
32087,4608,2024
32091,14719,2024
32092,53071,2024
32094,3464,2024
32095,21399,2024
32096,3663,2024
32097,26700,2024
32102,2371,2024
32110,10018,2024
32112,8214,2024
32113,5954,2024
32114,37747,2024
32117,30955,2024
32118,18383,2024
32119,22348,2024
32124,11409,2024
32127,29612,2024
32128,22244,2024
32129,23195,2024
32130,5620,2024
32131,5078,2024
32132,7868,2024
32133,483,2024
32134,7442,2024
32136,8363,2024
32137,48391,2024
32139,981,2024
32140,1479,2024
32141,18726,2024
32145,5759,2024
32147,1353,2024
32148,12063,2024
32157,639,2024
32159,32107,2024
32162,55424,2024
32163,28549,2024
32164,56658,2024
32168,31847,2024
32169,10192,2024
32174,54783,2024
32176,14841,2024
32177,25645,2024
32179,9318,2024
32180,4444,2024
32181,2377,2024
32182,30,2024
32187,1191,2024
32189,5593,2024
32190,1488,2024
32192,35,2024
32193,1236,2024
32195,3091,2024
32202,6023,2024
32203,0,2024
32204,9151,2024
32205,29148,2024
32206,17105,2024
32207,36998,2024
32208,32699,2024
32209,34657,2024
32210,65729,2024
32211,36762,2024
32212,1939,2024
32214,0,2024
32216,42298,2024
32217,20221,2024
32218,72905,2024
32219,14302,2024
32220,12298,2024
32221,32833,2024
32222,18258,2024
32223,26160,2024
32224,42092,2024
32225,55905,2024
32226,21256,2024
32227,3207,2024
32228,222,2024
32233,24633,2024
32234,9678,2024
32244,63592,2024
32246,62562,2024
32250,29072,2024
32254,13927,2024
32256,58192,2024
32257,42904,2024
32258,40408,2024
32259,75016,2024
32266,7168,2024
32277,36338,2024
32301,32017,2024
32303,49785,2024
32304,51673,2024
32305,19384,2024
32306,1770,2024
32307,1300,2024
32308,24406,2024
32309,33544,2024
32310,14888,2024
32311,21905,2024
32312,32216,2024
32313,0,2024
32317,14654,2024
32320,3792,2024
32321,5531,2024
32322,3678,2024
32323,90,2024
32324,4783,2024
32327,31445,2024
32328,4409,2024
32330,1045,2024
32331,4585,2024
32332,1293,2024
32333,11449,2024
32334,2012,2024
32336,1414,2024
32337,81,2024
32340,10302,2024
32343,3640,2024
32344,13113,2024
32346,2356,2024
32347,7530,2024
32348,12201,2024
32350,1295,2024
32351,16398,2024
32352,5102,2024
32355,243,2024
32356,113,2024
32358,1927,2024
32359,1408,2024
32360,144,2024
32361,241,2024
32399,0,2024
32401,18947,2024
32403,447,2024
32404,42514,2024
32405,29984,2024
32407,16404,2024
32408,18832,2024
32409,11113,2024
32410,550,2024
32413,15453,2024
32420,2159,2024
32421,4035,2024
32423,901,2024
32424,7586,2024
32425,13942,2024
32426,720,2024
32427,1030,2024
32428,17950,2024
32430,815,2024
32431,4683,2024
32432,45,2024
32433,19746,2024
32435,6664,2024
32437,424,2024
32438,4815,2024
32439,15328,2024
32440,8253,2024
32442,3417,2024
32443,2879,2024
32444,21459,2024
32445,2450,2024
32446,10910,2024
32448,8549,2024
32449,769,2024
32455,4370,2024
32456,7510,2024
32459,23522,2024
32460,5472,2024
32461,3757,2024
32462,3920,2024
32463,128,2024
32464,3282,2024
32465,8069,2024
32466,5916,2024
32501,11036,2024
32502,4231,2024
32503,33559,2024
32504,22153,2024
32505,27877,2024
32506,34549,2024
32507,32226,2024
32508,5281,2024
32509,336,2024
32511,1272,2024
32512,0,2024
32514,42447,2024
32526,44680,2024
32530,275,2024
32531,7314,2024
32533,31860,2024
32534,17104,2024
32535,5649,2024
32536,25599,2024
32539,33290,2024
32541,18855,2024
32542,3578,2024
32544,2256,2024
32547,35527,2024
32548,23774,2024
32550,8486,2024
32561,9321,2024
32563,30364,2024
32564,2676,2024
32565,5664,2024
32566,43883,2024
32567,5609,2024
32568,3324,2024
32569,12063,2024
32570,37197,2024
32571,42171,2024
32577,5678,2024
32578,34738,2024
32579,10506,2024
32580,4194,2024
32583,31828,2024
32601,23180,2024
32603,7419,2024
32605,24689,2024
32606,23022,2024
32607,35720,2024
32608,54566,2024
32609,19752,2024
32610,12,2024
32612,9157,2024
32615,16771,2024
32616,123,2024
32617,4504,2024
32618,7057,2024
32619,5074,2024
32621,6368,2024
32622,1313,2024
32625,1322,2024
32626,8709,2024
32628,5090,2024
32631,343,2024
32634,18,2024
32639,63,2024
32640,10623,2024
32641,13963,2024
32643,11953,2024
32648,510,2024
32653,15150,2024
32656,15836,2024
32658,347,2024
32664,367,2024
32666,6662,2024
32667,3944,2024
32668,5149,2024
32669,17704,2024
32680,10582,2024
32681,286,2024
32683,184,2024
32686,4882,2024
32692,64,2024
32693,12806,2024
32694,2286,2024
32696,15521,2024
32697,189,2024
32701,24592,2024
32702,2636,2024
32703,59269,2024
32707,39493,2024
32708,48965,2024
32709,1696,2024
32712,50583,2024
32713,22884,2024
32714,37905,2024
32720,36259,2024
32723,0,2024
32724,45140,2024
32725,51987,2024
32726,24715,2024
32730,6091,2024
32732,5275,2024
32735,5304,2024
32736,12688,2024
32738,49368,2024
32744,3634,2024
32746,46684,2024
32750,26164,2024
32751,22103,2024
32754,12011,2024
32757,34121,2024
32759,3216,2024
32763,24951,2024
32764,2789,2024
32765,64477,2024
32766,16221,2024
32767,3408,2024
32768,0,2024
32771,62606,2024
32773,34032,2024
32775,0,2024
32776,13163,2024
32778,25042,2024
32779,28924,2024
32780,40064,2024
32784,10019,2024
32789,27788,2024
32792,52976,2024
32796,20222,2024
32798,2782,2024
32801,17046,2024
32803,22152,2024
32804,21720,2024
32805,19294,2024
32806,26096,2024
32807,34456,2024
32808,60203,2024
32809,29237,2024
32810,36927,2024
32811,41475,2024
32812,34686,2024
32814,9286,2024
32816,12624,2024
32817,37014,2024
32818,59114,2024
32819,30213,2024
32820,10897,2024
32821,26161,2024
32822,67081,2024
32824,58368,2024
32825,63698,2024
32826,29006,2024
32827,19711,2024
32828,69202,2024
32829,20819,2024
32830,197,2024
32831,2527,2024
32832,40196,2024
32833,11389,2024
32835,49205,2024
32836,26106,2024
32837,53671,2024
32839,53242,2024
32899,0,2024
32901,28923,2024
32903,13836,2024
32904,37241,2024
32905,24792,2024
32907,49080,2024
32908,16535,2024
32909,41804,2024
32920,10005,2024
32922,14700,2024
32925,1644,2024
32926,23505,2024
32927,29219,2024
32931,14174,2024
32934,18564,2024
32935,41965,2024
32937,27836,2024
32940,51727,2024
32948,7112,2024
32949,3636,2024
32950,4132,2024
32951,11299,2024
32952,21613,2024
32953,24759,2024
32955,41008,2024
32958,30023,2024
32959,13,2024
32960,25259,2024
32962,25522,2024
32963,15008,2024
32966,20686,2024
32967,27240,2024
32968,15912,2024
32970,174,2024
32976,9156,2024
33001,250,2024
33004,17094,2024
33009,44502,2024
33010,41701,2024
33012,71017,2024
33013,30695,2024
33014,41598,2024
33015,68891,2024
33016,45551,2024
33018,57921,2024
33019,14293,2024
33020,46322,2024
33021,48464,2024
33022,0,2024
33023,72344,2024
33024,76585,2024
33025,76967,2024
33026,31172,2024
33027,65116,2024
33028,28397,2024
33029,44070,2024
33030,37678,2024
33031,7323,2024
33032,65132,2024
33033,71458,2024
33034,23823,2024
33035,17202,2024
33036,3777,2024
33037,14770,2024
33039,0,2024
33040,35429,2024
33042,6441,2024
33043,4298,2024
33050,10561,2024
33051,511,2024
33054,31055,2024
33055,37659,2024
33056,37890,2024
33060,37233,2024
33062,24920,2024
33063,55466,2024
33064,64563,2024
33065,58916,2024
33066,16719,2024
33067,27188,2024
33068,54439,2024
33069,29145,2024
33070,5768,2024
33071,42255,2024
33073,33838,2024
33076,44922,2024
33101,0,2024
33109,1083,2024
33122,1687,2024
33125,56897,2024
33126,47307,2024
33127,26786,2024
33128,9475,2024
33129,14702,2024
33130,34964,2024
33131,23095,2024
33132,20253,2024
33133,36789,2024
33134,38174,2024
33135,36143,2024
33136,16545,2024
33137,29414,2024
33138,28980,2024
33139,33753,2024
33140,20342,2024
33141,36438,2024
33142,58908,2024
33143,33711,2024
33144,25909,2024
33145,29761,2024
33146,19052,2024
33147,50419,2024
33149,14791,2024
33150,30974,2024
33154,14572,2024
33155,43983,2024
33156,33628,2024
33157,70596,2024
33158,5960,2024
33160,43718,2024
33161,54814,2024
33162,46606,2024
33165,48817,2024
33166,28265,2024
33167,23768,2024
33168,23775,2024
33169,43702,2024
33170,16652,2024
33172,39101,2024
33173,31778,2024
33174,35177,2024
33175,48237,2024
33176,51804,2024
33177,59056,2024
33178,67789,2024
33179,51591,2024
33180,34147,2024
33181,20848,2024
33182,12512,2024
33183,33527,2024
33184,19859,2024
33185,28555,2024
33186,69757,2024
33187,18174,2024
33189,26128,2024
33190,18287,2024
33193,47494,2024
33194,8069,2024
33196,54668,2024
33301,19503,2024
33304,18332,2024
33305,13243,2024
33306,2978,2024
33308,27935,2024
33309,37475,2024
33311,74898,2024
33312,52798,2024
33313,62807,2024
33314,31067,2024
33315,13645,2024
33316,12437,2024
33317,37950,2024
33319,54450,2024
33321,51216,2024
33322,41128,2024
33323,23589,2024
33324,50151,2024
33325,32399,2024
33326,33880,2024
33327,23203,2024
33328,28851,2024
33330,13699,2024
33331,24897,2024
33332,10920,2024
33334,30935,2024
33351,36364,2024
33388,0,2024
33401,33698,2024
33403,14370,2024
33404,30912,2024
33405,19780,2024
33406,26945,2024
33407,34851,2024
33408,18817,2024
33409,33489,2024
33410,36759,2024
33411,76863,2024
33412,15859,2024
33413,18668,2024
33414,60184,2024
33415,54581,2024
33417,38079,2024
33418,43676,2024
33426,24255,2024
33428,47588,2024
33430,19796,2024
33431,24608,2024
33432,21834,2024
33433,47005,2024
33434,21686,2024
33435,37833,2024
33436,48743,2024
33437,37229,2024
33438,257,2024
33440,20855,2024
33441,30153,2024
33442,31296,2024
33444,22737,2024
33445,33122,2024
33446,28431,2024
33449,8766,2024
33455,20018,2024
33458,55512,2024
33460,37795,2024
33461,49443,2024
33462,33371,2024
33463,65478,2024
33467,58411,2024
33469,14686,2024
33470,35610,2024
33471,7086,2024
33472,18885,2024
33473,11825,2024
33476,7413,2024
33477,12908,2024
33478,14731,2024
33480,10924,2024
33483,12669,2024
33484,26208,2024
33486,23232,2024
33487,20717,2024
33493,5158,2024
33496,26579,2024
33498,16853,2024
33503,891,2024
33510,30578,2024
33511,62138,2024
33513,14289,2024
33514,2366,2024
33521,634,2024
33523,19435,2024
33525,21077,2024
33527,17364,2024
33530,20,2024
33534,17740,2024
33538,6132,2024
33540,11390,2024
33541,24654,2024
33542,23612,2024
33543,40648,2024
33544,29901,2024
33545,30222,2024
33547,31431,2024
33548,8967,2024
33549,18178,2024
33550,0,2024
33556,35755,2024
33558,33165,2024
33559,18831,2024
33563,25896,2024
33565,18108,2024
33566,24521,2024
33567,12562,2024
33569,27867,2024
33570,33319,2024
33572,26495,2024
33573,35362,2024
33574,1822,2024
33576,6273,2024
33578,60651,2024
33579,49470,2024
33584,28579,2024
33585,1763,2024
33592,12333,2024
33594,37361,2024
33596,27757,2024
33597,10864,2024
33598,32820,2024
33602,21452,2024
33603,19869,2024
33604,40055,2024
33605,16030,2024
33606,24570,2024
33607,25291,2024
33609,18535,2024
33610,46587,2024
33611,36810,2024
33612,49005,2024
33613,37591,2024
33614,47298,2024
33615,47245,2024
33616,15830,2024
33617,47851,2024
33618,27771,2024
33619,41396,2024
33620,7298,2024
33621,2393,2024
33624,41346,2024
33625,29967,2024
33626,30575,2024
33629,27710,2024
33634,21862,2024
33635,19134,2024
33637,17658,2024
33647,74844,2024
33701,18823,2024
33702,31294,2024
33703,25264,2024
33704,16232,2024
33705,27939,2024
33706,15298,2024
33707,24324,2024
33708,15060,2024
33709,25050,2024
33710,33796,2024
33711,20013,2024
33712,27142,2024
33713,31729,2024
33714,19227,2024
33715,8032,2024
33716,19328,2024
33744,59,2024
33755,27476,2024
33756,32201,2024
33759,17557,2024
33760,20501,2024
33761,18290,2024
33762,5063,2024
33763,21146,2024
33764,27311,2024
33765,13808,2024
33767,8081,2024
33770,25368,2024
33771,27596,2024
33772,23733,2024
33773,16741,2024
33774,19799,2024
33776,12556,2024
33777,18582,2024
33778,16807,2024
33781,28072,2024
33782,22461,2024
33785,4907,2024
33786,1582,2024
33801,35394,2024
33803,29321,2024
33805,28751,2024
33809,30797,2024
33810,55137,2024
33811,29472,2024
33812,16169,2024
33813,38674,2024
33815,13975,2024
33823,41779,2024
33825,25501,2024
33827,2431,2024
33830,33740,2024
33834,6188,2024
33835,115,2024
33837,47389,2024
33838,5688,2024
33839,4561,2024
33840,0,2024
33841,8005,2024
33843,11220,2024
33844,51255,2024
33847,442,2024
33848,638,2024
33849,851,2024
33850,9757,2024
33851,1212,2024
33852,22600,2024
33853,12674,2024
33854,781,2024
33855,15,2024
33856,394,2024
33857,756,2024
33858,653,2024
33859,11824,2024
33860,24892,2024
33865,488,2024
33867,43,2024
33868,13827,2024
33870,25195,2024
33872,13746,2024
33873,13935,2024
33875,11856,2024
33876,6816,2024
33877,159,2024
33880,43371,2024
33881,40808,2024
33884,37561,2024
33890,5197,2024
33896,26731,2024
33897,30159,2024
33898,18527,2024
33901,24481,2024
33903,23655,2024
33904,33599,2024
33905,41381,2024
33907,25033,2024
33908,37423,2024
33909,40231,2024
33912,19533,2024
33913,31538,2024
33914,45540,2024
33916,27943,2024
33917,33380,2024
33919,30412,2024
33920,9062,2024
33921,391,2024
33922,4226,2024
33924,109,2024
33928,31926,2024
33930,1540,2024
33931,8350,2024
33935,23186,2024
33936,27967,2024
33944,208,2024
33946,3090,2024
33947,10447,2024
33948,18696,2024
33950,24955,2024
33952,35231,2024
33953,8318,2024
33954,11193,2024
33955,12399,2024
33956,3405,2024
33957,6418,2024
33960,681,2024
33965,4836,2024
33966,12513,2024
33967,28341,2024
33971,30790,2024
33972,17285,2024
33973,14392,2024
33974,19927,2024
33976,20277,2024
33980,13120,2024
33981,15622,2024
33982,13006,2024
33983,18471,2024
33990,34713,2024
33991,27725,2024
33993,35580,2024
34101,0,2024
34102,11179,2024
34103,11299,2024
34104,26408,2024
34105,15441,2024
34108,16237,2024
34109,27273,2024
34110,25630,2024
34112,27193,2024
34113,26056,2024
34114,23559,2024
34116,35591,2024
34117,19923,2024
34119,36807,2024
34120,42345,2024
34134,16475,2024
34135,48252,2024
34137,68,2024
34138,808,2024
34139,243,2024
34140,104,2024
34141,169,2024
34142,35149,2024
34145,16205,2024
34201,3733,2024
34202,27197,2024
34203,40618,2024
34205,31946,2024
34207,34081,2024
34208,44004,2024
34209,33224,2024
34210,17682,2024
34211,24980,2024
34212,25536,2024
34215,707,2024
34216,874,2024
34217,3676,2024
34219,33296,2024
34221,56208,2024
34222,14819,2024
34223,19884,2024
34224,15536,2024
34228,7539,2024
34229,7495,2024
34231,32404,2024
34232,34013,2024
34233,19123,2024
34234,22986,2024
34235,15146,2024
34236,14446,2024
34237,17367,2024
34238,23821,2024
34239,14635,2024
34240,18774,2024
34241,16408,2024
34242,7529,2024
34243,32773,2024
34250,617,2024
34251,5956,2024
34266,29863,2024
34267,44,2024
34268,466,2024
34269,5013,2024
34275,22436,2024
34285,18677,2024
34286,22534,2024
34287,25929,2024
34288,18231,2024
34289,4441,2024
34291,8630,2024
34292,17586,2024
34293,50278,2024
34420,19465,2024
34428,10163,2024
34429,8727,2024
34431,9785,2024
34432,13587,2024
34433,8411,2024
34434,11074,2024
34436,8205,2024
34442,17281,2024
34445,42,2024
34446,19102,2024
34448,10817,2024
34449,3565,2024
34450,11532,2024
34452,13734,2024
34453,10621,2024
34461,13377,2024
34465,18879,2024
34470,22443,2024
34471,28342,2024
34472,35851,2024
34473,26813,2024
34474,20258,2024
34475,14301,2024
34476,28997,2024
34479,13264,2024
34480,23517,2024
34481,26782,2024
34482,22807,2024
34484,5050,2024
34487,0,2024
34488,11447,2024
34491,33318,2024
34498,675,2024
34601,24115,2024
34602,11088,2024
34604,13642,2024
34606,28668,2024
34607,9496,2024
34608,36658,2024
34609,47257,2024
34610,16995,2024
34613,19337,2024
34614,10935,2024
34637,13049,2024
34638,37644,2024
34639,30831,2024
34652,27444,2024
34653,35945,2024
34654,24355,2024
34655,49964,2024
34661,386,2024
34667,30689,2024
34668,49442,2024
34669,14618,2024
34677,22762,2024
34679,141,2024
34681,1284,2024
34683,33911,2024
34684,27029,2024
34685,18132,2024
34688,8522,2024
34689,27324,2024
34690,12498,2024
34691,21232,2024
34695,18098,2024
34698,38171,2024
34705,3014,2024
34711,70317,2024
34714,28200,2024
34715,26810,2024
34729,0,2024
34731,12196,2024
34734,3940,2024
34736,28001,2024
34737,4199,2024
34739,1176,2024
34741,58716,2024
34743,40030,2024
34744,66582,2024
34746,60595,2024
34747,30859,2024
34748,48095,2024
34753,7985,2024
34756,4876,2024
34758,46768,2024
34759,44568,2024
34760,740,2024
34761,47327,2024
34762,1226,2024
34769,30204,2024
34771,35257,2024
34772,35390,2024
34773,5816,2024
34785,21568,2024
34786,42358,2024
34787,101441,2024
34788,22137,2024
34797,1163,2024
34945,6321,2024
34946,6852,2024
34947,12804,2024
34949,7470,2024
34950,17461,2024
34951,17148,2024
34952,42655,2024
34953,86875,2024
34956,9630,2024
34957,23462,2024
34972,20066,2024
34974,23975,2024
34981,5031,2024
34982,31143,2024
34983,49001,2024
34984,20151,2024
34986,30715,2024
34987,21727,2024
34990,30592,2024
34994,18737,2024
34996,10653,2024
34997,47075,2024
35004,12155,2024
35005,8247,2024
35006,3894,2024
35007,28586,2024
35010,19347,2024
35013,141,2024
35014,3219,2024
35016,17158,2024
35019,2197,2024
35020,24892,2024
35022,23126,2024
35023,25533,2024
35031,7973,2024
35032,91,2024
35033,3931,2024
35034,5368,2024
35035,1389,2024
35036,208,2024
35040,19304,2024
35042,5924,2024
35043,15837,2024
35044,7837,2024
35045,15324,2024
35046,5160,2024
35049,4021,2024
35051,9818,2024
35052,191,2024
35053,3216,2024
35054,4593,2024
35055,23115,2024
35057,14730,2024
35058,11545,2024
35060,158,2024
35061,1554,2024
35062,8864,2024
35063,3606,2024
35064,9872,2024
35068,8378,2024
35070,122,2024
35071,17288,2024
35072,4914,2024
35073,3031,2024
35074,0,2024
35077,13107,2024
35078,2170,2024
35079,10087,2024
35080,20251,2024
35082,0,2024
35083,4692,2024
35085,8683,2024
35087,2281,2024
35089,1884,2024
35091,3802,2024
35094,14854,2024
35096,9415,2024
35097,1859,2024
35098,1390,2024
35111,20342,2024
35112,120,2024
35114,7922,2024
35115,17610,2024
35116,5227,2024
35117,5606,2024
35118,2960,2024
35119,0,2024
35120,17730,2024
35121,16170,2024
35124,25238,2024
35125,11279,2024
35126,22599,2024
35127,9442,2024
35128,10546,2024
35130,3202,2024
35131,3363,2024
35133,3150,2024
35135,1718,2024
35136,1755,2024
35143,3146,2024
35146,13973,2024
35147,6897,2024
35148,2241,2024
35149,0,2024
35150,17305,2024
35151,7482,2024
35160,26031,2024
35171,3595,2024
35172,2703,2024
35173,31603,2024
35175,4860,2024
35176,704,2024
35178,3078,2024
35179,9082,2024
35180,12973,2024
35181,98,2024
35183,835,2024
35184,5821,2024
35185,0,2024
35186,5191,2024
35188,2678,2024
35203,3506,2024
35204,8953,2024
35205,18858,2024
35206,15621,2024
35207,7709,2024
35208,13412,2024
35209,32734,2024
35210,13775,2024
35211,24924,2024
35212,10160,2024
35213,15603,2024
35214,17027,2024
35215,43903,2024
35216,34327,2024
35217,12240,2024
35218,6981,2024
35221,3119,2024
35222,8361,2024
35223,10666,2024
35224,4739,2024
35226,38588,2024
35228,10216,2024
35229,2792,2024
35233,3570,2024
35234,3879,2024
35235,20526,2024
35242,57374,2024
35243,18176,2024
35244,38217,2024
35249,15,2024
35254,1749,2024
35401,43459,2024
35404,22445,2024
35405,49420,2024
35406,18904,2024
35441,950,2024
35442,5230,2024
35443,1599,2024
35444,4216,2024
35446,1896,2024
35447,3309,2024
35452,4195,2024
35453,12620,2024
35456,3745,2024
35457,56,2024
35458,1211,2024
35459,580,2024
35460,442,2024
35461,2017,2024
35462,4203,2024
35463,1603,2024
35464,439,2024
35466,4906,2024
35469,474,2024
35470,5829,2024
35473,18198,2024
35474,9654,2024
35475,20745,2024
35476,8521,2024
35477,222,2024
35480,1879,2024
35481,3132,2024
35487,1950,2024
35490,4457,2024
35491,0,2024
35501,9927,2024
35503,9329,2024
35504,14332,2024
35540,2265,2024
35541,3895,2024
35542,1197,2024
35543,1092,2024
35544,969,2024
35545,102,2024
35546,4275,2024
35548,1712,2024
35549,3355,2024
35550,4806,2024
35552,893,2024
35553,4920,2024
35554,1190,2024
35555,9271,2024
35559,120,2024
35563,3789,2024
35564,2356,2024
35565,10642,2024
35570,11138,2024
35571,741,2024
35572,1203,2024
35573,14,2024
35574,1225,2024
35575,946,2024
35576,3597,2024
35577,17,2024
35578,5582,2024
35579,2916,2024
35580,3789,2024
35581,5932,2024
35582,4145,2024
35584,285,2024
35585,1642,2024
35586,3830,2024
35587,818,2024
35592,4357,2024
35593,1470,2024
35594,7453,2024
35601,35449,2024
35603,32179,2024
35610,1744,2024
35611,29969,2024
35613,25523,2024
35614,7618,2024
35615,23,2024
35616,3731,2024
35618,1896,2024
35619,5343,2024
35620,10905,2024
35621,3471,2024
35622,6830,2024
35630,34028,2024
35632,1132,2024
35633,20813,2024
35634,10241,2024
35640,27344,2024
35643,3101,2024
35645,13960,2024
35646,4568,2024
35647,909,2024
35648,3128,2024
35649,81,2024
35650,13473,2024
35651,1429,2024
35652,9173,2024
35653,11481,2024
35654,8749,2024
35660,9367,2024
35661,19169,2024
35670,7760,2024
35671,2267,2024
35672,5709,2024
35673,7250,2024
35674,20176,2024
35677,2046,2024
35739,5134,2024
35740,3443,2024
35741,4571,2024
35744,2574,2024
35745,335,2024
35746,1023,2024
35747,6559,2024
35748,7578,2024
35749,30710,2024
35750,13413,2024
35751,215,2024
35752,2524,2024
35754,5556,2024
35755,466,2024
35756,24947,2024
35757,18529,2024
35758,50266,2024
35759,14103,2024
35760,4643,2024
35761,13557,2024
35763,19819,2024
35764,575,2024
35765,4175,2024
35766,137,2024
35768,12370,2024
35769,9908,2024
35771,3414,2024
35772,4082,2024
35773,14606,2024
35774,120,2024
35775,385,2024
35776,3283,2024
35801,23357,2024
35802,23858,2024
35803,29197,2024
35805,20856,2024
35806,29161,2024
35808,1153,2024
35810,32843,2024
35811,31008,2024
35816,15939,2024
35824,9645,2024
35896,603,2024
35901,18769,2024
35903,17113,2024
35904,14015,2024
35905,6452,2024
35906,10446,2024
35907,9357,2024
35950,22603,2024
35951,14869,2024
35952,8415,2024
35953,7083,2024
35954,12054,2024
35956,8748,2024
35957,16737,2024
35958,3426,2024
35959,4726,2024
35960,9703,2024
35961,5879,2024
35962,8666,2024
35963,1398,2024
35966,3543,2024
35967,16957,2024
35968,4763,2024
35971,4452,2024
35972,1291,2024
35973,2778,2024
35974,1518,2024
35975,1649,2024
35976,16794,2024
35978,5580,2024
35979,1103,2024
35980,6418,2024
35981,2052,2024
35983,3572,2024
35984,1424,2024
35986,8207,2024
35987,2861,2024
35988,2368,2024
35989,3330,2024
35990,70,2024
36003,1901,2024
36005,1600,2024
36006,2060,2024
36008,0,2024
36009,2093,2024
36010,5429,2024
36013,245,2024
36016,4418,2024
36017,3138,2024
36020,1132,2024
36022,15672,2024
36024,6022,2024
36025,7450,2024
36026,1520,2024
36027,14869,2024
36028,1562,2024
36029,792,2024
36030,333,2024
36031,143,2024
36032,2444,2024
36033,3763,2024
36034,503,2024
36035,1758,2024
36036,1901,2024
36037,12933,2024
36038,52,2024
36039,171,2024
36040,3263,2024
36041,1561,2024
36042,1781,2024
36043,3239,2024
36046,1371,2024
36047,1074,2024
36048,1203,2024
36049,5125,2024
36051,3050,2024
36052,874,2024
36053,2403,2024
36054,14600,2024
36057,138,2024
36064,14103,2024
36066,22632,2024
36067,28293,2024
36069,2073,2024
36071,531,2024
36075,1580,2024
36078,13767,2024
36079,9174,2024
36080,2539,2024
36081,15143,2024
36082,1087,2024
36083,9109,2024
36088,3400,2024
36089,7802,2024
36091,3290,2024
36092,22242,2024
36093,11410,2024
36101,51,2024
36104,10535,2024
36105,9207,2024
36106,14065,2024
36107,8001,2024
36108,14766,2024
36109,23581,2024
36110,12102,2024
36111,11938,2024
36112,633,2024
36113,940,2024
36114,0,2024
36115,1255,2024
36116,45250,2024
36117,53172,2024
36130,0,2024
36201,16993,2024
36203,18919,2024
36205,1159,2024
36206,11172,2024
36207,19220,2024
36250,4353,2024
36251,5302,2024
36255,992,2024
36256,1515,2024
36258,1777,2024
36260,4626,2024
36262,1886,2024
36263,619,2024
36264,8025,2024
36265,22452,2024
36266,6028,2024
36267,226,2024
36268,5939,2024
36269,1443,2024
36271,6063,2024
36272,12954,2024
36273,3526,2024
36274,9968,2024
36276,2407,2024
36277,4918,2024
36278,4299,2024
36279,3071,2024
36280,4576,2024
36301,39452,2024
36303,30173,2024
36305,17610,2024
36310,6201,2024
36311,3048,2024
36312,6249,2024
36313,172,2024
36314,666,2024
36316,2071,2024
36317,1040,2024
36318,1213,2024
36319,2477,2024
36320,3151,2024
36321,2141,2024
36322,7959,2024
36323,7967,2024
36330,39557,2024
36340,5307,2024
36343,1496,2024
36344,5405,2024
36345,8689,2024
36346,1483,2024
36350,7659,2024
36351,4029,2024
36352,5617,2024
36353,2158,2024
36360,19060,2024
36362,4705,2024
36370,894,2024
36371,430,2024
36373,493,2024
36374,702,2024
36375,7884,2024
36376,2088,2024
36401,7342,2024
36420,10463,2024
36421,9799,2024
36425,668,2024
36426,16407,2024
36432,1940,2024
36435,581,2024
36436,564,2024
36439,140,2024
36441,3645,2024
36442,3560,2024
36444,666,2024
36445,5146,2024
36446,459,2024
36451,4842,2024
36453,2665,2024
36454,7,2024
36455,343,2024
36456,1491,2024
36460,9640,2024
36467,9575,2024
36470,0,2024
36471,497,2024
36473,95,2024
36474,2713,2024
36475,1866,2024
36476,49,2024
36477,4610,2024
36480,1293,2024
36481,143,2024
36482,566,2024
36483,555,2024
36502,15558,2024
36503,1002,2024
36505,762,2024
36507,20641,2024
36509,1233,2024
36511,769,2024
36512,7,2024
36513,521,2024
36518,2109,2024
36521,5536,2024
36522,7116,2024
36523,2972,2024
36524,1088,2024
36525,1945,2024
36526,36484,2024
36527,21765,2024
36528,1852,2024
36529,310,2024
36530,7409,2024
36532,38108,2024
36535,40628,2024
36538,290,2024
36539,453,2024
36540,872,2024
36541,15590,2024
36542,18906,2024
36543,7,2024
36544,10521,2024
36545,8673,2024
36547,0,2024
36548,1183,2024
36549,5622,2024
36550,592,2024
36551,12458,2024
36553,3422,2024
36555,1099,2024
36556,0,2024
36558,4236,2024
36559,221,2024
36560,2858,2024
36561,9528,2024
36562,1632,2024
36564,0,2024
36567,16095,2024
36568,213,2024
36569,637,2024
36571,17143,2024
36572,6922,2024
36574,1254,2024
36575,23481,2024
36576,4492,2024
36578,1079,2024
36579,1583,2024
36580,6638,2024
36581,161,2024
36582,23705,2024
36583,678,2024
36584,566,2024
36585,681,2024
36587,12013,2024
36602,1043,2024
36603,7760,2024
36604,8836,2024
36605,25104,2024
36606,18728,2024
36607,5393,2024
36608,38890,2024
36609,23820,2024
36610,9877,2024
36611,6332,2024
36612,3274,2024
36613,12234,2024
36615,0,2024
36617,11128,2024
36618,17892,2024
36619,14697,2024
36652,53,2024
36663,187,2024
36688,2471,2024
36693,18726,2024
36695,52690,2024
36701,22183,2024
36703,9125,2024
36720,693,2024
36722,89,2024
36723,239,2024
36726,4549,2024
36727,231,2024
36728,998,2024
36732,8387,2024
36736,1559,2024
36738,747,2024
36740,936,2024
36741,0,2024
36742,2656,2024
36744,5491,2024
36748,2522,2024
36749,864,2024
36750,3161,2024
36751,935,2024
36752,896,2024
36753,0,2024
36754,287,2024
36756,5288,2024
36758,1484,2024
36759,1166,2024
36761,869,2024
36763,116,2024
36764,0,2024
36765,567,2024
36766,3,2024
36767,1673,2024
36768,671,2024
36769,2071,2024
36773,427,2024
36775,991,2024
36776,1419,2024
36782,1850,2024
36783,671,2024
36784,5835,2024
36785,1139,2024
36786,2216,2024
36790,261,2024
36792,674,2024
36793,660,2024
36801,25438,2024
36804,20535,2024
36830,49292,2024
36832,30959,2024
36849,5241,2024
36850,2557,2024
36851,0,2024
36852,2308,2024
36853,9541,2024
36854,16537,2024
36855,1460,2024
36856,8716,2024
36858,303,2024
36860,1486,2024
36861,2853,2024
36862,5915,2024
36863,11919,2024
36865,22,2024
36866,3898,2024
36867,22821,2024
36869,21518,2024
36870,17951,2024
36871,547,2024
36874,9096,2024
36875,4017,2024
36877,14134,2024
36879,2826,2024
36901,112,2024
36904,4275,2024
36907,1618,2024
36908,1795,2024
36910,50,2024
36912,1219,2024
36913,33,2024
36915,779,2024
36916,652,2024
36919,1878,2024
36921,1072,2024
36922,296,2024
36925,2383,2024
37010,5435,2024
37012,2118,2024
37013,105212,2024
37014,3227,2024
37015,18988,2024
37016,900,2024
37018,2501,2024
37019,455,2024
37020,5000,2024
37022,5728,2024
37023,1677,2024
37025,6854,2024
37026,2054,2024
37027,61630,2024
37028,615,2024
37029,6405,2024
37030,8183,2024
37031,3926,2024
37032,5453,2024
37033,8249,2024
37034,8867,2024
37035,4181,2024
37036,7205,2024
37037,9855,2024
37040,64977,2024
37042,87652,2024
37043,58742,2024
37046,7310,2024
37047,2834,2024
37048,6380,2024
37049,4160,2024
37050,1815,2024
37051,3765,2024
37052,1659,2024
37055,29035,2024
37057,1016,2024
37058,7623,2024
37059,1590,2024
37060,3396,2024
37061,5382,2024
37062,13851,2024
37064,67513,2024
37066,64650,2024
37067,31556,2024
37069,20209,2024
37072,32208,2024
37073,14995,2024
37074,10932,2024
37075,73522,2024
37076,39017,2024
37078,974,2024
37079,2960,2024
37080,6844,2024
37082,5517,2024
37083,17364,2024
37085,5853,2024
37086,38872,2024
37087,56655,2024
37090,19774,2024
37091,24747,2024
37095,1697,2024
37096,6004,2024
37097,2473,2024
37098,6046,2024
37101,6484,2024
37110,34296,2024
37115,40615,2024
37118,1094,2024
37122,68492,2024
37127,21499,2024
37128,79268,2024
37129,63652,2024
37130,58064,2024
37132,2704,2024
37134,3231,2024
37135,24409,2024
37137,2090,2024
37138,22575,2024
37140,1494,2024
37141,1618,2024
37142,1506,2024
37143,4214,2024
37144,2892,2024
37145,2442,2024
37146,7598,2024
37148,26274,2024
37149,2602,2024
37150,4476,2024
37151,457,2024
37153,5682,2024
37160,38148,2024
37165,35,2024
37166,15731,2024
37167,66504,2024
37171,1402,2024
37172,31263,2024
37174,53900,2024
37175,953,2024
37178,1994,2024
37179,18043,2024
37180,3397,2024
37181,1886,2024
37183,3523,2024
37184,7289,2024
37185,9072,2024
37186,10709,2024
37187,7988,2024
37188,18241,2024
37189,3442,2024
37190,9525,2024
37191,3860,2024
37201,1467,2024
37203,21442,2024
37204,16469,2024
37205,24823,2024
37206,28545,2024
37207,41366,2024
37208,20889,2024
37209,37817,2024
37210,17725,2024
37211,76573,2024
37212,20592,2024
37213,25,2024
37214,29805,2024
37215,22018,2024
37216,19038,2024
37217,31869,2024
37218,15292,2024
37219,2398,2024
37220,5265,2024
37221,41935,2024
37228,2585,2024
37232,0,2024
37238,0,2024
37301,1528,2024
37302,5082,2024
37303,25688,2024
37305,1019,2024
37306,1919,2024
37307,5302,2024
37308,3188,2024
37309,2136,2024
37310,4370,2024
37311,30720,2024
37312,36669,2024
37313,1590,2024
37315,1825,2024
37316,0,2024
37317,2582,2024
37318,2103,2024
37321,21084,2024
37322,9101,2024
37323,31948,2024
37324,5628,2024
37325,2007,2024
37326,411,2024
37327,13480,2024
37328,1930,2024
37329,6591,2024
37330,7204,2024
37331,7613,2024
37332,1724,2024
37333,513,2024
37334,23790,2024
37335,2527,2024
37336,4483,2024
37337,1241,2024
37338,3309,2024
37339,1319,2024
37340,288,2024
37341,15591,2024
37342,3863,2024
37343,45101,2024
37345,2659,2024
37347,8607,2024
37348,1044,2024
37350,2111,2024
37351,281,2024
37352,3166,2024
37353,5330,2024
37354,17356,2024
37355,29805,2024
37356,2679,2024
37357,6210,2024
37359,1062,2024
37360,1719,2024
37361,2166,2024
37362,3430,2024
37363,42093,2024
37365,1678,2024
37366,1216,2024
37367,11169,2024
37369,713,2024
37370,5414,2024
37373,3273,2024
37374,1497,2024
37375,3866,2024
37376,361,2024
37377,17188,2024
37379,29430,2024
37380,6688,2024
37381,10711,2024
37383,344,2024
37385,9015,2024
37387,3674,2024
37388,27939,2024
37391,1530,2024
37394,114,2024
37396,44,2024
37397,10488,2024
37398,15755,2024
37402,3953,2024
37403,6413,2024
37404,14737,2024
37405,18109,2024
37406,13364,2024
37407,9156,2024
37408,3502,2024
37409,3357,2024
37410,4129,2024
37411,18997,2024
37412,21864,2024
37415,24181,2024
37416,13919,2024
37419,5980,2024
37421,52985,2024
37450,0,2024
37601,38008,2024
37604,39097,2024
37614,2767,2024
37615,22821,2024
37616,5762,2024
37617,14744,2024
37618,12548,2024
37620,38494,2024
37640,3851,2024
37641,9733,2024
37642,15011,2024
37643,34120,2024
37645,5472,2024
37650,12774,2024
37656,3849,2024
37657,1060,2024
37658,3854,2024
37659,29080,2024
37660,40996,2024
37663,14230,2024
37664,28267,2024
37665,4741,2024
37680,897,2024
37681,5723,2024
37682,591,2024
37683,12943,2024
37686,9495,2024
37687,4493,2024
37688,1138,2024
37690,4722,2024
37691,475,2024
37692,4766,2024
37694,1729,2024
37701,10247,2024
37705,5239,2024
37708,6512,2024
37709,4177,2024
37710,1083,2024
37711,5644,2024
37713,1425,2024
37714,4421,2024
37715,806,2024
37716,27425,2024
37719,45,2024
37721,14306,2024
37722,6708,2024
37723,1420,2024
37724,2214,2024
37725,18301,2024
37726,2556,2024
37727,1936,2024
37729,1279,2024
37730,33,2024
37731,564,2024
37732,0,2024
37733,0,2024
37737,7081,2024
37738,4952,2024
37742,7046,2024
37743,24548,2024
37745,21090,2024
37748,17575,2024
37752,6185,2024
37753,917,2024
37754,4211,2024
37755,3404,2024
37756,2881,2024
37757,10100,2024
37760,13253,2024
37762,2536,2024
37763,16984,2024
37764,12562,2024
37765,370,2024
37766,18554,2024
37769,5848,2024
37770,2756,2024
37771,18042,2024
37772,14646,2024
37774,21784,2024
37777,12877,2024
37779,3649,2024
37801,28090,2024
37803,33822,2024
37804,27382,2024
37806,3674,2024
37807,11069,2024
37809,2181,2024
37810,1823,2024
37811,3931,2024
37813,18288,2024
37814,35239,2024
37818,5774,2024
37819,475,2024
37820,8327,2024
37821,22909,2024
37825,8409,2024
37826,3449,2024
37828,1371,2024
37829,1977,2024
37830,33038,2024
37840,10004,2024
37841,10199,2024
37843,4426,2024
37845,171,2024
37846,4579,2024
37847,2513,2024
37848,145,2024
37849,29375,2024
37851,0,2024
37852,2733,2024
37853,3365,2024
37854,12478,2024
37857,21657,2024
37860,3700,2024
37861,8608,2024
37862,21767,2024
37863,6617,2024
37865,25074,2024
37866,2468,2024
37869,5271,2024
37870,4385,2024
37871,9926,2024
37872,2346,2024
37873,3960,2024
37874,16567,2024
37876,33561,2024
37877,9185,2024
37878,761,2024
37879,11854,2024
37880,3599,2024
37881,1677,2024
37882,2914,2024
37885,6271,2024
37886,3670,2024
37887,6555,2024
37888,3432,2024
37890,6821,2024
37891,3671,2024
37892,1631,2024
37902,2412,2024
37909,16774,2024
37912,21505,2024
37914,21478,2024
37915,5991,2024
37916,15583,2024
37917,24615,2024
37918,45971,2024
37919,31754,2024
37920,44995,2024
37921,28717,2024
37922,40394,2024
37923,30131,2024
37924,14420,2024
37929,0,2024
37931,31842,2024
37932,25424,2024
37934,28272,2024
37938,17437,2024
38001,4156,2024
38002,43882,2024
38004,12001,2024
38006,5303,2024
38007,0,2024
38008,9057,2024
38011,9948,2024
38012,13031,2024
38015,1950,2024
38016,44136,2024
38017,56826,2024
38018,38527,2024
38019,15760,2024
38021,0,2024
38023,5682,2024
38024,25952,2024
38028,7992,2024
38029,0,2024
38030,228,2024
38034,3230,2024
38036,207,2024
38037,1749,2024
38039,1305,2024
38040,4416,2024
38041,4161,2024
38042,464,2024
38044,791,2024
38046,11,2024
38047,205,2024
38049,3957,2024
38050,402,2024
38052,3668,2024
38053,25303,2024
38054,102,2024
38057,3563,2024
38058,10303,2024
38059,8281,2024
38060,12552,2024
38061,1138,2024
38063,15958,2024
38066,3446,2024
38067,1830,2024
38068,10427,2024
38069,3015,2024
38070,141,2024
38075,6324,2024
38076,954,2024
38077,0,2024
38079,4262,2024
38080,2506,2024
38103,14534,2024
38104,22634,2024
38105,5534,2024
38106,20962,2024
38107,13912,2024
38108,17562,2024
38109,42452,2024
38111,41934,2024
38112,16809,2024
38113,0,2024
38114,20298,2024
38115,38491,2024
38116,40061,2024
38117,25776,2024
38118,39107,2024
38119,23464,2024
38120,13309,2024
38122,26021,2024
38125,43071,2024
38126,5946,2024
38127,39541,2024
38128,42162,2024
38131,0,2024
38132,30,2024
38133,21278,2024
38134,43947,2024
38135,30317,2024
38138,25167,2024
38139,16466,2024
38141,23952,2024
38152,438,2024
38201,10472,2024
38220,1720,2024
38221,3098,2024
38222,2092,2024
38224,1042,2024
38225,5881,2024
38226,226,2024
38229,2378,2024
38230,3765,2024
38231,1929,2024
38232,2238,2024
38233,2674,2024
38235,199,2024
38236,1127,2024
38237,15627,2024
38240,1620,2024
38241,835,2024
38242,19293,2024
38251,3259,2024
38253,917,2024
38254,0,2024
38255,2271,2024
38256,3248,2024
38257,4437,2024
38258,1445,2024
38259,672,2024
38260,3720,2024
38261,16385,2024
38301,33536,2024
38305,53488,2024
38310,6556,2024
38311,724,2024
38313,3288,2024
38315,3631,2024
38316,3289,2024
38317,2584,2024
38318,404,2024
38320,10430,2024
38321,2397,2024
38326,2366,2024
38327,693,2024
38328,858,2024
38329,3166,2024
38330,3793,2024
38332,1188,2024
38333,262,2024
38334,2004,2024
38337,1379,2024
38338,54,2024
38339,503,2024
38340,12694,2024
38341,2578,2024
38342,1183,2024
38343,15837,2024
38344,8931,2024
38345,1423,2024
38347,257,2024
38348,975,2024
38351,18248,2024
38352,722,2024
38355,8353,2024
38356,2387,2024
38357,3516,2024
38358,12874,2024
38359,307,2024
38361,1092,2024
38362,1011,2024
38363,5808,2024
38365,42,2024
38366,2336,2024
38367,2541,2024
38368,2635,2024
38369,1543,2024
38370,1079,2024
38371,1092,2024
38372,17873,2024
38374,1815,2024
38375,8475,2024
38376,280,2024
38379,1611,2024
38380,525,2024
38381,1490,2024
38382,8432,2024
38387,407,2024
38388,1625,2024
38389,76,2024
38390,1170,2024
38391,1440,2024
38392,767,2024
38401,67482,2024
38425,3518,2024
38449,2911,2024
38450,2611,2024
38451,4145,2024
38452,1294,2024
38453,525,2024
38454,1084,2024
38455,119,2024
38456,4561,2024
38457,567,2024
38459,541,2024
38460,1711,2024
38461,1460,2024
38462,9986,2024
38463,2644,2024
38464,23504,2024
38468,5545,2024
38469,4647,2024
38471,319,2024
38472,2464,2024
38473,1129,2024
38474,9143,2024
38475,873,2024
38476,1228,2024
38477,2821,2024
38478,18943,2024
38481,890,2024
38482,2017,2024
38483,7610,2024
38485,6165,2024
38486,1301,2024
38487,746,2024
38488,2138,2024
38501,42471,2024
38503,0,2024
38504,689,2024
38505,960,2024
38506,30100,2024
38541,1542,2024
38542,0,2024
38543,336,2024
38544,8175,2024
38545,1575,2024
38547,2088,2024
38548,1154,2024
38549,4141,2024
38550,17,2024
38551,4477,2024
38552,472,2024
38553,2521,2024
38554,719,2024
38555,21584,2024
38556,12936,2024
38558,9472,2024
38559,1551,2024
38560,1432,2024
38562,6493,2024
38563,1826,2024
38564,501,2024
38565,1205,2024
38567,1065,2024
38568,2243,2024
38569,390,2024
38570,10255,2024
38571,14678,2024
38572,12083,2024
38573,2097,2024
38574,9079,2024
38575,865,2024
38577,1339,2024
38578,129,2024
38579,1475,2024
38580,1609,2024
38581,4079,2024
38582,1729,2024
38583,25584,2024
38585,4084,2024
38587,1446,2024
38588,1025,2024
38589,527,2024
38601,2507,2024
38603,2530,2024
38606,16156,2024
38610,3121,2024
38611,16537,2024
38614,16170,2024
38617,759,2024
38618,9866,2024
38619,5366,2024
38620,3386,2024
38621,1578,2024
38622,594,2024
38623,82,2024
38625,1261,2024
38626,1237,2024
38627,1145,2024
38629,2028,2024
38631,1027,2024
38632,31374,2024
38633,2212,2024
38635,15503,2024
38637,26647,2024
38639,447,2024
38641,2450,2024
38642,2126,2024
38643,1253,2024
38644,106,2024
38645,786,2024
38646,2687,2024
38647,994,2024
38650,4599,2024
38651,8731,2024
38652,15789,2024
38654,57898,2024
38655,46156,2024
38658,2124,2024
38659,1999,2024
38661,2126,2024
38663,11319,2024
38664,3465,2024
38665,3514,2024
38666,5861,2024
38668,14791,2024
38670,967,2024
38671,37319,2024
38672,16436,2024
38673,1056,2024
38674,1514,2024
38676,4995,2024
38677,5395,2024
38680,6839,2024
38683,3952,2024
38685,1301,2024
38701,20853,2024
38703,11028,2024
38720,574,2024
38721,1000,2024
38722,248,2024
38723,250,2024
38725,1152,2024
38726,345,2024
38730,1623,2024
38731,39,2024
38732,16696,2024
38733,33,2024
38736,610,2024
38737,2951,2024
38738,2463,2024
38740,496,2024
38744,512,2024
38745,74,2024
38746,475,2024
38748,3192,2024
38751,9949,2024
38753,1165,2024
38754,1231,2024
38756,5887,2024
38759,1346,2024
38760,934,2024
38761,1903,2024
38762,1904,2024
38764,157,2024
38765,128,2024
38767,100,2024
38768,48,2024
38769,1882,2024
38771,2724,2024
38772,87,2024
38773,2201,2024
38774,1758,2024
38776,0,2024
38778,1358,2024
38781,153,2024
38801,29858,2024
38804,16693,2024
38821,12546,2024
38824,8244,2024
38826,5894,2024
38827,2625,2024
38828,5120,2024
38829,18605,2024
38833,2615,2024
38834,27308,2024
38838,1122,2024
38839,96,2024
38841,3963,2024
38843,12303,2024
38844,161,2024
38846,2053,2024
38847,3388,2024
38848,965,2024
38849,5792,2024
38850,2972,2024
38851,8802,2024
38852,8721,2024
38855,5747,2024
38856,1221,2024
38857,4132,2024
38858,5442,2024
38859,475,2024
38860,5388,2024
38862,2024,2024
38863,19046,2024
38864,2100,2024
38865,4860,2024
38866,12429,2024
38868,4371,2024
38869,259,2024
38870,2133,2024
38871,2337,2024
38873,2383,2024
38876,1441,2024
38878,2449,2024
38879,56,2024
38901,17832,2024
38913,509,2024
38914,534,2024
38915,3402,2024
38916,4606,2024
38917,3225,2024
38920,396,2024
38921,4786,2024
38922,3296,2024
38923,1215,2024
38924,709,2024
38925,1901,2024
38927,1276,2024
38928,208,2024
38929,1924,2024
38930,22700,2024
38940,1994,2024
38941,3767,2024
38943,786,2024
38944,314,2024
38946,130,2024
38947,42,2024
38948,1818,2024
38949,287,2024
38950,717,2024
38951,1075,2024
38952,301,2024
38953,287,2024
38954,777,2024
38957,347,2024
38961,411,2024
38962,45,2024
38963,2882,2024
38964,105,2024
38965,8963,2024
38966,646,2024
38967,6693,2024
39038,5164,2024
39039,1981,2024
39040,3256,2024
39041,2704,2024
39042,39142,2024
39044,2994,2024
39045,1013,2024
39046,28442,2024
39047,40808,2024
39051,14986,2024
39054,337,2024
39056,26836,2024
39057,2718,2024
39058,961,2024
39059,11919,2024
39061,0,2024
39062,437,2024
39063,2828,2024
39066,4202,2024
39067,1016,2024
39069,4568,2024
39071,5776,2024
39073,21066,2024
39074,14283,2024
39078,843,2024
39079,1353,2024
39082,1416,2024
39083,8592,2024
39086,1443,2024
39088,21,2024
39090,12022,2024
39092,3343,2024
39094,2955,2024
39095,6726,2024
39096,2286,2024
39097,483,2024
39108,2163,2024
39110,50443,2024
39111,9143,2024
39113,196,2024
39114,9359,2024
39115,138,2024
39116,2594,2024
39117,10431,2024
39119,5739,2024
39120,29039,2024
39140,2352,2024
39144,930,2024
39145,5295,2024
39146,2614,2024
39148,6,2024
39149,1485,2024
39150,4777,2024
39152,583,2024
39153,2968,2024
39154,9255,2024
39156,878,2024
39157,24562,2024
39159,2888,2024
39160,2785,2024
39162,138,2024
39166,542,2024
39167,0,2024
39168,6270,2024
39169,2565,2024
39170,9069,2024
39173,9,2024
39174,485,2024
39175,4259,2024
39176,2143,2024
39177,104,2024
39179,739,2024
39180,28479,2024
39183,13663,2024
39189,3971,2024
39191,8378,2024
39192,1573,2024
39193,731,2024
39194,18714,2024
39201,858,2024
39202,6832,2024
39203,4019,2024
39204,13249,2024
39206,23257,2024
39208,34442,2024
39209,25776,2024
39210,712,2024
39211,23838,2024
39212,25659,2024
39213,18691,2024
39216,2902,2024
39217,2125,2024
39218,6873,2024
39232,9222,2024
39269,0,2024
39272,14348,2024
39301,20807,2024
39305,21638,2024
39307,15047,2024
39309,335,2024
39320,1930,2024
39322,1712,2024
39323,1017,2024
39324,0,2024
39325,5997,2024
39326,260,2024
39327,4509,2024
39328,4657,2024
39330,3187,2024
39332,1835,2024
39335,2564,2024
39336,1345,2024
39337,1472,2024
39338,3566,2024
39339,14460,2024
39341,6811,2024
39342,1839,2024
39345,5870,2024
39346,1704,2024
39347,1462,2024
39348,224,2024
39350,23778,2024
39352,380,2024
39354,1820,2024
39355,6182,2024
39356,839,2024
39358,1174,2024
39359,196,2024
39360,4554,2024
39361,1190,2024
39362,3311,2024
39363,1272,2024
39364,2767,2024
39365,8050,2024
39366,882,2024
39367,13779,2024
39401,42531,2024
39402,44620,2024
39406,1935,2024
39421,2550,2024
39422,4427,2024
39423,2642,2024
39425,1921,2024
39426,18737,2024
39427,799,2024
39428,8977,2024
39429,16320,2024
39437,12530,2024
39439,5160,2024
39440,19385,2024
39443,22767,2024
39451,7323,2024
39452,29181,2024
39455,7937,2024
39456,1027,2024
39459,3705,2024
39461,394,2024
39462,1684,2024
39464,2367,2024
39465,22882,2024
39466,28025,2024
39470,13926,2024
39474,6099,2024
39475,14530,2024
39476,6600,2024
39477,387,2024
39478,2043,2024
39479,5513,2024
39480,2076,2024
39481,1567,2024
39482,12606,2024
39483,5120,2024
39501,22565,2024
39503,55059,2024
39507,18564,2024
39520,15561,2024
39525,9338,2024
39529,0,2024
39530,7701,2024
39531,18918,2024
39532,36662,2024
39534,1857,2024
39540,13203,2024
39553,17225,2024
39556,6041,2024
39560,18702,2024
39561,2353,2024
39562,16677,2024
39563,11897,2024
39564,43240,2024
39565,20984,2024
39567,10341,2024
39571,14739,2024
39572,1321,2024
39573,10931,2024
39574,13535,2024
39576,6387,2024
39577,10224,2024
39581,11390,2024
39595,39,2024
39601,23583,2024
39629,5999,2024
39630,947,2024
39631,4524,2024
39633,759,2024
39635,0,2024
39638,3259,2024
39641,6769,2024
39643,1356,2024
39645,4050,2024
39647,814,2024
39648,20509,2024
39652,7259,2024
39653,3247,2024
39654,4604,2024
39656,679,2024
39657,1796,2024
39661,2251,2024
39662,1446,2024
39663,2465,2024
39664,2603,2024
39665,755,2024
39666,11408,2024
39667,10530,2024
39668,1294,2024
39669,3929,2024
39701,11958,2024
39702,23484,2024
39705,12552,2024
39730,11291,2024
39735,3587,2024
39736,338,2024
39737,298,2024
39739,2104,2024
39740,6143,2024
39741,1385,2024
39743,1713,2024
39744,5290,2024
39745,863,2024
39746,2908,2024
39747,1492,2024
39750,3924,2024
39751,1385,2024
39752,2347,2024
39753,0,2024
39755,697,2024
39756,2140,2024
39759,42783,2024
39762,5076,2024
39766,2616,2024
39767,576,2024
39769,1556,2024
39771,128,2024
39772,1961,2024
39773,14758,2024
39776,1529,2024
39813,1758,2024
39815,1637,2024
39817,11158,2024
39819,12140,2024
39823,9012,2024
39824,480,2024
39825,1766,2024
39826,500,2024
39827,4730,2024
39828,15423,2024
39832,0,2024
39834,2251,2024
39836,368,2024
39837,5549,2024
39840,4469,2024
39841,682,2024
39842,7831,2024
39845,8535,2024
39846,1828,2024
39851,2080,2024
39854,2436,2024
39859,980,2024
39861,873,2024
39862,875,2024
39866,2048,2024
39867,127,2024
39870,1794,2024
39877,393,2024
39885,25,2024
39886,1386,2024
39897,3507,2024
40003,1807,2024
40004,30601,2024
40006,5068,2024
40007,47,2024
40008,4020,2024
40009,1851,2024
40010,678,2024
40011,2379,2024
40012,712,2024
40013,6670,2024
40014,23101,2024
40019,4238,2024
40020,199,2024
40022,903,2024
40023,6870,2024
40025,565,2024
40026,5975,2024
40031,26259,2024
40033,11923,2024
40036,164,2024
40037,2793,2024
40040,779,2024
40041,564,2024
40045,3251,2024
40046,1122,2024
40047,23662,2024
40049,108,2024
40050,2045,2024
40051,4658,2024
40052,655,2024
40055,1942,2024
40056,3441,2024
40057,4065,2024
40058,37,2024
40059,20892,2024
40060,1114,2024
40061,168,2024
40062,280,2024
40063,326,2024
40065,32160,2024
40067,6365,2024
40068,2570,2024
40069,8015,2024
40070,360,2024
40071,17239,2024
40075,1151,2024
40076,2898,2024
40077,678,2024
40078,2661,2024
40104,1143,2024
40107,2187,2024
40108,12821,2024
40109,2376,2024
40110,440,2024
40111,1903,2024
40115,1012,2024
40117,2050,2024
40118,10697,2024
40119,1976,2024
40121,8836,2024
40140,866,2024
40142,2253,2024
40143,5756,2024
40144,1930,2024
40145,1175,2024
40146,3650,2024
40150,4950,2024
40152,728,2024
40155,1127,2024
40157,854,2024
40160,23624,2024
40161,182,2024
40162,6180,2024
40165,38403,2024
40170,396,2024
40171,272,2024
40175,15718,2024
40176,898,2024
40177,1523,2024
40178,522,2024
40202,7261,2024
40203,17742,2024
40204,14034,2024
40205,24664,2024
40206,20161,2024
40207,28903,2024
40208,15605,2024
40209,639,2024
40210,13518,2024
40211,20407,2024
40212,14661,2024
40213,16054,2024
40214,45405,2024
40215,20532,2024
40216,44047,2024
40217,11663,2024
40218,33736,2024
40219,39909,2024
40220,35078,2024
40221,0,2024
40222,21470,2024
40223,22798,2024
40228,18085,2024
40229,41299,2024
40231,0,2024
40241,30696,2024
40242,11168,2024
40243,12002,2024
40245,39835,2024
40258,26841,2024
40272,38289,2024
40280,182,2024
40291,41222,2024
40299,42207,2024
40310,471,2024
40311,7672,2024
40312,5994,2024
40313,2832,2024
40316,389,2024
40322,3238,2024
40324,53406,2024
40328,963,2024
40330,21250,2024
40334,0,2024
40336,12718,2024
40337,5244,2024
40339,346,2024
40342,23963,2024
40346,819,2024
40347,3960,2024
40348,625,2024
40350,73,2024
40351,22322,2024
40353,22725,2024
40355,514,2024
40356,45849,2024
40357,81,2024
40358,1012,2024
40359,6989,2024
40360,7595,2024
40361,18361,2024
40363,9,2024
40370,2836,2024
40371,2525,2024
40372,2090,2024
40374,2562,2024
40376,18,2024
40379,3788,2024
40380,7100,2024
40383,24793,2024
40385,2233,2024
40387,1948,2024
40390,7429,2024
40391,36796,2024
40402,2509,2024
40403,27607,2024
40404,1114,2024
40409,3445,2024
40419,5250,2024
40422,25950,2024
40434,112,2024
40437,4488,2024
40440,2428,2024
40442,781,2024
40444,14276,2024
40445,755,2024
40447,8014,2024
40448,0,2024
40456,8370,2024
40460,1358,2024
40461,2527,2024
40464,936,2024
40468,2084,2024
40472,1276,2024
40475,65961,2024
40481,209,2024
40484,12331,2024
40486,2375,2024
40489,4538,2024
40502,26122,2024
40503,27451,2024
40504,25816,2024
40505,25594,2024
40507,2159,2024
40508,23756,2024
40509,47036,2024
40510,1904,2024
40511,38176,2024
40513,11032,2024
40514,16961,2024
40515,37384,2024
40516,2926,2024
40517,35656,2024
40526,2383,2024
40536,0,2024
40601,51893,2024
40701,30526,2024
40729,5799,2024
40734,3602,2024
40737,1782,2024
40740,3880,2024
40741,23397,2024
40744,20137,2024
40759,3122,2024
40763,411,2024
40769,18218,2024
40771,1915,2024
40801,0,2024
40803,17,2024
40806,1732,2024
40807,619,2024
40808,8,2024
40810,1323,2024
40813,354,2024
40815,811,2024
40816,0,2024
40818,148,2024
40819,808,2024
40820,121,2024
40823,3742,2024
40824,977,2024
40826,809,2024
40827,943,2024
40828,4280,2024
40829,62,2024
40830,312,2024
40831,4789,2024
40840,355,2024
40843,48,2024
40844,25,2024
40845,580,2024
40847,41,2024
40849,34,2024
40854,675,2024
40855,744,2024
40856,745,2024
40858,211,2024
40862,525,2024
40863,706,2024
40865,426,2024
40868,1417,2024
40870,564,2024
40873,2167,2024
40874,57,2024
40902,558,2024
40903,558,2024
40906,10813,2024
40913,276,2024
40914,820,2024
40915,564,2024
40921,147,2024
40923,679,2024
40927,584,2024
40935,1748,2024
40939,165,2024
40940,367,2024
40941,269,2024
40943,1117,2024
40946,28,2024
40949,468,2024
40953,454,2024
40958,547,2024
40962,17310,2024
40964,101,2024
40965,11561,2024
40972,1255,2024
40977,8367,2024
40979,0,2024
40981,0,2024
40982,168,2024
40983,241,2024
40988,519,2024
40995,120,2024
40997,404,2024
41001,19323,2024
41002,2543,2024
41003,3138,2024
41004,4025,2024
41005,25718,2024
41006,4715,2024
41007,4445,2024
41008,7698,2024
41010,3239,2024
41011,26981,2024
41014,7392,2024
41015,20823,2024
41016,5795,2024
41017,40719,2024
41018,28940,2024
41030,6162,2024
41031,16624,2024
41033,2052,2024
41034,1254,2024
41035,11415,2024
41039,2974,2024
41040,7040,2024
41041,7750,2024
41042,57634,2024
41043,1694,2024
41044,1263,2024
41045,1203,2024
41046,1312,2024
41048,16211,2024
41049,2238,2024
41051,33054,2024
41052,311,2024
41055,1897,2024
41056,13445,2024
41059,2713,2024
41063,2863,2024
41064,2161,2024
41071,19680,2024
41073,5636,2024
41074,5756,2024
41075,17240,2024
41076,17158,2024
41080,1819,2024
41083,1663,2024
41085,601,2024
41086,2237,2024
41091,25244,2024
41092,3135,2024
41093,2387,2024
41094,14486,2024
41095,4106,2024
41097,7801,2024
41098,1360,2024
41101,19189,2024
41102,20621,2024
41121,1382,2024
41124,1131,2024
41129,9010,2024
41132,469,2024
41135,322,2024
41139,8085,2024
41141,2438,2024
41142,89,2024
41143,13242,2024
41144,9064,2024
41146,517,2024
41149,473,2024
41159,514,2024
41164,12574,2024
41166,1286,2024
41168,3673,2024
41169,5560,2024
41171,4611,2024
41174,803,2024
41175,5542,2024
41179,6908,2024
41180,642,2024
41181,45,2024
41183,1759,2024
41189,2281,2024
41201,136,2024
41203,790,2024
41204,480,2024
41214,305,2024
41216,986,2024
41219,2274,2024
41222,2530,2024
41224,4783,2024
41226,398,2024
41230,12638,2024
41231,1305,2024
41232,202,2024
41234,175,2024
41238,814,2024
41240,6408,2024
41250,1089,2024
41254,753,2024
41255,736,2024
41256,2043,2024
41257,715,2024
41260,910,2024
41262,993,2024
41263,386,2024
41264,771,2024
41265,1107,2024
41267,1343,2024
41268,944,2024
41271,399,2024
41274,576,2024
41301,5953,2024
41310,0,2024
41311,6331,2024
41314,4049,2024
41317,371,2024
41332,811,2024
41339,10590,2024
41348,1190,2024
41351,29,2024
41352,606,2024
41360,228,2024
41364,160,2024
41365,718,2024
41366,0,2024
41367,159,2024
41385,354,2024
41386,72,2024
41390,225,2024
41397,172,2024
41408,454,2024
41421,366,2024
41425,1247,2024
41464,560,2024
41465,10048,2024
41472,10792,2024
41501,23754,2024
41503,472,2024
41512,391,2024
41513,204,2024
41514,2806,2024
41517,120,2024
41519,901,2024
41522,4341,2024
41524,303,2024
41526,0,2024
41527,569,2024
41528,331,2024
41531,902,2024
41534,184,2024
41535,615,2024
41537,3447,2024
41538,327,2024
41539,1585,2024
41540,494,2024
41543,370,2024
41544,415,2024
41547,246,2024
41548,776,2024
41553,2269,2024
41554,1156,2024
41555,1039,2024
41557,2117,2024
41558,978,2024
41559,234,2024
41560,368,2024
41562,1541,2024
41563,453,2024
41564,539,2024
41566,203,2024
41567,78,2024
41568,583,2024
41571,449,2024
41572,3249,2024
41601,574,2024
41602,667,2024
41603,1878,2024
41604,428,2024
41605,603,2024
41606,128,2024
41607,229,2024
41612,71,2024
41615,881,2024
41616,544,2024
41619,345,2024
41621,170,2024
41622,206,2024
41630,836,2024
41631,1059,2024
41632,647,2024
41635,3166,2024
41636,646,2024
41640,927,2024
41642,972,2024
41643,134,2024
41645,1106,2024
41647,945,2024
41649,2114,2024
41650,590,2024
41651,499,2024
41653,11103,2024
41655,940,2024
41659,979,2024
41660,501,2024
41663,205,2024
41666,654,2024
41667,428,2024
41669,1036,2024
41701,17453,2024
41712,446,2024
41713,0,2024
41714,454,2024
41719,817,2024
41721,390,2024
41722,918,2024
41723,1066,2024
41725,307,2024
41727,1390,2024
41729,64,2024
41731,927,2024
41735,333,2024
41739,112,2024
41740,824,2024
41745,767,2024
41746,718,2024
41749,2411,2024
41751,261,2024
41754,800,2024
41759,841,2024
41760,351,2024
41762,101,2024
41763,778,2024
41764,591,2024
41766,555,2024
41772,218,2024
41773,1087,2024
41774,2010,2024
41775,276,2024
41776,712,2024
41777,1229,2024
41778,40,2024
41804,1201,2024
41810,350,2024
41812,177,2024
41815,796,2024
41817,377,2024
41819,289,2024
41821,363,2024
41822,2106,2024
41824,685,2024
41825,306,2024
41826,668,2024
41828,624,2024
41831,888,2024
41832,383,2024
41833,144,2024
41834,208,2024
41835,567,2024
41836,863,2024
41837,945,2024
41838,701,2024
41839,608,2024
41840,1245,2024
41843,172,2024
41844,1261,2024
41845,174,2024
41847,246,2024
41848,28,2024
41849,75,2024
41855,711,2024
41858,7031,2024
41859,240,2024
41861,169,2024
41862,1036,2024
42001,30856,2024
42003,29672,2024
42020,2476,2024
42021,1090,2024
42022,198,2024
42023,2529,2024
42024,1205,2024
42025,19941,2024
42027,1875,2024
42028,403,2024
42029,5552,2024
42031,3411,2024
42032,223,2024
42035,816,2024
42036,1194,2024
42037,16,2024
42038,6282,2024
42039,1694,2024
42040,692,2024
42041,4406,2024
42044,3894,2024
42045,1931,2024
42047,321,2024
42048,2083,2024
42049,1311,2024
42050,3015,2024
42051,2114,2024
42053,5307,2024
42054,837,2024
42055,2201,2024
42056,1450,2024
42058,2224,2024
42060,28,2024
42061,59,2024
42064,8098,2024
42066,23917,2024
42069,1214,2024
42071,30981,2024
42076,992,2024
42078,1702,2024
42079,1315,2024
42081,2161,2024
42082,1803,2024
42083,422,2024
42085,914,2024
42086,3775,2024
42087,2089,2024
42088,2497,2024
42101,65421,2024
42103,21911,2024
42104,42076,2024
42120,2745,2024
42122,5513,2024
42123,1149,2024
42124,28,2024
42127,7030,2024
42129,7302,2024
42130,124,2024
42131,72,2024
42133,1456,2024
42134,19380,2024
42140,1367,2024
42141,31506,2024
42151,201,2024
42153,18,2024
42154,629,2024
42156,235,2024
42157,507,2024
42159,1699,2024
42160,2822,2024
42163,48,2024
42164,17673,2024
42166,2691,2024
42167,8172,2024
42170,1938,2024
42171,6723,2024
42202,1958,2024
42204,725,2024
42206,5897,2024
42207,927,2024
42210,4231,2024
42211,13475,2024
42214,749,2024
42215,1319,2024
42217,3799,2024
42220,5947,2024
42223,19006,2024
42232,711,2024
42234,2487,2024
42236,931,2024
42240,41415,2024
42252,53,2024
42254,227,2024
42256,5124,2024
42259,1090,2024
42261,9641,2024
42262,9665,2024
42265,641,2024
42266,2956,2024
42273,519,2024
42274,2157,2024
42275,855,2024
42276,16044,2024
42280,338,2024
42285,531,2024
42286,2163,2024
42301,45445,2024
42303,42119,2024
42320,9128,2024
42321,553,2024
42322,53,2024
42323,852,2024
42324,1228,2024
42325,2045,2024
42326,283,2024
42327,4206,2024
42328,1158,2024
42330,9367,2024
42332,20,2024
42333,644,2024
42337,1683,2024
42338,12,2024
42339,840,2024
42343,1267,2024
42344,763,2024
42345,11440,2024
42347,5829,2024
42348,4713,2024
42349,1962,2024
42350,1342,2024
42351,4587,2024
42352,1955,2024
42354,283,2024
42355,1465,2024
42356,132,2024
42361,425,2024
42366,5851,2024
42367,949,2024
42368,989,2024
42369,223,2024
42370,16,2024
42371,472,2024
42372,1389,2024
42374,124,2024
42376,6886,2024
42378,3513,2024
42404,2109,2024
42406,2345,2024
42408,5888,2024
42409,2293,2024
42410,1084,2024
42411,2002,2024
42413,2597,2024
42420,38133,2024
42431,27207,2024
42436,1539,2024
42437,7064,2024
42440,650,2024
42441,1487,2024
42442,2991,2024
42444,0,2024
42445,10533,2024
42450,3859,2024
42451,600,2024
42452,1943,2024
42453,452,2024
42455,3758,2024
42456,1533,2024
42458,979,2024
42459,3903,2024
42461,1285,2024
42462,1546,2024
42463,84,2024
42464,1810,2024
42501,18214,2024
42503,25321,2024
42516,540,2024
42518,3031,2024
42519,2756,2024
42528,2126,2024
42533,897,2024
42539,9249,2024
42541,498,2024
42544,5520,2024
42553,5649,2024
42565,758,2024
42566,541,2024
42567,5390,2024
42602,8948,2024
42603,694,2024
42629,5152,2024
42631,66,2024
42633,18606,2024
42634,1646,2024
42635,4736,2024
42638,235,2024
42642,13459,2024
42647,3349,2024
42649,2003,2024
42653,4300,2024
42701,53987,2024
42712,1714,2024
42713,1781,2024
42715,417,2024
42716,1659,2024
42717,5969,2024
42718,26768,2024
42721,4353,2024
42722,596,2024
42724,5345,2024
42726,4758,2024
42728,16412,2024
42729,2142,2024
42732,1541,2024
42733,1610,2024
42740,1873,2024
42741,420,2024
42742,72,2024
42743,9342,2024
42746,2101,2024
42748,9365,2024
42749,4423,2024
42753,657,2024
42754,16918,2024
42757,2547,2024
42758,0,2024
42759,15,2024
42762,229,2024
42764,536,2024
42765,7149,2024
42776,2082,2024
42782,702,2024
42784,3089,2024
42788,192,2024
43001,2892,2024
43002,1205,2024
43003,3723,2024
43004,31477,2024
43005,339,2024
43006,701,2024
43007,63,2024
43008,2434,2024
43009,2229,2024
43010,305,2024
43011,6594,2024
43013,1754,2024
43014,3738,2024
43015,61401,2024
43016,46362,2024
43017,41613,2024
43018,286,2024
43019,9445,2024
43021,14403,2024
43022,3635,2024
43023,15688,2024
43025,5357,2024
43026,65238,2024
43027,185,2024
43028,7799,2024
43029,544,2024
43030,249,2024
43031,13876,2024
43032,0,2024
43033,387,2024
43035,36012,2024
43036,359,2024
43037,293,2024
43040,38990,2024
43044,4964,2024
43045,1739,2024
43046,2946,2024
43047,18,2024
43050,31074,2024
43054,27594,2024
43055,63281,2024
43056,17637,2024
43060,2359,2024
43061,4921,2024
43062,32037,2024
43064,18143,2024
43065,46679,2024
43066,1368,2024
43067,1884,2024
43068,60148,2024
43070,170,2024
43071,2371,2024
43072,5253,2024
43074,16873,2024
43076,9456,2024
43077,269,2024
43078,19695,2024
43080,5321,2024
43081,65020,2024
43082,34563,2024
43084,991,2024
43085,26601,2024
43101,316,2024
43102,3711,2024
43103,13130,2024
43105,8982,2024
43106,1587,2024
43107,3791,2024
43109,152,2024
43110,43544,2024
43111,249,2024
43112,4909,2024
43113,24480,2024
43115,1796,2024
43116,2684,2024
43117,7,2024
43119,29660,2024
43123,67626,2024
43125,14803,2024
43126,306,2024
43127,257,2024
43128,2002,2024
43130,62933,2024
43135,3937,2024
43136,2216,2024
43137,2415,2024
43138,18906,2024
43140,24237,2024
43142,107,2024
43143,5803,2024
43144,295,2024
43145,2070,2024
43146,13387,2024
43147,46963,2024
43148,1898,2024
43149,2129,2024
43150,2300,2024
43151,233,2024
43152,941,2024
43153,1112,2024
43154,3367,2024
43155,2361,2024
43156,237,2024
43157,597,2024
43158,160,2024
43160,22105,2024
43162,6896,2024
43164,2176,2024
43201,34322,2024
43202,20854,2024
43203,8618,2024
43204,42962,2024
43205,12618,2024
43206,21996,2024
43207,47272,2024
43209,28193,2024
43210,12164,2024
43211,22313,2024
43212,23405,2024
43213,36273,2024
43214,26776,2024
43215,17836,2024
43217,2091,2024
43218,0,2024
43219,32338,2024
43220,28792,2024
43221,35293,2024
43222,4819,2024
43223,28187,2024
43224,44319,2024
43227,25358,2024
43228,59077,2024
43229,55020,2024
43230,58076,2024
43231,23009,2024
43232,47364,2024
43235,44589,2024
43240,7679,2024
43302,53702,2024
43310,3177,2024
43311,20391,2024
43314,2438,2024
43315,6873,2024
43316,5968,2024
43317,173,2024
43318,4352,2024
43319,851,2024
43320,1189,2024
43321,378,2024
43322,437,2024
43323,598,2024
43324,2733,2024
43325,70,2024
43326,12573,2024
43330,100,2024
43331,4106,2024
43332,2173,2024
43333,941,2024
43334,6326,2024
43336,41,2024
43337,625,2024
43338,10599,2024
43340,2103,2024
43341,953,2024
43342,3836,2024
43343,1366,2024
43344,6173,2024
43345,666,2024
43346,238,2024
43347,1113,2024
43348,1897,2024
43350,146,2024
43351,10457,2024
43356,1120,2024
43357,4899,2024
43358,2275,2024
43359,748,2024
43360,1538,2024
43402,31393,2024
43403,4452,2024
43406,1619,2024
43407,484,2024
43408,386,2024
43410,10220,2024
43412,4175,2024
43413,1160,2024
43414,144,2024
43416,2868,2024
43420,29520,2024
43430,4911,2024
43431,4609,2024
43432,1357,2024
43433,0,2024
43434,110,2024
43435,1368,2024
43436,0,2024
43437,465,2024
43438,128,2024
43439,0,2024
43440,4222,2024
43442,824,2024
43443,1613,2024
43445,801,2024
43446,35,2024
43447,3348,2024
43449,7572,2024
43450,3759,2024
43451,1148,2024
43452,14264,2024
43456,692,2024
43457,1411,2024
43458,282,2024
43460,6200,2024
43462,1076,2024
43463,366,2024
43464,2138,2024
43465,5451,2024
43466,2492,2024
43467,185,2024
43468,459,2024
43469,2905,2024
43501,715,2024
43502,6890,2024
43504,1061,2024
43505,71,2024
43506,14734,2024
43510,12,2024
43511,783,2024
43512,28022,2024
43515,8401,2024
43516,2789,2024
43517,3442,2024
43518,2897,2024
43519,257,2024
43520,0,2024
43521,2471,2024
43522,3098,2024
43523,44,2024
43524,1170,2024
43525,1229,2024
43526,6464,2024
43527,2151,2024
43528,16207,2024
43529,381,2024
43530,0,2024
43531,212,2024
43532,3192,2024
43533,1770,2024
43534,1422,2024
43535,1011,2024
43536,338,2024
43537,30111,2024
43540,1582,2024
43541,183,2024
43542,4184,2024
43543,7401,2024
43545,14404,2024
43547,663,2024
43548,832,2024
43549,1317,2024
43551,43770,2024
43553,388,2024
43554,2037,2024
43555,253,2024
43556,1670,2024
43557,3284,2024
43558,12675,2024
43560,33286,2024
43565,311,2024
43566,8604,2024
43567,12754,2024
43569,2927,2024
43570,2867,2024
43571,7322,2024
43604,9594,2024
43605,24441,2024
43606,24898,2024
43607,19469,2024
43608,13593,2024
43609,21404,2024
43610,4060,2024
43611,18664,2024
43612,28480,2024
43613,30780,2024
43614,29075,2024
43615,40146,2024
43616,20309,2024
43617,8534,2024
43619,7173,2024
43620,4912,2024
43623,20267,2024
43701,56402,2024
43711,0,2024
43713,6516,2024
43716,1903,2024
43717,166,2024
43718,2696,2024
43719,2323,2024
43720,1308,2024
43721,196,2024
43722,617,2024
43723,4472,2024
43724,9133,2024
43725,19453,2024
43727,1202,2024
43728,1223,2024
43730,2749,2024
43731,5136,2024
43732,1813,2024
43733,66,2024
43734,1568,2024
43735,620,2024
43736,14,2024
43738,106,2024
43739,2508,2024
43740,261,2024
43746,715,2024
43747,1386,2024
43748,2980,2024
43749,2764,2024
43750,110,2024
43754,1623,2024
43755,1750,2024
43756,5573,2024
43758,2748,2024
43759,240,2024
43760,1493,2024
43761,45,2024
43762,4988,2024
43764,8168,2024
43766,1310,2024
43767,1443,2024
43768,211,2024
43771,2103,2024
43772,1544,2024
43773,2546,2024
43777,4253,2024
43778,1378,2024
43779,654,2024
43780,2515,2024
43782,544,2024
43783,4720,2024
43786,66,2024
43787,2524,2024
43788,735,2024
43791,33,2024
43793,4836,2024
43802,1313,2024
43804,3425,2024
43805,302,2024
43811,354,2024
43812,18532,2024
43821,3998,2024
43822,5095,2024
43824,4568,2024
43830,6549,2024
43832,6942,2024
43836,112,2024
43837,1329,2024
43840,1350,2024
43842,286,2024
43843,618,2024
43844,3760,2024
43845,4787,2024
43901,2232,2024
43902,117,2024
43903,2116,2024
43905,459,2024
43906,7779,2024
43907,4960,2024
43908,1073,2024
43909,31,2024
43910,3191,2024
43912,5738,2024
43913,1213,2024
43914,0,2024
43915,1256,2024
43917,2207,2024
43920,21103,2024
43925,39,2024
43926,252,2024
43928,255,2024
43930,1017,2024
43931,178,2024
43932,1008,2024
43933,1984,2024
43934,135,2024
43935,8083,2024
43938,5660,2024
43939,341,2024
43940,304,2024
43942,2012,2024
43943,3457,2024
43944,2593,2024
43945,2910,2024
43946,1479,2024
43947,4893,2024
43948,623,2024
43950,16404,2024
43951,42,2024
43952,17836,2024
43953,11274,2024
43961,221,2024
43962,67,2024
43963,1262,2024
43964,8952,2024
43967,31,2024
43968,6623,2024
43971,923,2024
43972,109,2024
43973,2016,2024
43974,106,2024
43976,1485,2024
43977,2757,2024
43981,239,2024
43983,657,2024
43985,231,2024
43986,1517,2024
43988,2457,2024
44001,21448,2024
44003,4569,2024
44004,31114,2024
44010,1554,2024
44011,25317,2024
44012,25752,2024
44017,18279,2024
44021,5908,2024
44022,16617,2024
44023,18960,2024
44024,24030,2024
44026,10730,2024
44028,9671,2024
44030,16191,2024
44032,2135,2024
44035,62179,2024
44039,36780,2024
44040,3063,2024
44041,14003,2024
44044,14721,2024
44045,611,2024
44046,1500,2024
44047,8365,2024
44048,2369,2024
44049,246,2024
44050,7059,2024
44052,28282,2024
44053,21084,2024
44054,12806,2024
44055,20043,2024
44056,12152,2024
44057,19445,2024
44060,60779,2024
44062,16908,2024
44064,1300,2024
44065,3842,2024
44067,19943,2024
44068,167,2024
44070,31924,2024
44072,5405,2024
44074,11745,2024
44076,4678,2024
44077,57325,2024
44080,42,2024
44081,6971,2024
44082,1704,2024
44084,3765,2024
44085,3468,2024
44086,2457,2024
44087,22185,2024
44089,15654,2024
44090,10670,2024
44092,17587,2024
44093,1256,2024
44094,36873,2024
44095,32363,2024
44099,1759,2024
44101,666,2024
44102,39952,2024
44103,13941,2024
44104,18902,2024
44105,32115,2024
44106,25120,2024
44107,50018,2024
44108,19381,2024
44109,39428,2024
44110,17009,2024
44111,42021,2024
44112,17848,2024
44113,20250,2024
44114,7488,2024
44115,10011,2024
44116,21532,2024
44117,9172,2024
44118,40715,2024
44119,13243,2024
44120,33202,2024
44121,32312,2024
44122,36678,2024
44123,18050,2024
44124,39779,2024
44125,29461,2024
44126,16976,2024
44127,4239,2024
44128,27122,2024
44129,28800,2024
44130,49679,2024
44131,20577,2024
44132,14633,2024
44133,31018,2024
44134,37774,2024
44135,28022,2024
44136,24946,2024
44137,23285,2024
44138,23162,2024
44139,24706,2024
44140,15984,2024
44141,13892,2024
44142,18284,2024
44143,24597,2024
44144,21394,2024
44145,34104,2024
44146,29349,2024
44147,19771,2024
44149,21098,2024
44201,6666,2024
44202,23084,2024
44203,38701,2024
44212,45889,2024
44214,2450,2024
44215,2650,2024
44216,9465,2024
44217,3804,2024
44221,28546,2024
44223,18459,2024
44224,39200,2024
44230,8107,2024
44231,8215,2024
44232,0,2024
44233,8103,2024
44234,3617,2024
44235,1365,2024
44236,25941,2024
44240,37788,2024
44241,18548,2024
44243,5082,2024
44250,1745,2024
44251,963,2024
44253,3552,2024
44254,4880,2024
44255,7318,2024
44256,64924,2024
44260,12780,2024
44262,5000,2024
44264,3462,2024
44266,32612,2024
44270,8071,2024
44272,6048,2024
44273,6952,2024
44274,92,2024
44275,3186,2024
44276,1923,2024
44278,18424,2024
44280,5503,2024
44281,34704,2024
44285,76,2024
44286,6295,2024
44287,7935,2024
44288,3850,2024
44301,13668,2024
44302,5474,2024
44303,7323,2024
44304,4000,2024
44305,21103,2024
44306,20905,2024
44307,6653,2024
44308,1030,2024
44310,25496,2024
44311,7547,2024
44312,30280,2024
44313,26631,2024
44314,17885,2024
44319,21538,2024
44320,17690,2024
44321,15878,2024
44325,911,2024
44333,19620,2024
44401,2526,2024
44402,2613,2024
44403,3743,2024
44404,1663,2024
44405,7815,2024
44406,22451,2024
44408,11159,2024
44410,15992,2024
44411,2294,2024
44412,2976,2024
44413,7397,2024
44415,345,2024
44417,1550,2024
44418,1508,2024
44420,15293,2024
44423,2177,2024
44424,83,2024
44425,13552,2024
44427,1451,2024
44428,3102,2024
44429,2313,2024
44430,4827,2024
44431,4788,2024
44432,12030,2024
44436,3077,2024
44437,3913,2024
44438,4950,2024
44439,499,2024
44440,4418,2024
44441,1571,2024
44442,3762,2024
44443,1641,2024
44444,9220,2024
44445,2914,2024
44446,20060,2024
44449,1205,2024
44450,2246,2024
44451,2892,2024
44452,2602,2024
44454,912,2024
44455,1597,2024
44460,25082,2024
44470,4104,2024
44471,10295,2024
44473,4213,2024
44481,10206,2024
44483,25805,2024
44484,21358,2024
44485,14930,2024
44490,597,2024
44491,3653,2024
44493,51,2024
44502,9594,2024
44503,938,2024
44504,5191,2024
44505,16764,2024
44506,2096,2024
44507,4140,2024
44509,10562,2024
44510,2027,2024
44511,18909,2024
44512,32536,2024
44514,23917,2024
44515,27690,2024
44555,169,2024
44601,32696,2024
44606,8182,2024
44607,15,2024
44608,2692,2024
44609,3782,2024
44610,214,2024
44611,2259,2024
44612,5261,2024
44613,1985,2024
44614,13190,2024
44615,10041,2024
44618,7846,2024
44619,299,2024
44620,1461,2024
44621,4566,2024
44622,18661,2024
44624,6601,2024
44625,962,2024
44626,2658,2024
44627,7086,2024
44628,1270,2024
44629,2636,2024
44630,0,2024
44632,10815,2024
44633,2496,2024
44634,1837,2024
44637,2719,2024
44638,1411,2024
44639,212,2024
44640,110,2024
44641,20031,2024
44643,3896,2024
44644,4587,2024
44645,2553,2024
44646,47741,2024
44647,18117,2024
44651,820,2024
44652,615,2024
44653,837,2024
44654,21381,2024
44656,2592,2024
44657,9620,2024
44659,117,2024
44660,48,2024
44661,442,2024
44662,10345,2024
44663,24356,2024
44665,104,2024
44666,3247,2024
44667,13287,2024
44669,1753,2024
44670,229,2024
44671,119,2024
44672,4634,2024
44675,2215,2024
44676,4914,2024
44677,2734,2024
44678,176,2024
44680,3913,2024
44681,9219,2024
44682,1295,2024
44683,8050,2024
44685,28794,2024
44687,337,2024
44688,2808,2024
44689,411,2024
44690,52,2024
44691,44344,2024
44693,72,2024
44695,1273,2024
44697,268,2024
44699,725,2024
44702,963,2024
44703,8070,2024
44704,3681,2024
44705,16872,2024
44706,16496,2024
44707,9048,2024
44708,24285,2024
44709,18614,2024
44710,9067,2024
44714,10210,2024
44718,12508,2024
44720,39851,2024
44721,14272,2024
44730,6040,2024
44802,746,2024
44804,1763,2024
44805,30805,2024
44807,2244,2024
44809,103,2024
44811,12690,2024
44813,8994,2024
44814,2369,2024
44815,710,2024
44817,1505,2024
44818,1989,2024
44820,17291,2024
44822,3995,2024
44824,3642,2024
44825,126,2024
44826,1052,2024
44827,6993,2024
44828,138,2024
44830,18671,2024
44833,15892,2024
44836,2496,2024
44837,4738,2024
44838,217,2024
44839,12447,2024
44840,3660,2024
44841,498,2024
44842,5326,2024
44843,2445,2024
44844,744,2024
44846,3489,2024
44847,3514,2024
44849,2195,2024
44850,155,2024
44851,5038,2024
44853,1391,2024
44854,1630,2024
44855,1096,2024
44856,65,2024
44857,23288,2024
44859,1989,2024
44861,31,2024
44864,3336,2024
44865,3287,2024
44866,2106,2024
44867,2345,2024
44870,39883,2024
44874,264,2024
44875,14144,2024
44878,2712,2024
44880,3143,2024
44881,205,2024
44882,2133,2024
44883,28102,2024
44887,1270,2024
44889,7500,2024
44890,10382,2024
44901,0,2024
44902,4636,2024
44903,25642,2024
44904,13450,2024
44905,16245,2024
44906,17343,2024
44907,16349,2024
45001,904,2024
45002,15413,2024
45003,839,2024
45005,32251,2024
45011,75864,2024
45013,53998,2024
45014,45773,2024
45015,11038,2024
45030,21640,2024
45032,683,2024
45033,377,2024
45034,968,2024
45036,42204,2024
45039,28335,2024
45040,59518,2024
45041,118,2024
45042,27652,2024
45044,56217,2024
45050,12248,2024
45051,334,2024
45052,4236,2024
45053,3718,2024
45054,2693,2024
45055,198,2024
45056,27376,2024
45062,511,2024
45064,3373,2024
45065,7053,2024
45066,27545,2024
45067,15471,2024
45068,11597,2024
45069,56037,2024
45070,142,2024
45101,2035,2024
45102,25448,2024
45103,36938,2024
45105,23,2024
45106,11699,2024
45107,9190,2024
45111,265,2024
45112,11,2024
45113,3877,2024
45115,151,2024
45118,3703,2024
45119,216,2024
45120,2548,2024
45121,9030,2024
45122,10977,2024
45123,8740,2024
45130,4206,2024
45131,278,2024
45132,87,2024
45133,23443,2024
45135,5291,2024
45140,57211,2024
45142,4187,2024
45144,4119,2024
45146,1324,2024
45147,57,2024
45148,1592,2024
45150,33527,2024
45152,14850,2024
45153,2218,2024
45154,8969,2024
45155,510,2024
45156,52,2024
45157,9415,2024
45158,787,2024
45159,3588,2024
45160,507,2024
45162,2754,2024
45164,175,2024
45166,60,2024
45167,3285,2024
45168,1667,2024
45169,4050,2024
45171,5752,2024
45172,308,2024
45174,2321,2024
45176,10072,2024
45177,22924,2024
45202,17869,2024
45203,2436,2024
45204,8412,2024
45205,18651,2024
45206,10299,2024
45207,6983,2024
45208,17943,2024
45209,10570,2024
45211,38049,2024
45212,21526,2024
45213,11139,2024
45214,8630,2024
45215,30586,2024
45216,9569,2024
45217,6454,2024
45218,3836,2024
45219,20012,2024
45220,14109,2024
45223,14182,2024
45224,21900,2024
45225,9583,2024
45226,5796,2024
45227,18893,2024
45229,13529,2024
45230,27501,2024
45231,40463,2024
45232,6363,2024
45233,15981,2024
45236,24513,2024
45237,20903,2024
45238,48351,2024
45239,29607,2024
45240,29600,2024
45241,23955,2024
45242,22623,2024
45243,16103,2024
45244,28511,2024
45245,20045,2024
45246,13527,2024
45247,23617,2024
45248,22576,2024
45249,14490,2024
45251,20254,2024
45252,4684,2024
45255,22313,2024
45267,2,2024
45301,224,2024
45302,4338,2024
45303,2188,2024
45304,7599,2024
45305,11498,2024
45306,2124,2024
45307,216,2024
45308,4385,2024
45309,11876,2024
45310,227,2024
45311,5701,2024
45312,1086,2024
45314,6536,2024
45315,4905,2024
45316,141,2024
45317,1187,2024
45318,5511,2024
45319,308,2024
45320,15454,2024
45321,1272,2024
45322,20884,2024
45323,4961,2024
45324,41194,2024
45325,2470,2024
45326,1446,2024
45327,9315,2024
45328,544,2024
45330,710,2024
45331,22356,2024
45332,716,2024
45333,1830,2024
45334,1882,2024
45335,7359,2024
45336,84,2024
45337,1703,2024
45338,4761,2024
45339,1057,2024
45340,800,2024
45341,3639,2024
45342,36152,2024
45344,16979,2024
45345,6110,2024
45346,1663,2024
45347,4095,2024
45348,848,2024
45349,234,2024
45350,69,2024
45351,328,2024
45352,173,2024
45353,242,2024
45354,553,2024
45356,25237,2024
45358,362,2024
45359,2160,2024
45360,278,2024
45361,253,2024
45362,1071,2024
45363,1862,2024
45365,28965,2024
45368,3889,2024
45369,4120,2024
45370,2518,2024
45371,22865,2024
45372,265,2024
45373,37565,2024
45377,14888,2024
45378,539,2024
45380,5394,2024
45381,5626,2024
45382,1154,2024
45383,6912,2024
45384,1919,2024
45385,40617,2024
45387,5285,2024
45388,841,2024
45389,708,2024
45390,3432,2024
45402,9407,2024
45403,13608,2024
45404,9826,2024
45405,18955,2024
45406,19991,2024
45409,15293,2024
45410,14694,2024
45414,21167,2024
45415,12465,2024
45416,5640,2024
45417,28186,2024
45419,17008,2024
45420,24411,2024
45423,0,2024
45424,50725,2024
45426,14114,2024
45428,272,2024
45429,26347,2024
45430,7371,2024
45431,27951,2024
45432,15055,2024
45433,1508,2024
45434,12529,2024
45435,134,2024
45439,11914,2024
45440,22358,2024
45449,19066,2024
45458,38712,2024
45459,28553,2024
45469,168,2024
45501,0,2024
45502,17692,2024
45503,32638,2024
45504,16363,2024
45505,19826,2024
45506,13435,2024
45601,55836,2024
45612,4933,2024
45613,3228,2024
45614,5450,2024
45616,1350,2024
45617,0,2024
45618,0,2024
45619,7409,2024
45620,675,2024
45621,509,2024
45622,686,2024
45623,3203,2024
45624,0,2024
45628,5999,2024
45629,3055,2024
45630,188,2024
45631,13386,2024
45634,1675,2024
45636,330,2024
45638,19982,2024
45640,15882,2024
45642,0,2024
45644,4619,2024
45645,2801,2024
45646,129,2024
45647,1869,2024
45648,11330,2024
45650,423,2024
45651,5340,2024
45652,3360,2024
45653,3528,2024
45654,746,2024
45656,7013,2024
45657,2173,2024
45658,2539,2024
45659,2614,2024
45660,7936,2024
45661,6823,2024
45662,26909,2024
45663,6577,2024
45669,10243,2024
45671,457,2024
45672,1361,2024
45673,473,2024
45674,618,2024
45677,27,2024
45678,1034,2024
45679,2841,2024
45680,11548,2024
45681,1451,2024
45682,2124,2024
45684,1507,2024
45685,1050,2024
45686,3372,2024
45688,210,2024
45690,13988,2024
45692,7997,2024
45693,8714,2024
45694,11978,2024
45695,572,2024
45696,839,2024
45697,5222,2024
45698,386,2024
45699,1285,2024
45701,33329,2024
45710,5067,2024
45711,1244,2024
45714,9503,2024
45715,2006,2024
45716,436,2024
45719,655,2024
45720,36,2024
45721,15,2024
45723,3682,2024
45724,1218,2024
45727,944,2024
45729,2121,2024
45732,4287,2024
45734,315,2024
45735,1868,2024
45739,46,2024
45740,311,2024
45741,940,2024
45742,3752,2024
45743,1470,2024
45744,2179,2024
45745,1049,2024
45746,329,2024
45750,26420,2024
45760,3844,2024
45761,1537,2024
45764,7706,2024
45766,1298,2024
45767,2428,2024
45768,1503,2024
45769,5395,2024
45770,635,2024
45771,3426,2024
45772,1480,2024
45773,600,2024
45775,1650,2024
45776,1117,2024
45778,1144,2024
45779,562,2024
45780,2828,2024
45782,464,2024
45783,238,2024
45784,3002,2024
45786,3187,2024
45788,691,2024
45789,280,2024
45801,21739,2024
45804,13608,2024
45805,24387,2024
45806,10974,2024
45807,11774,2024
45808,350,2024
45809,45,2024
45810,7449,2024
45812,2027,2024
45813,3719,2024
45814,2556,2024
45815,81,2024
45816,351,2024
45817,5926,2024
45819,226,2024
45820,581,2024
45821,759,2024
45822,19957,2024
45826,394,2024
45827,2186,2024
45828,6404,2024
45830,5199,2024
45831,3233,2024
45832,3230,2024
45833,10919,2024
45835,449,2024
45836,1573,2024
45838,72,2024
45840,54559,2024
45841,924,2024
45843,4184,2024
45844,3059,2024
45845,3429,2024
45846,4644,2024
45848,76,2024
45849,1002,2024
45850,3559,2024
45851,524,2024
45853,1526,2024
45854,293,2024
45855,182,2024
45856,5042,2024
45858,2795,2024
45859,384,2024
45860,2326,2024
45861,404,2024
45862,1417,2024
45863,1256,2024
45864,225,2024
45865,5522,2024
45866,117,2024
45867,978,2024
45868,737,2024
45869,4170,2024
45870,445,2024
45871,2167,2024
45872,4548,2024
45873,2414,2024
45874,1820,2024
45875,11547,2024
45876,829,2024
45877,2562,2024
45879,6194,2024
45880,2470,2024
45881,1683,2024
45882,2919,2024
45883,4144,2024
45884,141,2024
45885,12753,2024
45886,342,2024
45887,4422,2024
45888,166,2024
45889,1687,2024
45890,842,2024
45891,15584,2024
45893,160,2024
45894,602,2024
45895,17998,2024
45896,1833,2024
45897,115,2024
45898,917,2024
45899,206,2024
46001,10375,2024
46011,16534,2024
46012,20855,2024
46013,19073,2024
46016,17834,2024
46017,5181,2024
46030,3035,2024
46031,2456,2024
46032,51515,2024
46033,40881,2024
46034,7531,2024
46035,1348,2024
46036,11683,2024
46037,48713,2024
46038,43754,2024
46039,600,2024
46040,15943,2024
46041,23134,2024
46044,2628,2024
46045,162,2024
46047,49,2024
46048,2025,2024
46049,763,2024
46050,1808,2024
46051,2919,2024
46052,23553,2024
46055,16010,2024
46056,2076,2024
46057,1270,2024
46058,2093,2024
46060,47610,2024
46062,41060,2024
46063,229,2024
46064,18499,2024
46065,3644,2024
46068,2538,2024
46069,7504,2024
46070,2100,2024
46071,3072,2024
46072,9049,2024
46074,48901,2024
46075,9509,2024
46076,1630,2024
46077,36760,2024
46102,390,2024
46103,361,2024
46104,1121,2024
46105,1731,2024
46106,10159,2024
46107,13020,2024
46110,917,2024
46111,448,2024
46112,44220,2024
46113,17192,2024
46115,1588,2024
46117,527,2024
46118,4709,2024
46120,5947,2024
46121,5271,2024
46122,16974,2024
46123,43353,2024
46124,7304,2024
46125,6,2024
46126,3902,2024
46127,390,2024
46128,2490,2024
46130,2455,2024
46131,34647,2024
46133,960,2024
46135,19632,2024
46140,43511,2024
46142,34348,2024
46143,61803,2024
46144,216,2024
46146,143,2024
46147,2518,2024
46148,4935,2024
46149,1952,2024
46150,854,2024
46151,32446,2024
46154,189,2024
46155,46,2024
46156,952,2024
46157,4558,2024
46158,24878,2024
46160,6514,2024
46161,2347,2024
46162,227,2024
46163,14498,2024
46164,3840,2024
46165,1992,2024
46166,2813,2024
46167,6944,2024
46168,38826,2024
46170,0,2024
46171,2018,2024
46172,2427,2024
46173,10440,2024
46175,489,2024
46176,28782,2024
46180,1085,2024
46181,4964,2024
46182,1803,2024
46183,34,2024
46184,13304,2024
46186,1816,2024
46201,30335,2024
46202,20180,2024
46203,37758,2024
46204,11400,2024
46205,28259,2024
46206,0,2024
46208,22379,2024
46214,24472,2024
46216,2767,2024
46217,36917,2024
46218,29360,2024
46219,38855,2024
46220,36952,2024
46221,27027,2024
46222,38887,2024
46224,40228,2024
46225,6037,2024
46226,47099,2024
46227,57587,2024
46228,15724,2024
46229,28457,2024
46231,10371,2024
46234,28300,2024
46235,36317,2024
46236,26416,2024
46237,43473,2024
46239,33931,2024
46240,19595,2024
46241,32565,2024
46250,18147,2024
46254,40674,2024
46256,20990,2024
46259,15169,2024
46260,35707,2024
46268,25913,2024
46278,8450,2024
46280,7514,2024
46290,81,2024
46301,650,2024
46302,29,2024
46303,17680,2024
46304,28307,2024
46307,71673,2024
46310,14077,2024
46311,23321,2024
46312,26022,2024
46319,17847,2024
46320,14353,2024
46321,23733,2024
46322,23680,2024
46323,23047,2024
46324,21409,2024
46327,10597,2024
46340,1524,2024
46341,10048,2024
46342,32224,2024
46345,66,2024
46346,1358,2024
46347,4951,2024
46348,1217,2024
46349,3416,2024
46350,44763,2024
46356,19721,2024
46360,43817,2024
46365,992,2024
46366,5601,2024
46368,40301,2024
46371,3396,2024
46373,18843,2024
46374,1290,2024
46375,24188,2024
46376,319,2024
46377,45,2024
46379,234,2024
46381,212,2024
46382,1835,2024
46383,42183,2024
46385,40856,2024
46390,2554,2024
46391,8986,2024
46392,8302,2024
46393,216,2024
46394,11894,2024
46402,5836,2024
46403,10929,2024
46404,15428,2024
46405,12184,2024
46406,9001,2024
46407,8577,2024
46408,15747,2024
46409,7184,2024
46410,39243,2024
46501,3780,2024
46502,0,2024
46504,3500,2024
46506,9994,2024
46507,9991,2024
46508,203,2024
46510,2984,2024
46511,3755,2024
46513,0,2024
46514,42389,2024
46516,31871,2024
46517,25433,2024
46524,2023,2024
46526,33668,2024
46528,26248,2024
46530,31598,2024
46531,1825,2024
46532,1921,2024
46534,10811,2024
46536,2964,2024
46537,475,2024
46538,4291,2024
46539,2659,2024
46540,12993,2024
46542,5096,2024
46543,4741,2024
46544,31077,2024
46545,26606,2024
46550,12843,2024
46552,7047,2024
46553,3828,2024
46554,4405,2024
46555,2517,2024
46556,8344,2024
46561,13996,2024
46562,5040,2024
46563,23615,2024
46565,9014,2024
46567,9292,2024
46570,1279,2024
46571,6315,2024
46572,115,2024
46573,3936,2024
46574,7426,2024
46580,21794,2024
46582,14604,2024
46590,5080,2024
46595,0,2024
46601,4800,2024
46613,12279,2024
46614,29602,2024
46615,14190,2024
46616,5979,2024
46617,10032,2024
46619,21729,2024
46624,28,2024
46628,27685,2024
46635,6410,2024
46637,16200,2024
46701,7944,2024
46702,1983,2024
46703,18572,2024
46704,70,2024
46705,1972,2024
46706,20403,2024
46710,4506,2024
46711,8353,2024
46714,15734,2024
46721,4739,2024
46723,7617,2024
46725,23297,2024
46730,1299,2024
46731,657,2024
46732,2231,2024
46733,19318,2024
46737,7402,2024
46738,8533,2024
46740,4486,2024
46741,4713,2024
46742,3292,2024
46743,2347,2024
46745,1793,2024
46746,4697,2024
46747,2388,2024
46748,6902,2024
46750,27271,2024
46755,15441,2024
46759,271,2024
46760,1179,2024
46761,12032,2024
46763,1444,2024
46764,1554,2024
46765,5786,2024
46766,579,2024
46767,9418,2024
46770,2530,2024
46771,80,2024
46772,3288,2024
46773,3474,2024
46774,17858,2024
46776,1547,2024
46777,6081,2024
46778,34,2024
46779,2221,2024
46781,1046,2024
46783,7764,2024
46784,1966,2024
46785,1491,2024
46786,35,2024
46787,4031,2024
46788,4373,2024
46789,142,2024
46791,1210,2024
46792,3621,2024
46793,4104,2024
46794,1066,2024
46795,6866,2024
46796,204,2024
46797,4097,2024
46798,954,2024
46799,375,2024
46802,11177,2024
46803,10994,2024
46804,29661,2024
46805,21437,2024
46806,26425,2024
46807,16317,2024
46808,19684,2024
46809,8589,2024
46814,16778,2024
46815,27238,2024
46816,19514,2024
46818,21954,2024
46819,9369,2024
46825,29296,2024
46835,38166,2024
46845,29583,2024
46901,38082,2024
46902,37017,2024
46910,3221,2024
46911,1656,2024
46913,1400,2024
46914,4142,2024
46915,617,2024
46917,1924,2024
46919,1968,2024
46920,1401,2024
46922,0,2024
46923,8221,2024
46926,1359,2024
46928,4553,2024
46929,3056,2024
46930,185,2024
46931,245,2024
46932,3066,2024
46933,6536,2024
46936,5901,2024
46937,17,2024
46938,2494,2024
46939,1909,2024
46940,2540,2024
46941,962,2024
46943,150,2024
46945,0,2024
46946,90,2024
46947,28687,2024
46950,459,2024
46951,2376,2024
46952,18189,2024
46953,23372,2024
46957,443,2024
46958,620,2024
46959,409,2024
46960,1018,2024
46961,101,2024
46962,8785,2024
46965,73,2024
46967,199,2024
46968,96,2024
46970,23020,2024
46971,0,2024
46974,1586,2024
46975,13824,2024
46978,2034,2024
46979,4908,2024
46980,61,2024
46982,2604,2024
46984,8,2024
46985,1419,2024
46986,1617,2024
46987,1055,2024
46988,1086,2024
46989,5385,2024
46990,633,2024
46991,1594,2024
46992,16438,2024
46994,2132,2024
46996,6441,2024
46998,138,2024
47001,10696,2024
47003,1182,2024
47006,12988,2024
47010,207,2024
47011,1420,2024
47012,10733,2024
47016,773,2024
47017,540,2024
47018,4166,2024
47020,1177,2024
47021,0,2024
47022,3074,2024
47023,2132,2024
47024,2901,2024
47025,23570,2024
47030,1353,2024
47031,5659,2024
47032,3285,2024
47033,0,2024
47034,133,2024
47035,261,2024
47036,1173,2024
47037,4330,2024
47038,1006,2024
47040,5275,2024
47041,5884,2024
47042,3839,2024
47043,4852,2024
47060,6309,2024
47102,6659,2024
47104,9,2024
47106,4670,2024
47108,2155,2024
47110,481,2024
47111,17738,2024
47112,17464,2024
47114,484,2024
47115,2782,2024
47116,490,2024
47117,4400,2024
47118,3529,2024
47119,12042,2024
47120,960,2024
47122,11357,2024
47123,68,2024
47124,5357,2024
47125,1988,2024
47126,4372,2024
47129,19582,2024
47130,50514,2024
47135,1257,2024
47136,4756,2024
47137,1532,2024
47138,4859,2024
47140,2539,2024
47141,1584,2024
47142,653,2024
47143,3833,2024
47145,1782,2024
47147,1317,2024
47150,49144,2024
47160,55,2024
47161,3611,2024
47162,514,2024
47163,1335,2024
47164,3312,2024
47165,6292,2024
47166,1484,2024
47167,15375,2024
47170,15451,2024
47172,21045,2024
47174,69,2024
47175,847,2024
47177,1782,2024
47201,47900,2024
47203,26200,2024
47220,6136,2024
47223,1268,2024
47224,523,2024
47225,76,2024
47226,165,2024
47227,1177,2024
47229,2965,2024
47230,2086,2024
47231,675,2024
47232,2316,2024
47234,1617,2024
47235,1672,2024
47236,336,2024
47240,21484,2024
47243,6225,2024
47244,533,2024
47246,4326,2024
47247,129,2024
47250,22884,2024
47260,1809,2024
47263,123,2024
47264,1574,2024
47265,20937,2024
47270,510,2024
47272,1844,2024
47273,1800,2024
47274,33068,2024
47280,1248,2024
47281,1541,2024
47282,193,2024
47283,4305,2024
47302,25473,2024
47303,24392,2024
47304,31237,2024
47305,3556,2024
47306,3796,2024
47320,4563,2024
47324,246,2024
47325,730,2024
47326,1803,2024
47327,4477,2024
47330,5488,2024
47331,22786,2024
47334,3336,2024
47335,608,2024
47336,2851,2024
47337,204,2024
47338,2355,2024
47339,528,2024
47340,3051,2024
47341,2460,2024
47342,2710,2024
47344,178,2024
47345,1362,2024
47346,3876,2024
47348,9080,2024
47351,397,2024
47352,974,2024
47353,4857,2024
47354,1182,2024
47355,3029,2024
47356,5522,2024
47357,1131,2024
47358,818,2024
47359,3528,2024
47360,1643,2024
47361,271,2024
47362,29337,2024
47366,26,2024
47367,70,2024
47368,2086,2024
47369,1212,2024
47370,131,2024
47371,12424,2024
47373,2200,2024
47374,44615,2024
47380,1924,2024
47381,218,2024
47382,144,2024
47383,2612,2024
47384,2161,2024
47385,1714,2024
47386,1249,2024
47387,603,2024
47388,398,2024
47390,4972,2024
47392,361,2024
47393,1907,2024
47394,7879,2024
47396,7712,2024
47401,40607,2024
47403,34396,2024
47404,22744,2024
47405,1237,2024
47406,8208,2024
47408,23053,2024
47420,89,2024
47421,27599,2024
47424,8861,2024
47427,1014,2024
47429,7399,2024
47431,1662,2024
47432,4809,2024
47433,4176,2024
47434,13,2024
47435,137,2024
47436,1796,2024
47437,15,2024
47438,4180,2024
47441,8910,2024
47443,1274,2024
47445,118,2024
47446,9133,2024
47448,8117,2024
47449,339,2024
47451,1595,2024
47452,5152,2024
47453,538,2024
47454,7555,2024
47455,37,2024
47456,1455,2024
47457,0,2024
47458,19,2024
47459,3485,2024
47460,11006,2024
47462,4595,2024
47464,297,2024
47465,628,2024
47467,0,2024
47468,1303,2024
47469,1567,2024
47470,1646,2024
47471,2755,2024
47501,18612,2024
47512,4243,2024
47513,1581,2024
47514,1377,2024
47515,1305,2024
47516,988,2024
47519,378,2024
47520,2933,2024
47521,905,2024
47522,319,2024
47523,3518,2024
47524,302,2024
47525,235,2024
47527,2195,2024
47528,457,2024
47529,1037,2024
47531,868,2024
47532,4447,2024
47535,807,2024
47537,702,2024
47541,1332,2024
47542,10350,2024
47546,22191,2024
47550,791,2024
47551,607,2024
47552,193,2024
47553,8777,2024
47557,1345,2024
47558,5354,2024
47561,1442,2024
47562,4967,2024
47564,1378,2024
47567,6172,2024
47568,538,2024
47573,20,2024
47574,46,2024
47575,1070,2024
47576,672,2024
47577,1298,2024
47578,566,2024
47579,2883,2024
47580,140,2024
47581,3009,2024
47584,149,2024
47585,592,2024
47586,10826,2024
47588,921,2024
47590,544,2024
47591,25168,2024
47596,94,2024
47597,745,2024
47598,3031,2024
47601,13258,2024
47610,5606,2024
47611,988,2024
47612,818,2024
47613,2628,2024
47615,1631,2024
47616,232,2024
47619,1593,2024
47620,12361,2024
47630,39818,2024
47631,2148,2024
47633,2602,2024
47634,2272,2024
47635,5362,2024
47637,1195,2024
47638,3633,2024
47639,4730,2024
47640,938,2024
47648,4346,2024
47649,1313,2024
47654,27,2024
47660,4966,2024
47665,3947,2024
47666,1335,2024
47670,11756,2024
47683,53,2024
47708,696,2024
47710,18309,2024
47711,30944,2024
47712,25444,2024
47713,9988,2024
47714,32132,2024
47715,29280,2024
47720,17124,2024
47725,19648,2024
47802,33135,2024
47803,21746,2024
47804,10553,2024
47805,12619,2024
47807,13140,2024
47809,1568,2024
47831,0,2024
47832,1013,2024
47833,836,2024
47834,18625,2024
47836,61,2024
47837,997,2024
47838,4089,2024
47840,1970,2024
47841,2534,2024
47842,9652,2024
47845,41,2024
47846,1006,2024
47847,882,2024
47848,1333,2024
47849,395,2024
47850,2104,2024
47851,0,2024
47853,106,2024
47854,902,2024
47855,937,2024
47857,341,2024
47858,946,2024
47859,934,2024
47860,540,2024
47861,727,2024
47862,1438,2024
47863,207,2024
47865,3,2024
47866,733,2024
47868,2666,2024
47869,0,2024
47870,0,2024
47871,441,2024
47872,8557,2024
47874,3226,2024
47875,0,2024
47876,433,2024
47879,2640,2024
47880,10,2024
47881,266,2024
47882,8735,2024
47884,157,2024
47885,9209,2024
47901,4585,2024
47904,16257,2024
47905,42219,2024
47906,75198,2024
47907,0,2024
47909,43561,2024
47916,45,2024
47917,239,2024
47918,5657,2024
47920,2329,2024
47921,1338,2024
47922,1315,2024
47923,3700,2024
47924,77,2024
47925,109,2024
47926,863,2024
47928,1730,2024
47929,758,2024
47930,1049,2024
47932,5035,2024
47933,28357,2024
47940,1421,2024
47941,1159,2024
47942,767,2024
47943,992,2024
47944,3376,2024
47946,1801,2024
47948,998,2024
47949,1555,2024
47950,657,2024
47951,2279,2024
47952,2538,2024
47954,2224,2024
47955,854,2024
47957,2071,2024
47958,195,2024
47959,2679,2024
47960,14825,2024
47963,2306,2024
47964,90,2024
47965,490,2024
47966,346,2024
47967,873,2024
47968,1356,2024
47969,200,2024
47970,3011,2024
47971,1645,2024
47974,1441,2024
47975,604,2024
47977,2616,2024
47978,10261,2024
47980,1244,2024
47981,707,2024
47982,103,2024
47983,255,2024
47986,0,2024
47987,3652,2024
47989,1274,2024
47990,1374,2024
47991,1371,2024
47992,1663,2024
47993,3516,2024
47994,674,2024
47995,1860,2024
47997,235,2024
48001,11224,2024
48002,3120,2024
48003,6339,2024
48005,5325,2024
48006,3889,2024
48009,21772,2024
48014,4294,2024
48015,8463,2024
48017,11350,2024
48021,33982,2024
48022,2530,2024
48023,5031,2024
48025,14734,2024
48026,14583,2024
48027,3187,2024
48028,1272,2024
48030,14963,2024
48032,1871,2024
48033,17277,2024
48034,14796,2024
48035,33569,2024
48036,22538,2024
48038,44422,2024
48039,7437,2024
48040,9925,2024
48041,4302,2024
48042,33875,2024
48043,15429,2024
48044,58754,2024
48045,24061,2024
48047,40302,2024
48048,11349,2024
48049,5468,2024
48050,1338,2024
48051,17922,2024
48054,7188,2024
48059,15499,2024
48060,39342,2024
48062,9385,2024
48063,4206,2024
48064,4180,2024
48065,11597,2024
48066,47123,2024
48067,24868,2024
48069,2602,2024
48070,6328,2024
48071,28419,2024
48072,15149,2024
48073,33106,2024
48074,9624,2024
48075,22841,2024
48076,25405,2024
48079,12711,2024
48080,21561,2024
48081,20530,2024
48082,16027,2024
48083,23771,2024
48084,15960,2024
48085,27231,2024
48088,22991,2024
48089,31853,2024
48091,30696,2024
48092,27374,2024
48093,25014,2024
48094,20736,2024
48095,5701,2024
48096,3778,2024
48097,5418,2024
48098,20936,2024
48101,27925,2024
48103,55054,2024
48104,43979,2024
48105,37048,2024
48108,27666,2024
48109,5939,2024
48111,44709,2024
48114,21588,2024
48116,27289,2024
48117,10262,2024
48118,13246,2024
48120,8323,2024
48122,12554,2024
48124,34479,2024
48125,22125,2024
48126,51997,2024
48127,39646,2024
48128,12624,2024
48130,16986,2024
48131,8637,2024
48133,7085,2024
48134,23935,2024
48135,26739,2024
48137,4157,2024
48138,10344,2024
48139,96,2024
48140,3664,2024
48141,25428,2024
48143,139,2024
48144,10507,2024
48145,2904,2024
48146,39257,2024
48150,26687,2024
48152,30119,2024
48154,37045,2024
48157,1244,2024
48158,7770,2024
48159,2578,2024
48160,13972,2024
48161,26304,2024
48162,28156,2024
48164,9576,2024
48165,9566,2024
48166,14056,2024
48167,24713,2024
48168,25038,2024
48169,20519,2024
48170,40076,2024
48173,12931,2024
48174,32211,2024
48176,23451,2024
48177,533,2024
48178,37789,2024
48179,3209,2024
48180,62081,2024
48182,20179,2024
48183,41765,2024
48184,17348,2024
48185,48530,2024
48186,35103,2024
48187,53376,2024
48188,45665,2024
48189,13893,2024
48190,76,2024
48191,4403,2024
48192,24489,2024
48193,16119,2024
48195,29366,2024
48197,66525,2024
48198,39244,2024
48201,15091,2024
48202,15780,2024
48203,20049,2024
48204,20696,2024
48205,34187,2024
48206,15227,2024
48207,20848,2024
48208,8037,2024
48209,27184,2024
48210,26722,2024
48211,5419,2024
48212,43384,2024
48213,20075,2024
48214,18595,2024
48215,10322,2024
48216,5865,2024
48217,6564,2024
48218,7011,2024
48219,47208,2024
48220,21527,2024
48221,41392,2024
48223,22622,2024
48224,39668,2024
48225,16098,2024
48226,6831,2024
48227,40302,2024
48228,50117,2024
48229,9061,2024
48230,17174,2024
48233,63,2024
48234,32760,2024
48235,45600,2024
48236,31435,2024
48237,29318,2024
48238,24731,2024
48239,36976,2024
48240,17008,2024
48242,0,2024
48243,0,2024
48301,14682,2024
48302,17505,2024
48304,17387,2024
48306,28389,2024
48307,44714,2024
48309,30685,2024
48310,43354,2024
48312,34401,2024
48313,34015,2024
48314,21803,2024
48315,28472,2024
48316,28784,2024
48317,27565,2024
48320,4277,2024
48322,32885,2024
48323,17235,2024
48324,17098,2024
48326,24514,2024
48327,20960,2024
48328,24478,2024
48329,24715,2024
48331,21562,2024
48334,19618,2024
48335,25077,2024
48336,26432,2024
48340,25669,2024
48341,18924,2024
48342,17564,2024
48346,23167,2024
48348,24574,2024
48350,8163,2024
48353,7014,2024
48356,8365,2024
48357,8718,2024
48359,10401,2024
48360,12116,2024
48362,14966,2024
48363,7362,2024
48367,4668,2024
48370,1777,2024
48371,25972,2024
48374,17672,2024
48375,24029,2024
48377,19816,2024
48380,7125,2024
48381,14094,2024
48382,24479,2024
48383,13285,2024
48386,17856,2024
48390,23939,2024
48393,20145,2024
48401,1323,2024
48410,77,2024
48411,56,2024
48412,5815,2024
48413,7288,2024
48414,2488,2024
48415,8918,2024
48416,4996,2024
48417,2222,2024
48418,4484,2024
48419,2268,2024
48420,21195,2024
48421,6935,2024
48422,6094,2024
48423,33757,2024
48426,1317,2024
48427,2861,2024
48428,5151,2024
48429,8241,2024
48430,39309,2024
48432,498,2024
48433,26384,2024
48434,136,2024
48435,2547,2024
48436,4131,2024
48437,279,2024
48438,7591,2024
48439,51900,2024
48440,146,2024
48441,3682,2024
48442,22788,2024
48444,9483,2024
48445,1162,2024
48446,30581,2024
48449,2744,2024
48450,4320,2024
48451,16097,2024
48453,5046,2024
48454,1175,2024
48455,8532,2024
48456,788,2024
48457,8770,2024
48458,19519,2024
48460,2701,2024
48461,7719,2024
48462,13279,2024
48463,4393,2024
48464,2152,2024
48465,458,2024
48466,1514,2024
48467,2412,2024
48468,1350,2024
48469,1388,2024
48470,600,2024
48471,5414,2024
48472,1359,2024
48473,22339,2024
48475,2235,2024
48476,689,2024
48502,1420,2024
48503,22347,2024
48504,24218,2024
48505,18032,2024
48506,24712,2024
48507,28723,2024
48509,8645,2024
48519,8096,2024
48529,9339,2024
48532,18496,2024
48601,31601,2024
48602,27127,2024
48603,27757,2024
48604,11011,2024
48607,1614,2024
48609,11966,2024
48610,3300,2024
48611,6093,2024
48612,8654,2024
48613,1081,2024
48614,943,2024
48615,3061,2024
48616,7577,2024
48617,9403,2024
48618,5197,2024
48619,415,2024
48620,145,2024
48621,1126,2024
48622,6345,2024
48623,15129,2024
48624,16234,2024
48625,12704,2024
48626,5766,2024
48627,65,2024
48628,2076,2024
48629,7998,2024
48630,61,2024
48631,3681,2024
48632,5268,2024
48633,95,2024
48634,4334,2024
48635,1546,2024
48636,938,2024
48637,3024,2024
48638,12875,2024
48640,32492,2024
48642,34039,2024
48647,3980,2024
48649,1699,2024
48650,6510,2024
48651,4364,2024
48652,1832,2024
48653,9721,2024
48654,2384,2024
48655,5760,2024
48656,3846,2024
48657,7578,2024
48658,4694,2024
48659,2563,2024
48661,10618,2024
48662,1185,2024
48701,1399,2024
48703,3105,2024
48705,521,2024
48706,38974,2024
48708,25635,2024
48710,0,2024
48720,1053,2024
48721,406,2024
48722,3127,2024
48723,11678,2024
48724,1229,2024
48725,1916,2024
48726,5872,2024
48727,958,2024
48728,328,2024
48729,1555,2024
48730,4584,2024
48731,1441,2024
48732,11340,2024
48733,1648,2024
48734,7746,2024
48735,933,2024
48737,1082,2024
48738,1129,2024
48739,3629,2024
48740,2505,2024
48741,2107,2024
48742,1805,2024
48743,30,2024
48744,4460,2024
48745,1277,2024
48746,8222,2024
48747,1549,2024
48748,1537,2024
48749,1271,2024
48750,9165,2024
48754,1044,2024
48755,3006,2024
48756,4060,2024
48757,3708,2024
48759,3452,2024
48760,1204,2024
48761,799,2024
48762,930,2024
48763,4883,2024
48765,535,2024
48766,1328,2024
48767,2043,2024
48768,9109,2024
48770,1843,2024
48801,13278,2024
48806,1752,2024
48807,658,2024
48808,6527,2024
48809,11038,2024
48811,7440,2024
48813,20564,2024
48815,2364,2024
48816,374,2024
48817,5416,2024
48818,2554,2024
48819,2550,2024
48820,18357,2024
48821,6327,2024
48822,2379,2024
48823,50034,2024
48824,2097,2024
48825,11295,2024
48827,15831,2024
48829,3652,2024
48831,3088,2024
48832,1307,2024
48834,2139,2024
48835,2635,2024
48836,15089,2024
48837,19947,2024
48838,18212,2024
48840,12386,2024
48841,729,2024
48842,21945,2024
48843,48014,2024
48845,1218,2024
48846,21613,2024
48847,5663,2024
48848,8344,2024
48849,5723,2024
48850,4659,2024
48851,2462,2024
48852,145,2024
48853,721,2024
48854,19529,2024
48855,16668,2024
48856,966,2024
48857,3206,2024
48858,42226,2024
48859,2228,2024
48860,1339,2024
48861,1774,2024
48862,59,2024
48864,23901,2024
48865,1884,2024
48866,4607,2024
48867,27500,2024
48870,194,2024
48871,2103,2024
48872,6142,2024
48873,1250,2024
48874,107,2024
48875,11400,2024
48876,4360,2024
48877,1962,2024
48878,1240,2024
48879,18413,2024
48880,9994,2024
48881,5499,2024
48883,7292,2024
48884,5091,2024
48885,1129,2024
48886,1565,2024
48888,5813,2024
48889,1528,2024
48890,2055,2024
48891,2915,2024
48892,4715,2024
48893,5921,2024
48894,2193,2024
48895,11116,2024
48896,226,2024
48897,1669,2024
48906,25901,2024
48910,32800,2024
48911,39876,2024
48912,17674,2024
48915,9428,2024
48917,32483,2024
48933,3107,2024
49001,20946,2024
49002,19737,2024
49004,17815,2024
49006,26507,2024
49007,9836,2024
49008,16137,2024
49009,47971,2024
49010,18175,2024
49011,2236,2024
49012,3219,2024
49013,5346,2024
49014,21980,2024
49015,27765,2024
49017,21295,2024
49021,6319,2024
49022,29460,2024
49024,30823,2024
49026,1754,2024
49027,267,2024
49028,5811,2024
49029,1415,2024
49030,2650,2024
49031,7869,2024
49032,3287,2024
49033,1719,2024
49034,1938,2024
49036,24826,2024
49037,20550,2024
49038,8616,2024
49040,3384,2024
49042,4564,2024
49043,2102,2024
49045,5321,2024
49046,6963,2024
49047,14858,2024
49048,22791,2024
49050,1467,2024
49051,2787,2024
49052,1234,2024
49053,7805,2024
49055,5941,2024
49056,4478,2024
49057,6434,2024
49058,19551,2024
49060,2660,2024
49061,1799,2024
49063,0,2024
49064,3635,2024
49065,7092,2024
49066,720,2024
49067,3974,2024
49068,14729,2024
49070,2359,2024
49071,12198,2024
49072,2937,2024
49073,5120,2024
49074,194,2024
49075,182,2024
49076,4294,2024
49078,10018,2024
49079,13414,2024
49080,16002,2024
49082,6678,2024
49083,8254,2024
49084,38,2024
49085,23827,2024
49087,6305,2024
49088,3807,2024
49089,2154,2024
49090,13250,2024
49091,19337,2024
49092,1908,2024
49093,18433,2024
49094,3778,2024
49095,2432,2024
49096,3305,2024
49097,11754,2024
49098,6215,2024
49099,5942,2024
49101,2947,2024
49102,1472,2024
49103,11590,2024
49104,383,2024
49106,4741,2024
49107,10323,2024
49111,3159,2024
49112,10544,2024
49113,1742,2024
49115,147,2024
49116,86,2024
49117,3358,2024
49119,134,2024
49120,36495,2024
49125,1990,2024
49126,1623,2024
49127,11155,2024
49128,3450,2024
49129,669,2024
49130,1258,2024
49201,49107,2024
49202,18519,2024
49203,36474,2024
49220,2439,2024
49221,41087,2024
49224,13447,2024
49227,1287,2024
49228,5467,2024
49229,3540,2024
49230,10077,2024
49232,2790,2024
49233,2938,2024
49234,2520,2024
49235,2115,2024
49236,5026,2024
49237,3097,2024
49238,1914,2024
49240,8863,2024
49241,2279,2024
49242,14750,2024
49245,4547,2024
49246,3382,2024
49247,5205,2024
49248,787,2024
49249,3462,2024
49250,5653,2024
49251,5958,2024
49252,2556,2024
49253,3009,2024
49254,3484,2024
49255,2072,2024
49256,3797,2024
49258,29,2024
49259,2653,2024
49261,199,2024
49262,1258,2024
49263,0,2024
49264,1454,2024
49265,5157,2024
49266,2982,2024
49267,3974,2024
49268,1108,2024
49269,5544,2024
49270,5567,2024
49271,2280,2024
49272,2883,2024
49274,3679,2024
49276,703,2024
49277,2924,2024
49279,965,2024
49282,82,2024
49283,5039,2024
49284,2493,2024
49285,6240,2024
49286,14128,2024
49287,1958,2024
49288,1483,2024
49289,129,2024
49301,19846,2024
49302,9754,2024
49303,772,2024
49304,5408,2024
49305,2378,2024
49306,11028,2024
49307,18407,2024
49309,1859,2024
49310,3183,2024
49312,194,2024
49315,27091,2024
49316,26427,2024
49318,1604,2024
49319,18802,2024
49320,157,2024
49321,15970,2024
49322,1245,2024
49323,11073,2024
49325,2596,2024
49326,3980,2024
49327,8887,2024
49328,4069,2024
49329,9156,2024
49330,5599,2024
49331,17661,2024
49332,3044,2024
49333,12753,2024
49335,174,2024
49336,4860,2024
49337,13149,2024
49338,1971,2024
49339,2188,2024
49340,2437,2024
49341,39409,2024
49342,1527,2024
49343,5664,2024
49344,3778,2024
49345,13512,2024
49346,5553,2024
49347,1570,2024
49348,13699,2024
49349,8133,2024
49401,29674,2024
49402,1411,2024
49403,2467,2024
49404,9117,2024
49405,1635,2024
49406,1085,2024
49408,10288,2024
49409,70,2024
49410,1734,2024
49411,1698,2024
49412,12097,2024
49415,6330,2024
49417,33878,2024
49418,31913,2024
49419,8681,2024
49420,6202,2024
49421,5734,2024
49423,47060,2024
49424,49810,2024
49425,3520,2024
49426,40523,2024
49428,28209,2024
49430,14,2024
49431,17184,2024
49434,130,2024
49435,3831,2024
49436,1644,2024
49437,6895,2024
49440,1492,2024
49441,36779,2024
49442,44766,2024
49443,72,2024
49444,26372,2024
49445,21289,2024
49446,2184,2024
49448,4374,2024
49449,2587,2024
49450,2998,2024
49451,6298,2024
49452,2208,2024
49453,2908,2024
49454,4873,2024
49455,5429,2024
49456,19931,2024
49457,11086,2024
49458,169,2024
49459,1524,2024
49460,8894,2024
49461,9707,2024
49464,28914,2024
49503,39489,2024
49504,40036,2024
49505,32426,2024
49506,34673,2024
49507,38487,2024
49508,42720,2024
49509,28152,2024
49512,18373,2024
49519,27965,2024
49525,30887,2024
49534,23719,2024
49544,9631,2024
49546,34721,2024
49548,34777,2024
49601,22092,2024
49611,259,2024
49612,1220,2024
49613,528,2024
49614,2678,2024
49615,4120,2024
49616,2162,2024
49617,3526,2024
49618,798,2024
49619,1009,2024
49620,3070,2024
49621,3483,2024
49622,2634,2024
49623,986,2024
49625,1565,2024
49626,242,2024
49627,229,2024
49628,174,2024
49629,2038,2024
49630,1390,2024
49631,5765,2024
49632,1067,2024
49633,3410,2024
49634,178,2024
49635,3339,2024
49636,643,2024
49637,3646,2024
49638,913,2024
49639,2634,2024
49640,1252,2024
49642,985,2024
49643,6963,2024
49644,1715,2024
49645,1923,2024
49646,8852,2024
49648,2577,2024
49649,7239,2024
49650,3411,2024
49651,7628,2024
49653,1766,2024
49654,691,2024
49655,3383,2024
49656,1908,2024
49657,3801,2024
49659,7140,2024
49660,14578,2024
49663,6409,2024
49664,2332,2024
49665,3983,2024
49667,631,2024
49668,3301,2024
49670,1784,2024
49674,215,2024
49675,901,2024
49676,3620,2024
49677,7028,2024
49679,1375,2024
49680,2206,2024
49682,4699,2024
49683,2225,2024
49684,21585,2024
49685,21308,2024
49686,25492,2024
49688,2508,2024
49689,1731,2024
49690,6657,2024
49696,10477,2024
49701,882,2024
49705,865,2024
49706,4920,2024
49707,21881,2024
49709,3772,2024
49710,290,2024
49712,8203,2024
49713,2011,2024
49715,3116,2024
49716,1006,2024
49717,43,2024
49718,619,2024
49719,1407,2024
49720,9017,2024
49721,13891,2024
49722,73,2024
49724,1231,2024
49725,550,2024
49726,1155,2024
49727,6755,2024
49728,477,2024
49729,1470,2024
49730,2170,2024
49733,1997,2024
49735,20773,2024
49736,510,2024
49738,9696,2024
49740,7197,2024
49743,896,2024
49744,934,2024
49745,707,2024
49746,3284,2024
49747,2177,2024
49748,222,2024
49749,4411,2024
49751,2161,2024
49752,1655,2024
49753,1706,2024
49755,1799,2024
49756,4100,2024
49757,561,2024
49759,1376,2024
49760,734,2024
49762,675,2024
49764,46,2024
49765,4333,2024
49766,2565,2024
49768,358,2024
49769,1718,2024
49770,18221,2024
49774,1999,2024
49775,34,2024
49776,1866,2024
49777,1940,2024
49779,4593,2024
49780,1692,2024
49781,4156,2024
49782,732,2024
49783,18681,2024
49784,1814,2024
49788,2841,2024
49791,164,2024
49793,153,2024
49795,1884,2024
49796,359,2024
49799,2331,2024
49801,11860,2024
49802,5975,2024
49805,365,2024
49806,605,2024
49807,3162,2024
49808,295,2024
49812,801,2024
49814,1021,2024
49815,295,2024
49816,666,2024
49817,580,2024
49818,1282,2024
49820,191,2024
49821,1286,2024
49822,214,2024
49825,328,2024
49826,214,2024
49827,1054,2024
49829,16416,2024
49831,524,2024
49833,201,2024
49834,535,2024
49835,676,2024
49836,1012,2024
49837,10265,2024
49838,426,2024
49839,198,2024
49840,823,2024
49841,7412,2024
49847,1083,2024
49848,133,2024
49849,12117,2024
49852,178,2024
49853,1335,2024
49854,6199,2024
49855,33876,2024
49858,11927,2024
49861,523,2024
49862,4546,2024
49863,123,2024
49864,22,2024
49866,8207,2024
49868,4964,2024
49870,3509,2024
49871,392,2024
49872,231,2024
49873,65,2024
49874,1098,2024
49876,923,2024
49877,56,2024
49878,3329,2024
49879,1057,2024
49880,1021,2024
49881,358,2024
49883,234,2024
49884,634,2024
49885,1947,2024
49886,376,2024
49887,2731,2024
49891,548,2024
49892,2037,2024
49893,1320,2024
49894,861,2024
49895,840,2024
49896,1660,2024
49901,217,2024
49902,215,2024
49903,233,2024
49905,2281,2024
49908,3201,2024
49910,298,2024
49911,2729,2024
49912,834,2024
49913,7510,2024
49915,570,2024
49916,2865,2024
49917,326,2024
49918,163,2024
49919,135,2024
49920,4380,2024
49921,336,2024
49922,842,2024
49925,566,2024
49927,371,2024
49929,121,2024
49930,7405,2024
49931,10475,2024
49934,772,2024
49935,5841,2024
49938,7460,2024
49942,55,2024
49945,2729,2024
49946,3757,2024
49947,673,2024
49948,581,2024
49950,1062,2024
49952,111,2024
49953,2368,2024
49955,499,2024
49958,911,2024
49959,372,2024
49960,291,2024
49961,104,2024
49962,258,2024
49963,515,2024
49965,544,2024
49967,383,2024
49968,2203,2024
49969,1000,2024
49970,256,2024
49971,369,2024
50001,650,2024
50002,1496,2024
50003,9948,2024
50005,812,2024
50006,1437,2024
50007,444,2024
50008,722,2024
50009,22886,2024
50010,33799,2024
50012,1913,2024
50013,4211,2024
50014,32958,2024
50020,1197,2024
50021,30283,2024
50022,8526,2024
50023,46306,2024
50025,3148,2024
50026,481,2024
50027,148,2024
50028,1981,2024
50029,523,2024
50031,51,2024
50032,707,2024
50033,12,2024
50034,328,2024
50035,10131,2024
50036,16154,2024
50038,235,2024
50039,344,2024
50040,168,2024
50041,51,2024
50042,226,2024
50044,901,2024
50046,1554,2024
50047,6690,2024
50048,562,2024
50049,6414,2024
50050,712,2024
50051,224,2024
50052,80,2024
50054,3166,2024
50055,1102,2024
50056,1003,2024
50057,327,2024
50058,1999,2024
50060,2417,2024
50061,2123,2024
50062,789,2024
50063,2720,2024
50064,100,2024
50065,517,2024
50066,191,2024
50067,354,2024
50068,215,2024
50069,1109,2024
50070,1221,2024
50071,847,2024
50072,2979,2024
50073,1208,2024
50074,215,2024
50075,807,2024
50076,1301,2024
50078,85,2024
50101,57,2024
50102,36,2024
50103,453,2024
50104,103,2024
50105,1487,2024
50106,1163,2024
50107,764,2024
50108,376,2024
50109,3309,2024
50110,29,2024
50111,16865,2024
50112,11862,2024
50115,2809,2024
50116,261,2024
50117,128,2024
50118,920,2024
50119,392,2024
50120,428,2024
50122,1297,2024
50123,883,2024
50124,4859,2024
50125,20121,2024
50126,6368,2024
50127,10,2024
50128,330,2024
50129,5014,2024
50130,1468,2024
50131,24583,2024
50132,427,2024
50133,528,2024
50134,770,2024
50135,1754,2024
50136,376,2024
50137,114,2024
50138,11117,2024
50139,1025,2024
50140,2842,2024
50141,587,2024
50142,720,2024
50143,538,2024
50144,2692,2024
50145,139,2024
50146,577,2024
50147,463,2024
50148,406,2024
50149,883,2024
50150,736,2024
50151,727,2024
50152,138,2024
50153,890,2024
50154,394,2024
50155,94,2024
50156,4575,2024
50157,473,2024
50158,31396,2024
50160,569,2024
50161,2296,2024
50162,1164,2024
50163,689,2024
50164,682,2024
50165,44,2024
50166,2023,2024
50167,592,2024
50168,826,2024
50169,3667,2024
50170,3024,2024
50171,2524,2024
50173,705,2024
50174,1259,2024
50201,8320,2024
50206,349,2024
50207,2325,2024
50208,20595,2024
50210,1487,2024
50211,16835,2024
50212,2993,2024
50213,7489,2024
50214,719,2024
50216,2786,2024
50217,561,2024
50218,346,2024
50219,14416,2024
50220,9216,2024
50222,328,2024
50223,236,2024
50225,3364,2024
50226,7759,2024
50227,107,2024
50228,2120,2024
50229,1585,2024
50230,1145,2024
50231,142,2024
50232,569,2024
50233,1406,2024
50234,559,2024
50235,431,2024
50236,1761,2024
50237,3635,2024
50238,1195,2024
50239,354,2024
50240,2393,2024
50241,96,2024
50242,326,2024
50243,361,2024
50244,1729,2024
50246,614,2024
50247,2004,2024
50248,4216,2024
50249,1312,2024
50250,2832,2024
50251,1365,2024
50252,236,2024
50254,296,2024
50255,51,2024
50256,643,2024
50257,914,2024
50258,958,2024
50261,3399,2024
50262,263,2024
50263,29611,2024
50264,502,2024
50265,33488,2024
50266,37523,2024
50268,908,2024
50269,164,2024
50271,581,2024
50272,190,2024
50273,8950,2024
50274,234,2024
50275,506,2024
50276,2679,2024
50277,582,2024
50278,891,2024
50309,10110,2024
50310,31177,2024
50311,14574,2024
50312,15802,2024
50313,17440,2024
50314,10438,2024
50315,34816,2024
50316,16710,2024
50317,36548,2024
50319,0,2024
50320,24807,2024
50321,7900,2024
50322,31931,2024
50323,17265,2024
50324,5143,2024
50325,19012,2024
50327,13177,2024
50401,28703,2024
50420,473,2024
50421,3168,2024
50423,2291,2024
50424,1441,2024
50426,81,2024
50427,137,2024
50428,9071,2024
50430,520,2024
50431,228,2024
50432,283,2024
50433,157,2024
50434,396,2024
50435,713,2024
50436,5771,2024
50438,3995,2024
50439,454,2024
50440,361,2024
50441,5450,2024
50444,394,2024
50446,476,2024
50447,1145,2024
50448,620,2024
50449,785,2024
50450,2952,2024
50451,432,2024
50452,946,2024
50453,537,2024
50454,229,2024
50455,201,2024
50456,1699,2024
50457,463,2024
50458,2094,2024
50459,3045,2024
50460,688,2024
50461,5228,2024
50464,694,2024
50465,190,2024
50466,1972,2024
50467,63,2024
50468,1617,2024
50469,1527,2024
50470,287,2024
50471,740,2024
50472,2560,2024
50473,219,2024
50475,1446,2024
50476,706,2024
50477,250,2024
50478,737,2024
50479,655,2024
50480,809,2024
50482,748,2024
50483,672,2024
50484,411,2024
50501,28823,2024
50510,1042,2024
50511,7240,2024
50514,1117,2024
50515,251,2024
50516,586,2024
50517,833,2024
50518,365,2024
50519,765,2024
50520,114,2024
50521,45,2024
50522,705,2024
50523,682,2024
50524,439,2024
50525,3179,2024
50527,106,2024
50528,366,2024
50529,752,2024
50530,1090,2024
50531,325,2024
50532,804,2024
50533,3977,2024
50535,1198,2024
50536,4207,2024
50538,661,2024
50539,444,2024
50540,998,2024
50541,1067,2024
50542,859,2024
50543,1420,2024
50544,565,2024
50545,139,2024
50546,356,2024
50548,5722,2024
50551,96,2024
50552,76,2024
50554,1653,2024
50556,159,2024
50557,804,2024
50558,653,2024
50559,289,2024
50560,732,2024
50561,585,2024
50562,377,2024
50563,2505,2024
50565,380,2024
50566,325,2024
50567,280,2024
50568,1384,2024
50569,551,2024
50570,203,2024
50571,273,2024
50573,31,2024
50574,2132,2024
50575,696,2024
50576,277,2024
50577,341,2024
50578,633,2024
50579,3034,2024
50581,809,2024
50582,170,2024
50583,2288,2024
50585,1080,2024
50586,272,2024
50588,13431,2024
50590,718,2024
50591,405,2024
50592,187,2024
50593,29,2024
50594,288,2024
50595,8885,2024
50597,1341,2024
50598,818,2024
50599,410,2024
50601,2299,2024
50602,1254,2024
50603,555,2024
50604,1590,2024
50605,63,2024
50606,803,2024
50607,403,2024
50608,24,2024
50609,377,2024
50611,364,2024
50612,369,2024
50613,43867,2024
50616,9358,2024
50619,2150,2024
50620,36,2024
50621,1601,2024
50622,3549,2024
50623,153,2024
50624,1855,2024
50625,930,2024
50626,1468,2024
50627,3276,2024
50628,1423,2024
50629,2082,2024
50630,1372,2024
50631,225,2024
50632,1201,2024
50633,423,2024
50634,761,2024
50635,1423,2024
50636,2186,2024
50638,3441,2024
50641,1950,2024
50642,577,2024
50643,3027,2024
50644,8419,2024
50645,1193,2024
50647,1978,2024
50648,4269,2024
50649,12,2024
50650,648,2024
50651,3147,2024
50652,113,2024
50653,486,2024
50654,275,2024
50655,739,2024
50657,96,2024
50658,2450,2024
50659,5688,2024
50660,1143,2024
50662,6576,2024
50664,63,2024
50665,2693,2024
50666,753,2024
50667,899,2024
50668,1216,2024
50669,2439,2024
50670,2270,2024
50671,182,2024
50672,611,2024
50673,250,2024
50674,3446,2024
50675,2198,2024
50676,2017,2024
50677,12673,2024
50680,1027,2024
50681,481,2024
50682,1692,2024
50701,30232,2024
50702,20882,2024
50703,17952,2024
50707,7784,2024
50801,9034,2024
50830,1846,2024
50831,22,2024
50833,2077,2024
50835,69,2024
50836,304,2024
50837,282,2024
50839,46,2024
50840,552,2024
50841,2340,2024
50842,99,2024
50843,540,2024
50845,831,2024
50846,1276,2024
50847,35,2024
50848,256,2024
50849,2374,2024
50851,2193,2024
50853,716,2024
50854,2391,2024
50857,156,2024
50858,848,2024
50859,676,2024
50860,94,2024
50861,311,2024
50862,123,2024
50863,194,2024
50864,1662,2024
51001,2342,2024
51002,2787,2024
51003,1938,2024
51004,858,2024
51005,1561,2024
51006,1287,2024
51007,691,2024
51008,210,2024
51009,113,2024
51010,425,2024
51011,54,2024
51012,6311,2024
51014,549,2024
51015,45,2024
51016,1080,2024
51018,542,2024
51019,448,2024
51020,632,2024
51022,960,2024
51023,3473,2024
51024,2081,2024
51025,1925,2024
51026,910,2024
51027,1280,2024
51028,2191,2024
51029,261,2024
51030,1468,2024
51031,12808,2024
51033,421,2024
51034,1674,2024
51035,1627,2024
51036,445,2024
51037,327,2024
51038,1449,2024
51039,2845,2024
51040,3500,2024
51041,7324,2024
51044,165,2024
51045,66,2024
51046,1326,2024
51047,693,2024
51048,435,2024
51049,448,2024
51050,2962,2024
51051,39,2024
51052,1050,2024
51053,1016,2024
51054,5583,2024
51055,1346,2024
51056,346,2024
51058,1096,2024
51060,706,2024
51061,389,2024
51062,503,2024
51063,1072,2024
51101,1031,2024
51103,16895,2024
51104,23197,2024
51105,10415,2024
51106,28592,2024
51108,5960,2024
51109,3606,2024
51111,39,2024
51201,6430,2024
51230,478,2024
51231,562,2024
51232,658,2024
51234,1172,2024
51235,1007,2024
51237,1605,2024
51238,1502,2024
51239,2876,2024
51240,1914,2024
51241,2103,2024
51242,379,2024
51243,735,2024
51244,144,2024
51245,1377,2024
51246,4041,2024
51247,5094,2024
51248,1534,2024
51249,3564,2024
51250,9970,2024
51301,12638,2024
51331,935,2024
51333,374,2024
51334,6960,2024
51338,852,2024
51340,75,2024
51341,40,2024
51342,1385,2024
51343,172,2024
51345,347,2024
51346,2247,2024
51347,1470,2024
51350,383,2024
51351,4988,2024
51354,965,2024
51355,1048,2024
51357,910,2024
51358,1213,2024
51360,8653,2024
51363,111,2024
51364,803,2024
51365,416,2024
51366,245,2024
51401,11990,2024
51430,1063,2024
51431,430,2024
51432,45,2024
51433,567,2024
51436,815,2024
51439,818,2024
51440,334,2024
51441,468,2024
51442,9692,2024
51443,1653,2024
51444,290,2024
51445,2485,2024
51446,499,2024
51447,113,2024
51448,612,2024
51449,1950,2024
51450,1619,2024
51451,74,2024
51452,177,2024
51453,500,2024
51454,1254,2024
51455,2279,2024
51458,1290,2024
51459,54,2024
51460,61,2024
51461,1097,2024
51462,1049,2024
51463,412,2024
51465,689,2024
51466,1043,2024
51467,596,2024
51501,34618,2024
51503,37972,2024
51510,3767,2024
51520,243,2024
51521,1953,2024
51523,379,2024
51525,1067,2024
51526,1664,2024
51527,362,2024
51528,674,2024
51529,1732,2024
51530,809,2024
51531,889,2024
51532,644,2024
51533,844,2024
51534,8874,2024
51535,1697,2024
51536,613,2024
51537,6382,2024
51540,372,2024
51541,273,2024
51542,802,2024
51543,478,2024
51544,793,2024
51545,267,2024
51546,3114,2024
51548,415,2024
51549,363,2024
51550,169,2024
51551,1842,2024
51552,169,2024
51553,998,2024
51554,194,2024
51555,4952,2024
51556,266,2024
51557,828,2024
51558,549,2024
51559,1841,2024
51560,1772,2024
51561,1039,2024
51562,506,2024
51563,629,2024
51564,520,2024
51565,516,2024
51566,7010,2024
51570,1118,2024
51571,902,2024
51572,371,2024
51573,979,2024
51575,1609,2024
51576,1769,2024
51577,1561,2024
51578,116,2024
51579,2282,2024
51601,5629,2024
51630,160,2024
51631,324,2024
51632,6624,2024
51636,455,2024
51637,171,2024
51638,1258,2024
51639,919,2024
51640,1381,2024
51645,419,2024
51646,767,2024
51647,172,2024
51648,257,2024
51649,346,2024
51650,197,2024
51651,103,2024
51652,1569,2024
51653,1446,2024
51654,325,2024
51656,57,2024
52001,43101,2024
52002,17005,2024
52003,13796,2024
52030,423,2024
52031,5403,2024
52032,1305,2024
52033,3292,2024
52035,1331,2024
52036,135,2024
52037,1172,2024
52038,463,2024
52039,1079,2024
52040,5584,2024
52041,1468,2024
52042,1804,2024
52043,2058,2024
52044,297,2024
52045,2777,2024
52046,3129,2024
52047,462,2024
52048,201,2024
52049,1370,2024
52050,422,2024
52052,2999,2024
52053,1148,2024
52054,794,2024
52056,229,2024
52057,8193,2024
52060,8007,2024
52064,685,2024
52065,671,2024
52066,124,2024
52068,5280,2024
52069,1743,2024
52070,990,2024
52071,135,2024
52072,454,2024
52073,1381,2024
52074,119,2024
52075,125,2024
52076,2258,2024
52077,313,2024
52078,870,2024
52079,995,2024
52101,12706,2024
52132,1759,2024
52133,673,2024
52134,223,2024
52135,834,2024
52136,5840,2024
52140,671,2024
52141,1259,2024
52142,1890,2024
52144,1075,2024
52146,752,2024
52147,911,2024
52151,1886,2024
52154,592,2024
52155,1110,2024
52156,769,2024
52157,1451,2024
52158,290,2024
52159,2398,2024
52160,818,2024
52161,1532,2024
52162,3744,2024
52163,333,2024
52164,187,2024
52165,1098,2024
52166,137,2024
52168,356,2024
52169,367,2024
52170,555,2024
52171,1314,2024
52172,5877,2024
52175,3484,2024
52201,1148,2024
52202,1269,2024
52203,2231,2024
52205,8627,2024
52206,2564,2024
52207,256,2024
52208,2877,2024
52209,1158,2024
52210,958,2024
52211,2795,2024
52212,601,2024
52213,4114,2024
52214,2761,2024
52215,960,2024
52216,1551,2024
52217,573,2024
52218,1413,2024
52219,143,2024
52220,199,2024
52221,332,2024
52222,631,2024
52223,1199,2024
52224,2141,2024
52225,387,2024
52227,2996,2024
52228,3802,2024
52229,678,2024
52231,539,2024
52232,277,2024
52233,7000,2024
52235,974,2024
52236,564,2024
52237,1830,2024
52240,35074,2024
52241,23250,2024
52242,4688,2024
52245,22853,2024
52246,22308,2024
52247,5914,2024
52248,1675,2024
52249,1060,2024
52251,544,2024
52252,13,2024
52253,2622,2024
52254,1004,2024
52255,980,2024
52257,216,2024
52301,4028,2024
52302,42706,2024
52305,913,2024
52306,1642,2024
52307,63,2024
52308,129,2024
52309,443,2024
52310,6450,2024
52312,46,2024
52313,480,2024
52314,6200,2024
52315,1339,2024
52316,1597,2024
52317,23097,2024
52318,1099,2024
52320,1425,2024
52321,395,2024
52322,2266,2024
52323,942,2024
52324,2216,2024
52325,477,2024
52326,694,2024
52327,3796,2024
52328,2712,2024
52329,671,2024
52330,940,2024
52332,1612,2024
52333,7295,2024
52334,181,2024
52335,644,2024
52336,2397,2024
52337,729,2024
52338,3934,2024
52339,4326,2024
52340,6128,2024
52341,1378,2024
52342,2705,2024
52344,67,2024
52345,1609,2024
52346,1113,2024
52347,1386,2024
52348,66,2024
52349,7737,2024
52351,1329,2024
52352,1833,2024
52353,9241,2024
52354,420,2024
52355,283,2024
52356,2664,2024
52358,3598,2024
52359,308,2024
52361,4582,2024
52362,816,2024
52401,2181,2024
52402,42938,2024
52403,22551,2024
52404,42958,2024
52405,26526,2024
52411,8342,2024
52501,30371,2024
52530,945,2024
52531,6036,2024
52533,1201,2024
52534,321,2024
52535,725,2024
52536,814,2024
52537,7069,2024
52540,1088,2024
52542,588,2024
52543,541,2024
52544,8121,2024
52548,83,2024
52549,487,2024
52550,552,2024
52551,782,2024
52552,940,2024
52553,1846,2024
52554,1078,2024
52555,193,2024
52556,11448,2024
52557,685,2024
52560,458,2024
52561,1112,2024
52562,52,2024
52563,1602,2024
52565,1518,2024
52566,266,2024
52567,506,2024
52568,80,2024
52569,550,2024
52570,1130,2024
52571,1660,2024
52572,844,2024
52573,148,2024
52574,377,2024
52576,371,2024
52577,14585,2024
52580,711,2024
52581,168,2024
52583,389,2024
52584,420,2024
52585,838,2024
52586,600,2024
52588,91,2024
52590,1464,2024
52591,2721,2024
52593,97,2024
52594,676,2024
52595,545,2024
52601,27341,2024
52619,441,2024
52620,1097,2024
52621,604,2024
52623,1982,2024
52624,734,2024
52625,2338,2024
52626,1103,2024
52627,12677,2024
52630,235,2024
52631,65,2024
52632,11711,2024
52635,890,2024
52637,3041,2024
52638,508,2024
52639,1745,2024
52640,1274,2024
52641,12428,2024
52644,394,2024
52645,3503,2024
52646,255,2024
52647,72,2024
52649,913,2024
52650,799,2024
52651,398,2024
52652,119,2024
52653,3083,2024
52654,1884,2024
52655,4322,2024
52656,1833,2024
52657,65,2024
52658,927,2024
52659,1329,2024
52660,279,2024
52701,124,2024
52720,964,2024
52721,809,2024
52722,41264,2024
52726,5160,2024
52727,398,2024
52728,984,2024
52729,886,2024
52730,4776,2024
52731,867,2024
52732,25880,2024
52737,323,2024
52738,3398,2024
52739,788,2024
52742,7284,2024
52745,443,2024
52746,1240,2024
52747,2160,2024
52748,9594,2024
52749,1049,2024
52750,654,2024
52751,976,2024
52752,413,2024
52753,6020,2024
52754,1533,2024
52755,2092,2024
52756,1982,2024
52757,242,2024
52758,298,2024
52759,167,2024
52760,992,2024
52761,29474,2024
52765,427,2024
52766,677,2024
52767,386,2024
52768,1352,2024
52769,698,2024
52771,56,2024
52772,5348,2024
52773,2389,2024
52774,101,2024
52776,5090,2024
52777,1389,2024
52778,3632,2024
52801,1788,2024
52802,9466,2024
52803,22742,2024
52804,26835,2024
52806,26871,2024
52807,15617,2024
53001,1766,2024
53002,2584,2024
53003,130,2024
53004,3475,2024
53005,21675,2024
53006,1905,2024
53007,1859,2024
53010,7444,2024
53011,2176,2024
53012,19183,2024
53013,3717,2024
53014,7898,2024
53015,2751,2024
53016,360,2024
53017,5458,2024
53018,8201,2024
53019,1876,2024
53020,3431,2024
53021,4537,2024
53022,20046,2024
53023,1293,2024
53024,18982,2024
53027,23118,2024
53029,21778,2024
53031,105,2024
53032,4898,2024
53033,6286,2024
53034,1652,2024
53035,2502,2024
53036,3730,2024
53037,10254,2024
53038,4192,2024
53039,4702,2024
53040,8630,2024
53042,6810,2024
53044,2326,2024
53045,23329,2024
53046,1482,2024
53047,85,2024
53048,3420,2024
53049,2298,2024
53050,7159,2024
53051,39559,2024
53057,1882,2024
53058,3405,2024
53059,1774,2024
53061,5144,2024
53063,1578,2024
53065,2351,2024
53066,37558,2024
53069,671,2024
53070,4951,2024
53072,26200,2024
53073,16136,2024
53074,13682,2024
53075,3402,2024
53076,3109,2024
53078,1734,2024
53079,1420,2024
53080,5059,2024
53081,43381,2024
53083,21579,2024
53085,11695,2024
53086,9426,2024
53088,203,2024
53089,20588,2024
53090,21625,2024
53091,2123,2024
53092,20886,2024
53093,2135,2024
53094,17998,2024
53095,27817,2024
53097,7683,2024
53098,11353,2024
53099,15,2024
53103,3762,2024
53104,5826,2024
53105,28751,2024
53108,3060,2024
53110,17853,2024
53114,1979,2024
53115,16381,2024
53118,7554,2024
53119,5803,2024
53120,10848,2024
53121,18551,2024
53122,6508,2024
53125,1898,2024
53126,7064,2024
53127,79,2024
53128,9030,2024
53129,14570,2024
53130,7712,2024
53132,35433,2024
53137,1650,2024
53139,2523,2024
53140,30238,2024
53142,34144,2024
53143,20889,2024
53144,26652,2024
53146,7285,2024
53147,18638,2024
53149,19614,2024
53150,26259,2024
53151,32824,2024
53153,2548,2024
53154,37325,2024
53156,3232,2024
53157,0,2024
53158,18420,2024
53167,157,2024
53168,9036,2024
53170,2134,2024
53172,20442,2024
53176,100,2024
53177,8489,2024
53178,2497,2024
53179,6469,2024
53181,7964,2024
53182,9821,2024
53183,3111,2024
53184,4169,2024
53185,18560,2024
53186,33374,2024
53188,34892,2024
53189,26855,2024
53190,20499,2024
53191,3261,2024
53192,252,2024
53195,133,2024
53202,25861,2024
53203,2357,2024
53204,39996,2024
53205,9265,2024
53206,19887,2024
53207,34313,2024
53208,27201,2024
53209,45170,2024
53210,23922,2024
53211,34234,2024
53212,28938,2024
53213,26905,2024
53214,34480,2024
53215,58146,2024
53216,30345,2024
53217,29957,2024
53218,41196,2024
53219,34764,2024
53220,27782,2024
53221,38044,2024
53222,24663,2024
53223,28793,2024
53224,21223,2024
53225,25187,2024
53226,18908,2024
53227,22885,2024
53228,15121,2024
53233,14497,2024
53235,9004,2024
53295,90,2024
53402,34850,2024
53403,27009,2024
53404,13703,2024
53405,26793,2024
53406,25778,2024
53501,165,2024
53502,2393,2024
53503,2057,2024
53504,2281,2024
53505,358,2024
53506,1011,2024
53507,2467,2024
53508,5654,2024
53510,1435,2024
53511,48701,2024
53515,2647,2024
53516,2238,2024
53517,1799,2024
53518,1489,2024
53520,6687,2024
53521,3640,2024
53522,943,2024
53523,5074,2024
53525,4066,2024
53526,471,2024
53527,11924,2024
53528,6263,2024
53529,2611,2024
53530,4569,2024
53531,4430,2024
53532,16514,2024
53533,7283,2024
53534,12241,2024
53536,9547,2024
53537,752,2024
53538,18813,2024
53540,112,2024
53541,904,2024
53543,1758,2024
53544,826,2024
53545,24703,2024
53546,29867,2024
53548,19916,2024
53549,9873,2024
53550,1220,2024
53551,9731,2024
53553,621,2024
53554,1029,2024
53555,8933,2024
53556,2428,2024
53557,446,2024
53558,13164,2024
53559,6110,2024
53560,3416,2024
53561,1872,2024
53562,29790,2024
53563,11280,2024
53565,4778,2024
53566,14901,2024
53569,978,2024
53570,2686,2024
53571,367,2024
53572,10385,2024
53573,2906,2024
53574,4033,2024
53575,18204,2024
53576,2131,2024
53577,1363,2024
53578,6503,2024
53579,1732,2024
53580,442,2024
53581,10176,2024
53582,1070,2024
53583,5816,2024
53584,7,2024
53585,2264,2024
53586,2211,2024
53587,1177,2024
53588,3770,2024
53589,19550,2024
53590,45602,2024
53593,31081,2024
53594,5199,2024
53597,21426,2024
53598,4176,2024
53599,75,2024
53703,37659,2024
53704,46730,2024
53705,25017,2024
53706,3958,2024
53711,51279,2024
53713,24351,2024
53714,16169,2024
53715,15974,2024
53716,18596,2024
53717,13052,2024
53718,18989,2024
53719,34115,2024
53726,5043,2024
53792,0,2024
53801,998,2024
53802,132,2024
53803,1386,2024
53804,1275,2024
53805,5554,2024
53806,1514,2024
53807,4209,2024
53808,905,2024
53809,4748,2024
53810,389,2024
53811,3093,2024
53812,254,2024
53813,6222,2024
53816,856,2024
53817,227,2024
53818,16024,2024
53820,2467,2024
53821,7780,2024
53825,358,2024
53826,1323,2024
53827,429,2024
53901,14291,2024
53910,3522,2024
53911,1450,2024
53913,21704,2024
53916,22808,2024
53919,2292,2024
53920,599,2024
53922,1057,2024
53923,2295,2024
53924,1346,2024
53925,8754,2024
53926,1951,2024
53928,63,2024
53929,2808,2024
53930,1192,2024
53931,350,2024
53932,2495,2024
53933,4227,2024
53934,4520,2024
53935,297,2024
53936,1231,2024
53937,1157,2024
53939,251,2024
53940,0,2024
53941,2817,2024
53942,235,2024
53943,1245,2024
53944,2207,2024
53946,4333,2024
53947,223,2024
53948,8195,2024
53949,6292,2024
53950,5942,2024
53951,2452,2024
53952,3524,2024
53953,213,2024
53954,6678,2024
53955,6125,2024
53956,3477,2024
53959,14451,2024
53960,3396,2024
53961,831,2024
53962,27,2024
53963,13952,2024
53964,3371,2024
53965,10818,2024
53968,2429,2024
53969,329,2024
54001,7906,2024
54002,6872,2024
54003,1065,2024
54004,2192,2024
54005,3264,2024
54006,852,2024
54007,1175,2024
54009,2739,2024
54011,7054,2024
54013,3443,2024
54014,2026,2024
54015,4086,2024
54016,33398,2024
54017,20366,2024
54020,7687,2024
54021,7346,2024
54022,24789,2024
54023,4620,2024
54024,5035,2024
54025,7612,2024
54026,2361,2024
54027,1154,2024
54028,2574,2024
54082,2190,2024
54101,2998,2024
54102,763,2024
54103,535,2024
54104,1027,2024
54106,4990,2024
54107,3713,2024
54110,5591,2024
54111,1951,2024
54112,2716,2024
54113,3622,2024
54114,5926,2024
54115,50411,2024
54119,715,2024
54120,213,2024
54121,3257,2024
54123,204,2024
54124,3414,2024
54125,430,2024
54126,4233,2024
54127,37,2024
54128,2082,2024
54129,3222,2024
54130,28380,2024
54135,3018,2024
54136,7019,2024
54137,1087,2024
54138,787,2024
54139,3130,2024
54140,8035,2024
54141,2861,2024
54143,15119,2024
54149,1210,2024
54150,1024,2024
54151,3411,2024
54152,253,2024
54153,7551,2024
54154,5741,2024
54155,7418,2024
54156,1502,2024
54157,5951,2024
54159,1381,2024
54160,221,2024
54161,2595,2024
54162,9596,2024
54165,7786,2024
54166,16940,2024
54169,3252,2024
54170,3898,2024
54171,4024,2024
54173,3403,2024
54174,3171,2024
54175,1101,2024
54177,2913,2024
54180,3378,2024
54201,5209,2024
54202,1772,2024
54204,2139,2024
54205,2229,2024
54207,176,2024
54208,6231,2024
54209,1485,2024
54210,942,2024
54211,403,2024
54212,980,2024
54213,1395,2024
54214,436,2024
54215,186,2024
54216,6075,2024
54217,8022,2024
54220,40949,2024
54227,1621,2024
54228,2762,2024
54229,4329,2024
54230,4158,2024
54232,907,2024
54234,2158,2024
54235,17749,2024
54241,14120,2024
54245,2069,2024
54246,803,2024
54247,2558,2024
54301,21724,2024
54302,30333,2024
54303,28153,2024
54304,28502,2024
54307,1128,2024
54311,37879,2024
54313,41422,2024
54401,31692,2024
54403,24950,2024
54405,2770,2024
54406,4040,2024
54407,1350,2024
54408,1247,2024
54409,12639,2024
54410,2611,2024
54411,5028,2024
54412,2122,2024
54413,219,2024
54414,3208,2024
54416,1682,2024
54417,4,2024
54418,1084,2024
54420,1330,2024
54421,3468,2024
54422,1553,2024
54423,2394,2024
54424,1565,2024
54425,1988,2024
54426,4275,2024
54427,1156,2024
54428,975,2024
54430,92,2024
54433,1858,2024
54435,2122,2024
54436,2203,2024
54437,3236,2024
54440,2662,2024
54441,791,2024
54442,1527,2024
54443,2145,2024
54446,3500,2024
54447,546,2024
54448,4280,2024
54449,26183,2024
54450,457,2024
54451,11198,2024
54452,18969,2024
54454,1215,2024
54455,19025,2024
54456,5890,2024
54457,8183,2024
54458,133,2024
54459,1377,2024
54460,2620,2024
54462,416,2024
54463,746,2024
54464,70,2024
54465,731,2024
54466,2557,2024
54467,14870,2024
54469,1820,2024
54470,1953,2024
54471,1636,2024
54473,2472,2024
54474,4589,2024
54475,1447,2024
54476,19377,2024
54479,3630,2024
54480,1386,2024
54481,28242,2024
54482,8963,2024
54484,5529,2024
54485,395,2024
54486,2171,2024
54487,9562,2024
54488,1275,2024
54489,1336,2024
54490,1085,2024
54491,1607,2024
54493,631,2024
54494,27696,2024
54495,7859,2024
54498,2362,2024
54499,2896,2024
54501,21405,2024
54511,1393,2024
54512,1461,2024
54513,431,2024
54514,1827,2024
54515,639,2024
54517,167,2024
54519,1309,2024
54520,3764,2024
54521,8551,2024
54524,663,2024
54525,318,2024
54526,644,2024
54527,932,2024
54529,1220,2024
54530,758,2024
54531,1385,2024
54534,2393,2024
54536,154,2024
54537,601,2024
54538,3025,2024
54539,1356,2024
54540,971,2024
54541,1561,2024
54542,702,2024
54545,947,2024
54546,1332,2024
54547,1549,2024
54548,5676,2024
54550,768,2024
54552,4292,2024
54554,1148,2024
54555,4728,2024
54556,1161,2024
54557,1042,2024
54558,2262,2024
54559,837,2024
54560,561,2024
54561,55,2024
54562,2038,2024
54563,811,2024
54564,393,2024
54565,38,2024
54566,1453,2024
54568,4854,2024
54601,50397,2024
54603,13738,2024
54610,1564,2024
54611,1372,2024
54612,5915,2024
54613,2174,2024
54614,2776,2024
54615,11315,2024
54616,2443,2024
54618,2333,2024
54619,3849,2024
54621,1319,2024
54622,2147,2024
54623,1928,2024
54624,1554,2024
54625,317,2024
54626,1423,2024
54627,2020,2024
54628,912,2024
54629,2595,2024
54630,4261,2024
54631,1737,2024
54632,1288,2024
54634,4484,2024
54635,1793,2024
54636,16727,2024
54637,131,2024
54638,1513,2024
54639,2435,2024
54642,2259,2024
54643,2,2024
54644,1236,2024
54645,97,2024
54646,3770,2024
54648,1608,2024
54650,25304,2024
54651,1384,2024
54652,947,2024
54653,1335,2024
54654,168,2024
54655,1798,2024
54656,18160,2024
54657,357,2024
54658,2326,2024
54659,1257,2024
54660,16124,2024
54661,3806,2024
54664,1571,2024
54665,8863,2024
54666,2635,2024
54667,5100,2024
54669,8228,2024
54670,2048,2024
54701,43014,2024
54703,44153,2024
54720,8947,2024
54721,1367,2024
54722,4277,2024
54723,973,2024
54724,7517,2024
54725,2844,2024
54726,1866,2024
54727,4806,2024
54728,5835,2024
54729,34366,2024
54730,5578,2024
54731,672,2024
54732,2843,2024
54733,1333,2024
54734,772,2024
54736,4169,2024
54737,562,2024
54738,3784,2024
54739,5549,2024
54740,1760,2024
54741,1664,2024
54742,4255,2024
54745,2282,2024
54746,693,2024
54747,2690,2024
54748,1422,2024
54749,1410,2024
54750,1047,2024
54751,26193,2024
54754,1308,2024
54755,7389,2024
54756,946,2024
54757,3584,2024
54758,4577,2024
54759,1392,2024
54760,190,2024
54761,1149,2024
54762,1232,2024
54763,1120,2024
54766,1668,2024
54767,3352,2024
54768,6557,2024
54769,515,2024
54770,2033,2024
54771,4171,2024
54772,1164,2024
54773,3542,2024
54801,6266,2024
54805,1520,2024
54806,11704,2024
54810,2849,2024
54812,6069,2024
54813,678,2024
54814,2762,2024
54817,2264,2024
54819,2612,2024
54820,707,2024
54821,1625,2024
54822,4670,2024
54824,1950,2024
54826,922,2024
54827,300,2024
54828,546,2024
54829,5446,2024
54830,3526,2024
54832,453,2024
54835,933,2024
54836,931,2024
54837,3803,2024
54838,1404,2024
54839,342,2024
54840,4775,2024
54841,284,2024
54842,267,2024
54843,13416,2024
54844,243,2024
54845,103,2024
54846,650,2024
54847,2607,2024
54848,5832,2024
54849,1857,2024
54850,321,2024
54853,3506,2024
54854,960,2024
54855,924,2024
54856,1628,2024
54857,34,2024
54858,1636,2024
54859,2242,2024
54861,122,2024
54862,307,2024
54864,1590,2024
54865,517,2024
54867,517,2024
54868,16323,2024
54870,1698,2024
54871,3270,2024
54872,2569,2024
54873,3056,2024
54874,3690,2024
54875,1335,2024
54876,1712,2024
54880,30312,2024
54888,1381,2024
54889,2837,2024
54891,3297,2024
54893,4207,2024
54895,799,2024
54896,1635,2024
54901,37294,2024
54902,22243,2024
54904,22273,2024
54909,1982,2024
54911,25308,2024
54913,25147,2024
54914,31849,2024
54915,44367,2024
54921,1482,2024
54922,1101,2024
54923,8793,2024
54926,125,2024
54927,540,2024
54928,524,2024
54929,8776,2024
54930,1840,2024
54931,364,2024
54932,1218,2024
54933,106,2024
54935,41613,2024
54937,21687,2024
54940,4533,2024
54941,2563,2024
54942,11020,2024
54943,2250,2024
54944,9312,2024
54945,3470,2024
54946,401,2024
54947,2323,2024
54948,225,2024
54949,3565,2024
54950,2802,2024
54952,27312,2024
54956,46567,2024
54960,2997,2024
54961,14485,2024
54962,1025,2024
54963,7271,2024
54964,974,2024
54965,1212,2024
54966,2202,2024
54967,497,2024
54968,2762,2024
54970,3845,2024
54971,10907,2024
54974,1415,2024
54977,1592,2024
54978,74,2024
54979,2037,2024
54980,218,2024
54981,14870,2024
54982,6958,2024
54983,4144,2024
54984,3394,2024
54985,249,2024
54986,5394,2024
55001,3027,2024
55003,3905,2024
55005,4376,2024
55006,3694,2024
55007,2201,2024
55008,16729,2024
55009,8127,2024
55011,11482,2024
55012,2087,2024
55013,7015,2024
55014,29047,2024
55016,40695,2024
55017,799,2024
55018,969,2024
55019,2305,2024
55020,4115,2024
55021,30908,2024
55024,37287,2024
55025,25891,2024
55026,470,2024
55027,2739,2024
55029,31,2024
55030,1711,2024
55031,1881,2024
55032,3416,2024
55033,29674,2024
55036,37,2024
55037,5215,2024
55038,25061,2024
55040,14837,2024
55041,7510,2024
55042,13705,2024
55043,3424,2024
55044,64762,2024
55045,7846,2024
55046,6145,2024
55047,2244,2024
55049,2636,2024
55051,9935,2024
55052,2114,2024
55053,995,2024
55054,2831,2024
55055,4754,2024
55056,14753,2024
55057,25650,2024
55060,29599,2024
55063,9212,2024
55065,1224,2024
55066,19226,2024
55068,33119,2024
55069,5836,2024
55070,8441,2024
55071,5719,2024
55072,4418,2024
55073,4169,2024
55074,2393,2024
55075,20714,2024
55076,21374,2024
55077,14503,2024
55079,8508,2024
55080,3180,2024
55082,36277,2024
55084,1975,2024
55085,371,2024
55087,327,2024
55088,1812,2024
55089,1612,2024
55090,401,2024
55092,11200,2024
55101,7911,2024
55102,19630,2024
55103,13125,2024
55104,45762,2024
55105,28617,2024
55106,56708,2024
55107,15377,2024
55108,15224,2024
55109,33461,2024
55110,37305,2024
55111,233,2024
55112,45346,2024
55113,40819,2024
55114,5049,2024
55115,8949,2024
55116,25918,2024
55117,44697,2024
55118,29564,2024
55119,44567,2024
55120,5058,2024
55121,9198,2024
55122,32261,2024
55123,26501,2024
55124,55658,2024
55125,44185,2024
55126,27456,2024
55127,18090,2024
55128,29384,2024
55129,34120,2024
55130,17775,2024
55150,201,2024
55155,0,2024
55301,13482,2024
55302,7326,2024
55303,52614,2024
55304,49737,2024
55305,21068,2024
55306,16830,2024
55307,2981,2024
55308,10321,2024
55309,21378,2024
55310,1344,2024
55311,38472,2024
55312,1428,2024
55313,24913,2024
55314,1187,2024
55315,7147,2024
55316,23294,2024
55317,22299,2024
55318,30369,2024
55319,5185,2024
55320,5998,2024
55321,5646,2024
55322,3775,2024
55324,1179,2024
55325,4795,2024
55327,6016,2024
55328,10019,2024
55329,2219,2024
55330,45721,2024
55331,19805,2024
55332,1667,2024
55333,698,2024
55334,2727,2024
55335,1666,2024
55336,8296,2024
55337,47633,2024
55338,978,2024
55339,942,2024
55340,10183,2024
55341,3561,2024
55342,1973,2024
55343,27102,2024
55344,14034,2024
55345,20789,2024
55346,18588,2024
55347,30429,2024
55349,3549,2024
55350,18610,2024
55352,10515,2024
55353,3361,2024
55354,3159,2024
55355,9663,2024
55356,5696,2024
55357,3419,2024
55358,5061,2024
55359,6997,2024
55360,3341,2024
55362,20663,2024
55363,5814,2024
55364,14097,2024
55366,423,2024
55367,1122,2024
55368,1775,2024
55369,39290,2024
55370,558,2024
55371,18103,2024
55372,34772,2024
55373,5822,2024
55374,16661,2024
55375,4326,2024
55376,20106,2024
55378,32162,2024
55379,50041,2024
55381,1819,2024
55382,3691,2024
55384,1896,2024
55385,1337,2024
55386,10077,2024
55387,15030,2024
55388,5893,2024
55389,2384,2024
55390,3492,2024
55391,15502,2024
55395,2723,2024
55396,2288,2024
55397,3404,2024
55398,17688,2024
55401,11816,2024
55402,667,2024
55403,17601,2024
55404,28920,2024
55405,17198,2024
55406,36581,2024
55407,37667,2024
55408,31507,2024
55409,11188,2024
55410,20422,2024
55411,27741,2024
55412,24460,2024
55413,14655,2024
55414,35007,2024
55415,6900,2024
55416,35015,2024
55417,25102,2024
55418,31505,2024
55419,29738,2024
55420,24451,2024
55421,30843,2024
55422,28452,2024
55423,36724,2024
55424,10289,2024
55425,10908,2024
55426,25251,2024
55427,24764,2024
55428,32499,2024
55429,27024,2024
55430,22749,2024
55431,18664,2024
55432,33672,2024
55433,34463,2024
55434,33029,2024
55435,14192,2024
55436,14462,2024
55437,18881,2024
55438,15701,2024
55439,9459,2024
55441,17944,2024
55442,12694,2024
55443,33660,2024
55444,16559,2024
55445,13546,2024
55446,28247,2024
55447,20931,2024
55448,29005,2024
55449,34443,2024
55450,124,2024
55454,8880,2024
55455,5390,2024
55601,128,2024
55602,346,2024
55603,490,2024
55604,3719,2024
55605,572,2024
55606,198,2024
55607,192,2024
55609,131,2024
55612,535,2024
55613,232,2024
55614,2485,2024
55615,379,2024
55616,7250,2024
55702,412,2024
55703,906,2024
55704,1051,2024
55705,3211,2024
55706,1703,2024
55707,3470,2024
55708,929,2024
55709,4628,2024
55710,1362,2024
55711,540,2024
55712,522,2024
55713,1048,2024
55716,279,2024
55717,287,2024
55718,3111,2024
55719,5613,2024
55720,17448,2024
55721,4044,2024
55722,963,2024
55723,1927,2024
55724,707,2024
55725,89,2024
55726,1087,2024
55731,5361,2024
55732,1453,2024
55733,5139,2024
55734,6265,2024
55735,1814,2024
55736,1344,2024
55738,599,2024
55741,2947,2024
55742,259,2024
55744,20295,2024
55746,16730,2024
55748,1374,2024
55749,532,2024
55750,2068,2024
55751,1388,2024
55752,446,2024
55753,1215,2024
55756,309,2024
55757,739,2024
55758,121,2024
55760,2894,2024
55763,495,2024
55764,541,2024
55765,803,2024
55767,4582,2024
55768,2964,2024
55769,2219,2024
55771,1484,2024
55772,77,2024
55775,1309,2024
55779,3905,2024
55780,277,2024
55781,821,2024
55782,420,2024
55783,2639,2024
55784,149,2024
55785,271,2024
55786,118,2024
55787,621,2024
55790,1847,2024
55792,9663,2024
55793,666,2024
55795,1807,2024
55796,135,2024
55797,1457,2024
55798,627,2024
55802,2399,2024
55803,17662,2024
55804,15922,2024
55805,10602,2024
55806,9356,2024
55807,9763,2024
55808,5691,2024
55810,8285,2024
55811,28118,2024
55812,10859,2024
55814,319,2024
55901,58495,2024
55902,26464,2024
55903,0,2024
55904,29639,2024
55905,0,2024
55906,20437,2024
55909,1387,2024
55910,1171,2024
55912,29632,2024
55917,3410,2024
55918,1084,2024
55919,1040,2024
55920,9271,2024
55921,4659,2024
55922,818,2024
55923,4375,2024
55924,1170,2024
55925,1336,2024
55926,799,2024
55927,4297,2024
55929,1383,2024
55931,392,2024
55932,1999,2024
55933,215,2024
55934,3466,2024
55935,1006,2024
55936,1785,2024
55939,1973,2024
55940,2791,2024
55941,1072,2024
55943,3221,2024
55944,8161,2024
55945,1321,2024
55946,3395,2024
55947,7403,2024
55949,1923,2024
55950,129,2024
55951,1385,2024
55952,2585,2024
55953,901,2024
55954,1332,2024
55955,2605,2024
55956,2199,2024
55957,748,2024
55959,1889,2024
55960,3375,2024
55961,520,2024
55962,756,2024
55963,5244,2024
55964,4400,2024
55965,2300,2024
55967,1001,2024
55968,151,2024
55969,1169,2024
55970,1068,2024
55971,3018,2024
55972,5434,2024
55973,251,2024
55974,1902,2024
55975,4433,2024
55976,8509,2024
55977,180,2024
55979,1053,2024
55981,3955,2024
55982,551,2024
55983,1874,2024
55985,1759,2024
55987,34072,2024
55990,899,2024
55991,1394,2024
55992,5544,2024
56001,51585,2024
56003,15258,2024
56007,21377,2024
56009,1527,2024
56010,1159,2024
56011,9921,2024
56013,4535,2024
56014,727,2024
56016,989,2024
56017,1763,2024
56019,795,2024
56020,74,2024
56021,1108,2024
56022,63,2024
56023,559,2024
56024,3647,2024
56025,483,2024
56026,2124,2024
56027,692,2024
56028,1018,2024
56029,642,2024
56030,30,2024
56031,11665,2024
56032,407,2024
56033,411,2024
56034,393,2024
56035,387,2024
56036,1740,2024
56037,1374,2024
56039,880,2024
56041,1039,2024
56042,751,2024
56043,423,2024
56044,2370,2024
56045,922,2024
56046,157,2024
56048,4025,2024
56050,1306,2024
56051,610,2024
56052,747,2024
56054,853,2024
56055,3898,2024
56056,55,2024
56057,3919,2024
56058,6067,2024
56060,400,2024
56062,3234,2024
56063,3221,2024
56065,2766,2024
56068,1041,2024
56069,4991,2024
56071,13157,2024
56072,2228,2024
56073,17339,2024
56074,1845,2024
56075,176,2024
56078,451,2024
56080,672,2024
56081,6172,2024
56082,14606,2024
56083,741,2024
56085,5047,2024
56087,3105,2024
56088,2071,2024
56089,214,2024
56090,596,2024
56091,256,2024
56093,12672,2024
56096,2953,2024
56097,3487,2024
56098,1970,2024
56101,6157,2024
56110,1633,2024
56111,356,2024
56113,208,2024
56114,309,2024
56115,1123,2024
56116,559,2024
56117,400,2024
56118,457,2024
56119,1188,2024
56120,983,2024
56121,590,2024
56122,660,2024
56123,420,2024
56125,41,2024
56127,474,2024
56128,1768,2024
56129,761,2024
56131,2238,2024
56132,462,2024
56134,441,2024
56136,1203,2024
56137,1039,2024
56138,927,2024
56139,474,2024
56140,81,2024
56141,362,2024
56142,1036,2024
56143,4509,2024
56144,1143,2024
56145,510,2024
56146,55,2024
56147,135,2024
56149,1318,2024
56150,2802,2024
56151,643,2024
56152,1431,2024
56153,173,2024
56155,411,2024
56156,6371,2024
56157,707,2024
56158,322,2024
56159,2668,2024
56160,224,2024
56161,356,2024
56162,313,2024
56164,5516,2024
56165,333,2024
56166,178,2024
56167,555,2024
56168,858,2024
56169,780,2024
56170,546,2024
56171,1632,2024
56172,2987,2024
56173,307,2024
56174,352,2024
56175,2972,2024
56176,888,2024
56178,1669,2024
56180,1287,2024
56181,1280,2024
56183,1241,2024
56185,500,2024
56186,450,2024
56187,15214,2024
56201,25146,2024
56207,211,2024
56208,2113,2024
56209,2570,2024
56210,16,2024
56211,484,2024
56212,475,2024
56214,648,2024
56215,4677,2024
56216,592,2024
56218,435,2024
56219,697,2024
56220,2617,2024
56221,731,2024
56222,1972,2024
56223,1351,2024
56224,259,2024
56225,734,2024
56226,215,2024
56227,215,2024
56228,922,2024
56229,1672,2024
56230,779,2024
56231,405,2024
56232,2379,2024
56235,523,2024
56236,493,2024
56237,553,2024
56239,587,2024
56240,796,2024
56241,3933,2024
56243,1921,2024
56244,1832,2024
56245,441,2024
56248,761,2024
56249,301,2024
56251,949,2024
56252,1310,2024
56253,740,2024
56255,389,2024
56256,2446,2024
56257,377,2024
56258,15888,2024
56260,913,2024
56262,871,2024
56263,446,2024
56264,2277,2024
56265,7225,2024
56266,1583,2024
56267,6783,2024
56270,1076,2024
56271,1334,2024
56273,4956,2024
56274,170,2024
56276,256,2024
56277,2905,2024
56278,2698,2024
56279,1126,2024
56280,530,2024
56281,786,2024
56282,1471,2024
56283,6481,2024
56284,2168,2024
56285,983,2024
56287,98,2024
56288,4697,2024
56289,599,2024
56291,397,2024
56292,577,2024
56293,1147,2024
56294,104,2024
56295,305,2024
56296,1956,2024
56297,811,2024
56301,35580,2024
56303,25827,2024
56304,17473,2024
56307,5385,2024
56308,27008,2024
56309,1296,2024
56310,5431,2024
56311,666,2024
56312,2270,2024
56313,49,2024
56314,1393,2024
56315,1803,2024
56316,1461,2024
56318,1191,2024
56319,1283,2024
56320,8482,2024
56321,1526,2024
56323,612,2024
56324,1028,2024
56325,217,2024
56326,1716,2024
56327,729,2024
56328,144,2024
56329,7778,2024
56330,2097,2024
56331,2057,2024
56332,1627,2024
56334,5776,2024
56335,270,2024
56336,1566,2024
56338,1636,2024
56339,1115,2024
56340,2309,2024
56342,2788,2024
56343,759,2024
56345,15008,2024
56347,8042,2024
56349,829,2024
56350,471,2024
56352,6112,2024
56353,9546,2024
56354,1337,2024
56355,737,2024
56356,266,2024
56357,1230,2024
56358,3107,2024
56359,3521,2024
56360,3721,2024
56361,2592,2024
56362,5773,2024
56363,238,2024
56364,5708,2024
56367,7209,2024
56368,4262,2024
56369,582,2024
56371,95,2024
56373,3329,2024
56374,10029,2024
56375,694,2024
56376,313,2024
56377,21063,2024
56378,8649,2024
56379,17607,2024
56381,2344,2024
56382,1365,2024
56384,303,2024
56385,917,2024
56386,661,2024
56387,7756,2024
56389,74,2024
56401,31841,2024
56425,8932,2024
56431,9312,2024
56433,1614,2024
56434,182,2024
56435,2801,2024
56437,1410,2024
56438,2942,2024
56440,1395,2024
56441,3348,2024
56442,2762,2024
56443,1537,2024
56444,3331,2024
56446,1418,2024
56447,843,2024
56448,476,2024
56449,1710,2024
56450,983,2024
56452,1936,2024
56453,841,2024
56455,1688,2024
56458,301,2024
56461,3337,2024
56464,5053,2024
56465,2476,2024
56466,3284,2024
56467,2827,2024
56468,4520,2024
56469,967,2024
56470,11186,2024
56472,8830,2024
56473,3518,2024
56474,4475,2024
56475,1750,2024
56477,2594,2024
56479,5021,2024
56481,2255,2024
56482,7619,2024
56484,3252,2024
56501,18004,2024
56510,2292,2024
56511,2006,2024
56514,3994,2024
56515,2723,2024
56516,352,2024
56517,255,2024
56518,494,2024
56519,287,2024
56520,3852,2024
56521,692,2024
56522,604,2024
56523,382,2024
56524,694,2024
56525,100,2024
56527,881,2024
56528,1623,2024
56529,4713,2024
56531,2063,2024
56533,286,2024
56534,1201,2024
56535,1307,2024
56536,502,2024
56537,19856,2024
56540,1891,2024
56541,31,2024
56542,2486,2024
56543,222,2024
56544,5726,2024
56545,676,2024
56546,210,2024
56547,2762,2024
56548,611,2024
56549,5028,2024
56550,413,2024
56551,2387,2024
56552,527,2024
56553,261,2024
56554,2752,2024
56556,1312,2024
56557,2758,2024
56560,44405,2024
56562,528,2024
56563,1285,2024
56565,83,2024
56566,613,2024
56567,3367,2024
56568,140,2024
56569,1324,2024
56570,1173,2024
56571,1745,2024
56572,5827,2024
56573,7221,2024
56574,264,2024
56575,665,2024
56576,820,2024
56578,654,2024
56579,1050,2024
56580,1305,2024
56581,276,2024
56583,150,2024
56584,1297,2024
56585,1064,2024
56586,1873,2024
56587,1339,2024
56588,483,2024
56589,1760,2024
56590,367,2024
56591,429,2024
56592,550,2024
56594,442,2024
56601,34784,2024
56621,4336,2024
56623,2733,2024
56626,254,2024
56627,192,2024
56628,1675,2024
56629,224,2024
56630,2180,2024
56633,4802,2024
56634,1801,2024
56636,4643,2024
56637,153,2024
56639,359,2024
56641,339,2024
56644,830,2024
56646,266,2024
56647,822,2024
56649,8825,2024
56650,831,2024
56651,667,2024
56652,437,2024
56653,1239,2024
56654,109,2024
56655,1351,2024
56657,251,2024
56658,0,2024
56659,122,2024
56660,193,2024
56661,895,2024
56662,624,2024
56663,282,2024
56666,816,2024
56667,770,2024
56668,217,2024
56669,264,2024
56670,1477,2024
56671,2961,2024
56672,2052,2024
56673,642,2024
56676,1780,2024
56678,1730,2024
56680,137,2024
56681,267,2024
56683,677,2024
56684,280,2024
56685,91,2024
56686,905,2024
56688,94,2024
56701,12705,2024
56710,483,2024
56711,85,2024
56713,777,2024
56714,1065,2024
56715,329,2024
56716,8903,2024
56720,15,2024
56721,10679,2024
56722,377,2024
56723,838,2024
56724,112,2024
56725,941,2024
56726,1494,2024
56727,858,2024
56728,1116,2024
56729,121,2024
56731,137,2024
56732,951,2024
56733,380,2024
56734,601,2024
56735,683,2024
56736,687,2024
56737,811,2024
56738,1228,2024
56742,744,2024
56744,571,2024
56748,673,2024
56750,2324,2024
56751,5761,2024
56754,491,2024
56755,82,2024
56756,581,2024
56757,861,2024
56758,385,2024
56759,421,2024
56760,496,2024
56761,458,2024
56762,2433,2024
56763,5180,2024
57001,1540,2024
57002,1674,2024
57003,2274,2024
57004,3834,2024
57005,12290,2024
57006,24192,2024
57007,2377,2024
57010,755,2024
57012,1168,2024
57013,4504,2024
57014,1667,2024
57015,802,2024
57016,676,2024
57017,1628,2024
57018,1495,2024
57020,1622,2024
57021,319,2024
57022,5339,2024
57024,480,2024
57025,3120,2024
57026,1531,2024
57027,199,2024
57028,3450,2024
57029,2155,2024
57030,2510,2024
57031,784,2024
57032,10467,2024
57033,5576,2024
57034,661,2024
57035,1591,2024
57036,667,2024
57037,925,2024
57038,1796,2024
57039,3622,2024
57040,222,2024
57041,133,2024
57042,7756,2024
57043,1630,2024
57045,1151,2024
57046,521,2024
57047,389,2024
57048,1237,2024
57049,7962,2024
57050,176,2024
57051,163,2024
57052,478,2024
57053,2220,2024
57054,703,2024
57055,1404,2024
57057,196,2024
57058,1881,2024
57059,1242,2024
57061,215,2024
57062,2484,2024
57063,882,2024
57064,8032,2024
57065,383,2024
57066,1424,2024
57067,348,2024
57068,1603,2024
57069,13091,2024
57070,1469,2024
57071,3149,2024
57072,435,2024
57073,564,2024
57075,1296,2024
57076,325,2024
57077,1417,2024
57078,20383,2024
57103,35582,2024
57104,26963,2024
57105,23287,2024
57106,51907,2024
57107,12605,2024
57108,33966,2024
57110,23313,2024
57117,53,2024
57197,388,2024
57201,26781,2024
57212,1819,2024
57213,505,2024
57214,162,2024
57216,1584,2024
57217,142,2024
57218,180,2024
57219,552,2024
57220,665,2024
57221,1158,2024
57223,1429,2024
57224,164,2024
57225,1833,2024
57226,1953,2024
57227,562,2024
57231,1724,2024
57232,651,2024
57233,350,2024
57234,1339,2024
57235,774,2024
57236,91,2024
57237,731,2024
57238,315,2024
57239,358,2024
57241,936,2024
57242,320,2024
57243,549,2024
57245,151,2024
57246,132,2024
57247,211,2024
57248,1295,2024
57249,1023,2024
57251,228,2024
57252,4883,2024
57255,488,2024
57256,238,2024
57257,637,2024
57258,510,2024
57259,477,2024
57260,1119,2024
57261,277,2024
57262,5100,2024
57263,351,2024
57264,191,2024
57265,202,2024
57266,626,2024
57268,435,2024
57269,186,2024
57270,764,2024
57271,246,2024
57272,201,2024
57273,1165,2024
57274,2621,2024
57276,942,2024
57278,1011,2024
57279,899,2024
57301,19104,2024
57311,1389,2024
57312,596,2024
57313,1220,2024
57314,572,2024
57315,1094,2024
57317,573,2024
57319,881,2024
57321,390,2024
57322,378,2024
57323,126,2024
57324,410,2024
57325,3335,2024
57328,1290,2024
57329,317,2024
57330,594,2024
57331,231,2024
57332,903,2024
57334,1081,2024
57335,303,2024
57337,130,2024
57339,1390,2024
57340,244,2024
57341,79,2024
57342,393,2024
57344,39,2024
57345,941,2024
57346,13,2024
57348,776,2024
57349,1513,2024
57350,16199,2024
57353,812,2024
57354,86,2024
57355,1120,2024
57356,1959,2024
57358,15,2024
57359,652,2024
57361,278,2024
57362,1967,2024
57363,866,2024
57364,4,2024
57365,599,2024
57366,2598,2024
57367,291,2024
57368,1068,2024
57369,2630,2024
57370,894,2024
57371,238,2024
57373,339,2024
57374,272,2024
57375,573,2024
57376,944,2024
57379,120,2024
57380,3316,2024
57381,474,2024
57382,1180,2024
57383,899,2024
57384,1077,2024
57385,1408,2024
57386,240,2024
57401,31939,2024
57420,260,2024
57421,75,2024
57422,174,2024
57424,437,2024
57426,42,2024
57427,384,2024
57428,567,2024
57429,92,2024
57430,1828,2024
57432,507,2024
57433,318,2024
57434,506,2024
57435,300,2024
57436,440,2024
57437,1074,2024
57438,973,2024
57439,0,2024
57440,466,2024
57441,670,2024
57442,1772,2024
57445,2072,2024
57446,223,2024
57448,404,2024
57449,357,2024
57450,624,2024
57451,2485,2024
57452,136,2024
57454,732,2024
57455,137,2024
57456,670,2024
57457,108,2024
57460,257,2024
57461,299,2024
57465,438,2024
57466,192,2024
57467,410,2024
57468,279,2024
57469,2866,2024
57470,242,2024
57471,546,2024
57472,1165,2024
57473,246,2024
57474,237,2024
57475,99,2024
57476,349,2024
57477,117,2024
57479,625,2024
57481,271,2024
57501,17326,2024
57520,118,2024
57521,314,2024
57522,521,2024
57523,1041,2024
57528,833,2024
57529,245,2024
57531,153,2024
57532,2929,2024
57533,1674,2024
57534,130,2024
57536,277,2024
57537,0,2024
57538,236,2024
57540,223,2024
57541,163,2024
57543,721,2024
57544,421,2024
57547,383,2024
57548,1442,2024
57551,2084,2024
57552,642,2024
57553,162,2024
57555,3740,2024
57559,735,2024
57560,391,2024
57562,89,2024
57563,195,2024
57564,962,2024
57566,1184,2024
57567,1056,2024
57568,540,2024
57569,497,2024
57570,2071,2024
57571,22,2024
57572,1317,2024
57574,73,2024
57576,205,2024
57577,940,2024
57579,1277,2024
57580,4386,2024
57584,96,2024
57585,114,2024
57601,3422,2024
57620,564,2024
57621,294,2024
57622,234,2024
57623,902,2024
57625,3775,2024
57626,979,2024
57630,11,2024
57631,364,2024
57632,757,2024
57633,445,2024
57634,131,2024
57636,104,2024
57638,1852,2024
57639,290,2024
57640,41,2024
57641,215,2024
57642,1969,2024
57644,388,2024
57645,184,2024
57646,272,2024
57648,465,2024
57649,273,2024
57650,17,2024
57651,191,2024
57652,265,2024
57656,1000,2024
57657,247,2024
57658,319,2024
57659,16,2024
57660,111,2024
57661,177,2024
57701,45795,2024
57702,35595,2024
57703,18013,2024
57706,2787,2024
57714,1144,2024
57716,201,2024
57717,8983,2024
57718,7937,2024
57719,12221,2024
57720,518,2024
57722,177,2024
57724,167,2024
57725,130,2024
57730,5596,2024
57732,1714,2024
57735,1727,2024
57737,77,2024
57738,356,2024
57741,141,2024
57744,2421,2024
57745,1894,2024
57747,5839,2024
57748,369,2024
57750,365,2024
57751,893,2024
57752,1553,2024
57754,3749,2024
57755,101,2024
57756,1089,2024
57758,35,2024
57759,398,2024
57760,966,2024
57761,1180,2024
57762,512,2024
57763,356,2024
57764,1416,2024
57766,176,2024
57767,234,2024
57769,4029,2024
57770,5483,2024
57772,2493,2024
57773,206,2024
57775,191,2024
57776,0,2024
57779,347,2024
57780,70,2024
57782,58,2024
57783,17248,2024
57785,10874,2024
57787,487,2024
57788,598,2024
57790,1147,2024
57791,97,2024
57792,114,2024
57793,2173,2024
57794,1191,2024
57799,568,2024
58001,232,2024
58002,17,2024
58004,241,2024
58005,898,2024
58006,573,2024
58007,81,2024
58008,188,2024
58009,48,2024
58011,449,2024
58012,3049,2024
58013,43,2024
58015,343,2024
58016,178,2024
58017,296,2024
58018,428,2024
58021,584,2024
58027,1530,2024
58029,88,2024
58030,593,2024
58031,301,2024
58032,769,2024
58033,393,2024
58035,212,2024
58036,360,2024
58038,179,2024
58040,1030,2024
58041,1389,2024
58042,1344,2024
58043,168,2024
58045,2239,2024
58046,645,2024
58047,5636,2024
58048,505,2024
58049,248,2024
58051,1980,2024
58052,529,2024
58053,1409,2024
58054,3400,2024
58056,212,2024
58057,226,2024
58058,115,2024
58059,1670,2024
58060,1149,2024
58061,369,2024
58062,102,2024
58063,365,2024
58064,332,2024
58065,10,2024
58067,277,2024
58068,134,2024
58069,151,2024
58071,486,2024
58072,7863,2024
58074,63,2024
58075,9046,2024
58076,427,2024
58077,684,2024
58078,40631,2024
58079,504,2024
58081,876,2024
58102,32912,2024
58103,48796,2024
58104,49168,2024
58105,2825,2024
58201,42373,2024
58202,2865,2024
58203,16478,2024
58204,1834,2024
58205,153,2024
58210,246,2024
58212,312,2024
58214,387,2024
58216,161,2024
58218,873,2024
58219,175,2024
58220,2268,2024
58222,234,2024
58223,172,2024
58224,28,2024
58225,1053,2024
58227,481,2024
58228,640,2024
58229,97,2024
58230,595,2024
58231,461,2024
58233,265,2024
58235,513,2024
58236,31,2024
58237,4994,2024
58238,114,2024
58239,58,2024
58240,991,2024
58241,137,2024
58243,502,2024
58244,50,2024
58249,2217,2024
58250,191,2024
58251,2016,2024
58254,588,2024
58255,0,2024
58256,705,2024
58257,2180,2024
58258,261,2024
58259,393,2024
58260,256,2024
58261,1442,2024
58262,125,2024
58265,528,2024
58266,74,2024
58267,1569,2024
58269,139,2024
58270,1816,2024
58271,654,2024
58272,177,2024
58273,139,2024
58274,930,2024
58275,713,2024
58276,429,2024
58277,195,2024
58278,2168,2024
58281,57,2024
58282,1321,2024
58301,10100,2024
58310,17,2024
58311,60,2024
58313,48,2024
58316,5865,2024
58317,187,2024
58318,3792,2024
58321,140,2024
58323,72,2024
58324,1320,2024
58325,102,2024
58327,414,2024
58329,2769,2024
58330,437,2024
58331,139,2024
58332,182,2024
58335,1177,2024
58338,106,2024
58339,10,2024
58341,2572,2024
58343,67,2024
58344,1115,2024
58345,120,2024
58346,606,2024
58348,793,2024
58351,380,2024
58352,436,2024
58353,76,2024
58355,22,2024
58356,1627,2024
58357,440,2024
58361,220,2024
58362,13,2024
58363,73,2024
58365,157,2024
58366,738,2024
58367,1453,2024
58368,3415,2024
58369,1069,2024
58370,1108,2024
58372,122,2024
58374,703,2024
58377,177,2024
58379,247,2024
58380,423,2024
58381,482,2024
58382,108,2024
58384,438,2024
58385,180,2024
58386,64,2024
58401,17189,2024
58402,91,2024
58405,718,2024
58413,966,2024
58415,206,2024
58416,384,2024
58418,259,2024
58420,449,2024
58421,2969,2024
58422,174,2024
58423,201,2024
58424,453,2024
58425,1384,2024
58426,170,2024
58428,266,2024
58429,319,2024
58430,49,2024
58431,101,2024
58433,1159,2024
58436,1697,2024
58438,679,2024
58439,385,2024
58440,205,2024
58441,394,2024
58442,441,2024
58443,152,2024
58444,174,2024
58445,145,2024
58448,290,2024
58451,51,2024
58452,8,2024
58454,414,2024
58455,336,2024
58456,703,2024
58458,1000,2024
58460,122,2024
58461,423,2024
58463,582,2024
58464,270,2024
58466,486,2024
58467,497,2024
58472,527,2024
58474,2656,2024
58475,75,2024
58476,502,2024
58477,145,2024
58478,148,2024
58479,194,2024
58480,198,2024
58481,165,2024
58482,960,2024
58483,281,2024
58484,93,2024
58486,178,2024
58487,455,2024
58488,172,2024
58490,265,2024
58492,362,2024
58494,431,2024
58495,1129,2024
58496,204,2024
58497,255,2024
58501,29405,2024
58503,37683,2024
58504,30212,2024
58505,22,2024
58520,272,2024
58521,722,2024
58523,3280,2024
58524,84,2024
58528,677,2024
58529,721,2024
58530,1144,2024
58531,303,2024
58532,199,2024
58533,830,2024
58535,500,2024
58538,2171,2024
58540,2634,2024
58541,467,2024
58542,215,2024
58544,549,2024
58545,3313,2024
58549,165,2024
58552,1531,2024
58554,29479,2024
58558,899,2024
58559,411,2024
58560,297,2024
58561,1017,2024
58562,400,2024
58563,1961,2024
58564,102,2024
58565,187,2024
58566,272,2024
58568,544,2024
58569,89,2024
58570,437,2024
58571,754,2024
58572,316,2024
58573,715,2024
58575,910,2024
58576,1063,2024
58577,1954,2024
58579,1001,2024
58580,566,2024
58581,263,2024
58601,29916,2024
58620,154,2024
58621,1161,2024
58622,1653,2024
58623,1953,2024
58625,231,2024
58626,482,2024
58627,189,2024
58630,367,2024
58631,953,2024
58632,268,2024
58634,402,2024
58636,918,2024
58638,874,2024
58639,1762,2024
58640,1369,2024
58641,37,2024
58642,422,2024
58643,119,2024
58644,19,2024
58645,320,2024
58646,1161,2024
58647,1053,2024
58649,354,2024
58650,434,2024
58651,513,2024
58652,1244,2024
58653,700,2024
58654,244,2024
58655,575,2024
58656,393,2024
58701,33086,2024
58703,22139,2024
58704,4616,2024
58705,262,2024
58707,500,2024
58710,498,2024
58711,137,2024
58712,61,2024
58713,181,2024
58716,308,2024
58718,886,2024
58721,517,2024
58722,1366,2024
58723,244,2024
58725,419,2024
58727,168,2024
58730,1306,2024
58731,271,2024
58733,331,2024
58734,202,2024
58735,565,2024
58736,475,2024
58737,107,2024
58740,669,2024
58741,615,2024
58744,87,2024
58746,1556,2024
58748,138,2024
58750,606,2024
58752,292,2024
58755,133,2024
58756,165,2024
58757,986,2024
58758,303,2024
58759,756,2024
58760,239,2024
58761,893,2024
58762,193,2024
58763,4426,2024
58765,459,2024
58768,241,2024
58769,154,2024
58770,1369,2024
58771,585,2024
58772,154,2024
58773,1036,2024
58775,218,2024
58776,264,2024
58778,187,2024
58779,343,2024
58781,773,2024
58782,499,2024
58783,294,2024
58784,2756,2024
58785,1816,2024
58787,83,2024
58788,884,2024
58789,472,2024
58790,1638,2024
58792,243,2024
58793,605,2024
58794,148,2024
58795,414,2024
58801,34277,2024
58830,66,2024
58831,1089,2024
58833,67,2024
58835,839,2024
58838,252,2024
58843,676,2024
58844,81,2024
58845,584,2024
58847,209,2024
58849,1101,2024
58852,2087,2024
58853,354,2024
58854,9368,2024
58856,211,2024
59001,1409,2024
59002,221,2024
59003,1334,2024
59006,586,2024
59007,96,2024
59008,456,2024
59010,220,2024
59011,3167,2024
59012,44,2024
59013,199,2024
59014,1510,2024
59015,394,2024
59016,1044,2024
59018,669,2024
59019,4438,2024
59020,93,2024
59022,2307,2024
59024,335,2024
59025,53,2024
59026,81,2024
59027,562,2024
59028,496,2024
59029,760,2024
59030,1030,2024
59031,391,2024
59032,409,2024
59033,231,2024
59034,5008,2024
59035,180,2024
59036,1530,2024
59037,2336,2024
59038,750,2024
59039,13,2024
59041,2258,2024
59043,2727,2024
59044,12302,2024
59046,577,2024
59047,14092,2024
59050,1338,2024
59052,186,2024
59053,412,2024
59054,227,2024
59055,40,2024
59057,782,2024
59058,54,2024
59059,159,2024
59061,250,2024
59062,51,2024
59063,2070,2024
59064,211,2024
59065,146,2024
59066,539,2024
59067,152,2024
59068,3977,2024
59069,458,2024
59070,1403,2024
59071,42,2024
59072,4690,2024
59074,413,2024
59075,125,2024
59076,26,2024
59077,71,2024
59078,115,2024
59079,3940,2024
59081,114,2024
59082,2,2024
59083,3,2024
59085,83,2024
59086,792,2024
59087,395,2024
59088,1265,2024
59089,801,2024
59101,42250,2024
59102,47977,2024
59105,35480,2024
59106,21417,2024
59201,5073,2024
59211,298,2024
59212,603,2024
59213,758,2024
59214,46,2024
59215,1015,2024
59217,171,2024
59218,898,2024
59219,144,2024
59221,1951,2024
59222,210,2024
59223,19,2024
59225,639,2024
59226,644,2024
59230,4606,2024
59231,306,2024
59240,22,2024
59241,439,2024
59242,55,2024
59243,446,2024
59244,63,2024
59247,310,2024
59248,1023,2024
59250,242,2024
59252,70,2024
59253,59,2024
59254,1822,2024
59255,3083,2024
59256,258,2024
59257,132,2024
59258,184,2024
59259,345,2024
59260,76,2024
59261,525,2024
59262,737,2024
59263,1180,2024
59270,8571,2024
59273,15,2024
59274,297,2024
59275,436,2024
59276,31,2024
59301,11643,2024
59311,143,2024
59312,29,2024
59313,2111,2024
59314,155,2024
59315,104,2024
59316,15,2024
59317,1108,2024
59318,148,2024
59319,40,2024
59322,132,2024
59323,2101,2024
59324,777,2024
59326,233,2024
59327,2610,2024
59330,8133,2024
59332,140,2024
59333,10,2024
59336,220,2024
59337,653,2024
59338,136,2024
59339,208,2024
59343,21,2024
59344,406,2024
59345,35,2024
59347,323,2024
59349,1025,2024
59351,202,2024
59353,1204,2024
59354,258,2024
59401,13255,2024
59404,28822,2024
59405,33350,2024
59410,520,2024
59411,798,2024
59412,1685,2024
59414,781,2024
59416,425,2024
59417,7470,2024
59418,142,2024
59419,44,2024
59420,164,2024
59421,2069,2024
59422,2938,2024
59424,103,2024
59425,3717,2024
59427,5008,2024
59430,448,2024
59432,170,2024
59433,421,2024
59434,368,2024
59435,14,2024
59436,2039,2024
59440,432,2024
59441,126,2024
59442,1838,2024
59443,705,2024
59444,222,2024
59446,629,2024
59447,297,2024
59448,638,2024
59450,503,2024
59451,123,2024
59452,599,2024
59453,331,2024
59454,123,2024
59456,392,2024
59457,9135,2024
59460,178,2024
59461,23,2024
59462,122,2024
59463,142,2024
59464,597,2024
59465,39,2024
59466,94,2024
59467,124,2024
59468,858,2024
59469,160,2024
59471,318,2024
59472,507,2024
59474,3525,2024
59477,334,2024
59479,746,2024
59480,328,2024
59482,757,2024
59483,247,2024
59484,91,2024
59485,772,2024
59486,1205,2024
59487,1548,2024
59489,424,2024
59501,12243,2024
59520,1261,2024
59521,3529,2024
59522,1315,2024
59523,2356,2024
59524,643,2024
59525,473,2024
59526,2319,2024
59527,1345,2024
59528,249,2024
59529,144,2024
59530,141,2024
59531,351,2024
59532,97,2024
59535,33,2024
59537,159,2024
59538,2737,2024
59540,430,2024
59542,442,2024
59544,207,2024
59545,55,2024
59546,191,2024
59547,51,2024
59601,31728,2024
59602,30754,2024
59623,0,2024
59625,663,2024
59631,375,2024
59632,2557,2024
59633,272,2024
59634,5521,2024
59635,8292,2024
59636,32,2024
59638,769,2024
59639,1021,2024
59640,160,2024
59642,35,2024
59643,867,2024
59644,4187,2024
59645,1611,2024
59647,358,2024
59648,486,2024
59701,34232,2024
59710,226,2024
59711,9529,2024
59713,253,2024
59714,24282,2024
59715,39643,2024
59716,1795,2024
59718,44585,2024
59720,220,2024
59721,423,2024
59722,5732,2024
59724,87,2024
59725,8343,2024
59727,293,2024
59728,394,2024
59729,3258,2024
59730,2399,2024
59731,198,2024
59732,195,2024
59733,196,2024
59735,440,2024
59736,155,2024
59739,299,2024
59740,428,2024
59741,5748,2024
59743,165,2024
59745,98,2024
59746,111,2024
59747,122,2024
59748,354,2024
59749,2029,2024
59750,500,2024
59751,215,2024
59752,5404,2024
59754,980,2024
59755,170,2024
59756,313,2024
59758,2180,2024
59759,3631,2024
59760,221,2024
59761,312,2024
59762,231,2024
59801,30916,2024
59802,19864,2024
59803,18401,2024
59804,8123,2024
59808,23574,2024
59812,1181,2024
59820,1834,2024
59821,2994,2024
59823,1931,2024
59824,1526,2024
59825,2434,2024
59826,518,2024
59827,371,2024
59828,5827,2024
59829,2148,2024
59830,102,2024
59831,544,2024
59832,962,2024
59833,6316,2024
59834,2444,2024
59837,639,2024
59840,15679,2024
59841,833,2024
59842,46,2024
59843,251,2024
59844,712,2024
59845,1223,2024
59846,1377,2024
59847,6015,2024
59848,81,2024
59851,145,2024
59853,1030,2024
59854,195,2024
59855,419,2024
59856,130,2024
59858,1494,2024
59859,4360,2024
59860,11897,2024
59863,146,2024
59864,7301,2024
59865,3635,2024
59866,1161,2024
59867,85,2024
59868,1797,2024
59870,12506,2024
59871,289,2024
59872,2501,2024
59873,2920,2024
59874,2266,2024
59875,3764,2024
59901,63161,2024
59910,692,2024
59911,9493,2024
59912,15752,2024
59913,582,2024
59914,345,2024
59915,452,2024
59916,232,2024
59917,4920,2024
59918,509,2024
59919,679,2024
59920,1704,2024
59922,2337,2024
59923,10450,2024
59925,1532,2024
59926,268,2024
59927,270,2024
59928,86,2024
59929,230,2024
59930,1220,2024
59931,335,2024
59932,1850,2024
59933,2,2024
59934,693,2024
59935,3381,2024
59936,690,2024
59937,15114,2024
60002,24232,2024
60004,51835,2024
60005,28843,2024
60007,32592,2024
60008,22800,2024
60010,45747,2024
60012,12368,2024
60013,26694,2024
60014,48590,2024
60015,28096,2024
60016,60898,2024
60018,27952,2024
60020,10970,2024
60021,4996,2024
60022,8352,2024
60025,41689,2024
60026,14069,2024
60029,518,2024
60030,35792,2024
60031,37107,2024
60033,12999,2024
60034,2033,2024
60035,30398,2024
60040,5301,2024
60041,9024,2024
60042,8347,2024
60043,2503,2024
60044,10312,2024
60045,21074,2024
60046,34613,2024
60047,44240,2024
60048,29124,2024
60050,31781,2024
60051,24621,2024
60053,24619,2024
60056,55818,2024
60060,37344,2024
60061,27974,2024
60062,41406,2024
60064,14884,2024
60067,38204,2024
60068,38650,2024
60069,8502,2024
60070,15496,2024
60071,3851,2024
60072,870,2024
60073,62868,2024
60074,36460,2024
60075,129,2024
60076,32953,2024
60077,28501,2024
60081,9088,2024
60083,9981,2024
60084,17192,2024
60085,72341,2024
60087,27293,2024
60088,14400,2024
60089,42872,2024
60090,38298,2024
60091,27333,2024
60093,19867,2024
60096,6527,2024
60097,11983,2024
60098,33130,2024
60099,30881,2024
60101,37448,2024
60102,32286,2024
60103,41382,2024
60104,18256,2024
60106,20045,2024
60107,38886,2024
60108,23604,2024
60109,481,2024
60110,38558,2024
60111,257,2024
60112,4621,2024
60113,306,2024
60115,42536,2024
60118,15892,2024
60119,11381,2024
60120,51225,2024
60123,48379,2024
60124,24487,2024
60126,47516,2024
60129,229,2024
60130,13943,2024
60131,18054,2024
60133,36732,2024
60134,29743,2024
60135,7274,2024
60136,8777,2024
60137,38696,2024
60139,32848,2024
60140,22689,2024
60141,195,2024
60142,29692,2024
60143,11324,2024
60144,66,2024
60145,2464,2024
60146,2369,2024
60148,52596,2024
60150,1738,2024
60151,3888,2024
60152,12417,2024
60153,23201,2024
60154,16436,2024
60155,7906,2024
60156,28800,2024
60157,2577,2024
60160,24549,2024
60162,8084,2024
60163,5199,2024
60164,20872,2024
60165,4482,2024
60169,33401,2024
60171,10451,2024
60172,24141,2024
60173,13650,2024
60174,31402,2024
60175,25553,2024
60176,11393,2024
60177,24416,2024
60178,22224,2024
60180,1831,2024
60181,30346,2024
60183,23,2024
60184,2557,2024
60185,33703,2024
60187,28815,2024
60188,42307,2024
60189,31042,2024
60190,11826,2024
60191,14396,2024
60192,16461,2024
60193,40146,2024
60194,19756,2024
60195,4397,2024
60201,43744,2024
60202,32341,2024
60203,4680,2024
60208,255,2024
60301,3475,2024
60302,32862,2024
60304,16955,2024
60305,11992,2024
60401,7647,2024
60402,63721,2024
60403,18371,2024
60404,20385,2024
60406,23327,2024
60407,1812,2024
60408,5327,2024
60409,35100,2024
60410,14239,2024
60411,52175,2024
60415,14099,2024
60416,9550,2024
60417,14901,2024
60418,10572,2024
60419,20825,2024
60420,4682,2024
60421,3649,2024
60422,9542,2024
60423,32836,2024
60424,2153,2024
60425,8714,2024
60426,23906,2024
60428,10927,2024
60429,14864,2024
60430,19838,2024
60431,27138,2024
60432,20465,2024
60433,16382,2024
60435,48167,2024
60436,19423,2024
60437,117,2024
60438,28806,2024
60439,24192,2024
60440,51940,2024
60441,36844,2024
60442,13753,2024
60443,20663,2024
60444,1901,2024
60445,14268,2024
60446,41672,2024
60447,16102,2024
60448,24405,2024
60449,9477,2024
60450,20783,2024
60451,37361,2024
60452,26739,2024
60453,56861,2024
60455,16872,2024
60456,4215,2024
60457,14503,2024
60458,14200,2024
60459,28739,2024
60460,1399,2024
60461,4761,2024
60462,41456,2024
60463,13722,2024
60464,9773,2024
60465,18081,2024
60466,21461,2024
60467,24398,2024
60468,5809,2024
60469,5205,2024
60470,358,2024
60471,12848,2024
60472,4563,2024
60473,21225,2024
60474,663,2024
60475,10035,2024
60476,1940,2024
60477,35976,2024
60478,16390,2024
60479,671,2024
60480,5388,2024
60481,11195,2024
60482,10897,2024
60484,6762,2024
60487,26043,2024
60490,22156,2024
60491,22757,2024
60501,11432,2024
60502,23308,2024
60503,16789,2024
60504,39358,2024
60505,57199,2024
60506,50038,2024
60510,29038,2024
60511,2081,2024
60512,1090,2024
60513,19343,2024
60514,9918,2024
60515,29762,2024
60516,28062,2024
60517,33156,2024
60518,3289,2024
60519,61,2024
60520,2979,2024
60521,18056,2024
60523,10144,2024
60525,31324,2024
60526,13459,2024
60527,29028,2024
60530,992,2024
60531,1885,2024
60532,28547,2024
60534,10327,2024
60536,62,2024
60537,726,2024
60538,30514,2024
60539,313,2024
60540,42252,2024
60541,3342,2024
60542,18932,2024
60543,43047,2024
60544,27306,2024
60545,14392,2024
60546,16322,2024
60548,11721,2024
60549,784,2024
60550,941,2024
60551,5058,2024
60552,4285,2024
60553,722,2024
60554,12081,2024
60555,15223,2024
60556,2138,2024
60557,0,2024
60558,13446,2024
60559,24231,2024
60560,28795,2024
60561,23069,2024
60563,39330,2024
60564,47016,2024
60565,40483,2024
60585,25960,2024
60586,47834,2024
60601,15235,2024
60602,1480,2024
60603,1298,2024
60604,616,2024
60605,36210,2024
60606,3840,2024
60607,32392,2024
60608,80737,2024
60609,62028,2024
60610,44883,2024
60611,37705,2024
60612,35744,2024
60613,52244,2024
60614,70693,2024
60615,42975,2024
60616,54308,2024
60617,74790,2024
60618,91901,2024
60619,59503,2024
60620,64871,2024
60621,28301,2024
60622,54609,2024
60623,81277,2024
60624,35263,2024
60625,76760,2024
60626,49662,2024
60628,60431,2024
60629,108324,2024
60630,55486,2024
60631,30924,2024
60632,89107,2024
60633,12474,2024
60634,73885,2024
60636,32198,2024
60637,52721,2024
60638,57074,2024
60639,84240,2024
60640,65445,2024
60641,68894,2024
60642,21789,2024
60643,45942,2024
60644,47210,2024
60645,48208,2024
60646,28780,2024
60647,84749,2024
60649,48056,2024
60651,63335,2024
60652,41074,2024
60653,33383,2024
60654,25755,2024
60655,28434,2024
60656,29538,2024
60657,71904,2024
60659,41728,2024
60660,42724,2024
60661,11398,2024
60706,24260,2024
60707,41116,2024
60712,13112,2024
60714,30305,2024
60803,22106,2024
60804,82797,2024
60805,19420,2024
60827,24713,2024
60901,33128,2024
60910,582,2024
60911,1325,2024
60912,475,2024
60913,1683,2024
60914,28673,2024
60915,9979,2024
60917,449,2024
60918,754,2024
60919,520,2024
60920,172,2024
60921,1458,2024
60922,2088,2024
60924,1565,2024
60926,50,2024
60927,2300,2024
60928,493,2024
60929,587,2024
60930,761,2024
60931,510,2024
60932,373,2024
60933,258,2024
60934,243,2024
60935,1259,2024
60936,4246,2024
60938,2035,2024
60939,0,2024
60940,3322,2024
60941,1627,2024
60942,5657,2024
60945,183,2024
60946,413,2024
60948,1660,2024
60949,564,2024
60950,11964,2024
60951,796,2024
60952,683,2024
60953,2075,2024
60954,5742,2024
60955,1953,2024
60956,132,2024
60957,5596,2024
60958,1698,2024
60959,904,2024
60960,946,2024
60961,740,2024
60962,589,2024
60963,1460,2024
60964,4777,2024
60966,1385,2024
60967,51,2024
60968,374,2024
60969,73,2024
60970,5991,2024
60973,347,2024
60974,297,2024
61001,1226,2024
61006,1541,2024
61007,196,2024
61008,33582,2024
61010,7497,2024
61011,2676,2024
61012,2264,2024
61013,690,2024
61014,1067,2024
61015,901,2024
61016,5465,2024
61018,1034,2024
61019,3461,2024
61020,3149,2024
61021,22308,2024
61024,2318,2024
61025,4294,2024
61027,33,2024
61028,1683,2024
61030,2194,2024
61031,1492,2024
61032,29020,2024
61036,7121,2024
61037,145,2024
61038,1274,2024
61039,824,2024
61041,1338,2024
61042,404,2024
61043,143,2024
61044,225,2024
61046,2794,2024
61047,1622,2024
61048,3786,2024
61049,579,2024
61050,199,2024
61051,1469,2024
61052,1145,2024
61053,2590,2024
61054,3610,2024
61057,30,2024
61059,178,2024
61060,1554,2024
61061,6766,2024
61062,1840,2024
61063,4011,2024
61064,3757,2024
61065,10570,2024
61067,450,2024
61068,14788,2024
61070,1322,2024
61071,13581,2024
61072,11285,2024
61073,20194,2024
61074,3962,2024
61075,986,2024
61077,97,2024
61078,1459,2024
61079,210,2024
61080,10955,2024
61081,20844,2024
61084,3201,2024
61085,3149,2024
61087,1588,2024
61088,6167,2024
61089,526,2024
61091,248,2024
61101,19318,2024
61102,15937,2024
61103,22869,2024
61104,17222,2024
61107,30765,2024
61108,30355,2024
61109,26768,2024
61111,23286,2024
61112,152,2024
61114,15325,2024
61115,22364,2024
61201,36766,2024
61230,1039,2024
61231,4962,2024
61232,1469,2024
61233,281,2024
61234,1116,2024
61235,1283,2024
61236,34,2024
61237,0,2024
61238,2549,2024
61239,1189,2024
61240,5795,2024
61241,6587,2024
61242,1135,2024
61243,155,2024
61244,23308,2024
61250,2781,2024
61251,377,2024
61252,5437,2024
61254,12135,2024
61256,1926,2024
61257,844,2024
61258,182,2024
61259,1053,2024
61260,737,2024
61261,656,2024
61262,1197,2024
61263,657,2024
61264,10073,2024
61265,43748,2024
61270,6912,2024
61272,1437,2024
61273,3120,2024
61274,197,2024
61275,4253,2024
61276,88,2024
61277,3054,2024
61278,678,2024
61279,1015,2024
61281,2520,2024
61282,8394,2024
61283,1269,2024
61284,2599,2024
61285,2728,2024
61301,10398,2024
61310,3347,2024
61311,180,2024
61312,392,2024
61313,241,2024
61314,686,2024
61315,264,2024
61316,256,2024
61317,521,2024
61318,595,2024
61319,1286,2024
61320,727,2024
61321,224,2024
61322,1530,2024
61323,125,2024
61324,97,2024
61325,949,2024
61326,1953,2024
61327,1442,2024
61328,18,2024
61329,1356,2024
61330,1182,2024
61331,0,2024
61332,104,2024
61333,304,2024
61334,738,2024
61335,312,2024
61336,694,2024
61337,558,2024
61338,299,2024
61340,545,2024
61341,7692,2024
61342,8543,2024
61344,264,2024
61345,770,2024
61346,43,2024
61348,4375,2024
61349,1151,2024
61350,23713,2024
61353,1282,2024
61354,10290,2024
61356,10799,2024
61358,407,2024
61359,369,2024
61360,3610,2024
61361,1417,2024
61362,5764,2024
61363,250,2024
61364,17963,2024
61367,843,2024
61368,1273,2024
61369,1594,2024
61370,1215,2024
61371,83,2024
61372,300,2024
61373,2123,2024
61374,56,2024
61375,989,2024
61376,1894,2024
61377,1441,2024
61378,513,2024
61379,1260,2024
61401,30580,2024
61402,1623,2024
61410,3838,2024
61411,376,2024
61412,1392,2024
61413,1035,2024
61414,696,2024
61415,1459,2024
61416,204,2024
61417,182,2024
61418,575,2024
61419,134,2024
61420,968,2024
61421,1231,2024
61422,3002,2024
61423,638,2024
61424,20,2024
61425,672,2024
61426,41,2024
61427,2014,2024
61428,1278,2024
61430,713,2024
61431,279,2024
61432,544,2024
61433,22,2024
61434,2971,2024
61435,271,2024
61436,745,2024
61437,549,2024
61438,739,2024
61439,299,2024
61440,744,2024
61441,945,2024
61442,504,2024
61443,13456,2024
61447,1020,2024
61448,3947,2024
61449,339,2024
61450,1812,2024
61451,272,2024
61452,157,2024
61453,677,2024
61454,579,2024
61455,17317,2024
61458,656,2024
61459,406,2024
61460,180,2024
61462,10458,2024
61465,1192,2024
61466,263,2024
61467,1159,2024
61468,92,2024
61469,1818,2024
61470,488,2024
61471,134,2024
61472,453,2024
61473,1279,2024
61474,221,2024
61475,180,2024
61476,551,2024
61477,443,2024
61478,420,2024
61479,95,2024
61480,1236,2024
61482,492,2024
61483,1801,2024
61484,738,2024
61485,417,2024
61486,1330,2024
61488,1084,2024
61489,820,2024
61490,1035,2024
61491,2230,2024
61501,1493,2024
61516,627,2024
61517,3033,2024
61519,235,2024
61520,16291,2024
61523,10203,2024
61524,299,2024
61525,12357,2024
61526,1105,2024
61528,3212,2024
61529,2763,2024
61530,6470,2024
61531,3007,2024
61532,347,2024
61533,2441,2024
61534,1725,2024
61535,1748,2024
61536,3503,2024
61537,2743,2024
61539,147,2024
61540,2753,2024
61541,97,2024
61542,3280,2024
61543,70,2024
61544,784,2024
61545,722,2024
61546,3849,2024
61547,3562,2024
61548,12037,2024
61550,18792,2024
61552,51,2024
61553,303,2024
61554,40577,2024
61559,3595,2024
61560,477,2024
61561,2393,2024
61562,38,2024
61563,383,2024
61564,936,2024
61565,1262,2024
61567,411,2024
61568,4483,2024
61569,938,2024
61570,1503,2024
61571,24470,2024
61572,732,2024
61602,1163,2024
61603,15356,2024
61604,28313,2024
61605,13424,2024
61606,6684,2024
61607,10600,2024
61610,4621,2024
61611,24040,2024
61614,27370,2024
61615,23523,2024
61616,5825,2024
61625,456,2024
61701,35136,2024
61704,37279,2024
61705,13213,2024
61720,374,2024
61721,552,2024
61722,658,2024
61723,2005,2024
61724,369,2024
61725,1459,2024
61726,2546,2024
61727,9033,2024
61728,1359,2024
61729,1263,2024
61730,361,2024
61731,76,2024
61732,2099,2024
61733,984,2024
61734,2443,2024
61735,360,2024
61736,2673,2024
61737,416,2024
61738,4099,2024
61739,4628,2024
61740,1377,2024
61741,1549,2024
61742,1542,2024
61743,113,2024
61744,2157,2024
61745,4542,2024
61747,1441,2024
61748,2675,2024
61749,653,2024
61750,118,2024
61751,32,2024
61752,4332,2024
61753,2833,2024
61754,1131,2024
61755,4364,2024
61756,2542,2024
61759,1359,2024
61760,2226,2024
61761,54075,2024
61764,13668,2024
61769,641,2024
61770,1067,2024
61771,1106,2024
61772,273,2024
61773,367,2024
61774,949,2024
61775,187,2024
61776,1285,2024
61777,956,2024
61778,547,2024
61801,27891,2024
61802,20293,2024
61810,265,2024
61811,578,2024
61812,322,2024
61813,2043,2024
61814,1155,2024
61815,335,2024
61816,377,2024
61817,2328,2024
61818,1560,2024
61820,40599,2024
61821,28611,2024
61822,27642,2024
61830,510,2024
61831,160,2024
61832,32450,2024
61833,1658,2024
61834,7821,2024
61839,558,2024
61840,612,2024
61841,1112,2024
61842,2620,2024
61843,1934,2024
61844,1031,2024
61845,233,2024
61846,4467,2024
61847,1144,2024
61848,236,2024
61849,1961,2024
61850,350,2024
61851,279,2024
61852,172,2024
61853,14831,2024
61854,1299,2024
61855,24,2024
61856,8226,2024
61857,147,2024
61858,2639,2024
61859,1227,2024
61862,581,2024
61863,844,2024
61864,2003,2024
61865,1167,2024
61866,13470,2024
61870,1085,2024
61871,296,2024
61872,620,2024
61873,5779,2024
61874,8811,2024
61875,846,2024
61876,717,2024
61877,1106,2024
61878,1127,2024
61880,4367,2024
61882,777,2024
61883,4384,2024
61884,973,2024
61910,4769,2024
61911,4508,2024
61912,1255,2024
61913,1300,2024
61914,1771,2024
61917,420,2024
61919,728,2024
61920,20951,2024
61924,2274,2024
61925,1182,2024
61928,776,2024
61929,672,2024
61930,687,2024
61931,1350,2024
61932,525,2024
61933,1286,2024
61936,170,2024
61937,1782,2024
61938,20350,2024
61940,259,2024
61941,168,2024
61942,1161,2024
61943,1396,2024
61944,11261,2024
61949,171,2024
61951,7787,2024
61953,6518,2024
61955,202,2024
61956,2960,2024
61957,1707,2024
62001,1869,2024
62002,29543,2024
62006,667,2024
62009,1723,2024
62010,11028,2024
62011,227,2024
62012,6672,2024
62013,578,2024
62014,3669,2024
62015,423,2024
62016,3882,2024
62017,1127,2024
62018,3184,2024
62019,314,2024
62021,871,2024
62022,1088,2024
62023,139,2024
62024,9493,2024
62025,35520,2024
62026,851,2024
62027,516,2024
62028,1385,2024
62030,71,2024
62031,517,2024
62032,765,2024
62033,4294,2024
62034,14870,2024
62035,15892,2024
62036,574,2024
62037,1814,2024
62040,40404,2024
62044,1852,2024
62045,247,2024
62046,1102,2024
62047,1548,2024
62048,1347,2024
62049,7871,2024
62050,268,2024
62051,791,2024
62052,12237,2024
62053,351,2024
62054,315,2024
62056,8528,2024
62058,884,2024
62059,729,2024
62060,3558,2024
62061,1487,2024
62062,8277,2024
62063,795,2024
62067,2203,2024
62069,2897,2024
62074,1205,2024
62075,3330,2024
62076,59,2024
62077,420,2024
62078,73,2024
62079,292,2024
62080,3255,2024
62081,329,2024
62082,2265,2024
62083,145,2024
62084,1631,2024
62085,193,2024
62086,1318,2024
62087,2181,2024
62088,6400,2024
62089,487,2024
62090,1039,2024
62091,339,2024
62092,2431,2024
62093,487,2024
62094,1107,2024
62095,10726,2024
62097,2973,2024
62098,104,2024
62201,4921,2024
62203,5465,2024
62204,4055,2024
62205,6459,2024
62206,12959,2024
62207,6984,2024
62208,16821,2024
62214,1048,2024
62215,1917,2024
62216,3156,2024
62217,767,2024
62218,2018,2024
62219,993,2024
62220,19152,2024
62221,29875,2024
62223,16269,2024
62225,5242,2024
62226,28255,2024
62230,6377,2024
62231,6377,2024
62232,7063,2024
62233,8326,2024
62234,31648,2024
62236,14154,2024
62237,2367,2024
62238,558,2024
62239,4232,2024
62240,1796,2024
62241,879,2024
62242,1660,2024
62243,6418,2024
62244,928,2024
62245,1861,2024
62246,10077,2024
62248,521,2024
62249,16205,2024
62250,607,2024
62253,932,2024
62254,6710,2024
62255,1092,2024
62256,35,2024
62257,2046,2024
62258,10437,2024
62260,6668,2024
62261,80,2024
62262,1967,2024
62263,4819,2024
62264,3097,2024
62265,4555,2024
62266,103,2024
62268,764,2024
62269,35923,2024
62271,1873,2024
62272,1521,2024
62273,305,2024
62274,8041,2024
62275,3012,2024
62277,940,2024
62278,6281,2024
62279,112,2024
62280,421,2024
62281,3059,2024
62282,563,2024
62284,686,2024
62285,4239,2024
62286,5491,2024
62288,2820,2024
62289,273,2024
62292,762,2024
62293,4433,2024
62294,15325,2024
62295,1459,2024
62297,158,2024
62298,18208,2024
62301,30746,2024
62305,19036,2024
62311,872,2024
62312,1931,2024
62313,382,2024
62314,530,2024
62316,705,2024
62319,218,2024
62320,2667,2024
62321,3576,2024
62323,198,2024
62324,1196,2024
62325,465,2024
62326,2236,2024
62330,1472,2024
62334,163,2024
62336,84,2024
62338,1075,2024
62339,970,2024
62340,1673,2024
62341,3433,2024
62343,611,2024
62344,60,2024
62345,359,2024
62346,164,2024
62347,1977,2024
62348,204,2024
62349,517,2024
62351,1928,2024
62352,217,2024
62353,5066,2024
62354,1447,2024
62355,1026,2024
62356,518,2024
62357,134,2024
62358,525,2024
62359,184,2024
62360,1605,2024
62361,301,2024
62362,237,2024
62363,5561,2024
62365,464,2024
62366,1450,2024
62367,1294,2024
62370,309,2024
62373,225,2024
62374,216,2024
62375,383,2024
62376,1276,2024
62378,863,2024
62379,1854,2024
62380,360,2024
62401,19273,2024
62410,1183,2024
62411,4249,2024
62413,329,2024
62414,1783,2024
62417,2848,2024
62418,1809,2024
62419,352,2024
62420,4299,2024
62421,366,2024
62422,926,2024
62423,546,2024
62424,2500,2024
62425,838,2024
62426,778,2024
62427,1730,2024
62428,2777,2024
62431,717,2024
62432,601,2024
62433,1140,2024
62434,191,2024
62436,590,2024
62438,238,2024
62439,7033,2024
62440,1107,2024
62441,7003,2024
62442,2671,2024
62443,1609,2024
62444,623,2024
62445,986,2024
62446,318,2024
62447,3210,2024
62448,5356,2024
62449,2951,2024
62450,12327,2024
62451,2055,2024
62452,387,2024
62454,10477,2024
62458,2176,2024
62459,281,2024
62460,1202,2024
62461,625,2024
62462,971,2024
62463,1103,2024
62464,81,2024
62465,806,2024
62466,4001,2024
62467,3710,2024
62468,2344,2024
62469,552,2024
62471,9937,2024
62473,1264,2024
62474,626,2024
62475,189,2024
62476,1222,2024
62477,526,2024
62478,333,2024
62479,711,2024
62480,713,2024
62481,398,2024
62501,2324,2024
62510,1677,2024
62512,446,2024
62513,1391,2024
62514,297,2024
62515,902,2024
62517,185,2024
62518,509,2024
62519,24,2024
62520,1652,2024
62521,32665,2024
62522,15185,2024
62523,707,2024
62526,30483,2024
62530,1558,2024
62531,1816,2024
62532,40,2024
62533,908,2024
62534,1041,2024
62535,3502,2024
62536,1049,2024
62537,272,2024
62538,342,2024
62539,1412,2024
62540,1297,2024
62541,54,2024
62543,477,2024
62544,1668,2024
62545,1101,2024
62546,1521,2024
62547,574,2024
62548,2090,2024
62549,6454,2024
62550,2858,2024
62551,820,2024
62553,318,2024
62554,1832,2024
62555,1358,2024
62556,370,2024
62557,6878,2024
62558,3639,2024
62560,1446,2024
62561,4842,2024
62563,5766,2024
62565,7559,2024
62567,831,2024
62568,15952,2024
62570,629,2024
62571,1269,2024
62572,420,2024
62573,1147,2024
62601,344,2024
62610,233,2024
62611,1047,2024
62612,1398,2024
62613,3598,2024
62615,5198,2024
62617,524,2024
62618,7428,2024
62621,1133,2024
62622,100,2024
62624,321,2024
62625,1003,2024
62626,7876,2024
62627,1006,2024
62628,917,2024
62629,15413,2024
62630,924,2024
62631,228,2024
62633,638,2024
62634,1263,2024
62635,661,2024
62638,1485,2024
62639,215,2024
62640,3391,2024
62642,1396,2024
62643,797,2024
62644,4615,2024
62649,369,2024
62650,24821,2024
62655,594,2024
62656,18234,2024
62661,1212,2024
62663,197,2024
62664,2922,2024
62665,1222,2024
62666,485,2024
62667,569,2024
62668,1249,2024
62670,2682,2024
62671,362,2024
62672,151,2024
62673,361,2024
62674,1447,2024
62675,6170,2024
62677,2149,2024
62681,5553,2024
62682,684,2024
62684,5760,2024
62685,1670,2024
62688,678,2024
62689,542,2024
62690,3838,2024
62691,2349,2024
62692,2005,2024
62693,1677,2024
62694,3006,2024
62695,501,2024
62701,1205,2024
62702,31033,2024
62703,28922,2024
62704,40046,2024
62706,0,2024
62707,7472,2024
62711,18559,2024
62712,10045,2024
62801,19827,2024
62803,1132,2024
62806,3436,2024
62807,767,2024
62808,1602,2024
62809,267,2024
62810,1188,2024
62811,224,2024
62812,11611,2024
62814,1668,2024
62815,350,2024
62816,1133,2024
62817,639,2024
62818,409,2024
62819,247,2024
62820,96,2024
62821,6668,2024
62822,2581,2024
62823,1823,2024
62824,1485,2024
62825,254,2024
62827,1147,2024
62828,1801,2024
62829,22,2024
62830,1416,2024
62831,339,2024
62832,8865,2024
62833,280,2024
62835,1398,2024
62836,891,2024
62837,7868,2024
62838,1341,2024
62839,6183,2024
62841,118,2024
62842,724,2024
62843,87,2024
62844,1937,2024
62846,1798,2024
62848,738,2024
62849,1887,2024
62850,693,2024
62851,371,2024
62852,119,2024
62853,969,2024
62854,1827,2024
62856,332,2024
62858,3554,2024
62859,5004,2024
62860,384,2024
62861,57,2024
62862,244,2024
62863,9379,2024
62864,22779,2024
62865,2037,2024
62867,568,2024
62868,1463,2024
62869,2795,2024
62870,2281,2024
62871,866,2024
62872,1153,2024
62874,440,2024
62875,1039,2024
62876,146,2024
62877,437,2024
62878,177,2024
62879,28,2024
62880,658,2024
62881,11078,2024
62882,2057,2024
62883,693,2024
62884,2758,2024
62885,474,2024
62886,332,2024
62887,104,2024
62888,1843,2024
62889,1066,2024
62890,2377,2024
62891,514,2024
62892,150,2024
62893,926,2024
62894,782,2024
62895,1960,2024
62896,10627,2024
62897,542,2024
62898,1968,2024
62899,2022,2024
62901,22946,2024
62902,4135,2024
62903,2666,2024
62905,779,2024
62906,7329,2024
62907,2013,2024
62908,440,2024
62910,1993,2024
62912,1515,2024
62914,1765,2024
62915,384,2024
62916,925,2024
62917,2303,2024
62918,10658,2024
62919,819,2024
62920,2959,2024
62921,233,2024
62922,2608,2024
62923,441,2024
62924,3168,2024
62926,1998,2024
62927,317,2024
62928,103,2024
62930,5761,2024
62931,1348,2024
62932,1152,2024
62933,1101,2024
62934,833,2024
62935,2178,2024
62938,2622,2024
62939,2958,2024
62940,645,2024
62941,639,2024
62942,628,2024
62943,428,2024
62946,11256,2024
62947,408,2024
62948,12758,2024
62949,702,2024
62950,76,2024
62951,5342,2024
62952,2852,2024
62953,259,2024
62954,411,2024
62956,1172,2024
62957,640,2024
62958,2103,2024
62959,27793,2024
62960,10783,2024
62961,37,2024
62962,0,2024
62963,713,2024
62964,1109,2024
62965,79,2024
62966,13945,2024
62967,309,2024
62969,314,2024
62970,465,2024
62972,1056,2024
62974,1536,2024
62975,207,2024
62976,392,2024
62977,599,2024
62979,930,2024
62982,1016,2024
62983,1728,2024
62984,1393,2024
62985,1128,2024
62987,1724,2024
62988,1149,2024
62990,973,2024
62992,629,2024
62994,737,2024
62995,6339,2024
62996,523,2024
62997,561,2024
62998,218,2024
62999,1267,2024
63005,19779,2024
63010,34478,2024
63011,35920,2024
63012,10314,2024
63013,1136,2024
63014,426,2024
63015,1939,2024
63016,6459,2024
63017,43243,2024
63019,4489,2024
63020,20166,2024
63021,55666,2024
63023,5002,2024
63025,19508,2024
63026,45354,2024
63028,28457,2024
63030,557,2024
63031,50196,2024
63033,43056,2024
63034,18908,2024
63036,1001,2024
63037,2970,2024
63038,7107,2024
63039,986,2024
63040,8526,2024
63041,309,2024
63042,17813,2024
63043,21924,2024
63044,10324,2024
63045,0,2024
63047,0,2024
63048,4228,2024
63049,16592,2024
63050,18744,2024
63051,13436,2024
63052,28712,2024
63053,56,2024
63055,1693,2024
63056,1896,2024
63060,2192,2024
63061,216,2024
63068,6202,2024
63069,15697,2024
63070,8428,2024
63071,1113,2024
63072,3469,2024
63073,803,2024
63074,15793,2024
63077,11391,2024
63079,60,2024
63080,13124,2024
63084,20708,2024
63087,1066,2024
63088,8226,2024
63089,5662,2024
63090,23258,2024
63091,1449,2024
63101,3130,2024
63102,2882,2024
63103,8778,2024
63104,19007,2024
63105,18875,2024
63106,6751,2024
63107,8909,2024
63108,21336,2024
63109,25236,2024
63110,17645,2024
63111,18851,2024
63112,17985,2024
63113,10221,2024
63114,33969,2024
63115,14488,2024
63116,42170,2024
63117,9261,2024
63118,25913,2024
63119,34181,2024
63120,6790,2024
63121,25008,2024
63122,41634,2024
63123,49077,2024
63124,10839,2024
63125,33294,2024
63126,15452,2024
63127,5268,2024
63128,30540,2024
63129,51553,2024
63130,28910,2024
63131,17935,2024
63132,14283,2024
63133,6569,2024
63134,13059,2024
63135,18381,2024
63136,40929,2024
63137,19684,2024
63138,18233,2024
63139,21631,2024
63140,316,2024
63141,20932,2024
63143,8975,2024
63144,9505,2024
63146,30678,2024
63147,8173,2024
63155,0,2024
63301,52667,2024
63303,46089,2024
63304,43195,2024
63330,108,2024
63332,1651,2024
63333,688,2024
63334,7564,2024
63336,1079,2024
63339,996,2024
63341,3515,2024
63343,4381,2024
63344,1501,2024
63345,291,2024
63347,3140,2024
63348,10394,2024
63349,2149,2024
63350,769,2024
63351,1389,2024
63352,1018,2024
63353,4790,2024
63357,6536,2024
63359,1667,2024
63361,4460,2024
63362,9930,2024
63363,949,2024
63365,51,2024
63366,54769,2024
63367,29725,2024
63368,46966,2024
63369,2822,2024
63373,690,2024
63376,74962,2024
63377,3501,2024
63379,27731,2024
63380,990,2024
63381,618,2024
63382,4033,2024
63383,16927,2024
63384,2049,2024
63385,51330,2024
63386,482,2024
63387,108,2024
63388,685,2024
63389,7616,2024
63390,10970,2024
63401,21489,2024
63430,457,2024
63431,547,2024
63432,363,2024
63433,0,2024
63434,731,2024
63435,4318,2024
63436,1199,2024
63437,1560,2024
63438,232,2024
63439,183,2024
63440,1136,2024
63441,1144,2024
63443,393,2024
63445,3831,2024
63446,493,2024
63447,1060,2024
63448,1760,2024
63450,145,2024
63451,177,2024
63452,1026,2024
63453,388,2024
63454,1104,2024
63456,4749,2024
63457,389,2024
63458,185,2024
63459,4423,2024
63460,151,2024
63461,5446,2024
63462,1335,2024
63463,711,2024
63465,633,2024
63466,0,2024
63467,19,2024
63468,2314,2024
63469,911,2024
63471,770,2024
63472,439,2024
63473,375,2024
63474,444,2024
63501,21218,2024
63530,1361,2024
63531,393,2024
63532,1215,2024
63533,1141,2024
63534,652,2024
63535,14,2024
63536,837,2024
63537,2194,2024
63538,105,2024
63539,259,2024
63540,418,2024
63541,383,2024
63543,315,2024
63544,1159,2024
63545,968,2024
63546,1340,2024
63547,377,2024
63548,1154,2024
63549,2344,2024
63551,251,2024
63552,7554,2024
63555,3258,2024
63556,3196,2024
63557,272,2024
63558,602,2024
63559,1258,2024
63560,61,2024
63561,1043,2024
63563,501,2024
63565,3965,2024
63566,72,2024
63567,70,2024
63601,16389,2024
63620,1036,2024
63621,1632,2024
63622,764,2024
63623,895,2024
63624,3447,2024
63625,382,2024
63626,588,2024
63627,2787,2024
63628,16416,2024
63629,947,2024
63630,4006,2024
63631,544,2024
63633,775,2024
63636,446,2024
63637,759,2024
63638,2489,2024
63640,29263,2024
63645,11554,2024
63648,1858,2024
63650,3600,2024
63653,1186,2024
63654,752,2024
63655,1639,2024
63656,576,2024
63660,2784,2024
63662,536,2024
63663,649,2024
63664,9693,2024
63665,313,2024
63670,12293,2024
63673,2340,2024
63674,48,2024
63675,24,2024
63701,39345,2024
63703,8201,2024
63730,3397,2024
63732,863,2024
63735,697,2024
63736,3755,2024
63738,0,2024
63739,508,2024
63740,5165,2024
63742,64,2024
63743,64,2024
63744,198,2024
63745,136,2024
63746,11,2024
63747,972,2024
63748,1174,2024
63750,318,2024
63751,946,2024
63755,27629,2024
63758,435,2024
63760,604,2024
63763,98,2024
63764,4760,2024
63766,1715,2024
63767,526,2024
63769,1358,2024
63770,203,2024
63771,2365,2024
63774,106,2024
63775,16325,2024
63780,6243,2024
63781,1398,2024
63782,172,2024
63783,60,2024
63784,253,2024
63785,1282,2024
63787,551,2024
63801,22027,2024
63820,249,2024
63821,616,2024
63822,2724,2024
63823,1434,2024
63824,185,2024
63825,4224,2024
63826,164,2024
63827,431,2024
63828,177,2024
63829,1070,2024
63830,6118,2024
63833,137,2024
63834,5169,2024
63837,1381,2024
63839,290,2024
63840,74,2024
63841,13191,2024
63845,5261,2024
63846,1239,2024
63847,91,2024
63848,887,2024
63849,176,2024
63850,8,2024
63851,3684,2024
63852,1172,2024
63853,141,2024
63855,854,2024
63857,11930,2024
63860,172,2024
63862,1237,2024
63863,5321,2024
63866,409,2024
63867,764,2024
63868,653,2024
63869,3218,2024
63870,1066,2024
63873,4015,2024
63874,288,2024
63876,2071,2024
63877,2816,2024
63878,92,2024
63879,694,2024
63880,97,2024
63882,322,2024
63901,35324,2024
63932,848,2024
63933,3049,2024
63934,31,2024
63935,7931,2024
63936,494,2024
63937,2643,2024
63939,963,2024
63940,1326,2024
63941,221,2024
63942,490,2024
63943,823,2024
63944,1332,2024
63945,928,2024
63950,0,2024
63951,200,2024
63952,284,2024
63953,787,2024
63954,954,2024
63955,64,2024
63956,770,2024
63957,5144,2024
63960,3204,2024
63961,1600,2024
63962,0,2024
63964,733,2024
63965,2607,2024
63966,2110,2024
63967,1313,2024
64001,842,2024
64011,3876,2024
64012,29304,2024
64014,28788,2024
64015,32245,2024
64016,4603,2024
64017,335,2024
64018,981,2024
64019,2385,2024
64020,2953,2024
64021,573,2024
64022,140,2024
64024,15574,2024
64028,309,2024
64029,21961,2024
64030,26422,2024
64034,8998,2024
64035,1189,2024
64036,610,2024
64037,6460,2024
64040,6379,2024
64048,4387,2024
64050,21079,2024
64052,22138,2024
64053,6775,2024
64054,3547,2024
64055,35960,2024
64056,17395,2024
64057,14328,2024
64058,6660,2024
64060,16488,2024
64061,3161,2024
64062,6968,2024
64063,21863,2024
64064,20050,2024
64065,94,2024
64066,98,2024
64067,5978,2024
64068,37758,2024
64070,3479,2024
64071,728,2024
64072,205,2024
64074,524,2024
64075,12121,2024
64076,9623,2024
64077,1665,2024
64078,9853,2024
64079,15160,2024
64080,14007,2024
64081,25305,2024
64082,20068,2024
64083,26201,2024
64084,1380,2024
64085,7855,2024
64086,23599,2024
64088,1456,2024
64089,14380,2024
64090,130,2024
64092,0,2024
64093,28199,2024
64096,1166,2024
64097,1014,2024
64098,3311,2024
64101,203,2024
64102,56,2024
64105,6312,2024
64106,11343,2024
64108,10495,2024
64109,10043,2024
64110,16878,2024
64111,16887,2024
64112,8260,2024
64113,12386,2024
64114,24229,2024
64116,18046,2024
64117,14919,2024
64118,41984,2024
64119,33199,2024
64120,552,2024
64123,11833,2024
64124,10925,2024
64125,2472,2024
64126,6898,2024
64127,17668,2024
64128,11912,2024
64129,9267,2024
64130,19644,2024
64131,21942,2024
64132,12084,2024
64133,36249,2024
64134,22964,2024
64136,1602,2024
64137,9422,2024
64138,23805,2024
64139,2796,2024
64145,4965,2024
64146,1278,2024
64147,441,2024
64149,418,2024
64150,4463,2024
64151,28526,2024
64152,31545,2024
64153,6653,2024
64154,13851,2024
64155,28824,2024
64156,7946,2024
64157,23030,2024
64158,7317,2024
64161,292,2024
64163,1181,2024
64164,208,2024
64165,212,2024
64166,270,2024
64167,243,2024
64401,1757,2024
64402,2379,2024
64420,31,2024
64421,817,2024
64422,350,2024
64423,777,2024
64424,3929,2024
64426,530,2024
64427,582,2024
64428,609,2024
64429,11449,2024
64430,823,2024
64431,441,2024
64432,119,2024
64433,202,2024
64434,494,2024
64436,873,2024
64437,561,2024
64438,77,2024
64439,1537,2024
64440,900,2024
64441,110,2024
64442,951,2024
64443,1249,2024
64444,1043,2024
64445,301,2024
64446,1066,2024
64448,912,2024
64449,491,2024
64451,333,2024
64453,140,2024
64454,2941,2024
64455,292,2024
64456,1367,2024
64457,308,2024
64458,159,2024
64459,507,2024
64461,768,2024
64463,1349,2024
64465,3947,2024
64466,565,2024
64467,145,2024
64468,14280,2024
64469,2225,2024
64470,1483,2024
64471,309,2024
64473,1285,2024
64474,831,2024
64475,403,2024
64476,223,2024
64477,3489,2024
64479,1091,2024
64480,329,2024
64481,1154,2024
64482,1980,2024
64483,591,2024
64484,940,2024
64485,7998,2024
64486,270,2024
64487,572,2024
64489,2204,2024
64490,1939,2024
64491,1638,2024
64492,1713,2024
64493,333,2024
64494,1163,2024
64496,224,2024
64497,488,2024
64498,221,2024
64499,137,2024
64501,10689,2024
64503,11954,2024
64504,10068,2024
64505,14107,2024
64506,21461,2024
64507,13991,2024
64601,12189,2024
64620,626,2024
64622,718,2024
64623,464,2024
64624,1489,2024
64625,738,2024
64628,5661,2024
64630,495,2024
64631,836,2024
64632,371,2024
64633,4346,2024
64635,508,2024
64636,217,2024
64637,492,2024
64638,470,2024
64639,113,2024
64640,3125,2024
64641,625,2024
64642,804,2024
64643,1088,2024
64644,2923,2024
64645,195,2024
64646,471,2024
64647,423,2024
64648,2396,2024
64649,814,2024
64650,665,2024
64651,461,2024
64652,346,2024
64653,431,2024
64654,49,2024
64655,93,2024
64656,237,2024
64657,266,2024
64658,3147,2024
64659,793,2024
64660,444,2024
64661,757,2024
64664,244,2024
64667,255,2024
64668,1278,2024
64670,1007,2024
64671,1986,2024
64672,185,2024
64673,2497,2024
64674,409,2024
64676,132,2024
64679,921,2024
64681,170,2024
64682,411,2024
64683,7631,2024
64686,211,2024
64688,705,2024
64689,422,2024
64701,14731,2024
64720,4494,2024
64722,325,2024
64723,452,2024
64724,1999,2024
64725,2130,2024
64726,278,2024
64728,445,2024
64730,6432,2024
64733,1112,2024
64734,2318,2024
64735,14013,2024
64738,1368,2024
64739,1065,2024
64740,1469,2024
64741,308,2024
64742,2185,2024
64743,162,2024
64744,8242,2024
64745,51,2024
64746,1502,2024
64747,4201,2024
64748,1105,2024
64750,439,2024
64752,545,2024
64755,2332,2024
64756,681,2024
64759,8310,2024
64761,1598,2024
64762,1379,2024
64763,1676,2024
64765,7,2024
64767,418,2024
64769,459,2024
64770,1151,2024
64771,490,2024
64772,12824,2024
64776,3374,2024
64778,422,2024
64779,2688,2024
64780,364,2024
64781,80,2024
64783,607,2024
64784,1359,2024
64788,1435,2024
64790,1114,2024
64801,36287,2024
64804,37016,2024
64830,624,2024
64831,6206,2024
64832,1286,2024
64833,70,2024
64834,10586,2024
64835,2074,2024
64836,26562,2024
64840,3325,2024
64841,1381,2024
64842,775,2024
64843,3180,2024
64844,4796,2024
64847,390,2024
64848,609,2024
64849,187,2024
64850,25126,2024
64854,4910,2024
64855,3039,2024
64856,4092,2024
64857,396,2024
64858,586,2024
64859,1212,2024
64861,1324,2024
64862,3173,2024
64863,1586,2024
64865,5692,2024
64866,1113,2024
64867,1082,2024
64868,137,2024
64870,16186,2024
64873,1329,2024
64874,509,2024
65001,159,2024
65010,7205,2024
65011,2365,2024
65013,3137,2024
65014,2245,2024
65016,1240,2024
65017,1183,2024
65018,7748,2024
65020,14748,2024
65023,1566,2024
65024,1218,2024
65025,773,2024
65026,11606,2024
65032,1491,2024
65034,514,2024
65035,1681,2024
65037,5244,2024
65039,3076,2024
65040,1468,2024
65041,5626,2024
65043,10120,2024
65046,1127,2024
65047,1445,2024
65048,194,2024
65049,7123,2024
65050,823,2024
65051,4487,2024
65052,3790,2024
65053,1813,2024
65054,893,2024
65058,1274,2024
65059,1085,2024
65061,681,2024
65062,20,2024
65063,3372,2024
65064,727,2024
65065,7197,2024
65066,6140,2024
65067,299,2024
65068,893,2024
65069,511,2024
65072,1932,2024
65074,2936,2024
65075,1154,2024
65076,515,2024
65077,437,2024
65078,3584,2024
65079,4385,2024
65080,1475,2024
65081,4417,2024
65082,1165,2024
65083,278,2024
65084,7473,2024
65085,1193,2024
65101,28793,2024
65109,41145,2024
65201,50011,2024
65202,47327,2024
65203,61539,2024
65215,225,2024
65216,202,2024
65230,591,2024
65231,3132,2024
65232,256,2024
65233,10640,2024
65236,1199,2024
65237,763,2024
65239,1743,2024
65240,8830,2024
65243,2950,2024
65244,311,2024
65246,54,2024
65247,777,2024
65248,4480,2024
65250,293,2024
65251,22579,2024
65254,1869,2024
65255,5216,2024
65256,2011,2024
65257,1484,2024
65258,452,2024
65259,2990,2024
65260,384,2024
65261,1316,2024
65262,729,2024
65263,1705,2024
65264,919,2024
65265,15153,2024
65270,16612,2024
65274,1969,2024
65275,2657,2024
65276,1777,2024
65278,35,2024
65279,1940,2024
65280,121,2024
65281,3030,2024
65282,168,2024
65283,546,2024
65284,2316,2024
65285,523,2024
65286,99,2024
65287,290,2024
65301,35091,2024
65305,3445,2024
65320,65,2024
65321,405,2024
65322,706,2024
65323,943,2024
65324,1055,2024
65325,3071,2024
65326,1901,2024
65327,284,2024
65329,529,2024
65330,575,2024
65332,1949,2024
65333,658,2024
65334,1094,2024
65335,175,2024
65336,6519,2024
65337,1952,2024
65338,3129,2024
65339,592,2024
65340,16026,2024
65344,173,2024
65345,376,2024
65347,846,2024
65348,1419,2024
65349,2480,2024
65350,1455,2024
65351,2122,2024
65354,701,2024
65355,11436,2024
65360,4586,2024
65401,32714,2024
65409,0,2024
65436,21,2024
65438,2363,2024
65439,55,2024
65440,206,2024
65441,5028,2024
65443,107,2024
65444,824,2024
65446,401,2024
65449,161,2024
65452,2519,2024
65453,8175,2024
65456,637,2024
65457,177,2024
65459,8562,2024
65461,97,2024
65462,1264,2024
65463,1158,2024
65464,285,2024
65466,1464,2024
65468,78,2024
65470,842,2024
65473,15438,2024
65479,295,2024
65483,4487,2024
65484,42,2024
65486,2956,2024
65501,87,2024
65529,187,2024
65534,502,2024
65535,1395,2024
65536,29915,2024
65541,150,2024
65542,7060,2024
65543,657,2024
65548,6388,2024
65550,3181,2024
65552,2378,2024
65555,1384,2024
65556,4823,2024
65557,314,2024
65559,9303,2024
65560,13822,2024
65564,42,2024
65565,4845,2024
65566,858,2024
65567,1458,2024
65570,715,2024
65571,1762,2024
65580,686,2024
65582,1732,2024
65583,14711,2024
65584,10553,2024
65586,137,2024
65588,2235,2024
65589,110,2024
65590,1872,2024
65591,1837,2024
65601,572,2024
65603,158,2024
65604,3873,2024
65605,11514,2024
65606,2381,2024
65608,8545,2024
65609,733,2024
65610,5561,2024
65611,1963,2024
65612,2057,2024
65613,17666,2024
65614,567,2024
65616,28460,2024
65617,1716,2024
65618,110,2024
65619,9453,2024
65620,265,2024
65622,8695,2024
65623,28,2024
65624,1847,2024
65625,7473,2024
65626,1405,2024
65627,729,2024
65629,563,2024
65630,640,2024
65631,6174,2024
65632,3067,2024
65633,3952,2024
65634,606,2024
65635,754,2024
65637,1190,2024
65638,626,2024
65640,1530,2024
65641,606,2024
65644,2059,2024
65646,1961,2024
65647,3077,2024
65648,5861,2024
65649,1932,2024
65650,1454,2024
65652,4649,2024
65653,5905,2024
65654,245,2024
65655,2435,2024
65656,5031,2024
65657,361,2024
65658,1262,2024
65660,290,2024
65661,2434,2024
65662,1137,2024
65663,2700,2024
65664,40,2024
65666,0,2024
65667,3250,2024
65668,1846,2024
65669,2764,2024
65672,8432,2024
65674,2896,2024
65675,38,2024
65676,461,2024
65679,2942,2024
65680,1097,2024
65681,1709,2024
65682,1885,2024
65685,794,2024
65686,4256,2024
65688,42,2024
65689,4482,2024
65690,130,2024
65692,1068,2024
65702,343,2024
65704,5394,2024
65705,4949,2024
65706,17133,2024
65707,2181,2024
65708,12869,2024
65710,1589,2024
65711,8106,2024
65712,9015,2024
65713,2022,2024
65714,37013,2024
65715,21,2024
65717,2523,2024
65720,400,2024
65721,33452,2024
65722,1391,2024
65723,3123,2024
65724,1563,2024
65725,2501,2024
65726,1093,2024
65727,101,2024
65728,0,2024
65729,126,2024
65730,19,2024
65731,130,2024
65732,1342,2024
65733,801,2024
65734,4112,2024
65735,212,2024
65737,8745,2024
65738,21283,2024
65739,865,2024
65740,3508,2024
65741,0,2024
65742,14185,2024
65744,182,2024
65745,3417,2024
65746,9336,2024
65747,4016,2024
65752,335,2024
65753,5590,2024
65754,631,2024
65755,636,2024
65756,823,2024
65757,8584,2024
65759,856,2024
65760,538,2024
65761,1324,2024
65762,445,2024
65764,1449,2024
65766,77,2024
65767,1983,2024
65768,166,2024
65769,2409,2024
65770,2599,2024
65771,1394,2024
65772,2063,2024
65773,267,2024
65774,855,2024
65775,25773,2024
65777,154,2024
65778,430,2024
65779,1053,2024
65781,9692,2024
65783,127,2024
65784,21,2024
65785,6002,2024
65786,2174,2024
65787,1305,2024
65788,341,2024
65789,1555,2024
65790,865,2024
65791,4425,2024
65793,6004,2024
65801,0,2024
65802,46739,2024
65803,42882,2024
65804,40935,2024
65806,13692,2024
65807,56659,2024
65809,11384,2024
65810,22137,2024
65897,2613,2024
66002,13276,2024
66006,8013,2024
66007,10150,2024
66008,200,2024
66010,626,2024
66012,10425,2024
66013,2735,2024
66014,599,2024
66015,712,2024
66016,559,2024
66017,219,2024
66018,6584,2024
66020,1809,2024
66021,2819,2024
66023,1189,2024
66024,815,2024
66025,8083,2024
66026,840,2024
66027,7365,2024
66030,26328,2024
66031,655,2024
66032,4971,2024
66033,672,2024
66035,1342,2024
66039,784,2024
66040,3651,2024
66041,614,2024
66042,929,2024
66043,11056,2024
66044,28820,2024
66045,1925,2024
66046,19658,2024
66047,20473,2024
66048,35717,2024
66049,32015,2024
66050,1761,2024
66052,2090,2024
66053,7834,2024
66054,2777,2024
66056,1383,2024
66058,378,2024
66060,1325,2024
66061,67967,2024
66062,78841,2024
66064,5992,2024
66066,2432,2024
66067,16330,2024
66070,1944,2024
66071,12400,2024
66072,1211,2024
66073,2263,2024
66075,2497,2024
66076,2416,2024
66078,805,2024
66079,752,2024
66080,980,2024
66083,13011,2024
66085,11486,2024
66086,10940,2024
66087,2027,2024
66088,2697,2024
66090,2380,2024
66091,294,2024
66092,4351,2024
66093,576,2024
66094,437,2024
66095,583,2024
66097,995,2024
66101,12556,2024
66102,29443,2024
66103,12730,2024
66104,27033,2024
66105,2605,2024
66106,24245,2024
66109,28355,2024
66111,9996,2024
66112,12881,2024
66115,0,2024
66118,0,2024
66160,37,2024
66202,17408,2024
66203,19441,2024
66204,17948,2024
66205,14032,2024
66206,12153,2024
66207,15739,2024
66208,21576,2024
66209,20413,2024
66210,20347,2024
66211,5791,2024
66212,32917,2024
66213,30539,2024
66214,12351,2024
66215,25960,2024
66216,24881,2024
66217,5468,2024
66218,8820,2024
66219,13519,2024
66220,8535,2024
66221,25550,2024
66223,24747,2024
66224,12683,2024
66226,16219,2024
66227,9595,2024
66251,8,2024
66401,1948,2024
66402,3100,2024
66403,801,2024
66404,481,2024
66406,365,2024
66407,298,2024
66408,427,2024
66409,3133,2024
66411,1127,2024
66412,644,2024
66413,1721,2024
66414,2360,2024
66415,762,2024
66416,522,2024
66417,507,2024
66418,556,2024
66419,600,2024
66422,1228,2024
66423,884,2024
66424,486,2024
66425,391,2024
66427,1334,2024
66428,246,2024
66429,379,2024
66431,718,2024
66432,540,2024
66434,4740,2024
66436,5537,2024
66438,200,2024
66439,2578,2024
66440,1943,2024
66441,25828,2024
66442,16890,2024
66449,937,2024
66451,1671,2024
66501,363,2024
66502,43693,2024
66503,17273,2024
66506,3155,2024
66507,1438,2024
66508,3987,2024
66509,1974,2024
66510,684,2024
66512,3678,2024
66514,1350,2024
66515,362,2024
66516,408,2024
66517,1696,2024
66518,211,2024
66520,635,2024
66521,1417,2024
66522,130,2024
66523,3941,2024
66524,2473,2024
66526,693,2024
66527,244,2024
66528,761,2024
66531,1256,2024
66532,527,2024
66533,1595,2024
66534,3381,2024
66535,3556,2024
66536,4204,2024
66537,1475,2024
66538,3602,2024
66539,3092,2024
66540,582,2024
66541,234,2024
66542,3019,2024
66543,980,2024
66544,287,2024
66546,1143,2024
66547,8579,2024
66548,975,2024
66549,1526,2024
66550,552,2024
66552,581,2024
66554,770,2024
66603,1830,2024
66604,23006,2024
66605,20891,2024
66606,9842,2024
66607,9965,2024
66608,4216,2024
66609,7572,2024
66610,9849,2024
66611,9828,2024
66612,1754,2024
66614,32538,2024
66615,2943,2024
66616,6212,2024
66617,8903,2024
66618,10179,2024
66619,3217,2024
66621,442,2024
66622,56,2024
66701,11503,2024
66710,804,2024
66711,478,2024
66712,1675,2024
66713,5635,2024
66714,162,2024
66716,813,2024
66717,467,2024
66720,10631,2024
66724,935,2024
66725,4991,2024
66732,294,2024
66733,2012,2024
66734,343,2024
66735,692,2024
66736,3374,2024
66738,173,2024
66739,5025,2024
66740,236,2024
66741,144,2024
66742,30,2024
66743,4313,2024
66746,247,2024
66748,2830,2024
66749,7448,2024
66751,590,2024
66753,949,2024
66754,344,2024
66755,890,2024
66756,1052,2024
66757,3326,2024
66758,251,2024
66760,35,2024
66761,255,2024
66762,24907,2024
66763,3392,2024
66767,374,2024
66769,520,2024
66770,1047,2024
66771,1074,2024
66772,288,2024
66773,587,2024
66775,224,2024
66776,1524,2024
66777,473,2024
66778,0,2024
66779,892,2024
66780,674,2024
66781,1183,2024
66782,164,2024
66783,2190,2024
66801,27585,2024
66830,203,2024
66833,641,2024
66834,856,2024
66835,1202,2024
66838,99,2024
66839,3654,2024
66840,474,2024
66842,508,2024
66843,105,2024
66845,1237,2024
66846,3333,2024
66849,531,2024
66850,202,2024
66851,659,2024
66852,587,2024
66853,281,2024
66854,1007,2024
66856,1583,2024
66857,872,2024
66858,428,2024
66859,158,2024
66860,1342,2024
66861,2769,2024
66862,68,2024
66863,27,2024
66864,375,2024
66865,1105,2024
66866,1737,2024
66868,620,2024
66869,669,2024
66870,121,2024
66871,1347,2024
66872,807,2024
66873,201,2024
66901,6055,2024
66930,131,2024
66932,162,2024
66933,345,2024
66935,2413,2024
66936,194,2024
66937,691,2024
66938,1191,2024
66939,335,2024
66940,283,2024
66941,130,2024
66942,305,2024
66943,568,2024
66944,304,2024
66945,1063,2024
66946,161,2024
66948,566,2024
66949,524,2024
66951,920,2024
66952,401,2024
66953,628,2024
66955,47,2024
66956,1351,2024
66958,198,2024
66959,339,2024
66960,125,2024
66961,6,2024
66962,302,2024
66963,208,2024
66964,175,2024
66966,577,2024
66967,1913,2024
66968,1454,2024
66970,39,2024
67001,2535,2024
67002,17221,2024
67003,2477,2024
67004,801,2024
67005,15073,2024
67008,494,2024
67009,796,2024
67010,13947,2024
67012,38,2024
67013,2678,2024
67016,480,2024
67017,2264,2024
67018,65,2024
67019,992,2024
67020,1596,2024
67021,26,2024
67022,1436,2024
67023,112,2024
67024,937,2024
67025,3940,2024
67026,5692,2024
67028,173,2024
67029,962,2024
67030,3037,2024
67031,2497,2024
67035,891,2024
67036,236,2024
67037,30278,2024
67038,692,2024
67039,2996,2024
67041,296,2024
67042,16978,2024
67045,3406,2024
67047,496,2024
67049,12,2024
67050,1907,2024
67051,404,2024
67052,9262,2024
67053,600,2024
67054,1251,2024
67055,62,2024
67056,3040,2024
67057,252,2024
67058,1777,2024
67059,932,2024
67060,14125,2024
67061,237,2024
67062,3970,2024
67063,3470,2024
67065,151,2024
67066,236,2024
67067,2293,2024
67068,3949,2024
67070,921,2024
67071,5,2024
67072,290,2024
67073,344,2024
67074,1583,2024
67101,6941,2024
67102,38,2024
67103,180,2024
67104,2142,2024
67105,158,2024
67106,560,2024
67107,2459,2024
67108,1384,2024
67109,335,2024
67110,8722,2024
67111,318,2024
67112,235,2024
67114,20919,2024
67117,2157,2024
67118,769,2024
67119,1287,2024
67120,575,2024
67122,296,2024
67123,867,2024
67124,7868,2024
67127,681,2024
67131,274,2024
67132,385,2024
67133,6931,2024
67134,297,2024
67135,3681,2024
67137,357,2024
67138,438,2024
67140,971,2024
67142,358,2024
67143,35,2024
67144,2712,2024
67146,1867,2024
67147,10792,2024
67149,844,2024
67150,5,2024
67151,402,2024
67152,9212,2024
67154,1290,2024
67155,97,2024
67156,14513,2024
67159,183,2024
67202,2046,2024
67203,30710,2024
67204,22538,2024
67205,20098,2024
67206,17380,2024
67207,27414,2024
67208,18950,2024
67209,13289,2024
67210,9024,2024
67211,19105,2024
67212,42902,2024
67213,19699,2024
67214,15243,2024
67215,7129,2024
67216,23254,2024
67217,32603,2024
67218,23383,2024
67219,12586,2024
67220,16270,2024
67221,325,2024
67223,849,2024
67226,21596,2024
67227,152,2024
67228,2424,2024
67230,11981,2024
67232,607,2024
67235,14958,2024
67260,520,2024
67301,12953,2024
67330,1644,2024
67332,204,2024
67333,2478,2024
67334,91,2024
67335,3246,2024
67336,1150,2024
67337,10890,2024
67340,209,2024
67341,781,2024
67342,618,2024
67344,754,2024
67345,176,2024
67346,280,2024
67347,521,2024
67349,646,2024
67351,325,2024
67352,488,2024
67353,519,2024
67354,733,2024
67355,187,2024
67356,2728,2024
67357,11853,2024
67360,259,2024
67361,1780,2024
67363,0,2024
67364,192,2024
67401,50217,2024
67410,10000,2024
67416,950,2024
67417,121,2024
67418,184,2024
67420,3863,2024
67422,1407,2024
67423,304,2024
67425,593,2024
67427,323,2024
67428,1191,2024
67430,468,2024
67431,2242,2024
67432,5607,2024
67436,548,2024
67437,971,2024
67438,226,2024
67439,3471,2024
67441,964,2024
67442,152,2024
67443,2080,2024
67444,623,2024
67445,565,2024
67446,673,2024
67447,207,2024
67448,1251,2024
67449,2860,2024
67450,432,2024
67451,840,2024
67452,343,2024
67454,610,2024
67455,1596,2024
67456,4977,2024
67457,618,2024
67458,394,2024
67459,264,2024
67460,16348,2024
67464,1051,2024
67466,728,2024
67467,2871,2024
67468,265,2024
67470,266,2024
67473,1724,2024
67474,110,2024
67475,126,2024
67476,0,2024
67478,154,2024
67480,1406,2024
67481,729,2024
67482,44,2024
67483,559,2024
67484,840,2024
67485,380,2024
67487,1515,2024
67490,1031,2024
67491,379,2024
67492,200,2024
67501,24605,2024
67502,23099,2024
67505,2761,2024
67510,303,2024
67511,145,2024
67512,148,2024
67513,97,2024
67514,705,2024
67515,59,2024
67516,510,2024
67518,38,2024
67519,175,2024
67520,267,2024
67521,136,2024
67522,2160,2024
67523,498,2024
67524,618,2024
67525,680,2024
67526,2621,2024
67529,366,2024
67530,17798,2024
67543,2026,2024
67544,3064,2024
67545,206,2024
67546,2601,2024
67547,1628,2024
67548,1289,2024
67550,5104,2024
67552,686,2024
67553,87,2024
67554,4048,2024
67556,287,2024
67557,765,2024
67559,66,2024
67560,1336,2024
67561,1591,2024
67563,339,2024
67564,290,2024
67565,447,2024
67566,785,2024
67567,643,2024
67568,247,2024
67570,1571,2024
67572,430,2024
67573,158,2024
67574,111,2024
67575,454,2024
67576,1806,2024
67578,1104,2024
67579,3102,2024
67581,300,2024
67583,848,2024
67584,187,2024
67601,24330,2024
67621,335,2024
67622,680,2024
67623,228,2024
67625,237,2024
67626,241,2024
67627,186,2024
67628,126,2024
67629,33,2024
67631,93,2024
67632,201,2024
67634,237,2024
67635,136,2024
67637,2711,2024
67638,70,2024
67639,168,2024
67640,601,2024
67642,1752,2024
67643,194,2024
67644,199,2024
67645,531,2024
67646,685,2024
67647,243,2024
67648,528,2024
67649,178,2024
67650,204,2024
67651,535,2024
67653,232,2024
67654,4021,2024
67656,220,2024
67657,326,2024
67658,110,2024
67659,56,2024
67660,32,2024
67661,2849,2024
67663,2346,2024
67664,296,2024
67665,4861,2024
67667,181,2024
67669,1888,2024
67671,1533,2024
67672,2159,2024
67673,51,2024
67674,106,2024
67675,116,2024
67701,6134,2024
67730,1654,2024
67731,942,2024
67732,691,2024
67733,81,2024
67734,175,2024
67735,5424,2024
67736,183,2024
67737,451,2024
67738,574,2024
67739,280,2024
67740,1592,2024
67741,258,2024
67743,200,2024
67744,155,2024
67745,353,2024
67747,151,2024
67748,2637,2024
67749,2209,2024
67751,207,2024
67752,1544,2024
67753,407,2024
67756,1677,2024
67757,466,2024
67758,1009,2024
67761,176,2024
67762,295,2024
67764,401,2024
67801,30967,2024
67831,968,2024
67834,891,2024
67835,2716,2024
67836,44,2024
67837,927,2024
67838,960,2024
67839,1050,2024
67840,56,2024
67841,377,2024
67842,376,2024
67843,74,2024
67844,796,2024
67846,34475,2024
67849,300,2024
67850,486,2024
67851,3145,2024
67853,875,2024
67854,1004,2024
67855,1831,2024
67857,172,2024
67859,535,2024
67860,2763,2024
67861,1854,2024
67862,244,2024
67863,308,2024
67864,1701,2024
67865,1007,2024
67867,1596,2024
67868,188,2024
67869,1327,2024
67870,1277,2024
67871,4985,2024
67876,1499,2024
67877,2289,2024
67878,2316,2024
67879,1302,2024
67880,7293,2024
67882,179,2024
67901,20902,2024
67950,1744,2024
67951,4563,2024
67952,452,2024
67953,54,2024
67954,777,2024
68001,59,2024
68002,2602,2024
68003,5139,2024
68004,922,2024
68005,21984,2024
68007,19536,2024
68008,12823,2024
68010,809,2024
68014,283,2024
68015,1236,2024
68016,427,2024
68017,1979,2024
68018,508,2024
68019,386,2024
68020,644,2024
68022,36538,2024
68023,2687,2024
68025,31658,2024
68028,17529,2024
68029,918,2024
68030,671,2024
68031,1823,2024
68033,287,2024
68034,627,2024
68036,346,2024
68037,2524,2024
68038,1398,2024
68039,793,2024
68040,325,2024
68041,1005,2024
68042,130,2024
68044,715,2024
68045,2028,2024
68046,35085,2024
68047,2094,2024
68048,13435,2024
68050,527,2024
68055,315,2024
68056,0,2024
68057,1379,2024
68058,378,2024
68059,3373,2024
68061,2268,2024
68062,267,2024
68063,244,2024
68064,4046,2024
68065,1449,2024
68066,5941,2024
68067,1068,2024
68068,198,2024
68069,3207,2024
68070,670,2024
68071,2159,2024
68072,69,2024
68073,2993,2024
68102,9767,2024
68104,36673,2024
68105,22807,2024
68106,21224,2024
68107,31540,2024
68108,14578,2024
68110,9229,2024
68111,24210,2024
68112,12071,2024
68113,892,2024
68114,17596,2024
68116,34501,2024
68117,8224,2024
68118,9169,2024
68122,13352,2024
68123,33804,2024
68124,15482,2024
68127,20484,2024
68128,18924,2024
68130,21722,2024
68131,14809,2024
68132,13960,2024
68133,14729,2024
68134,28823,2024
68135,30523,2024
68136,22163,2024
68137,24277,2024
68138,11713,2024
68142,4505,2024
68144,25732,2024
68147,12430,2024
68152,6791,2024
68154,24060,2024
68157,5252,2024
68164,28564,2024
68178,2191,2024
68182,749,2024
68183,0,2024
68301,1549,2024
68303,233,2024
68304,414,2024
68305,4351,2024
68307,336,2024
68309,117,2024
68310,14093,2024
68313,758,2024
68314,361,2024
68315,70,2024
68316,414,2024
68317,1984,2024
68318,572,2024
68319,632,2024
68320,348,2024
68321,480,2024
68322,513,2024
68323,244,2024
68324,162,2024
68325,131,2024
68326,339,2024
68327,383,2024
68328,493,2024
68329,579,2024
68330,71,2024
68331,1002,2024
68332,93,2024
68333,9286,2024
68335,395,2024
68336,496,2024
68337,326,2024
68338,217,2024
68339,1154,2024
68340,989,2024
68341,821,2024
68342,497,2024
68343,1008,2024
68344,544,2024
68345,245,2024
68346,544,2024
68347,2508,2024
68348,341,2024
68349,1224,2024
68350,173,2024
68351,834,2024
68352,4938,2024
68354,863,2024
68355,4860,2024
68357,347,2024
68358,1701,2024
68359,1546,2024
68360,504,2024
68361,2338,2024
68362,30,2024
68364,309,2024
68365,288,2024
68366,957,2024
68367,342,2024
68368,477,2024
68370,1938,2024
68371,1314,2024
68372,4135,2024
68375,69,2024
68376,1239,2024
68377,412,2024
68378,677,2024
68379,42,2024
68380,46,2024
68381,159,2024
68382,72,2024
68401,1122,2024
68402,1459,2024
68403,206,2024
68404,1039,2024
68405,3575,2024
68406,468,2024
68407,878,2024
68409,625,2024
68410,8980,2024
68413,558,2024
68414,102,2024
68415,508,2024
68416,175,2024
68417,273,2024
68418,1109,2024
68419,242,2024
68420,1255,2024
68421,987,2024
68422,818,2024
68423,688,2024
68424,707,2024
68428,1332,2024
68429,59,2024
68430,1989,2024
68431,269,2024
68433,196,2024
68434,9099,2024
68436,527,2024
68437,247,2024
68438,176,2024
68439,691,2024
68440,109,2024
68441,133,2024
68442,211,2024
68443,1200,2024
68444,44,2024
68445,161,2024
68446,2792,2024
68447,520,2024
68448,225,2024
68450,3124,2024
68452,67,2024
68453,280,2024
68454,778,2024
68455,852,2024
68456,1215,2024
68457,460,2024
68458,226,2024
68460,601,2024
68461,503,2024
68462,4928,2024
68463,1831,2024
68464,392,2024
68465,2543,2024
68466,1697,2024
68467,9718,2024
68502,25846,2024
68503,15867,2024
68504,17278,2024
68505,18834,2024
68506,27531,2024
68507,16029,2024
68508,18163,2024
68510,19391,2024
68512,13802,2024
68514,420,2024
68516,48903,2024
68517,415,2024
68520,2762,2024
68521,37050,2024
68522,14836,2024
68523,2031,2024
68524,6139,2024
68526,7944,2024
68527,2318,2024
68528,7273,2024
68531,186,2024
68532,785,2024
68588,0,2024
68601,30944,2024
68620,2986,2024
68621,204,2024
68622,427,2024
68623,356,2024
68624,1009,2024
68626,563,2024
68627,802,2024
68628,848,2024
68629,1336,2024
68631,337,2024
68632,3942,2024
68633,930,2024
68634,635,2024
68635,456,2024
68636,1224,2024
68637,317,2024
68638,1664,2024
68640,1212,2024
68641,939,2024
68642,1628,2024
68643,1019,2024
68644,762,2024
68647,702,2024
68648,349,2024
68649,1748,2024
68651,1364,2024
68652,630,2024
68653,748,2024
68654,569,2024
68655,112,2024
68658,604,2024
68659,220,2024
68660,893,2024
68661,7459,2024
68662,1088,2024
68663,782,2024
68664,293,2024
68665,638,2024
68666,1514,2024
68667,110,2024
68669,493,2024
68701,31417,2024
68710,754,2024
68711,60,2024
68713,2285,2024
68714,1139,2024
68715,1885,2024
68716,942,2024
68717,184,2024
68718,1603,2024
68719,154,2024
68720,250,2024
68722,384,2024
68723,678,2024
68724,276,2024
68725,647,2024
68726,724,2024
68727,685,2024
68728,247,2024
68729,1735,2024
68730,2156,2024
68731,3469,2024
68732,153,2024
68733,1101,2024
68734,130,2024
68735,828,2024
68736,525,2024
68739,2799,2024
68740,925,2024
68741,585,2024
68742,376,2024
68743,814,2024
68745,1737,2024
68746,201,2024
68747,198,2024
68748,2706,2024
68749,61,2024
68751,76,2024
68752,543,2024
68753,39,2024
68755,397,2024
68756,1811,2024
68757,783,2024
68758,1199,2024
68759,349,2024
68760,1126,2024
68761,442,2024
68763,4572,2024
68764,819,2024
68765,1123,2024
68766,308,2024
68767,3401,2024
68768,731,2024
68769,1722,2024
68770,1432,2024
68771,1412,2024
68773,283,2024
68774,238,2024
68776,15373,2024
68777,614,2024
68778,571,2024
68779,2259,2024
68780,991,2024
68781,1324,2024
68783,964,2024
68784,1740,2024
68785,234,2024
68786,1080,2024
68787,6791,2024
68788,4588,2024
68789,127,2024
68790,931,2024
68791,2044,2024
68792,340,2024
68801,30824,2024
68803,25534,2024
68810,862,2024
68812,642,2024
68813,518,2024
68814,984,2024
68815,652,2024
68816,137,2024
68817,340,2024
68818,5680,2024
68820,343,2024
68821,89,2024
68822,4335,2024
68823,1936,2024
68824,1562,2024
68825,995,2024
68826,3944,2024
68827,761,2024
68828,204,2024
68831,705,2024
68832,2126,2024
68833,148,2024
68834,227,2024
68835,459,2024
68836,1908,2024
68837,109,2024
68838,150,2024
68840,2624,2024
68841,649,2024
68842,538,2024
68843,1032,2024
68844,328,2024
68845,20536,2024
68846,283,2024
68847,18354,2024
68849,1385,2024
68850,12428,2024
68852,572,2024
68853,1333,2024
68854,708,2024
68855,400,2024
68856,715,2024
68858,328,2024
68859,357,2024
68860,301,2024
68861,138,2024
68862,2977,2024
68863,1410,2024
68864,958,2024
68865,941,2024
68866,1168,2024
68869,2165,2024
68870,506,2024
68871,268,2024
68872,992,2024
68873,3785,2024
68874,821,2024
68875,716,2024
68876,1910,2024
68878,463,2024
68879,377,2024
68881,26,2024
68882,401,2024
68883,2483,2024
68901,26264,2024
68920,1452,2024
68922,1299,2024
68923,133,2024
68924,1348,2024
68925,393,2024
68926,684,2024
68927,1130,2024
68928,327,2024
68929,167,2024
68930,1143,2024
68932,355,2024
68933,851,2024
68934,84,2024
68935,726,2024
68936,183,2024
68937,1831,2024
68938,532,2024
68939,1107,2024
68940,518,2024
68941,683,2024
68942,565,2024
68943,241,2024
68944,1252,2024
68945,156,2024
68946,36,2024
68947,664,2024
68948,335,2024
68949,6662,2024
68950,290,2024
68952,103,2024
68954,43,2024
68955,2242,2024
68956,1140,2024
68957,555,2024
68958,613,2024
68959,4048,2024
68960,178,2024
68961,633,2024
68964,139,2024
68966,426,2024
68967,899,2024
68970,1248,2024
68971,306,2024
68972,203,2024
68973,520,2024
68974,262,2024
68975,88,2024
68976,234,2024
68977,226,2024
68978,2284,2024
68979,1572,2024
68980,561,2024
68981,166,2024
68982,591,2024
69001,9054,2024
69020,655,2024
69021,1224,2024
69022,1575,2024
69023,315,2024
69024,1017,2024
69025,951,2024
69026,148,2024
69027,57,2024
69028,820,2024
69029,361,2024
69030,280,2024
69032,526,2024
69033,2610,2024
69034,895,2024
69036,35,2024
69037,62,2024
69038,418,2024
69039,122,2024
69040,566,2024
69041,88,2024
69042,13,2024
69043,546,2024
69044,623,2024
69045,801,2024
69046,194,2024
69101,27198,2024
69120,1208,2024
69121,365,2024
69122,654,2024
69123,972,2024
69125,332,2024
69127,906,2024
69128,404,2024
69129,1292,2024
69130,5004,2024
69131,729,2024
69132,88,2024
69133,340,2024
69134,327,2024
69135,29,2024
69138,4316,2024
69140,1762,2024
69141,327,2024
69142,53,2024
69143,1789,2024
69144,145,2024
69145,2511,2024
69146,230,2024
69147,706,2024
69148,54,2024
69149,722,2024
69150,344,2024
69151,831,2024
69152,743,2024
69153,5812,2024
69154,1095,2024
69155,936,2024
69156,668,2024
69157,99,2024
69161,53,2024
69162,7274,2024
69163,847,2024
69165,1760,2024
69166,603,2024
69167,403,2024
69168,288,2024
69169,461,2024
69170,326,2024
69171,0,2024
69201,4012,2024
69210,2191,2024
69211,201,2024
69212,315,2024
69214,177,2024
69216,221,2024
69217,543,2024
69218,429,2024
69219,40,2024
69220,54,2024
69221,64,2024
69301,9524,2024
69331,25,2024
69333,296,2024
69334,2418,2024
69335,33,2024
69336,1893,2024
69337,6466,2024
69339,1474,2024
69340,169,2024
69341,10482,2024
69343,2544,2024
69345,541,2024
69346,480,2024
69347,1324,2024
69348,1334,2024
69350,375,2024
69351,193,2024
69352,552,2024
69353,46,2024
69354,110,2024
69355,146,2024
69356,2114,2024
69357,3677,2024
69358,2062,2024
69360,1078,2024
69361,17187,2024
69365,17,2024
69366,290,2024
69367,89,2024
70001,38950,2024
70002,19426,2024
70003,39344,2024
70005,24088,2024
70006,16170,2024
70030,4290,2024
70031,1483,2024
70032,4625,2024
70036,544,2024
70037,16639,2024
70038,125,2024
70039,1993,2024
70040,1056,2024
70041,1747,2024
70043,22638,2024
70047,13220,2024
70049,1482,2024
70050,0,2024
70051,1878,2024
70052,3171,2024
70053,16621,2024
70056,40348,2024
70057,4122,2024
70058,39578,2024
70062,17771,2024
70065,48936,2024
70067,2754,2024
70068,32720,2024
70070,13960,2024
70071,3018,2024
70072,55693,2024
70075,5392,2024
70076,100,2024
70079,2757,2024
70080,586,2024
70082,674,2024
70083,2317,2024
70084,5629,2024
70085,4736,2024
70086,1793,2024
70087,7314,2024
70090,6447,2024
70091,337,2024
70092,6936,2024
70094,32130,2024
70112,3490,2024
70113,9387,2024
70114,22659,2024
70115,31183,2024
70116,10404,2024
70117,25652,2024
70118,36072,2024
70119,37253,2024
70121,10558,2024
70122,35253,2024
70123,27386,2024
70124,21778,2024
70125,17821,2024
70126,27047,2024
70127,23107,2024
70128,22986,2024
70129,9769,2024
70130,12560,2024
70131,25151,2024
70139,0,2024
70148,281,2024
70163,0,2024
70301,50095,2024
70310,327,2024
70339,4848,2024
70340,0,2024
70341,3690,2024
70342,4607,2024
70343,5280,2024
70344,4724,2024
70345,8344,2024
70346,9927,2024
70352,167,2024
70353,442,2024
70354,3404,2024
70355,957,2024
70356,1495,2024
70357,2351,2024
70358,623,2024
70359,10038,2024
70360,28574,2024
70363,24127,2024
70364,28716,2024
70372,1968,2024
70373,5539,2024
70374,5872,2024
70375,178,2024
70377,3056,2024
70380,20529,2024
70390,7160,2024
70391,0,2024
70392,8173,2024
70393,117,2024
70394,13395,2024
70395,4420,2024
70397,971,2024
70401,21221,2024
70402,1850,2024
70403,30173,2024
70420,7950,2024
70422,15399,2024
70426,6090,2024
70427,17596,2024
70431,5769,2024
70433,41876,2024
70435,22475,2024
70436,104,2024
70437,8030,2024
70438,19349,2024
70441,5685,2024
70442,196,2024
70443,9006,2024
70444,8687,2024
70445,9288,2024
70446,7173,2024
70447,17897,2024
70448,26338,2024
70449,3092,2024
70450,2921,2024
70451,65,2024
70452,12650,2024
70453,1162,2024
70454,34564,2024
70455,2181,2024
70456,3193,2024
70457,143,2024
70458,39034,2024
70460,21669,2024
70461,34808,2024
70462,5593,2024
70463,99,2024
70464,109,2024
70465,522,2024
70466,10148,2024
70471,24199,2024
70501,26465,2024
70503,28643,2024
70506,42318,2024
70507,20096,2024
70508,40592,2024
70510,24107,2024
70512,10740,2024
70513,69,2024
70514,1914,2024
70515,3978,2024
70516,1267,2024
70517,26024,2024
70518,17263,2024
70519,71,2024
70520,20390,2024
70522,495,2024
70523,476,2024
70524,243,2024
70525,14687,2024
70526,16566,2024
70528,2745,2024
70529,12949,2024
70531,1477,2024
70532,2434,2024
70533,7099,2024
70534,622,2024
70535,18466,2024
70537,381,2024
70538,12464,2024
70541,858,2024
70542,3186,2024
70543,4082,2024
70544,10269,2024
70546,15242,2024
70548,8780,2024
70549,3874,2024
70550,34,2024
70551,570,2024
70552,1193,2024
70554,4728,2024
70555,8759,2024
70556,627,2024
70558,24,2024
70559,2699,2024
70560,36996,2024
70563,20165,2024
70570,37565,2024
70575,74,2024
70576,908,2024
70577,3939,2024
70578,16432,2024
70580,340,2024
70581,958,2024
70582,19209,2024
70583,8386,2024
70584,7481,2024
70585,293,2024
70586,19320,2024
70589,2875,2024
70591,5983,2024
70592,32167,2024
70601,30872,2024
70605,40482,2024
70607,27080,2024
70609,357,2024
70611,22124,2024
70615,12980,2024
70629,0,2024
70630,1478,2024
70631,370,2024
70632,131,2024
70633,8486,2024
70634,25194,2024
70637,825,2024
70638,792,2024
70639,367,2024
70640,196,2024
70643,87,2024
70644,190,2024
70645,899,2024
70646,877,2024
70647,12736,2024
70648,7104,2024
70650,218,2024
70651,302,2024
70652,2149,2024
70653,3184,2024
70654,1,2024
70655,3047,2024
70656,4015,2024
70657,5254,2024
70658,914,2024
70659,1387,2024
70660,1996,2024
70661,1861,2024
70662,488,2024
70663,27799,2024
70665,13222,2024
70668,6169,2024
70669,9552,2024
70706,21833,2024
70710,7252,2024
70711,5612,2024
70712,4802,2024
70714,17433,2024
70715,802,2024
70719,4856,2024
70721,447,2024
70722,4233,2024
70723,1189,2024
70725,943,2024
70726,63575,2024
70729,1004,2024
70730,3990,2024
70732,1035,2024
70733,1715,2024
70734,9213,2024
70736,376,2024
70737,49084,2024
70739,14877,2024
70740,975,2024
70743,654,2024
70744,6070,2024
70747,599,2024
70748,6909,2024
70749,1701,2024
70750,1117,2024
70752,437,2024
70753,671,2024
70754,11641,2024
70755,1617,2024
70756,780,2024
70757,2356,2024
70759,934,2024
70760,6314,2024
70761,732,2024
70762,895,2024
70763,4264,2024
70764,14757,2024
70767,14900,2024
70769,49278,2024
70770,3787,2024
70772,1020,2024
70773,57,2024
70774,10041,2024
70775,9945,2024
70776,7100,2024
70777,4406,2024
70778,2742,2024
70780,487,2024
70782,105,2024
70783,2804,2024
70785,23921,2024
70786,0,2024
70787,440,2024
70788,3830,2024
70789,917,2024
70791,30385,2024
70801,192,2024
70802,25118,2024
70803,3562,2024
70805,23288,2024
70806,28302,2024
70807,15300,2024
70808,35843,2024
70809,25732,2024
70810,42659,2024
70811,12154,2024
70812,11007,2024
70813,1668,2024
70814,11921,2024
70815,31024,2024
70816,45718,2024
70817,33482,2024
70818,9370,2024
70819,4322,2024
70820,23377,2024
70825,0,2024
70836,501,2024
71001,3747,2024
71002,151,2024
71003,792,2024
71004,335,2024
71006,16454,2024
71007,1354,2024
71008,315,2024
71009,47,2024
71016,1852,2024
71018,1260,2024
71019,7207,2024
71021,511,2024
71023,3381,2024
71024,910,2024
71027,1031,2024
71028,1472,2024
71029,142,2024
71030,1878,2024
71031,803,2024
71032,2330,2024
71033,3297,2024
71034,222,2024
71037,21192,2024
71038,3796,2024
71039,1281,2024
71040,7767,2024
71043,470,2024
71044,826,2024
71045,503,2024
71046,1033,2024
71047,10069,2024
71048,114,2024
71049,3175,2024
71051,2321,2024
71052,9102,2024
71055,17772,2024
71060,2400,2024
71061,1977,2024
71063,724,2024
71064,4350,2024
71065,976,2024
71066,0,2024
71067,2406,2024
71068,3482,2024
71069,474,2024
71070,1721,2024
71071,2159,2024
71072,1348,2024
71073,2654,2024
71075,5412,2024
71078,7653,2024
71079,263,2024
71082,3666,2024
71101,6415,2024
71103,6332,2024
71104,12975,2024
71105,20179,2024
71106,34117,2024
71107,31734,2024
71108,18072,2024
71109,17412,2024
71110,2626,2024
71111,43925,2024
71112,33587,2024
71115,14413,2024
71118,23219,2024
71119,10003,2024
71129,12845,2024
71201,21782,2024
71202,25444,2024
71203,38354,2024
71209,1264,2024
71212,0,2024
71218,0,2024
71219,1212,2024
71220,20398,2024
71222,2871,2024
71223,298,2024
71225,6354,2024
71226,1559,2024
71227,3783,2024
71229,1331,2024
71230,0,2024
71232,5768,2024
71233,174,2024
71234,5396,2024
71235,4034,2024
71237,1028,2024
71238,2374,2024
71241,8485,2024
71242,100,2024
71243,152,2024
71245,4439,2024
71247,1133,2024
71250,65,2024
71251,8026,2024
71253,376,2024
71254,6397,2024
71256,678,2024
71259,2010,2024
71260,3151,2024
71261,1171,2024
71263,6410,2024
71264,1130,2024
71266,1673,2024
71268,2437,2024
71269,12318,2024
71270,32885,2024
71272,1969,2024
71275,2363,2024
71276,135,2024
71277,1263,2024
71279,50,2024
71280,5269,2024
71282,8828,2024
71286,503,2024
71291,35269,2024
71292,22935,2024
71295,13992,2024
71301,17035,2024
71302,13579,2024
71303,25138,2024
71316,44,2024
71320,134,2024
71322,5356,2024
71323,1027,2024
71325,1273,2024
71326,852,2024
71327,5941,2024
71328,7614,2024
71330,87,2024
71331,714,2024
71333,381,2024
71334,9156,2024
71336,1391,2024
71339,0,2024
71340,1760,2024
71341,2943,2024
71342,7735,2024
71343,6764,2024
71345,34,2024
71346,2555,2024
71350,4774,2024
71351,11499,2024
71353,1399,2024
71354,1394,2024
71355,1706,2024
71356,596,2024
71357,1458,2024
71358,867,2024
71359,219,2024
71360,34653,2024
71362,2233,2024
71366,1369,2024
71367,1776,2024
71368,1245,2024
71369,2518,2024
71371,2033,2024
71373,5652,2024
71375,1108,2024
71378,2163,2024
71401,18,2024
71403,3962,2024
71404,656,2024
71405,5361,2024
71406,12,2024
71407,1178,2024
71409,6135,2024
71410,84,2024
71411,2604,2024
71414,211,2024
71415,366,2024
71416,544,2024
71417,4940,2024
71418,5233,2024
71419,1936,2024
71422,1868,2024
71423,4962,2024
71424,1439,2024
71425,78,2024
71426,142,2024
71427,172,2024
71428,0,2024
71429,2849,2024
71430,2757,2024
71432,768,2024
71433,4084,2024
71434,74,2024
71435,3499,2024
71438,1073,2024
71439,1961,2024
71441,784,2024
71446,21275,2024
71447,1010,2024
71449,9029,2024
71450,842,2024
71452,69,2024
71454,2553,2024
71455,318,2024
71456,952,2024
71457,24370,2024
71459,10270,2024
71461,2046,2024
71462,1637,2024
71463,8559,2024
71465,3086,2024
71466,209,2024
71467,8228,2024
71468,501,2024
71469,3020,2024
71472,71,2024
71473,573,2024
71474,348,2024
71475,0,2024
71479,510,2024
71480,1240,2024
71483,9243,2024
71485,2890,2024
71486,4748,2024
71497,2074,2024
71601,13367,2024
71602,14990,2024
71603,29578,2024
71630,456,2024
71631,313,2024
71635,10295,2024
71638,2874,2024
71639,5077,2024
71640,2265,2024
71642,759,2024
71643,5129,2024
71644,462,2024
71646,6563,2024
71647,1574,2024
71651,41,2024
71652,993,2024
71653,4813,2024
71654,4216,2024
71655,14022,2024
71658,387,2024
71659,12,2024
71660,836,2024
71661,110,2024
71662,100,2024
71663,571,2024
71665,4964,2024
71666,10,2024
71667,7059,2024
71670,983,2024
71671,8601,2024
71674,631,2024
71675,1785,2024
71676,529,2024
71677,122,2024
71678,33,2024
71701,16847,2024
71720,2523,2024
71721,0,2024
71722,61,2024
71724,147,2024
71725,264,2024
71726,1108,2024
71728,32,2024
71730,29760,2024
71740,2100,2024
71742,4333,2024
71743,2913,2024
71744,2963,2024
71745,147,2024
71747,655,2024
71748,44,2024
71749,2787,2024
71751,573,2024
71752,649,2024
71753,15474,2024
71758,150,2024
71759,243,2024
71762,2929,2024
71763,1607,2024
71764,1688,2024
71765,1742,2024
71766,690,2024
71770,3307,2024
71772,18,2024
71801,14883,2024
71820,149,2024
71822,7675,2024
71823,144,2024
71825,391,2024
71826,962,2024
71827,822,2024
71831,101,2024
71832,10147,2024
71833,1862,2024
71834,1807,2024
71835,1156,2024
71836,3166,2024
71837,4424,2024
71838,1006,2024
71839,409,2024
71841,589,2024
71842,1955,2024
71845,1663,2024
71846,2944,2024
71847,210,2024
71851,2196,2024
71852,9340,2024
71853,231,2024
71854,35720,2024
71855,352,2024
71857,5818,2024
71858,1495,2024
71859,146,2024
71860,1847,2024
71861,2093,2024
71862,639,2024
71864,90,2024
71865,210,2024
71866,390,2024
71901,28937,2024
71909,18449,2024
71913,47477,2024
71921,3427,2024
71922,159,2024
71923,14875,2024
71929,4627,2024
71933,1057,2024
71935,866,2024
71937,2098,2024
71940,1125,2024
71941,2203,2024
71942,123,2024
71943,3731,2024
71944,1119,2024
71945,1469,2024
71949,1160,2024
71950,1007,2024
71952,43,2024
71953,13415,2024
71956,1407,2024
71957,3105,2024
71958,2494,2024
71959,628,2024
71960,1144,2024
71961,1120,2024
71962,744,2024
71964,4572,2024
71965,298,2024
71968,4437,2024
71969,223,2024
71970,526,2024
71971,719,2024
71972,416,2024
71973,994,2024
71998,669,2024
71999,450,2024
72001,391,2024
72002,21495,2024
72003,623,2024
72004,661,2024
72005,66,2024
72006,2004,2024
72007,10579,2024
72010,5204,2024
72011,4648,2024
72012,13502,2024
72013,1573,2024
72014,38,2024
72015,28712,2024
72016,2727,2024
72017,203,2024
72019,30055,2024
72020,3100,2024
72021,3491,2024
72022,18808,2024
72023,37452,2024
72024,3998,2024
72025,834,2024
72026,201,2024
72027,1437,2024
72028,14,2024
72029,1918,2024
72030,650,2024
72031,6607,2024
72032,34469,2024
72034,50285,2024
72035,2151,2024
72036,598,2024
72038,76,2024
72039,1983,2024
72040,2421,2024
72041,1175,2024
72042,4993,2024
72044,1071,2024
72045,1110,2024
72046,3876,2024
72047,894,2024
72048,59,2024
72051,659,2024
72052,119,2024
72053,21,2024
72055,472,2024
72057,1231,2024
72058,18880,2024
72059,0,2024
72060,539,2024
72061,207,2024
72063,1673,2024
72064,2781,2024
72065,5457,2024
72066,259,2024
72067,2870,2024
72068,838,2024
72069,815,2024
72070,2295,2024
72072,260,2024
72073,826,2024
72074,100,2024
72075,10,2024
72076,38437,2024
72079,385,2024
72080,558,2024
72081,7436,2024
72082,1956,2024
72083,310,2024
72084,1047,2024
72085,210,2024
72086,11718,2024
72087,1732,2024
72088,2542,2024
72099,629,2024
72101,3019,2024
72102,2620,2024
72103,15736,2024
72104,23624,2024
72106,6213,2024
72107,92,2024
72108,0,2024
72110,11293,2024
72111,1283,2024
72112,11161,2024
72113,25596,2024
72114,10093,2024
72116,22464,2024
72117,13438,2024
72118,22913,2024
72119,0,2024
72120,34365,2024
72121,3631,2024
72122,1471,2024
72123,364,2024
72125,837,2024
72126,3241,2024
72127,2565,2024
72128,918,2024
72129,1506,2024
72130,302,2024
72131,4605,2024
72132,3640,2024
72133,0,2024
72134,355,2024
72135,3239,2024
72136,3209,2024
72137,2267,2024
72139,218,2024
72140,321,2024
72141,660,2024
72142,2557,2024
72143,35000,2024
72150,12337,2024
72152,320,2024
72153,4191,2024
72156,811,2024
72157,1483,2024
72160,9071,2024
72165,40,2024
72166,264,2024
72167,1261,2024
72168,1803,2024
72169,93,2024
72170,174,2024
72173,9990,2024
72175,396,2024
72176,8678,2024
72178,44,2024
72179,399,2024
72180,89,2024
72181,37,2024
72182,23,2024
72183,904,2024
72199,18,2024
72201,795,2024
72202,9704,2024
72204,30525,2024
72205,23043,2024
72206,22667,2024
72207,10631,2024
72209,31607,2024
72210,15621,2024
72211,22335,2024
72212,13698,2024
72223,26986,2024
72227,11284,2024
72301,23959,2024
72311,80,2024
72313,0,2024
72315,19890,2024
72320,1604,2024
72322,56,2024
72324,2051,2024
72325,19,2024
72326,1929,2024
72327,1297,2024
72328,73,2024
72329,0,2024
72330,464,2024
72331,2316,2024
72332,135,2024
72333,311,2024
72335,16372,2024
72338,8,2024
72339,252,2024
72340,43,2024
72341,156,2024
72342,4070,2024
72346,513,2024
72347,719,2024
72348,2135,2024
72350,988,2024
72351,828,2024
72352,13,2024
72353,47,2024
72354,2403,2024
72355,1780,2024
72358,1338,2024
72359,154,2024
72360,5048,2024
72364,16034,2024
72365,2618,2024
72366,1893,2024
72367,0,2024
72368,1212,2024
72369,0,2024
72370,7301,2024
72372,1604,2024
72373,832,2024
72374,562,2024
72376,1463,2024
72377,32,2024
72379,34,2024
72383,45,2024
72384,695,2024
72386,1304,2024
72387,0,2024
72389,287,2024
72390,6577,2024
72391,44,2024
72392,422,2024
72394,451,2024
72395,1058,2024
72396,12766,2024
72401,42602,2024
72404,29968,2024
72405,18675,2024
72410,400,2024
72411,2997,2024
72412,351,2024
72413,540,2024
72414,227,2024
72415,1376,2024
72416,5642,2024
72417,5940,2024
72419,1394,2024
72421,618,2024
72422,4324,2024
72424,67,2024
72425,445,2024
72426,168,2024
72427,46,2024
72428,115,2024
72429,247,2024
72430,684,2024
72431,431,2024
72432,6283,2024
72433,2723,2024
72434,1880,2024
72435,224,2024
72436,885,2024
72437,3134,2024
72438,2274,2024
72440,269,2024
72441,51,2024
72442,4584,2024
72443,2649,2024
72444,1600,2024
72445,91,2024
72447,1835,2024
72449,193,2024
72450,40807,2024
72453,175,2024
72454,4833,2024
72455,13442,2024
72456,433,2024
72457,143,2024
72458,567,2024
72459,1348,2024
72460,1016,2024
72461,3643,2024
72462,298,2024
72464,10,2024
72466,1461,2024
72467,948,2024
72469,1050,2024
72470,278,2024
72471,1383,2024
72472,8708,2024
72473,1852,2024
72476,7334,2024
72478,323,2024
72479,1152,2024
72482,1226,2024
72501,26218,2024
72512,2506,2024
72513,2888,2024
72515,0,2024
72517,86,2024
72519,2945,2024
72520,307,2024
72521,4910,2024
72522,191,2024
72523,961,2024
72524,163,2024
72526,158,2024
72527,636,2024
72528,292,2024
72529,5059,2024
72530,1755,2024
72531,870,2024
72532,1618,2024
72533,334,2024
72534,1368,2024
72536,460,2024
72537,535,2024
72538,672,2024
72539,123,2024
72540,99,2024
72542,4072,2024
72543,12350,2024
72544,952,2024
72546,0,2024
72550,643,2024
72553,112,2024
72554,2817,2024
72555,256,2024
72556,3765,2024
72560,7634,2024
72561,972,2024
72562,2913,2024
72564,455,2024
72565,1357,2024
72566,656,2024
72567,222,2024
72568,2110,2024
72569,279,2024
72571,427,2024
72572,360,2024
72573,389,2024
72576,4181,2024
72577,815,2024
72578,117,2024
72579,1407,2024
72581,735,2024
72583,1272,2024
72584,322,2024
72585,187,2024
72587,0,2024
72601,31370,2024
72611,1534,2024
72615,41,2024
72616,10907,2024
72617,444,2024
72619,1675,2024
72623,565,2024
72624,272,2024
72626,1294,2024
72628,737,2024
72629,223,2024
72630,117,2024
72631,4361,2024
72632,5169,2024
72633,1512,2024
72634,4977,2024
72635,3426,2024
72636,16,2024
72638,6912,2024
72639,775,2024
72640,607,2024
72641,1784,2024
72642,1664,2024
72644,2369,2024
72645,1306,2024
72648,580,2024
72650,4741,2024
72651,1304,2024
72653,29564,2024
72655,420,2024
72658,1804,2024
72660,424,2024
72661,777,2024
72662,2967,2024
72663,594,2024
72666,354,2024
72668,763,2024
72669,186,2024
72670,153,2024
72672,227,2024
72675,1047,2024
72677,896,2024
72679,97,2024
72680,1109,2024
72682,226,2024
72683,334,2024
72685,1398,2024
72686,83,2024
72687,6238,2024
72701,49835,2024
72703,35896,2024
72704,32497,2024
72712,38690,2024
72713,28999,2024
72714,14350,2024
72715,17288,2024
72717,1068,2024
72718,5806,2024
72719,19701,2024
72721,851,2024
72722,2876,2024
72727,6703,2024
72729,154,2024
72730,11570,2024
72732,5392,2024
72734,8694,2024
72736,7886,2024
72738,2688,2024
72739,463,2024
72740,10179,2024
72742,400,2024
72744,5520,2024
72745,15447,2024
72747,135,2024
72749,296,2024
72751,9997,2024
72752,409,2024
72753,10744,2024
72756,41791,2024
72758,48233,2024
72760,300,2024
72761,24745,2024
72762,46092,2024
72764,58719,2024
72768,1026,2024
72769,907,2024
72773,1381,2024
72774,7082,2024
72776,520,2024
72801,19019,2024
72802,23283,2024
72821,1972,2024
72823,6023,2024
72824,2473,2024
72826,10,2024
72827,78,2024
72828,123,2024
72829,0,2024
72830,15757,2024
72832,649,2024
72833,3620,2024
72834,9482,2024
72835,727,2024
72837,8499,2024
72838,203,2024
72839,328,2024
72840,2448,2024
72841,316,2024
72842,1112,2024
72843,1984,2024
72845,1063,2024
72846,3853,2024
72847,3040,2024
72851,829,2024
72852,189,2024
72853,2002,2024
72854,791,2024
72855,6167,2024
72856,446,2024
72857,1190,2024
72858,3030,2024
72860,269,2024
72863,1856,2024
72865,1040,2024
72901,19819,2024
72903,27242,2024
72904,21296,2024
72905,0,2024
72908,14288,2024
72916,11711,2024
72921,12888,2024
72923,4956,2024
72926,587,2024
72927,7944,2024
72928,522,2024
72930,207,2024
72932,1696,2024
72933,5087,2024
72934,1147,2024
72935,521,2024
72936,14070,2024
72937,4075,2024
72938,933,2024
72940,1829,2024
72941,5140,2024
72943,2708,2024
72944,2599,2024
72945,475,2024
72946,3844,2024
72947,4493,2024
72948,334,2024
72949,9477,2024
72950,517,2024
72951,729,2024
72952,2101,2024
72955,719,2024
72956,34546,2024
72958,6948,2024
72959,2972,2024
73001,64,2024
73002,1177,2024
73003,23236,2024
73004,853,2024
73005,7558,2024
73006,2424,2024
73007,3170,2024
73008,21472,2024
73009,875,2024
73010,21521,2024
73011,607,2024
73012,46993,2024
73013,58023,2024
73014,1348,2024
73015,2240,2024
73016,2492,2024
73017,1351,2024
73018,20505,2024
73019,0,2024
73020,25645,2024
73021,241,2024
73022,0,2024
73024,681,2024
73025,16914,2024
73026,11216,2024
73027,1190,2024
73028,3389,2024
73029,1525,2024
73030,4499,2024
73031,44,2024
73032,227,2024
73033,553,2024
73034,48831,2024
73036,21387,2024
73038,1483,2024
73040,1349,2024
73041,354,2024
73042,1009,2024
73043,142,2024
73044,25398,2024
73045,11517,2024
73047,6493,2024
73048,2149,2024
73049,7407,2024
73050,1228,2024
73051,10274,2024
73052,6380,2024
73053,703,2024
73054,4702,2024
73055,10064,2024
73056,455,2024
73057,2222,2024
73058,296,2024
73059,2784,2024
73061,1794,2024
73062,1105,2024
73063,730,2024
73064,28919,2024
73065,11685,2024
73066,249,2024
73067,1606,2024
73068,12258,2024
73069,28462,2024
73070,97,2024
73071,43798,2024
73072,50881,2024
73073,706,2024
73074,1208,2024
73075,9383,2024
73077,6087,2024
73078,13021,2024
73079,682,2024
73080,10773,2024
73082,2714,2024
73084,6641,2024
73086,8404,2024
73089,14290,2024
73090,927,2024
73092,732,2024
73093,3767,2024
73095,1748,2024
73096,14364,2024
73097,178,2024
73098,3382,2024
73099,91014,2024
73102,3812,2024
73103,5486,2024
73104,3692,2024
73105,5900,2024
73106,12140,2024
73107,25791,2024
73108,14919,2024
73109,21378,2024
73110,32348,2024
73111,10727,2024
73112,30372,2024
73114,17656,2024
73115,20225,2024
73116,10211,2024
73117,6225,2024
73118,14262,2024
73119,30398,2024
73120,35559,2024
73121,3075,2024
73122,12635,2024
73127,25865,2024
73128,6281,2024
73129,20014,2024
73130,21476,2024
73131,3845,2024
73132,27834,2024
73134,7522,2024
73135,22022,2024
73139,17920,2024
73141,3562,2024
73142,17548,2024
73145,3612,2024
73149,6031,2024
73150,5688,2024
73151,2254,2024
73159,31447,2024
73160,62690,2024
73162,28728,2024
73165,8357,2024
73169,3095,2024
73170,41458,2024
73173,4780,2024
73179,8532,2024
73401,36833,2024
73425,201,2024
73430,1337,2024
73432,862,2024
73433,2583,2024
73434,574,2024
73435,63,2024
73436,152,2024
73437,108,2024
73438,2938,2024
73439,7141,2024
73440,218,2024
73441,102,2024
73442,275,2024
73443,3380,2024
73444,103,2024
73446,8479,2024
73447,1090,2024
73448,5913,2024
73449,3088,2024
73450,1562,2024
73453,662,2024
73455,590,2024
73456,1621,2024
73458,741,2024
73459,1569,2024
73460,4240,2024
73461,710,2024
73463,3909,2024
73481,842,2024
73487,178,2024
73488,11,2024
73491,791,2024
73501,20397,2024
73503,11468,2024
73505,47790,2024
73507,21046,2024
73520,91,2024
73521,20155,2024
73523,243,2024
73526,2049,2024
73527,5109,2024
73528,617,2024
73529,4898,2024
73530,340,2024
73531,368,2024
73532,451,2024
73533,27618,2024
73537,543,2024
73538,7128,2024
73539,189,2024
73540,324,2024
73541,3257,2024
73542,4092,2024
73543,1993,2024
73544,178,2024
73546,1127,2024
73547,1853,2024
73548,428,2024
73549,320,2024
73550,2179,2024
73551,11,2024
73552,1404,2024
73553,19,2024
73554,3309,2024
73555,239,2024
73556,134,2024
73557,261,2024
73559,345,2024
73560,654,2024
73562,535,2024
73564,386,2024
73565,941,2024
73566,1459,2024
73567,781,2024
73568,1144,2024
73569,342,2024
73570,970,2024
73571,33,2024
73572,3045,2024
73573,2416,2024
73601,9597,2024
73620,1378,2024
73622,308,2024
73624,1874,2024
73625,384,2024
73626,1110,2024
73627,530,2024
73628,1677,2024
73632,3093,2024
73638,180,2024
73639,817,2024
73641,484,2024
73642,110,2024
73644,14043,2024
73645,1086,2024
73646,400,2024
73647,699,2024
73650,893,2024
73651,4018,2024
73654,661,2024
73655,830,2024
73658,232,2024
73659,231,2024
73660,336,2024
73661,687,2024
73662,6588,2024
73663,1164,2024
73664,1137,2024
73666,329,2024
73667,489,2024
73668,26,2024
73669,1539,2024
73673,302,2024
73701,24476,2024
73703,30556,2024
73705,359,2024
73716,454,2024
73717,6852,2024
73718,518,2024
73719,44,2024
73720,221,2024
73722,382,2024
73724,804,2024
73726,420,2024
73727,152,2024
73728,1904,2024
73729,645,2024
73730,598,2024
73731,102,2024
73733,221,2024
73734,747,2024
73735,623,2024
73736,424,2024
73737,3612,2024
73738,1012,2024
73739,416,2024
73741,1769,2024
73742,3906,2024
73743,89,2024
73744,227,2024
73746,9,2024
73747,228,2024
73749,400,2024
73750,7123,2024
73753,378,2024
73754,1043,2024
73755,707,2024
73756,292,2024
73757,92,2024
73758,257,2024
73759,1335,2024
73760,264,2024
73761,370,2024
73762,2286,2024
73763,1812,2024
73764,160,2024
73766,997,2024
73768,1520,2024
73770,20,2024
73771,420,2024
73772,3260,2024
73773,1623,2024
73801,14892,2024
73832,1022,2024
73834,1544,2024
73835,232,2024
73838,528,2024
73840,509,2024
73841,827,2024
73842,354,2024
73843,754,2024
73844,297,2024
73848,1555,2024
73851,111,2024
73852,2688,2024
73853,505,2024
73855,253,2024
73857,918,2024
73858,1461,2024
73859,1582,2024
73860,1207,2024
73901,103,2024
73931,434,2024
73932,1940,2024
73933,1335,2024
73937,278,2024
73938,728,2024
73939,1421,2024
73942,13476,2024
73944,474,2024
73945,2391,2024
73946,12,2024
73947,499,2024
73949,1620,2024
73950,1377,2024
73951,1376,2024
73960,5,2024
74001,258,2024
74002,1925,2024
74003,14024,2024
74006,27911,2024
74008,34006,2024
74010,10311,2024
74011,33900,2024
74012,65060,2024
74014,45212,2024
74015,8676,2024
74016,5891,2024
74017,29206,2024
74019,21023,2024
74020,7587,2024
74021,23628,2024
74022,1793,2024
74023,11730,2024
74026,814,2024
74027,759,2024
74028,1526,2024
74029,5331,2024
74030,3014,2024
74032,1775,2024
74033,13745,2024
74034,149,2024
74035,4021,2024
74036,7799,2024
74037,24547,2024
74038,2175,2024
74039,3826,2024
74041,3073,2024
74042,481,2024
74044,8162,2024
74045,248,2024
74046,58,2024
74047,7227,2024
74048,5559,2024
74050,475,2024
74051,1888,2024
74052,1065,2024
74053,5375,2024
74054,859,2024
74055,51381,2024
74056,4864,2024
74058,3558,2024
74059,5643,2024
74060,334,2024
74061,2245,2024
74062,997,2024
74063,31370,2024
74066,32292,2024
74068,94,2024
74070,15447,2024
74071,130,2024
74072,1630,2024
74073,5881,2024
74074,32422,2024
74075,26451,2024
74077,1755,2024
74078,451,2024
74079,4449,2024
74080,3003,2024
74081,1829,2024
74082,137,2024
74083,791,2024
74084,380,2024
74085,2426,2024
74103,2450,2024
74104,12806,2024
74105,26951,2024
74106,15655,2024
74107,19013,2024
74108,7315,2024
74110,15244,2024
74112,21386,2024
74114,15944,2024
74115,24297,2024
74116,3617,2024
74117,52,2024
74119,3670,2024
74120,5195,2024
74126,9920,2024
74127,16324,2024
74128,13751,2024
74129,18382,2024
74130,2212,2024
74131,2435,2024
74132,10858,2024
74133,48699,2024
74134,23323,2024
74135,20138,2024
74136,31416,2024
74137,28533,2024
74145,18196,2024
74146,16507,2024
74171,2207,2024
74301,11244,2024
74330,2353,2024
74331,7058,2024
74332,1690,2024
74333,1070,2024
74337,5109,2024
74338,5069,2024
74339,2245,2024
74340,182,2024
74342,2039,2024
74343,3183,2024
74344,14876,2024
74346,8266,2024
74347,2757,2024
74349,941,2024
74350,692,2024
74352,5862,2024
74354,17208,2024
74358,222,2024
74359,309,2024
74360,6,2024
74361,17612,2024
74363,2492,2024
74364,1931,2024
74365,4277,2024
74366,1289,2024
74367,624,2024
74368,60,2024
74369,1741,2024
74370,3656,2024
74401,15951,2024
74403,29217,2024
74421,4360,2024
74422,841,2024
74423,884,2024
74425,1036,2024
74426,9712,2024
74427,1342,2024
74428,808,2024
74429,16622,2024
74430,530,2024
74431,895,2024
74432,9645,2024
74434,9611,2024
74435,3042,2024
74436,5057,2024
74437,8937,2024
74438,447,2024
74441,5564,2024
74442,790,2024
74445,3051,2024
74446,436,2024
74447,15786,2024
74450,1698,2024
74451,4023,2024
74452,279,2024
74454,2831,2024
74455,2346,2024
74456,78,2024
74457,447,2024
74458,194,2024
74459,54,2024
74460,377,2024
74462,7114,2024
74463,2115,2024
74464,31116,2024
74467,14400,2024
74468,260,2024
74469,2221,2024
74470,1374,2024
74471,1475,2024
74472,596,2024
74477,0,2024
74501,28616,2024
74521,54,2024
74522,128,2024
74523,5817,2024
74525,10431,2024
74528,144,2024
74530,177,2024
74531,834,2024
74533,891,2024
74534,144,2024
74535,92,2024
74536,1364,2024
74538,3957,2024
74540,173,2024
74543,367,2024
74546,597,2024
74547,2815,2024
74549,118,2024
74552,980,2024
74553,1382,2024
74554,1917,2024
74555,671,2024
74556,257,2024
74557,539,2024
74558,383,2024
74560,435,2024
74561,1950,2024
74562,724,2024
74563,1910,2024
74565,446,2024
74567,79,2024
74569,584,2024
74570,1358,2024
74571,3285,2024
74572,803,2024
74574,1109,2024
74576,209,2024
74577,259,2024
74578,5668,2024
74601,18916,2024
74604,12189,2024
74630,890,2024
74631,6689,2024
74632,553,2024
74633,557,2024
74636,189,2024
74637,1510,2024
74640,327,2024
74641,552,2024
74643,512,2024
74644,597,2024
74646,289,2024
74647,3534,2024
74650,608,2024
74651,849,2024
74652,793,2024
74653,3710,2024
74701,27497,2024
74720,401,2024
74721,0,2024
74722,141,2024
74723,1302,2024
74724,132,2024
74726,2065,2024
74727,2168,2024
74728,10977,2024
74729,2668,2024
74730,5807,2024
74731,1646,2024
74733,3069,2024
74734,858,2024
74735,2027,2024
74736,947,2024
74737,27,2024
74738,375,2024
74740,1959,2024
74741,810,2024
74743,8075,2024
74745,9720,2024
74747,313,2024
74748,572,2024
74750,170,2024
74753,0,2024
74754,541,2024
74755,186,2024
74756,754,2024
74759,1024,2024
74760,108,2024
74761,72,2024
74764,3582,2024
74766,1100,2024
74801,21967,2024
74804,23227,2024
74820,31943,2024
74824,1482,2024
74825,1788,2024
74826,1177,2024
74827,330,2024
74829,1678,2024
74830,148,2024
74831,743,2024
74832,930,2024
74833,574,2024
74834,7952,2024
74836,164,2024
74837,153,2024
74839,662,2024
74840,1827,2024
74842,187,2024
74843,324,2024
74844,332,2024
74845,383,2024
74848,8020,2024
74849,2727,2024
74850,247,2024
74851,11489,2024
74852,1598,2024
74854,2038,2024
74855,4249,2024
74856,842,2024
74857,9931,2024
74859,5671,2024
74860,1664,2024
74864,4833,2024
74865,1894,2024
74866,74,2024
74867,595,2024
74868,12543,2024
74869,536,2024
74871,2349,2024
74872,2901,2024
74873,10924,2024
74875,945,2024
74878,1778,2024
74880,1840,2024
74881,5297,2024
74883,2226,2024
74884,5474,2024
74901,1976,2024
74902,4423,2024
74930,1774,2024
74931,1012,2024
74932,2527,2024
74935,166,2024
74936,1330,2024
74937,5220,2024
74939,1289,2024
74940,2504,2024
74941,2482,2024
74942,145,2024
74943,94,2024
74944,1116,2024
74945,165,2024
74946,33,2024
74947,115,2024
74948,12382,2024
74949,214,2024
74951,1508,2024
74953,12406,2024
74954,5105,2024
74955,13864,2024
74956,1882,2024
74957,834,2024
74959,6375,2024
74960,11971,2024
74962,4398,2024
74963,689,2024
74964,2241,2024
74965,4793,2024
74966,3456,2024
75001,16872,2024
75002,75057,2024
75006,47807,2024
75007,54646,2024
75009,34260,2024
75010,33326,2024
75013,49796,2024
75019,44917,2024
75020,24835,2024
75021,9173,2024
75022,26090,2024
75023,49229,2024
75024,45652,2024
75025,53202,2024
75028,49094,2024
75032,39865,2024
75033,52795,2024
75034,53818,2024
75035,89682,2024
75036,33496,2024
75038,32755,2024
75039,24164,2024
75040,64606,2024
75041,32943,2024
75042,38112,2024
75043,63152,2024
75044,47529,2024
75048,30993,2024
75050,44889,2024
75051,40884,2024
75052,97278,2024
75054,18388,2024
75056,69628,2024
75057,17958,2024
75058,3625,2024
75060,47591,2024
75061,56013,2024
75062,52116,2024
75063,45849,2024
75065,13657,2024
75067,66913,2024
75068,72710,2024
75069,40032,2024
75070,64078,2024
75071,72964,2024
75072,55087,2024
75074,53831,2024
75075,38135,2024
75076,7989,2024
75077,42950,2024
75078,53011,2024
75080,52569,2024
75081,36544,2024
75082,29618,2024
75087,44326,2024
75088,28075,2024
75089,35619,2024
75090,26594,2024
75092,28342,2024
75093,47954,2024
75094,24200,2024
75098,69325,2024
75101,963,2024
75102,1583,2024
75103,16824,2024
75104,49228,2024
75105,216,2024
75109,5344,2024
75110,31552,2024
75114,9333,2024
75115,56211,2024
75116,19954,2024
75117,5109,2024
75119,31866,2024
75124,5981,2024
75125,7873,2024
75126,84799,2024
75127,1576,2024
75132,0,2024
75134,19045,2024
75135,11326,2024
75137,19729,2024
75140,8469,2024
75141,5703,2024
75142,22822,2024
75143,14709,2024
75144,3581,2024
75146,25097,2024
75147,9177,2024
75148,5842,2024
75149,58262,2024
75150,62738,2024
75152,5321,2024
75153,647,2024
75154,52516,2024
75155,2951,2024
75156,16333,2024
75157,227,2024
75158,6025,2024
75159,23456,2024
75160,28206,2024
75161,8011,2024
75163,2443,2024
75164,885,2024
75165,53513,2024
75166,6989,2024
75167,13904,2024
75169,16029,2024
75172,5806,2024
75173,10664,2024
75180,26455,2024
75181,29788,2024
75182,8336,2024
75189,48739,2024
75201,18345,2024
75202,2892,2024
75203,15775,2024
75204,34666,2024
75205,26572,2024
75206,38909,2024
75207,8287,2024
75208,29367,2024
75209,14211,2024
75210,7722,2024
75211,73534,2024
75212,28259,2024
75214,34274,2024
75215,18895,2024
75216,55894,2024
75217,85028,2024
75218,22544,2024
75219,23934,2024
75220,40239,2024
75223,11994,2024
75224,35105,2024
75225,22237,2024
75226,5199,2024
75227,58319,2024
75228,67714,2024
75229,33656,2024
75230,27763,2024
75231,38370,2024
75232,32972,2024
75233,14867,2024
75234,32961,2024
75235,19637,2024
75236,18963,2024
75237,18260,2024
75238,33199,2024
75240,25290,2024
75241,33840,2024
75243,63481,2024
75244,13389,2024
75246,2286,2024
75247,627,2024
75248,38459,2024
75249,16447,2024
75251,3525,2024
75252,28618,2024
75253,24395,2024
75254,25050,2024
75261,0,2024
75270,0,2024
75287,53959,2024
75390,0,2024
75401,22669,2024
75402,20098,2024
75407,34171,2024
75409,27131,2024
75410,4556,2024
75411,1090,2024
75412,488,2024
75413,118,2024
75414,3719,2024
75415,289,2024
75416,2873,2024
75417,2162,2024
75418,15155,2024
75420,1041,2024
75421,850,2024
75422,3229,2024
75423,3104,2024
75424,3790,2024
75426,4351,2024
75428,11531,2024
75429,0,2024
75431,2069,2024
75432,3049,2024
75433,3359,2024
75434,6,2024
75435,1045,2024
75436,2454,2024
75437,1023,2024
75438,1262,2024
75439,1087,2024
75440,7846,2024
75441,82,2024
75442,10805,2024
75446,3814,2024
75447,1028,2024
75448,1127,2024
75449,868,2024
75450,404,2024
75451,1156,2024
75452,5024,2024
75453,3430,2024
75454,22990,2024
75455,26903,2024
75457,6175,2024
75459,6554,2024
75460,23426,2024
75462,12372,2024
75468,1085,2024
75469,372,2024
75470,213,2024
75471,1483,2024
75472,3951,2024
75473,3674,2024
75474,17671,2024
75475,203,2024
75476,1111,2024
75477,846,2024
75478,927,2024
75479,2284,2024
75480,1661,2024
75481,487,2024
75482,26483,2024
75486,2774,2024
75487,1437,2024
75488,1244,2024
75489,803,2024
75490,3196,2024
75491,5471,2024
75492,250,2024
75493,629,2024
75494,11470,2024
75495,11120,2024
75496,2893,2024
75497,3669,2024
75501,34866,2024
75503,26372,2024
75550,561,2024
75551,10341,2024
75554,1883,2024
75555,1630,2024
75556,1184,2024
75558,2126,2024
75559,5528,2024
75560,962,2024
75561,5014,2024
75562,23,2024
75563,4033,2024
75564,35,2024
75565,248,2024
75566,886,2024
75567,3660,2024
75568,2677,2024
75569,3523,2024
75570,11391,2024
75571,2653,2024
75572,3130,2024
75573,263,2024
75574,1227,2024
75601,15780,2024
75602,20671,2024
75603,6061,2024
75604,31924,2024
75605,35417,2024
75630,2452,2024
75631,2483,2024
75633,13271,2024
75638,5212,2024
75639,2536,2024
75640,6142,2024
75641,83,2024
75642,86,2024
75643,2300,2024
75644,12774,2024
75645,10400,2024
75647,13299,2024
75650,10703,2024
75651,1871,2024
75652,15290,2024
75654,12164,2024
75656,4507,2024
75657,7503,2024
75658,31,2024
75659,37,2024
75661,2360,2024
75662,25034,2024
75667,1413,2024
75668,2094,2024
75669,1034,2024
75670,18670,2024
75671,0,2024
75672,16509,2024
75680,0,2024
75681,2248,2024
75682,678,2024
75683,3413,2024
75684,8040,2024
75686,14195,2024
75687,0,2024
75689,98,2024
75691,4130,2024
75692,5563,2024
75693,5935,2024
75694,0,2024
75701,36344,2024
75702,27927,2024
75703,46039,2024
75704,8913,2024
75705,1704,2024
75706,9560,2024
75707,17532,2024
75708,9732,2024
75709,6015,2024
75711,156,2024
75750,3132,2024
75751,18644,2024
75752,7536,2024
75754,7841,2024
75755,5244,2024
75756,4414,2024
75757,14328,2024
75758,9945,2024
75759,278,2024
75760,2396,2024
75762,15704,2024
75763,6259,2024
75764,202,2024
75765,8734,2024
75766,25850,2024
75770,2523,2024
75771,21238,2024
75773,14230,2024
75778,3152,2024
75779,62,2024
75780,373,2024
75782,120,2024
75783,8263,2024
75784,531,2024
75785,10705,2024
75788,48,2024
75789,9095,2024
75790,3915,2024
75791,15786,2024
75792,3898,2024
75801,17531,2024
75803,21770,2024
75831,4881,2024
75833,3550,2024
75835,12439,2024
75838,209,2024
75839,6796,2024
75840,6994,2024
75844,4770,2024
75845,2473,2024
75846,2741,2024
75847,1328,2024
75848,64,2024
75849,62,2024
75850,1239,2024
75851,4336,2024
75852,3323,2024
75853,999,2024
75855,2635,2024
75856,65,2024
75858,57,2024
75859,2337,2024
75860,6624,2024
75861,1381,2024
75862,9968,2024
75865,0,2024
75884,2697,2024
75886,2456,2024
75901,28234,2024
75903,64,2024
75904,34462,2024
75925,3657,2024
75926,1389,2024
75928,899,2024
75929,1498,2024
75930,2330,2024
75931,2323,2024
75932,1291,2024
75933,1418,2024
75934,105,2024
75935,12621,2024
75936,717,2024
75937,1313,2024
75938,2846,2024
75939,4725,2024
75941,8461,2024
75942,0,2024
75943,1144,2024
75944,771,2024
75946,4170,2024
75948,5238,2024
75949,9138,2024
75951,15144,2024
75954,3607,2024
75956,6982,2024
75959,1025,2024
75960,1304,2024
75961,15183,2024
75962,3159,2024
75964,20470,2024
75965,18243,2024
75966,4994,2024
75968,1818,2024
75969,4479,2024
75972,5708,2024
75973,2453,2024
75974,2592,2024
75975,3671,2024
75976,912,2024
75977,547,2024
75979,11273,2024
75980,2539,2024
76001,38913,2024
76002,35265,2024
76005,7102,2024
76006,23446,2024
76008,25165,2024
76009,22803,2024
76010,54978,2024
76011,22752,2024
76012,27991,2024
76013,35715,2024
76014,32818,2024
76015,18135,2024
76016,31280,2024
76017,47074,2024
76018,26834,2024
76020,34602,2024
76021,35354,2024
76022,13760,2024
76023,7534,2024
76028,81549,2024
76031,18920,2024
76033,29538,2024
76034,26103,2024
76035,2656,2024
76036,36044,2024
76039,39855,2024
76040,31677,2024
76041,755,2024
76043,6858,2024
76044,9196,2024
76048,27000,2024
76049,31506,2024
76050,7282,2024
76051,50618,2024
76052,34249,2024
76053,32323,2024
76054,11744,2024
76055,3577,2024
76058,22276,2024
76059,5586,2024
76060,9444,2024
76061,22,2024
76063,82625,2024
76064,2513,2024
76065,47438,2024
76066,5865,2024
76067,21080,2024
76070,1164,2024
76071,5159,2024
76073,7648,2024
76077,1001,2024
76078,10828,2024
76082,24880,2024
76084,14097,2024
76085,12357,2024
76086,23328,2024
76087,36822,2024
76088,15290,2024
76092,31520,2024
76093,4198,2024
76102,11895,2024
76103,15975,2024
76104,20443,2024
76105,22228,2024
76106,35946,2024
76107,30994,2024
76108,45537,2024
76109,26006,2024
76110,33441,2024
76111,20989,2024
76112,44514,2024
76114,27357,2024
76115,19655,2024
76116,49856,2024
76117,32950,2024
76118,17991,2024
76119,52974,2024
76120,21102,2024
76123,42957,2024
76126,27689,2024
76127,1729,2024
76129,1641,2024
76131,56322,2024
76132,26927,2024
76133,53958,2024
76134,29949,2024
76135,19445,2024
76137,60352,2024
76140,33321,2024
76148,23367,2024
76155,6533,2024
76164,13457,2024
76177,25012,2024
76179,80090,2024
76180,38371,2024
76182,30242,2024
76201,31143,2024
76203,1085,2024
76205,18978,2024
76207,19862,2024
76208,30025,2024
76209,27982,2024
76210,47610,2024
76225,3487,2024
76226,43587,2024
76227,62127,2024
76228,1263,2024
76230,10536,2024
76233,3711,2024
76234,21418,2024
76238,657,2024
76239,1341,2024
76240,29419,2024
76241,0,2024
76244,76728,2024
76245,1814,2024
76247,21726,2024
76248,40936,2024
76249,10637,2024
76250,881,2024
76251,708,2024
76252,2947,2024
76253,232,2024
76255,6053,2024
76258,8444,2024
76259,6596,2024
76261,221,2024
76262,43620,2024
76263,35,2024
76264,997,2024
76265,1566,2024
76266,18155,2024
76267,113,2024
76268,243,2024
76270,1826,2024
76271,1859,2024
76272,5335,2024
76273,11229,2024
76301,15479,2024
76302,11932,2024
76305,4941,2024
76306,13963,2024
76308,21896,2024
76309,13395,2024
76310,19029,2024
76311,6362,2024
76351,1256,2024
76354,11990,2024
76357,525,2024
76360,2699,2024
76363,137,2024
76364,268,2024
76365,4842,2024
76366,2074,2024
76367,14367,2024
76370,429,2024
76371,1675,2024
76372,1053,2024
76373,181,2024
76374,4073,2024
76377,464,2024
76379,672,2024
76380,3509,2024
76384,12069,2024
76388,248,2024
76389,1739,2024
76401,31375,2024
76402,750,2024
76424,8629,2024
76426,11632,2024
76427,1001,2024
76429,330,2024
76430,2395,2024
76431,4494,2024
76432,1459,2024
76433,2178,2024
76435,726,2024
76436,115,2024
76437,5882,2024
76439,0,2024
76442,7372,2024
76443,1999,2024
76444,4081,2024
76445,222,2024
76446,8131,2024
76448,5100,2024
76449,2113,2024
76450,12999,2024
76452,142,2024
76453,1440,2024
76454,1320,2024
76455,784,2024
76457,4244,2024
76458,6240,2024
76459,77,2024
76460,469,2024
76462,5167,2024
76463,577,2024
76464,477,2024
76466,564,2024
76469,9,2024
76470,3218,2024
76471,1484,2024
76472,1725,2024
76474,494,2024
76475,997,2024
76476,4144,2024
76481,96,2024
76483,822,2024
76484,879,2024
76486,1123,2024
76487,4133,2024
76490,41,2024
76491,743,2024
76501,17752,2024
76502,52669,2024
76504,26166,2024
76511,2702,2024
76513,45928,2024
76518,1031,2024
76519,782,2024
76520,8426,2024
76522,42118,2024
76523,354,2024
76524,3668,2024
76525,1289,2024
76527,4918,2024
76528,18935,2024
76530,2598,2024
76531,4703,2024
76534,2675,2024
76537,16272,2024
76538,882,2024
76539,9415,2024
76541,19011,2024
76542,53892,2024
76543,34457,2024
76544,28191,2024
76548,33729,2024
76549,56038,2024
76550,13675,2024
76554,2344,2024
76556,1692,2024
76557,5644,2024
76559,7197,2024
76561,996,2024
76565,0,2024
76566,370,2024
76567,9032,2024
76569,2761,2024
76570,2339,2024
76571,9000,2024
76573,0,2024
76574,20242,2024
76577,3128,2024
76578,1762,2024
76579,5448,2024
76596,1060,2024
76597,3005,2024
76598,491,2024
76599,1980,2024
76621,1104,2024
76622,1447,2024
76623,186,2024
76624,2660,2024
76626,1036,2024
76627,1736,2024
76628,50,2024
76629,2053,2024
76630,1589,2024
76631,455,2024
76632,1350,2024
76633,6268,2024
76634,7537,2024
76635,1392,2024
76636,1748,2024
76637,440,2024
76638,3671,2024
76639,2153,2024
76640,3089,2024
76641,2487,2024
76642,6363,2024
76643,16432,2024
76645,11494,2024
76648,2777,2024
76649,813,2024
76650,55,2024
76651,3984,2024
76652,1044,2024
76653,1067,2024
76654,175,2024
76655,10603,2024
76656,2391,2024
76657,12760,2024
76660,572,2024
76661,7602,2024
76664,3231,2024
76665,2771,2024
76666,261,2024
76667,10494,2024
76670,1963,2024
76671,2093,2024
76673,1196,2024
76676,344,2024
76678,102,2024
76679,1433,2024
76680,130,2024
76681,674,2024
76682,3661,2024
76685,28,2024
76686,341,2024
76687,1830,2024
76689,4564,2024
76690,1214,2024
76691,6661,2024
76692,9853,2024
76693,2153,2024
76701,1871,2024
76704,7018,2024
76705,31616,2024
76706,41627,2024
76707,15879,2024
76708,27790,2024
76710,23329,2024
76711,9676,2024
76712,29118,2024
76798,2883,2024
76801,25146,2024
76802,5415,2024
76820,104,2024
76821,4670,2024
76823,2785,2024
76824,0,2024
76825,6454,2024
76827,731,2024
76828,168,2024
76831,0,2024
76832,544,2024
76834,4981,2024
76836,25,2024
76837,1926,2024
76841,262,2024
76842,297,2024
76844,3284,2024
76845,168,2024
76848,60,2024
76849,3584,2024
76852,278,2024
76853,1618,2024
76854,345,2024
76856,3532,2024
76857,2024,2024
76858,212,2024
76859,1641,2024
76861,2177,2024
76862,158,2024
76864,798,2024
76865,206,2024
76866,1111,2024
76869,0,2024
76870,65,2024
76871,728,2024
76872,754,2024
76873,120,2024
76874,0,2024
76875,404,2024
76877,4111,2024
76878,1585,2024
76880,0,2024
76882,313,2024
76884,121,2024
76885,142,2024
76887,87,2024
76888,150,2024
76890,803,2024
76901,31831,2024
76902,0,2024
76903,29947,2024
76904,36954,2024
76905,14456,2024
76908,1322,2024
76909,405,2024
76930,81,2024
76932,3232,2024
76933,1435,2024
76934,1471,2024
76935,1696,2024
76936,2369,2024
76937,280,2024
76939,0,2024
76940,71,2024
76941,1158,2024
76943,2651,2024
76945,1689,2024
76950,3352,2024
76951,1468,2024
76953,33,2024
76955,80,2024
76957,49,2024
76958,213,2024
77002,21015,2024
77003,10164,2024
77004,35997,2024
77005,28874,2024
77006,24892,2024
77007,47808,2024
77008,41645,2024
77009,35769,2024
77010,718,2024
77011,14940,2024
77012,16286,2024
77013,18259,2024
77014,36119,2024
77015,58415,2024
77016,29841,2024
77017,29640,2024
77018,31031,2024
77019,23708,2024
77020,23686,2024
77021,26153,2024
77022,25805,2024
77023,24281,2024
77024,38288,2024
77025,29715,2024
77026,21981,2024
77027,20317,2024
77028,19109,2024
77029,16154,2024
77030,13380,2024
77031,15179,2024
77032,12403,2024
77033,29154,2024
77034,36456,2024
77035,36019,2024
77036,71770,2024
77037,19004,2024
77038,32637,2024
77039,27862,2024
77040,50977,2024
77041,33349,2024
77042,38721,2024
77043,29048,2024
77044,58347,2024
77045,33563,2024
77046,1793,2024
77047,34987,2024
77048,21151,2024
77049,40418,2024
77050,6566,2024
77051,19795,2024
77053,30198,2024
77054,28272,2024
77055,45435,2024
77056,22877,2024
77057,46569,2024
77058,17850,2024
77059,18767,2024
77060,45340,2024
77061,24004,2024
77062,25523,2024
77063,42690,2024
77064,49591,2024
77065,38926,2024
77066,39311,2024
77067,30491,2024
77068,13189,2024
77069,20608,2024
77070,58229,2024
77071,27056,2024
77072,57108,2024
77073,46084,2024
77074,38660,2024
77075,40626,2024
77076,31222,2024
77077,60098,2024
77078,14247,2024
77079,37276,2024
77080,47638,2024
77081,50129,2024
77082,59412,2024
77083,73230,2024
77084,110217,2024
77085,16513,2024
77086,28653,2024
77087,34347,2024
77088,57047,2024
77089,57741,2024
77090,40110,2024
77091,28728,2024
77092,36938,2024
77093,46407,2024
77094,10395,2024
77095,69767,2024
77096,35032,2024
77098,17210,2024
77099,50064,2024
77204,4579,2024
77301,37769,2024
77302,21546,2024
77303,28854,2024
77304,44225,2024
77306,18086,2024
77316,34694,2024
77318,20792,2024
77320,38152,2024
77326,275,2024
77327,42685,2024
77328,17208,2024
77331,7556,2024
77334,197,2024
77335,2468,2024
77336,14342,2024
77338,48031,2024
77339,44538,2024
77340,37517,2024
77341,0,2024
77342,0,2024
77345,27917,2024
77346,79538,2024
77350,347,2024
77351,37143,2024
77354,44900,2024
77355,32847,2024
77356,32583,2024
77357,37592,2024
77358,5087,2024
77359,683,2024
77360,6223,2024
77362,8017,2024
77363,3468,2024
77364,2178,2024
77365,46418,2024
77367,446,2024
77368,0,2024
77369,738,2024
77371,7800,2024
77372,14367,2024
77373,69739,2024
77374,244,2024
77375,72311,2024
77376,570,2024
77377,41680,2024
77378,17629,2024
77379,85190,2024
77380,31369,2024
77381,36139,2024
77382,38986,2024
77384,26781,2024
77385,28156,2024
77386,69980,2024
77388,53425,2024
77389,45701,2024
77396,61735,2024
77401,17213,2024
77406,69918,2024
77407,88319,2024
77412,6,2024
77414,24334,2024
77415,63,2024
77417,3920,2024
77418,10171,2024
77419,609,2024
77420,2236,2024
77422,14547,2024
77423,18767,2024
77426,2007,2024
77428,151,2024
77429,96334,2024
77430,1664,2024
77431,250,2024
77432,0,2024
77433,116550,2024
77434,3970,2024
77435,4812,2024
77436,28,2024
77437,18238,2024
77440,45,2024
77441,41324,2024
77442,1123,2024
77443,0,2024
77444,911,2024
77445,16142,2024
77446,5780,2024
77447,25231,2024
77448,171,2024
77449,130028,2024
77450,71906,2024
77451,515,2024
77453,91,2024
77454,178,2024
77455,1629,2024
77456,1394,2024
77457,353,2024
77458,0,2024
77459,84221,2024
77460,76,2024
77461,12365,2024
77464,407,2024
77465,7681,2024
77466,220,2024
77467,80,2024
77468,0,2024
77469,69826,2024
77470,414,2024
77471,45325,2024
77473,49,2024
77474,15146,2024
77475,431,2024
77476,423,2024
77477,33752,2024
77478,23182,2024
77479,92221,2024
77480,7626,2024
77481,78,2024
77482,2050,2024
77483,257,2024
77484,14348,2024
77485,4378,2024
77486,7195,2024
77488,14548,2024
77489,39292,2024
77493,71484,2024
77494,140157,2024
77498,52806,2024
77502,36371,2024
77503,23866,2024
77504,25779,2024
77505,23174,2024
77506,35114,2024
77507,567,2024
77510,14155,2024
77511,51892,2024
77514,5480,2024
77515,34088,2024
77517,5529,2024
77518,9541,2024
77519,716,2024
77520,36355,2024
77521,69038,2024
77523,30186,2024
77530,31527,2024
77531,16406,2024
77532,33780,2024
77533,1016,2024
77534,3403,2024
77535,39504,2024
77536,33174,2024
77538,917,2024
77539,49375,2024
77541,16996,2024
77545,26236,2024
77546,54789,2024
77547,9217,2024
77550,23489,2024
77551,21696,2024
77554,10414,2024
77555,2,2024
77560,1238,2024
77561,36,2024
77562,8914,2024
77563,9955,2024
77564,1806,2024
77565,6943,2024
77566,30246,2024
77568,23083,2024
77571,38543,2024
77573,98109,2024
77575,16613,2024
77577,1562,2024
77578,30210,2024
77580,0,2024
77581,51332,2024
77582,135,2024
77583,52747,2024
77584,91065,2024
77585,1112,2024
77586,23807,2024
77587,16033,2024
77590,31642,2024
77591,18294,2024
77597,623,2024
77598,26110,2024
77611,10112,2024
77612,9101,2024
77613,692,2024
77614,330,2024
77615,252,2024
77616,860,2024
77617,44,2024
77619,16976,2024
77622,1818,2024
77623,585,2024
77624,573,2024
77625,9049,2024
77627,22357,2024
77629,435,2024
77630,28983,2024
77632,22976,2024
77640,17167,2024
77642,38358,2024
77650,2322,2024
77651,13664,2024
77655,330,2024
77656,17525,2024
77657,22258,2024
77659,5650,2024
77660,1151,2024
77661,102,2024
77662,25041,2024
77663,584,2024
77664,2474,2024
77665,7511,2024
77701,12381,2024
77702,3121,2024
77703,11004,2024
77705,38259,2024
77706,30393,2024
77707,18323,2024
77708,12065,2024
77713,15541,2024
77801,15461,2024
77802,25762,2024
77803,31525,2024
77807,13227,2024
77808,15797,2024
77830,3238,2024
77831,3676,2024
77833,29498,2024
77835,2569,2024
77836,12670,2024
77837,1030,2024
77840,54864,2024
77843,8259,2024
77845,76764,2024
77852,16,2024
77853,884,2024
77855,165,2024
77856,5515,2024
77857,1078,2024
77859,7532,2024
77861,3065,2024
77863,482,2024
77864,7640,2024
77865,1510,2024
77866,0,2024
77867,206,2024
77868,18416,2024
77871,3058,2024
77872,2026,2024
77873,1383,2024
77875,0,2024
77876,34,2024
77878,1113,2024
77879,4611,2024
77880,2517,2024
77882,0,2024
77901,39854,2024
77904,30061,2024
77905,16599,2024
77950,178,2024
77951,1930,2024
77954,11424,2024
77957,9069,2024
77960,0,2024
77961,58,2024
77962,3491,2024
77963,5191,2024
77964,8204,2024
77968,2605,2024
77969,84,2024
77970,217,2024
77971,744,2024
77973,0,2024
77974,695,2024
77975,1780,2024
77976,16,2024
77977,539,2024
77978,304,2024
77979,16488,2024
77982,620,2024
77983,2529,2024
77984,4800,2024
77986,0,2024
77987,253,2024
77988,281,2024
77990,590,2024
77991,440,2024
77993,370,2024
77994,424,2024
77995,10365,2024
78001,0,2024
78002,7035,2024
78003,9967,2024
78004,547,2024
78005,1573,2024
78006,44560,2024
78007,196,2024
78008,234,2024
78009,9151,2024
78010,3635,2024
78011,1757,2024
78012,328,2024
78013,4809,2024
78014,5002,2024
78015,24867,2024
78016,11670,2024
78017,5551,2024
78019,1836,2024
78021,165,2024
78022,4682,2024
78023,28462,2024
78024,1401,2024
78025,4999,2024
78026,7031,2024
78027,318,2024
78028,41206,2024
78029,0,2024
78039,1862,2024
78040,35709,2024
78041,46550,2024
78043,45760,2024
78044,220,2024
78045,67333,2024
78046,72951,2024
78050,529,2024
78052,6389,2024
78055,1753,2024
78056,2526,2024
78057,881,2024
78058,985,2024
78059,7061,2024
78061,10500,2024
78062,0,2024
78063,10778,2024
78064,16365,2024
78065,11695,2024
78066,259,2024
78067,629,2024
78069,7038,2024
78070,20200,2024
78071,3576,2024
78072,403,2024
78073,10088,2024
78074,0,2024
78075,252,2024
78076,13123,2024
78101,7267,2024
78102,27455,2024
78104,21,2024
78107,254,2024
78108,49784,2024
78109,63067,2024
78111,0,2024
78112,9769,2024
78113,3026,2024
78114,24283,2024
78116,226,2024
78117,661,2024
78118,4676,2024
78119,7270,2024
78121,16120,2024
78122,338,2024
78123,2127,2024
78124,6157,2024
78125,32,2024
78130,104009,2024
78132,40953,2024
78133,21959,2024
78140,3474,2024
78141,868,2024
78142,0,2024
78143,0,2024
78144,47,2024
78145,64,2024
78146,752,2024
78147,1532,2024
78148,22187,2024
78150,0,2024
78151,1378,2024
78152,4521,2024
78154,41907,2024
78155,55600,2024
78159,623,2024
78160,4885,2024
78161,579,2024
78162,331,2024
78163,19141,2024
78164,2927,2024
78201,41981,2024
78202,10224,2024
78203,5200,2024
78204,11983,2024
78205,1538,2024
78207,55474,2024
78208,3861,2024
78209,43400,2024
78210,34940,2024
78211,30857,2024
78212,27437,2024
78213,40526,2024
78214,22118,2024
78215,3506,2024
78216,41180,2024
78217,34055,2024
78218,39428,2024
78219,17924,2024
78220,19423,2024
78221,42178,2024
78222,26476,2024
78223,58983,2024
78224,22232,2024
78225,13104,2024
78226,6554,2024
78227,44035,2024
78228,56165,2024
78229,35664,2024
78230,41387,2024
78231,9744,2024
78232,36636,2024
78233,48911,2024
78234,7149,2024
78235,2304,2024
78236,7635,2024
78237,37379,2024
78238,26032,2024
78239,28609,2024
78240,57921,2024
78242,36168,2024
78243,232,2024
78244,38092,2024
78245,96015,2024
78247,51933,2024
78248,14488,2024
78249,63439,2024
78250,57323,2024
78251,59435,2024
78252,21790,2024
78253,69282,2024
78254,77893,2024
78255,17379,2024
78256,13453,2024
78257,10992,2024
78258,52448,2024
78259,29826,2024
78260,38023,2024
78261,26657,2024
78263,4253,2024
78264,11841,2024
78266,7338,2024
78330,351,2024
78332,27042,2024
78336,12424,2024
78338,36,2024
78339,465,2024
78340,455,2024
78341,1550,2024
78342,399,2024
78343,4345,2024
78344,295,2024
78347,186,2024
78349,438,2024
78351,483,2024
78352,54,2024
78353,476,2024
78355,6772,2024
78357,2624,2024
78358,478,2024
78359,2154,2024
78360,0,2024
78361,4727,2024
78362,10816,2024
78363,28920,2024
78368,9464,2024
78369,211,2024
78370,5353,2024
78371,101,2024
78372,5383,2024
78373,3348,2024
78374,20408,2024
78375,2754,2024
78376,105,2024
78377,3421,2024
78379,1659,2024
78380,23149,2024
78382,20568,2024
78383,4081,2024
78384,5747,2024
78385,109,2024
78387,9640,2024
78389,1754,2024
78390,6013,2024
78391,77,2024
78393,2063,2024
78401,4344,2024
78402,554,2024
78404,12635,2024
78405,14602,2024
78406,2301,2024
78407,1674,2024
78408,10111,2024
78409,2937,2024
78410,29040,2024
78411,23682,2024
78412,38631,2024
78413,34289,2024
78414,54263,2024
78415,43080,2024
78416,12480,2024
78417,4703,2024
78418,29790,2024
78419,693,2024
78501,58935,2024
78503,22621,2024
78504,63094,2024
78516,34370,2024
78520,64740,2024
78521,87380,2024
78526,60012,2024
78535,425,2024
78536,371,2024
78537,51426,2024
78538,11982,2024
78539,37168,2024
78540,0,2024
78541,51710,2024
78542,89401,2024
78543,8400,2024
78545,392,2024
78547,306,2024
78548,1341,2024
78549,609,2024
78550,53335,2024
78552,42332,2024
78557,14498,2024
78558,722,2024
78559,12169,2024
78560,4635,2024
78561,1457,2024
78562,3211,2024
78563,92,2024
78564,89,2024
78565,20,2024
78566,25110,2024
78567,323,2024
78569,4342,2024
78570,34348,2024
78572,78024,2024
78573,44809,2024
78574,62456,2024
78575,4575,2024
78576,15484,2024
78577,80540,2024
78578,10016,2024
78579,2039,2024
78580,12964,2024
78582,44741,2024
78583,5236,2024
78584,18464,2024
78585,0,2024
78586,50964,2024
78588,289,2024
78589,40231,2024
78590,428,2024
78591,158,2024
78592,677,2024
78593,5455,2024
78594,1206,2024
78595,6118,2024
78596,39518,2024
78597,2935,2024
78598,245,2024
78599,35454,2024
78602,38190,2024
78605,7573,2024
78606,7272,2024
78607,118,2024
78608,428,2024
78609,1983,2024
78610,48319,2024
78611,14560,2024
78612,19799,2024
78613,89956,2024
78614,262,2024
78615,1637,2024
78616,10683,2024
78617,30756,2024
78618,346,2024
78619,6693,2024
78620,22860,2024
78621,30411,2024
78622,331,2024
78623,1645,2024
78624,23741,2024
78626,48072,2024
78628,50822,2024
78629,12740,2024
78631,3465,2024
78632,1245,2024
78633,29309,2024
78634,46413,2024
78635,92,2024
78636,4134,2024
78638,2135,2024
78639,8719,2024
78640,77531,2024
78641,99865,2024
78642,26434,2024
78643,7088,2024
78644,22348,2024
78645,15256,2024
78648,7863,2024
78650,2409,2024
78652,5287,2024
78653,41291,2024
78654,20650,2024
78655,3730,2024
78656,2847,2024
78657,7591,2024
78658,94,2024
78659,2660,2024
78660,124834,2024
78661,835,2024
78662,3015,2024
78663,503,2024
78664,62060,2024
78665,66171,2024
78666,88583,2024
78669,12592,2024
78670,130,2024
78671,413,2024
78672,570,2024
78674,108,2024
78675,102,2024
78676,15822,2024
78677,44,2024
78681,56691,2024
78701,11824,2024
78702,25985,2024
78703,23483,2024
78704,50688,2024
78705,33238,2024
78712,201,2024
78717,37262,2024
78719,1796,2024
78721,10997,2024
78722,6767,2024
78723,38129,2024
78724,31103,2024
78725,10746,2024
78726,14506,2024
78727,29958,2024
78728,26777,2024
78729,30460,2024
78730,9142,2024
78731,27507,2024
78732,21087,2024
78733,9029,2024
78734,22145,2024
78735,20996,2024
78736,9651,2024
78737,27023,2024
78738,31019,2024
78739,20659,2024
78741,45951,2024
78742,847,2024
78744,50986,2024
78745,61219,2024
78746,28256,2024
78747,22180,2024
78748,55631,2024
78749,34562,2024
78750,29277,2024
78751,16961,2024
78752,23317,2024
78753,56920,2024
78754,32690,2024
78756,9197,2024
78757,23856,2024
78758,49617,2024
78759,43182,2024
78801,21607,2024
78802,0,2024
78827,663,2024
78828,0,2024
78829,1028,2024
78830,597,2024
78832,3157,2024
78833,1219,2024
78834,6971,2024
78836,155,2024
78837,128,2024
78838,125,2024
78839,7091,2024
78840,47256,2024
78841,0,2024
78842,0,2024
78843,307,2024
78850,779,2024
78851,44,2024
78852,57434,2024
78860,0,2024
78861,14008,2024
78870,1070,2024
78871,32,2024
78872,1287,2024
78873,1472,2024
78877,648,2024
78879,184,2024
78880,1194,2024
78881,1283,2024
78883,208,2024
78884,1171,2024
78885,23,2024
78886,286,2024
78931,185,2024
78932,576,2024
78933,1395,2024
78934,6731,2024
78935,734,2024
78938,270,2024
78940,2188,2024
78941,3619,2024
78942,10136,2024
78943,886,2024
78944,720,2024
78945,10394,2024
78946,1117,2024
78947,5044,2024
78948,567,2024
78949,760,2024
78950,2300,2024
78951,0,2024
78953,1089,2024
78954,1173,2024
78956,5243,2024
78957,10543,2024
78959,1157,2024
78962,5236,2024
78963,605,2024
79001,168,2024
79002,15,2024
79003,177,2024
79005,1536,2024
79007,13889,2024
79008,0,2024
79009,1795,2024
79010,616,2024
79011,176,2024
79012,0,2024
79013,3048,2024
79014,3201,2024
79015,23765,2024
79016,310,2024
79018,367,2024
79019,1671,2024
79021,46,2024
79022,10826,2024
79024,349,2024
79025,0,2024
79027,4858,2024
79029,15411,2024
79031,1156,2024
79032,133,2024
79033,20,2024
79034,418,2024
79035,5391,2024
79036,5007,2024
79039,744,2024
79040,1979,2024
79041,2861,2024
79042,1218,2024
79043,1462,2024
79044,583,2024
79045,18189,2024
79046,514,2024
79051,9,2024
79052,1101,2024
79053,74,2024
79054,660,2024
79056,107,2024
79057,1010,2024
79058,0,2024
79059,726,2024
79061,288,2024
79062,435,2024
79063,665,2024
79064,2099,2024
79065,19378,2024
79066,19,2024
79068,2784,2024
79070,9626,2024
79072,25389,2024
79073,0,2024
79078,184,2024
79079,2222,2024
79080,541,2024
79081,2974,2024
79082,382,2024
79083,1669,2024
79084,1595,2024
79085,0,2024
79086,3219,2024
79087,813,2024
79088,5302,2024
79091,0,2024
79092,1361,2024
79093,110,2024
79094,7,2024
79095,2405,2024
79096,2095,2024
79097,1347,2024
79098,576,2024
79101,2526,2024
79102,9393,2024
79103,11306,2024
79104,6561,2024
79106,26161,2024
79107,36662,2024
79108,11216,2024
79109,43578,2024
79110,16994,2024
79111,1575,2024
79118,28107,2024
79119,24907,2024
79121,6437,2024
79124,12019,2024
79201,6779,2024
79220,225,2024
79223,61,2024
79225,756,2024
79226,2855,2024
79227,1065,2024
79229,243,2024
79230,31,2024
79231,24,2024
79233,90,2024
79234,85,2024
79235,2924,2024
79236,197,2024
79237,503,2024
79239,121,2024
79240,30,2024
79241,2204,2024
79243,26,2024
79244,776,2024
79245,2230,2024
79247,36,2024
79248,1273,2024
79250,980,2024
79251,31,2024
79252,2784,2024
79255,399,2024
79256,290,2024
79257,845,2024
79258,14,2024
79259,27,2024
79261,411,2024
79311,3536,2024
79312,1130,2024
79313,1527,2024
79314,130,2024
79316,10055,2024
79322,1983,2024
79323,7485,2024
79324,72,2024
79325,2277,2024
79326,51,2024
79329,3322,2024
79330,56,2024
79331,11711,2024
79336,15132,2024
79339,6685,2024
79342,249,2024
79343,1233,2024
79344,0,2024
79345,916,2024
79346,1767,2024
79347,7176,2024
79350,296,2024
79351,1044,2024
79353,67,2024
79355,1660,2024
79356,5083,2024
79357,1810,2024
79358,1622,2024
79359,3294,2024
79360,17342,2024
79363,5717,2024
79364,7129,2024
79366,1041,2024
79367,519,2024
79369,43,2024
79370,1363,2024
79371,1396,2024
79372,1359,2024
79373,3087,2024
79376,10,2024
79377,230,2024
79378,289,2024
79379,660,2024
79380,98,2024
79381,1463,2024
79382,10512,2024
79383,38,2024
79401,8741,2024
79402,0,2024
79403,16089,2024
79404,8529,2024
79406,7995,2024
79407,24000,2024
79410,10137,2024
79411,6865,2024
79412,15018,2024
79413,23343,2024
79414,17596,2024
79415,15794,2024
79416,36442,2024
79423,46998,2024
79424,53478,2024
79501,3630,2024
79502,1135,2024
79503,202,2024
79504,2969,2024
79505,266,2024
79506,538,2024
79508,1078,2024
79510,8369,2024
79511,1811,2024
79512,7834,2024
79517,210,2024
79518,104,2024
79519,99,2024
79520,2319,2024
79521,3487,2024
79525,3121,2024
79526,986,2024
79527,219,2024
79528,578,2024
79529,1131,2024
79530,392,2024
79532,1029,2024
79533,475,2024
79534,360,2024
79535,129,2024
79536,5047,2024
79537,54,2024
79538,185,2024
79539,220,2024
79540,52,2024
79541,1550,2024
79543,1091,2024
79544,382,2024
79545,1798,2024
79546,1597,2024
79547,957,2024
79548,104,2024
79549,15233,2024
79553,3089,2024
79556,12532,2024
79560,37,2024
79561,665,2024
79562,5070,2024
79563,964,2024
79565,202,2024
79566,230,2024
79567,2995,2024
79601,28050,2024
79602,27425,2024
79603,23548,2024
79605,28467,2024
79606,29182,2024
79607,3315,2024
79699,113,2024
79701,27131,2024
79703,20419,2024
79705,46653,2024
79706,34281,2024
79707,40010,2024
79713,840,2024
79714,18610,2024
79718,629,2024
79719,198,2024
79720,29936,2024
79721,352,2024
79730,123,2024
79731,4196,2024
79733,371,2024
79734,1779,2024
79735,13357,2024
79738,353,2024
79739,780,2024
79741,177,2024
79742,620,2024
79743,231,2024
79744,1283,2024
79745,6034,2024
79748,232,2024
79749,477,2024
79752,1933,2024
79754,33,2024
79755,67,2024
79756,9485,2024
79758,2016,2024
79759,0,2024
79761,30164,2024
79762,39927,2024
79763,35174,2024
79764,27013,2024
79765,25904,2024
79766,11041,2024
79769,0,2024
79770,0,2024
79772,11987,2024
79776,0,2024
79777,116,2024
79778,1175,2024
79780,52,2024
79781,74,2024
79782,3867,2024
79783,113,2024
79785,22,2024
79788,699,2024
79789,1420,2024
79821,7227,2024
79830,7853,2024
79832,330,2024
79834,331,2024
79835,11440,2024
79836,7711,2024
79837,113,2024
79838,4969,2024
79839,1416,2024
79842,285,2024
79843,2633,2024
79845,3226,2024
79846,71,2024
79847,201,2024
79848,791,2024
79849,14409,2024
79851,1198,2024
79852,641,2024
79853,2686,2024
79854,86,2024
79855,2177,2024
79901,8554,2024
79902,19031,2024
79903,14715,2024
79904,32976,2024
79905,22594,2024
79906,5917,2024
79907,46365,2024
79908,4148,2024
79911,10192,2024
79912,78819,2024
79915,34230,2024
79916,3055,2024
79918,274,2024
79920,28,2024
79922,6800,2024
79924,60364,2024
79925,38621,2024
79927,44444,2024
79928,86599,2024
79930,24123,2024
79932,30786,2024
79934,28861,2024
79935,18720,2024
79936,102991,2024
79938,99621,2024
80002,21270,2024
80003,35976,2024
80004,33700,2024
80005,28459,2024
80007,19078,2024
80010,42439,2024
80011,53695,2024
80012,51052,2024
80013,73248,2024
80014,39496,2024
80015,72316,2024
80016,68268,2024
80017,40584,2024
80018,19072,2024
80019,7900,2024
80020,54201,2024
80021,36555,2024
80022,61452,2024
80023,27143,2024
80024,33,2024
80025,138,2024
80026,32701,2024
80027,34127,2024
80030,15427,2024
80031,35584,2024
80033,26485,2024
80045,1676,2024
80101,423,2024
80102,6690,2024
80103,3215,2024
80104,38479,2024
80105,2182,2024
80106,4455,2024
80107,15102,2024
80108,36730,2024
80109,28400,2024
80110,23825,2024
80111,31561,2024
80112,36816,2024
80113,22976,2024
80116,5132,2024
80117,2756,2024
80118,5632,2024
80120,29725,2024
80121,18029,2024
80122,32195,2024
80123,44549,2024
80124,22555,2024
80125,15630,2024
80126,44882,2024
80127,43494,2024
80128,36712,2024
80129,30223,2024
80130,24719,2024
80131,276,2024
80132,30073,2024
80133,2425,2024
80134,80302,2024
80135,4141,2024
80136,6144,2024
80137,1689,2024
80138,36895,2024
80202,18589,2024
80203,22441,2024
80204,35318,2024
80205,34571,2024
80206,24383,2024
80207,21542,2024
80209,27564,2024
80210,39113,2024
80211,38177,2024
80212,20746,2024
80214,27022,2024
80215,19839,2024
80216,17330,2024
80218,19149,2024
80219,59523,2024
80220,37203,2024
80221,39718,2024
80222,23838,2024
80223,19246,2024
80224,19352,2024
80226,31573,2024
80227,34907,2024
80228,34942,2024
80229,55092,2024
80230,10449,2024
80231,35883,2024
80232,23050,2024
80233,48441,2024
80234,29356,2024
80235,8373,2024
80236,16863,2024
80237,23384,2024
80238,30575,2024
80239,44956,2024
80241,34082,2024
80246,13097,2024
80247,29760,2024
80249,41590,2024
80260,34677,2024
80264,0,2024
80266,0,2024
80290,474,2024
80293,0,2024
80294,0,2024
80301,25007,2024
80302,29569,2024
80303,24996,2024
80304,25383,2024
80305,16291,2024
80310,7692,2024
80401,43811,2024
80403,20732,2024
80419,0,2024
80420,1246,2024
80421,8536,2024
80422,4363,2024
80423,83,2024
80424,9764,2024
80425,243,2024
80426,102,2024
80427,567,2024
80428,720,2024
80430,148,2024
80432,293,2024
80433,8292,2024
80434,32,2024
80435,8715,2024
80436,348,2024
80438,970,2024
80439,24610,2024
80440,3502,2024
80442,2614,2024
80443,3992,2024
80444,1053,2024
80446,4017,2024
80447,1857,2024
80448,0,2024
80449,916,2024
80451,1265,2024
80452,3135,2024
80453,297,2024
80454,986,2024
80455,501,2024
80456,507,2024
80457,283,2024
80459,2569,2024
80461,6957,2024
80463,100,2024
80465,16582,2024
80466,3599,2024
80467,2260,2024
80468,382,2024
80469,402,2024
80470,3608,2024
80471,0,2024
80473,62,2024
80474,264,2024
80475,39,2024
80476,159,2024
80478,1396,2024
80479,32,2024
80480,1130,2024
80481,484,2024
80482,1447,2024
80483,455,2024
80487,18525,2024
80498,8881,2024
80501,44147,2024
80503,35846,2024
80504,63451,2024
80510,663,2024
80512,1903,2024
80513,18271,2024
80514,6721,2024
80515,934,2024
80516,39048,2024
80517,9657,2024
80520,1140,2024
80521,38776,2024
80524,40030,2024
80525,54211,2024
80526,44326,2024
80528,24960,2024
80530,6242,2024
80532,185,2024
80534,20502,2024
80535,1896,2024
80536,2383,2024
80537,44425,2024
80538,50110,2024
80540,4642,2024
80542,5155,2024
80543,9774,2024
80544,0,2024
80545,937,2024
80546,271,2024
80547,8821,2024
80549,14325,2024
80550,46456,2024
80601,42127,2024
80602,44783,2024
80603,16811,2024
80610,4132,2024
80611,557,2024
80612,494,2024
80615,9060,2024
80620,20798,2024
80621,15060,2024
80622,282,2024
80623,1026,2024
80624,685,2024
80631,53722,2024
80634,65622,2024
80640,13818,2024
80642,4466,2024
80643,5119,2024
80644,2124,2024
80645,4917,2024
80646,0,2024
80648,902,2024
80649,263,2024
80650,2192,2024
80651,4837,2024
80652,299,2024
80653,939,2024
80654,3657,2024
80701,16226,2024
80705,1102,2024
80720,2247,2024
80721,257,2024
80722,374,2024
80723,6892,2024
80726,453,2024
80727,369,2024
80728,1029,2024
80729,350,2024
80731,1486,2024
80732,42,2024
80733,625,2024
80734,2999,2024
80735,324,2024
80736,625,2024
80737,1420,2024
80740,94,2024
80741,936,2024
80742,204,2024
80743,1333,2024
80744,615,2024
80745,32,2024
80746,37,2024
80747,499,2024
80749,264,2024
80750,217,2024
80751,16936,2024
80754,141,2024
80755,323,2024
80757,216,2024
80758,3394,2024
80759,4931,2024
80801,100,2024
80802,146,2024
80804,432,2024
80805,369,2024
80807,4211,2024
80808,6521,2024
80809,1138,2024
80810,1145,2024
80812,298,2024
80813,1817,2024
80814,4599,2024
80815,923,2024
80816,6251,2024
80817,31241,2024
80818,337,2024
80819,650,2024
80820,427,2024
80821,1336,2024
80822,224,2024
80823,197,2024
80824,293,2024
80825,401,2024
80826,945,2024
80827,808,2024
80828,2427,2024
80829,5312,2024
80830,176,2024
80831,33912,2024
80832,1019,2024
80833,1240,2024
80834,287,2024
80835,643,2024
80836,1085,2024
80840,6727,2024
80860,654,2024
80861,283,2024
80862,47,2024
80863,12329,2024
80864,1505,2024
80902,11951,2024
80903,16491,2024
80904,21158,2024
80905,16672,2024
80906,37502,2024
80907,27815,2024
80908,25486,2024
80909,35486,2024
80910,31368,2024
80911,33027,2024
80913,6586,2024
80914,504,2024
80915,23884,2024
80916,41104,2024
80917,30398,2024
80918,50005,2024
80919,27787,2024
80920,36923,2024
80921,26551,2024
80922,30453,2024
80923,31772,2024
80924,19619,2024
80925,17273,2024
80926,1561,2024
80927,8036,2024
80928,798,2024
80929,155,2024
80930,1882,2024
80938,1664,2024
80939,62,2024
80951,5219,2024
81001,31197,2024
81003,15194,2024
81004,25757,2024
81005,32441,2024
81006,11029,2024
81007,35690,2024
81008,11608,2024
81019,1280,2024
81020,763,2024
81021,12,2024
81022,1143,2024
81023,1417,2024
81024,149,2024
81025,814,2024
81027,158,2024
81029,212,2024
81030,148,2024
81033,219,2024
81036,1017,2024
81039,1597,2024
81040,360,2024
81041,679,2024
81043,30,2024
81044,160,2024
81045,59,2024
81046,3,2024
81047,1586,2024
81049,194,2024
81050,9894,2024
81052,9045,2024
81054,4729,2024
81055,1559,2024
81057,450,2024
81058,871,2024
81059,61,2024
81062,2000,2024
81063,2783,2024
81064,298,2024
81067,5523,2024
81069,1678,2024
81071,298,2024
81073,1865,2024
81076,602,2024
81077,568,2024
81081,89,2024
81082,11842,2024
81084,39,2024
81087,197,2024
81089,4890,2024
81090,829,2024
81091,1120,2024
81092,761,2024
81101,15550,2024
81120,1832,2024
81121,376,2024
81122,8838,2024
81123,606,2024
81124,259,2024
81125,3362,2024
81126,506,2024
81128,34,2024
81129,118,2024
81130,727,2024
81131,1051,2024
81132,3252,2024
81133,1085,2024
81136,305,2024
81137,5571,2024
81138,17,2024
81140,1893,2024
81141,1406,2024
81143,796,2024
81144,6543,2024
81146,637,2024
81147,13091,2024
81148,387,2024
81149,1183,2024
81151,1716,2024
81152,1244,2024
81154,1363,2024
81155,228,2024
81201,9294,2024
81210,664,2024
81211,8302,2024
81212,32292,2024
81220,251,2024
81221,324,2024
81222,538,2024
81223,2457,2024
81224,3101,2024
81225,823,2024
81226,7459,2024
81227,93,2024
81228,0,2024
81230,10971,2024
81232,0,2024
81233,966,2024
81235,912,2024
81236,1748,2024
81237,169,2024
81239,9,2024
81240,4800,2024
81241,238,2024
81242,807,2024
81243,174,2024
81244,660,2024
81248,264,2024
81251,423,2024
81252,4763,2024
81253,524,2024
81301,29774,2024
81303,10236,2024
81320,242,2024
81321,14236,2024
81323,5191,2024
81324,1815,2024
81325,95,2024
81326,2621,2024
81327,486,2024
81328,4487,2024
81330,138,2024
81331,432,2024
81332,414,2024
81334,1389,2024
81335,76,2024
81401,24228,2024
81403,12138,2024
81410,1372,2024
81411,24,2024
81413,5149,2024
81415,1955,2024
81416,14256,2024
81418,1945,2024
81419,3646,2024
81422,589,2024
81423,1176,2024
81424,1079,2024
81425,5005,2024
81426,120,2024
81427,1218,2024
81428,3788,2024
81429,129,2024
81430,708,2024
81431,745,2024
81432,3219,2024
81433,651,2024
81434,127,2024
81435,5876,2024
81501,24011,2024
81503,16558,2024
81504,32376,2024
81505,13279,2024
81506,11412,2024
81507,15947,2024
81520,12892,2024
81521,16613,2024
81522,0,2024
81523,983,2024
81524,2760,2024
81525,1127,2024
81526,5559,2024
81527,1462,2024
81601,16844,2024
81610,635,2024
81611,9068,2024
81612,0,2024
81615,2972,2024
81620,10870,2024
81621,6550,2024
81623,15067,2024
81624,1492,2024
81625,12307,2024
81630,1058,2024
81631,8958,2024
81632,10965,2024
81633,0,2024
81635,7486,2024
81637,10744,2024
81638,69,2024
81639,2618,2024
81640,209,2024
81641,3621,2024
81642,15,2024
81643,1133,2024
81645,1028,2024
81646,115,2024
81647,6882,2024
81648,2796,2024
81649,345,2024
81650,14083,2024
81652,6271,2024
81653,0,2024
81654,1431,2024
81655,227,2024
81656,459,2024
81657,4835,2024
82001,38168,2024
82005,454,2024
82007,21704,2024
82009,35081,2024
82050,302,2024
82051,50,2024
82052,0,2024
82053,1656,2024
82054,870,2024
82055,521,2024
82058,27,2024
82059,397,2024
82060,540,2024
82061,0,2024
82063,62,2024
82070,20144,2024
82072,16931,2024
82073,37,2024
82081,23,2024
82082,1891,2024
82083,288,2024
82084,174,2024
82190,686,2024
82201,6245,2024
82210,275,2024
82212,509,2024
82213,786,2024
82214,932,2024
82215,487,2024
82217,79,2024
82218,13,2024
82219,121,2024
82221,555,2024
82222,161,2024
82223,774,2024
82224,1,2024
82225,1616,2024
82227,363,2024
82229,62,2024
82240,9667,2024
82242,149,2024
82243,303,2024
82244,531,2024
82301,8180,2024
82310,0,2024
82321,752,2024
82322,149,2024
82323,267,2024
82324,175,2024
82325,867,2024
82327,789,2024
82329,493,2024
82331,2250,2024
82332,20,2024
82334,560,2024
82335,0,2024
82336,269,2024
82401,7067,2024
82410,1938,2024
82411,520,2024
82412,704,2024
82414,16582,2024
82420,822,2024
82421,379,2024
82422,62,2024
82423,209,2024
82426,2941,2024
82428,158,2024
82430,77,2024
82431,3224,2024
82432,307,2024
82433,1041,2024
82434,122,2024
82435,12337,2024
82440,71,2024
82441,265,2024
82442,788,2024
82443,4533,2024
82450,225,2024
82501,19413,2024
82510,875,2024
82512,294,2024
82513,1627,2024
82514,1192,2024
82515,437,2024
82516,299,2024
82520,13266,2024
82523,945,2024
82601,26721,2024
82604,27487,2024
82609,18714,2024
82620,164,2024
82630,0,2024
82633,9317,2024
82635,87,2024
82636,4259,2024
82637,4425,2024
82638,116,2024
82639,782,2024
82640,175,2024
82642,33,2024
82643,267,2024
82644,2098,2024
82646,0,2024
82648,24,2024
82649,1152,2024
82701,5459,2024
82710,246,2024
82711,254,2024
82712,163,2024
82714,196,2024
82716,16817,2024
82718,26619,2024
82720,995,2024
82721,2955,2024
82723,140,2024
82725,32,2024
82727,2040,2024
82729,2331,2024
82730,1422,2024
82731,47,2024
82732,1671,2024
82801,26310,2024
82831,153,2024
82832,1386,2024
82833,247,2024
82834,7588,2024
82835,362,2024
82836,1077,2024
82837,39,2024
82838,377,2024
82839,1661,2024
82842,567,2024
82844,6,2024
82845,55,2024
82901,27198,2024
82922,444,2024
82923,588,2024
82925,418,2024
82929,19,2024
82930,14435,2024
82932,997,2024
82933,683,2024
82934,285,2024
82935,12012,2024
82936,34,2024
82937,3542,2024
82938,221,2024
82939,1476,2024
82941,4679,2024
82942,9,2024
82943,187,2024
82944,519,2024
82945,196,2024
83001,17445,2024
83011,234,2024
83012,189,2024
83013,661,2024
83014,3098,2024
83025,799,2024
83101,3731,2024
83110,5198,2024
83111,284,2024
83112,1033,2024
83113,2431,2024
83114,635,2024
83115,278,2024
83116,619,2024
83118,433,2024
83119,31,2024
83120,232,2024
83121,0,2024
83122,895,2024
83123,679,2024
83124,96,2024
83126,837,2024
83127,3812,2024
83128,2033,2024
83201,39902,2024
83202,24513,2024
83203,38,2024
83204,18580,2024
83209,937,2024
83210,3843,2024
83211,6743,2024
83212,388,2024
83213,1349,2024
83214,586,2024
83215,15,2024
83217,712,2024
83218,569,2024
83220,138,2024
83221,29081,2024
83223,255,2024
83226,2100,2024
83227,200,2024
83228,1134,2024
83232,562,2024
83233,147,2024
83234,1417,2024
83235,1,2024
83236,1840,2024
83237,1567,2024
83238,129,2024
83239,887,2024
83241,2488,2024
83243,49,2024
83244,386,2024
83245,2321,2024
83246,821,2024
83250,2179,2024
83251,1443,2024
83252,4707,2024
83253,112,2024
83254,3792,2024
83255,1222,2024
83261,562,2024
83262,1090,2024
83263,9940,2024
83271,415,2024
83272,219,2024
83274,11699,2024
83276,4155,2024
83277,164,2024
83278,454,2024
83281,148,2024
83283,185,2024
83285,80,2024
83286,1668,2024
83287,255,2024
83301,63592,2024
83302,35,2024
83311,903,2024
83312,278,2024
83313,3692,2024
83314,670,2024
83316,10456,2024
83318,19459,2024
83320,1600,2024
83321,482,2024
83322,16,2024
83323,1984,2024
83324,851,2024
83325,944,2024
83327,1037,2024
83328,6320,2024
83330,7347,2024
83332,2569,2024
83333,12682,2024
83334,2227,2024
83335,2335,2024
83336,6075,2024
83337,29,2024
83338,21944,2024
83340,5325,2024
83341,9531,2024
83342,1231,2024
83344,1234,2024
83346,1451,2024
83347,3465,2024
83348,124,2024
83349,1211,2024
83350,12671,2024
83352,3317,2024
83353,1450,2024
83354,10,2024
83355,5469,2024
83401,47972,2024
83402,29994,2024
83404,27500,2024
83406,19696,2024
83414,502,2024
83420,2580,2024
83421,220,2024
83422,3847,2024
83423,729,2024
83424,168,2024
83425,622,2024
83427,2931,2024
83428,576,2024
83429,628,2024
83431,1045,2024
83433,36,2024
83434,1816,2024
83435,600,2024
83436,778,2024
83438,327,2024
83440,51421,2024
83442,25609,2024
83443,1364,2024
83444,1261,2024
83445,7975,2024
83446,24,2024
83448,3365,2024
83449,273,2024
83450,1207,2024
83451,993,2024
83452,2237,2024
83454,409,2024
83455,6173,2024
83460,56,2024
83462,667,2024
83463,66,2024
83464,296,2024
83465,104,2024
83466,197,2024
83467,6590,2024
83468,191,2024
83469,25,2024
83501,37520,2024
83520,144,2024
83522,2692,2024
83523,797,2024
83524,1050,2024
83525,296,2024
83526,242,2024
83530,6406,2024
83533,121,2024
83535,1143,2024
83536,4444,2024
83537,1125,2024
83539,2427,2024
83540,2096,2024
83541,940,2024
83542,147,2024
83543,739,2024
83544,6798,2024
83545,458,2024
83546,422,2024
83547,241,2024
83548,145,2024
83549,587,2024
83552,806,2024
83553,1038,2024
83554,350,2024
83555,493,2024
83602,0,2024
83604,583,2024
83605,41325,2024
83607,35491,2024
83610,992,2024
83611,3329,2024
83612,2085,2024
83615,1452,2024
83616,35413,2024
83617,19058,2024
83619,8823,2024
83622,2132,2024
83623,1521,2024
83624,1349,2024
83626,1935,2024
83627,575,2024
83628,5006,2024
83629,1749,2024
83631,1916,2024
83632,704,2024
83633,502,2024
83634,36286,2024
83636,109,2024
83637,226,2024
83638,7750,2024
83639,3311,2024
83641,4061,2024
83642,62279,2024
83643,166,2024
83644,16293,2024
83645,970,2024
83646,76023,2024
83647,22952,2024
83648,3219,2024
83650,464,2024
83651,38121,2024
83654,1763,2024
83655,5748,2024
83656,560,2024
83657,156,2024
83660,6434,2024
83661,11105,2024
83666,30,2024
83669,16827,2024
83670,752,2024
83672,9176,2024
83676,5105,2024
83677,17,2024
83686,60993,2024
83687,43135,2024
83702,24163,2024
83703,17583,2024
83704,42719,2024
83705,26830,2024
83706,35524,2024
83709,58928,2024
83712,9071,2024
83713,31549,2024
83714,27564,2024
83716,21402,2024
83720,0,2024
83725,0,2024
83801,7553,2024
83802,124,2024
83803,650,2024
83804,2092,2024
83805,9174,2024
83806,172,2024
83808,132,2024
83809,393,2024
83810,1412,2024
83811,1997,2024
83812,11,2024
83813,1249,2024
83814,26059,2024
83815,41405,2024
83821,259,2024
83822,2442,2024
83823,1559,2024
83824,452,2024
83825,226,2024
83826,63,2024
83827,154,2024
83830,45,2024
83832,1961,2024
83833,1365,2024
83834,189,2024
83835,24238,2024
83836,980,2024
83837,3203,2024
83839,1287,2024
83840,653,2024
83841,492,2024
83842,141,2024
83843,26591,2024
83844,2971,2024
83845,2202,2024
83846,918,2024
83847,1714,2024
83848,315,2024
83849,2086,2024
83850,2704,2024
83851,2113,2024
83852,1515,2024
83854,54851,2024
83855,2260,2024
83856,6885,2024
83857,1074,2024
83858,20137,2024
83860,7806,2024
83861,7275,2024
83864,20514,2024
83866,352,2024
83867,652,2024
83868,906,2024
83869,5504,2024
83870,421,2024
83871,2240,2024
83872,818,2024
83873,1569,2024
83874,76,2024
83876,1563,2024
84001,735,2024
84002,388,2024
84003,57430,2024
84004,10427,2024
84005,52530,2024
84006,1060,2024
84007,431,2024
84008,0,2024
84009,44186,2024
84010,46871,2024
84013,558,2024
84014,16679,2024
84015,71812,2024
84017,4417,2024
84018,182,2024
84020,50278,2024
84021,3069,2024
84022,516,2024
84023,71,2024
84024,83,2024
84025,25389,2024
84026,565,2024
84027,683,2024
84028,632,2024
84029,14869,2024
84031,149,2024
84032,26111,2024
84033,1109,2024
84034,144,2024
84035,568,2024
84036,9241,2024
84037,39415,2024
84038,646,2024
84039,713,2024
84040,28509,2024
84041,55180,2024
84042,11725,2024
84043,88390,2024
84044,30031,2024
84045,45429,2024
84046,704,2024
84047,37411,2024
84049,6833,2024
84050,12620,2024
84051,377,2024
84052,1018,2024
84053,588,2024
84054,22355,2024
84055,1584,2024
84056,3803,2024
84057,36881,2024
84058,35099,2024
84059,17616,2024
84060,8619,2024
84061,422,2024
84062,47813,2024
84063,322,2024
84064,846,2024
84065,50768,2024
84066,15154,2024
84067,38794,2024
84069,480,2024
84070,30472,2024
84071,2020,2024
84072,539,2024
84073,208,2024
84074,59706,2024
84075,35545,2024
84076,460,2024
84078,30975,2024
84080,438,2024
84081,52314,2024
84082,744,2024
84083,1261,2024
84084,31542,2024
84085,247,2024
84086,507,2024
84087,16808,2024
84088,39228,2024
84092,27651,2024
84093,23871,2024
84094,27507,2024
84095,38532,2024
84096,74603,2024
84097,22217,2024
84098,20357,2024
84101,9381,2024
84102,18777,2024
84103,23749,2024
84104,23420,2024
84105,23491,2024
84106,35213,2024
84107,38257,2024
84108,22390,2024
84109,25544,2024
84111,12782,2024
84112,2841,2024
84113,264,2024
84114,0,2024
84115,28882,2024
84116,38625,2024
84117,24980,2024
84118,42853,2024
84119,50070,2024
84120,50799,2024
84121,38912,2024
84123,37054,2024
84124,22609,2024
84128,32126,2024
84129,37442,2024
84138,0,2024
84150,6,2024
84180,0,2024
84301,889,2024
84302,27053,2024
84304,6,2024
84305,667,2024
84306,521,2024
84307,1356,2024
84308,260,2024
84309,871,2024
84310,4577,2024
84311,1013,2024
84312,4857,2024
84313,0,2024
84314,964,2024
84315,9873,2024
84316,288,2024
84317,2962,2024
84318,5604,2024
84319,10931,2024
84320,3162,2024
84321,51702,2024
84322,0,2024
84324,1677,2024
84325,2525,2024
84326,1949,2024
84327,921,2024
84328,1681,2024
84329,424,2024
84330,364,2024
84331,245,2024
84332,8954,2024
84333,3093,2024
84334,180,2024
84335,16210,2024
84336,481,2024
84337,16199,2024
84338,526,2024
84339,6295,2024
84340,3744,2024
84341,25560,2024
84401,48303,2024
84403,37721,2024
84404,66587,2024
84405,34818,2024
84408,237,2024
84414,34334,2024
84501,13042,2024
84511,4382,2024
84512,860,2024
84513,1546,2024
84515,0,2024
84516,197,2024
84518,518,2024
84520,826,2024
84521,629,2024
84522,491,2024
84523,1638,2024
84525,830,2024
84526,4388,2024
84528,2752,2024
84529,127,2024
84530,402,2024
84531,518,2024
84532,10585,2024
84533,94,2024
84534,2473,2024
84535,2731,2024
84536,1387,2024
84537,1445,2024
84539,510,2024
84540,0,2024
84542,1624,2024
84601,32330,2024
84602,2340,2024
84604,44707,2024
84606,35690,2024
84620,1234,2024
84621,124,2024
84622,1240,2024
84623,358,2024
84624,5948,2024
84626,396,2024
84627,6244,2024
84628,871,2024
84629,2907,2024
84630,471,2024
84631,3196,2024
84632,1522,2024
84633,838,2024
84634,3747,2024
84635,938,2024
84636,518,2024
84637,598,2024
84638,354,2024
84639,884,2024
84640,124,2024
84642,3501,2024
84643,650,2024
84644,275,2024
84645,3316,2024
84646,1882,2024
84647,4770,2024
84648,7385,2024
84649,854,2024
84651,29503,2024
84652,840,2024
84653,13051,2024
84654,2574,2024
84655,18278,2024
84656,466,2024
84657,519,2024
84660,48583,2024
84662,1460,2024
84663,36207,2024
84664,13032,2024
84665,793,2024
84667,355,2024
84701,8796,2024
84710,298,2024
84711,805,2024
84712,96,2024
84713,4330,2024
84714,779,2024
84715,531,2024
84716,522,2024
84718,233,2024
84719,74,2024
84720,25708,2024
84721,30641,2024
84722,660,2024
84723,452,2024
84724,1202,2024
84725,2054,2024
84726,772,2024
84728,44,2024
84729,493,2024
84730,754,2024
84731,75,2024
84732,21,2024
84733,276,2024
84734,255,2024
84735,208,2024
84736,391,2024
84737,24359,2024
84738,10050,2024
84739,592,2024
84740,298,2024
84741,6373,2024
84742,386,2024
84743,373,2024
84744,321,2024
84745,4476,2024
84746,1092,2024
84747,677,2024
84749,304,2024
84750,518,2024
84751,1896,2024
84752,972,2024
84753,0,2024
84754,4298,2024
84755,78,2024
84756,390,2024
84757,1494,2024
84758,725,2024
84759,2084,2024
84760,1054,2024
84761,3044,2024
84762,132,2024
84763,260,2024
84764,362,2024
84765,8152,2024
84766,151,2024
84767,663,2024
84770,48397,2024
84772,104,2024
84773,357,2024
84774,2344,2024
84775,444,2024
84776,582,2024
84779,713,2024
84780,32366,2024
84781,355,2024
84782,598,2024
84783,928,2024
84784,1372,2024
84790,55892,2024
85003,10875,2024
85004,12408,2024
85006,21905,2024
85007,13575,2024
85008,59716,2024
85009,52064,2024
85012,8704,2024
85013,22490,2024
85014,25911,2024
85015,41490,2024
85016,37074,2024
85017,46129,2024
85018,37297,2024
85019,27429,2024
85020,34916,2024
85021,39828,2024
85022,53811,2024
85023,35034,2024
85024,26199,2024
85026,0,2024
85027,39487,2024
85028,18752,2024
85029,49683,2024
85031,31191,2024
85032,70839,2024
85033,57591,2024
85034,4854,2024
85035,53424,2024
85037,54608,2024
85040,34117,2024
85041,63862,2024
85042,45903,2024
85043,41331,2024
85044,39347,2024
85045,7600,2024
85048,34664,2024
85050,33118,2024
85051,45768,2024
85053,29773,2024
85054,10346,2024
85083,21022,2024
85085,31458,2024
85086,43270,2024
85087,10157,2024
85118,14932,2024
85119,25420,2024
85120,31191,2024
85121,2800,2024
85122,61624,2024
85123,10003,2024
85128,19487,2024
85131,18794,2024
85132,38671,2024
85135,331,2024
85137,2406,2024
85138,55260,2024
85139,20784,2024
85140,51260,2024
85141,364,2024
85142,93700,2024
85143,44444,2024
85145,3277,2024
85147,4911,2024
85172,1688,2024
85173,2600,2024
85191,32,2024
85192,1849,2024
85193,4118,2024
85194,8077,2024
85201,51400,2024
85202,38750,2024
85203,38035,2024
85204,65155,2024
85205,45116,2024
85206,37235,2024
85207,51178,2024
85208,37225,2024
85209,43150,2024
85210,39015,2024
85212,55283,2024
85213,36836,2024
85215,16888,2024
85224,47963,2024
85225,72297,2024
85226,42294,2024
85233,39077,2024
85234,51283,2024
85236,0,2024
85248,37095,2024
85249,48746,2024
85250,15394,2024
85251,40780,2024
85253,17904,2024
85254,45558,2024
85255,45346,2024
85256,3504,2024
85257,29812,2024
85258,25545,2024
85259,21670,2024
85260,39896,2024
85262,14329,2024
85263,3472,2024
85264,1261,2024
85266,12516,2024
85268,23849,2024
85281,72762,2024
85282,53624,2024
85283,47459,2024
85284,19492,2024
85286,50621,2024
85295,56744,2024
85296,53076,2024
85297,37475,2024
85298,44114,2024
85301,68178,2024
85302,40612,2024
85303,33663,2024
85304,29861,2024
85305,18043,2024
85306,24911,2024
85307,14223,2024
85308,65095,2024
85309,960,2024
85310,19964,2024
85320,458,2024
85321,3555,2024
85322,476,2024
85323,47043,2024
85324,2181,2024
85325,1203,2024
85326,75359,2024
85328,245,2024
85329,2252,2024
85331,31968,2024
85332,1577,2024
85333,442,2024
85334,697,2024
85335,36088,2024
85336,6514,2024
85337,2041,2024
85338,67451,2024
85339,54641,2024
85340,40919,2024
85341,37,2024
85342,1823,2024
85343,18,2024
85344,9433,2024
85345,60918,2024
85346,2458,2024
85347,575,2024
85348,2112,2024
85349,31316,2024
85350,19011,2024
85351,27592,2024
85352,278,2024
85353,49120,2024
85354,8531,2024
85355,14460,2024
85356,3840,2024
85357,405,2024
85360,130,2024
85361,7991,2024
85362,638,2024
85363,7015,2024
85364,72960,2024
85365,54775,2024
85367,22074,2024
85371,111,2024
85373,20254,2024
85374,41420,2024
85375,27680,2024
85377,3437,2024
85378,9765,2024
85379,51035,2024
85381,27650,2024
85382,43729,2024
85383,74390,2024
85387,22442,2024
85388,35369,2024
85390,10298,2024
85392,39079,2024
85395,40414,2024
85396,42181,2024
85501,12395,2024
85530,1967,2024
85531,657,2024
85532,331,2024
85533,2607,2024
85534,2672,2024
85535,42,2024
85536,355,2024
85539,3386,2024
85540,3992,2024
85541,23382,2024
85542,2885,2024
85543,4868,2024
85544,2834,2024
85545,604,2024
85546,20809,2024
85550,5696,2024
85551,361,2024
85552,6861,2024
85553,1755,2024
85554,309,2024
85601,268,2024
85602,10019,2024
85603,6699,2024
85605,683,2024
85606,1066,2024
85607,17191,2024
85608,2804,2024
85609,426,2024
85610,576,2024
85611,1454,2024
85613,4983,2024
85614,25381,2024
85615,10175,2024
85616,4941,2024
85617,1094,2024
85618,1550,2024
85619,0,2024
85620,988,2024
85621,21593,2024
85622,6518,2024
85623,5558,2024
85624,1546,2024
85625,1917,2024
85626,1332,2024
85627,430,2024
85629,31668,2024
85630,1939,2024
85631,3508,2024
85632,861,2024
85633,48,2024
85634,5038,2024
85635,34193,2024
85637,1105,2024
85638,1418,2024
85639,166,2024
85640,207,2024
85641,34752,2024
85643,8476,2024
85645,1249,2024
85646,1345,2024
85648,22118,2024
85650,14876,2024
85653,23574,2024
85654,0,2024
85658,16051,2024
85701,5498,2024
85704,35210,2024
85705,54700,2024
85706,54236,2024
85707,581,2024
85708,4312,2024
85709,0,2024
85710,56125,2024
85711,42558,2024
85712,31571,2024
85713,46439,2024
85714,14498,2024
85715,19198,2024
85716,32976,2024
85718,28125,2024
85719,51833,2024
85721,0,2024
85723,244,2024
85724,0,2024
85726,0,2024
85730,39399,2024
85734,4797,2024
85735,10718,2024
85736,4219,2024
85737,22785,2024
85739,18478,2024
85741,33679,2024
85742,31613,2024
85743,31300,2024
85745,36999,2024
85746,42835,2024
85747,27753,2024
85748,20103,2024
85749,18843,2024
85750,24886,2024
85755,18560,2024
85756,37700,2024
85757,21259,2024
85901,19533,2024
85902,2,2024
85911,2273,2024
85912,170,2024
85920,613,2024
85922,141,2024
85923,442,2024
85924,2269,2024
85925,4401,2024
85926,710,2024
85927,315,2024
85928,424,2024
85929,7451,2024
85930,1374,2024
85931,210,2024
85932,894,2024
85933,4388,2024
85934,661,2024
85935,4534,2024
85936,3909,2024
85937,9760,2024
85938,2236,2024
85939,3849,2024
85940,1185,2024
85941,10459,2024
85942,0,2024
86001,37312,2024
86003,104,2024
86004,36394,2024
86005,17961,2024
86011,4019,2024
86015,1701,2024
86016,44,2024
86017,608,2024
86018,1181,2024
86020,1890,2024
86021,4842,2024
86022,1712,2024
86023,1970,2024
86024,1015,2024
86025,5226,2024
86028,47,2024
86029,74,2024
86030,658,2024
86031,1818,2024
86032,2209,2024
86033,7392,2024
86034,1983,2024
86035,1612,2024
86036,277,2024
86038,184,2024
86039,1177,2024
86040,10595,2024
86042,2019,2024
86043,1916,2024
86044,2921,2024
86045,10319,2024
86046,6574,2024
86047,13899,2024
86052,161,2024
86053,2170,2024
86054,1467,2024
86301,27076,2024
86303,19446,2024
86305,19790,2024
86313,149,2024
86314,40317,2024
86315,10684,2024
86320,2351,2024
86321,3065,2024
86322,13020,2024
86323,19666,2024
86324,4776,2024
86325,5363,2024
86326,24852,2024
86327,12154,2024
86329,1328,2024
86331,231,2024
86332,2316,2024
86333,6781,2024
86334,4159,2024
86335,4965,2024
86336,11381,2024
86337,1669,2024
86338,542,2024
86343,194,2024
86351,6721,2024
86401,30124,2024
86403,18295,2024
86404,19234,2024
86406,25067,2024
86409,30365,2024
86411,579,2024
86413,13143,2024
86426,15467,2024
86429,8619,2024
86431,86,2024
86432,3073,2024
86433,74,2024
86434,1667,2024
86435,0,2024
86436,1555,2024
86437,55,2024
86438,784,2024
86440,8853,2024
86441,1462,2024
86442,34735,2024
86443,0,2024
86444,1528,2024
86445,286,2024
86502,836,2024
86503,9911,2024
86504,5760,2024
86505,6779,2024
86506,1218,2024
86507,2207,2024
86508,516,2024
86510,4074,2024
86511,3583,2024
86512,2557,2024
86514,2519,2024
86515,3433,2024
86520,2293,2024
86535,1183,2024
86538,1714,2024
86540,1220,2024
86544,1472,2024
86545,780,2024
86547,896,2024
86556,2795,2024
87001,3560,2024
87002,21265,2024
87004,11237,2024
87005,133,2024
87006,1313,2024
87007,1871,2024
87008,2520,2024
87010,1135,2024
87011,16,2024
87012,321,2024
87013,5251,2024
87014,517,2024
87015,14443,2024
87016,2421,2024
87017,350,2024
87018,561,2024
87020,11966,2024
87021,2871,2024
87022,818,2024
87023,306,2024
87024,2692,2024
87025,1299,2024
87026,1567,2024
87027,237,2024
87028,159,2024
87029,237,2024
87031,47514,2024
87032,73,2024
87034,3507,2024
87035,7539,2024
87036,1927,2024
87037,1481,2024
87038,127,2024
87040,226,2024
87041,691,2024
87042,3410,2024
87043,4223,2024
87044,289,2024
87045,2608,2024
87046,94,2024
87047,5402,2024
87048,9069,2024
87049,79,2024
87051,374,2024
87052,3465,2024
87053,916,2024
87056,1084,2024
87059,10241,2024
87060,10,2024
87061,291,2024
87062,1922,2024
87063,265,2024
87064,224,2024
87068,5432,2024
87070,0,2024
87072,789,2024
87083,476,2024
87101,0,2024
87102,20123,2024
87104,12853,2024
87105,54367,2024
87106,26953,2024
87107,27566,2024
87108,36331,2024
87109,39324,2024
87110,39685,2024
87111,57085,2024
87112,44250,2024
87113,16074,2024
87114,70117,2024
87116,3865,2024
87117,26,2024
87120,66097,2024
87121,75510,2024
87122,18578,2024
87123,42252,2024
87124,58499,2024
87144,51837,2024
87151,1261,2024
87301,21755,2024
87305,1952,2024
87310,977,2024
87311,4659,2024
87312,654,2024
87313,4971,2024
87315,130,2024
87316,1979,2024
87317,1753,2024
87319,2496,2024
87320,597,2024
87321,2115,2024
87322,545,2024
87323,4245,2024
87325,2178,2024
87326,2489,2024
87327,7144,2024
87328,3043,2024
87347,448,2024
87357,1818,2024
87364,1632,2024
87365,9,2024
87375,4481,2024
87401,45229,2024
87402,11418,2024
87410,15012,2024
87412,779,2024
87413,14296,2024
87415,2273,2024
87416,4546,2024
87417,6624,2024
87418,686,2024
87419,458,2024
87420,10586,2024
87421,1468,2024
87455,1480,2024
87461,1307,2024
87499,903,2024
87501,16007,2024
87505,32092,2024
87506,16372,2024
87507,51386,2024
87508,18518,2024
87510,979,2024
87511,3108,2024
87512,372,2024
87513,811,2024
87514,1589,2024
87515,333,2024
87516,68,2024
87517,388,2024
87518,0,2024
87519,798,2024
87520,1148,2024
87521,1261,2024
87522,2595,2024
87523,389,2024
87524,450,2024
87525,65,2024
87527,1534,2024
87528,3756,2024
87529,4538,2024
87530,1102,2024
87531,144,2024
87532,18948,2024
87535,1467,2024
87537,2038,2024
87538,467,2024
87539,250,2024
87540,1117,2024
87543,288,2024
87544,13598,2024
87547,5837,2024
87548,1024,2024
87549,933,2024
87551,219,2024
87552,2377,2024
87553,1260,2024
87554,0,2024
87556,3008,2024
87557,4904,2024
87558,1064,2024
87560,1694,2024
87562,569,2024
87564,203,2024
87565,147,2024
87566,2684,2024
87567,2003,2024
87569,389,2024
87571,11531,2024
87573,18,2024
87575,938,2024
87577,711,2024
87578,528,2024
87579,1184,2024
87580,245,2024
87581,0,2024
87582,899,2024
87583,308,2024
87701,17339,2024
87710,1519,2024
87711,1033,2024
87712,397,2024
87713,158,2024
87714,784,2024
87715,63,2024
87718,542,2024
87722,742,2024
87723,224,2024
87724,9,2024
87728,414,2024
87729,96,2024
87730,60,2024
87731,355,2024
87732,1505,2024
87733,70,2024
87734,115,2024
87735,83,2024
87736,91,2024
87740,7078,2024
87742,321,2024
87743,475,2024
87745,1553,2024
87746,134,2024
87747,1723,2024
87749,0,2024
87750,0,2024
87752,642,2024
87753,42,2024
87801,9291,2024
87820,135,2024
87821,1030,2024
87823,441,2024
87824,152,2024
87825,1489,2024
87827,147,2024
87828,1068,2024
87829,602,2024
87830,818,2024
87831,423,2024
87832,265,2024
87901,6378,2024
87930,718,2024
87931,703,2024
87933,0,2024
87935,2094,2024
87936,214,2024
87937,2990,2024
87939,206,2024
87940,393,2024
87941,988,2024
87942,1005,2024
87943,191,2024
88001,37690,2024
88002,1609,2024
88003,404,2024
88004,1080,2024
88005,27509,2024
88007,26254,2024
88008,12623,2024
88009,16,2024
88011,33064,2024
88012,33158,2024
88020,743,2024
88021,16298,2024
88022,1326,2024
88023,2057,2024
88024,431,2024
88025,92,2024
88026,1604,2024
88027,580,2024
88028,219,2024
88029,1198,2024
88030,24413,2024
88034,28,2024
88038,580,2024
88039,859,2024
88040,14,2024
88041,925,2024
88042,205,2024
88043,1210,2024
88044,2618,2024
88045,3303,2024
88046,656,2024
88047,1660,2024
88048,3247,2024
88049,807,2024
88051,360,2024
88052,152,2024
88053,113,2024
88055,0,2024
88056,141,2024
88061,17464,2024
88063,10881,2024
88065,814,2024
88072,2608,2024
88081,19663,2024
88101,44846,2024
88103,16,2024
88112,272,2024
88113,110,2024
88114,12,2024
88115,10,2024
88116,394,2024
88118,329,2024
88119,1444,2024
88120,267,2024
88121,165,2024
88124,891,2024
88125,5,2024
88126,7,2024
88130,17842,2024
88132,221,2024
88134,57,2024
88135,1500,2024
88136,118,2024
88201,27524,2024
88203,28753,2024
88210,18542,2024
88220,39828,2024
88230,4336,2024
88231,3255,2024
88232,2838,2024
88240,41557,2024
88242,8472,2024
88244,1105,2024
88250,153,2024
88252,2364,2024
88253,901,2024
88254,0,2024
88255,72,2024
88256,1935,2024
88260,15160,2024
88262,20,2024
88263,309,2024
88264,9,2024
88265,432,2024
88267,1347,2024
88268,0,2024
88301,1197,2024
88310,36983,2024
88311,493,2024
88312,3287,2024
88314,10,2024
88316,2194,2024
88317,2077,2024
88318,321,2024
88321,373,2024
88323,0,2024
88324,18,2024
88325,1370,2024
88330,4433,2024
88336,421,2024
88337,1859,2024
88338,246,2024
88339,603,2024
88340,3590,2024
88341,653,2024
88342,9,2024
88343,125,2024
88344,44,2024
88345,7835,2024
88346,3191,2024
88347,246,2024
88348,279,2024
88349,0,2024
88350,479,2024
88351,159,2024
88352,4124,2024
88353,529,2024
88354,29,2024
88355,293,2024
88401,6818,2024
88410,45,2024
88411,76,2024
88414,137,2024
88415,3178,2024
88416,282,2024
88417,116,2024
88418,536,2024
88419,61,2024
88421,0,2024
88422,117,2024
88424,89,2024
88426,837,2024
88427,139,2024
88430,250,2024
88431,164,2024
88434,218,2024
88435,3343,2024
88436,25,2024
88439,0,2024
89001,1033,2024
89002,37664,2024
89003,387,2024
89004,351,2024
89005,14962,2024
89007,370,2024
89008,1251,2024
89010,325,2024
89011,37538,2024
89012,38339,2024
89013,376,2024
89014,42439,2024
89015,44704,2024
89017,23,2024
89018,1170,2024
89019,2614,2024
89020,1835,2024
89021,3543,2024
89022,0,2024
89025,1044,2024
89026,97,2024
89027,18967,2024
89029,9132,2024
89030,51341,2024
89031,77305,2024
89032,49473,2024
89034,3092,2024
89039,327,2024
89040,3309,2024
89042,1015,2024
89043,1083,2024
89044,30818,2024
89045,1626,2024
89046,303,2024
89047,222,2024
89048,26486,2024
89049,2723,2024
89052,60888,2024
89054,368,2024
89060,12864,2024
89061,8141,2024
89070,5187,2024
89074,52388,2024
89081,41408,2024
89084,39759,2024
89085,4934,2024
89086,10455,2024
89101,42739,2024
89102,36825,2024
89103,49041,2024
89104,39937,2024
89106,27565,2024
89107,37063,2024
89108,72814,2024
89109,6504,2024
89110,69107,2024
89113,38094,2024
89115,67542,2024
89117,58082,2024
89118,22610,2024
89119,50196,2024
89120,23389,2024
89121,68406,2024
89122,53724,2024
89123,58205,2024
89124,732,2024
89128,40040,2024
89129,53435,2024
89130,36603,2024
89131,50731,2024
89134,24091,2024
89135,32524,2024
89138,26947,2024
89139,45410,2024
89141,43469,2024
89142,35179,2024
89143,14683,2024
89144,19414,2024
89145,26891,2024
89146,22150,2024
89147,55969,2024
89148,64426,2024
89149,45202,2024
89156,30052,2024
89158,533,2024
89161,444,2024
89166,32118,2024
89169,22171,2024
89178,44165,2024
89179,12549,2024
89183,42996,2024
89191,505,2024
89301,6568,2024
89310,209,2024
89311,213,2024
89314,103,2024
89315,127,2024
89316,868,2024
89317,393,2024
89318,1050,2024
89319,298,2024
89402,118,2024
89403,17506,2024
89404,36,2024
89405,0,2024
89406,25739,2024
89408,24564,2024
89409,237,2024
89410,10826,2024
89411,1284,2024
89412,137,2024
89413,737,2024
89414,203,2024
89415,3405,2024
89418,522,2024
89419,4595,2024
89420,21,2024
89421,330,2024
89422,119,2024
89423,11221,2024
89424,370,2024
89425,352,2024
89426,341,2024
89427,997,2024
89428,129,2024
89429,7521,2024
89430,175,2024
89431,39833,2024
89433,23016,2024
89434,27990,2024
89436,49544,2024
89437,0,2024
89438,0,2024
89439,2532,2024
89440,822,2024
89441,14460,2024
89442,808,2024
89444,3359,2024
89445,17153,2024
89446,80,2024
89447,9082,2024
89448,1698,2024
89449,2712,2024
89450,0,2024
89451,9285,2024
89460,14534,2024
89496,66,2024
89501,3507,2024
89502,46691,2024
89503,30249,2024
89506,47046,2024
89508,14858,2024
89509,35632,2024
89510,1457,2024
89511,30956,2024
89512,28030,2024
89519,9110,2024
89521,41859,2024
89523,37130,2024
89557,546,2024
89701,28766,2024
89703,10738,2024
89704,4846,2024
89705,4935,2024
89706,20478,2024
89801,26480,2024
89815,15636,2024
89820,5562,2024
89821,752,2024
89822,1971,2024
89823,594,2024
89825,1415,2024
89826,0,2024
89828,271,2024
89830,80,2024
89831,16,2024
89832,838,2024
89833,202,2024
89834,122,2024
89835,1762,2024
89883,4604,2024
90001,56189,2024
90002,52122,2024
90003,70065,2024
90004,58484,2024
90005,39142,2024
90006,55527,2024
90007,38715,2024
90008,33252,2024
90010,4850,2024
90011,100113,2024
90012,37336,2024
90013,14357,2024
90014,10224,2024
90015,24704,2024
90016,46457,2024
90017,30172,2024
90018,48745,2024
90019,59548,2024
90020,38994,2024
90021,2897,2024
90022,60343,2024
90023,43857,2024
90024,51675,2024
90025,46508,2024
90026,62692,2024
90027,46558,2024
90028,32883,2024
90029,33303,2024
90031,36127,2024
90032,43117,2024
90033,45647,2024
90034,57075,2024
90035,29000,2024
90036,39278,2024
90037,65482,2024
90038,27127,2024
90039,28884,2024
90040,11430,2024
90041,27920,2024
90042,56835,2024
90043,42377,2024
90044,94830,2024
90045,41786,2024
90046,48296,2024
90047,50974,2024
90048,21476,2024
90049,37122,2024
90052,0,2024
90056,8543,2024
90057,46629,2024
90058,3585,2024
90059,37511,2024
90061,30051,2024
90062,32715,2024
90063,48397,2024
90064,26642,2024
90065,44658,2024
90066,56740,2024
90067,3875,2024
90068,21572,2024
90069,20961,2024
90071,556,2024
90073,1079,2024
90077,8386,2024
90079,0,2024
90089,5462,2024
90094,11764,2024
90095,0,2024
90201,92763,2024
90210,19004,2024
90211,9120,2024
90212,10728,2024
90220,48354,2024
90221,50659,2024
90222,32340,2024
90230,31009,2024
90232,16554,2024
90240,24853,2024
90241,45319,2024
90242,40767,2024
90245,16769,2024
90247,47053,2024
90248,11235,2024
90249,26290,2024
90250,93826,2024
90254,19063,2024
90255,69349,2024
90260,32075,2024
90262,64235,2024
90263,1856,2024
90265,15918,2024
90266,34210,2024
90270,24218,2024
90272,21390,2024
90274,25059,2024
90275,40945,2024
90277,34844,2024
90278,42423,2024
90280,91365,2024
90290,6315,2024
90291,26324,2024
90292,23982,2024
90293,12655,2024
90301,36060,2024
90302,29003,2024
90303,22727,2024
90304,25430,2024
90305,14708,2024
90401,8101,2024
90402,11337,2024
90403,23867,2024
90404,22978,2024
90405,27298,2024
90501,41787,2024
90502,18467,2024
90503,43454,2024
90504,33084,2024
90505,35148,2024
90506,0,2024
90601,30078,2024
90602,25905,2024
90603,21118,2024
90604,39276,2024
90605,39387,2024
90606,32057,2024
90620,46608,2024
90621,35984,2024
90623,15545,2024
90630,49318,2024
90631,68309,2024
90638,45933,2024
90639,1671,2024
90640,61382,2024
90650,99900,2024
90660,60272,2024
90670,17851,2024
90680,31991,2024
90701,15889,2024
90703,48108,2024
90704,3421,2024
90706,76819,2024
90710,26761,2024
90712,30800,2024
90713,28221,2024
90715,20182,2024
90716,13599,2024
90717,21482,2024
90720,23805,2024
90723,52050,2024
90731,61944,2024
90732,23067,2024
90740,24254,2024
90742,405,2024
90743,468,2024
90744,52800,2024
90745,57397,2024
90746,27091,2024
90747,11,2024
90755,11521,2024
90802,40434,2024
90803,31526,2024
90804,38076,2024
90805,92402,2024
90806,41664,2024
90807,33101,2024
90808,39317,2024
90810,35833,2024
90813,51241,2024
90814,19471,2024
90815,43023,2024
90822,93,2024
90831,0,2024
90840,0,2024
91001,35475,2024
91006,31582,2024
91007,33029,2024
91008,743,2024
91010,27589,2024
91011,19935,2024
91016,41140,2024
91020,7532,2024
91024,10940,2024
91030,26068,2024
91040,20821,2024
91042,26928,2024
91046,115,2024
91101,21165,2024
91103,25142,2024
91104,35937,2024
91105,12531,2024
91106,23910,2024
91107,32316,2024
91108,12401,2024
91125,1000,2024
91201,22394,2024
91202,22504,2024
91203,16856,2024
91204,17857,2024
91205,34254,2024
91206,31961,2024
91207,10438,2024
91208,15969,2024
91210,312,2024
91214,30817,2024
91301,23879,2024
91302,25569,2024
91303,29805,2024
91304,52474,2024
91306,47176,2024
91307,26580,2024
91311,40898,2024
91316,29491,2024
91320,43472,2024
91321,31989,2024
91324,30699,2024
91325,35062,2024
91326,38428,2024
91330,2512,2024
91331,97608,2024
91335,74526,2024
91340,33424,2024
91342,93301,2024
91343,60783,2024
91344,52890,2024
91345,18714,2024
91350,43973,2024
91351,33155,2024
91352,46899,2024
91354,33957,2024
91355,29123,2024
91356,30942,2024
91360,42236,2024
91361,18802,2024
91362,35996,2024
91364,27748,2024
91367,45889,2024
91371,0,2024
91377,13757,2024
91381,22582,2024
91384,26478,2024
91387,46869,2024
91390,19308,2024
91401,39231,2024
91402,65754,2024
91403,25793,2024
91405,56033,2024
91406,51953,2024
91411,23185,2024
91423,32328,2024
91436,15969,2024
91501,19016,2024
91502,11652,2024
91504,27010,2024
91505,31744,2024
91506,18612,2024
91601,36992,2024
91602,20957,2024
91604,32469,2024
91605,49868,2024
91606,43559,2024
91607,31890,2024
91608,38,2024
91701,39287,2024
91702,60903,2024
91706,71082,2024
91708,19213,2024
91709,78006,2024
91710,78754,2024
91711,37529,2024
91722,35099,2024
91723,17733,2024
91724,28352,2024
91730,71613,2024
91731,27620,2024
91732,57431,2024
91733,41255,2024
91737,22958,2024
91739,41673,2024
91740,26168,2024
91741,26071,2024
91744,76942,2024
91745,54351,2024
91746,28387,2024
91748,42463,2024
91750,32692,2024
91752,37983,2024
91754,32248,2024
91755,26810,2024
91759,341,2024
91761,62935,2024
91762,64235,2024
91763,37700,2024
91764,56270,2024
91765,44502,2024
91766,69327,2024
91767,49152,2024
91768,34200,2024
91770,58382,2024
91773,33598,2024
91775,23672,2024
91776,36952,2024
91780,35588,2024
91784,26886,2024
91786,55829,2024
91789,40298,2024
91790,44710,2024
91791,33028,2024
91792,30629,2024
91801,53381,2024
91803,27715,2024
91901,18197,2024
91902,17698,2024
91905,1683,2024
91906,3325,2024
91910,77123,2024
91911,85542,2024
91913,57721,2024
91914,16877,2024
91915,35322,2024
91916,1710,2024
91917,749,2024
91931,494,2024
91932,25741,2024
91934,1200,2024
91935,9114,2024
91941,33218,2024
91942,41424,2024
91945,27745,2024
91948,93,2024
91950,59891,2024
91962,2574,2024
91963,689,2024
91977,61064,2024
91978,10014,2024
91980,176,2024
92003,5061,2024
92004,3007,2024
92007,11100,2024
92008,27955,2024
92009,44739,2024
92010,18489,2024
92011,23190,2024
92014,13105,2024
92019,45351,2024
92020,57842,2024
92021,70501,2024
92024,50617,2024
92025,49989,2024
92026,53075,2024
92027,54113,2024
92028,52227,2024
92029,20726,2024
92036,3218,2024
92037,40717,2024
92040,46216,2024
92054,38417,2024
92055,10831,2024
92056,53616,2024
92057,56835,2024
92058,49834,2024
92059,1362,2024
92060,619,2024
92061,1543,2024
92064,48683,2024
92065,36752,2024
92066,290,2024
92067,7938,2024
92069,47335,2024
92070,607,2024
92071,59590,2024
92075,11944,2024
92078,53605,2024
92081,29002,2024
92082,21727,2024
92083,38375,2024
92084,49727,2024
92086,1406,2024
92091,972,2024
92092,528,2024
92093,7167,2024
92096,0,2024
92101,51805,2024
92102,38901,2024
92103,34836,2024
92104,47410,2024
92105,71411,2024
92106,21651,2024
92107,28827,2024
92108,26790,2024
92109,44820,2024
92110,30902,2024
92111,45249,2024
92113,48215,2024
92114,65745,2024
92115,66264,2024
92116,31843,2024
92117,52275,2024
92118,18929,2024
92119,24456,2024
92120,31915,2024
92121,3974,2024
92122,45411,2024
92123,33041,2024
92124,30474,2024
92126,76059,2024
92127,50555,2024
92128,48992,2024
92129,52965,2024
92130,60768,2024
92131,35503,2024
92132,0,2024
92134,290,2024
92135,849,2024
92136,4573,2024
92139,34703,2024
92140,2038,2024
92145,2349,2024
92147,148,2024
92154,80445,2024
92155,101,2024
92161,29,2024
92173,27585,2024
92179,3150,2024
92182,0,2024
92201,65825,2024
92203,34735,2024
92210,4871,2024
92211,28092,2024
92220,33755,2024
92222,0,2024
92223,63833,2024
92225,20319,2024
92227,28315,2024
92230,1887,2024
92231,38621,2024
92233,6836,2024
92234,52267,2024
92236,43642,2024
92239,144,2024
92240,41615,2024
92241,8884,2024
92242,1359,2024
92243,49069,2024
92249,7312,2024
92250,7830,2024
92251,27454,2024
92252,7538,2024
92253,38666,2024
92254,11333,2024
92256,4209,2024
92257,2158,2024
92258,474,2024
92259,198,2024
92260,30523,2024
92262,26887,2024
92264,19899,2024
92266,99,2024
92267,0,2024
92268,434,2024
92270,17563,2024
92273,1090,2024
92274,18167,2024
92275,1219,2024
92276,7720,2024
92277,26277,2024
92278,3913,2024
92280,0,2024
92281,2082,2024
92282,1419,2024
92283,1732,2024
92284,25415,2024
92285,2764,2024
92301,38577,2024
92304,0,2024
92305,533,2024
92307,41180,2024
92308,42709,2024
92309,343,2024
92310,8419,2024
92311,33954,2024
92313,13078,2024
92314,9334,2024
92315,5215,2024
92316,32765,2024
92317,916,2024
92320,10902,2024
92321,724,2024
92322,770,2024
92324,57365,2024
92325,9065,2024
92327,576,2024
92328,725,2024
92332,105,2024
92333,302,2024
92335,97511,2024
92336,105517,2024
92337,36026,2024
92338,0,2024
92339,1302,2024
92341,406,2024
92342,7606,2024
92344,21349,2024
92345,88706,2024
92346,56179,2024
92347,766,2024
92350,344,2024
92352,6246,2024
92354,22051,2024
92356,6543,2024
92358,672,2024
92359,9284,2024
92363,5531,2024
92364,7,2024
92365,2192,2024
92368,906,2024
92369,2575,2024
92371,21580,2024
92372,5149,2024
92373,35257,2024
92374,45262,2024
92376,84394,2024
92377,20814,2024
92378,315,2024
92382,5215,2024
92384,18,2024
92385,198,2024
92386,2042,2024
92389,201,2024
92391,2254,2024
92392,65429,2024
92394,41614,2024
92395,47375,2024
92397,5854,2024
92398,2609,2024
92399,55366,2024
92401,1659,2024
92404,63243,2024
92405,31217,2024
92407,71711,2024
92408,14325,2024
92410,47869,2024
92411,27249,2024
92415,0,2024
92501,22934,2024
92503,88395,2024
92504,57132,2024
92505,53419,2024
92506,45086,2024
92507,64015,2024
92508,36909,2024
92509,81182,2024
92518,1260,2024
92521,0,2024
92530,61768,2024
92532,28055,2024
92536,2970,2024
92539,3774,2024
92543,39937,2024
92544,51751,2024
92545,45982,2024
92548,8312,2024
92549,4016,2024
92551,37425,2024
92553,74640,2024
92555,45978,2024
92557,54061,2024
92561,2157,2024
92562,64781,2024
92563,80379,2024
92567,10867,2024
92570,58082,2024
92571,60096,2024
92582,23356,2024
92583,33778,2024
92584,61366,2024
92585,29534,2024
92586,20767,2024
92587,18218,2024
92590,5089,2024
92591,41955,2024
92592,80035,2024
92595,34438,2024
92596,38981,2024
92602,28261,2024
92603,18387,2024
92604,26491,2024
92606,23990,2024
92610,12867,2024
92612,33714,2024
92614,29239,2024
92617,24017,2024
92618,66126,2024
92620,61631,2024
92624,7211,2024
92625,12294,2024
92626,50708,2024
92627,60393,2024
92629,25579,2024
92630,67152,2024
92637,17289,2024
92646,54615,2024
92647,59047,2024
92648,45827,2024
92649,35346,2024
92651,23557,2024
92653,29624,2024
92655,8026,2024
92656,52229,2024
92657,9920,2024
92660,34890,2024
92661,3079,2024
92662,2294,2024
92663,21368,2024
92672,36939,2024
92673,29406,2024
92675,35095,2024
92676,2085,2024
92677,64139,2024
92678,664,2024
92679,30818,2024
92683,89833,2024
92688,43320,2024
92691,45841,2024
92692,47022,2024
92694,35764,2024
92697,0,2024
92701,47818,2024
92703,62447,2024
92704,82120,2024
92705,48781,2024
92706,37175,2024
92707,58695,2024
92708,56258,2024
92780,54374,2024
92782,30073,2024
92801,60547,2024
92802,43132,2024
92804,83537,2024
92805,74661,2024
92806,41003,2024
92807,37296,2024
92808,21539,2024
92821,41623,2024
92823,5846,2024
92831,35618,2024
92832,27298,2024
92833,51842,2024
92835,26005,2024
92840,54534,2024
92841,33219,2024
92843,46414,2024
92844,23188,2024
92845,16143,2024
92860,25109,2024
92861,5748,2024
92865,20589,2024
92866,15331,2024
92867,44726,2024
92868,26380,2024
92869,36271,2024
92870,52826,2024
92879,49317,2024
92880,75043,2024
92881,30347,2024
92882,68715,2024
92883,39990,2024
92886,49704,2024
92887,19725,2024
93001,32026,2024
93003,52906,2024
93004,30698,2024
93010,46748,2024
93012,35791,2024
93013,16317,2024
93015,19191,2024
93021,37746,2024
93022,6078,2024
93023,21036,2024
93030,58192,2024
93033,78737,2024
93035,26853,2024
93036,49394,2024
93040,1799,2024
93041,23273,2024
93042,99,2024
93043,468,2024
93060,34501,2024
93063,55066,2024
93064,0,2024
93065,73534,2024
93066,2898,2024
93067,1101,2024
93101,31554,2024
93103,19382,2024
93105,24437,2024
93106,5418,2024
93108,11526,2024
93109,10915,2024
93110,15436,2024
93111,18274,2024
93117,52934,2024
93201,1134,2024
93202,3890,2024
93203,20712,2024
93204,13657,2024
93205,1708,2024
93206,1898,2024
93207,269,2024
93208,157,2024
93210,18491,2024
93212,23142,2024
93215,54556,2024
93218,780,2024
93219,9057,2024
93220,0,2024
93221,14538,2024
93222,2721,2024
93223,10405,2024
93224,414,2024
93225,4663,2024
93226,58,2024
93227,221,2024
93230,69684,2024
93234,6519,2024
93235,4678,2024
93237,83,2024
93238,887,2024
93239,1461,2024
93240,5981,2024
93241,15250,2024
93242,2904,2024
93243,834,2024
93244,117,2024
93245,37971,2024
93246,852,2024
93247,18115,2024
93249,2243,2024
93250,15599,2024
93251,274,2024
93252,1295,2024
93254,707,2024
93255,470,2024
93256,5578,2024
93257,80467,2024
93258,1398,2024
93260,153,2024
93261,2005,2024
93262,12,2024
93263,24024,2024
93265,3397,2024
93266,1612,2024
93267,5531,2024
93268,16963,2024
93270,5482,2024
93271,2199,2024
93272,3818,2024
93274,80026,2024
93276,157,2024
93277,53985,2024
93280,27407,2024
93283,2326,2024
93285,2920,2024
93286,10548,2024
93287,98,2024
93291,63568,2024
93292,45780,2024
93301,13620,2024
93304,51037,2024
93305,37714,2024
93306,74116,2024
93307,85945,2024
93308,55078,2024
93309,63217,2024
93311,55555,2024
93312,58384,2024
93313,61843,2024
93314,35407,2024
93401,29202,2024
93402,14197,2024
93405,25002,2024
93407,347,2024
93408,6,2024
93409,2952,2024
93410,7396,2024
93420,31345,2024
93422,33002,2024
93424,962,2024
93426,1564,2024
93427,5737,2024
93428,6399,2024
93429,99,2024
93430,3125,2024
93432,1142,2024
93433,12600,2024
93434,8603,2024
93436,55820,2024
93437,3477,2024
93440,1185,2024
93441,1134,2024
93442,11571,2024
93444,21611,2024
93445,6857,2024
93446,45554,2024
93449,8014,2024
93450,668,2024
93451,5207,2024
93452,217,2024
93453,2344,2024
93454,41896,2024
93455,44611,2024
93458,59148,2024
93460,6039,2024
93461,1548,2024
93463,8130,2024
93465,11039,2024
93501,6435,2024
93505,14353,2024
93510,7786,2024
93512,206,2024
93513,1632,2024
93514,14853,2024
93516,2889,2024
93517,459,2024
93518,1205,2024
93519,19,2024
93522,61,2024
93523,3502,2024
93524,57,2024
93526,825,2024
93527,1831,2024
93528,86,2024
93529,209,2024
93530,28,2024
93531,515,2024
93532,2930,2024
93534,41430,2024
93535,79409,2024
93536,73412,2024
93541,970,2024
93543,12275,2024
93544,1027,2024
93545,1470,2024
93546,9000,2024
93549,203,2024
93550,80645,2024
93551,54360,2024
93552,42639,2024
93553,1319,2024
93554,19,2024
93555,33845,2024
93558,0,2024
93560,22119,2024
93561,31175,2024
93562,1849,2024
93563,195,2024
93581,3188,2024
93591,7051,2024
93601,1360,2024
93602,3330,2024
93603,146,2024
93604,710,2024
93605,69,2024
93606,988,2024
93608,683,2024
93609,4740,2024
93610,23520,2024
93611,46624,2024
93612,37755,2024
93614,11445,2024
93615,5764,2024
93616,2402,2024
93618,32267,2024
93619,55610,2024
93620,9927,2024
93621,441,2024
93622,9084,2024
93623,4,2024
93624,735,2024
93625,8778,2024
93626,3304,2024
93627,451,2024
93628,351,2024
93630,21284,2024
93631,17583,2024
93633,31,2024
93634,31,2024
93635,50149,2024
93636,15294,2024
93637,43785,2024
93638,50571,2024
93640,14657,2024
93641,466,2024
93643,3041,2024
93644,7614,2024
93645,905,2024
93646,10328,2024
93647,11741,2024
93648,15184,2024
93650,3333,2024
93651,1489,2024
93652,216,2024
93653,1260,2024
93654,31876,2024
93656,7172,2024
93657,36205,2024
93660,4086,2024
93662,29419,2024
93664,345,2024
93665,114,2024
93666,633,2024
93667,2218,2024
93668,741,2024
93669,196,2024
93670,0,2024
93673,348,2024
93675,3374,2024
93701,9808,2024
93702,43875,2024
93703,33420,2024
93704,28932,2024
93705,38888,2024
93706,40638,2024
93710,31669,2024
93711,39245,2024
93720,50089,2024
93721,7225,2024
93722,86110,2024
93723,14726,2024
93725,24575,2024
93726,44527,2024
93727,84107,2024
93728,18313,2024
93730,14263,2024
93737,7279,2024
93740,1179,2024
93741,73,2024
93901,29724,2024
93905,63898,2024
93906,64199,2024
93907,25146,2024
93908,12450,2024
93920,1464,2024
93921,2322,2024
93923,12565,2024
93924,6316,2024
93925,1241,2024
93926,8724,2024
93927,21574,2024
93928,1175,2024
93930,17243,2024
93932,482,2024
93933,28122,2024
93940,30605,2024
93943,10,2024
93944,2665,2024
93950,14951,2024
93953,3613,2024
93954,191,2024
93955,32266,2024
93960,27471,2024
93962,174,2024
94002,27534,2024
94005,4692,2024
94010,43025,2024
94014,45315,2024
94015,64091,2024
94018,3834,2024
94019,14419,2024
94020,1694,2024
94021,321,2024
94022,20027,2024
94024,23051,2024
94025,40721,2024
94027,7002,2024
94028,6531,2024
94030,22689,2024
94037,2917,2024
94038,2683,2024
94040,35632,2024
94041,16050,2024
94043,33176,2024
94044,37274,2024
94060,1465,2024
94061,37048,2024
94062,25759,2024
94063,34433,2024
94065,11673,2024
94066,42728,2024
94070,30447,2024
94074,126,2024
94080,64761,2024
94085,24024,2024
94086,49746,2024
94087,57767,2024
94089,22699,2024
94102,35976,2024
94103,34964,2024
94104,498,2024
94105,13861,2024
94107,31823,2024
94108,11305,2024
94109,54553,2024
94110,66865,2024
94111,4579,2024
94112,79277,2024
94114,33020,2024
94115,32629,2024
94116,43791,2024
94117,36198,2024
94118,39130,2024
94121,41995,2024
94122,55819,2024
94123,24054,2024
94124,34475,2024
94127,20288,2024
94128,0,2024
94129,3836,2024
94130,2429,2024
94131,28504,2024
94132,26859,2024
94133,23804,2024
94134,38633,2024
94158,11314,2024
94188,0,2024
94301,17508,2024
94303,46879,2024
94304,5000,2024
94305,18509,2024
94306,27183,2024
94401,35295,2024
94402,25475,2024
94403,43276,2024
94404,35881,2024
94501,63808,2024
94502,13430,2024
94503,21841,2024
94505,14970,2024
94506,27055,2024
94507,14586,2024
94508,3495,2024
94509,70090,2024
94510,26749,2024
94511,1864,2024
94512,130,2024
94513,69755,2024
94514,1953,2024
94515,6946,2024
94516,214,2024
94517,12316,2024
94518,27345,2024
94519,19058,2024
94520,37381,2024
94521,41909,2024
94523,34592,2024
94525,3372,2024
94526,32584,2024
94528,1049,2024
94530,26401,2024
94531,46387,2024
94533,78805,2024
94534,41203,2024
94535,3952,2024
94536,70619,2024
94538,67781,2024
94539,52396,2024
94541,67139,2024
94542,14871,2024
94544,76947,2024
94545,32843,2024
94546,44855,2024
94547,26302,2024
94548,832,2024
94549,28420,2024
94550,49873,2024
94551,37885,2024
94552,14506,2024
94553,48643,2024
94555,37501,2024
94556,15998,2024
94558,63657,2024
94559,27714,2024
94560,46903,2024
94561,46368,2024
94562,0,2024
94563,19378,2024
94564,18761,2024
94565,100488,2024
94566,44222,2024
94567,668,2024
94568,70803,2024
94569,296,2024
94571,10974,2024
94572,8976,2024
94573,84,2024
94574,7457,2024
94575,975,2024
94576,103,2024
94577,46317,2024
94578,41769,2024
94579,20017,2024
94580,29420,2024
94582,47424,2024
94583,39583,2024
94585,29357,2024
94586,971,2024
94587,67464,2024
94588,34328,2024
94589,29990,2024
94590,37128,2024
94591,58193,2024
94592,1049,2024
94595,16988,2024
94596,23417,2024
94597,23129,2024
94598,27206,2024
94599,3348,2024
94601,53259,2024
94602,31759,2024
94603,35742,2024
94605,44103,2024
94606,39966,2024
94607,28804,2024
94608,34395,2024
94609,23928,2024
94610,32628,2024
94611,40116,2024
94612,18175,2024
94613,472,2024
94618,16958,2024
94619,26831,2024
94621,33840,2024
94702,17635,2024
94703,20934,2024
94704,23788,2024
94705,13991,2024
94706,19969,2024
94707,12811,2024
94708,11947,2024
94709,12146,2024
94710,8380,2024
94720,5763,2024
94801,33591,2024
94803,27659,2024
94804,44891,2024
94805,14670,2024
94806,62546,2024
94901,41307,2024
94903,30615,2024
94904,12815,2024
94920,12609,2024
94922,6,2024
94923,1483,2024
94924,1372,2024
94925,10077,2024
94928,46829,2024
94929,293,2024
94930,8406,2024
94931,9487,2024
94933,1033,2024
94937,1009,2024
94938,437,2024
94939,7315,2024
94940,148,2024
94941,32706,2024
94945,17635,2024
94946,715,2024
94947,24100,2024
94949,17787,2024
94950,22,2024
94951,3294,2024
94952,33785,2024
94954,37574,2024
94956,1080,2024
94957,2321,2024
94960,16232,2024
94963,739,2024
94964,2344,2024
94965,11724,2024
94970,255,2024
94971,276,2024
94972,0,2024
94973,1689,2024
95002,1542,2024
95003,24951,2024
95004,4363,2024
95005,7277,2024
95006,7561,2024
95007,396,2024
95008,48333,2024
95010,8707,2024
95012,10814,2024
95013,57,2024
95014,60932,2024
95017,616,2024
95018,6594,2024
95019,5933,2024
95020,67181,2024
95023,59889,2024
95030,13151,2024
95032,27313,2024
95033,9600,2024
95035,78810,2024
95037,51943,2024
95039,948,2024
95041,623,2024
95043,805,2024
95045,3659,2024
95046,6324,2024
95050,39834,2024
95051,62054,2024
95053,3049,2024
95054,25704,2024
95060,46268,2024
95062,35607,2024
95064,10168,2024
95065,7997,2024
95066,15135,2024
95070,31417,2024
95073,11639,2024
95075,693,2024
95076,82806,2024
95110,19963,2024
95111,57202,2024
95112,57373,2024
95113,2640,2024
95116,48042,2024
95117,26953,2024
95118,32015,2024
95119,10841,2024
95120,36967,2024
95121,36463,2024
95122,50775,2024
95123,69677,2024
95124,52096,2024
95125,54419,2024
95126,38327,2024
95127,58825,2024
95128,33165,2024
95129,41321,2024
95130,13511,2024
95131,31179,2024
95132,40334,2024
95133,29710,2024
95134,30471,2024
95135,20129,2024
95136,48056,2024
95138,18960,2024
95139,7035,2024
95140,42,2024
95148,44995,2024
95202,7066,2024
95203,15930,2024
95204,31035,2024
95205,39608,2024
95206,68558,2024
95207,52414,2024
95209,47409,2024
95210,41549,2024
95211,765,2024
95212,28437,2024
95215,24847,2024
95219,31713,2024
95220,7931,2024
95221,259,2024
95222,5597,2024
95223,3056,2024
95224,316,2024
95225,1609,2024
95226,0,2024
95227,910,2024
95228,4611,2024
95230,403,2024
95231,3896,2024
95232,135,2024
95233,134,2024
95236,4490,2024
95237,3639,2024
95240,50517,2024
95242,28427,2024
95245,2727,2024
95246,1672,2024
95247,3858,2024
95248,60,2024
95249,4295,2024
95251,701,2024
95252,14252,2024
95253,609,2024
95254,313,2024
95255,1955,2024
95257,569,2024
95258,4144,2024
95301,43009,2024
95303,784,2024
95304,15841,2024
95305,267,2024
95306,939,2024
95307,46310,2024
95309,0,2024
95310,1356,2024
95311,2245,2024
95312,232,2024
95313,1119,2024
95315,13598,2024
95316,8022,2024
95317,827,2024
95318,582,2024
95319,1327,2024
95320,13500,2024
95321,3464,2024
95322,9506,2024
95323,1644,2024
95324,7636,2024
95325,0,2024
95326,10593,2024
95327,8752,2024
95328,4133,2024
95329,2954,2024
95330,35395,2024
95333,2963,2024
95334,17363,2024
95335,83,2024
95336,50185,2024
95337,48731,2024
95338,10006,2024
95340,38303,2024
95341,36385,2024
95345,279,2024
95346,923,2024
95348,37540,2024
95350,57136,2024
95351,48498,2024
95354,25684,2024
95355,60710,2024
95356,33233,2024
95357,13599,2024
95358,30469,2024
95360,13779,2024
95361,34810,2024
95363,30769,2024
95364,0,2024
95365,3963,2024
95366,18954,2024
95367,25593,2024
95368,13900,2024
95369,740,2024
95370,28355,2024
95372,1811,2024
95374,1921,2024
95375,56,2024
95376,54488,2024
95377,37739,2024
95379,3598,2024
95380,43960,2024
95382,39083,2024
95383,3782,2024
95385,602,2024
95386,10666,2024
95387,1032,2024
95388,13319,2024
95389,2181,2024
95391,25574,2024
95401,36861,2024
95403,45806,2024
95404,37011,2024
95405,22744,2024
95407,42036,2024
95409,25616,2024
95410,842,2024
95412,331,2024
95415,956,2024
95417,220,2024
95419,152,2024
95420,271,2024
95421,1570,2024
95422,17054,2024
95423,3513,2024
95425,10978,2024
95426,1257,2024
95427,666,2024
95428,2347,2024
95429,128,2024
95430,0,2024
95431,43,2024
95432,707,2024
95435,0,2024
95436,5821,2024
95437,14982,2024
95439,486,2024
95441,1648,2024
95442,3449,2024
95443,81,2024
95444,625,2024
95445,2766,2024
95446,4607,2024
95448,16077,2024
95449,1763,2024
95450,224,2024
95451,12592,2024
95452,1762,2024
95453,11741,2024
95454,1670,2024
95456,860,2024
95457,3122,2024
95458,3638,2024
95459,761,2024
95460,2199,2024
95461,3422,2024
95462,1058,2024
95463,14,2024
95464,2484,2024
95465,1203,2024
95466,722,2024
95467,5778,2024
95468,2037,2024
95469,1315,2024
95470,6226,2024
95471,394,2024
95472,28747,2024
95476,35196,2024
95480,8,2024
95482,33164,2024
95485,3242,2024
95486,17,2024
95488,226,2024
95490,14677,2024
95492,27429,2024
95493,228,2024
95494,130,2024
95497,1275,2024
95501,22890,2024
95503,25054,2024
95511,71,2024
95514,85,2024
95519,18728,2024
95521,21980,2024
95524,1634,2024
95525,1441,2024
95526,745,2024
95527,622,2024
95528,1286,2024
95531,22291,2024
95536,3050,2024
95537,532,2024
95538,1158,2024
95540,14469,2024
95542,2463,2024
95543,523,2024
95545,194,2024
95546,2397,2024
95547,1263,2024
95548,1024,2024
95549,1024,2024
95550,140,2024
95551,1880,2024
95552,586,2024
95553,789,2024
95554,368,2024
95555,216,2024
95556,949,2024
95558,230,2024
95559,41,2024
95560,1213,2024
95562,3422,2024
95563,577,2024
95564,444,2024
95565,764,2024
95567,2058,2024
95568,223,2024
95569,99,2024
95570,2640,2024
95571,104,2024
95573,1089,2024
95585,522,2024
95587,0,2024
95589,1115,2024
95595,133,2024
95601,294,2024
95602,19701,2024
95603,28432,2024
95604,27,2024
95605,14896,2024
95606,232,2024
95607,330,2024
95608,61440,2024
95610,46928,2024
95612,1865,2024
95613,29,2024
95614,3954,2024
95615,918,2024
95616,53630,2024
95618,26267,2024
95619,4974,2024
95620,22223,2024
95621,42442,2024
95623,4844,2024
95624,67630,2024
95625,319,2024
95626,5595,2024
95627,3999,2024
95628,44855,2024
95629,813,2024
95630,79484,2024
95631,6946,2024
95632,32493,2024
95633,2653,2024
95634,3536,2024
95635,1298,2024
95636,1410,2024
95637,402,2024
95638,2517,2024
95639,317,2024
95640,13926,2024
95641,2214,2024
95642,7135,2024
95645,1314,2024
95646,218,2024
95648,57459,2024
95650,13405,2024
95651,729,2024
95652,1486,2024
95653,805,2024
95655,4901,2024
95658,5894,2024
95659,617,2024
95660,35451,2024
95661,32589,2024
95662,32600,2024
95663,3090,2024
95664,1341,2024
95665,4465,2024
95666,5994,2024
95667,36830,2024
95668,515,2024
95669,2118,2024
95670,58819,2024
95671,4432,2024
95672,5764,2024
95673,16512,2024
95674,998,2024
95675,374,2024
95676,10,2024
95677,29206,2024
95678,45346,2024
95679,80,2024
95680,11,2024
95681,1267,2024
95682,30065,2024
95683,6515,2024
95684,2708,2024
95685,4690,2024
95686,1171,2024
95687,69390,2024
95688,40201,2024
95689,1429,2024
95690,2431,2024
95691,40143,2024
95692,5032,2024
95693,7961,2024
95694,10759,2024
95695,37702,2024
95697,800,2024
95698,217,2024
95699,147,2024
95701,984,2024
95703,2589,2024
95709,6000,2024
95713,9448,2024
95714,394,2024
95715,61,2024
95717,55,2024
95720,29,2024
95721,0,2024
95722,4092,2024
95726,8450,2024
95728,516,2024
95735,51,2024
95736,331,2024
95742,17768,2024
95746,22985,2024
95747,83902,2024
95757,56764,2024
95758,65725,2024
95762,47657,2024
95765,43871,2024
95776,28718,2024
95811,8810,2024
95814,12355,2024
95815,26658,2024
95816,19225,2024
95817,14219,2024
95818,22581,2024
95819,19737,2024
95820,35410,2024
95821,38064,2024
95822,46569,2024
95823,83607,2024
95824,33083,2024
95825,36156,2024
95826,40165,2024
95827,21742,2024
95828,61686,2024
95829,31865,2024
95830,695,2024
95831,43545,2024
95832,12850,2024
95833,42265,2024
95834,36245,2024
95835,42004,2024
95837,317,2024
95838,40677,2024
95841,20500,2024
95842,34034,2024
95843,47695,2024
95864,25500,2024
95901,37732,2024
95903,2242,2024
95910,19,2024
95912,4855,2024
95913,377,2024
95914,409,2024
95915,0,2024
95916,667,2024
95917,3752,2024
95918,1566,2024
95919,1172,2024
95920,278,2024
95922,425,2024
95923,68,2024
95925,69,2024
95926,40567,2024
95928,37409,2024
95929,0,2024
95930,463,2024
95932,7701,2024
95934,63,2024
95935,934,2024
95936,144,2024
95937,701,2024
95938,3943,2024
95939,325,2024
95941,106,2024
95942,2089,2024
95943,621,2024
95944,122,2024
95945,27470,2024
95946,9958,2024
95947,1505,2024
95948,11200,2024
95949,20552,2024
95950,287,2024
95951,2698,2024
95953,11028,2024
95954,8165,2024
95955,1405,2024
95956,373,2024
95957,680,2024
95958,0,2024
95959,17683,2024
95960,540,2024
95961,33999,2024
95962,1110,2024
95963,16070,2024
95965,21181,2024
95966,28503,2024
95968,1364,2024
95969,8339,2024
95970,453,2024
95971,6419,2024
95972,0,2024
95973,39031,2024
95974,98,2024
95975,1088,2024
95977,1780,2024
95978,142,2024
95979,558,2024
95981,99,2024
95982,2795,2024
95983,302,2024
95984,51,2024
95986,115,2024
95987,6786,2024
95988,8808,2024
95991,42579,2024
95993,39046,2024
96001,33817,2024
96002,33783,2024
96003,44923,2024
96006,512,2024
96007,24768,2024
96008,1054,2024
96009,307,2024
96010,212,2024
96011,75,2024
96013,3779,2024
96014,307,2024
96015,437,2024
96016,193,2024
96017,122,2024
96019,10350,2024
96020,2222,2024
96021,14812,2024
96022,17092,2024
96023,1178,2024
96024,1082,2024
96025,1906,2024
96027,1908,2024
96028,1526,2024
96029,121,2024
96031,66,2024
96032,2408,2024
96033,172,2024
96034,332,2024
96035,3326,2024
96037,168,2024
96038,504,2024
96039,583,2024
96040,57,2024
96041,2889,2024
96044,1143,2024
96046,489,2024
96047,841,2024
96048,1297,2024
96050,413,2024
96051,1070,2024
96052,2366,2024
96054,183,2024
96055,3473,2024
96056,1584,2024
96057,1025,2024
96058,661,2024
96059,826,2024
96061,59,2024
96062,1243,2024
96063,133,2024
96064,4665,2024
96065,221,2024
96067,7839,2024
96068,94,2024
96069,1426,2024
96071,20,2024
96073,5750,2024
96074,290,2024
96075,221,2024
96076,148,2024
96078,454,2024
96080,31554,2024
96084,671,2024
96085,71,2024
96086,348,2024
96087,899,2024
96088,4239,2024
96090,366,2024
96091,932,2024
96092,327,2024
96093,4320,2024
96094,6656,2024
96096,577,2024
96097,9964,2024
96101,5142,2024
96103,1112,2024
96104,713,2024
96105,799,2024
96106,300,2024
96107,793,2024
96108,110,2024
96109,1299,2024
96110,65,2024
96111,26,2024
96112,193,2024
96113,2039,2024
96114,2959,2024
96115,125,2024
96116,57,2024
96117,261,2024
96118,1328,2024
96119,6,2024
96120,1349,2024
96121,217,2024
96122,4447,2024
96123,45,2024
96124,387,2024
96125,263,2024
96126,351,2024
96128,656,2024
96129,306,2024
96130,20173,2024
96132,21,2024
96133,180,2024
96134,2346,2024
96135,0,2024
96136,27,2024
96137,2923,2024
96140,1171,2024
96141,609,2024
96142,725,2024
96143,3222,2024
96145,3441,2024
96146,1154,2024
96148,562,2024
96150,29646,2024
96155,0,2024
96161,19634,2024
96701,39200,2024
96703,3366,2024
96704,7261,2024
96705,2522,2024
96706,83692,2024
96707,48807,2024
96708,11152,2024
96710,162,2024
96712,8204,2024
96713,1023,2024
96714,1592,2024
96716,2650,2024
96717,4580,2024
96719,1974,2024
96720,52979,2024
96722,2377,2024
96725,5009,2024
96726,107,2024
96727,4577,2024
96728,376,2024
96729,1670,2024
96730,1478,2024
96731,2782,2024
96732,27444,2024
96734,50670,2024
96737,4380,2024
96738,7862,2024
96740,39338,2024
96741,6183,2024
96742,67,2024
96743,12422,2024
96744,57620,2024
96746,19329,2024
96747,1012,2024
96748,5609,2024
96749,19132,2024
96750,3203,2024
96751,0,2024
96752,3809,2024
96753,28003,2024
96754,4272,2024
96755,3677,2024
96756,6448,2024
96757,881,2024
96759,0,2024
96760,4261,2024
96761,20952,2024
96762,5710,2024
96763,3443,2024
96764,516,2024
96765,513,2024
96766,17526,2024
96768,18569,2024
96769,292,2024
96770,501,2024
96771,7793,2024
96772,2470,2024
96773,95,2024
96774,579,2024
96776,1355,2024
96777,1822,2024
96778,15262,2024
96779,2780,2024
96780,400,2024
96781,2073,2024
96782,37475,2024
96783,2251,2024
96785,4433,2024
96786,40658,2024
96789,54278,2024
96790,9756,2024
96791,6377,2024
96792,49618,2024
96793,32739,2024
96795,10675,2024
96796,1840,2024
96797,72435,2024
96813,26766,2024
96814,24689,2024
96815,27530,2024
96816,50883,2024
96817,55492,2024
96818,54822,2024
96819,50345,2024
96820,0,2024
96821,20053,2024
96822,43747,2024
96825,30913,2024
96826,29174,2024
96848,573,2024
96850,0,2024
96853,526,2024
96857,4039,2024
96858,323,2024
96859,0,2024
96860,4710,2024
96863,2302,2024
97001,353,2024
97002,6358,2024
97003,27811,2024
97004,4496,2024
97005,28311,2024
97006,46463,2024
97007,47895,2024
97008,28611,2024
97009,8336,2024
97011,620,2024
97013,24293,2024
97014,1459,2024
97015,24433,2024
97016,6573,2024
97017,3427,2024
97018,2006,2024
97019,3233,2024
97020,1133,2024
97021,1608,2024
97022,3319,2024
97023,12111,2024
97024,12007,2024
97026,3959,2024
97027,12347,2024
97028,230,2024
97029,442,2024
97030,37708,2024
97031,19138,2024
97032,5044,2024
97033,111,2024
97034,21331,2024
97035,25911,2024
97037,931,2024
97038,16440,2024
97039,413,2024
97040,1842,2024
97041,3389,2024
97042,3361,2024
97045,57526,2024
97048,7099,2024
97049,1896,2024
97050,212,2024
97051,17347,2024
97053,3634,2024
97054,1494,2024
97055,19786,2024
97056,12795,2024
97057,14,2024
97058,20360,2024
97060,21649,2024
97062,28930,2024
97063,1081,2024
97064,3855,2024
97065,760,2024
97067,2125,2024
97068,30161,2024
97070,26902,2024
97071,33123,2024
97078,25662,2024
97080,48411,2024
97086,34567,2024
97089,15101,2024
97101,3914,2024
97102,324,2024
97103,17993,2024
97106,4855,2024
97107,2166,2024
97108,451,2024
97109,730,2024
97110,1135,2024
97111,4890,2024
97112,2296,2024
97113,16268,2024
97114,5013,2024
97115,3951,2024
97116,29800,2024
97117,982,2024
97118,796,2024
97119,5233,2024
97121,1444,2024
97122,615,2024
97123,48410,2024
97124,54357,2024
97125,248,2024
97127,4396,2024
97128,38664,2024
97130,845,2024
97131,2359,2024
97132,32486,2024
97133,5416,2024
97134,169,2024
97135,1190,2024
97136,2302,2024
97137,989,2024
97138,11035,2024
97140,27933,2024
97141,13086,2024
97144,66,2024
97145,367,2024
97146,8099,2024
97147,448,2024
97148,2738,2024
97149,699,2024
97201,16887,2024
97202,43533,2024
97203,33116,2024
97204,885,2024
97205,9121,2024
97206,49890,2024
97208,0,2024
97209,22296,2024
97210,11324,2024
97211,33769,2024
97212,28042,2024
97213,31408,2024
97214,27714,2024
97215,17296,2024
97216,16638,2024
97217,35169,2024
97218,15428,2024
97219,42430,2024
97220,27202,2024
97221,12915,2024
97222,36398,2024
97223,50527,2024
97224,36569,2024
97225,25869,2024
97227,5665,2024
97229,76106,2024
97230,43553,2024
97231,4308,2024
97232,15615,2024
97233,36236,2024
97236,37558,2024
97239,17804,2024
97258,0,2024
97266,35423,2024
97267,31311,2024
97301,57574,2024
97302,40799,2024
97303,40659,2024
97304,34879,2024
97305,45083,2024
97306,34383,2024
97310,1379,2024
97317,25966,2024
97321,30672,2024
97322,36408,2024
97324,1470,2024
97325,7252,2024
97326,759,2024
97327,3079,2024
97329,55,2024
97330,43878,2024
97331,3693,2024
97333,23934,2024
97335,228,2024
97336,95,2024
97338,23419,2024
97341,2972,2024
97342,173,2024
97343,484,2024
97344,1534,2024
97345,330,2024
97346,1017,2024
97347,1577,2024
97348,2100,2024
97350,219,2024
97351,11454,2024
97352,6497,2024
97355,34292,2024
97357,154,2024
97358,2356,2024
97360,2040,2024
97361,14488,2024
97362,4110,2024
97364,746,2024
97365,11066,2024
97366,2356,2024
97367,11158,2024
97368,2803,2024
97369,334,2024
97370,9521,2024
97371,694,2024
97373,139,2024
97374,4859,2024
97375,1346,2024
97376,1301,2024
97377,581,2024
97378,9178,2024
97380,2360,2024
97381,15405,2024
97383,10310,2024
97384,0,2024
97385,3823,2024
97386,15225,2024
97388,911,2024
97389,1755,2024
97390,816,2024
97391,5536,2024
97392,6770,2024
97394,5363,2024
97396,3446,2024
97401,49437,2024
97402,53823,2024
97403,15355,2024
97404,34244,2024
97405,46933,2024
97406,393,2024
97408,15420,2024
97410,561,2024
97411,7699,2024
97412,744,2024
97413,818,2024
97414,415,2024
97415,14586,2024
97416,981,2024
97417,2330,2024
97419,1123,2024
97420,27621,2024
97423,6056,2024
97424,18357,2024
97426,10186,2024
97429,985,2024
97430,367,2024
97431,2366,2024
97432,411,2024
97434,890,2024
97435,2412,2024
97436,865,2024
97437,2632,2024
97438,1311,2024
97439,16025,2024
97441,199,2024
97442,1742,2024
97443,3116,2024
97444,5416,2024
97446,5449,2024
97447,610,2024
97448,14323,2024
97449,2208,2024
97450,845,2024
97451,531,2024
97452,1703,2024
97453,965,2024
97454,1168,2024
97455,2461,2024
97456,3422,2024
97457,10360,2024
97458,5164,2024
97459,14835,2024
97461,604,2024
97462,4044,2024
97463,3652,2024
97465,1811,2024
97466,842,2024
97467,5423,2024
97469,2207,2024
97470,19711,2024
97471,32334,2024
97473,347,2024
97476,338,2024
97477,37534,2024
97478,39373,2024
97479,10447,2024
97480,295,2024
97481,592,2024
97484,271,2024
97486,595,2024
97487,8498,2024
97488,604,2024
97489,821,2024
97490,460,2024
97492,981,2024
97493,491,2024
97494,0,2024
97495,1694,2024
97496,7768,2024
97497,1174,2024
97498,2055,2024
97499,1828,2024
97501,44670,2024
97502,29067,2024
97503,13938,2024
97504,51089,2024
97520,26512,2024
97522,443,2024
97523,7172,2024
97524,15078,2024
97525,5129,2024
97526,36036,2024
97527,37330,2024
97530,8860,2024
97531,187,2024
97532,2578,2024
97534,892,2024
97535,4804,2024
97536,1309,2024
97537,7018,2024
97538,1865,2024
97539,3369,2024
97540,8323,2024
97541,1523,2024
97543,598,2024
97544,1860,2024
97601,22964,2024
97603,33222,2024
97604,0,2024
97620,84,2024
97621,257,2024
97622,369,2024
97623,2813,2024
97624,3643,2024
97625,134,2024
97626,251,2024
97627,229,2024
97630,5509,2024
97632,1600,2024
97633,1246,2024
97634,277,2024
97635,239,2024
97636,406,2024
97637,117,2024
97638,373,2024
97639,15,2024
97640,159,2024
97641,1319,2024
97701,43293,2024
97702,54657,2024
97703,34108,2024
97707,6661,2024
97709,0,2024
97710,80,2024
97711,29,2024
97712,60,2024
97720,4397,2024
97721,141,2024
97722,99,2024
97730,319,2024
97731,117,2024
97732,167,2024
97733,639,2024
97734,3618,2024
97735,175,2024
97736,93,2024
97737,557,2024
97738,2236,2024
97739,13183,2024
97741,13663,2024
97750,416,2024
97751,71,2024
97752,0,2024
97753,3067,2024
97754,22960,2024
97756,44914,2024
97758,91,2024
97759,7737,2024
97760,8702,2024
97761,2955,2024
97801,21575,2024
97810,759,2024
97812,932,2024
97813,1508,2024
97814,12590,2024
97817,13,2024
97818,5610,2024
97819,17,2024
97820,1568,2024
97823,1014,2024
97824,2117,2024
97825,347,2024
97826,1178,2024
97827,2384,2024
97828,3522,2024
97830,800,2024
97833,863,2024
97834,1395,2024
97835,608,2024
97836,1998,2024
97837,78,2024
97838,28512,2024
97839,116,2024
97840,107,2024
97841,370,2024
97842,116,2024
97843,805,2024
97844,3701,2024
97845,2265,2024
97846,2067,2024
97848,217,2024
97850,16903,2024
97856,485,2024
97857,483,2024
97859,95,2024
97862,12313,2024
97864,316,2024
97865,921,2024
97867,947,2024
97868,1598,2024
97869,838,2024
97870,585,2024
97873,109,2024
97874,262,2024
97875,2410,2024
97876,995,2024
97877,314,2024
97880,248,2024
97882,7976,2024
97883,2489,2024
97884,84,2024
97885,1365,2024
97886,1221,2024
97901,954,2024
97902,17,2024
97903,48,2024
97904,155,2024
97905,63,2024
97906,360,2024
97907,821,2024
97908,30,2024
97909,24,2024
97910,645,2024
97911,42,2024
97913,5520,2024
97914,19713,2024
97917,50,2024
97918,4567,2024
97920,34,2024
98001,37460,2024
98002,37509,2024
98003,51619,2024
98004,39897,2024
98005,21846,2024
98006,40009,2024
98007,27692,2024
98008,27242,2024
98010,6857,2024
98011,28963,2024
98012,77041,2024
98014,8264,2024
98019,12242,2024
98020,19551,2024
98021,35631,2024
98022,22418,2024
98023,50448,2024
98024,3908,2024
98025,52,2024
98026,38976,2024
98027,28955,2024
98028,23741,2024
98029,30586,2024
98030,38523,2024
98031,40094,2024
98032,40862,2024
98033,40982,2024
98034,52531,2024
98036,42370,2024
98037,29723,2024
98038,37324,2024
98039,2928,2024
98040,25307,2024
98042,50216,2024
98043,23101,2024
98045,15289,2024
98047,6817,2024
98050,108,2024
98051,3442,2024
98052,80717,2024
98053,22765,2024
98055,24660,2024
98056,35849,2024
98057,12705,2024
98058,42980,2024
98059,42406,2024
98065,15944,2024
98068,482,2024
98070,9934,2024
98072,24446,2024
98074,30761,2024
98075,25498,2024
98077,14109,2024
98087,41796,2024
98092,50224,2024
98101,17153,2024
98102,27333,2024
98103,52671,2024
98104,16542,2024
98105,49767,2024
98106,28690,2024
98107,28776,2024
98108,25529,2024
98109,34328,2024
98110,24631,2024
98112,23921,2024
98115,54349,2024
98116,28711,2024
98117,35711,2024
98118,50500,2024
98119,26879,2024
98121,21166,2024
98122,43234,2024
98125,44520,2024
98126,22975,2024
98133,53249,2024
98134,645,2024
98136,17252,2024
98144,33787,2024
98146,28573,2024
98148,9715,2024
98154,0,2024
98155,36511,2024
98158,0,2024
98164,292,2024
98166,22082,2024
98168,35528,2024
98174,0,2024
98177,21090,2024
98178,26748,2024
98188,27311,2024
98195,2757,2024
98198,40463,2024
98199,22468,2024
98201,31895,2024
98203,35517,2024
98204,45130,2024
98207,843,2024
98208,60915,2024
98220,541,2024
98221,23562,2024
98222,121,2024
98223,46497,2024
98224,190,2024
98225,50216,2024
98226,46782,2024
98229,33298,2024
98230,18744,2024
98232,4054,2024
98233,17850,2024
98235,531,2024
98236,7199,2024
98237,4956,2024
98238,46,2024
98239,7656,2024
98240,3593,2024
98241,2339,2024
98243,327,2024
98244,2994,2024
98245,4265,2024
98247,9115,2024
98248,28498,2024
98249,4198,2024
98250,9254,2024
98251,4907,2024
98252,10361,2024
98253,2311,2024
98255,198,2024
98256,368,2024
98257,4277,2024
98258,52752,2024
98260,5320,2024
98261,2984,2024
98262,957,2024
98263,200,2024
98264,23123,2024
98266,4245,2024
98267,314,2024
98270,55049,2024
98271,30838,2024
98272,31436,2024
98273,30001,2024
98274,18860,2024
98275,21323,2024
98276,1794,2024
98277,40917,2024
98278,1932,2024
98279,680,2024
98280,442,2024
98281,1288,2024
98282,17303,2024
98283,442,2024
98284,27835,2024
98286,155,2024
98288,169,2024
98290,39826,2024
98292,27389,2024
98294,7963,2024
98295,3279,2024
98296,27896,2024
98297,47,2024
98303,1448,2024
98304,770,2024
98305,419,2024
98310,22643,2024
98311,28168,2024
98312,36307,2024
98314,1186,2024
98315,6112,2024
98320,1219,2024
98321,18150,2024
98323,767,2024
98325,1775,2024
98326,1207,2024
98327,9931,2024
98328,9891,2024
98329,11552,2024
98330,61,2024
98331,5826,2024
98332,20072,2024
98333,3414,2024
98335,27773,2024
98336,981,2024
98337,7370,2024
98338,32687,2024
98339,3658,2024
98340,2721,2024
98342,1338,2024
98345,221,2024
98346,9920,2024
98349,4931,2024
98350,344,2024
98351,1891,2024
98353,0,2024
98354,8597,2024
98355,702,2024
98356,2172,2024
98357,1519,2024
98358,1164,2024
98359,4581,2024
98360,15045,2024
98361,457,2024
98362,24313,2024
98363,14237,2024
98364,0,2024
98365,5168,2024
98366,36965,2024
98367,31756,2024
98368,17304,2024
98370,33655,2024
98371,24682,2024
98372,26012,2024
98373,28883,2024
98374,49007,2024
98375,31187,2024
98376,1982,2024
98377,2527,2024
98380,5471,2024
98381,203,2024
98382,31052,2024
98383,21604,2024
98385,457,2024
98387,50774,2024
98388,7043,2024
98390,11546,2024
98391,59240,2024
98392,2984,2024
98394,892,2024
98396,844,2024
98402,8080,2024
98403,9097,2024
98404,35961,2024
98405,25939,2024
98406,24202,2024
98407,21718,2024
98408,21009,2024
98409,27843,2024
98416,934,2024
98418,10264,2024
98421,424,2024
98422,21644,2024
98424,11816,2024
98430,582,2024
98433,22493,2024
98438,613,2024
98439,5671,2024
98443,5558,2024
98444,35754,2024
98445,33684,2024
98446,14634,2024
98447,921,2024
98465,7178,2024
98466,30327,2024
98467,15387,2024
98498,29209,2024
98499,32464,2024
98501,48067,2024
98502,35398,2024
98503,41656,2024
98505,881,2024
98506,18497,2024
98512,31864,2024
98513,38017,2024
98516,29177,2024
98520,24888,2024
98524,4300,2024
98526,180,2024
98527,273,2024
98528,11940,2024
98530,619,2024
98531,27337,2024
98532,27135,2024
98533,890,2024
98535,726,2024
98536,49,2024
98537,2820,2024
98538,460,2024
98539,139,2024
98541,10810,2024
98542,625,2024
98544,0,2024
98546,2430,2024
98547,1080,2024
98548,2177,2024
98550,12316,2024
98552,140,2024
98555,324,2024
98556,350,2024
98557,4079,2024
98558,61,2024
98559,0,2024
98560,114,2024
98562,34,2024
98563,7604,2024
98564,3382,2024
98565,568,2024
98566,299,2024
98568,3050,2024
98569,7489,2024
98570,5319,2024
98571,48,2024
98572,834,2024
98575,113,2024
98576,4985,2024
98577,7503,2024
98579,14048,2024
98580,11410,2024
98581,419,2024
98582,438,2024
98583,79,2024
98584,40606,2024
98585,465,2024
98586,1801,2024
98587,1072,2024
98588,2114,2024
98589,7010,2024
98590,509,2024
98591,3965,2024
98592,2059,2024
98593,1541,2024
98595,2698,2024
98596,6950,2024
98597,26669,2024
98601,2585,2024
98602,320,2024
98603,1267,2024
98604,38839,2024
98605,1117,2024
98606,10233,2024
98607,35867,2024
98609,0,2024
98610,2832,2024
98611,9302,2024
98612,3366,2024
98613,458,2024
98614,571,2024
98616,192,2024
98617,1380,2024
98619,527,2024
98620,7936,2024
98621,195,2024
98623,55,2024
98624,1555,2024
98625,7655,2024
98626,26892,2024
98628,577,2024
98629,9076,2024
98631,3759,2024
98632,50635,2024
98635,1721,2024
98638,1443,2024
98639,1112,2024
98640,5386,2024
98641,313,2024
98642,26816,2024
98643,571,2024
98644,505,2024
98645,2216,2024
98647,352,2024
98648,3477,2024
98649,929,2024
98650,1188,2024
98651,910,2024
98660,13212,2024
98661,50743,2024
98662,37723,2024
98663,16202,2024
98664,23845,2024
98665,28910,2024
98670,68,2024
98671,24871,2024
98672,7390,2024
98673,411,2024
98674,17525,2024
98675,7305,2024
98682,68305,2024
98683,32107,2024
98684,37298,2024
98685,30607,2024
98686,21243,2024
98801,45426,2024
98802,33539,2024
98811,6,2024
98812,4834,2024
98813,2826,2024
98814,473,2024
98815,7830,2024
98816,7752,2024
98817,233,2024
98819,182,2024
98821,1019,2024
98822,2394,2024
98823,12188,2024
98824,147,2024
98826,7605,2024
98827,289,2024
98828,1898,2024
98829,361,2024
98830,557,2024
98831,3953,2024
98832,87,2024
98833,245,2024
98834,178,2024
98836,429,2024
98837,49455,2024
98840,4892,2024
98841,9737,2024
98843,2510,2024
98844,4873,2024
98845,115,2024
98846,1376,2024
98847,1641,2024
98848,12854,2024
98849,1096,2024
98850,2032,2024
98851,4437,2024
98852,44,2024
98853,6,2024
98855,5857,2024
98856,2920,2024
98857,4062,2024
98858,1783,2024
98859,435,2024
98860,277,2024
98862,2995,2024
98901,31366,2024
98902,46492,2024
98903,19445,2024
98908,38060,2024
98921,124,2024
98922,7688,2024
98923,994,2024
98925,850,2024
98926,34353,2024
98930,15730,2024
98932,5742,2024
98933,1230,2024
98934,775,2024
98935,4289,2024
98936,8744,2024
98937,4833,2024
98938,1591,2024
98939,116,2024
98940,858,2024
98941,1076,2024
98942,18871,2024
98943,579,2024
98944,22817,2024
98946,398,2024
98947,3255,2024
98948,12638,2024
98950,61,2024
98951,12581,2024
98952,2015,2024
98953,7166,2024
99001,9440,2024
99003,4810,2024
99004,22871,2024
99005,10815,2024
99006,16177,2024
99008,317,2024
99009,4506,2024
99011,2931,2024
99012,1167,2024
99013,1620,2024
99014,17,2024
99016,21615,2024
99017,230,2024
99018,272,2024
99019,12447,2024
99020,16,2024
99021,8942,2024
99022,8767,2024
99023,800,2024
99025,5668,2024
99026,9320,2024
99027,5992,2024
99029,2116,2024
99030,919,2024
99031,1251,2024
99032,1018,2024
99033,832,2024
99034,198,2024
99036,1581,2024
99037,16522,2024
99039,166,2024
99040,536,2024
99101,1690,2024
99102,495,2024
99103,556,2024
99105,41,2024
99109,4981,2024
99110,1505,2024
99111,4038,2024
99113,560,2024
99114,13383,2024
99115,1369,2024
99116,1786,2024
99117,556,2024
99118,899,2024
99119,1549,2024
99121,262,2024
99122,4046,2024
99123,977,2024
99124,326,2024
99125,611,2024
99126,899,2024
99128,259,2024
99129,725,2024
99130,693,2024
99131,127,2024
99133,1115,2024
99134,595,2024
99135,395,2024
99136,14,2024
99137,495,2024
99138,1223,2024
99139,1091,2024
99140,486,2024
99141,5626,2024
99143,585,2024
99144,7,2024
99146,28,2024
99147,214,2024
99148,2794,2024
99149,100,2024
99150,351,2024
99151,242,2024
99152,157,2024
99153,467,2024
99154,14,2024
99155,1009,2024
99156,9195,2024
99157,605,2024
99158,561,2024
99159,1323,2024
99160,87,2024
99161,1435,2024
99163,34022,2024
99166,2953,2024
99167,871,2024
99169,2587,2024
99170,926,2024
99171,895,2024
99173,1623,2024
99174,69,2024
99176,163,2024
99179,645,2024
99180,465,2024
99181,1995,2024
99185,1501,2024
99201,15829,2024
99202,19921,2024
99203,21468,2024
99204,7643,2024
99205,43169,2024
99206,41089,2024
99207,32770,2024
99208,58669,2024
99212,21707,2024
99216,28578,2024
99217,21441,2024
99218,16897,2024
99223,36094,2024
99224,24919,2024
99251,964,2024
99258,471,2024
99301,87044,2024
99320,9879,2024
99321,1047,2024
99322,412,2024
99323,4082,2024
99324,10137,2024
99326,6336,2024
99328,3646,2024
99329,127,2024
99330,1210,2024
99333,151,2024
99335,229,2024
99336,50735,2024
99337,33287,2024
99338,20633,2024
99341,765,2024
99343,3215,2024
99344,19534,2024
99345,162,2024
99346,198,2024
99347,2512,2024
99348,1633,2024
99349,8143,2024
99350,14837,2024
99352,37430,2024
99353,19251,2024
99354,25559,2024
99356,378,2024
99357,3843,2024
99359,94,2024
99360,1350,2024
99361,1992,2024
99362,42853,2024
99363,145,2024
99371,394,2024
99401,163,2024
99402,1557,2024
99403,20760,2024
99501,16175,2024
99502,25006,2024
99503,12964,2024
99504,42093,2024
99505,5015,2024
99506,7028,2024
99507,37301,2024
99508,36458,2024
99513,0,2024
99515,21870,2024
99516,21500,2024
99517,16486,2024
99518,9764,2024
99519,1297,2024
99530,0,2024
99540,468,2024
99546,73,2024
99547,15,2024
99548,27,2024
99549,73,2024
99550,150,2024
99551,736,2024
99552,377,2024
99553,694,2024
99554,864,2024
99555,92,2024
99556,2866,2024
99557,714,2024
99558,79,2024
99559,7241,2024
99561,620,2024
99563,494,2024
99564,27,2024
99565,29,2024
99566,130,2024
99567,6452,2024
99568,465,2024
99569,26,2024
99571,223,2024
99572,241,2024
99573,941,2024
99574,2551,2024
99575,17,2024
99576,2454,2024
99577,28477,2024
99578,174,2024
99579,54,2024
99580,36,2024
99581,966,2024
99583,151,2024
99585,386,2024
99586,420,2024
99587,1949,2024
99588,1037,2024
99589,115,2024
99590,173,2024
99591,70,2024
99602,205,2024
99603,11693,2024
99604,903,2024
99605,23,2024
99606,231,2024
99607,239,2024
99608,33,2024
99609,698,2024
99610,2222,2024
99611,16510,2024
99612,1352,2024
99613,376,2024
99614,706,2024
99615,12194,2024
99620,976,2024
99621,975,2024
99622,545,2024
99623,23424,2024
99624,145,2024
99625,8,2024
99626,239,2024
99627,255,2024
99628,679,2024
99630,287,2024
99631,222,2024
99632,949,2024
99633,522,2024
99634,692,2024
99635,100,2024
99636,474,2024
99637,833,2024
99638,1,2024
99639,1175,2024
99640,116,2024
99641,618,2024
99643,162,2024
99644,87,2024
99645,32103,2024
99647,14,2024
99648,82,2024
99649,52,2024
99650,713,2024
99651,43,2024
99652,4313,2024
99653,199,2024
99654,44647,2024
99655,1311,2024
99656,3,2024
99657,442,2024
99658,979,2024
99659,177,2024
99660,378,2024
99661,1071,2024
99662,440,2024
99663,417,2024
99664,4698,2024
99665,34,2024
99666,0,2024
99667,261,2024
99668,48,2024
99669,15395,2024
99670,73,2024
99671,596,2024
99672,4091,2024
99674,1774,2024
99675,15,2024
99676,1628,2024
99677,20,2024
99678,963,2024
99679,118,2024
99680,514,2024
99681,384,2024
99682,295,2024
99683,583,2024
99684,565,2024
99685,3747,2024
99686,3862,2024
99688,2739,2024
99689,527,2024
99690,93,2024
99691,49,2024
99692,809,2024
99693,429,2024
99694,1516,2024
99695,0,2024
99701,18061,2024
99702,3260,2024
99703,8304,2024
99704,20,2024
99705,21769,2024
99706,24,2024
99707,0,2024
99709,29551,2024
99712,12477,2024
99714,1106,2024
99720,178,2024
99721,329,2024
99722,164,2024
99723,4785,2024
99724,17,2024
99725,448,2024
99726,33,2024
99727,533,2024
99729,128,2024
99730,108,2024
99732,9,2024
99733,54,2024
99734,1203,2024
99736,227,2024
99737,4774,2024
99738,125,2024
99739,383,2024
99740,656,2024
99741,611,2024
99742,569,2024
99743,652,2024
99744,120,2024
99745,40,2024
99746,51,2024
99747,124,2024
99748,68,2024
99749,440,2024
99750,809,2024
99751,101,2024
99752,3056,2024
99753,348,2024
99754,29,2024
99755,987,2024
99756,32,2024
99757,7,2024
99758,214,2024
99759,390,2024
99760,833,2024
99761,786,2024
99762,4156,2024
99763,748,2024
99764,195,2024
99765,255,2024
99766,832,2024
99767,0,2024
99768,237,2024
99769,868,2024
99770,412,2024
99771,283,2024
99772,466,2024
99773,147,2024
99774,0,2024
99775,826,2024
99776,155,2024
99777,334,2024
99778,255,2024
99780,1884,2024
99781,76,2024
99782,718,2024
99783,238,2024
99784,222,2024
99785,718,2024
99786,182,2024
99788,80,2024
99789,616,2024
99790,0,2024
99791,288,2024
99801,29588,2024
99820,480,2024
99824,2190,2024
99825,28,2024
99826,594,2024
99827,2168,2024
99829,862,2024
99830,629,2024
99832,102,2024
99833,3409,2024
99835,8368,2024
99836,50,2024
99840,1244,2024
99841,163,2024
99850,0,2024
99901,13768,2024
99903,1,2024
99918,269,2024
99919,570,2024
99921,1596,2024
99922,375,2024
99923,24,2024
99925,841,2024
99926,1334,2024
99927,27,2024
99929,2087,2024
