zip,lat,lon
00601,18.1805555,-66.7499615
00602,18.361945,-67.1755974
00603,18.4573986,-67.124867
00606,18.1583202,-66.9329281
00610,18.2953043,-67.1251799
00611,18.2763163,-66.807165
00612,18.4167269,-66.7000897
00616,18.4204084,-66.6719864
00617,18.4468889,-66.5611541
00622,17.9881031,-67.1603567
00623,18.0843713,-67.1587648
00624,18.0518083,-66.7217108
00627,18.4124233,-66.8637083
00631,18.184294,-66.8307945
00636,18.1636002,-67.0800968
00637,18.0801027,-66.9479749
00638,18.2801878,-66.5131114
00641,18.2680737,-66.7017851
00646,18.4328967,-66.286499
00647,17.9636135,-66.9471271
00650,18.3492088,-66.5781117
00652,18.4484461,-66.5941107
00653,17.9886425,-66.9016895
00656,18.0404675,-66.7896795
00659,18.4073035,-66.8089953
00660,18.1346949,-67.1161994
00662,18.468299,-67.0157425
00664,18.2103284,-66.5916147
00667,18.0032634,-67.0361385
00669,18.2769246,-66.8695875
00670,18.2335066,-66.9876286
00674,18.424146,-66.4878996
00676,18.3815966,-67.0808835
00677,18.3325678,-67.2270217
00678,18.4305032,-66.9304785
00680,18.1834927,-67.1330541
00682,18.2248643,-67.1538912
00683,18.1077999,-67.0372633
00685,18.3368893,-66.9729514
00687,18.3180168,-66.420392
00688,18.3823046,-66.6263926
00690,18.4935433,-67.096915
00692,18.4106521,-66.3362016
00693,18.4259613,-66.3980978
00694,18.4831269,-66.3923598
00698,18.072916,-66.8511898
00703,18.2484007,-66.1306624
00704,17.9731683,-66.229011
00705,18.1289602,-66.266691
00707,18.014055,-65.9207506
00714,17.9958668,-66.0555288
00715,17.9904853,-66.5661429
00716,17.9850144,-66.6067207
00717,18.0026385,-66.6110867
00718,18.2320103,-65.7560356
00719,18.2899204,-66.2534399
00720,18.2166079,-66.4236825
00723,18.0193368,-66.0018618
00725,18.2206886,-66.0395801
00727,18.2119211,-66.0733546
00728,17.9910708,-66.662968
00729,18.3349177,-65.8870781
00730,18.0308817,-66.6119278
00731,18.1099473,-66.6356221
00735,18.2521792,-65.6656314
00736,18.103624,-66.1516668
00738,18.3044582,-65.6987107
00739,18.1755434,-66.1621015
00740,18.3339608,-65.6316738
00741,18.1638574,-65.7540409
00745,18.3521756,-65.8109291
00751,18.0037789,-66.2629055
00754,18.144582,-65.9722534
00757,17.9914277,-66.4023371
00765,18.1242065,-65.4230701
00766,18.1307185,-66.4722435
00767,18.0694892,-65.8960286
00769,18.0966407,-66.3583352
00771,18.1871519,-65.8711941
00772,18.4389438,-65.9052201
00773,18.3428877,-65.7231087
00775,18.3266113,-65.3077707
00777,18.2243265,-65.909085
00778,18.2640763,-65.9785097
00780,18.094076,-66.5657808
00782,18.2248783,-66.2244815
00783,18.3002219,-66.3289274
00784,18.0107138,-66.1336146
00786,18.1357247,-66.228698
00791,18.1426026,-65.8128118
00794,18.2000184,-66.3092822
00795,18.0464499,-66.4951421
00802,18.3429392,-64.9251023
00820,17.7366271,-64.7082153
00830,18.3385589,-64.7365301
00840,17.7247103,-64.8485222
00850,17.7268218,-64.7922454
00851,17.7475251,-64.7874393
00901,18.4665941,-66.1079821
00906,18.4644597,-66.0949949
00907,18.4522712,-66.0876245
00909,18.4412464,-66.0687662
00911,18.4536561,-66.0563378
00912,18.4450667,-66.0599418
00913,18.4646287,-66.0445899
00915,18.437179,-66.045571
00917,18.4206735,-66.0501049
00918,18.4222485,-66.0690807
00920,18.4224393,-66.0921403
00921,18.3920881,-66.087108
00923,18.4108037,-66.0373582
00924,18.3991863,-66.0125802
00925,18.400271,-66.0505896
00926,18.3486013,-66.0539294
00927,18.3882022,-66.0700328
00934,18.4130002,-66.1198293
00949,18.4098794,-66.2274406
00950,18.4672248,-66.2379288
00951,18.4280504,-66.2597719
00952,18.4287236,-66.1889309
00953,18.3607287,-66.251527
00956,18.3211371,-66.1704194
00957,18.3661474,-66.1889624
00959,18.3857846,-66.1556544
00960,18.4167612,-66.1425093
00961,18.4098997,-66.1633541
00962,18.4399879,-66.1354998
00965,18.4305078,-66.1109169
00966,18.3978748,-66.1139354
00968,18.4060629,-66.1012322
00969,18.3662318,-66.1101445
00971,18.3188842,-66.11919
00976,18.3361798,-65.9941009
00979,18.4383594,-65.9991694
00982,18.408744,-65.9912734
00983,18.41722,-65.9813165
00985,18.4107737,-65.9479267
00987,18.3439876,-65.9437544
01001,42.0623678,-72.6257536
01002,42.3772116,-72.4647946
01003,42.3918827,-72.5235844
01005,42.4188835,-72.1120769
01007,42.2839334,-72.4004046
01008,42.1920235,-72.9640756
01009,42.2113859,-72.3418086
01010,42.1281757,-72.2053516
01011,42.2901276,-72.9665164
01012,42.3754254,-72.8581917
01013,42.1420092,-72.5954964
01020,42.1726105,-72.5619195
01022,42.1971867,-72.5418718
01026,42.4700323,-72.9257069
01027,42.2950079,-72.7518767
01028,42.0623782,-72.498111
01029,42.176271,-73.0352919
01030,42.0729258,-72.686972
01031,42.3278092,-72.1919682
01032,42.4576127,-72.8147797
01033,42.2449487,-72.5001426
01034,42.0939118,-72.9611031
01035,42.3564876,-72.5686318
01036,42.0711876,-72.4177176
01037,42.3760363,-72.1973636
01038,42.3799252,-72.6040447
01039,42.4113042,-72.6909505
01040,42.2116578,-72.6424476
01050,42.2912587,-72.8748028
01053,42.3563014,-72.7135844
01054,42.4688976,-72.4845792
01056,42.1835768,-72.4578116
01057,42.0935962,-72.3214936
01060,42.3212513,-72.6303953
01062,42.3230331,-72.7017886
01063,42.3195836,-72.6395393
01066,42.4130387,-72.623639
01068,42.353887,-72.0606845
01069,42.1888618,-72.3064803
01070,42.5199086,-72.9253542
01071,42.1600642,-72.8738401
01072,42.4569676,-72.4172444
01073,42.2269485,-72.7415876
01074,42.380823,-72.1038954
01075,42.2565324,-72.5802475
01077,42.0525703,-72.7773529
01079,42.1857449,-72.3324604
01080,42.1857266,-72.3615579
01081,42.0613129,-72.2344109
01082,42.2997486,-72.2791638
01083,42.2068396,-72.1986192
01084,42.3617237,-72.8749875
01085,42.1535029,-72.771602
01088,42.3827,-72.6403612
01089,42.1254511,-72.6497341
01092,42.1918678,-72.2351075
01093,42.4452578,-72.645058
01094,42.3697621,-72.1392827
01095,42.1385268,-72.420702
01096,42.4105375,-72.7657697
01097,42.1658679,-72.8309847
01098,42.3975593,-72.9433922
01103,42.104418,-72.5900803
01104,42.1327724,-72.5674112
01105,42.0952455,-72.5776034
01106,42.0456953,-72.5633225
01107,42.1210603,-72.6070681
01108,42.0829507,-72.5595086
01109,42.1196737,-72.5497259
01118,42.0945866,-72.5252188
01119,42.1249785,-72.5112103
01128,42.0922958,-72.4891351
01129,42.1186705,-72.4882031
01144,42.1018942,-72.5909069
01151,42.1518602,-72.5091312
01201,42.4543015,-73.2820743
01220,42.6255598,-73.119828
01222,42.0627426,-73.3174978
01223,42.3042856,-73.1114946
01224,42.5037278,-73.2016362
01225,42.5651072,-73.1491424
01226,42.4798193,-73.153776
01229,42.29008,-73.3542185
01230,42.1731961,-73.3242896
01235,42.4256771,-73.0630283
01236,42.2744989,-73.3861549
01237,42.5498037,-73.2611438
01238,42.3004568,-73.2310057
01240,42.382693,-73.2666323
01242,42.3337341,-73.2491986
01243,42.3679073,-73.0540944
01244,42.117456,-73.278635
01245,42.1933071,-73.2184994
01247,42.6956988,-73.0938521
01253,42.2066825,-73.1132135
01254,42.382019,-73.3654915
01255,42.1028997,-73.125991
01256,42.5941657,-73.0223195
01257,42.0852456,-73.3674825
01258,42.0909195,-73.4701971
01259,42.0692605,-73.2289492
01260,42.2616734,-73.2751601
01262,42.3100552,-73.3244683
01264,42.2348215,-73.1970825
01266,42.3123539,-73.3880437
01267,42.6716169,-73.2469815
01270,42.5198375,-73.0496901
01301,42.6267614,-72.6015304
01330,42.5139469,-72.8215166
01331,42.5702368,-72.1829029
01337,42.6893067,-72.5822886
01338,42.5758886,-72.8066505
01339,42.6104497,-72.8877351
01340,42.6855298,-72.7311354
01341,42.5071769,-72.7015246
01342,42.5438893,-72.6094578
01343,42.6477305,-72.9697674
01344,42.6134178,-72.4264276
01346,42.6584963,-72.8060573
01347,42.5632226,-72.5097752
01349,42.5674604,-72.4675416
01350,42.7277722,-72.9853464
01351,42.5398798,-72.521689
01354,42.624101,-72.5086068
01355,42.4585511,-72.327191
01360,42.677091,-72.4538758
01364,42.6054372,-72.2920738
01366,42.491583,-72.180876
01367,42.6928819,-72.9192436
01368,42.6766867,-72.1840519
01370,42.5933756,-72.726928
01373,42.4754811,-72.6154028
01375,42.4666914,-72.5467508
01376,42.5914405,-72.5446738
01378,42.6799712,-72.3398816
01379,42.5278532,-72.3984031
01380,42.5884957,-72.4062977
01420,42.5849248,-71.8168623
01430,42.6730523,-71.9203351
01431,42.6762927,-71.8325227
01432,42.5665877,-71.575126
01434,42.53206,-71.6137402
01436,42.6020587,-72.0870149
01438,42.5610882,-72.0360744
01440,42.5883372,-71.9860694
01450,42.6116355,-71.5647443
01451,42.5019084,-71.5682014
01452,42.4951109,-72.0023392
01453,42.5199674,-71.7633189
01460,42.5359311,-71.4905688
01462,42.5826069,-71.7204641
01463,42.6706425,-71.6028575
01464,42.5736544,-71.6409862
01468,42.5427668,-72.0683447
01469,42.664795,-71.6950578
01473,42.5545982,-71.9054412
01474,42.6731426,-71.7483778
01475,42.6681596,-72.0556441
01501,42.1988672,-71.8457222
01503,42.384929,-71.6338895
01504,42.0399909,-71.5324059
01505,42.3550489,-71.716157
01506,42.1808069,-72.1078882
01507,42.1339347,-71.9680247
01510,42.4118873,-71.6900054
01515,42.2096822,-72.0401777
01516,42.0530722,-71.7522414
01518,42.1083252,-72.1136924
01519,42.2034045,-71.6797386
01520,42.3341765,-71.854277
01521,42.0467834,-72.1802118
01522,42.3756339,-71.8673822
01523,42.4835693,-71.6755848
01524,42.2460288,-71.9175657
01525,42.0989953,-71.6429643
01527,42.1922464,-71.777649
01529,42.036642,-71.5787791
01531,42.326183,-72.1334314
01532,42.3233423,-71.6462358
01534,42.138896,-71.6450035
01535,42.2675643,-72.0668759
01536,42.2313092,-71.6926418
01537,42.158966,-71.8970514
01540,42.1137272,-71.8608497
01541,42.4541251,-71.8775397
01542,42.2042515,-71.9089069
01543,42.3882849,-71.9698654
01545,42.2847672,-71.7142277
01550,42.0597374,-72.0339083
01560,42.1753945,-71.6742228
01561,42.4458253,-71.6884837
01562,42.2472111,-71.9918667
01564,42.4479239,-71.7760449
01566,42.1032138,-72.0795453
01568,42.1775289,-71.6063217
01569,42.0559208,-71.6311281
01570,42.0492529,-71.8462187
01571,42.0537777,-71.9350751
01581,42.2684262,-71.6133087
01583,42.3753571,-71.7893634
01585,42.2369082,-72.1622211
01588,42.1161081,-71.664614
01590,42.1320492,-71.7503217
01602,42.2691885,-71.8507275
01603,42.2438264,-71.8435694
01604,42.2534854,-71.7679315
01605,42.2896832,-71.7877932
01606,42.3138874,-71.7941853
01607,42.2259743,-71.7888936
01608,42.2620903,-71.8014282
01609,42.2851138,-71.829987
01610,42.247049,-71.8083657
01611,42.2409772,-71.8770349
01612,42.2967977,-71.9289911
01701,42.3195867,-71.4428004
01702,42.282379,-71.4366226
01718,42.5228158,-71.4302706
01719,42.4859849,-71.5209848
01720,42.483953,-71.4384947
01721,42.2577546,-71.4735257
01730,42.4993284,-71.2819028
01731,42.4646484,-71.2848296
01740,42.4399342,-71.6018849
01741,42.5368075,-71.3613254
01742,42.4629107,-71.3644962
01745,42.292114,-71.4991971
01746,42.1959508,-71.4534301
01747,42.1230066,-71.531404
01748,42.2240957,-71.5404885
01749,42.3890712,-71.5458637
01752,42.3496175,-71.547214
01754,42.4259551,-71.4562562
01756,42.0938697,-71.544519
01757,42.1586917,-71.5214188
01760,42.2848223,-71.3488109
01770,42.2319469,-71.3729634
01772,42.3028765,-71.5308277
01773,42.4255064,-71.3108115
01775,42.4296884,-71.512514
01776,42.3833674,-71.4210704
01778,42.3562749,-71.3619421
01801,42.4887033,-71.1543831
01803,42.5032267,-71.201713
01810,42.6480405,-71.1617485
01821,42.5493295,-71.2517245
01824,42.59079,-71.3551823
01826,42.679723,-71.3006796
01827,42.6761491,-71.4997715
01830,42.7963128,-71.0534357
01832,42.791114,-71.1328585
01833,42.7262256,-70.9833179
01834,42.7539,-71.0159351
01835,42.751326,-71.0944084
01840,42.7067633,-71.1604026
01841,42.7150794,-71.1483002
01843,42.6899881,-71.1603896
01844,42.7426414,-71.1786505
01845,42.6739092,-71.0913339
01850,42.6560445,-71.3033091
01851,42.6279987,-71.3367568
01852,42.6329784,-71.2956162
01854,42.6494812,-71.3482291
01860,42.8386028,-71.011997
01862,42.578543,-71.2955915
01863,42.6304838,-71.3978948
01864,42.5783984,-71.0844451
01867,42.5351829,-71.1054234
01876,42.6118926,-71.2272264
01879,42.6677617,-71.4288204
01880,42.5043613,-71.0640612
01886,42.5855413,-71.44025
01887,42.5646465,-71.1645158
01890,42.4527518,-71.1443188
01901,42.4604187,-70.9463791
01902,42.4710392,-70.9415353
01904,42.4914468,-70.9714409
01905,42.4623782,-70.9723434
01906,42.4696749,-71.0127853
01907,42.4741451,-70.9065967
01908,42.4282342,-70.9260711
01913,42.8512764,-70.9557903
01915,42.5704419,-70.867693
01921,42.6831075,-71.0271876
01922,42.7573131,-70.9142408
01923,42.5741744,-70.9505165
01929,42.6404513,-70.7711646
01930,42.6202913,-70.6779562
01937,42.5857233,-70.9840508
01938,42.686464,-70.8395935
01940,42.5341456,-71.0383332
01944,42.5766364,-70.7671544
01945,42.5043168,-70.8515419
01949,42.6103219,-71.0062955
01950,42.8123584,-70.8910952
01951,42.7733507,-70.8502113
01952,42.8447941,-70.8415006
01960,42.53431,-70.9694427
01965,42.5641012,-70.824723
01966,42.6407,-70.6202499
01969,42.7214959,-70.8866372
01970,42.5292476,-70.8680167
01982,42.6262226,-70.8572297
01983,42.6413873,-70.9433847
01984,42.6006684,-70.8832599
01985,42.7995647,-70.9644283
02019,42.0766822,-71.4744898
02021,42.1757371,-71.1253849
02025,42.2364265,-70.8143337
02026,42.2468719,-71.1794622
02030,42.2341598,-71.2911666
02032,42.1568815,-71.2161866
02035,42.0613376,-71.2458016
02038,42.0848585,-71.4105714
02043,42.2160985,-70.8812702
02045,42.2858696,-70.879517
02047,42.1455335,-70.6950496
02048,42.017302,-71.2164203
02050,42.1151393,-70.7103308
02052,42.1845991,-71.3053065
02053,42.1562029,-71.4303445
02054,42.1731025,-71.3637564
02056,42.1162441,-71.3292739
02061,42.1645688,-70.8188439
02062,42.1873895,-71.1924772
02066,42.2022731,-70.7581843
02067,42.1076002,-71.1818279
02071,42.1064239,-71.2689507
02072,42.119006,-71.1036499
02081,42.1474034,-71.257972
02090,42.219646,-71.2167708
02093,42.0526709,-71.356858
02108,42.3550969,-71.0657367
02109,42.3669188,-71.0504161
02110,42.3582538,-71.0519272
02111,42.3506804,-71.060527
02113,42.3652641,-71.0552217
02114,42.3636506,-71.0668878
02115,42.3394172,-71.0945393
02116,42.3509789,-71.0765907
02118,42.33786,-71.0698052
02119,42.3240658,-71.0851879
02120,42.3321343,-71.0966062
02121,42.305403,-71.086971
02122,42.2950881,-71.0525334
02124,42.2859221,-71.0750459
02125,42.3156824,-71.0555547
02126,42.2774364,-71.0899681
02127,42.3353007,-71.0382163
02128,42.3615186,-71.0073933
02129,42.379657,-71.0614875
02130,42.3081754,-71.1134714
02131,42.2823231,-71.1247457
02132,42.2790822,-71.1604493
02133,42.3583524,-71.063858
02134,42.3587862,-71.1295808
02135,42.3496885,-71.1539638
02136,42.254749,-71.1270719
02138,42.3796372,-71.1351523
02139,42.3623914,-71.1023358
02140,42.3921553,-71.1339954
02141,42.3702998,-71.0825603
02142,42.3625054,-71.0809599
02143,42.3814001,-71.0967203
02144,42.4000768,-71.1230878
02145,42.3915769,-71.0899097
02148,42.4293799,-71.0587065
02149,42.4059375,-71.0546487
02150,42.3968243,-71.0313479
02151,42.4182902,-71.0012511
02152,42.3773816,-70.9770258
02155,42.4238395,-71.1076732
02163,42.3672264,-71.125092
02169,42.2400156,-71.0152045
02170,42.2664149,-71.0155763
02171,42.2914702,-71.0258217
02176,42.455723,-71.0590194
02180,42.4742082,-71.0976654
02184,42.2061879,-71.0023199
02186,42.2415592,-71.0824366
02188,42.2046624,-70.9576331
02189,42.2119676,-70.9296393
02190,42.1667306,-70.9523629
02191,42.245077,-70.946528
02199,42.3474763,-71.0820329
02203,42.3614446,-71.0594531
02205,42.3494035,-71.0556211
02210,42.3480361,-71.0392835
02215,42.3476346,-71.1030821
02301,42.0783714,-71.0423041
02302,42.0889069,-70.998375
02322,42.1324575,-71.0540119
02324,41.9723761,-70.9787727
02325,41.990101,-70.9624084
02330,41.875179,-70.7467151
02332,42.0444072,-70.7060604
02333,42.0371166,-70.9421767
02338,42.0026332,-70.8637084
02339,42.1229562,-70.8563099
02341,42.0502384,-70.8673577
02343,42.140346,-70.9978616
02346,41.8780043,-70.8692669
02347,41.8343874,-70.9568242
02350,42.0210125,-70.8457909
02351,42.1160199,-70.9568068
02356,42.060539,-71.1196708
02357,42.0639737,-71.0773683
02359,42.0678019,-70.8057144
02360,41.8820616,-70.6312893
02364,41.9871959,-70.7419417
02366,41.8487533,-70.6611756
02367,41.9591,-70.8027525
02368,42.1789925,-71.052654
02370,42.1292512,-70.9087358
02375,42.0056899,-71.0780409
02379,42.0216172,-71.026717
02382,42.0789741,-70.9393902
02420,42.4590609,-71.2177285
02421,42.4385472,-71.2395735
02445,42.3254833,-71.1350449
02446,42.3434991,-71.1222435
02451,42.4015286,-71.252999
02452,42.3956087,-71.2199475
02453,42.3686854,-71.2411034
02457,42.298309,-71.2730195
02458,42.3535846,-71.1881919
02459,42.3147789,-71.1920167
02460,42.351824,-71.2084904
02461,42.3173616,-71.2065077
02462,42.3316751,-71.2559471
02464,42.3129751,-71.2188818
02465,42.3495328,-71.2273393
02466,42.3455142,-71.2476606
02467,42.3143213,-71.1527779
02468,42.3291748,-71.2315831
02472,42.3694508,-71.1779249
02474,42.4209494,-71.1563695
02476,42.4164795,-71.1734865
02478,42.3953169,-71.1802841
02481,42.3105142,-71.2777695
02482,42.2932742,-71.2964416
02492,42.2764827,-71.2437138
02493,42.3605009,-71.3034392
02494,42.2995634,-71.2312151
02532,41.74952,-70.5949261
02534,41.6690007,-70.6152794
02535,41.3379606,-70.7616743
02536,41.5962906,-70.5674734
02537,41.7284181,-70.4358033
02538,41.7773777,-70.6424469
02539,41.377655,-70.52208
02540,41.5694655,-70.6271999
02542,41.707839,-70.5455199
02543,41.4724225,-70.785049
02553,41.7131382,-70.6222835
02554,41.2901141,-70.0962936
02556,41.6394465,-70.6245154
02557,41.4464033,-70.5617613
02558,41.7462753,-70.6516894
02559,41.6902436,-70.6162787
02561,41.7678106,-70.5328539
02562,41.7879838,-70.5275916
02563,41.7511325,-70.502518
02564,41.2718801,-69.9845261
02568,41.4494039,-70.6163598
02571,41.7514297,-70.6993523
02575,41.3944058,-70.6564473
02576,41.7722213,-70.7629481
02584,41.257578,-70.0052939
02601,41.6611607,-70.2931965
02630,41.7067572,-70.3124951
02631,41.7475134,-70.0662228
02632,41.6590964,-70.3468731
02633,41.6873609,-69.9801605
02635,41.6240554,-70.4393984
02637,41.7057259,-70.2709278
02638,41.7302471,-70.1973923
02639,41.6680677,-70.1369806
02641,41.7539512,-70.1553929
02642,41.8415999,-69.9749731
02643,41.75354,-69.9346611
02644,41.6834882,-70.5107856
02645,41.7012864,-70.0616629
02646,41.6705961,-70.0714493
02647,41.6301267,-70.3101388
02648,41.6703745,-70.4120345
02649,41.6176232,-70.4927131
02650,41.701947,-69.9614533
02652,42.0495342,-70.0949865
02653,41.769125,-69.9735799
02655,41.6279841,-70.3920127
02657,42.0598291,-70.2004073
02659,41.6815127,-70.0234213
02660,41.7085259,-70.156582
02663,41.8975396,-69.9699068
02664,41.6747755,-70.1942792
02666,41.9853872,-70.0377394
02667,41.9233891,-70.0210443
02668,41.7143279,-70.356
02670,41.6601031,-70.1706808
02671,41.6703363,-70.1110683
02672,41.6357,-70.3136344
02673,41.6529482,-70.2473831
02675,41.7039498,-70.231552
02702,41.7851128,-71.0590468
02703,41.9316531,-71.2945028
02713,41.4270831,-70.8856622
02715,41.8055942,-71.1577069
02717,41.7586293,-70.9876253
02718,41.8624862,-71.0116892
02719,41.6336673,-70.8713617
02720,41.7271371,-71.1098583
02721,41.6744294,-71.1485315
02723,41.6922085,-71.1321315
02724,41.6830676,-71.1778881
02725,41.7200425,-71.1882719
02726,41.7596978,-71.1445961
02738,41.7061622,-70.7501641
02739,41.6656442,-70.8158758
02740,41.6381711,-70.9383981
02743,41.7095988,-70.8981109
02744,41.606252,-70.9136318
02745,41.7026957,-70.9470573
02746,41.6639126,-70.9475696
02747,41.658,-71.0134603
02748,41.553086,-70.971454
02760,41.9725669,-71.3343745
02762,42.0128383,-71.336188
02763,41.9668655,-71.3085743
02764,41.8519289,-71.1535982
02766,41.9653413,-71.1817803
02767,41.940993,-71.0485005
02769,41.8468781,-71.2448699
02770,41.7608637,-70.8389561
02771,41.8397984,-71.3180471
02777,41.7581626,-71.2141812
02779,41.8380611,-71.0776152
02780,41.909112,-71.1183464
02790,41.5991765,-71.0823714
02791,41.5305563,-71.0849974
02802,41.9521298,-71.4562334
02804,41.4330328,-71.7700609
02806,41.7330374,-71.3196762
02807,41.176783,-71.5770544
02808,41.4106542,-71.7385098
02809,41.6757303,-71.273331
02812,41.4777124,-71.658167
02813,41.3942155,-71.6698224
02814,41.8957841,-71.7052384
02815,41.7785905,-71.6623895
02816,41.6964989,-71.6226621
02817,41.628605,-71.6588737
02818,41.6429192,-71.4857186
02822,41.5753131,-71.587124
02823,41.7333619,-71.5436683
02824,41.9994414,-71.5621252
02825,41.7820674,-71.7268333
02826,41.9870431,-71.6480183
02827,41.698748,-71.7391184
02828,41.8776922,-71.5609107
02829,41.8933727,-71.5890358
02830,41.9756219,-71.6563883
02831,41.746418,-71.5849147
02832,41.506767,-71.7280057
02833,41.4857686,-71.7853112
02835,41.510088,-71.3783655
02836,41.4540394,-71.6202325
02837,41.5187687,-71.1672468
02838,41.9654125,-71.479359
02839,41.9451281,-71.6425557
02840,41.4766815,-71.3196274
02841,41.5074594,-71.3300244
02842,41.5170855,-71.2734191
02852,41.5885649,-71.4598105
02857,41.822761,-71.6336047
02858,41.9641536,-71.6501089
02859,41.9590726,-71.7573229
02860,41.8705624,-71.3886815
02861,41.8786026,-71.3531307
02863,41.8900642,-71.3934808
02864,41.96746,-71.4205724
02865,41.9154548,-71.4498149
02871,41.5866085,-71.2592106
02872,41.5969653,-71.3209317
02873,41.533129,-71.7805447
02874,41.5090556,-71.4744171
02875,41.4593701,-71.6378288
02876,41.9972131,-71.584405
02878,41.6069833,-71.1826339
02879,41.428836,-71.5383761
02881,41.4824293,-71.5265101
02882,41.4170883,-71.4722697
02885,41.7264036,-71.2590267
02886,41.7016154,-71.4552172
02888,41.7482333,-71.407942
02889,41.7012855,-71.3779707
02891,41.3577742,-71.7896159
02892,41.4994507,-71.601574
02893,41.679601,-71.5211135
02894,41.4442501,-71.6993035
02895,42.0017078,-71.4999468
02896,41.9751863,-71.5440692
02898,41.51764,-71.6685205
02903,41.8192331,-71.4102455
02904,41.8583341,-71.4362945
02905,41.7852725,-71.3962268
02906,41.8394677,-71.3891747
02907,41.7985934,-71.4246301
02908,41.8390246,-71.4392503
02909,41.8181223,-71.4517759
02910,41.7749988,-71.4355935
02911,41.8548876,-71.472812
02912,41.8255235,-71.4032745
02914,41.8135772,-71.3664679
02915,41.7721767,-71.3544075
02916,41.8426614,-71.3524382
02917,41.9062879,-71.523811
02918,41.8438394,-71.4350184
02919,41.8274402,-71.5198792
02920,41.7673443,-71.4655083
02921,41.7629062,-71.5148142
03031,42.8748242,-71.6005331
03032,42.9935014,-71.3639657
03033,42.749263,-71.6756699
03034,43.0568952,-71.3406349
03036,42.9845305,-71.2551047
03037,43.1363215,-71.255077
03038,42.8927614,-71.2767629
03042,43.0510273,-71.0882538
03043,42.9941346,-71.816098
03044,43.0003692,-71.1191619
03045,43.0215145,-71.5634619
03046,43.112473,-71.6074786
03047,42.9387402,-71.8794244
03048,42.7428742,-71.7617554
03049,42.7496243,-71.5854018
03051,42.7604969,-71.4093933
03052,42.8460814,-71.4682813
03053,42.868588,-71.3872474
03054,42.8520331,-71.5198768
03055,42.8186453,-71.6733537
03057,42.9088845,-71.694199
03060,42.7410867,-71.4582661
03062,42.7223193,-71.5011792
03063,42.7820603,-71.5183913
03064,42.7793795,-71.4749198
03070,42.9764076,-71.6867369
03071,42.7462567,-71.8744336
03076,42.7309925,-71.3370749
03077,43.032583,-71.2031436
03079,42.7882669,-71.2217245
03082,42.8964089,-71.7683309
03084,42.8267234,-71.8754157
03086,42.8322309,-71.7596147
03087,42.8110921,-71.3026878
03101,42.9890272,-71.4661111
03102,43.011907,-71.4910626
03103,42.9561164,-71.4423853
03104,43.0095519,-71.439782
03106,43.0812421,-71.4466159
03109,42.9637342,-71.4003502
03110,42.9355843,-71.5368709
03215,44.0694656,-71.4200163
03216,43.4507243,-71.7906003
03217,43.7259668,-71.6425789
03218,43.3368838,-71.2738358
03220,43.4744551,-71.4822076
03221,43.2581286,-71.9602361
03222,43.6437153,-71.799277
03223,43.8554399,-71.6854916
03224,43.3507459,-71.5475174
03225,43.3638163,-71.2417297
03226,43.7027754,-71.5104427
03227,43.8171926,-71.4605776
03229,43.2021909,-71.6967887
03230,43.5281198,-71.8644672
03231,43.4508966,-71.7540962
03233,43.424004,-71.9311923
03234,43.2048125,-71.3485636
03235,43.4489734,-71.6741661
03237,43.4315806,-71.3876572
03238,43.9816402,-71.8870135
03240,43.5746907,-71.9519192
03241,43.7078542,-71.8146859
03242,43.1694073,-71.831201
03243,43.5283063,-71.7691921
03244,43.1199263,-71.921889
03245,43.7617614,-71.5825286
03246,43.5765351,-71.4822628
03249,43.5194994,-71.3758373
03251,44.0946897,-71.6313821
03253,43.6312114,-71.4985847
03254,43.7169501,-71.3659724
03255,43.3140257,-72.0245513
03256,43.6234361,-71.6325467
03257,43.4177205,-71.9906093
03258,43.2652592,-71.4088353
03259,43.8781724,-71.4991515
03260,43.368032,-71.9177243
03261,43.2118559,-71.2233933
03262,43.9998891,-71.7144474
03263,43.2885012,-71.3093678
03264,43.7387755,-71.7026252
03266,43.7828731,-71.8847385
03268,43.3860989,-71.7729171
03269,43.5294585,-71.6005066
03273,43.3019816,-71.9269527
03275,43.1700194,-71.4207075
03276,43.4310306,-71.5759983
03278,43.3089304,-71.8355062
03279,43.9658028,-71.8591167
03280,43.1900513,-72.093871
03281,43.0782866,-71.7035079
03282,43.8587205,-71.9237177
03284,43.4729358,-72.0131206
03285,43.9478765,-71.6357846
03287,43.4432836,-71.9224456
03290,43.1298473,-71.1318591
03291,43.179773,-71.1419701
03293,43.9792965,-71.6727409
03301,43.2385853,-71.5562613
03303,43.3117165,-71.6653806
03304,43.1331765,-71.5372422
03307,43.333988,-71.4466575
03431,42.9690686,-72.301965
03440,43.0636029,-71.9782087
03441,42.7806864,-72.4470284
03442,43.0202839,-71.903705
03443,42.8694034,-72.4661719
03444,42.8892794,-72.0698494
03445,43.0206159,-72.2143736
03446,42.8582713,-72.2963597
03447,42.7532048,-72.1530279
03448,43.0412274,-72.2623685
03449,42.9838406,-72.0011238
03450,42.9485356,-72.068986
03451,42.8092977,-72.5048221
03452,42.8292541,-72.0599005
03455,42.9017673,-72.1729141
03456,43.1385439,-72.2087693
03457,42.9994818,-72.1217028
03458,42.8683694,-71.9401017
03461,42.756663,-72.013247
03462,42.892609,-72.390167
03464,43.0809244,-72.1101302
03465,42.8287983,-72.1889433
03466,42.8819084,-72.5082807
03467,42.9680753,-72.4308561
03470,42.7713381,-72.3542244
03561,44.3433515,-71.7951184
03570,44.5114294,-71.1978012
03574,44.2604349,-71.6092039
03575,44.3136679,-71.4028281
03576,44.8963318,-71.3781093
03579,44.9365894,-71.04518
03580,44.1634463,-71.6932948
03581,44.367172,-71.0871155
03582,44.5650631,-71.4429842
03583,44.4028001,-71.4565982
03584,44.4902799,-71.5475162
03585,44.2252759,-71.9026903
03586,44.21841,-71.8002397
03588,44.6075087,-71.2370692
03590,44.7150525,-71.5275395
03592,45.1162356,-71.2611096
03593,44.3013959,-71.299834
03595,44.3052658,-71.4973759
03597,44.7449409,-71.3813307
03598,44.3789458,-71.6288622
03601,43.2457743,-72.3129581
03602,43.1408331,-72.3475706
03603,43.247906,-72.3737089
03604,43.1322883,-72.3898038
03605,43.2365642,-72.1848691
03607,43.19806,-72.2622274
03608,43.076442,-72.3959669
03609,43.1439346,-72.4464482
03740,44.1829552,-71.987011
03741,43.6768567,-72.0070913
03743,43.3607268,-72.3269293
03745,43.472988,-72.3117491
03748,43.6033139,-72.118598
03750,43.7210227,-72.1852072
03751,43.4413001,-72.0816353
03752,43.2720918,-72.1010334
03753,43.5165899,-72.1490935
03755,43.732434,-72.1391551
03765,44.035225,-72.050198
03766,43.632568,-72.2348159
03768,43.8166336,-72.0942954
03770,43.5312942,-72.2588107
03771,44.2966049,-71.9806843
03773,43.3713455,-72.2027889
03774,44.0997528,-71.9854747
03777,43.8833326,-72.0338448
03779,43.9618509,-72.0012935
03780,44.0418041,-71.990934
03781,43.5600581,-72.2993485
03782,43.3900947,-72.0931359
03784,43.6383246,-72.3064904
03785,44.0359247,-71.8465565
03801,43.0748116,-70.8054433
03809,43.4647305,-71.2001774
03810,43.5125602,-71.2948923
03811,42.8391129,-71.1671916
03812,44.08113,-71.2972366
03813,44.127498,-71.0606912
03814,43.7709369,-71.1815047
03816,43.6982852,-71.2430269
03817,43.888984,-71.240584
03818,43.9594503,-71.2742511
03819,42.9440157,-71.132306
03820,43.1863602,-70.8836226
03823,43.1746071,-70.9414534
03824,43.1170615,-70.9188067
03825,43.2155657,-71.0389797
03826,42.8880797,-71.1298448
03827,42.9036773,-70.9955497
03830,43.6141183,-70.993555
03832,43.9069595,-71.0475213
03833,42.97878,-70.97968
03835,43.3669235,-71.0625029
03836,43.8420363,-71.0751609
03837,43.422251,-71.3360865
03838,44.1106713,-71.223276
03839,43.2687716,-70.9855082
03840,43.0396995,-70.8456427
03841,42.8787385,-71.1782715
03842,42.9396007,-70.836728
03844,42.9248106,-70.8862417
03845,44.0998418,-71.1181422
03846,44.1876201,-71.155763
03847,44.0719798,-71.1239426
03848,42.9137308,-71.0735952
03849,43.8900799,-71.1329133
03850,43.6980342,-71.302598
03851,43.4372834,-71.0252508
03852,43.495003,-70.986034
03853,43.6386085,-71.2943795
03854,43.0621474,-70.7170709
03855,43.4636705,-71.152207
03856,43.0385087,-70.9679535
03857,43.0709125,-70.9469395
03858,42.8703694,-71.0459151
03860,44.0420767,-71.1229916
03861,43.1192018,-71.0070824
03862,42.9799344,-70.8294406
03864,43.6899318,-71.1034396
03865,42.8456113,-71.0932568
03867,43.3016792,-70.9917685
03868,43.3242409,-70.940178
03869,43.2198363,-70.8431008
03870,43.0195719,-70.7605234
03871,42.9809478,-70.7773625
03872,43.5705262,-71.0433457
03873,42.9340178,-71.1836046
03874,42.8831227,-70.860823
03875,43.903632,-71.1920655
03878,43.2534762,-70.8879437
03882,43.7467328,-71.0419102
03883,43.8087675,-71.3200449
03884,43.2753845,-71.1699559
03885,43.0149932,-70.9026023
03886,43.8640381,-71.2960679
03887,43.4830066,-71.0706405
03890,43.8150099,-71.2093754
03894,43.6103849,-71.1778257
03897,43.9069006,-71.3276232
03901,43.2993201,-70.842062
03902,43.2149159,-70.6288062
03903,43.1465512,-70.7743648
03904,43.1099631,-70.7338332
03905,43.0048522,-70.6043548
03906,43.3522826,-70.7794452
03907,43.2557605,-70.6107159
03908,43.2306123,-70.7524244
03909,43.1664605,-70.6790042
03910,43.1729523,-70.6096855
03911,43.1356682,-70.6378364
04001,43.5366506,-70.9402116
04002,43.4890685,-70.6619055
04003,43.7336746,-69.9713969
04005,43.4921016,-70.4865655
04006,43.4439945,-70.3429439
04008,44.0442235,-69.8637806
04009,44.0475125,-70.743319
04010,43.9307985,-70.9185838
04011,43.896431,-69.9734865
04015,43.9519795,-70.5132276
04017,43.7353201,-70.0810075
04019,43.6904195,-70.110321
04020,43.7671861,-70.808863
04021,43.7917961,-70.2647622
04022,43.9962093,-70.8137373
04024,43.8363197,-70.6852448
04027,43.3999085,-70.9127855
04029,43.8875458,-70.6553581
04030,43.5890612,-70.6962758
04032,43.8448264,-70.0899526
04037,44.101677,-70.9427689
04038,43.7013527,-70.4629821
04039,43.9049196,-70.367727
04040,44.1429355,-70.8249365
04041,43.848997,-70.8307642
04042,43.6310191,-70.614369
04043,43.3959471,-70.5702209
04046,43.4298215,-70.4741422
04047,43.7333572,-70.8940422
04048,43.6884813,-70.781883
04049,43.7457983,-70.6997996
04050,43.6873206,-70.1537664
04051,44.1924713,-70.8858033
04055,43.9757686,-70.6392975
04056,43.6605898,-70.8586881
04057,44.0956003,-70.7017678
04061,43.6346614,-70.7435736
04062,43.7946894,-70.4053294
04063,43.5003887,-70.3953259
04064,43.5250597,-70.3882518
04066,43.7656582,-69.966888
04068,43.8378976,-70.9465682
04069,43.9039141,-70.1820179
04071,43.8912323,-70.4971016
04072,43.550411,-70.4663413
04073,43.4119359,-70.7373256
04074,43.5896271,-70.3661914
04076,43.554017,-70.8327964
04079,43.7907565,-69.9810374
04083,43.4641185,-70.8142874
04084,43.762146,-70.5666865
04085,43.77855,-70.6276337
04086,43.9649766,-69.9556237
04087,43.5686097,-70.7442809
04088,44.2028376,-70.7222725
04090,43.3314325,-70.6455874
04091,43.8393208,-70.744838
04092,43.7079198,-70.3526019
04093,43.6362598,-70.5388421
04095,43.62861,-70.9139043
04096,43.788137,-70.156478
04097,43.8456062,-70.2412507
04101,43.6626067,-70.257949
04102,43.6543535,-70.2976108
04103,43.6954216,-70.2886521
04105,43.7404718,-70.2771725
04106,43.631402,-70.2859894
04107,43.5871732,-70.2364762
04108,43.6367651,-70.1868082
04109,43.6632853,-70.222003
04110,43.7413685,-70.1813696
04210,44.0845366,-70.2496493
04216,44.6796593,-70.8465171
04217,44.3930372,-70.8374248
04219,44.4007467,-70.5581104
04220,44.3426203,-70.3474404
04221,44.4905874,-70.2945474
04222,43.9560209,-70.1324175
04224,44.5613568,-70.4137267
04226,44.6255482,-70.7082256
04227,44.5686515,-70.2947906
04231,44.2630583,-70.8754774
04234,44.6162664,-70.1938337
04236,44.1897541,-70.1450885
04237,44.4944998,-70.7344211
04238,44.1907572,-70.3843055
04239,44.5168965,-70.2021867
04240,44.0895127,-70.172095
04250,44.0221792,-70.1173875
04252,44.0366878,-70.0587993
04253,44.4116381,-70.2161865
04254,44.4453367,-70.1380761
04255,44.3327143,-70.6605566
04256,44.1048969,-70.4046803
04257,44.5531603,-70.4950151
04258,44.1379401,-70.3363339
04259,44.2335047,-70.0147235
04260,43.9575077,-70.2960108
04261,44.5655676,-70.9626611
04263,44.2953505,-70.133074
04265,44.2805633,-70.0373138
04267,44.224773,-70.7708643
04268,44.2258668,-70.6100214
04270,44.1173349,-70.5274779
04271,44.2609672,-70.4987318
04274,44.0481059,-70.3935627
04275,44.7025963,-70.6475845
04276,44.5599203,-70.6252639
04280,44.1168308,-70.0625824
04281,44.2480012,-70.4908157
04282,44.2671028,-70.2465284
04284,44.339898,-70.0472463
04285,44.6885979,-70.4540564
04286,44.403191,-70.8601928
04287,44.0734328,-69.9707483
04289,44.3192775,-70.5226467
04290,44.4609146,-70.4519225
04292,44.3807961,-70.4485936
04294,44.6379142,-70.2754338
04330,44.3519104,-69.7476148
04341,44.2599683,-69.5548638
04342,44.0861731,-69.7369877
04344,44.2605484,-69.8278048
04345,44.1950908,-69.793771
04346,44.2372862,-69.7512474
04347,44.2872407,-69.8180401
04348,44.2108644,-69.4991523
04349,44.4340068,-70.0670336
04350,44.172142,-69.9345002
04351,44.3424267,-69.8619349
04352,44.4664885,-69.9604504
04353,44.198014,-69.6196894
04354,44.3961145,-69.4306296
04355,44.3843883,-69.9501998
04357,44.1168327,-69.8296069
04358,44.4144727,-69.5352715
04359,44.1795413,-69.761284
04360,44.5548193,-69.9996825
04363,44.3154846,-69.571186
04364,44.309991,-69.9630934
04401,44.8485167,-68.8504049
04406,45.2291834,-69.5965207
04408,44.9869348,-68.2099582
04410,45.08826,-68.9066811
04411,44.8944804,-68.5467521
04412,44.7844612,-68.7345586
04413,45.5658679,-67.8154069
04414,45.4129088,-69.0898012
04415,45.3529224,-69.0582306
04416,44.6237979,-68.7497418
04417,45.2143185,-68.3888946
04418,45.1162533,-68.5091805
04419,44.8004538,-69.0031168
04421,44.4090064,-68.8155328
04422,45.0776517,-69.0314323
04424,45.669238,-67.8626694
04426,45.1862609,-69.1455325
04427,44.9804728,-69.0107477
04428,44.8057999,-68.554003
04429,44.7212386,-68.6170754
04430,45.6536396,-68.5973397
04431,44.5645279,-68.667723
04434,44.7638663,-69.1280682
04435,44.9632249,-69.1250054
04438,44.5989267,-68.9283296
04441,45.6879092,-69.308516
04442,45.4732443,-69.6964785
04443,45.2381146,-69.4019347
04444,44.7289801,-68.9499635
04448,45.3158949,-68.7395643
04449,44.9926362,-68.8884754
04450,44.9159213,-68.9279419
04451,45.5774402,-68.211789
04453,45.1914077,-68.7876867
04454,45.5156065,-67.5339964
04455,45.2994218,-68.2597418
04456,44.8768163,-68.9966512
04457,45.4455258,-68.5344538
04459,45.5887348,-68.3399852
04460,45.6408739,-68.5248347
04461,44.9933779,-68.5759447
04462,45.9958394,-68.9283482
04463,45.2868317,-68.8951088
04464,45.2972185,-69.4991491
04468,45.0283442,-68.7192486
04469,44.9025046,-68.6662085
04471,45.9165446,-67.8568243
04472,44.5763205,-68.6699141
04473,44.8816804,-68.7386437
04474,44.6887799,-68.7628095
04475,45.1929858,-68.5947765
04476,44.4827026,-68.705997
04478,45.7281878,-69.7680321
04479,45.1242079,-69.2870578
04481,45.2427423,-69.1046395
04485,45.3479697,-69.6025104
04487,45.3877374,-68.1044707
04488,44.8716402,-69.1139263
04489,44.9107504,-68.6912091
04490,45.3942224,-67.8282587
04491,45.5623003,-67.5210567
04492,45.3367907,-67.6687896
04493,45.2781429,-68.5356274
04495,45.4774334,-68.3389798
04496,44.6507514,-68.908918
04497,45.7265683,-68.0583578
04530,43.8879835,-69.8267214
04535,44.0984676,-69.629176
04537,43.9022628,-69.6273033
04538,43.847464,-69.6296265
04539,43.9735422,-69.5019718
04541,43.8866913,-69.4840763
04543,44.022351,-69.4907559
04544,43.8198903,-69.5919724
04547,43.9786046,-69.332584
04548,43.833341,-69.7490659
04551,43.9845331,-69.4354885
04553,44.0522769,-69.5675223
04554,43.8627332,-69.5123235
04555,44.1012484,-69.4826583
04556,43.9759894,-69.6109523
04558,43.8881935,-69.5191312
04562,43.770829,-69.8191636
04563,44.0139223,-69.2587056
04564,43.9287944,-69.4697467
04568,43.8861524,-69.5580405
04570,43.8085462,-69.6307648
04571,43.8966565,-69.6741699
04572,44.1220852,-69.3833529
04573,43.9513574,-69.5523298
04574,44.2606394,-69.3915239
04575,43.8521498,-69.6622008
04576,43.8133391,-69.6628684
04578,43.9824454,-69.6927542
04579,43.9596558,-69.7693507
04605,44.6858027,-68.3947977
04606,44.540726,-67.7123641
04607,44.4670479,-68.086866
04609,44.39747,-68.2638076
04611,44.4636252,-67.6220312
04612,44.2617251,-68.3814044
04613,44.3688349,-68.0276145
04614,44.4005485,-68.520047
04616,44.2757048,-68.5346757
04617,44.3650134,-68.7270895
04619,45.1429518,-67.2175289
04622,44.7517657,-67.9647773
04623,44.6992437,-67.7136186
04624,44.4239506,-67.9858759
04625,44.2507261,-68.2097225
04626,44.6690227,-67.2219896
04627,44.2305345,-68.7917971
04628,44.87399,-67.2744011
04630,44.8664957,-67.4747809
04631,44.9109392,-67.0091635
04634,44.6199905,-68.2204367
04635,44.112753,-68.3575316
04640,44.5245724,-68.2852501
04642,44.3305843,-68.8099473
04643,44.5398622,-67.8269978
04645,44.0646635,-68.62081
04646,44.2599933,-68.2286066
04648,44.6545373,-67.6315432
04649,44.5598824,-67.5042418
04650,44.2967184,-68.7153182
04652,44.8197135,-67.0623282
04653,44.2014391,-68.3274413
04654,44.6897686,-67.5001243
04655,44.655762,-67.3789714
04657,44.9821062,-67.4434588
04658,44.5072495,-67.877817
04660,44.3357529,-68.3457287
04662,44.3069258,-68.2872356
04664,44.5436687,-68.1356038
04666,44.9610605,-67.2206088
04667,44.9835423,-67.101382
04668,45.1955662,-67.6941168
04669,44.4116625,-67.9983085
04671,45.0673414,-67.1499529
04673,44.2964233,-68.6676566
04674,44.2570242,-68.4582193
04675,44.3002581,-68.2458263
04676,44.3468802,-68.634365
04677,44.4728887,-68.1808634
04679,44.2797001,-68.3182428
04680,44.4784144,-67.9470619
04681,44.1504635,-68.6453275
04683,44.2358633,-68.8239413
04684,44.4674623,-68.5073288
04685,44.1579791,-68.4419759
04686,44.9965366,-67.6940265
04691,44.7603219,-67.2550471
04693,44.376372,-68.093638
04694,45.1150831,-67.4775409
04730,46.1910231,-67.8609676
04732,46.5710175,-68.4914849
04733,45.7431333,-68.4109143
04734,46.4854013,-67.9228849
04735,46.3788417,-68.0269413
04736,46.9114948,-68.0291891
04737,46.6163691,-69.5218995
04739,46.9772549,-68.5990174
04740,46.6333043,-67.8476235
04742,46.7762407,-67.859197
04743,47.1607889,-68.7311185
04745,47.2741176,-68.3982297
04746,47.2510153,-68.1429619
04747,45.9676913,-68.2084037
04750,46.9549672,-67.8574374
04756,47.3217083,-68.298213
04757,46.5720492,-68.1991392
04758,46.5592719,-67.8532254
04760,46.3335586,-67.9175499
04761,46.1172394,-67.975572
04762,46.9763913,-68.1149617
04763,46.07385,-68.1135325
04764,46.3668868,-68.3410102
04765,46.077223,-68.671383
04766,46.8924629,-68.2157801
04768,46.796816,-69.0545214
04769,46.688378,-67.9933262
04772,47.2357204,-68.3173609
04773,47.2674344,-68.223039
04774,47.1240432,-69.0146185
04776,45.8184147,-68.3111388
04777,45.844459,-68.4725744
04779,47.1161718,-68.3076554
04780,46.1706775,-68.2670447
04781,47.150199,-68.6134946
04783,47.0356818,-68.1871331
04785,47.1200565,-68.0358129
04786,46.7949211,-68.1920506
04787,46.533465,-67.9660756
04841,44.1340877,-69.1326291
04843,44.2384055,-69.0640391
04847,44.2411781,-69.1885129
04848,44.2988896,-68.9152421
04849,44.3164019,-69.0264121
04851,43.8591445,-68.8793482
04852,43.7674264,-69.3100589
04853,44.1363464,-68.8667564
04854,44.0462572,-69.0925369
04855,43.9319316,-69.2877407
04856,44.1806036,-69.1221093
04858,44.0465108,-69.1540591
04859,43.9965636,-69.1594542
04860,43.9443238,-69.243196
04861,44.107714,-69.1714252
04862,44.2627065,-69.2777232
04863,44.0688147,-68.8533143
04864,44.1280105,-69.2438847
04901,44.5410778,-69.5730812
04910,44.5084258,-69.445189
04911,44.7797016,-69.9706782
04912,44.9652597,-69.6669351
04915,44.4635016,-69.0375706
04917,44.4877313,-69.8386389
04918,44.5503401,-69.8664683
04920,45.1056458,-69.8052235
04921,44.5810227,-69.1435765
04922,44.6739989,-69.3864601
04923,45.0444943,-69.4498977
04924,44.7821763,-69.5463165
04925,45.2123872,-69.9034294
04926,44.480319,-69.5152083
04927,44.6654738,-69.540766
04928,44.9469823,-69.2588606
04929,44.7730914,-69.3015372
04930,45.0282263,-69.3264943
04932,44.6975708,-69.1437029
04936,45.3550105,-70.65743
04937,44.6516554,-69.6612751
04938,44.661856,-70.1031041
04939,45.0772584,-69.1587713
04940,44.6179828,-70.0788024
04941,44.4700531,-69.2841817
04942,45.0425136,-69.5932563
04943,44.8798231,-69.5205004
04944,44.6869657,-69.6439124
04945,45.5766276,-70.2779067
04947,45.0468055,-70.2692653
04949,44.3690927,-69.3359996
04950,44.8263541,-69.7997127
04951,44.5980601,-69.0584889
04952,44.4127965,-69.1547905
04953,44.867214,-69.2188362
04955,44.6472065,-69.9933366
04956,44.7985679,-70.0967568
04957,44.7142638,-69.8635389
04958,44.9090568,-69.9272332
04961,45.1519927,-70.1606618
04963,44.5890053,-69.8873045
04964,44.94362,-70.8264691
04965,44.8431509,-69.3683556
04966,44.785649,-70.535355
04967,44.769837,-69.4337529
04969,44.7852824,-69.2362765
04970,45.0079127,-70.618162
04971,44.938018,-69.3971984
04973,44.3682521,-69.1862925
04974,44.4709063,-68.9286617
04975,44.6253779,-69.5883274
04976,44.7892707,-69.6677336
04978,44.6418193,-69.7998896
04979,44.9393802,-69.8081422
04981,44.5140187,-68.8390499
04982,45.1074617,-70.3939523
04983,44.9256326,-70.2864512
04984,44.696586,-70.267203
04985,45.3771178,-69.8989837
04986,44.5494603,-69.2112917
04987,44.6741477,-69.2518448
04988,44.5701476,-69.3624413
04989,44.4293349,-69.6482941
04992,44.6597983,-70.1560683
05001,43.6837267,-72.3759861
05009,43.6479326,-72.3439987
05030,43.3991404,-72.4080073
05031,43.7210635,-72.5804701
05032,43.801549,-72.6577473
05033,43.9966517,-72.1758285
05034,43.5915944,-72.6197418
05035,43.611552,-72.686042
05036,44.0239083,-72.5878915
05037,43.4576079,-72.4841837
05038,43.9911583,-72.4572918
05039,44.0632717,-72.3130758
05040,44.0698891,-72.1986374
05041,43.9565729,-72.5386134
05042,44.2440005,-72.1108032
05043,43.8059332,-72.2121288
05045,43.9179802,-72.1802125
05046,44.2324532,-72.2575155
05048,43.5806148,-72.4277108
05050,44.2640579,-72.0638429
05051,44.0819681,-72.1168678
05052,43.5969861,-72.3597216
05053,43.7136575,-72.4849103
05055,43.7776326,-72.3240068
05056,43.5088472,-72.6936339
05058,43.8815815,-72.2723067
05059,43.6381755,-72.4303987
05060,43.9670716,-72.7086036
05061,43.9284346,-72.5731746
05062,43.5030978,-72.5795188
05065,43.7908817,-72.4165019
05067,43.684641,-72.5400707
05068,43.7808043,-72.5481035
05069,44.1696379,-72.142554
05070,43.8516019,-72.3432862
05071,43.5637143,-72.5648199
05072,43.8834352,-72.3869616
05073,43.6284118,-72.461574
05075,43.8454134,-72.2860563
05076,44.1449667,-72.2239567
05077,43.908796,-72.4593064
05079,43.9567647,-72.3265387
05081,44.1372074,-72.0901533
05083,43.9184327,-72.2678059
05084,43.7296554,-72.4515217
05086,44.1089494,-72.3007303
05088,43.6753866,-72.3067401
05089,43.4956013,-72.4422541
05091,43.6482531,-72.5505498
05101,43.1615062,-72.4856046
05141,43.1588361,-72.5602366
05142,43.3975799,-72.580345
05143,43.2526936,-72.6431023
05146,43.1849415,-72.6339771
05148,43.2449269,-72.8105898
05149,43.401856,-72.6992109
05150,43.3371504,-72.5290766
05151,43.3953172,-72.4969728
05152,43.233239,-72.9393391
05153,43.4396386,-72.6365419
05154,43.1338457,-72.5286001
05155,43.1750842,-72.8233522
05156,43.3106272,-72.4616234
05158,43.1090035,-72.4734762
05161,43.3214411,-72.8029029
05201,42.869216,-73.1285317
05250,43.1036228,-73.173204
05251,43.2653706,-73.0816613
05252,43.0819464,-73.0667733
05253,43.2617735,-72.9979724
05254,43.1600373,-73.0670983
05255,43.1377664,-73.0236725
05257,42.9695394,-73.2627332
05260,42.8116158,-73.2626499
05261,42.7688927,-73.2112649
05262,42.9737188,-73.0753429
05301,42.8386847,-72.6599846
05340,43.1688795,-72.972731
05341,42.9745443,-72.8010512
05342,42.777497,-72.7948206
05343,43.1026727,-72.8203105
05344,42.8389378,-72.7326829
05345,42.9874841,-72.6646764
05346,43.0377201,-72.5365287
05350,42.7909426,-72.9726397
05351,42.9302062,-72.726973
05352,42.8082501,-73.0763307
05353,43.0692734,-72.6804597
05354,42.7641404,-72.5220297
05355,43.0194784,-72.8121484
05356,42.9759061,-72.8646089
05358,42.7763874,-72.7296294
05359,43.1507125,-72.7247979
05360,43.04185,-72.9506054
05361,42.7872511,-72.87783
05362,42.9352214,-72.6604243
05363,42.8889881,-72.9096356
05401,44.4751807,-73.2178567
05403,44.4448665,-73.1734678
05404,44.495587,-73.1848573
05405,44.4741574,-73.1963657
05408,44.5052384,-73.2724193
05439,44.4956519,-73.1652159
05440,44.9578823,-73.2919738
05441,44.7737892,-72.7873442
05442,44.7725189,-72.6903914
05443,44.1395479,-73.0398222
05444,44.6204992,-72.8873476
05445,44.305737,-73.2355534
05446,44.5541422,-73.225492
05447,44.9421896,-72.7031763
05448,44.7574317,-72.87831
05450,44.8945776,-72.7952457
05452,44.527171,-73.0647039
05454,44.7102892,-73.0288772
05455,44.8016874,-72.9673935
05456,44.2138896,-73.262094
05457,44.9587221,-72.9219951
05458,44.7162872,-73.2996266
05459,44.9565292,-73.0171998
05461,44.3223324,-73.0945105
05462,44.2994116,-72.9548894
05463,44.8713248,-73.3491998
05464,44.6778137,-72.8147782
05465,44.4664355,-72.9198278
05468,44.6459082,-73.1592206
05471,44.828013,-72.577719
05472,44.1129766,-73.1583623
05473,44.2418451,-73.1947103
05474,44.8350813,-73.2256575
05476,44.9552277,-72.6431378
05477,44.3819904,-72.9797397
05478,44.7915668,-73.1177628
05481,44.808335,-73.1396016
05482,44.3926737,-73.2434343
05483,44.88972,-72.9809351
05485,44.9040485,-72.9756798
05486,44.6270923,-73.3092261
05487,44.2103324,-72.9933728
05488,44.9233638,-73.1442864
05489,44.5676951,-72.9027636
05491,44.1197785,-73.3269238
05492,44.7379173,-72.7623223
05494,44.6033239,-73.0159939
05495,44.4291659,-73.0963101
05602,44.2926399,-72.6246881
05640,44.3403338,-72.4974614
05641,44.1854797,-72.4535928
05647,44.409107,-72.2936925
05648,44.3832916,-72.4924768
05649,44.1389247,-72.3705943
05650,44.4003815,-72.4381645
05651,44.2823066,-72.489262
05652,44.7238933,-72.6104107
05653,44.7149275,-72.4727006
05654,44.1383513,-72.4866678
05655,44.6242619,-72.5704166
05656,44.6481239,-72.6888397
05658,44.3649752,-72.3549053
05660,44.2616434,-72.7653993
05661,44.5323364,-72.6202578
05663,44.147616,-72.691229
05664,44.167124,-72.6531786
05666,44.3381944,-72.4388561
05667,44.2786534,-72.4024034
05669,44.0532916,-72.7556159
05670,44.1772365,-72.5060592
05672,44.4918064,-72.7126105
05673,44.1990516,-72.840932
05674,44.1125268,-72.874031
05675,44.0761653,-72.4226326
05676,44.2991838,-72.8472315
05677,44.4019043,-72.6981719
05678,44.1573141,-72.4776419
05679,44.1089444,-72.5319124
05680,44.5411463,-72.4729445
05681,44.4580851,-72.3791292
05682,44.3933048,-72.5634899
05701,43.6245823,-72.9101923
05730,43.3884495,-72.7852623
05731,43.7521157,-73.2940958
05732,43.6465953,-73.2114395
05733,43.810474,-73.09028
05734,43.9817242,-73.3319365
05735,43.652757,-73.1612225
05736,43.6081515,-73.0143676
05737,43.7776683,-72.8968499
05738,43.5234408,-72.8601708
05739,43.3449359,-73.0287383
05742,43.4200805,-72.910801
05743,43.6776001,-73.3048434
05744,43.6940131,-73.0804567
05746,43.7189254,-72.7900751
05747,44.0036694,-72.8582033
05748,43.905404,-72.9182359
05751,43.657594,-72.7844065
05753,43.9977846,-73.1782944
05757,43.4827269,-73.1240246
05758,43.4514895,-72.7933612
05759,43.5321102,-72.9648
05760,43.800615,-73.289701
05761,43.3346165,-73.1393202
05762,43.8042305,-72.836897
05763,43.730162,-72.9952558
05764,43.5283237,-73.1943437
05765,43.6483327,-73.0344452
05766,43.9849365,-72.9967754
05767,43.8794083,-72.8316848
05768,43.2968609,-73.2192221
05769,43.9320712,-73.1198221
05770,43.8902042,-73.329851
05772,43.7643498,-72.739204
05773,43.427094,-72.9499415
05774,43.4287193,-73.170257
05775,43.354273,-73.2220945
05776,43.2528541,-73.1973476
05777,43.5564325,-73.0488583
05778,43.876397,-73.2125727
05819,44.404723,-71.9830744
05820,44.7631541,-72.3752441
05821,44.3187733,-72.1089144
05822,44.7542632,-72.15968
05824,44.4390845,-71.826104
05825,44.8584034,-72.2528505
05826,44.6348765,-72.4061487
05827,44.6767065,-72.3625737
05828,44.4375039,-72.1248218
05829,44.967287,-72.0680606
05830,44.9721002,-71.9869694
05832,44.5941457,-71.8986947
05833,44.8373885,-71.9774984
05836,44.5185988,-72.2307736
05837,44.6637584,-71.8051796
05839,44.6736834,-72.2070136
05840,44.598729,-71.7471732
05841,44.6177916,-72.2892918
05842,44.5900542,-72.2450753
05843,44.5033729,-72.3415929
05845,44.8000589,-72.3319306
05846,44.8166912,-71.8353182
05847,44.7934371,-72.4584514
05850,44.5638036,-72.0356584
05851,44.5462945,-72.0488694
05853,44.8961276,-71.9412429
05855,44.9270079,-72.1924402
05857,44.9289112,-72.3127003
05858,44.5381624,-71.8007991
05859,44.9582704,-72.4381886
05860,44.8026605,-72.1039961
05862,44.3181852,-72.2161155
05866,44.6407389,-72.1108852
05867,44.6650436,-72.0358865
05868,44.9422934,-72.3542145
05871,44.6823324,-71.9527388
05872,44.8709824,-72.0250245
05873,44.405064,-72.2167253
05874,44.8834766,-72.4849269
05875,44.7053682,-72.2708945
05901,44.9407189,-71.6546237
05902,45.0095872,-71.4879266
05903,44.9350198,-71.5881258
05904,44.4161823,-71.706874
05905,44.7027792,-71.6777709
05906,44.4830973,-71.7204493
05907,44.9547342,-71.8273397
06001,41.7940397,-72.85398
06002,41.8466769,-72.7369817
06010,41.6815776,-72.9407487
06013,41.7490794,-72.9486573
06016,41.90194,-72.5473769
06018,42.0367308,-73.3115942
06019,41.8575086,-72.9027663
06020,41.8627881,-72.9099342
06021,42.0057973,-73.0641841
06022,41.8659346,-72.927452
06023,41.6125917,-72.7200932
06024,42.0082056,-73.2837321
06026,41.9297176,-72.7453844
06027,42.0049303,-72.9156998
06029,41.9141491,-72.4455676
06031,41.9552567,-73.316785
06032,41.7310505,-72.8570964
06033,41.7074627,-72.5389323
06035,41.9605628,-72.8045934
06037,41.6054509,-72.7784968
06039,41.9619975,-73.4443755
06040,41.7614154,-72.525608
06042,41.8026447,-72.5210386
06043,41.7645891,-72.4375753
06051,41.6651786,-72.769865
06052,41.6556056,-72.8031337
06053,41.6901449,-72.79194
06057,41.8410525,-72.998664
06058,41.9697726,-73.1784393
06059,41.8905304,-72.8882978
06060,42.0147413,-72.8592602
06061,41.8752073,-72.9670421
06062,41.6736388,-72.8597289
06063,41.9357077,-72.9729214
06065,41.9746813,-73.0076634
06066,41.8375605,-72.4590404
06067,41.6566177,-72.6617806
06068,42.0072378,-73.4222275
06069,41.8607627,-73.4492152
06070,41.8746816,-72.8138254
06071,41.9926327,-72.4537254
06072,41.9846644,-72.487589
06073,41.6605724,-72.5684765
06074,41.8380902,-72.5778358
06076,41.9844422,-72.2634525
06078,41.991583,-72.6517638
06079,42.0417683,-73.3974792
06080,41.950485,-72.6351776
06081,41.907559,-72.7681799
06082,41.983993,-72.5555531
06084,41.8830194,-72.3588694
06085,41.7489004,-72.889435
06088,41.917911,-72.5833705
06089,41.8353481,-72.824272
06090,41.9468633,-72.8640439
06091,42.0264518,-72.9802125
06092,41.8734524,-72.8605236
06093,42.0132411,-72.7173133
06095,41.8738315,-72.6768048
06096,41.9277901,-72.6516158
06098,41.9272131,-73.1093363
06103,41.7651028,-72.6707563
06105,41.7732636,-72.7044338
06106,41.74772,-72.6962093
06107,41.7520198,-72.759365
06108,41.780375,-72.6239448
06109,41.7024816,-72.6693001
06110,41.7324411,-72.7337901
06111,41.6867642,-72.7305932
06112,41.7934922,-72.6987811
06114,41.7408539,-72.6706948
06117,41.7891014,-72.7631265
06118,41.7487115,-72.6095187
06119,41.7635209,-72.7271133
06120,41.787198,-72.6648369
06226,41.7082391,-72.2085483
06231,41.6329363,-72.3673475
06232,41.7329821,-72.3746584
06234,41.7938861,-71.9532647
06235,41.7908895,-72.1295395
06237,41.693707,-72.3056722
06238,41.7802124,-72.343758
06239,41.7940402,-71.8545346
06241,41.8539014,-71.8473709
06242,41.8955903,-72.0933042
06243,41.8448695,-71.8050289
06247,41.7678005,-72.0750258
06248,41.6885848,-72.4086706
06249,41.632955,-72.2400896
06250,41.7729549,-72.1984464
06254,41.6212115,-72.1426091
06255,41.9910873,-71.9019516
06256,41.7321516,-72.1573609
06258,41.8856594,-71.9635258
06259,41.8715022,-71.9876459
06260,41.9080271,-71.8704519
06262,42.0193109,-71.9483838
06263,41.8372851,-71.9042433
06264,41.6986341,-72.1047949
06266,41.6736614,-72.172813
06268,41.798793,-72.2483681
06269,41.8089384,-72.2516171
06277,41.958388,-71.8439205
06278,41.8971227,-72.1714268
06279,41.8972671,-72.2518477
06280,41.6909859,-72.1300937
06281,41.9734763,-72.0141365
06282,41.94887,-72.0848201
06320,41.348837,-72.1020288
06330,41.6355702,-72.0775268
06331,41.6939604,-72.0091181
06332,41.7228092,-71.9024157
06333,41.3860306,-72.2290916
06334,41.5449254,-72.1738494
06335,41.4347066,-72.0585331
06336,41.5805766,-72.1958672
06338,41.4645839,-71.9728275
06339,41.4419386,-71.9905445
06340,41.354409,-72.040266
06350,41.6482562,-72.0692274
06351,41.5897876,-71.9483846
06353,41.455998,-72.1389865
06354,41.7087665,-71.8553861
06355,41.3656731,-71.9719596
06357,41.3176593,-72.2185601
06359,41.4709693,-71.8725254
06360,41.5480059,-72.0894538
06365,41.5186523,-72.0065973
06370,41.4670942,-72.1893969
06371,41.3623864,-72.3237538
06373,41.6853823,-71.8053554
06374,41.6796541,-71.9121679
06375,41.4063382,-72.1232358
06376,41.2944938,-72.2528577
06377,41.7305452,-71.8193128
06378,41.3832108,-71.9084078
06379,41.3634718,-71.8531972
06380,41.5634172,-72.0516313
06382,41.4626432,-72.124869
06384,41.5791925,-71.8312276
06385,41.3617302,-72.1565756
06387,41.744107,-71.9098654
06389,41.5604198,-72.1234943
06390,41.2879103,-71.9349963
06401,41.3442494,-73.0698254
06403,41.4436848,-73.0519257
06405,41.2799489,-72.7859502
06409,41.348167,-72.4294316
06410,41.5118273,-72.9036174
06412,41.4117284,-72.4871458
06413,41.2956101,-72.529125
06414,41.5770439,-72.552334
06415,41.5502911,-72.3486162
06416,41.6164015,-72.6615494
06417,41.3678191,-72.4774422
06418,41.3261239,-73.0825739
06419,41.3744187,-72.5783279
06420,41.4893505,-72.2583804
06422,41.4689218,-72.6845254
06423,41.4566088,-72.3913506
06424,41.5601584,-72.5027646
06426,41.351136,-72.3971637
06437,41.3317755,-72.6968149
06438,41.450777,-72.509946
06439,41.4156798,-72.3996985
06441,41.4656248,-72.5826384
06442,41.342069,-72.4340705
06443,41.3444779,-72.6245424
06444,41.5633952,-72.9303412
06447,41.636439,-72.4540018
06450,41.5358117,-72.7756859
06451,41.5419056,-72.8234089
06455,41.514163,-72.7178435
06456,41.5397328,-72.5482872
06457,41.5442091,-72.6575006
06459,41.5498919,-72.6615361
06460,41.2187963,-73.045628
06461,41.2398646,-73.0753937
06467,41.5654633,-72.9002392
06468,41.3392376,-73.2228287
06469,41.506893,-72.448279
06470,41.3950832,-73.3176626
06471,41.333791,-72.7718531
06472,41.3934346,-72.7719445
06473,41.3814653,-72.8563709
06475,41.2998973,-72.3827344
06477,41.2849513,-73.0246368
06478,41.4440326,-73.148235
06479,41.5747291,-72.9119469
06480,41.5988341,-72.589071
06481,41.5367374,-72.6979384
06482,41.4090005,-73.2426304
06483,41.3854655,-73.0836408
06484,41.3045774,-73.1392153
06488,41.4759861,-73.2296919
06489,41.6141676,-72.8699148
06492,41.4627236,-72.8050714
06498,41.3036947,-72.4780168
06510,41.3061928,-72.9266132
06511,41.3172698,-72.9263729
06512,41.2782673,-72.8752509
06513,41.3185164,-72.8699317
06514,41.3768034,-72.9427516
06515,41.3280388,-72.97084
06516,41.2725732,-72.9649666
06517,41.3494404,-72.9071486
06518,41.4308793,-72.9119903
06519,41.2931215,-72.9321018
06524,41.422964,-72.9941871
06525,41.3635385,-73.0038877
06604,41.1543798,-73.2109323
06605,41.1615986,-73.2176223
06606,41.2121097,-73.2066729
06607,41.1707439,-73.1680379
06608,41.1864746,-73.1812508
06610,41.2092211,-73.1646562
06611,41.2728914,-73.2118988
06612,41.2649447,-73.3004792
06614,41.2284756,-73.1290782
06615,41.1630269,-73.1281081
06702,41.556461,-73.0458858
06704,41.588739,-73.0352681
06705,41.549741,-72.9934347
06706,41.5322088,-73.025052
06708,41.550619,-73.071234
06710,41.5696008,-73.0459603
06712,41.4992466,-72.9756339
06716,41.5950295,-72.9685135
06750,41.7238614,-73.2628597
06751,41.6357587,-73.2114217
06752,41.520294,-73.3610927
06753,41.8251932,-73.3446283
06754,41.754627,-73.3682155
06755,41.6493139,-73.480095
06756,41.847077,-73.2377993
06757,41.7396655,-73.4672725
06758,41.676348,-73.227358
06759,41.7606434,-73.2191529
06762,41.5246912,-73.1230162
06763,41.6943231,-73.2099985
06770,41.4886491,-73.0517512
06776,41.6012671,-73.422807
06777,41.6913073,-73.3344033
06778,41.7184783,-73.104452
06779,41.5960573,-73.0814416
06782,41.6426532,-73.0415076
06783,41.5555325,-73.2960259
06784,41.5794184,-73.4976901
06785,41.7085357,-73.4495456
06786,41.672727,-73.0180419
06787,41.6710799,-73.0850465
06790,41.8340717,-73.1314085
06791,41.7613447,-73.0604432
06793,41.6337122,-73.2889156
06794,41.6493153,-73.3251298
06795,41.6238921,-73.1261953
06796,41.8739526,-73.3336331
06798,41.5616321,-73.2060959
06801,41.3697777,-73.3895032
06804,41.4632177,-73.3933112
06807,41.0567304,-73.5920204
06810,41.3778489,-73.4574634
06811,41.4225809,-73.4783522
06812,41.4803182,-73.4868629
06820,41.076202,-73.4800804
06824,41.1730393,-73.280818
06825,41.1965831,-73.2432544
06830,41.0376034,-73.6243386
06831,41.0887241,-73.6588376
06840,41.1603863,-73.5001138
06850,41.1274228,-73.4452637
06851,41.1382372,-73.401551
06853,41.0661164,-73.4380025
06854,41.0908961,-73.4287882
06855,41.07174,-73.3900022
06870,41.0244455,-73.57115
06877,41.3176745,-73.499837
06878,41.0300928,-73.5837192
06880,41.1427521,-73.3436112
06883,41.2274128,-73.3670614
06890,41.1485647,-73.2877801
06896,41.3054148,-73.3925837
06897,41.2112791,-73.4409771
06901,41.0536352,-73.5384371
06902,41.0593473,-73.5443835
06903,41.1360179,-73.5711421
06905,41.087781,-73.5435745
06906,41.0723416,-73.5221888
06907,41.1014309,-73.5195808
07001,40.583961,-74.2697045
07002,40.6624946,-74.1102012
07003,40.8091411,-74.1871418
07004,40.8825075,-74.3045935
07005,40.9303498,-74.4111226
07006,40.8511872,-74.2828651
07008,40.5837895,-74.2274575
07009,40.8580173,-74.2297838
07010,40.8220522,-73.9879378
07011,40.8804272,-74.1432463
07012,40.8468986,-74.1605366
07013,40.8694047,-74.1730621
07014,40.8313394,-74.1354192
07016,40.6575499,-74.3036316
07017,40.7719176,-74.207082
07018,40.7557327,-74.2179174
07020,40.82465,-73.9737928
07021,40.8281024,-74.2762262
07022,40.8211103,-74.0030322
07023,40.6417012,-74.3856923
07024,40.8506403,-73.9710074
07026,40.8797971,-74.1082503
07027,40.6513307,-74.3231515
07028,40.8047984,-74.204569
07029,40.7436201,-74.1549013
07030,40.7452508,-74.0279257
07031,40.7862555,-74.1262199
07032,40.7523319,-74.1230925
07033,40.6780895,-74.2881141
07034,40.8794804,-74.3801037
07035,40.9275008,-74.3083343
07036,40.6247111,-74.2393623
07039,40.7858277,-74.3291
07040,40.7336074,-74.2711594
07041,40.7224328,-74.3015614
07042,40.8134866,-74.2190106
07043,40.8448369,-74.200502
07044,40.832468,-74.2428627
07045,40.906942,-74.3656082
07046,40.8908526,-74.4420319
07047,40.7936435,-74.0250269
07050,40.7680399,-74.2356922
07052,40.7857553,-74.265058
07054,40.8537667,-74.4015739
07055,40.8575524,-74.1290888
07057,40.8530836,-74.1063227
07058,40.8699009,-74.3442406
07059,40.6345884,-74.5190442
07060,40.6166674,-74.4220415
07062,40.6312534,-74.4038841
07063,40.6051185,-74.4445225
07064,40.5674225,-74.2449332
07065,40.6071525,-74.2805307
07066,40.6206502,-74.3098621
07067,40.5893278,-74.3114173
07068,40.8217373,-74.3101465
07069,40.6428449,-74.4362333
07070,40.8203143,-74.1060409
07071,40.7971128,-74.11298
07072,40.8264308,-74.0623347
07073,40.8170966,-74.0850235
07074,40.8381444,-74.0550768
07075,40.8501831,-74.0870676
07076,40.6330286,-74.3728991
07077,40.5541469,-74.2530596
07078,40.742264,-74.3275735
07079,40.7488111,-74.2615125
07080,40.5744129,-74.4147996
07081,40.6979658,-74.3344355
07082,40.926724,-74.3455124
07083,40.6952664,-74.2690777
07086,40.7680098,-74.0170078
07087,40.767224,-74.032429
07088,40.718342,-74.283764
07090,40.6516437,-74.3434472
07092,40.6807216,-74.3602919
07093,40.7867043,-74.0089089
07094,40.781958,-74.0676485
07095,40.5528574,-74.2869393
07102,40.7356592,-74.173605
07103,40.7388525,-74.1952638
07104,40.7677132,-74.1683498
07105,40.7230657,-74.1386364
07106,40.7417681,-74.2304517
07107,40.7629182,-74.1865594
07108,40.7231036,-74.200386
07109,40.7934814,-74.1611589
07110,40.8206164,-74.1562502
07111,40.723859,-74.2325223
07112,40.7113909,-74.2116828
07114,40.697812,-74.1708097
07201,40.6712716,-74.1773578
07202,40.6524637,-74.2168529
07203,40.6522106,-74.2601578
07204,40.6653121,-74.2665554
07205,40.6958894,-74.2288001
07206,40.6520831,-74.1837562
07208,40.6729128,-74.2240474
07302,40.7188084,-74.0446341
07304,40.7173028,-74.0763519
07305,40.6930039,-74.0696505
07306,40.7362942,-74.0711275
07307,40.7518421,-74.0539761
07310,40.7278951,-74.0332124
07311,40.719076,-74.0326192
07401,41.0326691,-74.1338262
07403,41.0207534,-74.3328417
07405,40.987841,-74.3781877
07407,40.9045259,-74.1195136
07410,40.9358298,-74.1175045
07416,41.108997,-74.5886407
07417,41.0075259,-74.2056527
07418,41.2422163,-74.4861081
07419,41.1541557,-74.5700098
07420,41.0293329,-74.3028411
07421,41.1737402,-74.3526134
07422,41.1735115,-74.4472462
07423,40.9995,-74.0965826
07424,40.882319,-74.205876
07430,41.0820667,-74.1830614
07432,40.9958086,-74.1412624
07435,41.0407777,-74.4419097
07436,41.0310215,-74.2405023
07438,41.0298212,-74.5217723
07439,41.0800905,-74.5976262
07440,40.946468,-74.29304
07442,41.0027335,-74.2867425
07444,40.9674073,-74.3069674
07446,41.0591364,-74.1459311
07450,40.9815914,-74.1135057
07452,40.9594705,-74.125202
07456,41.0970392,-74.2629209
07457,40.9958863,-74.3145321
07458,41.0466578,-74.0964824
07460,41.1142636,-74.4938439
07461,41.2470217,-74.6105218
07462,41.1984564,-74.4955755
07463,41.0133673,-74.1252167
07465,41.04927,-74.2923375
07470,40.9458547,-74.2450769
07480,41.08587,-74.3783902
07481,40.9990933,-74.1688486
07501,40.9119985,-74.1709645
07502,40.9196591,-74.195028
07503,40.8975481,-74.1541206
07504,40.9124326,-74.1406886
07505,40.9170078,-74.1719362
07506,40.9569572,-74.1585611
07508,40.9550214,-74.1836918
07512,40.9034151,-74.2197791
07513,40.904592,-74.1489662
07514,40.9247856,-74.1445421
07522,40.9235695,-74.1792251
07524,40.9317108,-74.1568702
07601,40.8893976,-74.0456981
07603,40.8742931,-74.0297371
07604,40.861513,-74.073114
07605,40.8633911,-73.9884656
07606,40.8648008,-74.0481151
07607,40.9028851,-74.0634573
07608,40.8496088,-74.061893
07620,40.9687824,-73.9168962
07621,40.9223342,-73.9980008
07624,40.9728898,-73.9603147
07626,40.9400183,-73.958313
07627,40.9541028,-73.9549208
07628,40.9452388,-73.9924284
07630,40.9749901,-74.0232476
07631,40.8911966,-73.972515
07632,40.8846338,-73.9446545
07640,40.9916807,-73.9802021
07641,40.9627374,-73.99747
07642,41.0071268,-74.0451189
07643,40.8434313,-74.0342395
07644,40.8779151,-74.0825
07645,41.0545938,-74.047298
07646,40.9341614,-74.0194531
07647,41.0094214,-73.9419844
07648,40.9920463,-73.9505506
07649,40.9566531,-74.0328615
07650,40.8470173,-73.9970615
07652,40.9472994,-74.0701694
07656,41.0361833,-74.0442926
07657,40.8326768,-74.0140875
07660,40.8547046,-74.0199264
07661,40.927354,-74.0396108
07662,40.9064962,-74.0780051
07663,40.9030993,-74.0935906
07666,40.8903167,-74.0114782
07670,40.9183086,-73.9505227
07675,41.0034843,-74.001753
07676,40.9883059,-74.064693
07677,41.0259773,-74.0610613
07701,40.3605089,-74.0789521
07702,40.3264505,-74.0573731
07703,40.3143408,-74.0467459
07704,40.3619401,-74.0387747
07711,40.237603,-74.0067219
07712,40.2468946,-74.0545018
07716,40.4024025,-74.0363056
07717,40.1914176,-74.0151054
07718,40.4198708,-74.0851737
07719,40.1689081,-74.0732263
07720,40.2016041,-74.0120565
07721,40.4353338,-74.2359662
07722,40.2877985,-74.1668068
07723,40.250486,-74.002164
07724,40.2986251,-74.0741783
07726,40.2865056,-74.3425467
07727,40.2054914,-74.157535
07728,40.2257928,-74.2857849
07730,40.4241637,-74.1737321
07731,40.1495367,-74.2039869
07732,40.4304508,-73.9904236
07733,40.3749643,-74.1738486
07734,40.4441522,-74.1368122
07735,40.4500221,-74.2234998
07737,40.4067376,-74.0638277
07738,40.3353611,-74.1327227
07739,40.3369522,-74.0345347
07740,40.2953722,-73.989899
07746,40.3234895,-74.2545721
07747,40.4132505,-74.2576743
07748,40.3963001,-74.1152744
07750,40.335895,-73.9856075
07751,40.35965,-74.261462
07753,40.2107609,-74.0744985
07755,40.2634704,-74.0236232
07756,40.2118195,-74.0069439
07757,40.3159956,-74.0176374
07758,40.4342363,-74.1006646
07760,40.3714521,-74.0039225
07762,40.1534087,-74.0337315
07764,40.2879037,-74.0200191
07801,40.901125,-74.5647828
07803,40.8780875,-74.6011764
07820,40.9286736,-74.7988619
07821,40.966037,-74.7546865
07822,41.138775,-74.7083368
07823,40.8232616,-75.0460136
07825,40.9829623,-74.9619965
07826,41.1634586,-74.8154086
07827,41.2809575,-74.7305114
07828,40.8849587,-74.7556566
07830,40.7192827,-74.7940211
07831,40.7392111,-74.9468129
07832,40.9445782,-75.0673461
07833,40.8928187,-75.0694355
07834,40.8864597,-74.4875844
07836,40.8431628,-74.7106844
07838,40.8879501,-74.9116917
07840,40.8600447,-74.8317948
07842,40.9446222,-74.5008756
07843,40.9392467,-74.6594755
07844,40.9086165,-74.9695755
07846,40.9668227,-74.8768339
07847,40.8874344,-74.6197378
07848,41.097903,-74.6801627
07849,40.9641418,-74.6125743
07850,40.9067665,-74.6593522
07851,41.200384,-74.8564061
07852,40.8832685,-74.6680293
07853,40.7873994,-74.7821297
07856,40.9164215,-74.6267629
07857,40.8979419,-74.6933659
07860,41.0572869,-74.802737
07863,40.8075708,-74.9574513
07865,40.7938056,-74.8983472
07866,40.9549875,-74.4880305
07869,40.8416396,-74.5785221
07870,40.804243,-74.820672
07871,41.0466955,-74.627989
07874,40.9289084,-74.709458
07876,40.8544704,-74.6573573
07878,40.871598,-74.4782396
07880,40.8800009,-74.8762527
07881,41.1233252,-74.9344118
07882,40.7554296,-75.0108699
07885,40.9104091,-74.5999642
07901,40.7149229,-74.3663718
07920,40.6822678,-74.5541434
07921,40.6560187,-74.6786573
07922,40.6765898,-74.4270216
07924,40.7257702,-74.5912126
07926,40.8012619,-74.5701219
07927,40.8237249,-74.4563538
07928,40.7249712,-74.4150856
07930,40.7813093,-74.6835898
07931,40.681417,-74.6165364
07932,40.7774609,-74.3928454
07933,40.6951792,-74.456871
07934,40.7297371,-74.6665089
07935,40.7354407,-74.4513123
07936,40.8185531,-74.3637423
07939,40.6672793,-74.5521643
07940,40.7605346,-74.41948
07945,40.7806557,-74.6018164
07946,40.6777089,-74.5085377
07950,40.8460261,-74.4823138
07960,40.7792345,-74.5024615
07961,40.781113,-74.4351514
07970,40.8093871,-74.5715539
07974,40.6969186,-74.4038525
07976,40.7280596,-74.4793438
07977,40.7113418,-74.6516248
07979,40.711817,-74.7301726
07980,40.6761659,-74.494548
07981,40.8244132,-74.4262412
08001,39.5478801,-75.3463843
08002,39.9346045,-75.025389
08003,39.885852,-74.9711455
08004,39.7553331,-74.8305115
08005,39.7558025,-74.306609
08006,39.7512886,-74.1067601
08007,39.8650828,-75.0537617
08008,39.6235376,-74.2060888
08009,39.7606563,-74.9328602
08010,40.053506,-74.918438
08011,39.9752785,-74.7138019
08012,39.7838154,-75.0560675
08014,39.81294,-75.3672881
08015,39.9315356,-74.5437201
08016,40.0680639,-74.8329036
08019,39.7655874,-74.530053
08020,39.794221,-75.222232
08021,39.8061555,-75.0000121
08022,40.0675896,-74.7057415
08023,39.6881078,-75.496899
08026,39.8336465,-74.9690011
08027,39.8285208,-75.2943843
08028,39.6921289,-75.1246749
08029,39.8409371,-75.0672112
08030,39.889564,-75.1184938
08031,39.866356,-75.0946695
08032,39.7805451,-75.0596115
08033,39.8924215,-75.0366508
08034,39.9061003,-75.0003751
08035,39.8791269,-75.0659184
08036,39.9779562,-74.8363343
08037,39.631681,-74.7738934
08038,39.470004,-75.4902912
08039,39.6856586,-75.2773093
08041,40.0385252,-74.6841008
08042,40.0136572,-74.6620292
08043,39.8485702,-74.9528435
08045,39.8672108,-75.029156
08046,40.0279495,-74.8869838
08048,39.9538499,-74.8030263
08049,39.8545751,-75.0381369
08050,39.7121325,-74.231888
08051,39.7840248,-75.175979
08052,39.9523809,-74.9948958
08053,39.856677,-74.9008104
08054,39.9489918,-74.900247
08055,39.8626955,-74.8223105
08056,39.7836833,-75.2553016
08057,39.9796575,-74.9413079
08059,39.8848248,-75.0926673
08060,40.0100045,-74.7922069
08061,39.79887,-75.2053649
08062,39.7160945,-75.2192671
08063,39.8672966,-75.1856214
08064,39.9373499,-74.616269
08065,40.0026146,-75.0352732
08066,39.8351735,-75.2335318
08067,39.7391928,-75.4114057
08068,39.9613936,-74.665922
08069,39.7031422,-75.4506762
08070,39.6191254,-75.5160692
08071,39.7316539,-75.1342565
08072,39.5446828,-75.412568
08073,40.0095078,-74.8668452
08074,39.7161659,-75.1634403
08075,40.0296762,-74.9489967
08077,40.0001617,-74.9916319
08078,39.8534114,-75.0755019
08079,39.5424076,-75.4316839
08080,39.7573532,-75.1220433
08081,39.7328483,-74.976641
08083,39.8413072,-75.0286131
08084,39.82899,-75.0155362
08085,39.753766,-75.3310402
08086,39.8512125,-75.185663
08087,39.6039586,-74.3821813
08088,39.8373145,-74.695267
08089,39.7130928,-74.8310339
08090,39.7979858,-75.1485261
08091,39.807116,-74.9241783
08092,39.6471817,-74.2845992
08093,39.8615711,-75.1329746
08094,39.6506006,-74.9593112
08095,39.6492981,-74.8580058
08096,39.8294016,-75.1290321
08097,39.8132901,-75.1506497
08098,39.6393006,-75.3298008
08102,39.9521157,-75.1211493
08103,39.9352024,-75.1127029
08104,39.9164593,-75.1113548
08105,39.9503396,-75.0962779
08106,39.8909917,-75.0733288
08107,39.9086654,-75.0844453
08108,39.9150477,-75.0622435
08109,39.9493303,-75.0495297
08110,39.9718927,-75.057876
08201,39.4235629,-74.4930249
08202,39.0966402,-74.7397572
08203,39.4217127,-74.3928726
08204,38.9717475,-74.9161272
08205,39.4819998,-74.4526371
08210,39.1191872,-74.8231882
08212,38.9404142,-74.9642844
08215,39.5901203,-74.581951
08217,39.5770318,-74.7188156
08221,39.3399356,-74.5644704
08223,39.2695198,-74.6571181
08224,39.5993336,-74.4674348
08225,39.3583399,-74.5363117
08226,39.2637844,-74.6077527
08230,39.201062,-74.7067526
08232,39.3875252,-74.5151963
08234,39.3883932,-74.620728
08240,39.4880591,-74.533973
08241,39.5347979,-74.4760989
08242,39.0173803,-74.8869078
08243,39.1510131,-74.6963192
08244,39.3155106,-74.5982783
08245,39.176509,-74.8190284
08246,39.1809649,-74.7658057
08247,39.0489753,-74.7862193
08248,39.1949626,-74.6575464
08251,39.0288233,-74.9289215
08260,38.9983471,-74.8433019
08270,39.2613556,-74.8090915
08302,39.4386128,-75.2606457
08310,39.5314368,-74.8968102
08311,39.327866,-75.2040353
08312,39.6614217,-75.0838991
08314,39.2161023,-74.9377399
08316,39.2801762,-74.9373647
08317,39.4006877,-74.8296337
08318,39.5576535,-75.1777169
08319,39.3704087,-74.8108165
08320,39.3850796,-75.1606004
08321,39.223596,-75.143169
08322,39.6111027,-75.0487711
08323,39.3950292,-75.3700795
08324,39.2255062,-75.0040818
08326,39.5384153,-74.927717
08327,39.2555954,-74.9495092
08328,39.5796678,-75.0563747
08329,39.2868515,-75.0057078
08330,39.4690944,-74.7469925
08332,39.3662171,-75.026853
08340,39.3932996,-74.9072568
08341,39.5214855,-74.958651
08343,39.6363478,-75.1675605
08344,39.5617448,-74.9860375
08345,39.2884573,-75.1435856
08346,39.5695481,-74.8520864
08348,39.3099326,-74.9713647
08349,39.2609356,-75.0592585
08350,39.4907002,-74.8736411
08352,39.4754451,-75.1272417
08353,39.4624183,-75.2924402
08360,39.4923543,-75.003447
08361,39.4493692,-74.9588266
08401,39.3773368,-74.4510702
08402,39.3263847,-74.5044733
08403,39.3184972,-74.542405
08406,39.3420459,-74.4826256
08501,40.1662582,-74.5525426
08502,40.4482174,-74.6532441
08505,40.1355887,-74.7072549
08510,40.1872068,-74.425013
08511,40.0437382,-74.5476536
08512,40.3243574,-74.5255263
08514,40.1342454,-74.491732
08515,40.119177,-74.6628935
08518,40.1155026,-74.8040284
08520,40.2557999,-74.5398816
08525,40.3977164,-74.7795196
08527,40.1086646,-74.3586022
08528,40.3871082,-74.6189152
08530,40.3700197,-74.9101615
08533,40.0155895,-74.4850826
08534,40.3294221,-74.7927886
08535,40.2319076,-74.4320332
08536,40.3330762,-74.5866276
08540,40.3647282,-74.6563136
08542,40.3545175,-74.66056
08544,40.3464916,-74.6578483
08550,40.279953,-74.622116
08551,40.4471107,-74.837285
08553,40.4003475,-74.6389222
08554,40.112984,-74.781093
08555,40.2207424,-74.4701547
08558,40.4134107,-74.7037448
08559,40.4389859,-74.9836255
08560,40.315492,-74.8570162
08561,40.2473991,-74.5813288
08562,40.0619567,-74.5918776
08608,40.2190808,-74.7668426
08609,40.2257466,-74.7409055
08610,40.1936433,-74.7159628
08611,40.183615,-74.7403187
08618,40.2493401,-74.7899681
08619,40.2423005,-74.6964078
08620,40.170087,-74.651309
08628,40.2644177,-74.8270466
08629,40.2206437,-74.7312456
08638,40.2540183,-74.7633845
08640,40.0139694,-74.5750159
08641,40.027985,-74.5878189
08648,40.2844905,-74.7174868
08690,40.2258334,-74.6600956
08691,40.2083187,-74.6009285
08701,40.0770685,-74.1985101
08720,40.1449994,-74.1255016
08721,39.9074072,-74.1848174
08722,39.9284047,-74.2021886
08723,40.0385836,-74.1116001
08724,40.0910315,-74.1143954
08730,40.1084104,-74.06217
08731,39.8598863,-74.2927406
08732,39.941804,-74.1438417
08733,40.0268683,-74.3636741
08734,39.8629159,-74.1664128
08735,39.996988,-74.077635
08736,40.1200183,-74.0532572
08738,40.0247645,-74.059612
08740,39.928358,-74.1277733
08741,39.9363386,-74.1672469
08742,40.0808124,-74.0591168
08750,40.133372,-74.0415005
08751,39.9496337,-74.0795158
08752,39.8366405,-74.0901813
08753,39.9796677,-74.1507389
08755,40.0085335,-74.2217684
08757,39.9605909,-74.2608433
08758,39.7945426,-74.2533367
08759,39.961826,-74.3598278
08801,40.6296094,-74.8904898
08802,40.6842637,-75.0232861
08804,40.6466557,-75.0957599
08805,40.5706392,-74.5375514
08807,40.5924342,-74.6188399
08809,40.6460365,-74.9246095
08810,40.3682847,-74.4909987
08812,40.5987306,-74.4787928
08816,40.4291187,-74.4162867
08817,40.514655,-74.3931035
08820,40.5768059,-74.36575
08821,40.5207211,-74.6883376
08822,40.5219949,-74.8666439
08823,40.4386093,-74.5652107
08824,40.4207268,-74.5534575
08825,40.5141892,-75.0271567
08826,40.7165744,-74.9121252
08827,40.6684242,-74.9683768
08828,40.3784174,-74.423384
08829,40.6701107,-74.8902117
08830,40.5701417,-74.3163706
08831,40.3343407,-74.4325022
08832,40.5113987,-74.3184962
08833,40.645542,-74.8162611
08835,40.5417909,-74.5885885
08836,40.5963755,-74.5573197
08837,40.514281,-74.3438594
08840,40.5431387,-74.3589813
08844,40.497692,-74.670505
08846,40.5746255,-74.4982588
08848,40.5942657,-75.0966591
08850,40.4491515,-74.4403133
08852,40.3899095,-74.5440871
08853,40.5273136,-74.7420435
08854,40.539658,-74.462791
08857,40.3927892,-74.330397
08858,40.6826811,-74.7370379
08859,40.4581717,-74.3037989
08861,40.5204935,-74.2729432
08863,40.5372376,-74.3122221
08865,40.7082264,-75.1470732
08867,40.5744564,-74.9661014
08869,40.571344,-74.6460263
08872,40.4557359,-74.3514678
08873,40.4996672,-74.5318443
08876,40.5895541,-74.6854108
08879,40.4664472,-74.2786393
08880,40.5539473,-74.5274549
08882,40.4456522,-74.3784585
08884,40.393613,-74.3927373
08886,40.68764,-75.1007256
08887,40.5215161,-74.7959428
08889,40.6090209,-74.7542159
08890,40.5390472,-74.575409
08901,40.4836381,-74.4424597
08902,40.4415131,-74.4912136
08904,40.5007945,-74.4279107
10001,40.750649,-73.9972976
10002,40.7159693,-73.9868946
10003,40.7318645,-73.9891241
10004,40.6898053,-74.017389
10005,40.7062151,-74.0086868
10006,40.7094897,-74.0130536
10007,40.7138682,-74.0078656
10009,40.7263919,-73.9786045
10010,40.7390449,-73.9826162
10011,40.7418398,-74.0005279
10012,40.7256254,-73.9979364
10013,40.7200512,-74.0048091
10014,40.7341455,-74.0060262
10016,40.7451816,-73.9780533
10017,40.7523868,-73.9726777
10018,40.7553269,-73.9926959
10019,40.765735,-73.9850652
10020,40.7591745,-73.9807149
10021,40.7696404,-73.9590177
10022,40.7585703,-73.96793
10023,40.7745673,-73.9790155
10024,40.7856602,-73.9712689
10025,40.7982514,-73.9683364
10026,40.8029777,-73.9535293
10027,40.812657,-73.9549825
10028,40.7764466,-73.9533832
10029,40.7922493,-73.9473326
10030,40.8182473,-73.942834
10031,40.8248037,-73.9502057
10032,40.8390405,-73.942812
10033,40.8474756,-73.9355098
10034,40.8670761,-73.924312
10035,40.795251,-73.930418
10036,40.7597915,-73.9906851
10037,40.8130268,-73.9377141
10038,40.7092638,-74.0029028
10039,40.8262869,-73.937526
10040,40.8580974,-73.9296002
10044,40.7619065,-73.949967
10065,40.7646886,-73.9632643
10069,40.7773824,-73.98883
10075,40.7734133,-73.9562911
10103,40.7607797,-73.9776696
10110,40.7544986,-73.9822564
10111,40.7595312,-73.9785852
10112,40.7589044,-73.9790441
10115,40.810852,-73.9637437
10119,40.750644,-73.9927333
10128,40.7814985,-73.9501988
10152,40.7584035,-73.9720314
10153,40.7636221,-73.9724387
10154,40.7577785,-73.9724875
10162,40.7692674,-73.9497953
10165,40.752131,-73.9787223
10167,40.7546485,-73.974771
10168,40.7514484,-73.9771032
10169,40.7545147,-73.9763929
10170,40.7526253,-73.9758766
10171,40.7558993,-73.9738583
10172,40.7552733,-73.9743148
10173,40.7541306,-73.9793637
10174,40.751441,-73.9750035
10177,40.7551387,-73.9759337
10199,40.7513831,-73.9971519
10271,40.7082356,-74.0105414
10278,40.7151383,-74.0037175
10279,40.7126262,-74.0086688
10280,40.7097053,-74.0165861
10282,40.7163808,-74.0150041
10301,40.6275046,-74.0943767
10302,40.6308062,-74.1376638
10303,40.6298846,-74.1741296
10304,40.605965,-74.0935352
10305,40.5965488,-74.0757794
10306,40.5717144,-74.124264
10307,40.5077532,-74.2420912
10308,40.552828,-74.151525
10309,40.529842,-74.2197775
10310,40.6326122,-74.1161485
10311,40.6052306,-74.1795339
10312,40.5452374,-74.1804434
10314,40.6006986,-74.1643138
10451,40.8221675,-73.9226159
10452,40.8377909,-73.9233391
10453,40.8525077,-73.9132906
10454,40.8055831,-73.9165948
10455,40.8147983,-73.908601
10456,40.8306693,-73.9081608
10457,40.8457068,-73.8979229
10458,40.8624859,-73.8864478
10459,40.8256921,-73.8929981
10460,40.8423439,-73.8790617
10461,40.8467414,-73.8407884
10462,40.8432666,-73.860417
10463,40.8863455,-73.9015473
10464,40.8695935,-73.7958478
10465,40.8273295,-73.8221698
10466,40.8909641,-73.8462394
10467,40.8752619,-73.8720268
10468,40.8689403,-73.899995
10469,40.8685088,-73.8466911
10470,40.8895274,-73.8725845
10471,40.8999842,-73.9067506
10472,40.8296845,-73.8693733
10473,40.8186904,-73.8584741
10474,40.8113399,-73.8851728
10475,40.8756347,-73.826934
10501,41.2955912,-73.7594251
10502,41.0112823,-73.8408457
10503,41.0265555,-73.8753095
10504,41.1284683,-73.7075205
10505,41.3420716,-73.7478028
10506,41.1896515,-73.6385094
10507,41.2321883,-73.6916885
10509,41.4108547,-73.5943395
10510,41.139472,-73.8357041
10511,41.2631679,-73.944966
10512,41.4477475,-73.7098845
10514,41.1721185,-73.7692173
10516,41.4619725,-73.874913
10517,41.2984659,-73.8601399
10518,41.2661426,-73.5882959
10519,41.3471633,-73.6633623
10520,41.2266008,-73.8676406
10522,41.0096963,-73.863304
10523,41.059498,-73.8192541
10524,41.3753251,-73.9262166
10526,41.2940945,-73.6594003
10527,41.3211687,-73.7699399
10528,40.9750474,-73.7249262
10530,41.023712,-73.8128101
10532,41.1002605,-73.8007296
10533,41.0369274,-73.8548636
10535,41.3351693,-73.7939193
10536,41.269182,-73.6887261
10537,41.3440883,-73.8810023
10538,40.9377518,-73.7564731
10540,41.3259814,-73.7277106
10541,41.382046,-73.7518184
10542,41.3711472,-73.7643669
10543,40.9526929,-73.7360405
10545,41.1785732,-73.8354653
10546,41.1966049,-73.800569
10547,41.3133342,-73.8460386
10548,41.2449871,-73.9387381
10549,41.200584,-73.7234978
10550,40.9054482,-73.8352533
10552,40.9239724,-73.8255549
10553,40.9086069,-73.8215658
10560,41.3405273,-73.5976089
10562,41.1944228,-73.8252853
10566,41.2894828,-73.9168467
10567,41.2884054,-73.8950081
10570,41.1280678,-73.7892199
10573,41.0157419,-73.6773035
10576,41.2215765,-73.5723324
10577,41.0382245,-73.7107363
10578,41.3140829,-73.6770511
10579,41.3953643,-73.8390532
10580,40.9790486,-73.693202
10583,40.9886473,-73.7888788
10588,41.3314833,-73.8284755
10589,41.3324326,-73.6926689
10590,41.2562338,-73.53786
10591,41.0826591,-73.8485779
10594,41.1157944,-73.7709771
10595,41.0873783,-73.7803695
10596,41.2559808,-73.9594681
10597,41.2930212,-73.5965677
10598,41.2823722,-73.7962058
10601,41.0328896,-73.7647826
10603,41.0542195,-73.780227
10604,41.0715115,-73.7470925
10605,41.010566,-73.7451293
10606,41.0206949,-73.7758773
10607,41.0390886,-73.811368
10701,40.9469657,-73.8804196
10703,40.9576485,-73.8811354
10704,40.9197286,-73.8626512
10705,40.9193394,-73.8893353
10706,40.9905029,-73.8695017
10707,40.9596329,-73.8229397
10708,40.9382666,-73.8299222
10709,40.9546346,-73.8081843
10710,40.969635,-73.845691
10801,40.9175701,-73.7848575
10803,40.8995323,-73.8058833
10804,40.9468594,-73.7880348
10805,40.8863699,-73.7576741
10901,41.155398,-74.129008
10910,41.2815697,-74.1379569
10911,41.3084258,-73.9959646
10913,41.0688719,-73.9560163
10914,41.4177169,-74.2000257
10915,41.5401804,-74.3569963
10916,41.4493352,-74.2447485
10917,41.3218244,-74.108011
10918,41.344192,-74.262177
10919,41.5259589,-74.3876178
10920,41.1564951,-73.9382389
10921,41.3320653,-74.3634217
10922,41.336897,-73.9875715
10923,41.2031162,-74.0027182
10924,41.3811563,-74.3524852
10925,41.1858548,-74.288878
10926,41.2557994,-74.1278561
10927,41.1910517,-73.9675622
10928,41.3489701,-73.9984949
10930,41.3823947,-74.1144043
10931,41.127177,-74.1705027
10932,41.4821604,-74.4642848
10933,41.3680209,-74.5129993
10940,41.4465442,-74.4787406
10941,41.490413,-74.345272
10950,41.317346,-74.1998813
10952,41.1111183,-74.0785398
10953,41.4058548,-74.0779168
10954,41.0991979,-74.0130214
10956,41.1544358,-73.9940723
10958,41.3792748,-74.4237694
10960,41.0888413,-73.9264715
10962,41.0490065,-73.962103
10963,41.4665874,-74.5407066
10964,41.0163573,-73.9142679
10965,41.0615606,-74.0078322
10968,41.0370172,-73.9212594
10969,41.2948585,-74.4880056
10970,41.1843595,-74.0627268
10973,41.3805159,-74.4804624
10974,41.1594839,-74.1899027
10975,41.2570079,-74.1677322
10976,41.0229603,-73.9284882
10977,41.1189143,-74.0481538
10979,41.1823697,-74.3188136
10980,41.2392335,-74.0562605
10983,41.0310877,-73.9477026
10984,41.2031233,-74.022156
10985,41.5770323,-74.3580348
10986,41.2852094,-73.998672
10987,41.1992122,-74.2245453
10988,41.3014937,-74.5624468
10989,41.1229554,-73.9380305
10990,41.2674476,-74.3640107
10992,41.4260891,-74.1646637
10993,41.2099041,-73.9738716
10994,41.0980715,-73.9726491
10996,41.3936995,-73.9721745
10998,41.3240758,-74.5411792
11001,40.7233167,-73.7049494
11003,40.6991762,-73.7061659
11004,40.7461911,-73.7115068
11005,40.7566433,-73.7142398
11010,40.7006528,-73.6751329
11020,40.771442,-73.7148193
11021,40.7843194,-73.7314877
11023,40.7989089,-73.7336528
11024,40.8162512,-73.7428724
11030,40.7934088,-73.688549
11040,40.7453467,-73.6802919
11042,40.7585419,-73.6974506
11050,40.8398952,-73.693123
11096,40.6213463,-73.7569899
11101,40.7471126,-73.9397082
11102,40.7716,-73.9256033
11103,40.7625964,-73.9132821
11104,40.7448453,-73.9204681
11105,40.7790866,-73.9065223
11106,40.7622113,-73.9315281
11109,40.7466155,-73.9570094
11201,40.6937005,-73.9898589
11203,40.6495693,-73.9343269
11204,40.618815,-73.9849419
11205,40.6968905,-73.9680736
11206,40.7018701,-73.9425516
11207,40.6701572,-73.8938353
11208,40.674847,-73.8724799
11209,40.6218034,-74.0301497
11210,40.62806,-73.9463086
11211,40.7140845,-73.9451676
11212,40.6629047,-73.9130712
11213,40.6711552,-73.9362663
11214,40.5996903,-73.9963717
11215,40.6626879,-73.9867402
11216,40.680844,-73.9492221
11217,40.6816707,-73.9785294
11218,40.6431203,-73.9764459
11219,40.6326198,-73.9967697
11220,40.641026,-74.0166882
11221,40.6914258,-73.9276256
11222,40.7277898,-73.947605
11223,40.597091,-73.9734691
11224,40.5773723,-73.9887059
11225,40.6631194,-73.9538673
11226,40.6464089,-73.9566626
11228,40.6167251,-74.0134316
11229,40.6012928,-73.9444926
11230,40.6220886,-73.9651896
11231,40.6779162,-74.0051543
11232,40.6565408,-74.005182
11233,40.6783015,-73.9199318
11234,40.6077225,-73.9106494
11235,40.58422,-73.9431668
11236,40.6394133,-73.9006642
11237,40.70416,-73.9211389
11238,40.6713305,-73.9659365
11239,40.6468898,-73.864014
11249,40.704501,-73.9660018
11354,40.7682126,-73.8273924
11355,40.7514355,-73.8212271
11356,40.784871,-73.8415275
11357,40.7851288,-73.8100365
11358,40.7603631,-73.7965254
11359,40.7916054,-73.7767241
11360,40.7804186,-73.781838
11361,40.7641909,-73.7727748
11362,40.7602038,-73.7324174
11363,40.7723479,-73.7462919
11364,40.7462507,-73.7560621
11365,40.7396342,-73.7944896
11366,40.7311205,-73.780458
11367,40.730474,-73.8227486
11368,40.7497368,-73.8530446
11369,40.7634909,-73.8722195
11370,40.7653925,-73.8942155
11371,40.7744111,-73.8732723
11372,40.7517193,-73.8836703
11373,40.7389446,-73.8785609
11374,40.726457,-73.8614588
11375,40.722975,-73.8431785
11377,40.744775,-73.9051603
11378,40.7247442,-73.9096392
11379,40.7170611,-73.8805189
11385,40.7006472,-73.8894227
11411,40.6940638,-73.7362653
11412,40.6980199,-73.7590809
11413,40.6711705,-73.7520631
11414,40.6576043,-73.844804
11415,40.7080854,-73.8280442
11416,40.684586,-73.8497132
11417,40.676406,-73.8445955
11418,40.7003154,-73.8360186
11419,40.6886125,-73.8230616
11420,40.6735016,-73.8177023
11421,40.6940354,-73.8586591
11422,40.6607865,-73.7375702
11423,40.7156688,-73.7682985
11424,40.7139684,-73.828087
11426,40.7364067,-73.7223571
11427,40.7309425,-73.7457159
11428,40.7209926,-73.7422028
11429,40.7095558,-73.7384796
11430,40.6469645,-73.7872953
11432,40.7149339,-73.7929549
11433,40.6980905,-73.7867521
11434,40.6778566,-73.7770725
11435,40.7010799,-73.8096404
11436,40.6758637,-73.7966472
11439,40.7219354,-73.7945866
11451,40.7011879,-73.7957783
11501,40.7463301,-73.6391778
11507,40.7708294,-73.652103
11509,40.587963,-73.728528
11510,40.6501274,-73.6077093
11514,40.7497778,-73.6129098
11516,40.6262233,-73.7267791
11518,40.6374721,-73.6668073
11520,40.6494008,-73.5829506
11530,40.7268542,-73.6370085
11542,40.8726052,-73.6286217
11545,40.8263209,-73.5893651
11547,40.8290662,-73.6447176
11548,40.8110779,-73.6138788
11549,40.7190085,-73.5996772
11550,40.7014749,-73.6211076
11552,40.6917524,-73.6542037
11553,40.7052719,-73.592328
11554,40.7201151,-73.5588611
11556,40.7199385,-73.5834022
11557,40.6360831,-73.6939209
11558,40.6053572,-73.6490463
11559,40.6029236,-73.714434
11560,40.8807571,-73.5887244
11561,40.5909039,-73.6446682
11563,40.6574342,-73.6741045
11565,40.6750202,-73.6717224
11566,40.662291,-73.556443
11568,40.7866141,-73.5971686
11569,40.5903737,-73.5804152
11570,40.665341,-73.6389213
11572,40.6317721,-73.6366239
11575,40.6804215,-73.584877
11576,40.7965689,-73.6468851
11577,40.782867,-73.6391093
11579,40.8440183,-73.6440895
11580,40.6749,-73.7021543
11581,40.651028,-73.7153252
11590,40.7551819,-73.5743378
11596,40.7597175,-73.6422196
11598,40.6309348,-73.7123388
11691,40.602096,-73.7617938
11692,40.594154,-73.791986
11693,40.5916616,-73.8096677
11694,40.5753139,-73.8512354
11697,40.5571317,-73.9137216
11701,40.6824513,-73.4143821
11702,40.6361511,-73.3837752
11703,40.7326759,-73.3250032
11704,40.7157748,-73.3592574
11705,40.7432643,-73.05585
11706,40.7106315,-73.2429125
11709,40.9063125,-73.5582442
11710,40.6722033,-73.5348249
11713,40.7783961,-72.9427612
11714,40.7426487,-73.4861641
11715,40.7509684,-73.0349242
11716,40.7770107,-73.1350895
11717,40.7840719,-73.2522347
11718,40.7164346,-73.2615138
11719,40.7766706,-72.9078329
11720,40.8702401,-73.082046
11721,40.9024249,-73.3714271
11722,40.7835797,-73.1966177
11724,40.8643223,-73.4564061
11725,40.8405841,-73.2808169
11726,40.6789933,-73.3944446
11727,40.880174,-73.0036911
11729,40.7611363,-73.3252604
11730,40.7276035,-73.1849501
11731,40.8626139,-73.3170401
11732,40.8424062,-73.539303
11733,40.9402353,-73.1127797
11735,40.7327467,-73.4327885
11738,40.8377672,-73.0376823
11739,40.7105792,-73.1657158
11740,40.8653467,-73.361205
11741,40.7947267,-73.0704273
11742,40.810354,-73.0418748
11743,40.8834143,-73.4235442
11746,40.8142683,-73.3622764
11747,40.7837619,-73.409295
11749,40.8067657,-73.1708024
11751,40.7304856,-73.2139239
11752,40.7583456,-73.1742336
11753,40.7897211,-73.5410364
11754,40.8855663,-73.2499013
11755,40.8578166,-73.1168438
11756,40.7245123,-73.5163256
11757,40.6890093,-73.3733496
11758,40.6538224,-73.4570755
11762,40.6827444,-73.4466639
11763,40.8252748,-72.982436
11764,40.9298599,-72.9730631
11765,40.8821323,-73.5589679
11766,40.9392195,-73.0186656
11767,40.8477545,-73.1457028
11768,40.9236305,-73.339309
11769,40.7345041,-73.1252223
11770,40.6496455,-73.1403239
11771,40.87373,-73.5252996
11772,40.7617798,-72.9874069
11776,40.9134561,-73.0456743
11777,40.9560682,-73.0666592
11778,40.9480461,-72.9370934
11779,40.8129584,-73.1144905
11780,40.9111127,-73.1725092
11782,40.7367292,-73.0799992
11783,40.6776124,-73.4900141
11784,40.8686151,-73.0422018
11786,40.9513978,-72.888417
11787,40.8529237,-73.2112601
11788,40.8180851,-73.2131895
11789,40.9620279,-72.9710085
11790,40.9078037,-73.127479
11791,40.8277705,-73.5027671
11792,40.9550329,-72.8255693
11793,40.6472281,-73.5114595
11794,40.9191903,-73.125015
11795,40.7090053,-73.2963373
11796,40.7312469,-73.0994188
11797,40.8202082,-73.4724495
11798,40.7526318,-73.3783721
11801,40.7623036,-73.524452
11803,40.7817708,-73.4731175
11804,40.7581157,-73.4569461
11901,40.9281021,-72.6482495
11930,40.9914186,-72.1144551
11931,40.9326284,-72.6222587
11932,40.9265003,-72.3050375
11933,40.9422312,-72.765594
11934,40.8020462,-72.7951665
11935,41.0212229,-72.4869577
11937,40.9945477,-72.1987537
11939,41.1389555,-72.3186868
11940,40.8087718,-72.756601
11941,40.8295425,-72.7233952
11942,40.848578,-72.5721589
11944,41.1024748,-72.3732282
11946,40.8646521,-72.5181036
11947,40.9430096,-72.5818831
11948,40.960725,-72.5498798
11949,40.8665031,-72.8046429
11950,40.8061423,-72.8471825
11951,40.7657223,-72.8367224
11952,41.0016483,-72.5475988
11953,40.8925094,-72.9511747
11954,41.0463566,-71.9488275
11955,40.8135109,-72.8238227
11956,40.9910895,-72.4721239
11957,41.2029808,-72.117081
11958,41.0390672,-72.4644192
11959,40.8302902,-72.6097597
11960,40.8106153,-72.7060622
11961,40.903814,-72.88588
11962,40.9308947,-72.2687188
11963,41.0016956,-72.3196198
11964,41.0494834,-72.302316
11965,41.0825014,-72.3033795
11967,40.8015657,-72.8780278
11968,40.9003593,-72.4286051
11970,40.9451435,-72.566319
11971,41.0647136,-72.4290595
11972,40.8226633,-72.7000083
11973,40.8658459,-72.8872061
11975,40.9482675,-72.2496248
11976,40.9292373,-72.3474102
11977,40.8284812,-72.6791862
11978,40.8256213,-72.6375023
11980,40.831662,-72.9248045
12007,42.5056509,-73.9353097
12008,42.853488,-73.9065346
12009,42.6977228,-74.0353498
12010,42.9376318,-74.1733247
12015,42.2922426,-73.8215318
12017,42.32111,-73.455997
12018,42.6288329,-73.5207708
12019,42.9343514,-73.8818081
12020,43.0016631,-73.8700888
12022,42.6665469,-73.3339669
12023,42.5985582,-74.183022
12024,42.4813371,-73.5342108
12025,43.0913965,-74.1218886
12027,42.9213389,-73.9077866
12028,42.9449338,-73.4409131
12029,42.4159495,-73.424961
12031,42.7657517,-74.4661287
12032,43.2879992,-74.5914287
12033,42.5330966,-73.7000859
12035,42.733746,-74.3718808
12036,42.532547,-74.6893917
12037,42.3387645,-73.5657638
12040,42.6305185,-73.3590942
12041,42.5436752,-73.9796768
12042,42.3525159,-73.8838169
12043,42.6939702,-74.5305059
12045,42.47966,-73.7968325
12046,42.5091301,-73.9172459
12047,42.7840544,-73.7262194
12051,42.3463689,-73.8384005
12052,42.7573695,-73.4801238
12053,42.7574701,-74.1910953
12054,42.6045484,-73.8662391
12056,42.7648589,-74.100303
12057,42.9712841,-73.336406
12058,42.3444178,-73.9176329
12059,42.619223,-74.0608813
12060,42.4106308,-73.505286
12061,42.5993124,-73.6571753
12062,42.538976,-73.5049759
12063,42.5673083,-73.6395454
12064,42.5794296,-74.6464813
12065,42.852284,-73.785597
12066,42.7811064,-74.3038807
12067,42.5574606,-73.920294
12068,42.9560692,-74.401829
12069,42.9460356,-74.279938
12070,42.9860216,-74.2630102
12071,42.5697057,-74.4151901
12072,42.8848928,-74.3567374
12074,43.0505774,-74.0529367
12075,42.3048431,-73.6410959
12076,42.3997165,-74.3905226
12077,42.5881696,-73.7776927
12078,43.1343512,-74.3396317
12082,42.7699672,-73.4466821
12083,42.4248591,-74.0265089
12084,42.7046689,-73.8993642
12085,42.7005307,-73.9666387
12086,42.9961449,-74.1085999
12087,42.4322499,-73.8928939
12090,42.8768023,-73.3515254
12092,42.7059384,-74.379565
12093,42.4977905,-74.6281048
12094,42.8899771,-73.4859445
12095,43.0348867,-74.423556
12106,42.3885104,-73.7137961
12108,43.4677349,-74.4354622
12110,42.750565,-73.776095
12115,42.4676059,-73.6022211
12116,42.5387952,-74.9111644
12117,43.1671427,-74.2612368
12118,42.9209322,-73.7170305
12120,42.4650258,-74.1353651
12121,42.8399128,-73.6073804
12122,42.5420198,-74.3261453
12123,42.5221397,-73.6064469
12124,42.4485016,-73.788651
12125,42.4847478,-73.3998443
12130,42.4416534,-73.658349
12131,42.4533706,-74.4639128
12132,42.471013,-73.6336673
12134,43.2620753,-74.2280163
12136,42.4201207,-73.5651075
12137,42.8603436,-74.1330851
12138,42.7488358,-73.3703787
12139,43.5002206,-74.5795437
12140,42.6819504,-73.5719734
12143,42.4915595,-73.84266
12144,42.6278355,-73.7178418
12147,42.5186111,-74.1588398
12148,42.827793,-73.8481638
12149,42.6179726,-74.5705574
12150,42.8805227,-74.0526891
12151,42.922667,-73.7806491
12153,42.6322198,-73.4722003
12154,42.9374815,-73.6058063
12155,42.5963565,-74.8276548
12156,42.4835037,-73.7472545
12157,42.6697984,-74.2860767
12158,42.5330101,-73.8135783
12159,42.6514277,-73.8858937
12160,42.7633589,-74.3635388
12161,42.5336996,-73.8461643
12164,43.6482932,-74.4515801
12165,42.3151933,-73.5076007
12166,42.8446314,-74.4601905
12167,42.4231741,-74.5988459
12168,42.5736344,-73.3707239
12169,42.5928874,-73.4480357
12170,43.0019559,-73.6672714
12172,42.2891286,-73.7389493
12173,42.3954848,-73.7554777
12174,42.353199,-73.7280195
12175,42.5594917,-74.5604106
12176,42.384523,-73.9661166
12177,42.9508576,-74.2870867
12180,42.748588,-73.5995364
12182,42.8005335,-73.6274339
12183,42.7479043,-73.6924663
12184,42.4198926,-73.6533589
12185,42.8625208,-73.5541117
12186,42.6331121,-73.977172
12187,42.628169,-74.4642847
12188,42.8212157,-73.6955252
12189,42.7363417,-73.7175209
12190,43.4756306,-74.2854096
12192,42.4005234,-73.8250583
12193,42.5227595,-74.0432682
12194,42.5383366,-74.4542984
12195,42.4788005,-73.4650015
12196,42.6317862,-73.6139458
12197,42.609999,-74.7247492
12198,42.6727683,-73.6335737
12202,42.6351662,-73.7600283
12203,42.6828992,-73.8493607
12204,42.6915162,-73.7337511
12205,42.7186964,-73.8240871
12206,42.6741901,-73.7820468
12207,42.6554885,-73.7476185
12208,42.6530311,-73.8099782
12209,42.6386862,-73.7904687
12210,42.6557087,-73.7548681
12211,42.7097304,-73.7630788
12222,42.6852609,-73.8232301
12226,42.6792959,-73.80987
12302,42.8781823,-73.9825048
12303,42.7489849,-73.9296935
12304,42.7746899,-73.8982971
12305,42.8120107,-73.9503424
12306,42.8054287,-74.0442274
12307,42.8049807,-73.9328221
12308,42.8213398,-73.9209302
12309,42.7998697,-73.8649646
12401,41.9875407,-74.0102727
12404,41.8189583,-74.2360822
12405,42.3069578,-74.1009704
12406,42.0948252,-74.5760378
12407,42.296731,-74.3620668
12409,42.0554833,-74.1653879
12410,42.0657796,-74.4247574
12411,41.8790048,-74.0397736
12412,42.0121938,-74.2769891
12413,42.3082964,-74.0254006
12414,42.2350056,-73.9240189
12416,42.095928,-74.2791245
12417,41.9064222,-73.9907232
12418,42.3586176,-74.1608844
12419,41.8611187,-74.1020166
12420,41.6752898,-74.3936774
12421,42.2570553,-74.5352276
12422,42.3918293,-74.2132876
12423,42.3797432,-74.1113678
12424,42.2476174,-74.1158471
12427,42.1507476,-74.1240705
12428,41.7343692,-74.4572055
12429,41.8332703,-73.9610011
12430,42.2007575,-74.4991604
12431,42.3620226,-74.0235331
12432,42.047059,-73.9439503
12433,42.0053345,-74.1552702
12434,42.3623783,-74.5086976
12435,41.7217404,-74.5021393
12436,42.2130775,-74.0782836
12438,42.2103,-74.6010285
12439,42.277817,-74.2103903
12440,41.7811506,-74.1728769
12441,42.150709,-74.504477
12442,42.2268841,-74.244054
12443,41.9349906,-74.0849252
12444,42.247485,-74.2906177
12446,41.7898931,-74.3135327
12448,42.0795557,-74.2006866
12449,41.9923783,-73.9937737
12450,42.1422323,-74.2233185
12451,42.3048926,-73.9481757
12452,42.237405,-74.359025
12453,42.0929474,-73.9362254
12454,42.2869702,-74.1495421
12455,42.1493007,-74.6616159
12456,42.0327048,-73.9971333
12457,42.0399905,-74.2465885
12458,41.8229184,-74.4320804
12459,42.2403819,-74.6788929
12460,42.4292723,-74.1690248
12461,41.9085659,-74.2478573
12463,42.1916247,-74.0092761
12464,42.06509,-74.3463335
12465,42.1571532,-74.4600165
12466,41.9068488,-73.9778267
12468,42.2990331,-74.4007321
12469,42.4485946,-74.2460971
12470,42.2849994,-74.0782727
12471,41.8379244,-74.0419297
12472,41.8487828,-74.0674039
12473,42.2606746,-74.0313109
12474,42.2851016,-74.5880081
12475,42.013988,-74.0133049
12477,42.0925906,-73.9881105
12480,42.1353815,-74.3912742
12481,41.9766948,-74.2279622
12482,42.2683987,-73.9559132
12483,41.6745896,-74.4549328
12484,41.8619399,-74.1765244
12485,42.2072243,-74.1622307
12486,41.832417,-74.0639836
12487,41.8693992,-73.9988053
12489,41.7540084,-74.3522105
12490,42.1228539,-73.9244763
12491,41.9651924,-74.1414589
12492,42.1875835,-74.3345248
12493,41.7947308,-73.9718186
12494,41.9485661,-74.301701
12495,42.082674,-74.2456632
12496,42.3380363,-74.2700869
12498,42.0456634,-74.1096176
12501,41.8534149,-73.5577258
12502,42.0865677,-73.6647238
12503,42.0359587,-73.5801465
12504,42.023418,-73.9093487
12507,42.0092411,-73.9171411
12508,41.4959955,-73.9536325
12512,41.5551837,-73.9624524
12513,42.2193068,-73.7204809
12514,41.8774086,-73.7644235
12515,41.679567,-74.0650582
12516,42.1081035,-73.5513605
12517,42.1282627,-73.508622
12518,41.4161572,-74.0430642
12520,41.4280171,-73.9961948
12521,42.1713353,-73.6504867
12522,41.7199788,-73.5983842
12523,42.0868702,-73.759509
12524,41.5333675,-73.8849113
12525,41.6862735,-74.1922925
12526,42.1222344,-73.8587688
12527,41.5193483,-73.9368456
12528,41.713899,-73.9950896
12529,42.1959316,-73.5432148
12530,42.2069077,-73.6841499
12531,41.5405341,-73.6715923
12533,41.5597715,-73.787099
12534,42.2264118,-73.7535522
12538,41.7922298,-73.8937671
12540,41.6712021,-73.7248908
12542,41.6138757,-74.0150142
12543,41.4859448,-74.2235378
12544,42.2612044,-73.6681537
12545,41.7914813,-73.6771663
12546,41.9479998,-73.523572
12547,41.6606867,-73.9865669
12548,41.6579253,-74.1015025
12549,41.5280311,-74.2593647
12550,41.5395739,-74.0572227
12553,41.4604119,-74.0719173
12561,41.7640401,-74.0894953
12563,41.499189,-73.5872259
12564,41.5826136,-73.5825772
12565,42.249004,-73.6469017
12566,41.6335187,-74.319661
12567,41.9852051,-73.6539841
12569,41.7345558,-73.7928354
12570,41.6340641,-73.6724813
12571,42.003049,-73.8098058
12572,41.9248846,-73.863664
12574,41.9176151,-73.9457007
12575,41.4861095,-74.1588962
12577,41.4214832,-74.1168149
12578,41.8063483,-73.7975844
12580,41.8636473,-73.8715355
12581,41.9016147,-73.7005924
12582,41.543465,-73.7249511
12583,42.0595901,-73.8836225
12585,41.7264036,-73.6915098
12586,41.5651344,-74.1717214
12589,41.6237911,-74.1587714
12590,41.596424,-73.8888443
12592,41.7838742,-73.5488565
12594,41.6583989,-73.5734928
12601,41.7077916,-73.9106011
12603,41.6758676,-73.8644835
12604,41.6884269,-73.8944639
12701,41.6500594,-74.698803
12719,41.4855535,-74.8923257
12720,41.6459217,-74.9008511
12721,41.5673275,-74.427273
12722,41.5904297,-74.3748797
12723,41.7531002,-74.987694
12724,41.859973,-74.9367771
12725,41.9831829,-74.570105
12726,41.6950854,-74.9664952
12729,41.4897012,-74.6131042
12732,41.5548084,-74.8739133
12733,41.7389905,-74.6138623
12734,41.7345846,-74.7504595
12736,41.8532486,-75.0192236
12737,41.5014814,-74.7986317
12738,41.6656902,-74.596987
12740,41.938832,-74.434026
12741,41.8391407,-75.0777252
12742,41.7229761,-74.7163032
12743,41.5350721,-74.8403824
12745,41.7850199,-75.0263583
12746,41.4393554,-74.6523851
12747,41.7513818,-74.6419167
12748,41.7747761,-74.9151788
12749,41.6952181,-74.8314201
12750,41.7390834,-74.9673298
12751,41.6877556,-74.6620695
12752,41.6810305,-74.9854848
12754,41.7981948,-74.7368892
12758,41.9402833,-74.7391182
12759,41.7864811,-74.6607209
12760,41.9039352,-75.1078471
12762,41.6605366,-74.7915291
12763,41.6824285,-74.5097794
12764,41.5915529,-74.9955559
12765,41.8523407,-74.6211649
12766,41.8152083,-74.9788544
12767,41.8325093,-75.0033845
12768,41.8644433,-74.730022
12769,41.6592551,-74.4706852
12770,41.4470194,-74.8410173
12771,41.3752854,-74.6315146
12775,41.6214557,-74.5817654
12776,41.9633899,-74.9577928
12777,41.5617825,-74.709708
12778,41.6617392,-74.814205
12779,41.6908013,-74.62442
12780,41.4401464,-74.7273502
12781,41.6144962,-74.4720656
12783,41.7386332,-74.8337243
12784,41.6672002,-74.6117761
12785,41.5499602,-74.586143
12786,41.6387101,-74.8576093
12787,41.7953938,-74.8450286
12788,41.7951012,-74.5908964
12789,41.7184025,-74.5799647
12790,41.5634288,-74.527401
12791,41.817275,-74.8928703
12792,41.5139197,-74.9598198
12801,43.3111604,-73.6452865
12803,43.2884438,-73.6317733
12804,43.3372953,-73.6826639
12808,43.749724,-73.7472331
12809,43.2416282,-73.4717969
12810,43.4919677,-73.9859539
12811,43.5581079,-74.0776631
12812,43.8757939,-74.3897668
12814,43.631894,-73.6325513
12815,43.7010442,-73.6919285
12816,43.0443993,-73.3819498
12817,43.6395854,-73.8236284
12819,43.5910071,-73.4688104
12820,43.4600737,-73.6407132
12821,43.4539516,-73.4234363
12822,43.2285927,-73.9222116
12823,43.1799614,-73.4091171
12824,43.5244684,-73.7112878
12827,43.4419857,-73.5308601
12828,43.2547585,-73.5593468
12831,43.1953285,-73.6918109
12832,43.3584665,-73.3302707
12833,43.15,-73.8408957
12834,43.0979711,-73.5053058
12835,43.3327865,-74.0063111
12836,43.7123469,-73.6055965
12837,43.4764451,-73.2556007
12838,43.3298599,-73.4063782
12839,43.3544863,-73.5539533
12841,43.5772735,-73.508701
12842,43.7196344,-74.2798914
12843,43.5944803,-73.9815706
12844,43.4852362,-73.6539913
12845,43.4278737,-73.7110498
12846,43.3461076,-73.7894948
12847,43.965763,-74.6349623
12849,43.4416126,-73.3000723
12850,43.1026159,-73.981441
12851,43.8553317,-74.1183589
12852,43.9879972,-74.1333356
12853,43.6620747,-74.0643342
12854,43.4500086,-73.3275761
12855,44.02701,-73.7580526
12856,43.6659402,-74.142961
12857,43.8331907,-73.9468082
12858,43.8779817,-73.7033728
12859,43.1554766,-73.9048371
12860,43.7221321,-73.8141779
12861,43.7468866,-73.4175272
12862,43.688347,-73.9319577
12863,43.0603046,-73.9316015
12864,43.7274028,-74.3053531
12865,43.2141586,-73.3474507
12866,43.0737153,-73.7402363
12870,43.8392216,-73.7655976
12871,43.0905705,-73.6042496
12872,43.8839226,-73.7229771
12873,43.1174512,-73.3116462
12874,43.6905607,-73.5497434
12878,43.4381836,-74.0643605
12883,43.83636,-73.553222
12884,43.0884946,-73.5921464
12885,43.5294301,-73.8355462
12886,43.635164,-73.9314965
12887,43.5367603,-73.3657984
12901,44.7090979,-73.4735471
12903,44.6569271,-73.4631099
12910,44.8570441,-73.6078745
12911,44.5354922,-73.4682927
12912,44.4809415,-73.7724825
12913,44.4300974,-74.0022117
12914,44.934151,-74.5936507
12915,44.8534438,-74.0349548
12916,44.8381938,-74.5246722
12917,44.9246516,-74.173821
12918,44.6911581,-73.6751189
12919,44.9602596,-73.4499596
12920,44.8909749,-74.0565686
12921,44.8940139,-73.4324511
12922,44.3679867,-74.8144068
12923,44.9454659,-73.9580126
12924,44.4800548,-73.5826448
12926,44.9508215,-74.3289996
12927,44.2072496,-74.8097459
12928,43.9638367,-73.5832486
12929,44.7197132,-73.7190818
12930,44.7281441,-74.5397003
12932,44.2144055,-73.6089479
12933,44.8909939,-73.8453405
12934,44.8118022,-73.864913
12935,44.8446568,-73.796933
12936,44.2850615,-73.4014495
12937,44.9552236,-74.4881462
12939,44.4328773,-74.1607303
12941,44.3549305,-73.7002156
12942,44.2612515,-73.7966118
12943,44.122772,-73.8835
12944,44.4331068,-73.5332464
12945,44.3090909,-74.2404396
12946,44.2065675,-74.0460512
12950,44.3183691,-73.5812456
12952,44.7108049,-73.903855
12953,44.7453525,-74.2600375
12955,44.7803772,-73.9442418
12956,44.0976125,-73.4813335
12957,44.8535156,-74.5770633
12958,44.9535387,-73.5729244
12959,44.9523511,-73.7199118
12960,44.015756,-73.5723479
12961,44.0612465,-73.5875693
12962,44.709232,-73.5770645
12964,44.1316386,-73.6337869
12965,44.7058923,-74.6839585
12966,44.7932792,-74.4251313
12967,44.7609567,-74.660517
12969,44.7108973,-74.0981504
12970,44.4462502,-74.3367219
12972,44.5617405,-73.5596566
12973,44.2840995,-74.5685345
12974,44.0600434,-73.4648409
12975,44.5297581,-73.4310953
12976,44.5037334,-74.2302509
12977,44.2966117,-74.0989105
12978,44.6129404,-73.7899181
12979,44.9892809,-73.3721779
12980,44.5638514,-74.524079
12981,44.627099,-73.8458505
12983,44.3484253,-74.1430661
12985,44.5607093,-73.7389667
12986,44.2240429,-74.4334571
12987,44.3641829,-73.7593819
12989,44.5388046,-74.0609868
12992,44.8182379,-73.5155689
12993,44.1938346,-73.4885454
12996,44.3552661,-73.4480547
12997,44.3727983,-73.892043
12998,44.0912961,-73.6036687
13020,42.8164241,-76.074504
13021,42.9177045,-76.5546107
13024,42.9345957,-76.5742317
13026,42.7440427,-76.6522662
13027,43.1716356,-76.3562298
13028,43.3028003,-75.9332122
13029,43.2259423,-76.1513425
13030,43.1592364,-75.9639133
13031,43.045456,-76.3066713
13032,43.0816167,-75.7660185
13033,43.1875417,-76.5732793
13034,42.9567798,-76.7079095
13035,42.9408489,-75.8301031
13036,43.323525,-76.1889606
13037,43.0677972,-75.8549327
13039,43.172142,-76.056249
13040,42.5596492,-75.9307608
13041,43.192089,-76.192302
13042,43.2604503,-75.8525802
13044,43.3047574,-75.9932734
13045,42.5845123,-76.190686
13051,42.8831893,-75.9101117
13052,42.7344901,-75.8691519
13053,42.4795748,-76.2679181
13054,43.1693516,-75.666823
13057,43.1019554,-76.0378448
13060,43.0228619,-76.4118724
13061,42.8587476,-75.7454648
13062,42.4813681,-76.386027
13063,42.8478607,-75.9779559
13065,42.818812,-76.8157681
13066,43.032344,-76.0005535
13068,42.4924113,-76.3591846
13069,43.3292765,-76.3806549
13071,42.6751142,-76.5425788
13072,42.7613416,-75.7516963
13073,42.58367,-76.3879231
13074,43.3109165,-76.5498428
13076,43.3537151,-76.1493089
13077,42.7279725,-76.2110425
13078,42.9584689,-76.0611704
13080,43.0932101,-76.4852579
13081,42.6736171,-76.6271522
13082,43.1027302,-75.9598885
13083,43.6457748,-75.9816803
13084,42.8811064,-76.1240745
13087,42.696836,-76.1697641
13088,43.1078621,-76.1904733
13090,43.1530836,-76.2124024
13092,42.6517913,-76.4260687
13101,42.6133082,-76.0664046
13102,42.5503045,-76.2920022
13103,43.326604,-76.1049443
13104,42.9630302,-75.9484391
13108,42.9648446,-76.3311132
13110,42.8887467,-76.2901922
13111,43.2584882,-76.6142638
13112,43.1062656,-76.4172392
13113,43.1642215,-76.5348827
13114,43.4657433,-76.242836
13115,43.3937253,-76.4746793
13116,43.0745315,-76.0079246
13117,43.0080632,-76.7076831
13118,42.7549592,-76.4014394
13119,42.9765557,-76.444902
13120,42.9451778,-76.1643212
13121,43.4848889,-76.309694
13122,42.8377542,-75.8615198
13123,43.2279636,-75.7532103
13124,42.6610738,-75.8236041
13126,43.4387975,-76.457454
13131,43.4232426,-76.0918018
13132,43.2719184,-76.2510523
13134,42.9673679,-75.6846776
13135,43.2536866,-76.3143752
13136,42.6070658,-75.8537608
13138,42.8991181,-76.0146804
13140,43.0603812,-76.6502736
13141,42.7524945,-76.1856968
13142,43.5561844,-76.1381991
13143,43.2298568,-76.7165487
13144,43.568755,-75.977019
13145,43.6518935,-76.1231881
13146,43.1008534,-76.756859
13147,42.7754061,-76.569608
13148,42.9214577,-76.778324
13152,42.9052408,-76.3815174
13153,42.9946291,-76.4548085
13154,43.1337954,-76.7618773
13155,42.6745458,-75.7767261
13156,43.3259896,-76.6613063
13157,43.2024195,-75.725183
13158,42.7173506,-75.973408
13159,42.8009889,-76.1181105
13160,42.8275983,-76.6489043
13162,43.1857868,-75.7210321
13163,43.0789168,-75.7068923
13164,43.096855,-76.3126396
13165,42.9107463,-76.8785646
13166,43.0789349,-76.5653789
13167,43.3264208,-76.06026
13202,43.0435131,-76.1506629
13203,43.0609776,-76.1348675
13204,43.0517564,-76.1779996
13205,43.0046909,-76.1415958
13206,43.0735246,-76.1058126
13207,43.0128933,-76.1632811
13208,43.0787467,-76.1452231
13209,43.0810131,-76.2362705
13210,43.0314199,-76.1258161
13211,43.1033201,-76.1195451
13212,43.1285827,-76.1296942
13214,43.0405315,-76.0767619
13215,42.9807929,-76.2233857
13219,43.0390937,-76.2233202
13224,43.0389172,-76.1026033
13244,43.0230401,-76.1233307
13290,43.0691355,-76.173017
13301,43.4228744,-75.2158769
13302,43.4981546,-75.9651464
13303,43.3674145,-75.4682123
13304,43.2403674,-75.157043
13305,43.8952282,-75.4307649
13308,43.2514035,-75.6577999
13309,43.4766803,-75.3430357
13310,42.88962,-75.5715448
13312,43.6918172,-75.2045192
13313,42.879135,-75.2453408
13314,42.8275519,-75.3010257
13315,42.7391212,-75.1361185
13316,43.418917,-75.73974
13317,42.8502566,-74.5860545
13318,42.9215355,-75.260063
13319,43.0270899,-75.2659909
13320,42.7778052,-74.7407984
13321,43.0889601,-75.372252
13322,42.9773045,-75.1983644
13323,43.0399809,-75.3793526
13324,43.3192279,-74.9168222
13325,43.5825051,-75.5440603
13326,42.7225107,-74.8953708
13327,43.9728733,-75.2626417
13328,42.9825098,-75.428351
13329,43.1074625,-74.7084305
13331,43.8217686,-75.0401144
13332,42.7641591,-75.5817357
13333,42.825234,-74.8279357
13334,42.8307103,-75.6628892
13335,42.70226,-75.2482239
13337,42.757804,-74.9995446
13338,43.5280318,-74.9871214
13339,42.9368948,-74.6586584
13340,43.0616416,-75.1285696
13342,42.6441364,-75.1915919
13343,43.7510945,-75.3093861
13345,43.6870768,-75.3233297
13346,42.8207851,-75.5463928
13348,42.7072556,-75.0571892
13350,43.0610129,-74.9863558
13352,43.3089476,-75.1266543
13353,43.4472787,-74.6946288
13354,43.2641854,-75.2785591
13355,42.8104501,-75.4216454
13357,42.9710612,-75.0812094
13360,43.7222718,-74.714466
13361,42.8981113,-74.8657466
13363,43.3373277,-75.5128218
13364,42.804969,-75.2610981
13365,43.098217,-74.8483789
13367,43.7330639,-75.537
13368,43.643649,-75.3338387
13402,42.901621,-75.509748
13403,43.1645327,-75.2676447
13404,43.7384373,-75.4809386
13406,43.1414261,-74.918203
13407,42.9653767,-74.9444066
13408,42.9190198,-75.6643154
13409,42.9760211,-75.5912876
13410,42.9288894,-74.6110141
13411,42.6337893,-75.3064571
13413,43.0615598,-75.2761992
13415,42.5971263,-75.1973158
13416,43.1873712,-74.9706586
13417,43.1000392,-75.2939149
13418,42.8457038,-75.3804597
13420,43.6545179,-75.0134411
13421,43.0619154,-75.6600922
13424,43.1522755,-75.3629308
13425,42.9634628,-75.4866981
13428,42.9218898,-74.5293743
13431,43.209081,-75.0733262
13433,43.5949113,-75.2488692
13435,43.302212,-75.1525255
13436,43.7803831,-74.6590998
13437,43.5803192,-75.8038351
13438,43.3541377,-75.1596135
13439,42.8553109,-74.9972189
13440,43.2179387,-75.4591914
13441,43.2271,-75.4076069
13450,42.7025854,-74.8126024
13452,43.0430559,-74.6304701
13454,43.1703291,-74.7584101
13455,42.9179377,-75.3765671
13456,43.0014589,-75.2585549
13457,42.7752479,-75.036865
13459,42.7750079,-74.588678
13460,42.6877074,-75.4422904
13461,43.0711738,-75.5986227
13464,42.6879727,-75.6157878
13468,42.8496199,-74.8736049
13469,43.2148283,-75.302367
13470,43.2092252,-74.6664634
13471,43.3780272,-75.6105789
13472,43.6974465,-75.0680694
13473,43.644151,-75.4451975
13475,42.8879079,-74.8119019
13476,43.0875025,-75.5095141
13477,43.0363502,-75.5144285
13478,43.1440125,-75.5818973
13480,42.9178538,-75.3631694
13482,42.6951829,-75.1681753
13483,43.4061178,-75.8146635
13484,42.8542047,-75.6554475
13485,42.7875277,-75.3152237
13486,43.3573112,-75.3368961
13488,42.6744724,-74.7679802
13489,43.4665688,-75.5223859
13490,43.1061584,-75.4299177
13491,42.8641347,-75.1681327
13492,43.114604,-75.3376798
13493,43.4328431,-75.8975089
13494,43.5344995,-75.1521093
13495,43.1109273,-75.2775963
13501,43.081283,-75.2258335
13502,43.1412641,-75.1547072
13601,43.9690329,-75.9104513
13602,44.0495652,-75.7489097
13603,44.0299188,-75.8035673
13605,43.8073767,-76.0501237
13606,43.8697716,-76.0160978
13607,44.3318316,-75.9095065
13608,44.2609397,-75.613698
13611,43.770091,-76.1311815
13612,43.9852366,-75.76937
13613,44.8431983,-74.7490238
13614,44.5308185,-75.6919594
13615,44.0053068,-75.9830702
13616,44.0300782,-75.8575732
13617,44.5805311,-75.1427671
13618,44.1140084,-76.2863405
13619,43.9774458,-75.5923563
13620,43.9087819,-75.4483247
13621,44.839402,-75.0616976
13622,44.0956934,-76.1151679
13623,44.4486933,-75.7530495
13624,44.2294208,-76.0938169
13625,44.5425084,-74.9103893
13626,43.8538642,-75.7185404
13628,44.038061,-75.6826354
13630,44.4986187,-75.3115322
13632,44.1269457,-76.0682323
13633,44.4843181,-75.4991845
13634,44.0150363,-76.0717652
13635,44.2869524,-75.2814193
13636,43.7410867,-76.1276916
13637,44.1042352,-75.8429421
13638,44.0196001,-75.7535015
13639,44.2636761,-75.1505294
13640,44.3326611,-75.9901534
13641,44.2703504,-76.0064272
13642,44.3266719,-75.4675879
13643,44.0322122,-75.7176014
13645,44.3087801,-75.4465549
13646,44.443945,-75.6919734
13647,44.6016564,-74.9927019
13648,44.1507964,-75.3043214
13649,44.9124079,-74.6997852
13650,43.8113099,-76.2160967
13651,43.8661583,-76.176966
13652,44.4346218,-75.2135692
13654,44.5717721,-75.4880982
13655,44.9787065,-74.643075
13656,44.1933184,-75.9547717
13658,44.7477822,-75.271203
13659,43.7380047,-75.8633802
13660,44.7738684,-75.1609582
13661,43.7096197,-76.0983964
13662,44.937303,-74.8941608
13664,44.5840133,-75.6454597
13665,44.0484276,-75.4343292
13666,44.2191763,-74.947563
13667,44.8029066,-75.0204752
13668,44.7548203,-74.9863063
13669,44.659238,-75.4916274
13670,44.1868183,-75.0997397
13672,44.470543,-74.6607062
13673,44.1808453,-75.7260443
13674,43.737328,-76.0518805
13675,44.2770331,-75.8436561
13676,44.6554675,-74.9101889
13678,44.8316345,-74.967796
13679,44.3261174,-75.765192
13680,44.5936006,-75.3291471
13681,44.4280538,-75.3731513
13682,43.8433115,-75.9019047
13683,44.9738777,-74.7354828
13684,44.3565955,-75.0131413
13685,43.9254689,-76.0855266
13687,44.4390182,-74.8381775
13690,44.1365076,-75.0144098
13691,44.2315622,-75.7705367
13692,44.2886212,-76.02574
13693,43.9857465,-76.246105
13694,44.8594371,-75.170668
13695,44.1029291,-74.9222581
13696,44.7041101,-74.8896389
13697,44.754714,-74.8103471
13699,44.6637034,-74.9984453
13730,42.2319963,-75.5326452
13731,42.1296302,-74.7878044
13732,42.049447,-76.1675353
13733,42.3018069,-75.4797559
13734,42.0699549,-76.409653
13736,42.3235293,-76.1929408
13738,42.5623172,-76.1197615
13739,42.3491241,-74.789149
13740,42.2738124,-74.7569973
13743,42.2118944,-76.338222
13744,42.2434942,-75.907999
13746,42.2372222,-75.8627753
13747,42.4899705,-74.9820488
13748,42.0425752,-75.8225098
13750,42.4775355,-74.8357793
13751,42.4582299,-74.8751577
13752,42.1729805,-74.9033661
13753,42.3069598,-74.9269147
13754,42.088461,-75.4479347
13755,42.0714393,-75.0239228
13756,42.0040986,-75.1006703
13757,42.4320899,-74.8378276
13760,42.1333325,-76.0846222
13774,41.9587371,-75.1846043
13775,42.327909,-75.134022
13776,42.4711383,-75.3412404
13777,42.2589389,-75.986621
13778,42.3592136,-75.7594987
13780,42.4224855,-75.4765831
13782,42.1701152,-74.9912513
13783,41.9868176,-75.2710169
13784,42.4352894,-76.2177494
13786,42.4452144,-74.7028619
13787,42.2184003,-75.6766956
13788,42.3390067,-74.6662575
13790,42.1653606,-76.001942
13795,42.0564656,-75.779234
13796,42.5571884,-75.13213
13797,42.3336646,-76.0404014
13801,42.5050845,-75.7769695
13802,42.2421338,-76.041266
13803,42.4579795,-76.0539711
13804,42.2257216,-75.384222
13806,42.3806388,-74.9760992
13807,42.6174704,-74.9728197
13808,42.5252335,-75.2622002
13809,42.4084794,-75.3913873
13810,42.6068175,-75.1083628
13811,42.2349257,-76.1640541
13812,42.0300605,-76.3547516
13813,42.1805915,-75.5503141
13814,42.6165139,-75.5259783
13815,42.5474158,-75.5335548
13820,42.4834118,-75.0368917
13825,42.4355774,-75.2045527
13826,42.0918023,-75.6336955
13827,42.1178268,-76.2491663
13830,42.4427479,-75.6446522
13832,42.6545922,-75.6625482
13833,42.1980096,-75.7616339
13834,42.5505099,-74.967342
13835,42.383214,-76.1789961
13838,42.2885479,-75.3960892
13839,42.2403543,-75.2590589
13841,42.4074597,-75.8402561
13842,42.3678826,-74.7217607
13843,42.5560734,-75.3490139
13844,42.6056994,-75.6895544
13846,42.3637663,-75.0547964
13847,42.2044958,-75.2777118
13849,42.3411729,-75.3219649
13850,42.0493945,-76.0175936
13856,42.1710412,-75.1833159
13859,42.3712136,-75.2491464
13860,42.4584432,-74.9455345
13861,42.5045271,-75.1389791
13862,42.3309203,-75.9311251
13863,42.4354017,-75.9062426
13864,42.2749685,-76.3904788
13865,42.0585608,-75.6247705
13901,42.1832033,-75.876048
13902,42.0888237,-75.9688831
13903,42.0418695,-75.8890773
13904,42.1341235,-75.8202064
13905,42.1704356,-75.9434343
14001,43.0365734,-78.5108312
14004,42.8913769,-78.5036977
14005,42.9205858,-78.2500655
14006,42.6331299,-79.0217451
14008,43.312726,-78.6231657
14009,42.5930956,-78.3974637
14011,42.8305574,-78.299751
14012,43.332173,-78.5326216
14013,43.0762301,-78.39429
14020,42.9961898,-78.2134124
14024,42.581363,-78.245468
14025,42.6231948,-78.7260638
14026,42.9421947,-78.6879722
14027,42.5940919,-79.0206618
14028,43.3145955,-78.7170558
14029,42.4729128,-78.2634412
14030,42.5597025,-78.4900609
14031,42.9831277,-78.6142583
14032,43.0458723,-78.631896
14033,42.6603026,-78.6842513
14034,42.5005685,-78.8653748
14035,42.4909828,-78.8594309
14036,42.9738512,-78.3895269
14037,42.8027894,-78.4533284
14039,42.8514795,-78.1776913
14040,42.8821683,-78.3775353
14041,42.400393,-78.9766457
14042,42.4755644,-78.4888075
14043,42.9007239,-78.704522
14047,42.6873666,-78.9866359
14048,42.4867629,-79.3136223
14051,43.0428424,-78.6994131
14052,42.772531,-78.5843214
14054,42.9089742,-78.1278409
14055,42.5628796,-78.6001251
14056,42.9918053,-78.3066031
14057,42.6465738,-78.8747818
14058,43.1020487,-78.1688569
14059,42.833552,-78.6340464
14060,42.4416261,-78.3160626
14061,42.5910997,-79.0894858
14062,42.4508934,-79.1525946
14063,42.40869,-79.3313042
14065,42.4849052,-78.3128106
14066,42.6290372,-78.1854982
14067,43.2121602,-78.5562745
14068,43.0287697,-78.7587967
14069,42.6003059,-78.6383892
14070,42.4196577,-78.9177246
14072,43.0179014,-78.962657
14075,42.7133751,-78.8302547
14080,42.634728,-78.5608343
14081,42.5632032,-79.067834
14082,42.6565634,-78.3851836
14083,42.6792026,-78.4344115
14085,42.7142917,-78.9276737
14086,42.9055106,-78.6291212
14091,42.5382331,-78.8930084
14092,43.173245,-78.9930676
14094,43.1577575,-78.7019948
14098,43.3346325,-78.3783087
14101,42.3926514,-78.5382025
14102,42.8427258,-78.5548209
14103,43.2111611,-78.37677
14105,43.180186,-78.4865779
14108,43.2636777,-78.7274769
14109,43.1372117,-79.0351271
14111,42.5847768,-78.8951121
14112,42.6982622,-78.9395816
14113,42.6605928,-78.3225667
14120,43.079176,-78.8427768
14125,43.0849191,-78.2746093
14126,43.3358837,-78.7285798
14127,42.7528037,-78.7396939
14129,42.4811817,-79.0173842
14130,42.5531719,-78.1495422
14131,43.2386025,-78.8998228
14132,43.1478734,-78.8785655
14134,42.53055,-78.5173847
14135,42.4848936,-79.2436989
14136,42.5173793,-79.1749975
14138,42.3831779,-79.0526203
14139,42.7184053,-78.5414018
14141,42.5249667,-78.7120755
14143,42.9770439,-78.0758001
14145,42.7340358,-78.4284321
14150,42.9980842,-78.8782559
14166,42.4509705,-79.4160543
14167,42.7484075,-78.3229888
14168,42.5118763,-78.9874071
14169,42.7645135,-78.5293497
14170,42.7002448,-78.6743075
14171,42.4246744,-78.6498319
14172,43.2726719,-78.8129431
14173,42.5259445,-78.4731119
14174,43.2491391,-78.9983251
14201,42.8976298,-78.8878969
14202,42.8814929,-78.8774839
14203,42.8611335,-78.863606
14204,42.881789,-78.8619042
14206,42.8808102,-78.8101559
14207,42.9519315,-78.898883
14208,42.9146153,-78.8514589
14209,42.9136697,-78.8662085
14210,42.8636671,-78.8318241
14211,42.9067308,-78.8198911
14212,42.8950006,-78.8195147
14213,42.9172391,-78.8918139
14214,42.9397925,-78.8410766
14215,42.9345448,-78.8102227
14216,42.9496286,-78.8624828
14217,42.9719271,-78.8767587
14218,42.8187978,-78.8290396
14219,42.7886747,-78.8264307
14220,42.8457384,-78.8220761
14221,42.9844813,-78.7227613
14222,42.9200273,-78.8771079
14223,42.9734591,-78.8461064
14224,42.8377589,-78.747821
14225,42.9289489,-78.7502727
14226,42.9703453,-78.7980046
14227,42.8839946,-78.7466682
14228,43.0443711,-78.7773351
14260,43.0016823,-78.7906375
14261,42.9971263,-78.7921289
14301,43.0970132,-79.0373222
14302,43.0938955,-79.0491927
14303,43.0841828,-79.0367456
14304,43.1049527,-78.94805
14305,43.1228312,-79.0232179
14411,43.2359723,-78.2164767
14413,43.2228909,-76.9706487
14414,42.8909612,-77.7437568
14415,42.7559555,-77.0165325
14416,43.0826931,-77.9801152
14418,42.6044302,-77.2164285
14420,43.21444,-77.9291965
14422,43.0847612,-78.0669648
14423,42.9376738,-77.8352323
14424,42.8563571,-77.3034968
14425,42.9896012,-77.3373615
14427,42.6147097,-78.0512162
14428,43.0805171,-77.8535675
14432,42.955669,-77.140753
14433,43.0771707,-76.8787002
14435,42.7125515,-77.6633123
14437,42.5701406,-77.7337638
14441,42.6864439,-76.9584562
14445,43.1130617,-77.4903061
14450,43.0924448,-77.4203376
14453,43.0160557,-77.473575
14454,42.8027013,-77.7671616
14456,42.847695,-76.9989723
14462,42.6865113,-77.7511145
14463,42.7954342,-77.0688915
14464,43.3258013,-77.9394737
14466,42.7761939,-77.5774878
14467,43.0363742,-77.6120482
14468,43.2939562,-77.8020492
14469,42.8779192,-77.4710143
14470,43.2052117,-78.0576845
14471,42.7430476,-77.4912864
14472,42.965247,-77.5830445
14475,42.936762,-77.498128
14476,43.329379,-78.0428003
14477,43.3357068,-78.1333931
14478,42.5800875,-77.1278887
14479,43.2362982,-78.3044951
14480,42.8382094,-77.707442
14481,42.7717164,-77.9163715
14482,42.967367,-77.9719242
14485,42.8826345,-77.6010256
14486,42.8929157,-77.9229572
14487,42.8082051,-77.6400118
14489,43.0898451,-76.994319
14502,43.0965937,-77.3353877
14504,42.9684306,-77.2326949
14505,43.158564,-77.174327
14506,43.0022233,-77.5052647
14507,42.6849158,-77.2548857
14510,42.6960294,-77.8669027
14511,42.9993739,-77.8917897
14512,42.6452261,-77.3997709
14513,43.0759075,-77.100601
14514,43.0788723,-77.8108303
14515,43.2528373,-77.7316422
14516,43.1978605,-76.9113336
14517,42.5921884,-77.8970842
14519,43.2339724,-77.3146314
14521,42.6766417,-76.8050025
14522,43.0598288,-77.2202828
14525,42.8775134,-78.0133448
14526,43.1514642,-77.4443955
14527,42.6661519,-77.0632515
14529,42.5375489,-77.6441433
14530,42.7399567,-77.9987572
14532,42.9641009,-77.0320877
14533,42.8474728,-77.8830135
14534,43.0568897,-77.5210419
14536,42.5376213,-78.07872
14537,43.0353173,-77.1559918
14539,42.8340751,-77.8752814
14541,42.765059,-76.848967
14542,43.1531056,-76.8758421
14543,42.9838308,-77.6785346
14544,42.7560824,-77.240018
14545,42.6616301,-77.7105676
14546,43.032728,-77.7801101
14548,42.9753982,-77.2434664
14549,42.696731,-78.0220973
14550,42.6799087,-78.0934865
14551,43.2181139,-77.0494024
14555,43.268001,-76.9778874
14556,42.6790356,-77.8322178
14557,43.0434485,-78.0681953
14559,43.1899799,-77.8190517
14560,42.6907015,-77.5829627
14561,42.8221746,-77.1313463
14564,42.9867332,-77.4344386
14568,43.1438259,-77.2863966
14569,42.7504847,-78.1693985
14571,43.3416525,-78.2517418
14572,42.5649251,-77.5625977
14580,43.2172825,-77.444534
14585,42.9058213,-77.5529366
14586,43.0416748,-77.6899042
14588,42.6797464,-76.8703985
14589,43.2390916,-77.1690927
14590,43.2453569,-76.8321273
14591,42.8320852,-78.1073858
14592,42.8687863,-77.8905651
14604,43.1566963,-77.6052475
14605,43.168418,-77.6003941
14606,43.1710468,-77.6979535
14607,43.1509322,-77.586809
14608,43.1540993,-77.6229302
14609,43.1771246,-77.5518207
14610,43.1409675,-77.5446606
14611,43.1483163,-77.6469871
14612,43.2636413,-77.6725995
14613,43.1821707,-77.6401751
14614,43.1576142,-77.6147416
14615,43.2012068,-77.6547486
14616,43.2343331,-77.6582125
14617,43.2258157,-77.5865724
14618,43.1145423,-77.5549758
14619,43.1364557,-77.6494766
14620,43.1283417,-77.6044236
14621,43.1899385,-77.6036493
14622,43.2140437,-77.5509461
14623,43.087349,-77.6418621
14624,43.1282998,-77.7314114
14625,43.150045,-77.505526
14626,43.2137327,-77.7122939
14627,43.1285516,-77.6300708
14642,43.1228337,-77.6251145
14701,42.0777688,-79.2590718
14706,42.1061829,-78.5282941
14707,42.0826183,-78.0619827
14708,42.0192186,-78.0636169
14709,42.3564938,-77.9820644
14710,42.0879018,-79.4198473
14711,42.3184161,-78.1279068
14712,42.1837446,-79.3619232
14714,42.2899879,-78.2411312
14715,42.0765303,-78.1447498
14716,42.3810999,-79.4372486
14717,42.3618267,-78.1795339
14718,42.3458788,-79.2875963
14719,42.3419578,-78.8759528
14720,42.1085694,-79.2799277
14721,42.0165538,-78.268048
14722,42.2096085,-79.4687987
14723,42.3176145,-79.1571205
14724,42.0463283,-79.66983
14726,42.2535853,-79.0202788
14727,42.2135773,-78.2930945
14728,42.2726155,-79.4105407
14729,42.4083774,-78.7435838
14731,42.3073513,-78.6555028
14732,42.2189037,-79.1071662
14733,42.1602204,-79.1721375
14735,42.45269,-78.0961691
14736,42.137107,-79.7464038
14737,42.3290501,-78.4286113
14738,42.0529217,-79.0576335
14739,42.1866609,-78.1568233
14740,42.223203,-79.1814352
14741,42.219966,-78.611624
14742,42.1194528,-79.3088813
14743,42.21157,-78.4104432
14744,42.4281004,-78.2066542
14747,42.1537154,-79.0945179
14748,42.1571058,-78.6430738
14750,42.0793661,-79.3275432
14752,42.3517354,-79.319805
14753,42.0435021,-78.6360947
14754,42.0219077,-78.201569
14755,42.2288151,-78.8159276
14756,42.1970338,-79.4236542
14757,42.2375071,-79.5052851
14760,42.0730875,-78.4175529
14767,42.0573522,-79.514135
14769,42.3859085,-79.4726811
14770,42.037929,-78.3002964
14772,42.1443759,-78.9544245
14774,42.0887837,-78.1466617
14775,42.2287533,-79.699933
14777,42.3860798,-78.273772
14778,42.0776178,-78.4827447
14779,42.1062565,-78.769659
14781,42.1667093,-79.6087366
14782,42.2665721,-79.2517274
14783,42.0671917,-78.9286105
14784,42.3111433,-79.3853695
14785,42.1557769,-79.4033865
14787,42.3175206,-79.5695032
14788,42.0614646,-78.3805754
14801,42.1040565,-77.2929685
14802,42.253779,-77.7898917
14803,42.2332774,-77.7950817
14804,42.3144174,-77.8514351
14805,42.3501091,-76.7193693
14806,42.1587712,-77.7879549
14807,42.4196111,-77.7205108
14808,42.5580699,-77.4688316
14809,42.424318,-77.4487545
14810,42.3474843,-77.3468506
14812,42.3007274,-77.0052492
14813,42.2526469,-77.9951039
14814,42.1556361,-76.9592996
14815,42.3742873,-77.0867862
14816,42.1977337,-76.7356033
14817,42.3576253,-76.3351668
14818,42.454933,-76.8189274
14819,42.2241945,-77.4419394
14820,42.1953092,-77.3703883
14821,42.2415736,-77.2192536
14822,42.4390457,-77.8468549
14823,42.2420997,-77.5294808
14824,42.2657781,-76.6930797
14825,42.0776652,-76.6132189
14826,42.4962441,-77.4924998
14827,42.1806507,-77.1428852
14830,42.1282661,-77.0262786
14836,42.5330104,-77.8697459
14837,42.5002233,-77.0193756
14838,42.1893643,-76.6670875
14839,42.147524,-77.6278112
14840,42.4416535,-77.1943961
14841,42.5269998,-76.8424844
14842,42.6006197,-76.9814638
14843,42.3342554,-77.635279
14845,42.2033786,-76.8394285
14846,42.5285432,-78.004367
14847,42.6084904,-76.7342378
14850,42.4318314,-76.5002282
14853,42.4464057,-76.4812355
14854,42.5115241,-76.607446
14855,42.1456998,-77.4973961
14856,42.3773244,-77.3694036
14858,42.0297896,-77.1349563
14859,42.1240992,-76.5368731
14860,42.591759,-76.8423564
14861,42.0882122,-76.686236
14864,42.2866886,-76.8444779
14865,42.3527207,-76.8169245
14867,42.3371404,-76.6102451
14869,42.3623203,-76.7689651
14870,42.1603747,-77.1276093
14871,42.0395905,-76.9113517
14872,42.2413397,-76.8708032
14873,42.5229118,-77.2983591
14874,42.5293493,-77.1644653
14877,42.0606251,-77.6873081
14878,42.4494423,-76.9440298
14879,42.3049353,-77.1969631
14880,42.1740635,-77.9753497
14881,42.3999191,-76.358882
14882,42.5856252,-76.579264
14883,42.2376815,-76.475575
14884,42.4795216,-77.8938518
14885,42.0479303,-77.5712053
14886,42.5007273,-76.6902714
14889,42.2341913,-76.5791106
14891,42.3773254,-76.9450211
14892,42.0460248,-76.5291141
14893,42.4694723,-77.1117687
14894,42.0190717,-76.7770826
14895,42.0814396,-77.9409218
14897,42.0206952,-77.7926358
14898,42.0533638,-77.4294995
14901,42.0735045,-76.7395298
14903,42.1172668,-76.8784868
14904,42.0700219,-76.8082025
14905,42.0877255,-76.8432822
15001,40.5953587,-80.3228267
15003,40.6036396,-80.2164286
15004,40.3422193,-80.382854
15005,40.6436558,-80.1862966
15006,40.6336506,-79.8768294
15007,40.6512529,-79.9316163
15009,40.6979124,-80.3652772
15010,40.7708558,-80.3514175
15012,40.1555213,-79.8129807
15014,40.6085969,-79.7415122
15015,40.6362816,-80.0815805
15017,40.3468294,-80.1325648
15018,40.2811691,-79.7996127
15019,40.4069744,-80.3285739
15020,40.2261048,-79.9526265
15021,40.3885654,-80.4415266
15022,40.1249082,-79.9393327
15024,40.5849689,-79.8473148
15025,40.2973704,-79.9209668
15026,40.5058099,-80.3573459
15027,40.6663378,-80.2401791
15028,40.2952322,-79.7990061
15030,40.592312,-79.7831014
15031,40.3480524,-80.1622131
15033,40.1801356,-79.8648132
15034,40.3506484,-79.8901759
15035,40.3848841,-79.8073378
15037,40.2580361,-79.8525902
15038,40.2502063,-79.9260421
15042,40.6903147,-80.2048228
15043,40.5516947,-80.4878559
15044,40.6379882,-79.9479329
15045,40.325814,-79.8859847
15046,40.5556535,-80.2285609
15047,40.3134526,-79.7962244
15049,40.5555344,-79.8036082
15050,40.5621416,-80.4438124
15051,40.568163,-79.8607847
15052,40.6658073,-80.4270242
15053,40.3805419,-80.359796
15054,40.3626587,-80.397184
15055,40.3062929,-80.123516
15056,40.5638901,-80.2160152
15057,40.3566249,-80.2448978
15059,40.6736578,-80.5091461
15060,40.3701505,-80.2888498
15061,40.6637444,-80.308372
15062,40.1519659,-79.8830076
15063,40.1911656,-79.9224763
15064,40.3552527,-80.1483912
15065,40.6441736,-79.7253946
15066,40.747074,-80.2561426
15067,40.2072705,-79.9624334
15068,40.5571822,-79.7258216
15071,40.414854,-80.1898322
15072,40.1393244,-79.8560633
15074,40.7332326,-80.2085435
15075,40.5865077,-79.8270628
15076,40.6094864,-79.8373482
15077,40.6250926,-80.4173907
15078,40.3594974,-80.385056
15081,40.5750716,-80.2361035
15082,40.3803174,-80.2105904
15083,40.259661,-79.7861988
15084,40.6285902,-79.8032641
15085,40.3849646,-79.7254329
15086,40.6749468,-80.1085145
15087,40.1924359,-79.8507264
15088,40.2705669,-79.8962142
15089,40.225233,-79.7488064
15090,40.6250352,-80.0670676
15101,40.5803281,-79.9552406
15102,40.3212323,-80.0370544
15104,40.4040373,-79.8623996
15106,40.4088053,-80.1086765
15108,40.5004719,-80.2018018
15110,40.3734609,-79.8501617
15112,40.404583,-79.8373673
15116,40.5259423,-79.9339303
15120,40.3958724,-79.9075109
15122,40.3612065,-79.8956408
15123,40.3481863,-79.9348281
15126,40.4602171,-80.2873271
15129,40.2934574,-79.99522
15131,40.3387909,-79.7960707
15132,40.3397669,-79.8427825
15133,40.3267046,-79.8668054
15135,40.2997272,-79.8121293
15136,40.4634744,-80.1066943
15137,40.3757362,-79.8087654
15139,40.5228229,-79.8362549
15140,40.4071976,-79.7782539
15142,40.3847727,-80.122319
15143,40.5681362,-80.1468065
15144,40.5472438,-79.7825646
15145,40.4145122,-79.8235065
15146,40.4282113,-79.7610755
15147,40.4974312,-79.8310959
15148,40.3934726,-79.7951515
15201,40.4823221,-79.9414998
15202,40.5068617,-80.0717375
15203,40.4254239,-79.9757582
15204,40.4568668,-80.0606302
15205,40.4381074,-80.1055332
15206,40.4722716,-79.9131564
15207,40.3992679,-79.9348011
15208,40.4538902,-79.8987955
15209,40.4988464,-79.9697251
15210,40.406954,-79.9850045
15211,40.4302201,-80.01538
15212,40.4571198,-79.994555
15213,40.4355626,-79.964078
15214,40.4854501,-80.014572
15215,40.5013921,-79.91267
15216,40.4027728,-80.0347981
15217,40.4308213,-79.9200892
15218,40.4236101,-79.889803
15219,40.4427735,-79.9840766
15220,40.4188094,-80.0489905
15221,40.4354772,-79.8658002
15222,40.4496439,-79.9907139
15223,40.5042403,-79.9509725
15224,40.4673765,-79.9462659
15225,40.5066796,-80.1138435
15226,40.3952216,-80.0137876
15227,40.3749723,-79.970778
15228,40.3707482,-80.0439791
15229,40.519897,-80.0386561
15232,40.4524741,-79.9319573
15233,40.4602751,-80.0325967
15234,40.3680728,-80.0178119
15235,40.4596253,-79.8219923
15236,40.3475874,-79.9764762
15237,40.5484081,-80.0461958
15238,40.537912,-79.8794192
15239,40.4844146,-79.7375993
15241,40.3329319,-80.0829078
15243,40.375539,-80.0755671
15260,40.4431904,-79.9530944
15275,40.4524425,-80.1841141
15282,40.4360157,-79.9905146
15290,40.4573303,-80.0192907
15301,40.1642737,-80.2523562
15310,39.792537,-80.4810742
15311,40.0460805,-80.1859106
15312,40.2515279,-80.440702
15313,40.0632481,-80.0293912
15314,40.1463065,-80.0168095
15315,39.7574302,-79.9831814
15316,39.7635127,-80.2677348
15317,40.2763216,-80.1716617
15320,39.8692249,-79.9892768
15321,40.3217221,-80.1871819
15322,39.9882296,-80.0532843
15323,40.1031527,-80.4174363
15324,40.1007051,-80.0653864
15325,39.9492558,-79.9635121
15327,39.7548718,-79.9691274
15329,40.027715,-80.2799278
15330,40.1793678,-80.0899734
15331,40.1053413,-80.0226127
15332,40.2402094,-79.9934767
15333,40.0307858,-80.01321
15334,39.8129141,-79.9672351
15337,39.9520877,-80.3783239
15338,39.8409089,-79.9837921
15340,40.2865474,-80.3226308
15341,39.8242003,-80.3438626
15342,40.2453537,-80.2205847
15344,39.9229013,-80.0507235
15345,40.0217429,-80.1074309
15346,39.9355845,-80.0744738
15347,40.2179858,-80.2245955
15348,39.9857327,-79.9962026
15349,39.7613754,-80.0732302
15350,40.2937888,-80.2006471
15351,39.8785079,-79.9305903
15352,39.7549345,-80.4025791
15353,39.9622271,-80.3111507
15357,39.9416081,-79.9804089
15358,40.0549564,-80.0031077
15359,39.8766163,-80.2756317
15360,40.0884619,-80.0814721
15361,40.3327979,-80.2623245
15362,39.7573547,-80.2144283
15363,40.2515643,-80.1977343
15364,39.9542485,-80.283863
15365,40.1556762,-80.3854499
15366,40.1597361,-79.9738512
15367,40.2610918,-80.0556678
15368,40.0138719,-79.9892838
15370,39.8738682,-80.1861064
15376,40.1088828,-80.4790497
15377,39.9885355,-80.4490292
15378,40.2777892,-80.2743852
15379,40.243194,-80.4251761
15380,39.8784246,-80.4673231
15401,39.9007083,-79.7479226
15410,39.908458,-79.906042
15411,39.7473313,-79.3435163
15412,40.1008675,-79.8530878
15413,39.9849487,-79.8714031
15416,39.859065,-79.7228059
15417,40.0056098,-79.9211834
15419,40.056614,-79.890461
15420,39.9611533,-79.8643335
15421,39.8452488,-79.5973858
15422,39.9789665,-79.8092405
15423,40.0937587,-79.9282133
15424,39.826852,-79.3563227
15425,40.0297261,-79.548821
15427,40.0674573,-79.9707012
15428,40.084267,-79.6820256
15429,40.0083015,-79.9425133
15430,40.0394183,-79.6543715
15431,39.9313493,-79.5725208
15432,40.1095752,-79.858756
15433,39.9826831,-79.9487322
15434,40.0812393,-79.8907884
15435,39.9431927,-79.8472835
15436,39.8184562,-79.7254563
15437,39.7944553,-79.5903839
15438,40.0728858,-79.8592856
15440,39.7377242,-79.6436323
15442,40.0191713,-79.8397882
15443,39.9192391,-79.8845033
15444,40.0134066,-79.9084577
15445,39.8761128,-79.6678485
15446,40.0263158,-79.3864873
15447,39.9516955,-79.9323688
15448,40.1360479,-79.7325266
15449,39.972659,-79.7806031
15450,40.0086636,-79.9750194
15451,39.7368914,-79.8357797
15454,39.8603683,-79.865503
15455,40.0061144,-79.6460707
15456,39.9266471,-79.6521059
15458,39.8871579,-79.8509672
15459,39.7652182,-79.4645326
15460,39.8071338,-79.9076097
15461,39.8399934,-79.9000128
15462,40.0613423,-79.3811338
15463,39.9628965,-79.8991534
15464,39.930139,-79.4361984
15465,39.9388605,-79.6412815
15466,40.0780198,-79.888889
15467,39.7825421,-79.8987458
15468,39.9501121,-79.8325684
15469,40.0136408,-79.4185809
15470,39.852796,-79.5316909
15472,39.9194066,-79.7168341
15473,40.0750541,-79.7678801
15474,39.7529309,-79.9026766
15475,39.9581564,-79.8806254
15476,39.8679965,-79.9228081
15477,40.0787731,-79.8629397
15478,39.7874618,-79.8046558
15479,40.1512374,-79.7075391
15480,39.9856077,-79.7735579
15482,40.0607112,-79.7664713
15483,40.0830842,-79.8507926
15484,39.8923548,-79.7786444
15486,40.025886,-79.7111641
15488,39.9775084,-79.7597358
15489,39.9552523,-79.6975478
15490,40.0766853,-79.4815125
15492,40.1197954,-79.7630634
15501,40.0397422,-79.1298196
15502,40.0272358,-79.2440246
15510,39.9643259,-79.0399548
15520,40.1062879,-79.0602453
15521,40.199817,-78.6301666
15522,39.9410334,-78.5495723
15530,39.9408086,-78.9240266
15531,40.1839364,-79.0820974
15532,39.7622641,-79.0607734
15533,39.9795716,-78.2586675
15534,39.8992647,-78.6911966
15535,39.8310462,-78.4439129
15536,39.9375616,-78.206377
15537,39.9906803,-78.3743364
15538,39.8637155,-78.8344578
15539,40.1283812,-78.5933805
15540,39.7974394,-79.2392725
15541,40.0482096,-78.980902
15542,39.8674097,-79.0785432
15544,40.1325367,-79.0965096
15545,39.8021597,-78.7524632
15546,40.1371047,-79.0475578
15547,40.1629114,-79.0702866
15550,39.9945999,-78.6531158
15551,39.8681542,-79.2847982
15552,39.7903344,-78.9877161
15554,40.1229175,-78.6217845
15555,40.0975103,-79.0813681
15557,39.9160784,-79.2053317
15558,39.7623497,-79.0798808
15559,40.0602483,-78.6910646
15560,40.0169122,-78.9066519
15561,40.0937711,-79.0906872
15562,39.7405919,-79.1075558
15563,40.0903549,-78.936657
15564,39.7297137,-78.8454432
15565,39.7590458,-79.1155989
15601,40.313271,-79.5363795
15610,40.1312693,-79.4153427
15611,40.3065545,-79.6526737
15612,40.137911,-79.5993386
15613,40.5465771,-79.5616629
15615,40.3612539,-79.7339768
15616,40.235062,-79.5509077
15617,40.268182,-79.6553729
15618,40.5710258,-79.4398689
15619,40.3205897,-79.4970834
15620,40.3233573,-79.3388336
15622,40.0381466,-79.3197109
15623,40.3688576,-79.6226898
15624,40.3663788,-79.471261
15625,40.2704896,-79.6792425
15626,40.4086726,-79.5759455
15627,40.3516425,-79.3025509
15628,40.1001081,-79.3701693
15629,40.5974366,-79.5629078
15631,40.089664,-79.5853434
15632,40.4357194,-79.6055207
15633,40.3593476,-79.5170612
15634,40.3252718,-79.6059719
15635,40.3479042,-79.5015574
15636,40.3647596,-79.6561156
15637,40.261247,-79.7120528
15638,40.2646476,-79.4016383
15639,40.2035878,-79.5938193
15640,40.2231242,-79.7324989
15641,40.6315761,-79.5889728
15642,40.3192842,-79.723697
15644,40.3467985,-79.612811
15646,40.0951534,-79.344493
15647,40.3426412,-79.7200343
15650,40.277177,-79.3929063
15655,40.197815,-79.1778185
15656,40.6412218,-79.6178109
15658,40.2688317,-79.2163332
15660,40.2467241,-79.7730197
15661,40.3219242,-79.3599435
15662,40.3389122,-79.4797454
15663,40.2523323,-79.6796111
15665,40.3393569,-79.6634927
15666,40.1610239,-79.5098141
15668,40.4648256,-79.6713908
15670,40.4072679,-79.4436922
15671,40.3602832,-79.3214252
15672,40.24379,-79.6215868
15673,40.5938076,-79.5566159
15674,40.2067978,-79.4963806
15675,40.333605,-79.6387372
15676,40.2430188,-79.4591034
15677,40.1504111,-79.2311153
15678,40.2844781,-79.7257889
15679,40.1876541,-79.6558094
15680,40.5210658,-79.4963535
15681,40.502305,-79.4390245
15682,40.6799294,-79.627127
15683,40.1071579,-79.6082204
15684,40.4628877,-79.5063876
15686,40.6150126,-79.4371072
15687,40.1362235,-79.3164483
15688,40.1727956,-79.5859283
15689,40.2252682,-79.4916606
15690,40.6413503,-79.549422
15691,40.2966094,-79.683992
15692,40.3308004,-79.6786099
15693,40.2493879,-79.4059092
15695,40.1969839,-79.6928339
15696,40.2797826,-79.3658842
15697,40.2398672,-79.5806002
15698,40.2144073,-79.6885029
15701,40.6290993,-79.150059
15705,40.615743,-79.1599361
15710,40.6424633,-78.8716696
15711,41.0184248,-78.9556195
15712,40.7931744,-78.8469052
15713,40.5697933,-79.2618418
15714,40.6439462,-78.8333702
15715,40.9706571,-78.8774263
15716,40.4691356,-79.1880576
15717,40.4572057,-79.2432131
15720,40.5387938,-79.0659935
15721,40.8196709,-78.7837448
15722,40.6010657,-78.7204749
15723,40.6987468,-79.1586761
15724,40.7350961,-78.8136342
15725,40.5189484,-79.3487794
15727,40.5650205,-79.3149424
15728,40.6764153,-78.9667839
15729,40.7064449,-78.9151245
15730,41.0265329,-79.0827058
15731,40.5012159,-79.1729428
15732,40.7327298,-79.2164713
15733,40.988862,-78.9592947
15734,40.7197312,-79.0090412
15736,40.6994169,-79.3692836
15737,40.5987607,-78.7535675
15738,40.6903779,-78.7817191
15739,40.6787204,-79.1645706
15741,40.8024883,-78.8910333
15742,40.8105146,-78.8700884
15744,40.9194409,-79.072979
15745,40.6226145,-78.913493
15746,40.7538906,-78.8731644
15747,40.7640926,-79.1433067
15748,40.5236378,-79.0841498
15750,40.48379,-79.1826216
15752,40.5409153,-79.2817567
15753,40.7833205,-78.6309012
15754,40.5566698,-79.1515108
15756,40.5697412,-79.3021788
15757,40.9029754,-78.7316705
15759,40.7730168,-79.0316992
15760,40.6458275,-78.8050731
15761,40.6340502,-78.8901028
15762,40.594306,-78.8293015
15763,40.907143,-79.1280045
15764,40.9945685,-79.0269599
15765,40.5926347,-79.0002907
15767,40.9656163,-78.9754528
15770,41.0090966,-79.1367488
15771,40.8315564,-78.9891455
15772,40.8702231,-78.8986755
15773,40.6307235,-78.7303183
15774,40.6546901,-79.3238355
15775,40.6348086,-78.7839892
15776,41.0109875,-79.1115919
15777,40.6973849,-78.9625912
15778,40.968969,-79.1984341
15779,40.4001101,-79.2184444
15780,40.9209304,-79.0432976
15781,40.963746,-78.9868459
15783,40.6029656,-79.3450175
15784,41.0244891,-79.1410647
15801,41.1299609,-78.7283482
15821,41.3717651,-78.3970898
15823,41.2598761,-78.7156799
15824,41.2461734,-78.8374882
15825,41.1699925,-79.0403452
15827,41.2947091,-78.5057898
15828,41.3854372,-79.1233298
15829,41.2095457,-79.2440371
15831,41.3530637,-78.604278
15832,41.3565133,-78.1972792
15834,41.5007632,-78.3227829
15840,41.1719718,-78.8226489
15841,41.2579051,-78.5043585
15845,41.5083712,-78.7069745
15846,41.3399783,-78.608516
15847,41.0859226,-79.0296769
15848,41.0301544,-78.7105804
15849,41.1870824,-78.5730072
15851,41.102906,-78.910416
15853,41.3923425,-78.7916306
15856,41.0822553,-78.6143015
15857,41.4550382,-78.5201902
15860,41.3455625,-79.0368368
15861,41.3527948,-78.0361978
15863,41.0157272,-78.8384726
15864,41.102233,-79.190133
15865,41.0503349,-78.8138769
15866,41.029383,-78.7876823
15868,41.3005283,-78.4088469
15870,41.5827923,-78.5823659
15901,40.3281616,-78.9119125
15902,40.3192014,-78.8688788
15904,40.3126635,-78.8395697
15905,40.2907091,-78.9699449
15906,40.3844741,-78.9340455
15909,40.4097416,-78.8697407
15920,40.4680334,-79.0467635
15921,40.3164297,-78.6978647
15922,40.5185001,-78.8780181
15923,40.3552203,-79.1585044
15924,40.1034228,-78.7628584
15925,40.4085481,-78.6407718
15926,40.0267995,-78.8168361
15927,40.5414426,-78.7802714
15928,40.2393335,-78.9186749
15929,40.4802331,-79.0112087
15930,40.2946724,-78.7174991
15931,40.5148275,-78.7840214
15934,40.2809599,-78.7961624
15935,40.1979405,-78.9671641
15936,40.1608868,-78.892633
15937,40.2146159,-78.9810411
15938,40.415496,-78.5972155
15940,40.5265209,-78.643551
15942,40.3980758,-78.8107455
15943,40.4748251,-78.8355262
15944,40.3638894,-79.0791579
15945,40.3590768,-78.8687138
15946,40.3701047,-78.6181072
15948,40.4897331,-78.7670452
15949,40.4065254,-79.1352353
15951,40.333188,-78.7706889
15952,40.3035062,-78.7760842
15953,40.2084069,-78.8848998
15954,40.4178233,-78.9999497
15955,40.3088721,-78.6931858
15956,40.3507707,-78.7960238
15957,40.5462565,-78.8999952
15958,40.3874832,-78.7306739
15960,40.4984459,-78.8517946
15961,40.466443,-78.9433672
15962,40.3894035,-78.7163713
15963,40.2196382,-78.7852777
16001,40.9100252,-79.9451912
16002,40.815104,-79.8553488
16020,41.1164933,-79.8965345
16022,41.0545534,-79.733232
16023,40.7849707,-79.749208
16024,40.7397503,-80.0372279
16025,40.9399793,-79.7713068
16027,40.8183325,-80.0154106
16028,40.9512939,-79.6355932
16029,40.8799399,-79.8459985
16030,41.1362024,-79.7969069
16033,40.7964451,-80.048964
16034,40.8578661,-79.7149775
16035,41.1091338,-80.0184464
16036,41.1341628,-79.6687134
16037,40.8426106,-80.1337513
16038,41.1644857,-79.9533458
16040,41.0938689,-79.841337
16041,41.0069526,-79.7139255
16045,40.852766,-79.9163055
16046,40.7026123,-80.0239729
16048,41.0521851,-79.8034895
16049,41.0940669,-79.6718231
16050,41.0440243,-79.7614962
16051,40.942678,-80.138832
16052,40.8993493,-80.0616073
16053,40.811954,-79.9825752
16054,41.1519617,-79.6611562
16055,40.7168592,-79.7497171
16056,40.7284029,-79.8418118
16057,41.0340737,-80.0603005
16059,40.7070819,-79.9270878
16061,41.005133,-79.884697
16063,40.7562317,-80.1310758
16066,40.7099671,-80.1056416
16101,40.9839874,-80.2902402
16102,40.9622419,-80.4154408
16105,41.0540397,-80.3394136
16110,41.4946562,-80.3873765
16111,41.5185165,-80.2835323
16112,40.9604666,-80.498397
16113,41.2808256,-80.4241481
16114,41.4043028,-80.1876786
16115,40.7964941,-80.4635227
16116,41.0441945,-80.449588
16117,40.8718345,-80.2562073
16120,40.8852613,-80.4791651
16121,41.2110943,-80.4973376
16123,40.8219319,-80.1965133
16124,41.3333714,-80.2648467
16125,41.406506,-80.3697286
16127,41.1730085,-80.0729976
16130,41.444638,-80.222959
16131,41.5485705,-80.3769182
16132,41.0096642,-80.5032995
16133,41.2677779,-80.1144513
16134,41.5268357,-80.4901885
16136,40.8349318,-80.3237707
16137,41.2315153,-80.2399425
16140,41.0936457,-80.5107323
16141,40.8802662,-80.3991558
16142,41.1352332,-80.332802
16143,41.105081,-80.4544176
16145,41.380199,-80.0786236
16146,41.2347875,-80.4993795
16148,41.2284777,-80.4176227
16150,41.2818043,-80.4491452
16151,41.4428515,-80.2056703
16153,41.3222416,-80.0865876
16154,41.3258997,-80.4201111
16155,41.067732,-80.5107313
16156,41.0979961,-80.227214
16157,40.8882118,-80.3333827
16159,41.153413,-80.475263
16160,40.9283584,-80.3623851
16161,41.2023115,-80.492827
16172,41.1177085,-80.3310454
16201,40.8120958,-79.4725001
16210,40.9010148,-79.5166195
16211,40.794334,-79.2023752
16212,40.7524656,-79.5771669
16213,41.1255483,-79.5583019
16214,41.1984645,-79.3541106
16217,41.3461418,-79.1813123
16218,40.9261201,-79.5926455
16220,41.4180907,-79.2681903
16222,40.8736975,-79.2569929
16223,40.9869731,-79.3538206
16224,41.066542,-79.2904537
16226,40.7147186,-79.4874233
16228,40.7608129,-79.5357651
16229,40.711759,-79.6562522
16230,41.020482,-79.283246
16232,41.2135845,-79.5512443
16233,41.3679652,-79.2853363
16235,41.3057902,-79.3473867
16236,40.7812221,-79.5237128
16238,40.7876533,-79.5204106
16239,41.4969717,-79.1377792
16240,41.0360132,-79.2249998
16242,40.9854199,-79.3723458
16244,40.8049855,-79.2790826
16245,41.0015592,-79.2931378
16246,40.7917166,-79.1821609
16248,41.0348763,-79.5047608
16249,40.7593807,-79.3264156
16250,40.7756518,-79.237832
16253,40.9566935,-79.3435468
16254,41.2550126,-79.4508067
16255,41.1288135,-79.4667569
16256,40.8552671,-79.1344583
16258,41.2301049,-79.2722226
16259,40.925711,-79.4518585
16260,41.4108821,-79.2392726
16262,40.8376747,-79.6526907
16263,40.8011685,-79.341109
16301,41.4532847,-79.6224274
16311,41.4621707,-80.042364
16312,41.9321352,-79.3032143
16313,41.7145937,-79.145177
16314,41.5206754,-80.0770695
16316,41.5953109,-80.2844833
16317,41.5323351,-79.8526196
16319,41.3242044,-79.6234585
16321,41.5683253,-79.4008594
16322,41.6056357,-79.384341
16323,41.4172651,-79.8305561
16326,41.3761575,-79.4317401
16327,41.6370819,-79.9595661
16328,41.6509832,-79.7271197
16329,41.8527314,-79.2649596
16331,41.2875146,-79.5592794
16332,41.3567172,-79.3695448
16333,41.749226,-78.9322941
16334,41.3044945,-79.4462797
16335,41.6306347,-80.1536364
16340,41.7986154,-79.4175045
16341,41.562876,-79.5470326
16342,41.3148477,-79.9280079
16343,41.4259819,-79.7526856
16344,41.4704765,-79.6839912
16345,41.9444043,-79.0829165
16346,41.3784748,-79.6727435
16347,41.6600629,-79.0702673
16350,41.9569233,-79.3344037
16351,41.6753528,-79.370344
16352,41.7661346,-79.0364282
16353,41.4921123,-79.389517
16354,41.6147356,-79.7064343
16360,41.6796728,-79.8903492
16361,41.3910366,-79.3402387
16362,41.4504967,-79.9651787
16364,41.3514161,-79.5273055
16365,41.8401781,-79.1573661
16370,41.5570544,-79.4490181
16371,41.8675257,-79.3186924
16372,41.2010254,-79.8745124
16373,41.2084687,-79.698409
16374,41.2634975,-79.8150852
16401,41.878476,-80.4051603
16402,41.9610157,-79.469793
16403,41.792998,-80.0141205
16404,41.7255533,-79.7890452
16405,41.9379953,-79.5335113
16406,41.7509931,-80.3635487
16407,41.9157945,-79.6846695
16410,41.9227508,-80.3085092
16411,41.9780363,-80.4471077
16412,41.8820868,-80.1596969
16415,42.0375721,-80.2302862
16416,41.8260563,-79.4731383
16417,41.9692863,-80.3106358
16420,41.6947817,-79.5454544
16421,42.1695789,-79.9399177
16422,41.6675483,-80.3101879
16423,42.0210995,-80.3401324
16424,41.6617172,-80.4482187
16426,41.9840815,-80.125891
16427,41.8746372,-79.9712788
16428,42.1714636,-79.8314879
16430,42.0011239,-80.4189401
16433,41.7370785,-80.1409139
16434,41.7967197,-79.6686971
16435,41.8223814,-80.3828212
16436,41.8624474,-79.5064906
16438,41.8912405,-79.8474682
16440,41.7825488,-80.1260183
16441,41.9584901,-79.9835507
16442,42.0485726,-79.825747
16443,41.9401136,-80.4718395
16444,41.8712237,-80.1207559
16475,41.8764316,-80.3610517
16501,42.1210532,-80.089435
16502,42.1107351,-80.1012942
16503,42.1271546,-80.0610232
16504,42.1094089,-80.0488423
16505,42.1191395,-80.1278833
16506,42.0630377,-80.1560341
16507,42.1394945,-80.084963
16508,42.0977744,-80.0914619
16509,42.0604879,-80.0458462
16510,42.1089906,-79.9548209
16511,42.1674954,-80.0057957
16546,42.1038728,-80.0533479
16550,42.1337833,-80.084949
16563,42.1177589,-79.9857692
16601,40.5525185,-78.3729938
16602,40.4849938,-78.3971136
16611,40.5710453,-78.091199
16613,40.5372205,-78.5321376
16616,40.7698161,-78.4584429
16617,40.6033889,-78.329834
16619,40.6836881,-78.4158421
16620,40.8385475,-78.351235
16621,40.258409,-78.1088683
16622,40.3285383,-78.0692107
16623,40.2762297,-78.0455633
16624,40.5651263,-78.6066517
16625,40.2823855,-78.5190817
16627,40.7529237,-78.5041332
16630,40.4625858,-78.5805229
16631,40.2714096,-78.3474882
16633,40.1597221,-78.2325134
16634,40.2105191,-78.1730714
16635,40.4077429,-78.4773856
16636,40.6002534,-78.5020144
16637,40.3421681,-78.4708028
16638,40.3382079,-78.2009503
16639,40.6817164,-78.4635194
16640,40.7080011,-78.5723383
16641,40.5078399,-78.5714345
16645,40.8036085,-78.5007312
16646,40.6896155,-78.7268263
16647,40.380477,-78.1132837
16648,40.441691,-78.3323105
16650,40.1120534,-78.2919548
16651,40.8514637,-78.380424
16652,40.5160216,-77.9500957
16654,40.4918833,-78.0285574
16655,40.2279515,-78.5029635
16656,40.8072267,-78.5559864
16657,40.3383824,-78.1605844
16659,40.1600285,-78.3883225
16661,40.8311575,-78.4612492
16662,40.2951185,-78.297418
16664,40.1778622,-78.4201963
16665,40.3890366,-78.4349138
16666,40.8677137,-78.3139685
16667,40.1827506,-78.5251901
16668,40.6532961,-78.6223337
16669,40.655953,-77.9066875
16670,40.2590345,-78.5077015
16671,40.7876268,-78.3982402
16672,40.1866732,-78.2364932
16673,40.3051897,-78.3889988
16674,40.1864761,-78.0792595
16675,40.6878662,-78.6789825
16677,40.8150946,-78.2456364
16678,40.225832,-78.2325002
16679,40.1552529,-78.1943837
16680,40.7433365,-78.3779259
16682,40.2719932,-78.456469
16683,40.6638672,-78.0655581
16684,40.6354311,-78.296894
16685,40.2801494,-78.0806362
16686,40.6704112,-78.240506
16689,40.0750573,-78.0843125
16691,40.0774498,-78.147309
16692,40.7508742,-78.7105294
16693,40.4652983,-78.2245946
16694,40.1899806,-78.1342998
16695,40.204653,-78.3369292
16699,40.4472109,-78.5605046
16701,41.9186713,-78.750365
16720,41.6031809,-78.0097562
16724,41.7461357,-78.3897656
16725,41.8993118,-78.6619546
16726,41.8023924,-78.5758686
16727,41.98504,-78.5337968
16729,41.9696681,-78.4818177
16730,41.8178227,-78.4227907
16731,41.9514149,-78.3600533
16732,41.8592005,-78.6083941
16733,41.7003892,-78.572341
16734,41.615684,-78.8473782
16735,41.628758,-78.8067428
16738,41.8068682,-78.7321426
16740,41.6526564,-78.509599
16743,41.7676381,-78.2329533
16744,41.8756473,-78.5694512
16745,41.9255506,-78.4897362
16746,41.7938748,-78.1224906
16748,41.942013,-78.1448066
16749,41.7597536,-78.4209638
16750,41.9015711,-78.2917237
16801,40.7852103,-77.8422973
16802,40.7985861,-77.8648587
16803,40.8085166,-77.8944359
16820,40.9199842,-77.3869282
16821,40.9578479,-78.1945766
16822,41.1372585,-77.7077133
16823,40.9312034,-77.7590529
16825,40.9876297,-78.31155
16826,41.0620667,-77.5860194
16827,40.7678398,-77.7726379
16828,40.804311,-77.6959368
16829,41.0849494,-77.887495
16830,41.0905931,-78.4389453
16832,40.8427693,-77.4259412
16833,40.9439548,-78.572434
16834,41.0517016,-78.0872183
16835,40.9066812,-77.877341
16836,41.1454578,-78.26483
16837,40.9454404,-78.4744511
16838,41.0058329,-78.6514962
16839,41.0032392,-78.106435
16840,40.9242567,-78.2030801
16841,41.0355267,-77.6908586
16843,41.0117989,-78.4619394
16844,40.9128086,-77.9326301
16845,41.1130992,-77.9277337
16847,40.999285,-78.1654981
16848,41.0113129,-77.533288
16849,40.9611225,-78.115673
16851,40.8124011,-77.8015396
16852,40.9363831,-77.5385555
16853,40.9403574,-77.7861433
16854,40.8969764,-77.4723243
16855,41.0052783,-78.3539628
16856,40.9287706,-77.6500341
16858,41.0033521,-78.2096546
16859,41.0465938,-78.0418076
16860,40.9379908,-78.1797639
16861,40.8734052,-78.5193236
16863,40.9078428,-78.4746346
16864,41.1542542,-77.7985468
16865,40.7240051,-77.9559727
16866,40.8670224,-78.1655732
16868,40.727271,-77.8906402
16870,40.8012786,-78.0493519
16871,41.1910889,-78.0359213
16872,40.9672136,-77.3594314
16874,40.9850415,-77.9515148
16875,40.840418,-77.5879931
16876,40.9656378,-78.2876459
16877,40.7331967,-78.0679517
16878,40.9403423,-78.3517985
16879,40.9643853,-78.1407352
16881,41.0267801,-78.320437
16882,40.9070774,-77.3384654
16901,41.7347914,-77.3157559
16910,41.7045995,-76.8310558
16911,41.676937,-77.1017124
16912,41.6660561,-77.0672121
16914,41.8542334,-76.7836761
16915,41.7748925,-77.9613898
16917,41.7220787,-77.0567144
16920,41.9737607,-77.2835658
16921,41.723136,-77.5224273
16922,41.6806578,-77.7107002
16923,41.9502458,-77.8705798
16925,41.9485674,-76.7838099
16926,41.7157353,-76.7002924
16927,41.9654389,-77.6592938
16928,41.9520244,-77.4336032
16929,41.9634056,-77.134908
16930,41.5837824,-77.1388257
16932,41.779128,-76.939472
16933,41.8194244,-77.0625019
16935,41.8691786,-77.333696
16936,41.9511253,-76.9671126
16937,41.9678963,-77.7109411
16938,41.5911446,-77.3703566
16939,41.6809936,-77.0140992
16940,41.9774806,-77.2337185
16941,41.9882957,-77.758047
16942,41.9654657,-77.3542185
16943,41.848117,-77.616217
16946,41.915816,-77.1422427
16947,41.7595016,-76.8040505
16948,41.854715,-77.7592153
16950,41.8957637,-77.5436543
17002,40.4608696,-77.8692936
17003,40.356692,-76.5524008
17004,40.601046,-77.7304375
17005,40.6030613,-76.8106225
17006,40.3356441,-77.4921462
17007,40.1390315,-77.118466
17009,40.6361118,-77.5652867
17010,40.2781168,-76.5833556
17011,40.2348299,-76.9288458
17013,40.241159,-77.1838235
17014,40.6596002,-77.1936036
17015,40.1834042,-77.2321151
17016,40.2731064,-76.4068842
17017,40.6270358,-76.8995833
17018,40.422061,-76.8261239
17019,40.0940214,-77.0220748
17020,40.4141705,-77.0415028
17021,40.3305264,-77.6681921
17022,40.1670365,-76.6088923
17023,40.5813039,-76.8117369
17024,40.4069339,-77.3068245
17025,40.2940906,-76.9744753
17026,40.4735843,-76.4371956
17027,40.1574179,-76.9821153
17028,40.4025262,-76.6751205
17029,40.5580168,-77.6169968
17030,40.6082914,-76.7441933
17032,40.4939373,-76.8135108
17033,40.2691736,-76.6282386
17034,40.2086101,-76.7855325
17035,40.4037855,-77.5813147
17036,40.2581863,-76.7201813
17037,40.4324661,-77.4277562
17038,40.4678185,-76.5382014
17039,40.2927092,-76.2407069
17040,40.296219,-77.3400086
17041,40.2166344,-76.5396048
17042,40.2963785,-76.4211245
17043,40.2476106,-76.9001344
17044,40.582082,-77.5902686
17045,40.5970934,-77.0009282
17046,40.3816551,-76.4293831
17047,40.371068,-77.4119857
17048,40.5822532,-76.6919865
17049,40.6517147,-77.259458
17050,40.2475466,-77.0304414
17051,40.4593615,-77.7641293
17052,40.276899,-77.986339
17053,40.3250399,-77.0264735
17054,40.496849,-77.7272531
17055,40.177673,-76.9977029
17056,40.5335181,-77.3555543
17057,40.1943497,-76.7262459
17058,40.5010427,-77.5480137
17059,40.589128,-77.3905584
17060,40.5129567,-77.8603642
17061,40.5638547,-76.9001463
17062,40.5467735,-77.1876563
17063,40.761026,-77.4849474
17064,40.2416951,-76.4752717
17065,40.070864,-77.2324325
17066,40.3593037,-77.8546186
17067,40.390423,-76.3150484
17068,40.3991373,-77.1823456
17069,40.4582128,-76.9806299
17070,40.1995954,-76.8545257
17071,40.2957545,-77.6142823
17073,40.3028377,-76.2551608
17074,40.4792825,-77.1483748
17075,40.3936596,-77.8344987
17076,40.620926,-77.3074976
17077,40.402378,-76.5364643
17078,40.2876472,-76.5808579
17080,40.6405431,-76.8029088
17081,40.2011722,-77.2832786
17082,40.4950643,-77.4483902
17084,40.6756633,-77.6265011
17086,40.6906238,-77.1220075
17087,40.404009,-76.268426
17088,40.300443,-76.2951627
17090,40.3182071,-77.1810433
17093,40.3103234,-76.9278883
17094,40.5858955,-77.2223029
17097,40.5741483,-76.6768806
17098,40.5899934,-76.6307092
17099,40.6367297,-77.5801061
17101,40.2584138,-76.8929103
17102,40.2677977,-76.9024142
17103,40.2749843,-76.8633409
17104,40.2550174,-76.8672004
17109,40.2898422,-76.8241116
17110,40.3234869,-76.8881786
17111,40.2703085,-76.7805753
17112,40.3739887,-76.770206
17113,40.2301907,-76.8211727
17120,40.265123,-76.8827629
17201,39.9600702,-77.6571794
17202,39.923181,-77.6904676
17210,40.1913573,-77.6610525
17211,39.7547066,-78.4145715
17212,39.8126336,-78.0642873
17213,40.261245,-77.7645385
17214,39.7480569,-77.470315
17215,40.0837665,-77.878633
17217,40.2382229,-77.7223465
17219,40.223951,-77.6928202
17220,40.174575,-77.73861
17221,40.0492149,-77.8221622
17222,39.895936,-77.4938974
17223,40.0646493,-77.9419891
17224,39.9792154,-77.8845111
17225,39.7835061,-77.7628704
17228,39.9951018,-78.0983418
17229,40.0840041,-78.0101395
17232,40.0946313,-77.6334385
17233,39.9756048,-77.9871601
17235,39.8570184,-77.6975347
17236,39.8001854,-77.947396
17237,39.837041,-77.5408514
17238,39.861119,-78.1300327
17239,40.1397712,-77.8300692
17240,40.1508711,-77.5796858
17241,40.1810413,-77.4067926
17243,40.2836297,-77.8150576
17244,40.0903325,-77.6722766
17246,40.060726,-77.6757767
17247,39.7987759,-77.5793518
17249,40.2418828,-77.9001794
17250,39.7362377,-77.522871
17251,40.1228704,-77.6666684
17252,39.9123288,-77.8269098
17253,40.2123992,-78.0062512
17254,39.9684797,-77.5893197
17255,40.1492404,-77.8667283
17257,40.0559513,-77.496665
17260,40.2960445,-77.8937008
17261,39.8598066,-77.5117059
17262,40.1270855,-77.767903
17263,39.7240776,-77.7172446
17264,40.1799068,-77.9933343
17265,40.0321785,-77.7749931
17266,40.0885679,-77.4129332
17267,39.8079548,-78.2396574
17268,39.774913,-77.575622
17271,40.1018748,-77.8036234
17301,39.8952269,-76.978982
17302,39.8172603,-76.4136798
17303,39.9260901,-77.2976203
17304,39.977245,-77.2327421
17306,39.9837979,-77.2496948
17307,39.9566795,-77.3151848
17309,39.8735804,-76.4488829
17311,39.8169662,-76.8418343
17313,39.8847586,-76.6571748
17314,39.7492433,-76.3256727
17315,40.0138283,-76.8687105
17316,39.9654665,-77.0079587
17317,39.9713086,-76.5226166
17318,40.0201919,-76.7260622
17319,40.1604888,-76.7939745
17320,39.7702058,-77.3875681
17321,39.7496754,-76.4443448
17322,39.8554571,-76.5351881
17323,40.0752254,-77.0266927
17324,40.0303951,-77.2368462
17325,39.826258,-77.227606
17327,39.7792982,-76.753816
17329,39.7586372,-76.8525077
17331,39.7912181,-76.9803235
17339,40.1349073,-76.8761431
17340,39.7552209,-77.1167736
17342,39.8527981,-76.7078358
17343,39.8686246,-77.3296165
17344,39.805321,-77.0188792
17345,40.0729869,-76.7275513
17347,40.0468581,-76.6753407
17349,39.7451024,-76.6551599
17350,39.8900289,-77.0792618
17352,39.7619461,-76.5000625
17353,39.8871645,-77.3930937
17355,39.7598202,-76.6960242
17356,39.8983258,-76.5837053
17360,39.8519623,-76.7537226
17361,39.7660823,-76.6769834
17362,39.8476788,-76.8687042
17363,39.7673417,-76.5850015
17364,39.9298701,-76.9004444
17365,40.0613917,-76.9403088
17366,39.9327899,-76.5567035
17368,39.9845592,-76.5196112
17370,40.1182093,-76.7828118
17371,39.902613,-76.7879909
17372,39.9924471,-77.1079527
17401,39.9587785,-76.7332193
17402,39.9569958,-76.6599773
17403,39.9198208,-76.7111821
17404,40.0026361,-76.7735345
17406,40.0147247,-76.6409117
17407,39.8870787,-76.71275
17408,39.9328203,-76.7992137
17501,40.1567329,-76.2060804
17502,40.1013237,-76.6683403
17504,40.0244725,-76.328494
17505,40.0635009,-76.1924363
17506,40.1171722,-76.0527356
17507,40.198053,-76.01624
17508,40.1245775,-76.2139035
17509,39.9069189,-76.0294565
17512,40.0400692,-76.4860208
17516,39.9268593,-76.3849891
17517,40.2447513,-76.1328805
17518,39.8089295,-76.2530137
17519,40.1414383,-76.023423
17520,40.0975184,-76.3491926
17522,40.1736883,-76.1704943
17527,40.0164312,-75.9941454
17529,40.0419334,-76.0971422
17532,39.8582223,-76.2879157
17534,40.0366124,-76.1121643
17535,40.0120855,-76.0361271
17536,39.8480343,-76.0737738
17538,40.0826292,-76.4145481
17540,40.0976081,-76.1899874
17543,40.1810317,-76.2953802
17545,40.1729792,-76.4221679
17547,40.0709145,-76.5848578
17550,40.0749093,-76.5835163
17551,39.9784984,-76.3729835
17552,40.1083518,-76.5109198
17554,40.0403028,-76.4241758
17555,40.1223767,-75.9593923
17557,40.1028652,-76.0751825
17560,39.9126747,-76.2276813
17562,39.9699762,-76.0916322
17563,39.7607479,-76.1933064
17565,39.8907717,-76.3353113
17566,39.867186,-76.1475131
17568,39.9480191,-76.2341286
17569,40.2714332,-76.0965767
17570,40.1256802,-76.5706275
17572,40.0056237,-76.1521603
17576,40.0371106,-76.1978062
17578,40.2299062,-76.1661628
17579,39.9604064,-76.1807521
17581,40.1557759,-76.0549949
17582,39.9882491,-76.4546651
17584,39.9598366,-76.2650239
17601,40.0729565,-76.313729
17602,40.0146233,-76.2463507
17603,40.0308388,-76.330432
17606,40.1127343,-76.3047148
17701,41.3450439,-76.8572485
17702,41.1834876,-77.0772707
17720,41.1790842,-77.2025888
17721,41.1815677,-77.3194031
17723,41.4352974,-77.4713561
17724,41.6376995,-76.8006881
17727,41.5292611,-77.4647635
17728,41.3347738,-77.0785674
17729,41.5112389,-77.7361028
17730,41.1069047,-76.8759238
17731,41.4294097,-76.5786717
17737,41.2856284,-76.6830329
17739,41.4162935,-77.3935617
17740,41.2356129,-77.2567775
17742,41.239052,-76.5796683
17744,41.240963,-77.1532681
17745,41.2850717,-77.4711657
17747,41.0325506,-77.331831
17748,41.1478105,-77.3401518
17749,41.0723028,-76.8135295
17750,41.0579736,-77.4831395
17751,41.1295252,-77.5212377
17752,41.1831408,-76.9198299
17754,41.3116123,-76.8892124
17756,41.2047636,-76.7299279
17758,41.3503052,-76.5449026
17760,41.4135762,-77.6573571
17762,41.2843363,-76.6999415
17763,41.502453,-76.912176
17764,41.3427782,-77.8264949
17765,41.5818283,-76.9820132
17768,41.5586882,-76.7559929
17769,41.5106892,-77.4964451
17771,41.4373391,-77.0355403
17772,41.1250572,-76.7130333
17774,41.2518671,-76.5467329
17776,41.4146398,-77.2928682
17777,41.1065166,-76.8216957
17778,41.2963164,-77.9795254
17779,41.2080754,-77.3769905
17801,40.8373993,-76.7607008
17810,41.1009511,-77.0390495
17812,40.7332786,-77.2352404
17813,40.7868975,-77.1843034
17814,41.2589095,-76.3712185
17815,41.0223277,-76.4295165
17820,40.895639,-76.4037385
17821,40.9901474,-76.6442053
17822,40.9686618,-76.6032962
17823,40.7449771,-76.7779777
17824,40.8676109,-76.4927714
17827,40.7528597,-76.9680318
17829,40.9005675,-77.1554001
17830,40.6860615,-76.8051985
17832,40.8055679,-76.455006
17834,40.78021,-76.4668754
17835,40.8835231,-77.1979939
17836,40.7143424,-76.6064618
17837,40.9749773,-76.9451499
17840,40.7744522,-76.4264329
17841,40.7253798,-77.3634244
17842,40.8013159,-77.0434539
17844,40.9598392,-77.0851948
17845,40.8843701,-77.2115701
17846,41.141745,-76.5171218
17847,41.0079853,-76.8109495
17850,40.9671792,-76.8585769
17851,40.8028002,-76.4247006
17853,40.6879837,-77.0106713
17855,40.8899929,-76.9678533
17856,41.0450192,-77.0081156
17857,40.9321358,-76.7729718
17858,40.8424098,-76.4232776
17859,41.116755,-76.3985369
17860,40.8391792,-76.6035738
17861,40.7746304,-77.0761565
17862,40.8605056,-77.056395
17864,40.7047268,-76.905819
17865,40.9866731,-76.7897705
17866,40.7711127,-76.5964934
17867,40.7146615,-76.690322
17868,40.9554447,-76.6309618
17870,40.8080396,-76.8877549
17872,40.7581677,-76.6883725
17876,40.8581622,-76.8257829
17878,41.1760183,-76.3234885
17880,40.8910973,-77.1238642
17881,40.7809966,-76.6863466
17884,41.0519858,-76.6749783
17885,40.8663452,-77.3140169
17886,41.0181877,-76.8761172
17887,41.07531,-76.8957588
17888,40.8189535,-76.3788461
17889,40.8777395,-76.921282
17901,40.6947111,-76.2747532
17920,40.8117358,-76.3294001
17921,40.7515747,-76.3605859
17922,40.5824732,-76.1106318
17923,40.661402,-76.3187352
17925,40.7578761,-76.074956
17929,40.6310543,-76.1927665
17930,40.7086755,-76.1153464
17931,40.7864914,-76.2145748
17933,40.6036876,-76.2426082
17934,40.7991679,-76.2134435
17935,40.7943242,-76.2800375
17936,40.7504018,-76.3400652
17938,40.6542467,-76.5012359
17941,40.6862543,-76.6132148
17943,40.7616632,-76.3793938
17944,40.6604798,-76.2890321
17945,40.7853511,-76.3754632
17946,40.8103636,-76.2563719
17948,40.8203929,-76.1440311
17949,40.7960662,-76.2361251
17951,40.6791708,-76.2441848
17952,40.7643622,-76.0600323
17953,40.7468107,-76.1004628
17954,40.690458,-76.2598659
17957,40.5935747,-76.5166369
17959,40.7397968,-76.1646682
17960,40.6972414,-75.9470438
17961,40.6496987,-76.0609491
17963,40.5598626,-76.3941194
17964,40.7029543,-76.514515
17965,40.6992464,-76.1653556
17967,40.8698178,-76.207085
17968,40.6417046,-76.6262864
17970,40.7206634,-76.1905444
17972,40.5793365,-76.2279129
17974,40.6959245,-76.2361267
17976,40.8198995,-76.2105025
17978,40.6164786,-76.6522633
17979,40.5672533,-76.2020529
17980,40.5186839,-76.6445593
17981,40.6309838,-76.392688
17982,40.7680013,-76.0380843
17983,40.6439941,-76.5503797
17985,40.9184553,-76.2387103
18011,40.4770128,-75.646129
18012,40.8113143,-75.5916151
18013,40.8534684,-75.1653232
18014,40.7671496,-75.4130666
18015,40.5874386,-75.3667585
18017,40.6599574,-75.3873057
18018,40.6275945,-75.3955839
18020,40.6723854,-75.3274591
18030,40.8040667,-75.6634875
18031,40.5595535,-75.6488746
18032,40.6561915,-75.4677884
18034,40.5413865,-75.4189797
18035,40.7519462,-75.537984
18036,40.5092061,-75.3885391
18037,40.6831324,-75.5479575
18038,40.7948418,-75.4862239
18040,40.7459411,-75.225667
18041,40.4204036,-75.5097195
18042,40.6437222,-75.2263593
18045,40.6917476,-75.2749226
18046,40.5480089,-75.560346
18049,40.5222074,-75.4902689
18051,40.5956101,-75.666932
18052,40.657428,-75.5042549
18053,40.7192299,-75.7041173
18054,40.3523695,-75.4387361
18055,40.5915826,-75.3043531
18056,40.4470512,-75.5472289
18058,40.8887387,-75.49429
18059,40.7234992,-75.5430844
18062,40.5058292,-75.5798876
18063,40.7827767,-75.1817915
18064,40.7570078,-75.3159618
18065,40.6993314,-75.6122685
18066,40.6644616,-75.7401002
18067,40.7170011,-75.4823345
18069,40.6252461,-75.6150975
18070,40.4304365,-75.5391964
18071,40.8342139,-75.5552778
18072,40.8441399,-75.2591348
18073,40.3864985,-75.47443
18074,40.3167375,-75.515686
18076,40.3736877,-75.4814858
18077,40.5700647,-75.2371149
18078,40.6708883,-75.6207141
18079,40.7440519,-75.6568662
18080,40.7308078,-75.638089
18081,40.5636977,-75.2815836
18083,40.7551371,-75.2645479
18085,40.7417146,-75.2542968
18086,40.739162,-75.548368
18087,40.5568311,-75.5936453
18088,40.7656925,-75.5575092
18091,40.8248459,-75.3256512
18092,40.4696971,-75.51314
18101,40.6032313,-75.4695054
18102,40.6079382,-75.476203
18103,40.5703076,-75.4889263
18104,40.6116576,-75.5468526
18106,40.5637347,-75.5651985
18109,40.6354858,-75.4419218
18195,40.5842723,-75.6247888
18201,40.951974,-75.9539249
18202,40.9544325,-76.0459874
18210,41.0018617,-75.5910497
18211,40.7440795,-75.8304065
18212,40.7729511,-75.7188307
18214,40.8057708,-76.0885243
18216,40.9426639,-75.8890323
18218,40.81974,-75.9161016
18219,40.9910446,-76.0582617
18220,40.8372956,-76.0815108
18221,41.0014616,-75.9189542
18222,41.0352274,-76.0034682
18223,40.9822597,-75.9500036
18224,41.024571,-75.8892651
18225,40.9813114,-75.9713112
18229,40.9315167,-75.6823426
18230,40.9201179,-75.9305691
18231,40.9007336,-76.0045525
18232,40.837221,-75.8739616
18234,40.9925923,-75.9645128
18235,40.8350177,-75.6914744
18237,40.8785341,-76.0504407
18239,40.9896761,-75.981362
18240,40.8629169,-75.8423586
18241,40.9443638,-76.1649823
18242,40.9060204,-76.1234949
18244,40.8236628,-75.6687395
18245,40.85279,-76.0301072
18246,40.9574397,-76.1950278
18248,40.9008677,-76.0945033
18249,40.9877937,-76.1161168
18250,40.812659,-75.8586861
18252,40.7816063,-75.9724443
18254,40.915913,-75.9656512
18255,40.9334914,-75.8296954
18256,40.9403957,-76.1473203
18301,41.0423602,-75.1758179
18302,41.0965744,-75.1111159
18321,41.0262927,-75.2828861
18322,40.9185229,-75.3932795
18323,41.1956,-75.2726954
18324,41.1581428,-75.0006901
18325,41.2619501,-75.2666916
18326,41.1549978,-75.2471877
18327,40.9833752,-75.1466447
18328,41.2285002,-74.9739848
18330,40.9625456,-75.4499156
18331,40.9084125,-75.4402279
18332,41.0947471,-75.2613412
18333,40.8983445,-75.4909781
18334,41.0728506,-75.441764
18335,41.0582309,-75.1076709
18336,41.373373,-74.7397504
18337,41.3291098,-74.871787
18340,41.4177677,-74.7658983
18342,41.1704211,-75.3048753
18343,40.8898984,-75.1094367
18344,41.121414,-75.3340536
18346,41.142754,-75.4211906
18347,41.1546833,-75.5428407
18349,41.0995161,-75.3681942
18350,41.1144265,-75.458202
18351,40.9231089,-75.0998841
18353,40.8953409,-75.357667
18354,40.9226029,-75.3220949
18355,41.0769548,-75.3628988
18356,41.0157798,-75.1119618
18357,41.2316526,-75.2107126
18360,40.9672889,-75.2880041
18370,41.0883565,-75.3365953
18371,41.1562253,-75.0366566
18372,41.0440429,-75.334289
18403,41.5089884,-75.5349385
18405,41.5998536,-75.1038744
18407,41.5917535,-75.534853
18411,41.4591755,-75.7468716
18413,41.6476493,-75.5327042
18414,41.5419407,-75.7454013
18415,41.7553743,-75.0824643
18417,41.8097035,-75.2011152
18419,41.5772452,-75.79753
18420,41.6076802,-75.6998616
18421,41.6641892,-75.4928619
18424,41.2441834,-75.5172952
18425,41.4384551,-75.043136
18426,41.3255069,-75.2390607
18428,41.4504076,-75.1093917
18430,41.740828,-75.4741853
18431,41.6164702,-75.2577108
18433,41.5733074,-75.5813301
18434,41.452222,-75.5412804
18435,41.4905826,-75.0150206
18436,41.4427923,-75.3934508
18437,41.8752512,-75.2857479
18438,41.4324535,-75.2452876
18439,41.8255025,-75.348966
18440,41.5593349,-75.765121
18441,41.6632809,-75.6192487
18443,41.6629272,-75.1020939
18444,41.3405208,-75.5517307
18445,41.2979076,-75.3593623
18446,41.6561746,-75.7591431
18447,41.5107373,-75.6204795
18451,41.3969993,-75.2179286
18452,41.4838746,-75.5895847
18453,41.7451008,-75.3671837
18454,41.8214953,-75.4329109
18455,41.8930006,-75.3591925
18456,41.6207625,-75.3368579
18457,41.4720942,-75.0491654
18458,41.3957669,-74.9192769
18460,41.2688235,-75.3448123
18461,41.9290035,-75.3276737
18462,41.8995493,-75.4355301
18463,41.3469455,-75.3804119
18464,41.40379,-75.1777441
18465,41.8312992,-75.5168486
18466,41.1957638,-75.3771825
18469,41.7024681,-75.1519862
18470,41.7350555,-75.5290903
18471,41.5291237,-75.6973143
18472,41.5881234,-75.3996109
18473,41.5302487,-75.2068236
18503,41.4100796,-75.6677028
18504,41.4234699,-75.7054164
18505,41.3879859,-75.648355
18507,41.3590754,-75.6818789
18508,41.4550724,-75.6582519
18509,41.4306413,-75.6432279
18510,41.4073248,-75.6437126
18512,41.4264547,-75.5929296
18517,41.3952383,-75.7146262
18518,41.3749607,-75.739617
18519,41.4620451,-75.6306222
18602,41.186018,-75.7539875
18603,41.0829348,-76.2478532
18610,41.0589656,-75.5338269
18612,41.349715,-75.9804878
18614,41.4834043,-76.356396
18615,41.4577993,-75.8586743
18616,41.5193635,-76.6402007
18617,41.1705414,-76.0775313
18618,41.3802849,-76.0382022
18619,41.4314108,-76.7130842
18621,41.2553469,-76.0910651
18622,41.2012324,-76.2735152
18623,41.6648006,-76.1519837
18624,41.0607059,-75.6465604
18625,41.5150321,-75.8501562
18626,41.4135466,-76.4544526
18627,41.315591,-76.022356
18628,41.4301434,-76.3138079
18629,41.5176035,-76.1413387
18630,41.6621435,-76.0236361
18631,41.0307113,-76.3027785
18632,41.4593598,-76.3774696
18634,41.1855114,-76.0226183
18635,41.0292397,-76.2013466
18636,41.3992035,-76.0818561
18640,41.2973576,-75.7402475
18641,41.3363978,-75.7283937
18642,41.356348,-75.7731814
18643,41.3619117,-75.8385486
18644,41.3279889,-75.881964
18651,41.2540507,-75.9598274
18655,41.1877244,-76.2032139
18656,41.332543,-76.1854375
18657,41.5225131,-75.9594881
18660,41.0986624,-76.0629124
18661,41.0763916,-75.7407953
18701,41.2432366,-75.8853017
18702,41.2304775,-75.7574393
18704,41.2761885,-75.8952175
18705,41.2718477,-75.8427718
18706,41.2032892,-75.9148034
18707,41.1338835,-75.9183465
18708,41.295848,-75.9634627
18709,41.2863256,-75.8967297
18801,41.8263888,-75.9397114
18810,41.9310628,-76.5010069
18812,41.9732023,-75.9647512
18814,41.7839462,-76.6007569
18816,41.739764,-75.9097393
18817,41.8722543,-76.6229436
18818,41.9149322,-76.0508869
18820,41.7776647,-75.6503701
18821,41.9898201,-75.7226966
18822,41.9401239,-75.7949617
18823,41.773948,-75.6915544
18824,41.6973653,-75.787182
18825,41.8256175,-75.6074589
18826,41.748621,-75.7274805
18828,41.7974434,-76.1103033
18829,41.8376442,-76.1736935
18830,41.9590875,-76.1144517
18831,41.8942235,-76.5981179
18832,41.678216,-76.5688673
18833,41.59067,-76.4693903
18834,41.8309672,-75.7209338
18837,41.9150724,-76.3028597
18840,41.9730667,-76.5303712
18842,41.7689624,-75.6129547
18843,41.8044491,-75.8941396
18844,41.6947618,-75.9131564
18845,41.7873356,-76.1821196
18846,41.6214106,-76.2299861
18847,41.928841,-75.5790509
18848,41.7534368,-76.4574974
18850,41.8719827,-76.4725155
18851,41.9366754,-76.1796937
18853,41.7214137,-76.2769245
18854,41.790666,-76.3557141
18901,40.3047721,-75.1507891
18902,40.3532962,-75.0978082
18912,40.3156548,-75.063721
18913,40.3722121,-75.0561255
18914,40.2894883,-75.2107003
18915,40.2725046,-75.2562088
18917,40.3691325,-75.2000175
18920,40.4930025,-75.0866965
18921,40.5296256,-75.1710662
18923,40.3536175,-75.1667019
18925,40.2836707,-75.0629055
18927,40.3243016,-75.2409477
18929,40.2581082,-75.0791187
18930,40.5321888,-75.2126242
18932,40.2915853,-75.2504856
18933,40.4024635,-75.0392407
18935,40.4328262,-75.3949952
18936,40.2264925,-75.2280909
18938,40.3510482,-74.9980492
18940,40.2605942,-74.9370698
18942,40.4741014,-75.1666316
18944,40.3962338,-75.2311668
18946,40.2861529,-75.0051533
18947,40.422899,-75.1178388
18950,40.4346347,-75.0664427
18951,40.45918,-75.3474343
18954,40.2254128,-74.9929571
18955,40.4824448,-75.3113187
18960,40.3662953,-75.3258952
18962,40.3446038,-75.2704537
18964,40.3034703,-75.3378892
18966,40.1884675,-75.0098978
18969,40.3263042,-75.3684222
18970,40.4120186,-75.3811109
18972,40.52732,-75.1246664
18974,40.2170615,-75.072803
18976,40.2488212,-75.1435223
18977,40.2841726,-74.8741697
18980,40.2727602,-75.0109432
19001,40.12623,-75.1265114
19002,40.1877533,-75.215847
19003,40.0021131,-75.2983952
19004,40.0097528,-75.2315075
19006,40.1285725,-75.0597185
19007,40.1163877,-74.8570779
19008,39.9742189,-75.361244
19009,40.1377983,-75.0631214
19010,40.0237641,-75.3304712
19012,40.0596915,-75.1058737
19013,39.8454139,-75.374817
19014,39.8649072,-75.4329577
19015,39.8665295,-75.391496
19017,39.8908418,-75.4629525
19018,39.9231458,-75.2983222
19020,40.0997485,-74.9378293
19021,40.0889439,-74.8940789
19022,39.8572439,-75.3377385
19023,39.9172403,-75.2670862
19025,40.1455842,-75.1632238
19026,39.9503538,-75.3040475
19027,40.0734499,-75.1245447
19029,39.8626995,-75.2927337
19030,40.1820979,-74.8346002
19031,40.1082497,-75.217468
19032,39.8882463,-75.2757744
19033,39.8908045,-75.3288497
19034,40.1335152,-75.2095093
19035,40.0513493,-75.2776415
19036,39.9037117,-75.2932363
19038,40.10521,-75.1698118
19040,40.1772937,-75.1061898
19041,40.0044843,-75.3200022
19043,39.9004825,-75.3088935
19044,40.188988,-75.1524834
19046,40.1013409,-75.1055774
19047,40.1804475,-74.9124514
19050,39.9376388,-75.2635085
19052,39.8971793,-75.4453364
19053,40.1539183,-74.9749908
19054,40.1706923,-74.8165845
19055,40.1503072,-74.839218
19056,40.1495082,-74.8847436
19057,40.1408899,-74.8583617
19060,39.8506991,-75.4919649
19061,39.8278182,-75.4319263
19063,39.9222285,-75.414058
19064,39.9320784,-75.3389621
19066,40.0021757,-75.2488987
19067,40.2299969,-74.8593499
19070,39.9063157,-75.3245391
19072,40.0238909,-75.2577412
19073,39.9832527,-75.4292182
19074,39.8859902,-75.2957559
19075,40.1122984,-75.1866719
19076,39.8860973,-75.3073696
19078,39.8736405,-75.3213307
19079,39.9022631,-75.2657177
19081,39.8986044,-75.3475097
19082,39.9604279,-75.2703203
19083,39.9771533,-75.3119474
19085,40.0369727,-75.349913
19086,39.8909427,-75.37016
19087,40.0620985,-75.4003943
19090,40.1480715,-75.1240821
19094,39.8750329,-75.3466942
19095,40.0858754,-75.1513656
19096,39.9981467,-75.2739083
19102,39.9529827,-75.165474
19103,39.953372,-75.1741867
19104,39.9585178,-75.1988562
19106,39.9466488,-75.1422316
19107,39.9517635,-75.1586669
19108,39.9598652,-75.1608295
19109,39.9496517,-75.1636541
19111,40.0606116,-75.0801761
19112,39.8898568,-75.1693899
19113,39.8713633,-75.2729468
19114,40.0693988,-75.0001617
19115,40.0906983,-75.0428683
19116,40.1174184,-75.0151008
19118,40.073872,-75.2112169
19119,40.0528114,-75.191167
19120,40.0341472,-75.1191981
19121,39.9820706,-75.1798246
19122,39.9777098,-75.1457222
19123,39.9637337,-75.1454818
19124,40.0172569,-75.0952614
19125,39.9765201,-75.1246555
19126,40.0561195,-75.1365642
19127,40.0292379,-75.2269144
19128,40.0495245,-75.230253
19129,40.0130138,-75.1854021
19130,39.967502,-75.1746715
19131,39.9869367,-75.2192463
19132,39.9968642,-75.1708714
19133,39.9930071,-75.1410155
19134,39.9892232,-75.1087557
19135,40.0217279,-75.0506705
19136,40.0401291,-75.0195833
19137,39.9929998,-75.0720521
19138,40.0559566,-75.1594851
19139,39.9615748,-75.2311461
19140,40.0122787,-75.1450836
19141,40.0379207,-75.1453771
19142,39.9217521,-75.233279
19143,39.9438059,-75.2265512
19144,40.0319286,-75.1760994
19145,39.9145012,-75.1912173
19146,39.9394957,-75.1841456
19147,39.9364044,-75.1547288
19148,39.9116118,-75.1514751
19149,40.0378302,-75.0655419
19150,40.0725125,-75.1716942
19151,39.9796129,-75.2570434
19152,40.0615952,-75.0463848
19153,39.8799865,-75.2379076
19154,40.0956701,-74.9825524
19301,40.0402789,-75.4803413
19310,39.9350938,-75.9728333
19311,39.8210951,-75.7713469
19312,40.032159,-75.4513538
19316,40.0540833,-75.8338361
19317,39.8624607,-75.6027869
19319,39.9268161,-75.524481
19320,39.9629911,-75.8320263
19330,39.8682917,-75.9137851
19333,40.0418724,-75.4235971
19335,40.0226176,-75.721218
19341,40.0399668,-75.6407522
19342,39.9076384,-75.5000252
19343,40.1007718,-75.7549454
19344,40.0835766,-75.8813635
19345,40.0296987,-75.5695191
19348,39.8660238,-75.7202427
19350,39.7602758,-75.7963527
19352,39.7837726,-75.8883274
19355,40.045497,-75.5279035
19358,39.9644042,-75.807075
19362,39.7507432,-76.0703829
19363,39.7878214,-75.9681148
19365,39.9663707,-75.9251291
19367,39.962894,-75.8838692
19369,39.9806902,-75.8947344
19372,39.9990558,-75.7574451
19373,39.9011034,-75.5334985
19374,39.8293179,-75.7512003
19375,39.9000525,-75.7369802
19380,39.9872183,-75.6031377
19382,39.9276646,-75.6131662
19383,39.9366172,-75.6060006
19390,39.8360969,-75.842359
19401,40.1301797,-75.3316289
19403,40.1485227,-75.3790798
19405,40.0996436,-75.334292
19406,40.0948791,-75.3856845
19422,40.1568103,-75.2793927
19425,40.1049545,-75.6436649
19426,40.1892353,-75.4381021
19428,40.0802158,-75.3025042
19435,40.327903,-75.5652048
19436,40.2025018,-75.2488052
19437,40.1801013,-75.260459
19438,40.2694394,-75.3900061
19440,40.2851373,-75.2909069
19442,40.1326998,-75.5787882
19444,40.0868574,-75.254274
19446,40.2306803,-75.3036471
19453,40.1383969,-75.502225
19454,40.2261125,-75.2437858
19456,40.1366431,-75.4596367
19457,40.2068808,-75.5857511
19460,40.1263291,-75.5299458
19462,40.1153449,-75.2819896
19464,40.2589278,-75.6158611
19465,40.1903873,-75.6845692
19468,40.207649,-75.5320604
19472,40.3404464,-75.5818873
19473,40.2561677,-75.4825341
19474,40.2242636,-75.4049946
19475,40.1716542,-75.5987539
19477,40.1844533,-75.2357956
19490,40.1967232,-75.3540043
19492,40.2822938,-75.493445
19501,40.244477,-76.064701
19503,40.4080094,-75.5714783
19504,40.4162153,-75.5885544
19505,40.3790952,-75.6224198
19506,40.4542179,-76.1286901
19507,40.5051666,-76.270312
19508,40.2603892,-75.8321217
19510,40.4459177,-75.8820153
19511,40.4859168,-75.7432297
19512,40.350632,-75.679126
19516,40.4868548,-76.0052641
19518,40.2716348,-75.7500516
19520,40.1574842,-75.8007297
19522,40.4494185,-75.8167318
19523,40.2008665,-75.8507722
19525,40.3088393,-75.5861069
19526,40.5470959,-75.9966381
19529,40.6411204,-75.858751
19530,40.5390734,-75.7814441
19533,40.425173,-75.9926726
19534,40.582788,-75.8793342
19535,40.3397289,-75.7943044
19536,40.4805775,-75.7589483
19538,40.5475771,-75.7026233
19539,40.4963135,-75.6835576
19540,40.2362773,-75.9666095
19541,40.4783212,-76.0177929
19543,40.1756205,-75.8949814
19544,40.4168761,-76.2965655
19545,40.3405105,-75.6304761
19547,40.3807158,-75.7729478
19549,40.5832526,-76.0308144
19550,40.4546167,-76.2496001
19551,40.3617823,-76.1373239
19554,40.5128791,-76.1037329
19555,40.4943812,-75.9539208
19559,40.4931711,-76.1851269
19560,40.403867,-75.8804011
19562,40.5029887,-75.7017671
19564,40.5180152,-75.8720585
19565,40.3425065,-76.0882409
19567,40.3990699,-76.2093653
19601,40.3569533,-75.9383469
19602,40.3275626,-75.9167243
19604,40.3582985,-75.90947
19605,40.3985704,-75.9461231
19606,40.3389156,-75.8570786
19607,40.2914828,-75.9447914
19608,40.3144912,-76.0352132
19609,40.3276817,-75.9965195
19610,40.3415353,-75.9749208
19611,40.3246743,-75.9428571
19701,39.5838947,-75.6969951
19702,39.6181998,-75.7297243
19703,39.8015141,-75.4538529
19706,39.5749538,-75.5906758
19707,39.785594,-75.68364
19709,39.4943689,-75.67747
19710,39.789573,-75.5846839
19711,39.7137809,-75.7408261
19713,39.6707511,-75.7101225
19716,39.6679591,-75.7461839
19717,39.678689,-75.7499623
19720,39.6454667,-75.6044962
19730,39.4549542,-75.6610367
19731,39.5094336,-75.6012906
19732,39.8002958,-75.5745993
19733,39.5590847,-75.6515225
19734,39.3816439,-75.6533217
19735,39.8066432,-75.5973311
19736,39.7803309,-75.6428125
19801,39.723588,-75.5412081
19802,39.7550415,-75.5264624
19803,39.7998719,-75.5422315
19804,39.7187611,-75.6218676
19805,39.7452101,-75.593712
19806,39.7625423,-75.5632982
19807,39.7965002,-75.6128401
19808,39.7376151,-75.6670572
19809,39.7566739,-75.5010351
19810,39.818682,-75.5061826
19901,39.1815422,-75.4735201
19902,39.127656,-75.4669115
19904,39.1712793,-75.587619
19930,38.5528625,-75.069397
19931,38.569298,-75.6104506
19933,38.7330183,-75.603361
19934,39.0847274,-75.6273547
19936,39.2186348,-75.5851142
19938,39.2564647,-75.6988217
19939,38.568957,-75.207538
19940,38.4775616,-75.5649307
19941,38.7936579,-75.4260621
19943,39.0044358,-75.6069858
19944,38.4778676,-75.0530825
19945,38.4978939,-75.2290333
19946,39.0348019,-75.4495848
19947,38.6702708,-75.4046587
19950,38.8184505,-75.5967427
19951,38.6852574,-75.2551535
19952,38.9166995,-75.6121042
19953,39.152487,-75.6941327
19954,38.8970097,-75.5204569
19955,39.2269685,-75.664724
19956,38.5476448,-75.5381863
19958,38.7287137,-75.1685073
19960,38.8509127,-75.4087158
19962,39.0688084,-75.4883882
19963,38.9432534,-75.362567
19964,39.0960269,-75.7254632
19966,38.579422,-75.277196
19967,38.5397059,-75.1208625
19968,38.7829203,-75.2798022
19970,38.5549727,-75.0994048
19971,38.6945036,-75.0996997
19973,38.6344621,-75.623572
19975,38.4689187,-75.171673
19977,39.2989462,-75.5461219
19979,39.0503674,-75.5764624
19980,39.0735222,-75.5701686
20001,38.9103532,-77.0177386
20002,38.9050256,-76.9836072
20003,38.88184,-76.9909398
20004,38.8950934,-77.0265838
20005,38.9044378,-77.0315974
20006,38.8984817,-77.0412047
20007,38.9177159,-77.0906354
20008,38.9348147,-77.0589402
20009,38.9191435,-77.0373808
20010,38.9328249,-77.0317976
20011,38.9525135,-77.0229909
20012,38.979021,-77.0308009
20015,38.9668893,-77.0583229
20016,38.9369089,-77.0900373
20017,38.9381535,-76.9929093
20018,38.9265762,-76.9744461
20019,38.8922458,-76.9417718
20020,38.8603815,-76.9789613
20024,38.8705434,-77.0268258
20032,38.8318815,-77.0165564
20036,38.9070335,-77.0416774
20037,38.8924593,-77.0538112
20045,38.8967315,-77.0307978
20052,38.8987895,-77.0477869
20057,38.9089712,-77.0751714
20059,38.92246,-77.0200417
20064,38.9363715,-76.9992097
20105,38.9531689,-77.6035937
20106,38.6993465,-78.0022087
20109,38.7938977,-77.530962
20110,38.7460706,-77.4876726
20111,38.7489677,-77.4278735
20112,38.6708065,-77.4301059
20115,38.8163073,-77.8895697
20117,38.9988218,-77.7339374
20119,38.6206301,-77.6256616
20120,38.8568002,-77.4840714
20121,38.8110335,-77.4629439
20124,38.7813316,-77.3913325
20129,39.1633579,-77.5932044
20130,39.0396759,-77.9418722
20132,39.165816,-77.7269452
20135,39.0863126,-77.887226
20136,38.7298337,-77.5441627
20137,38.806579,-77.7224372
20141,39.1212727,-77.7909411
20143,38.8753014,-77.5622496
20144,38.9207255,-77.9354337
20147,39.0419474,-77.4781301
20148,38.993905,-77.5321955
20151,38.897187,-77.4438744
20152,38.899353,-77.5187056
20155,38.8066624,-77.6213569
20158,39.1398464,-77.6586295
20164,39.0111035,-77.3968493
20165,39.0575376,-77.392009
20166,38.9700316,-77.464002
20169,38.8720777,-77.6413841
20170,38.9798421,-77.3797496
20171,38.9268735,-77.3967746
20175,39.0643984,-77.603768
20176,39.1803229,-77.5334585
20180,39.2685909,-77.6376364
20181,38.6691089,-77.5495703
20184,39.0014193,-77.8785769
20186,38.6877987,-77.8396067
20187,38.7221314,-77.7369192
20190,38.9591868,-77.34107
20191,38.9333152,-77.3501175
20194,38.9810409,-77.3407847
20197,39.1952099,-77.6280096
20198,38.8841426,-77.7445592
20204,38.8855585,-77.0144293
20220,38.8971173,-77.0343594
20230,38.8937438,-77.0356726
20240,38.8944563,-77.0426047
20245,38.893583,-77.0450401
20250,38.8856068,-77.0328047
20260,38.8835438,-77.0250324
20317,38.9348414,-77.0143869
20319,38.8669467,-77.0169654
20373,38.8545233,-77.0130709
20388,38.8724291,-76.9938997
20390,38.8790191,-76.9936955
20408,38.8928451,-77.0230111
20415,38.8949329,-77.0441726
20418,38.8928004,-77.0477644
20422,38.9271283,-77.0103157
20427,38.9020575,-77.047558
20431,38.8989496,-77.0441859
20510,38.8927801,-77.00689
20515,38.8868159,-77.0090124
20520,38.8947001,-77.0484809
20530,38.893124,-77.0250234
20535,38.8951357,-77.0249329
20540,38.8879292,-77.0047135
20542,38.9413565,-77.0280102
20551,38.8928021,-77.0457999
20560,38.8901257,-77.0272448
20565,38.8901299,-77.0194866
20566,38.8957524,-77.0556342
20591,38.8869455,-77.0229684
20601,38.6195583,-76.8560416
20602,38.5832476,-76.8947026
20603,38.6291298,-76.9755865
20606,38.2580114,-76.7433064
20607,38.6733129,-77.0268402
20608,38.5824048,-76.7009977
20609,38.281215,-76.7484718
20611,38.4551404,-76.9874804
20612,38.5095139,-76.6793287
20613,38.6711682,-76.8053038
20615,38.411433,-76.548803
20616,38.6619476,-77.0984584
20617,38.5438411,-76.8525113
20618,38.2760117,-76.7998806
20619,38.292531,-76.5276622
20620,38.2331216,-76.5218305
20621,38.3261496,-76.8010545
20622,38.4173548,-76.8780123
20623,38.7416148,-76.842456
20624,38.3380796,-76.7334994
20625,38.2574806,-76.8445296
20626,38.2365282,-76.7634813
20628,38.1529982,-76.3398589
20629,38.3441089,-76.4560289
20630,38.160103,-76.4634565
20632,38.4228005,-76.9548204
20634,38.2417107,-76.4982773
20636,38.3521408,-76.5671865
20637,38.525112,-76.7559887
20639,38.6012413,-76.6054764
20640,38.5267336,-77.2016028
20645,38.297219,-76.9161836
20646,38.5206527,-76.9999154
20650,38.2599301,-76.6324201
20653,38.2370888,-76.4286917
20656,38.3384573,-76.681318
20657,38.3841953,-76.4400572
20658,38.5707101,-77.1583564
20659,38.4078939,-76.7320447
20660,38.3693,-76.7073103
20661,38.2636975,-76.8489863
20662,38.4285071,-77.2053249
20664,38.3427009,-76.9102417
20667,38.2152365,-76.447756
20670,38.2848482,-76.4076612
20674,38.1471228,-76.5352489
20675,38.583482,-77.0152376
20676,38.4873605,-76.5453259
20677,38.495253,-77.036717
20678,38.5251117,-76.5954004
20680,38.1091301,-76.3858857
20684,38.1254868,-76.4205439
20685,38.4343788,-76.5286806
20686,38.1870787,-76.432826
20687,38.0636978,-76.3396891
20688,38.3272586,-76.4643239
20689,38.6702753,-76.5859164
20690,38.1583662,-76.5347796
20692,38.1803531,-76.4996123
20693,38.4590575,-77.0873524
20695,38.5877672,-76.9787999
20701,39.1325223,-76.7882637
20705,39.047104,-76.8980792
20706,38.9658805,-76.8510916
20707,39.0955933,-76.8838771
20708,39.0425507,-76.8264852
20710,38.9416798,-76.9258763
20711,38.8010585,-76.6451073
20712,38.9423613,-76.9645782
20714,38.7030753,-76.5328526
20715,38.9868059,-76.7362659
20716,38.9264277,-76.715028
20720,38.9963755,-76.7833773
20721,38.9152216,-76.7851292
20722,38.9345568,-76.9505961
20723,39.1376783,-76.8679423
20724,39.0802701,-76.7905607
20732,38.65514,-76.5425708
20733,38.8056527,-76.5322289
20735,38.7509174,-76.902669
20736,38.6899135,-76.6172736
20737,38.9623734,-76.9151911
20740,39.0027434,-76.9308045
20742,38.9941833,-76.9434403
20743,38.883854,-76.8942318
20744,38.745892,-76.9832014
20745,38.805571,-76.9946544
20746,38.8364025,-76.918265
20747,38.8533085,-76.8830285
20748,38.8148678,-76.933447
20751,38.794437,-76.5611986
20754,38.7318073,-76.6565804
20755,39.0984972,-76.7454792
20758,38.7340047,-76.5896162
20759,39.1539769,-76.9311714
20762,38.8098046,-76.869158
20763,39.1372624,-76.8200914
20764,38.8319413,-76.5043243
20765,38.8463965,-76.5476172
20769,38.9918755,-76.8092106
20770,38.9997261,-76.8891122
20771,39.0085925,-76.8559764
20772,38.7802744,-76.7669897
20774,38.8762553,-76.7696026
20776,38.8783505,-76.5920051
20777,39.174938,-76.969085
20778,38.8287011,-76.5727471
20779,38.7585896,-76.5694968
20781,38.9528596,-76.9462896
20782,38.9658785,-76.9660841
20783,38.9970672,-76.9667831
20784,38.9505489,-76.8917198
20785,38.9182912,-76.8819478
20794,39.1514751,-76.7947026
20812,38.9670408,-77.1438813
20814,39.0048389,-77.1030042
20815,38.9833856,-77.0793367
20816,38.9569499,-77.1200056
20817,38.9972787,-77.1518162
20818,38.973486,-77.1623891
20832,39.1503487,-77.0782506
20833,39.210355,-77.0616217
20837,39.116506,-77.407115
20838,39.2240484,-77.3704875
20839,39.1815388,-77.4307959
20841,39.1819614,-77.3224701
20842,39.1998791,-77.415266
20850,39.0892312,-77.1804449
20851,39.0780702,-77.1208381
20852,39.0515111,-77.1239735
20853,39.101747,-77.0946025
20854,39.032772,-77.2208298
20855,39.136974,-77.1318007
20860,39.1509641,-77.0349624
20861,39.1486846,-76.9990848
20862,39.1807996,-77.0173953
20866,39.1092797,-76.9339476
20868,39.1258722,-76.961413
20871,39.258885,-77.2818288
20872,39.2992029,-77.2065608
20874,39.1330557,-77.3018279
20876,39.206734,-77.233675
20877,39.1406014,-77.1920601
20878,39.1126374,-77.2504363
20879,39.1672978,-77.1641467
20880,39.1406994,-77.1745331
20882,39.2286822,-77.1626524
20886,39.1885123,-77.2051429
20889,39.0037557,-77.0869642
20892,39.000635,-77.1037108
20894,38.9958599,-77.1021385
20895,39.0270479,-77.0775897
20896,39.035234,-77.0950388
20899,39.1443997,-77.2161752
20901,39.0214946,-77.0097789
20902,39.0437553,-77.042369
20903,39.0214333,-76.9807743
20904,39.0703787,-76.9773786
20905,39.1098657,-76.9880769
20906,39.0872347,-77.0549522
20910,39.0028598,-77.0366464
20912,38.9816005,-77.0011588
21001,39.5044883,-76.2010488
21005,39.4726321,-76.1106659
21009,39.4714684,-76.2846365
21010,39.3909318,-76.2926291
21012,39.0465618,-76.4956258
21013,39.5114897,-76.4908
21014,39.5358395,-76.35161
21015,39.5441757,-76.292469
21017,39.4748314,-76.2345748
21023,39.523198,-76.7401962
21028,39.5659645,-76.249527
21029,39.2135595,-76.9593926
21030,39.51582,-76.6987505
21031,39.4873924,-76.6579383
21032,39.0283428,-76.6041445
21034,39.6405816,-76.2231037
21035,38.9382997,-76.6265878
21036,39.2346438,-77.006739
21037,38.9192535,-76.5434919
21040,39.429886,-76.2836098
21042,39.2771813,-76.8946024
21043,39.2558362,-76.8014909
21044,39.2052742,-76.8787373
21045,39.2060417,-76.8282341
21046,39.1740578,-76.8353543
21047,39.5269415,-76.4380785
21048,39.5003752,-76.9245375
21050,39.5853432,-76.3921644
21051,39.4726914,-76.4558413
21052,39.2050233,-76.439629
21053,39.6967919,-76.7146718
21054,39.0555925,-76.6904995
21056,39.078951,-76.4362465
21057,39.4487483,-76.5124738
21060,39.1736398,-76.5776418
21061,39.1608968,-76.6321115
21071,39.483808,-76.8103603
21074,39.6215986,-76.8399309
21075,39.2030927,-76.7507147
21076,39.1714019,-76.7233409
21077,39.1583646,-76.6995387
21078,39.5592292,-76.1412483
21082,39.4781119,-76.4734715
21084,39.6135609,-76.4664414
21085,39.4458801,-76.3570152
21087,39.4493138,-76.4132403
21090,39.2095672,-76.6647411
21093,39.4379729,-76.6421727
21102,39.6921647,-76.8476447
21104,39.3469035,-76.9127573
21105,39.7151286,-76.6522823
21108,39.0903071,-76.6212634
21111,39.5755361,-76.589691
21113,39.0626855,-76.7124172
21114,39.0096874,-76.6838601
21117,39.4275691,-76.7757593
21120,39.6462041,-76.674854
21122,39.1142829,-76.4873942
21128,39.40467,-76.4482231
21130,39.4747694,-76.1893966
21131,39.5044922,-76.5891955
21132,39.6955371,-76.4222014
21133,39.3783611,-76.8113362
21136,39.4391359,-76.8445479
21140,38.9508419,-76.586726
21144,39.1205705,-76.6776205
21146,39.0791362,-76.5586985
21152,39.555195,-76.6859241
21153,39.4178437,-76.7005209
21154,39.6574489,-76.3604752
21155,39.5736188,-76.8060792
21156,39.4291592,-76.4038729
21157,39.548569,-76.9835578
21158,39.6537173,-77.0351268
21160,39.7002496,-76.306543
21161,39.6599027,-76.5650601
21162,39.3901158,-76.4055821
21163,39.3375267,-76.8482467
21201,39.2949613,-76.6223408
21202,39.2974251,-76.6077216
21204,39.4063886,-76.6260724
21205,39.3022404,-76.5640782
21206,39.3384283,-76.5388766
21207,39.3241672,-76.7194841
21208,39.3839593,-76.7242608
21209,39.375252,-76.6626173
21210,39.3576333,-76.6349856
21211,39.3287457,-76.6392811
21212,39.3673064,-76.6145864
21213,39.315031,-76.5774287
21214,39.3521433,-76.5643317
21215,39.3459466,-76.6822058
21216,39.3105945,-76.6717168
21217,39.3070396,-76.6383279
21218,39.3301071,-76.6014512
21219,39.2301923,-76.4360766
21220,39.343079,-76.3908834
21221,39.2921246,-76.4369949
21222,39.264602,-76.4955574
21223,39.2829512,-76.6538772
21224,39.2759091,-76.5419279
21225,39.2261173,-76.6157349
21226,39.2088881,-76.5629259
21227,39.2399698,-76.6794498
21228,39.2728571,-76.7477405
21229,39.2842394,-76.6914035
21230,39.268123,-76.6267164
21231,39.2885065,-76.5920238
21233,39.2924629,-76.6049576
21234,39.3932536,-76.5318217
21236,39.3882308,-76.4836849
21237,39.3415368,-76.4952701
21239,39.3651585,-76.5871011
21240,39.1748274,-76.6718021
21244,39.3350046,-76.7767055
21250,39.2556105,-76.7111793
21251,39.3499217,-76.5802312
21252,39.3941158,-76.6113826
21285,39.38749,-76.6170052
21286,39.4118361,-76.5732346
21287,39.2991599,-76.5883272
21401,38.9879414,-76.5527162
21402,38.9883929,-76.4706809
21403,38.9421231,-76.4896281
21405,39.0281455,-76.5480157
21409,39.018435,-76.4425333
21502,39.6414768,-78.7560881
21520,39.6366195,-79.3078431
21521,39.5496743,-79.0464616
21523,39.481331,-79.0785096
21524,39.7066664,-78.8020579
21529,39.713709,-78.7761814
21530,39.6796402,-78.5461225
21531,39.6430455,-79.4280863
21532,39.6490768,-78.9847322
21536,39.6569596,-79.1655658
21538,39.4099317,-79.22429
21539,39.5952184,-79.0095186
21540,39.4787812,-79.0589034
21541,39.5414715,-79.380026
21542,39.5912156,-78.9507838
21543,39.6436215,-78.9610061
21545,39.7040663,-78.8545113
21550,39.3917334,-79.3923847
21555,39.5751402,-78.5625738
21557,39.522914,-78.9277335
21560,39.5650477,-78.7062129
21561,39.4915887,-79.1944006
21562,39.513851,-79.0393801
21601,38.7924673,-76.0878813
21607,39.133987,-75.8564354
21610,39.3670721,-76.072495
21612,38.7521701,-76.2667893
21613,38.5027899,-76.0788754
21617,39.0493575,-76.044545
21619,38.9424469,-76.2657424
21620,39.2079523,-76.082801
21622,38.4144653,-76.1592528
21623,39.1240349,-75.9667479
21624,38.8344133,-76.2757428
21625,38.8641162,-75.9814939
21626,38.3427116,-76.0679446
21627,38.2331142,-76.0464042
21628,39.2331736,-75.9220485
21629,38.8586716,-75.8250789
21631,38.5823914,-75.9389815
21632,38.731398,-75.7724278
21634,38.2859463,-76.1942919
21635,39.3347913,-75.8466243
21636,39.0149835,-75.7957781
21638,38.9402014,-76.2076043
21639,38.9587324,-75.7824989
21640,39.0681413,-75.8209483
21641,38.9170426,-75.9417789
21643,38.6455838,-75.8698956
21644,39.1172385,-75.8743929
21645,39.3158186,-75.9561646
21647,38.7961084,-76.2848122
21648,38.5087995,-76.2397918
21649,39.1455583,-75.7841896
21650,39.3105814,-75.8086329
21651,39.2560517,-75.8583943
21652,38.7189515,-76.2810225
21653,38.7440163,-76.175776
21654,38.6901064,-76.1315944
21655,38.7449676,-75.9127679
21657,38.9386066,-75.9810871
21658,38.9442683,-76.143938
21659,38.5750465,-75.80042
21660,38.9562196,-75.8889481
21661,39.0961215,-76.2194884
21662,38.7142479,-76.2006801
21663,38.7880294,-76.2311828
21664,38.6075724,-75.9471133
21665,38.7548624,-76.3681114
21666,38.940139,-76.3357899
21667,39.343735,-76.0518731
21668,39.1905542,-75.8505274
21669,38.4619626,-76.2951713
21671,38.6955736,-76.3351279
21672,38.2716986,-76.0527038
21673,38.6422853,-76.0434921
21675,38.2889789,-76.0895996
21676,38.7874345,-76.3011374
21677,38.4721827,-76.1738435
21678,39.3136002,-76.1133483
21679,38.9204782,-76.0941153
21701,39.4435839,-77.3328915
21702,39.4797779,-77.4432053
21703,39.3670313,-77.4734816
21704,39.3548834,-77.3759022
21705,39.40886,-77.4100075
21710,39.3079027,-77.432062
21711,39.6683956,-78.0195689
21713,39.5250786,-77.6696499
21714,39.4105907,-77.5100506
21715,39.3787597,-77.6607216
21716,39.3177995,-77.626706
21717,39.338627,-77.4315272
21718,39.3934968,-77.6277883
21719,39.7045347,-77.5004636
21722,39.6645049,-77.913452
21723,39.3291071,-77.002612
21727,39.6886152,-77.329281
21733,39.5500142,-77.7583546
21734,39.6058007,-77.7037998
21737,39.2482599,-77.0271246
21738,39.2798437,-77.0267063
21740,39.6319055,-77.7439079
21742,39.6782193,-77.6527202
21746,39.5659086,-77.714139
21750,39.6622623,-78.2359748
21754,39.3321139,-77.316213
21755,39.3596546,-77.5681276
21756,39.4598363,-77.6935032
21757,39.5938612,-77.2581391
21758,39.3532047,-77.6568133
21762,39.4805897,-77.248289
21766,39.6704707,-78.3878895
21767,39.6977932,-77.7465363
21769,39.4424641,-77.5689083
21770,39.3501894,-77.2562401
21771,39.3949368,-77.1581933
21773,39.5426551,-77.5515428
21774,39.4101683,-77.2741929
21776,39.5180058,-77.0997095
21777,39.2792959,-77.5287272
21778,39.615806,-77.328421
21779,39.4244843,-77.6539935
21780,39.6721512,-77.471618
21781,39.5712526,-77.7598055
21782,39.4554706,-77.7602353
21783,39.6519519,-77.5525921
21784,39.4010843,-76.973736
21787,39.6776295,-77.1725906
21788,39.5899788,-77.4138613
21790,39.2627368,-77.5027457
21791,39.5330532,-77.1885604
21793,39.4891553,-77.3442164
21794,39.2984215,-76.9661279
21795,39.5806089,-77.8236976
21797,39.3311751,-77.0686056
21798,39.5377505,-77.2950783
21801,38.3494183,-75.6784687
21804,38.3140818,-75.5321062
21810,38.2906748,-75.6892658
21811,38.3210677,-75.2222075
21813,38.4227992,-75.1796862
21814,38.2930762,-75.8992961
21817,37.9810248,-75.8360694
21821,38.1645945,-75.9166595
21822,38.2883789,-75.6609634
21824,37.9845318,-76.0373894
21826,38.3203933,-75.626502
21829,38.0976594,-75.3714559
21830,38.3973628,-75.7347684
21835,38.5342089,-75.9360349
21837,38.4545671,-75.7663196
21838,38.0179048,-75.7379202
21840,38.2487356,-75.900009
21841,38.2237712,-75.2810867
21842,38.363088,-75.085032
21849,38.3646884,-75.4563257
21850,38.3617305,-75.3970777
21851,38.0776505,-75.5435163
21853,38.2035399,-75.7208873
21856,38.3307295,-75.7948849
21861,38.5364396,-75.7273521
21862,38.395818,-75.2129315
21863,38.1879128,-75.3990414
21864,38.0315721,-75.4058124
21865,38.2827571,-75.8269951
21866,37.9671275,-76.0213655
21867,38.1102757,-75.7939726
21869,38.3868007,-75.9159938
21871,38.1068003,-75.7415224
21872,38.4151309,-75.2992602
21874,38.3938409,-75.3520025
21875,38.4399986,-75.5446952
21890,38.1580813,-75.7009049
21901,39.5830567,-75.9667998
21902,39.5523517,-76.0637579
21903,39.5741066,-76.0452365
21904,39.6154896,-76.0679877
21911,39.6950564,-76.0318113
21912,39.4194145,-75.8186317
21913,39.4140217,-75.8699237
21914,39.5751226,-75.9845686
21915,39.4961474,-75.8481678
21917,39.671632,-76.0973973
21918,39.6781944,-76.1758883
21919,39.4185535,-75.933709
21920,39.6562465,-75.8410064
21921,39.6271448,-75.8598906
21930,39.3701298,-75.8873355
22003,38.8302613,-77.214454
22015,38.7860235,-77.2800146
22025,38.5918956,-77.3494971
22026,38.5600662,-77.2962117
22027,38.8948532,-77.2230482
22030,38.8371855,-77.3404797
22031,38.8589199,-77.260273
22032,38.8176733,-77.2902217
22033,38.8752183,-77.3847133
22035,38.8563149,-77.3628508
22039,38.7485768,-77.3144934
22041,38.8493213,-77.1414717
22042,38.8651427,-77.1939133
22043,38.901488,-77.1974239
22044,38.8620439,-77.1543717
22046,38.8863344,-77.1809752
22060,38.6993531,-77.1574972
22066,39.0123574,-77.3019419
22079,38.6757353,-77.2038396
22101,38.9402029,-77.1648824
22102,38.950951,-77.2295525
22124,38.8948719,-77.3295127
22125,38.681729,-77.2618611
22134,38.5325061,-77.4050242
22150,38.7728635,-77.1865229
22151,38.8040933,-77.2078041
22152,38.7744932,-77.2320292
22153,38.7449686,-77.23564
22172,38.5789566,-77.3999141
22180,38.8954393,-77.2561334
22181,38.9055454,-77.2897778
22182,38.9368269,-77.2735811
22191,38.6229139,-77.2629379
22192,38.6842185,-77.3179418
22193,38.6440651,-77.350545
22201,38.8868035,-77.0949922
22202,38.8568537,-77.0514952
22203,38.8737773,-77.1164184
22204,38.860742,-77.0989554
22205,38.8833706,-77.1395375
22206,38.8440265,-77.0872332
22207,38.9066646,-77.1242382
22209,38.8944301,-77.0734056
22211,38.8801141,-77.0747908
22213,38.8946449,-77.1623956
22214,38.8749062,-77.0650496
22301,38.8199568,-77.0592851
22302,38.8278875,-77.0831325
22303,38.7939985,-77.081843
22304,38.8132039,-77.1122681
22305,38.8364625,-77.0620981
22306,38.74979,-77.1074005
22307,38.7703597,-77.0590829
22308,38.7292824,-77.0609943
22309,38.7203355,-77.1061545
22310,38.7846558,-77.1221815
22311,38.8339909,-77.1255106
22312,38.817531,-77.1538658
22314,38.8068534,-77.0563741
22315,38.7567636,-77.1474318
22401,38.2992718,-77.4866583
22405,38.3136039,-77.4039276
22406,38.3997214,-77.5467295
22407,38.2849204,-77.5805983
22408,38.2114778,-77.4525015
22427,38.0723447,-77.2885899
22432,37.8608555,-76.3554367
22433,38.3670574,-77.8593858
22435,37.9667908,-76.5721065
22436,38.0841682,-77.1174563
22437,37.7803525,-76.8117674
22438,38.0429719,-76.9957762
22443,38.1695144,-76.9868049
22448,38.3363097,-77.0284536
22454,37.832662,-76.8451058
22460,37.8692825,-76.6073594
22469,38.0635775,-76.6434807
22472,37.9588332,-76.6725087
22473,37.8817131,-76.4118378
22476,38.0380449,-77.0674191
22480,37.6625531,-76.4122261
22482,37.7366125,-76.3466495
22485,38.2771795,-77.1626377
22488,38.0494552,-76.5874807
22503,37.7504736,-76.5153377
22504,37.7689223,-76.7206844
22508,38.3131871,-77.7984717
22509,38.106151,-77.073566
22511,37.9944486,-76.5043819
22514,38.008001,-77.32938
22520,38.1185828,-76.8124179
22529,38.0115515,-76.6895483
22534,38.0872471,-77.6689864
22535,38.1181807,-77.1966307
22538,38.1927941,-77.2754904
22539,37.860613,-76.2860355
22542,38.2931551,-77.8925386
22546,37.944471,-77.4461055
22548,37.8272252,-76.701525
22551,38.1870318,-77.7003559
22553,38.271762,-77.6400479
22554,38.4206802,-77.3746796
22556,38.4886668,-77.5151357
22560,37.9158495,-76.9610857
22567,38.2377984,-77.9275967
22572,37.9653007,-76.7710674
22576,37.6874301,-76.4406808
22578,37.6365708,-76.3561338
22580,38.1125614,-77.4367602
22601,39.174203,-78.1742889
22602,39.1442492,-78.2848073
22603,39.2809596,-78.2065224
22610,38.8246562,-78.2791427
22611,39.1631919,-77.9854478
22620,39.0604505,-78.0342131
22623,38.8489266,-78.1406637
22624,39.26121,-78.0962821
22625,39.3768045,-78.3093256
22627,38.7722953,-78.1487708
22630,38.9309135,-78.1764799
22637,39.2567404,-78.3527779
22639,38.8450381,-78.0345177
22640,38.8110285,-78.14057
22641,39.085212,-78.3932278
22642,38.9481175,-78.0277215
22643,38.8927581,-78.0127215
22644,38.9657851,-78.5453889
22645,39.0191808,-78.2747064
22646,39.0725174,-78.0509304
22650,38.7650839,-78.3646319
22652,38.8400907,-78.4317481
22654,39.0662442,-78.4640279
22655,39.0665062,-78.2092899
22656,39.2194827,-78.1006845
22657,39.0010868,-78.3706079
22660,38.9549414,-78.4402361
22663,39.0525449,-78.1123204
22664,38.8889193,-78.5324525
22701,38.4256973,-78.010459
22709,38.3287309,-78.2137367
22711,38.464504,-78.2788625
22712,38.554149,-77.751298
22713,38.5334942,-78.1359459
22714,38.5102525,-77.8905062
22715,38.4139536,-78.1846953
22716,38.6299903,-78.1030159
22718,38.4598978,-77.8279487
22719,38.5282302,-78.2813413
22720,38.4804962,-77.6482137
22722,38.4662501,-78.2270591
22723,38.3346049,-78.3803613
22724,38.6317293,-77.903995
22725,38.4405102,-78.156075
22726,38.3982004,-77.8165354
22727,38.4075939,-78.2952919
22728,38.5750063,-77.6802612
22729,38.3526806,-78.0178585
22730,38.3628893,-78.16386
22731,38.3441289,-78.261453
22732,38.308877,-78.1915299
22733,38.3211092,-78.0397502
22734,38.528612,-77.8097492
22735,38.4808647,-78.184506
22736,38.3982972,-77.6944626
22737,38.5920504,-78.0018121
22738,38.2855711,-78.2884041
22740,38.6456898,-78.2869532
22741,38.4496076,-77.863964
22742,38.464605,-77.7083332
22743,38.5400396,-78.3814119
22746,38.6264322,-78.0210606
22747,38.7090557,-78.1656739
22749,38.619494,-78.1842531
22801,38.4051466,-78.8807227
22802,38.494489,-78.8631597
22807,38.4345902,-78.8688701
22810,38.8339487,-78.8013079
22811,38.8110971,-78.991521
22812,38.3780766,-79.02717
22815,38.7125093,-78.8412089
22820,38.7448285,-78.983243
22821,38.4805297,-79.128405
22824,38.8467119,-78.628319
22827,38.3925494,-78.6149009
22830,38.6672442,-78.9750232
22831,38.5598976,-79.1221408
22832,38.4582157,-78.7572503
22834,38.5596221,-78.8546785
22835,38.6704309,-78.4553008
22840,38.3923978,-78.744139
22841,38.3417933,-78.8924892
22842,38.7780483,-78.6996608
22843,38.3684277,-79.1467888
22844,38.6615609,-78.6581188
22845,38.7766653,-78.8451486
22846,38.3848936,-78.7961947
22847,38.7180609,-78.7136386
22849,38.5253241,-78.6296266
22850,38.5647038,-78.9178228
22851,38.5437741,-78.5030088
22853,38.6517046,-78.758708
22901,38.0877052,-78.5527443
22902,37.9102755,-78.5221201
22903,38.0069723,-78.5950607
22904,38.0354359,-78.5112493
22908,38.0309791,-78.4965847
22911,38.097005,-78.4101473
22920,37.9687137,-78.8055392
22922,37.6857554,-78.9215028
22923,38.1893129,-78.3166801
22931,37.8989308,-78.7274293
22932,38.1475063,-78.696456
22935,38.2539615,-78.5626563
22936,38.1599975,-78.4991279
22937,37.8144673,-78.6120751
22938,37.8606533,-78.7753812
22939,38.103454,-78.9714681
22940,38.2105372,-78.594615
22942,38.1014432,-78.2021299
22943,38.0401712,-78.7783413
22946,37.8478828,-78.5635251
22947,38.0439888,-78.3247215
22948,38.363165,-78.1289678
22949,37.789079,-78.8834401
22952,37.9342186,-79.0142482
22957,38.229674,-78.1916773
22958,37.8927692,-78.894292
22959,37.9372725,-78.6565606
22960,38.2195215,-78.0632602
22963,37.8466615,-78.2939742
22964,37.7238293,-78.9910724
22967,37.7973054,-79.0140823
22968,38.2417217,-78.3937528
22969,37.7975003,-78.6933716
22971,37.7477854,-78.8002756
22972,38.2170084,-78.233485
22973,38.3354615,-78.467868
22974,37.9663268,-78.2673583
22976,37.8488594,-79.0458391
22980,38.0998373,-78.8805501
22989,38.2932098,-78.1190098
23002,37.3496845,-77.9593606
23004,37.6882884,-78.3992017
23005,37.7600374,-77.48366
23009,37.811987,-77.1750007
23011,37.4773543,-76.8124524
23015,37.9296418,-77.6428024
23021,37.4009637,-76.3718395
23022,37.737052,-78.2641597
23023,37.7689581,-76.9637286
23024,37.9277524,-77.7792737
23025,37.4151604,-76.3624159
23027,37.6464764,-78.1301745
23030,37.3459584,-77.0553137
23032,37.6554929,-76.6819491
23035,37.5001404,-76.3821035
23038,37.7534641,-78.1487887
23039,37.6528803,-77.8015775
23040,37.5201891,-78.2528364
23043,37.5575883,-76.3364338
23045,37.4253479,-76.2688078
23047,37.8462074,-77.4865312
23050,37.4877522,-76.4192976
23055,37.7682138,-78.2170106
23056,37.394328,-76.3838667
23059,37.702252,-77.5739948
23060,37.6596637,-77.5338267
23061,37.4277306,-76.5375835
23062,37.2629311,-76.5074888
23063,37.7059195,-77.9806627
23065,37.8059585,-77.932428
23066,37.500146,-76.2926132
23068,37.4897596,-76.3333624
23069,37.7826865,-77.3430016
23070,37.5520501,-76.383517
23071,37.5453769,-76.4487923
23072,37.2904437,-76.4477899
23075,37.5582147,-77.3168772
23076,37.4724171,-76.3066192
23079,37.7316324,-76.6954026
23081,37.1935699,-76.752508
23083,37.310661,-78.1048342
23084,37.8849311,-78.1150468
23085,37.6889537,-76.8256452
23086,37.6685728,-77.0544136
23089,37.4771564,-76.9147563
23091,37.6562637,-76.8024918
23092,37.6067689,-76.5147485
23093,38.0041674,-78.0400574
23102,37.7081193,-77.8286536
23103,37.6480344,-77.7236401
23106,37.7156275,-77.2071697
23108,37.6561325,-76.7204862
23109,37.4327793,-76.325576
23110,37.5700812,-76.7701928
23111,37.6135508,-77.2430187
23112,37.4325529,-77.6550509
23113,37.5398088,-77.6797428
23114,37.4830103,-77.660433
23116,37.6644362,-77.3254929
23117,37.9819988,-77.8739756
23119,37.4437648,-76.276751
23120,37.42208,-77.7813705
23123,37.6518338,-78.3011416
23124,37.5509501,-77.0440415
23126,37.9234605,-77.1443162
23128,37.4471978,-76.429276
23129,37.703624,-77.7776476
23130,37.3872855,-76.2594393
23138,37.3426514,-76.3043243
23139,37.545988,-77.9367278
23140,37.4387547,-77.049272
23141,37.5352289,-77.1572598
23146,37.7234278,-77.7103985
23147,37.3696361,-77.0391136
23148,37.8396469,-77.0586681
23149,37.5756723,-76.609282
23150,37.5011407,-77.2525808
23153,37.7797271,-77.9558737
23156,37.5192197,-76.7260312
23160,37.6290837,-77.8407539
23161,37.7157058,-76.9352286
23163,37.3570726,-76.2973336
23168,37.3957569,-76.8251097
23169,37.6034513,-76.457239
23173,37.5757627,-77.5415366
23175,37.6548691,-76.624357
23176,37.5729408,-76.4149762
23177,37.7292435,-77.006032
23180,37.7024275,-76.6152654
23181,37.5974913,-76.8890603
23185,37.2396581,-76.7014364
23188,37.3416054,-76.7477823
23192,37.8203633,-77.6808141
23219,37.5406042,-77.4347331
23220,37.5493491,-77.4606059
23221,37.5499951,-77.4909783
23222,37.5829684,-77.4189072
23223,37.5577672,-77.3788861
23224,37.4976025,-77.4674294
23225,37.5197267,-77.5105614
23226,37.5793559,-77.5199367
23227,37.611647,-77.4361075
23228,37.6266171,-77.492834
23229,37.5880453,-77.5701955
23230,37.5866388,-77.4891223
23231,37.4422038,-77.3149313
23233,37.6438121,-77.629395
23234,37.4528212,-77.4665033
23235,37.5145703,-77.5647584
23236,37.47581,-77.5852849
23237,37.4006826,-77.4566258
23238,37.5925125,-77.6416838
23250,37.5046602,-77.3208596
23284,37.5490275,-77.451696
23294,37.6312809,-77.5425342
23298,37.5417074,-77.42953
23301,37.6698515,-75.6436608
23302,37.854188,-75.5176231
23303,37.9033657,-75.5063669
23304,36.9961346,-76.572107
23306,37.566478,-75.8854591
23307,37.4320389,-75.871157
23308,37.8276507,-75.6323773
23310,37.2589932,-75.9636574
23314,36.9590485,-76.5242797
23315,36.7373896,-76.8405111
23316,37.2943533,-75.9655197
23320,36.7517337,-76.2176368
23321,36.8003977,-76.4211521
23322,36.6259882,-76.2677677
23323,36.6969746,-76.3799246
23324,36.7997207,-76.2734466
23325,36.8136247,-76.2398568
23336,37.9494324,-75.3380838
23337,37.9401072,-75.4660263
23347,37.356586,-75.978263
23350,37.512705,-75.8625931
23354,37.479183,-75.9024565
23356,38.0100026,-75.3853678
23357,37.7556459,-75.6760277
23358,37.6526594,-75.8679531
23359,37.8877459,-75.6041014
23389,37.655265,-75.833086
23395,37.9696725,-75.4482358
23398,37.5205589,-75.939732
23401,37.6277579,-75.7783491
23405,37.4117238,-75.9265971
23407,37.8471032,-75.5544492
23408,37.4529132,-75.8434745
23409,37.8876208,-75.6629073
23410,37.6389962,-75.7450648
23413,37.4623703,-75.8494995
23414,37.813754,-75.5869097
23415,37.9751528,-75.5356026
23416,37.937326,-75.5614807
23417,37.732134,-75.7619947
23418,37.6413782,-75.6683937
23420,37.5990703,-75.8174824
23421,37.7647804,-75.6117685
23422,37.6353891,-75.8227349
23423,37.5160766,-75.7410432
23426,37.9251485,-75.6918004
23427,37.899775,-75.7182435
23430,36.9993536,-76.6607647
23432,36.861811,-76.5515616
23433,36.9161269,-76.4844694
23434,36.7030034,-76.5921049
23435,36.8486022,-76.472899
23436,36.8937558,-76.5069156
23437,36.6271154,-76.8031971
23438,36.5811925,-76.6971885
23440,37.8251832,-75.9902198
23441,37.7121018,-75.6994129
23442,37.8942143,-75.5599256
23451,36.8723578,-76.0043185
23452,36.8458115,-76.0919643
23453,36.7834905,-76.0712074
23454,36.8645993,-76.0551238
23455,36.883814,-76.1432365
23456,36.7369537,-76.0359871
23457,36.6173834,-76.0153389
23459,36.9168103,-76.1717481
23460,36.8184881,-76.0316001
23461,36.7706023,-75.9637723
23462,36.8362422,-76.1459481
23464,36.7969165,-76.1876305
23480,37.6186805,-75.6906586
23486,37.5178882,-75.8068531
23487,36.8473682,-76.7250476
23488,37.9476127,-75.5984594
23502,36.860941,-76.2049081
23503,36.9487857,-76.2664591
23504,36.8573016,-76.2656124
23505,36.9128819,-76.2995963
23507,36.8645639,-76.3032182
23508,36.8848867,-76.3102698
23509,36.8824127,-76.2639598
23510,36.8524145,-76.2914801
23511,36.9372397,-76.3092149
23513,36.8890047,-76.237684
23517,36.8692378,-76.2920549
23518,36.916118,-76.2153752
23523,36.8323892,-76.2720822
23551,36.923536,-76.2925465
23601,37.0378067,-76.4797686
23602,37.1134155,-76.5179465
23603,37.1910568,-76.5645354
23604,37.1191479,-76.5931829
23605,37.0186703,-76.4367018
23606,37.0656961,-76.5166653
23607,36.9705147,-76.424339
23608,37.147813,-76.543036
23651,37.0017718,-76.3098713
23661,37.0008675,-76.3699877
23662,37.1333191,-76.353027
23663,37.015912,-76.3225257
23664,37.0731157,-76.2950777
23665,37.0839178,-76.3601253
23666,37.0570089,-76.4080827
23667,37.02201,-76.3296875
23668,37.0202643,-76.3385488
23669,37.0507079,-76.3392737
23681,37.0968129,-76.3835354
23690,37.2202864,-76.5183356
23691,37.2596224,-76.572884
23692,37.2122259,-76.4212724
23693,37.1311784,-76.4448198
23696,37.1891188,-76.4210785
23701,36.8119747,-76.3693783
23702,36.803271,-76.3267213
23703,36.8933388,-76.3732917
23704,36.8266972,-76.3120319
23707,36.841794,-76.3403314
23708,36.8476811,-76.3040809
23709,36.8172026,-76.2988565
23801,37.2361298,-77.3358036
23803,37.215079,-77.4703818
23805,37.1321768,-77.39424
23821,36.8832,-77.9129439
23824,37.0887778,-77.9580415
23827,36.6190493,-77.2001856
23828,36.5808535,-77.2669334
23829,36.7272826,-77.2284136
23830,37.0243373,-77.3972149
23831,37.3462529,-77.4505669
23832,37.3878505,-77.5921083
23833,37.2094286,-77.6689167
23834,37.290074,-77.4007796
23836,37.3509967,-77.3305011
23837,36.7570912,-77.09002
23838,37.3175157,-77.6338693
23839,37.0859205,-76.9184568
23840,37.0510479,-77.6711093
23841,37.061934,-77.5502076
23842,37.1371799,-77.2170281
23843,36.8503664,-77.8118128
23844,36.6800321,-77.3265251
23845,36.5788225,-77.9775607
23846,37.0666025,-76.8340195
23847,36.6641827,-77.5516397
23850,37.1630111,-77.7425466
23851,36.6520234,-76.9571411
23856,36.7943207,-77.7031174
23857,36.5846508,-77.8837995
23860,37.2747491,-77.2274073
23866,36.9236757,-76.8624013
23867,36.8203724,-77.4885938
23868,36.7092808,-77.795078
23870,36.7524752,-77.5001665
23872,36.9829771,-77.7267569
23874,36.5847334,-77.0707692
23875,37.2299425,-77.2557267
23876,36.9557526,-77.83361
23878,36.8247715,-77.0254321
23879,36.592275,-77.5968392
23881,37.180741,-76.977829
23882,36.9261726,-77.421687
23883,37.1359617,-76.7358919
23884,36.9173189,-77.2800888
23885,37.1788486,-77.5729108
23887,36.5733623,-77.8169167
23888,36.9543004,-76.9792057
23889,36.9029331,-77.7472458
23890,37.0091762,-77.1183191
23891,37.0476363,-77.2037191
23893,36.6244437,-77.9365611
23894,37.1370926,-77.8246481
23897,36.8373098,-77.2847581
23898,36.8382634,-76.8618697
23899,37.2344165,-76.974083
23901,37.3200564,-78.4096779
23909,37.2989935,-78.3963066
23915,36.6931405,-78.2874184
23917,36.6255541,-78.3448556
23919,36.5803784,-78.1348312
23920,36.7245168,-77.9752528
23921,37.5863215,-78.6235342
23922,37.1748293,-78.2217386
23923,37.0871484,-78.6496924
23924,36.8221854,-78.4258437
23927,36.5916585,-78.5610352
23930,37.1710031,-78.0996114
23934,37.1771518,-78.6267052
23936,37.5245995,-78.4765277
23937,36.9451415,-78.512503
23938,36.9042206,-78.0062228
23942,37.1297272,-78.2985813
23943,37.2432105,-78.462039
23944,36.9159387,-78.1386109
23947,37.0171518,-78.4477483
23950,36.6587619,-78.0758744
23952,36.9175246,-78.2792192
23954,37.1063335,-78.3801075
23955,37.1123617,-78.0698734
23958,37.27396,-78.6569402
23959,37.1051917,-78.7947489
23960,37.3209623,-78.5520637
23962,36.9506336,-78.6923892
23963,37.2009728,-78.798547
23964,36.7827346,-78.6331405
23966,37.3002621,-78.2591161
23967,36.922423,-78.6300371
23968,36.7168682,-78.5102329
23970,36.7391089,-78.1824484
23974,36.9691379,-78.242447
23976,36.8555377,-78.5791002
24011,37.2701978,-79.9415226
24012,37.3176495,-79.8967688
24013,37.267389,-79.9219083
24014,37.22286,-79.915191
24015,37.2552029,-79.9821236
24016,37.2720526,-79.954991
24017,37.2976424,-79.9909726
24018,37.2130549,-80.0417392
24019,37.3439445,-79.9545459
24020,37.3561209,-79.9431914
24022,37.276862,-79.9342771
24053,36.6072273,-80.5340761
24054,36.6820413,-79.7045696
24055,36.7620733,-80.0006094
24058,37.176663,-80.6222517
24059,37.1559057,-80.1319578
24060,37.260526,-80.4167217
24061,37.2258198,-80.4262376
24064,37.3763112,-79.7703953
24065,37.1171179,-79.9971077
24066,37.536095,-79.6785778
24067,37.0323543,-80.0603195
24069,36.5768931,-79.6425692
24070,37.3720867,-80.2328218
24072,37.0419901,-80.2423823
24073,37.1346496,-80.4230646
24076,36.6051922,-80.4210386
24077,37.3610597,-79.907203
24078,36.7242646,-79.9131475
24079,37.0533554,-80.1507548
24082,36.6332713,-80.1312344
24083,37.405171,-79.9201884
24084,37.1675851,-80.7176078
24085,37.6839298,-79.8573186
24086,37.2755801,-80.6322461
24087,37.221511,-80.2389299
24088,36.887904,-80.077927
24089,36.7039126,-79.9607747
24090,37.5301822,-79.8955044
24091,36.9198382,-80.3212952
24092,37.0120306,-79.7578509
24093,37.3851393,-80.8687365
24095,37.2232104,-79.7372676
24101,37.1735553,-79.7963867
24102,36.8444038,-80.0022714
24104,37.1336105,-79.4886351
24105,36.9115772,-80.603687
24112,36.7211703,-79.846927
24120,36.6916357,-80.4139166
24121,37.1689164,-79.6474108
24122,37.4261973,-79.6921298
24124,37.3059282,-80.8660076
24127,37.4736031,-80.2310507
24128,37.3399943,-80.4825443
24129,37.1395725,-80.5917346
24131,37.5706488,-80.2328696
24132,37.203776,-80.6592469
24133,36.6756327,-80.1279643
24134,37.2479233,-80.7775607
24136,37.3160973,-80.6127913
24137,36.9275521,-79.6575042
24138,37.051815,-80.3173503
24139,37.0148877,-79.4528932
24141,37.1071583,-80.5618885
24142,37.1381974,-80.5508025
24147,37.4015099,-80.8236261
24148,36.5814932,-79.8768029
24149,37.0185816,-80.4335808
24150,37.4010492,-80.5982748
24151,36.9614445,-79.8664315
24153,37.3025065,-80.1143247
24161,36.9780846,-79.5291131
24162,37.1294494,-80.2497147
24165,36.5942662,-80.0605858
24167,37.2552586,-80.7245357
24168,36.7360395,-79.9487547
24171,36.6966395,-80.2208246
24174,37.3497196,-79.6618971
24175,37.4576996,-80.0293755
24176,37.0055454,-79.6924954
24179,37.282958,-79.7938506
24184,37.0871287,-79.7736424
24185,36.8086895,-80.2755729
24201,36.6108281,-82.1694066
24202,36.6563096,-82.2122194
24210,36.7689352,-82.0275306
24211,36.654088,-81.9550695
24216,36.9436238,-82.7827958
24217,37.1021121,-82.1703808
24219,36.8343495,-82.7491054
24220,37.1218789,-82.2230958
24221,36.6253122,-82.9987598
24224,36.8614307,-82.2717544
24225,36.991715,-82.1418526
24226,37.136902,-82.3229888
24228,37.1668622,-82.4562569
24230,36.9686693,-82.4513687
24236,36.6385058,-81.7245005
24237,37.0406359,-82.2618849
24239,37.1130374,-82.147305
24243,36.7842692,-82.9197712
24244,36.7076949,-82.8034843
24245,36.8380106,-82.512802
24246,36.8661682,-82.743949
24248,36.609636,-83.5097911
24250,36.7565946,-82.5876631
24251,36.657147,-82.5994144
24256,37.2233387,-82.2835319
24258,36.6492318,-82.4086514
24260,37.0210589,-82.0011147
24263,36.6682248,-83.1671283
24265,36.8326628,-82.9464606
24266,36.8680203,-82.1019248
24269,37.0727716,-82.3806793
24270,36.7296102,-82.2506732
24271,36.7488134,-82.4171872
24272,37.0177892,-82.3333624
24273,36.9647011,-82.6614797
24277,36.7494584,-83.0195321
24279,37.0777333,-82.6273989
24280,36.9548128,-81.9434231
24281,36.6373227,-83.3402258
24282,36.8187612,-83.0543104
24283,36.9397821,-82.3329394
24290,36.6161043,-82.561338
24292,36.6247437,-81.5955278
24293,36.9980366,-82.566165
24301,37.0650303,-80.8182667
24311,36.8728882,-81.4029248
24312,36.8330168,-80.8870162
24313,36.9108092,-80.7969658
24314,37.1572441,-81.2104137
24315,37.1336312,-81.063229
24316,36.9557053,-81.6689881
24317,36.6011657,-80.6713475
24318,36.995958,-81.3871242
24319,36.7617413,-81.65692
24322,36.7990141,-81.1136621
24323,36.8657704,-81.2047266
24324,36.9741119,-80.7764783
24325,36.8104062,-80.5876328
24326,36.7227322,-81.1902569
24327,36.7736345,-81.8297166
24328,36.6453563,-80.7008362
24330,36.7158539,-81.0268209
24333,36.6399744,-80.9347763
24340,36.7532515,-81.7679039
24343,36.7626328,-80.6984007
24347,36.9608713,-80.6524709
24348,36.6522287,-81.2153233
24350,36.8133007,-80.9941822
24351,36.5794307,-80.7651266
24352,36.7090113,-80.5311932
24354,36.8212722,-81.540457
24360,36.9406308,-80.9090544
24361,36.7673358,-81.8449599
24363,36.6166295,-81.4050483
24366,37.2640409,-81.1041306
24368,36.8928003,-81.3010573
24370,36.9114147,-81.6897895
24374,36.7837818,-81.2203602
24375,36.7716716,-81.3922469
24377,37.0021145,-81.5686538
24378,36.6943114,-81.4196364
24380,36.859701,-80.5087637
24381,36.7222845,-80.8332409
24382,36.9533103,-81.1107543
24401,38.1343872,-79.0855635
24411,38.1181856,-79.3305831
24412,38.0537215,-79.8181361
24413,38.5058628,-79.5560987
24415,37.9085913,-79.307709
24416,37.7287173,-79.3548933
24421,38.2446506,-79.2451453
24422,37.8328557,-79.750441
24426,37.759304,-80.0499669
24430,38.0779768,-79.3430904
24431,38.1700357,-78.8428853
24432,38.1480625,-79.4433596
24433,38.4239314,-79.4249333
24435,37.857657,-79.3069512
24437,38.2124796,-78.9337242
24439,38.0171236,-79.4820109
24440,37.9993571,-79.165401
24441,38.2222326,-78.8094364
24442,38.3725299,-79.3846175
24445,37.9600296,-79.8718032
24448,37.7971102,-79.7885238
24450,37.7797512,-79.5451365
24457,37.7958447,-79.8652118
24458,38.3264304,-79.5103027
24459,38.0392789,-79.2795225
24460,38.0169469,-79.6666347
24464,37.8606246,-79.1099573
24465,38.3975834,-79.6468899
24467,38.2549934,-78.9713232
24469,38.2009751,-78.9082532
24471,38.3132097,-78.7841797
24472,37.9397314,-79.2206065
24473,37.9347473,-79.4153585
24474,37.8052992,-79.8475635
24476,37.9744658,-79.2273608
24477,38.0048779,-79.0422325
24479,38.1639444,-79.2390438
24482,38.2033073,-78.9981254
24483,37.8126407,-79.2351742
24484,38.183081,-79.799492
24485,38.2709365,-79.3299803
24486,38.2968851,-78.9245335
24487,38.1997269,-79.5884547
24501,37.359852,-79.1415412
24502,37.3551542,-79.2185402
24503,37.4542591,-79.2415308
24504,37.3652485,-79.0481922
24515,37.3531946,-79.1790177
24517,37.1413978,-79.2374427
24520,36.586589,-79.0297479
24521,37.6332917,-79.1008403
24522,37.3767914,-78.7787735
24523,37.336882,-79.5257259
24526,37.5561636,-79.3975584
24527,36.7327286,-79.3455614
24528,37.079686,-78.8762288
24529,36.6172452,-78.6298062
24530,36.8066555,-79.6197249
24531,36.8406652,-79.4381017
24534,36.8833016,-78.7703787
24536,37.4908618,-79.3236698
24538,37.3790129,-78.9700597
24539,36.8405748,-78.9314105
24540,36.6345078,-79.4267576
24541,36.5888117,-79.515049
24549,36.7066609,-79.5044749
24550,37.2382584,-79.2720209
24551,37.3700693,-79.3313626
24553,37.5455038,-78.8100097
24554,37.120045,-79.0716192
24555,37.666966,-79.4682916
24556,37.3758248,-79.399305
24557,36.9698593,-79.3064236
24558,36.7806447,-78.9561016
24562,37.7031982,-78.6177991
24563,37.0593428,-79.2726197
24565,36.8527198,-79.1895012
24566,36.7318276,-79.2526395
24569,37.0425522,-79.1258554
24570,37.3485895,-79.4271691
24571,37.1329608,-79.3727486
24572,37.4649088,-79.0952645
24574,37.5769273,-79.2455946
24577,36.9439327,-78.9826737
24578,37.6598822,-79.5622801
24579,37.585803,-79.5026984
24580,36.5790543,-78.6731206
24581,37.6552156,-78.8057655
24586,36.6070441,-79.2766092
24588,37.2621518,-79.0962335
24589,36.757223,-78.7537224
24590,37.7928211,-78.4748561
24592,36.6819516,-78.9526998
24593,37.3342252,-78.9142785
24594,36.6359835,-79.1867289
24595,37.5612453,-79.080662
24597,36.7824109,-79.1108578
24598,36.6046699,-78.7880038
24599,37.6235625,-78.7238902
24601,37.1905965,-81.6405658
24602,37.183213,-81.6585102
24603,37.3474156,-82.2032218
24604,37.211983,-81.5396685
24605,37.2350997,-81.3749052
24606,37.2893528,-81.3912051
24607,37.2954803,-82.2708615
24609,37.016058,-81.7913862
24612,37.101469,-81.8498248
24613,37.2651569,-81.3368806
24614,37.3130697,-82.0889136
24620,37.431352,-82.0117572
24622,37.2146744,-81.7898524
24630,37.1768446,-81.4754474
24631,37.2217129,-82.0017352
24634,37.2678275,-81.9027502
24635,37.3078997,-81.348777
24637,37.0610824,-81.7138941
24639,37.1742024,-81.9023605
24641,37.1118131,-81.8024456
24646,37.1448207,-82.0242089
24649,37.0903469,-81.9216945
24651,37.0755285,-81.5030947
24656,37.1750551,-82.1249941
24657,37.2278144,-81.8487764
24701,37.3059506,-81.2049414
24712,37.4796453,-81.0347085
24714,37.46865,-81.1783464
24715,37.3352267,-81.3334354
24716,37.5336923,-81.376265
24719,37.4872414,-81.3265858
24724,37.3375253,-81.3179716
24726,37.487564,-81.2996795
24729,37.4498837,-81.2600369
24731,37.3973538,-81.1516315
24733,37.4501482,-81.201096
24736,37.446778,-81.2812255
24737,37.3529619,-81.26579
24738,37.3032154,-81.3201004
24739,37.3734567,-81.0047909
24740,37.4034477,-81.106456
24747,37.4114998,-81.2165123
24801,37.468445,-81.5532824
24808,37.3300262,-81.4224031
24811,37.4021812,-81.7484963
24813,37.3574119,-81.7201132
24815,37.2200418,-81.616211
24816,37.4611017,-81.7059385
24817,37.3411594,-81.8215881
24818,37.6247041,-81.6203268
24822,37.6470275,-81.6972683
24823,37.6719698,-81.7519484
24826,37.2932667,-81.6235918
24827,37.7688544,-81.6368925
24828,37.4978031,-81.6713155
24830,37.3338751,-81.5586138
24831,37.3889421,-81.4511382
24834,37.523608,-81.6863281
24836,37.3811617,-81.5511742
24839,37.5784063,-81.7573277
24843,37.4837843,-81.7092288
24844,37.4896937,-81.7925432
24845,37.5264114,-81.8003826
24846,37.525781,-81.8866061
24847,37.5707189,-81.4094061
24848,37.280144,-81.4343548
24849,37.6869532,-81.5616224
24850,37.3780588,-81.8851546
24851,37.6013713,-81.8336851
24853,37.4481398,-81.530191
24854,37.7495621,-81.5765066
24855,37.4087112,-81.4250114
24857,37.687392,-81.675978
24860,37.662564,-81.5897952
24861,37.357282,-81.3573366
24862,37.4788064,-81.9636436
24866,37.2500597,-81.5805087
24867,37.6053056,-81.4573381
24868,37.4384503,-81.3890634
24869,37.5533765,-81.8244381
24870,37.7364793,-81.5320829
24871,37.3231252,-81.5061218
24872,37.449367,-81.9205
24873,37.3514619,-81.880066
24874,37.6017641,-81.5309684
24878,37.4438145,-81.6289109
24879,37.3138964,-81.7586863
24880,37.6496347,-81.5320107
24881,37.4428434,-81.6699444
24882,37.6256932,-81.7659942
24884,37.2731197,-81.5513868
24887,37.3780409,-81.3866014
24888,37.3576322,-81.4833508
24892,37.3167388,-81.6968236
24894,37.2443027,-81.6881376
24895,37.3763004,-81.5829357
24898,37.5874073,-81.5684032
24901,37.8539259,-80.4845626
24910,37.7426628,-80.6684193
24915,38.4692927,-79.7866744
24916,37.8286152,-80.5809879
24918,37.5223096,-80.7454947
24920,38.6328364,-79.6961553
24924,38.2013007,-80.1648743
24925,37.7308371,-80.3798907
24927,38.3402421,-80.0375824
24931,37.911583,-80.5996961
24934,38.3336255,-79.8910451
24935,37.5661108,-80.8056496
24938,37.9327955,-80.3703854
24941,37.5863009,-80.3509939
24943,37.8382544,-80.7338347
24944,38.3846389,-79.7693279
24945,37.5164476,-80.7031605
24946,38.2285743,-80.3197826
24951,37.4952297,-80.6241247
24954,38.2249073,-80.0560494
24957,37.8960718,-80.3967964
24962,37.662404,-80.7183573
24963,37.4364029,-80.7584715
24966,38.0568281,-80.3851333
24970,37.728112,-80.4744616
24974,37.6417693,-80.4483559
24976,37.6569591,-80.5117096
24977,37.8978873,-80.6850225
24981,37.6328677,-80.7356618
24983,37.5960508,-80.5064518
24984,37.4938872,-80.4076985
24985,37.6041707,-80.7126212
24986,37.9212628,-80.1457684
24991,38.0012935,-80.4805675
24993,37.6609862,-80.6351786
25002,38.1308795,-81.2547237
25003,38.2484911,-81.7848579
25005,38.6061988,-81.2570785
25007,37.8248398,-81.4304577
25008,37.9487868,-81.3445988
25009,38.2023054,-81.684573
25011,38.5148376,-81.832739
25015,38.246134,-81.4972577
25019,38.3506635,-81.0922146
25021,37.9178414,-81.6839337
25022,37.8245839,-81.7761576
25024,38.1590808,-81.6237216
25025,38.2984139,-81.4031406
25028,37.9471472,-81.7255724
25030,38.4533174,-81.2258467
25031,38.1487486,-81.2747797
25033,38.6120614,-81.9243815
25035,38.1652387,-81.5209896
25036,38.1823408,-81.271114
25039,38.2349564,-81.3632606
25040,38.1363543,-81.247095
25043,38.4257574,-81.0031543
25044,37.9158047,-81.3093639
25045,38.4474832,-81.3293222
25047,37.9205269,-81.7676246
25048,37.9473289,-81.4307692
25049,38.1152864,-81.5582581
25051,38.1569474,-81.709791
25053,38.0413333,-81.8815599
25054,38.1205225,-81.4518844
25057,38.1092627,-81.2234284
25059,38.2445885,-81.2236912
25060,37.9664548,-81.4739633
25061,38.1745528,-81.4398346
25062,37.8796557,-81.4331993
25063,38.5761267,-80.9229621
25064,38.3770388,-81.7493649
25067,38.2134055,-81.4449977
25070,38.5458927,-81.9316468
25071,38.4777977,-81.4665526
25075,38.0601484,-81.4051228
25076,37.8689184,-81.9370169
25081,38.0780615,-81.7683912
25082,38.6042065,-82.0310433
25083,38.0698718,-81.3677025
25085,38.1617158,-81.1632619
25086,38.2182757,-81.414583
25088,38.398602,-81.2088231
25090,38.1549897,-81.2210634
25093,37.9512533,-81.6326737
25102,38.165711,-81.3520562
25103,38.1806049,-81.3808615
25106,38.7660381,-82.0848364
25107,38.2379569,-81.6761724
25108,37.9623564,-81.8780691
25109,38.5313018,-81.8605574
25110,38.2050844,-81.3372285
25111,38.3501706,-81.1233512
25112,38.3810374,-81.7662953
25113,38.5532895,-81.0462732
25114,37.9873179,-81.786336
25115,38.1221789,-81.1822406
25118,38.1188683,-81.3229664
25119,38.0149728,-81.2628724
25121,37.9101773,-81.8867425
25123,38.7301756,-81.9000449
25124,38.6210928,-81.7645046
25125,38.3116786,-81.2152298
25126,38.1905535,-81.3572642
25130,38.0327022,-81.752066
25132,38.2932752,-81.3344054
25133,38.4745958,-81.1014569
25134,38.1432439,-81.4730354
25136,38.1544377,-81.3147939
25139,38.1059908,-81.2828311
25140,37.8398933,-81.4985154
25141,38.6301754,-81.0247051
25142,38.1430556,-81.7376641
25143,38.4213359,-81.8236188
25148,38.0254889,-81.5257353
25149,37.9491554,-81.7719973
25152,38.0327398,-81.2403598
25154,38.1205765,-81.713325
25156,38.4118035,-81.4821944
25159,38.5236107,-81.7888992
25160,38.3242695,-81.2684438
25161,38.052784,-81.3187261
25162,38.2076564,-81.3829988
25164,38.5091841,-81.2049458
25165,38.1557091,-81.653541
25168,38.560349,-81.8798498
25169,38.1292494,-81.7634588
25173,38.0737808,-81.2104096
25174,37.8656613,-81.410962
25177,38.3693991,-81.8508113
25180,37.7902596,-81.4362673
25181,38.0492896,-81.6411997
25183,37.8917586,-81.7995225
25185,38.2171888,-81.2380128
25186,38.1739627,-81.2975103
25187,38.7285811,-82.0171684
25193,38.0167784,-81.5509233
25201,38.3477033,-81.4913356
25202,38.3163752,-81.8590885
25203,38.0212376,-81.8816286
25204,37.9273729,-81.6389618
25205,38.0192139,-81.7933935
25206,37.9569106,-81.6829193
25208,37.8365127,-81.6397654
25209,37.9595532,-81.522269
25211,38.4686898,-80.8884105
25213,38.5126645,-81.913304
25214,38.1858263,-81.5429139
25231,38.6131486,-81.5946705
25234,38.808319,-81.1333434
25235,38.669528,-81.0894999
25239,38.8502852,-81.8448497
25241,38.7752733,-81.8001656
25243,38.6761809,-81.4936441
25244,38.7632786,-81.5390239
25245,38.7089381,-81.7362784
25247,39.0019891,-81.9896542
25248,38.6442676,-81.6138622
25251,38.6211926,-81.2317544
25252,38.8785777,-81.5348611
25253,38.9210639,-81.9614899
25259,38.6746715,-81.2483548
25260,39.0210119,-82.0190938
25261,38.8333799,-81.0901477
25262,38.9091984,-81.8362631
25264,38.8598641,-81.8938844
25265,38.9736445,-81.9825577
25266,38.6022388,-81.1588977
25267,38.8575096,-80.951487
25268,38.7312242,-81.1235092
25270,38.8771668,-81.4578373
25271,38.78851,-81.6925386
25275,38.9267308,-81.6190208
25276,38.7820797,-81.328692
25285,38.5396556,-81.1015557
25286,38.6209794,-81.3972868
25287,38.9608628,-82.0513327
25301,38.351327,-81.6279939
25302,38.3931844,-81.5954704
25303,38.3595613,-81.6861303
25304,38.3015605,-81.5967008
25305,38.3368192,-81.6131392
25306,38.3125231,-81.49944
25309,38.3118995,-81.75717
25311,38.3668632,-81.5570363
25312,38.4525226,-81.6457257
25313,38.4086689,-81.7435273
25314,38.2891614,-81.6601529
25315,38.2149298,-81.5841482
25320,38.5397912,-81.6257326
25387,38.3847007,-81.670603
25401,39.4571683,-77.9724285
25403,39.4748501,-78.0116402
25404,39.4899193,-77.8963635
25405,39.4089186,-77.9623681
25411,39.5487482,-78.2214699
25413,39.3105884,-78.0559477
25414,39.2417936,-77.8648488
25419,39.5828698,-77.8850662
25420,39.380952,-78.1196789
25421,39.3782109,-78.1638254
25422,39.5449885,-78.3542897
25425,39.3066618,-77.7730342
25427,39.5204188,-78.0991211
25428,39.3806348,-78.02221
25430,39.3271839,-77.9379155
25431,39.4837617,-78.5743123
25432,39.2954466,-77.7868026
25434,39.4397468,-78.4611065
25437,39.4236663,-78.5792978
25438,39.3234407,-77.8640082
25442,39.3728474,-77.8327492
25443,39.4382267,-77.8146909
25444,39.4308349,-78.5134741
25446,39.2401658,-77.957047
25501,38.1615329,-81.9572541
25502,38.6657713,-82.1163589
25503,38.608945,-82.1150169
25504,38.37643,-82.2700312
25505,38.0196842,-82.0307551
25506,38.2092785,-82.1989073
25507,38.3970727,-82.5493497
25508,37.9621922,-82.0069328
25510,38.3822962,-82.0829987
25511,38.0512178,-82.3350301
25512,38.1784244,-82.3041087
25514,38.0777903,-82.5252476
25515,38.7566229,-82.1468753
25517,38.1098205,-82.4536787
25520,38.557515,-82.1778965
25521,38.2269262,-81.9824286
25523,38.2800641,-82.065304
25524,38.0216243,-82.1173512
25526,38.3944485,-81.991307
25529,38.1598114,-81.8187071
25530,38.3574874,-82.5799944
25534,38.0844102,-82.2750237
25535,38.3085558,-82.4348441
25537,38.5333831,-82.2819705
25540,38.1570535,-82.1391093
25541,38.4805869,-82.1301643
25544,38.2307773,-82.1101918
25545,38.4591217,-82.2271536
25547,37.9197869,-81.9445802
25550,38.8633263,-82.0674369
25555,38.213895,-82.5496342
25557,38.1004242,-82.1536893
25559,38.3249483,-82.229139
25560,38.4468381,-81.8988525
25564,38.2721733,-81.9009879
25565,38.1213879,-81.9730317
25567,38.208254,-81.8944469
25570,38.2270918,-82.4021833
25571,38.3134874,-82.1558163
25573,38.2321838,-81.9411021
25601,37.8627321,-82.0092467
25606,37.7649636,-81.8204169
25607,37.7836977,-81.7718671
25608,37.5750667,-81.8916196
25611,37.6850459,-81.8716952
25612,37.763573,-81.9790427
25617,37.7414566,-81.8073426
25621,37.6499146,-81.8855795
25624,37.8996915,-81.9811163
25625,37.8193711,-82.081136
25628,37.7681144,-81.8624656
25630,37.7883705,-81.6939671
25632,37.7420269,-81.947597
25634,37.7276369,-81.818643
25635,37.7189365,-81.8724011
25637,37.8509584,-82.030069
25638,37.7375474,-82.0543669
25639,37.8814063,-81.9550687
25644,37.7047417,-82.0220964
25646,37.847377,-81.8841588
25647,37.7868096,-81.9844319
25649,37.8754042,-82.0930799
25650,37.6835693,-81.7877459
25651,37.5858937,-81.9568014
25652,37.7907328,-82.0451242
25653,37.823634,-81.9912484
25654,37.7956259,-81.8737188
25661,37.7105088,-82.2537031
25666,37.9203109,-82.2942919
25667,37.7061888,-82.2737679
25669,37.9354985,-82.4684529
25670,37.7384737,-82.1559002
25671,37.9040673,-82.2027978
25672,37.5701029,-82.1003969
25674,37.8710794,-82.3467035
25676,37.837734,-82.1930551
25678,37.6119523,-82.1353273
25685,37.7958407,-82.3143354
25688,37.6395478,-82.1582096
25690,37.6912505,-82.1550243
25692,37.6180393,-82.0737531
25696,37.6629005,-82.0554591
25699,37.95875,-82.304028
25701,38.3656886,-82.4052502
25702,38.4347235,-82.3144159
25703,38.4220761,-82.4182063
25704,38.3076099,-82.4873626
25705,38.4063454,-82.3625419
25755,38.423592,-82.4279229
25801,37.8406014,-81.2707228
25810,37.5834944,-81.3499473
25811,37.5901307,-81.2912598
25812,38.139167,-81.1268923
25813,37.7842271,-81.0996248
25817,37.7644575,-81.4248553
25818,37.8602802,-81.1919919
25820,37.51519,-81.1638485
25823,37.6663359,-81.1828044
25825,37.6442794,-81.0829727
25826,37.5730289,-81.370193
25827,37.7391011,-81.2547679
25831,37.9593127,-80.9307911
25832,37.7153237,-81.1188189
25836,37.7855626,-81.2878399
25837,38.0612988,-81.0383477
25839,37.7836644,-81.3932541
25840,38.0378418,-81.1116411
25841,37.5607892,-81.0925462
25843,37.6238731,-81.1298854
25844,37.8079731,-81.3580686
25845,37.7149721,-81.5107837
25846,37.9261138,-81.1682058
25848,37.7215096,-81.4246965
25849,37.7317255,-81.2780074
25851,37.8025505,-81.2594021
25853,37.644491,-81.2823124
25854,38.1275474,-80.9764343
25855,37.940492,-81.1530487
25857,37.609736,-81.2375531
25862,38.0881679,-81.0404891
25864,37.8854877,-81.0377702
25865,37.7115395,-81.3624065
25866,38.0077721,-81.1614805
25868,38.0704969,-80.9672483
25870,37.6382403,-81.3729596
25871,37.7691704,-81.2117348
25873,37.7500655,-81.2138231
25875,37.6655847,-81.4512367
25876,37.6311006,-81.449139
25878,37.7051989,-81.2220513
25879,37.9822593,-81.1056679
25880,37.8794938,-81.199471
25882,37.6122769,-81.4036655
25901,37.9398721,-81.1028478
25902,37.5698266,-81.2174594
25904,37.9155556,-81.2458168
25907,37.8560176,-81.0862175
25908,37.667767,-81.2443493
25909,37.8389523,-81.2028415
25911,37.7517605,-81.1804342
25913,37.7078273,-81.4729733
25915,37.6180695,-81.2914539
25916,37.6781761,-81.4902785
25917,37.9836491,-81.2523243
25918,37.7399976,-81.0355973
25920,37.6864259,-81.3363217
25921,37.6828169,-81.266249
25922,37.4719753,-81.102777
25928,37.5413076,-81.3398514
25932,37.7520107,-81.2995686
25936,37.9263833,-81.0338127
25938,38.1628832,-81.0304575
25942,38.017861,-80.9853531
25943,37.5966153,-81.3491914
25951,37.6552011,-80.8755022
25958,38.0040725,-80.766597
25962,37.9861414,-80.7989216
25966,37.8056171,-80.7561871
25969,37.611155,-81.0052152
25971,37.4774191,-80.9774464
25972,38.0321219,-80.7069023
25976,37.8405459,-80.8667178
25977,37.7978375,-80.9065631
25978,37.6330003,-80.9412051
25979,37.5109418,-80.9134822
25981,38.0709116,-80.6978701
25984,38.0158459,-80.6073611
25985,37.7566943,-80.8332572
25986,37.8997925,-80.8237274
25989,37.6785867,-81.0369767
26003,40.069192,-80.6506355
26030,40.2232506,-80.6579348
26031,39.9990742,-80.706014
26032,40.1836867,-80.553234
26033,39.8282563,-80.5794752
26034,40.5984734,-80.5523341
26035,40.3449004,-80.5535392
26036,39.9777199,-80.5542992
26037,40.3350487,-80.5859181
26038,39.9645905,-80.7241026
26039,39.7993687,-80.6740662
26040,39.983582,-80.731377
26041,39.8872468,-80.7054185
26047,40.5320755,-80.5857727
26050,40.6082652,-80.6207851
26055,39.762275,-80.7798277
26056,40.5169584,-80.5701643
26058,40.1871383,-80.6619166
26059,40.0573383,-80.6052523
26060,40.1054808,-80.5448346
26062,40.4213719,-80.5577256
26070,40.259827,-80.5800286
26074,40.1666062,-80.5953382
26075,40.1964257,-80.6500272
26101,39.2258424,-81.5843164
26104,39.2779718,-81.4759753
26105,39.3295744,-81.5146189
26133,39.1153887,-81.6631612
26134,39.381465,-81.273534
26136,38.9613654,-81.1180936
26137,38.9955832,-81.0494002
26138,39.0279441,-81.1462688
26141,38.9335026,-81.2461475
26142,39.214984,-81.4545793
26143,39.0563664,-81.3727357
26146,39.4570654,-81.036844
26147,38.9135689,-81.0761885
26148,39.0584987,-81.182808
26149,39.4721678,-80.8858499
26150,39.1347068,-81.5351266
26151,38.8945724,-81.1820768
26152,38.9791392,-81.1777048
26155,39.6300556,-80.7639635
26159,39.6073569,-80.9322382
26160,38.9812018,-81.4120573
26161,39.1597134,-81.2460332
26162,39.5687018,-80.7667014
26164,39.0133552,-81.6948482
26167,39.5323411,-80.7228091
26169,39.0722067,-81.5715884
26170,39.3620227,-81.1779591
26175,39.5371882,-80.9747546
26178,39.0628128,-81.0274294
26180,39.1949132,-81.3663
26181,39.2093252,-81.6644632
26184,39.2949931,-81.3527204
26187,39.3662888,-81.4466089
26201,39.0019468,-80.1974091
26202,38.2316284,-80.6221347
26203,38.5484756,-80.5884403
26205,38.3223157,-80.6468638
26206,38.3200885,-80.4132187
26208,38.3499344,-80.5837674
26209,38.3755933,-80.0799697
26210,38.9031476,-80.2778882
26215,38.7215675,-80.3648879
26217,38.6110076,-80.4468129
26218,38.8450235,-80.2679428
26222,38.660184,-80.3433044
26224,38.7448441,-80.1747263
26228,38.7543561,-80.3705442
26230,38.6269661,-80.2064318
26234,38.7661658,-80.3083258
26236,38.7175812,-80.2308716
26237,38.8477114,-80.1514749
26238,39.1017828,-80.1584067
26241,38.9162579,-79.7922264
26250,39.0295864,-79.9703775
26253,38.8061262,-79.8431179
26254,38.962179,-79.6301463
26257,38.9225696,-80.012384
26259,38.8253632,-79.91532
26260,39.0829258,-79.4124952
26261,38.1890019,-80.5005767
26263,38.9570435,-79.43582
26264,38.5891524,-79.8228526
26266,38.4375658,-80.4973969
26267,38.9255266,-80.080708
26268,38.7145015,-79.8228558
26269,39.1166842,-79.6522352
26270,38.8122533,-79.6004509
26271,39.02377,-79.5038953
26273,38.6344928,-79.961209
26275,38.9869327,-79.9499878
26276,39.0336656,-79.7326649
26278,38.8257082,-80.0254888
26280,38.7173529,-80.0378097
26282,38.5201631,-80.1462173
26283,39.0584404,-79.8231455
26285,38.9101793,-79.949448
26287,39.1660155,-79.6875085
26288,38.514958,-80.3465973
26289,38.9897092,-79.5126907
26291,38.4410984,-80.0863114
26292,39.1419146,-79.5336719
26293,38.7823554,-79.9365175
26294,38.5344306,-80.023084
26296,38.764498,-79.5535683
26298,38.4562057,-80.2861544
26301,39.2864393,-80.3727008
26320,39.4041332,-80.8121456
26321,39.0522447,-80.6941465
26323,39.2622926,-80.2905816
26325,39.0989474,-80.9048027
26327,39.1228861,-80.9427701
26330,39.2887905,-80.2215666
26335,38.843539,-80.6841248
26337,39.2302316,-81.1609926
26338,39.0912093,-80.6282006
26339,39.4222067,-80.613976
26342,39.0336007,-80.8548298
26343,38.8222197,-80.4024383
26346,39.2899954,-81.0600752
26347,39.2636964,-80.1261081
26348,39.462424,-80.5452481
26349,39.2274753,-80.1108262
26351,38.9262463,-80.8375587
26354,39.3540444,-80.0187488
26361,39.3651171,-80.3177396
26362,39.1553804,-81.0542177
26366,39.382639,-80.3348103
26369,39.3352459,-80.3311837
26372,38.9591356,-80.346573
26374,39.4523128,-79.8752947
26376,38.7757657,-80.4687693
26377,39.4962613,-80.647037
26378,39.123666,-80.447515
26384,38.9753734,-80.7219535
26385,39.1595259,-80.35195
26386,39.4024703,-80.3932408
26404,39.3362336,-80.306441
26405,39.2216518,-79.8997561
26408,39.1965939,-80.3064435
26410,39.4049738,-79.8083325
26411,39.1774672,-80.723034
26412,38.8966061,-80.5830006
26415,39.2882979,-80.9391947
26416,39.1571395,-80.0237247
26419,39.59818,-80.6353994
26421,39.181913,-80.9242458
26422,39.2979828,-80.4332263
26424,39.2811409,-80.1726833
26425,39.2999024,-79.6915939
26426,39.2867676,-80.5643346
26430,38.8954925,-80.7589029
26431,39.3914612,-80.2808649
26435,39.2671488,-80.0853248
26436,39.2972778,-80.7194266
26437,39.5259752,-80.5089299
26438,39.3431772,-80.3163618
26440,39.3216819,-79.9187178
26443,39.0759436,-80.7531619
26444,39.3752978,-79.7700385
26447,38.9117751,-80.4790755
26448,39.4030069,-80.4912959
26451,39.2043707,-80.4034412
26452,39.037172,-80.5281999
26456,39.2629402,-80.7740468
26463,39.4374443,-80.3460814
26501,39.634091,-80.0368385
26505,39.653049,-79.945502
26506,39.646781,-79.9701518
26508,39.6011316,-79.9025073
26519,39.5691661,-79.6270569
26520,39.5019945,-79.8243051
26521,39.7132835,-80.2281425
26524,39.5407679,-79.8072022
26525,39.6540258,-79.6258098
26534,39.6487788,-79.9991782
26537,39.488133,-79.7098835
26541,39.6950148,-80.1252437
26542,39.5746511,-79.7828092
26543,39.6646237,-79.9998588
26544,39.7116232,-80.170951
26546,39.6623116,-80.0239222
26547,39.5107144,-79.8057983
26554,39.4653919,-80.109845
26559,39.5149257,-80.1766612
26560,39.5408686,-80.1437676
26562,39.6424354,-80.4437797
26563,39.4810325,-80.2737709
26568,39.422153,-80.27807
26570,39.6361493,-80.2432555
26571,39.5265634,-80.2620265
26572,39.4864584,-80.3161627
26574,39.5608182,-80.1778988
26575,39.6929921,-80.4244591
26576,39.4925011,-80.2547477
26581,39.6702842,-80.5747287
26582,39.528793,-80.3800876
26585,39.6007781,-80.4359129
26586,39.5265473,-80.1095178
26587,39.5166591,-80.2994019
26588,39.5788714,-80.143989
26590,39.6690818,-80.3123059
26591,39.4516068,-80.2962845
26601,38.617423,-80.6227373
26610,38.4675676,-80.705302
26611,38.8534712,-80.8234035
26615,38.8262737,-80.7345883
26617,38.515558,-80.8400583
26619,38.7516558,-80.7054365
26621,38.6904117,-80.5062781
26623,38.6555047,-80.871607
26624,38.7207152,-80.819464
26627,38.7524731,-80.5850639
26629,38.56367,-80.7042679
26631,38.8073128,-80.5678641
26636,38.7439105,-80.9582498
26638,38.768006,-80.9994664
26651,38.265344,-80.9935153
26656,38.2501697,-81.1768872
26660,38.3560508,-80.7051003
26662,38.2579507,-80.7721357
26667,38.2445472,-80.9995053
26671,38.3343437,-80.8870379
26676,38.1600114,-80.6477785
26678,38.1788817,-80.9160621
26679,38.1739973,-80.8051284
26680,38.0933331,-80.8729734
26681,38.2331991,-80.7316814
26684,38.1582178,-80.8532775
26690,38.1752638,-81.0893053
26691,38.3936636,-80.6708521
26704,39.2864017,-78.6017519
26705,39.3230232,-79.5677703
26707,39.2088004,-79.4028156
26710,39.3017552,-78.9676024
26711,39.3222546,-78.4507845
26714,39.1784909,-78.6451869
26716,39.2527403,-79.5294925
26717,39.3341554,-79.1825083
26719,39.4976793,-78.7674484
26720,39.2776485,-79.3312429
26722,39.4969064,-78.6304268
26726,39.4028464,-78.9854459
26731,39.1498651,-79.064169
26739,39.2146485,-79.2602845
26743,39.2939492,-79.0752931
26750,39.4770818,-79.045448
26753,39.561351,-78.7678509
26755,39.1703558,-78.744478
26757,39.3206636,-78.7679338
26761,39.2713975,-78.6950007
26763,39.4730373,-78.6991754
26764,39.4465118,-79.5639231
26767,39.6158765,-78.756699
26801,39.0593389,-78.7944529
26802,38.6505097,-79.1914523
26804,38.6818695,-79.5302836
26807,38.6385731,-79.3546534
26808,39.1534754,-78.469265
26810,38.9950602,-78.754392
26812,38.8857755,-78.8780127
26814,38.7810857,-79.4757981
26815,38.4935157,-79.3644748
26817,39.3737727,-78.4015788
26818,39.0876252,-79.0164986
26823,39.1281332,-78.4952205
26833,39.0993261,-79.2016942
26836,38.9982396,-78.9751135
26838,38.8087927,-79.0584144
26845,39.1645192,-78.9642042
26847,38.9637416,-79.1372256
26851,39.047109,-78.6110217
26852,39.2453634,-78.9105987
26855,38.9750087,-79.2207174
26865,39.2059378,-78.5121346
26866,38.8040696,-79.2486297
26884,38.8464049,-79.3852909
26886,38.9049019,-79.3955137
27006,35.9390037,-80.440264
27007,36.3897205,-80.5884665
27009,36.2309224,-80.0786506
27011,36.2206919,-80.6926381
27012,36.0131547,-80.3776279
27013,35.7504917,-80.700075
27014,35.8100495,-80.5557439
27016,36.4474616,-80.2188164
27017,36.3820165,-80.7562183
27018,36.1972035,-80.5181443
27019,36.286886,-80.2377248
27020,36.1126628,-80.8112768
27021,36.3203186,-80.3447214
27022,36.5121658,-80.2156041
27023,36.0938254,-80.4501749
27024,36.5192369,-80.8411789
27025,36.3779849,-79.9682222
27027,36.4417589,-79.9888784
27028,35.9269992,-80.571086
27030,36.4898143,-80.6292139
27040,36.1693118,-80.3930448
27041,36.415263,-80.4845869
27042,36.352819,-80.0642026
27043,36.3385094,-80.448522
27045,36.2343984,-80.2960701
27046,36.5022187,-80.0782643
27047,36.3141343,-80.5691122
27048,36.4825144,-79.9176781
27050,36.2264423,-80.4097074
27051,36.1959439,-80.1534033
27052,36.320755,-80.1504527
27053,36.4758128,-80.3617999
27054,35.7925404,-80.5978879
27055,36.1137944,-80.6302027
27101,36.1108495,-80.2004303
27103,36.0582299,-80.3214959
27104,36.0907208,-80.3315447
27105,36.1618858,-80.2343097
27106,36.1439097,-80.3231573
27107,36.0131579,-80.1754914
27109,36.1337315,-80.2754079
27110,36.0892458,-80.2248318
27127,36.0207083,-80.2798166
27201,36.0341723,-79.4848287
27202,36.18558,-79.5060279
27203,35.7284623,-79.7865304
27205,35.6382587,-79.8508662
27207,35.6076129,-79.3905175
27208,35.5618959,-79.5429427
27209,35.3429989,-79.7532911
27212,36.4811673,-79.2809448
27213,35.6492551,-79.4082802
27214,36.206055,-79.671126
27215,36.0191542,-79.5136949
27217,36.190945,-79.3801853
27229,35.2397462,-79.7915919
27231,36.195182,-79.1746685
27233,35.8925121,-79.70498
27235,36.1000251,-80.0067758
27239,35.6012291,-80.09028
27242,35.3296566,-79.6489549
27243,36.0605884,-79.2018314
27244,36.2158232,-79.4865996
27247,35.4609145,-79.7878638
27248,35.7831953,-79.7164606
27249,36.1626775,-79.5824315
27252,35.5603253,-79.3549837
27253,35.9661659,-79.3473611
27256,35.5604839,-79.2746203
27258,36.0834225,-79.351288
27259,35.4914353,-79.5262374
27260,35.954222,-79.9870549
27262,35.9631296,-80.0416674
27263,35.9115541,-79.936803
27265,36.0092287,-80.0323877
27268,35.9714016,-79.9946985
27278,36.0901953,-79.0869286
27281,35.1874423,-79.6251154
27282,35.9963459,-79.9318416
27283,35.951474,-79.6354182
27284,36.1161212,-80.0818653
27288,36.4976449,-79.7500154
27291,36.4166125,-79.1682722
27292,35.738325,-80.2075465
27295,35.8676443,-80.3170833
27298,35.8851152,-79.5675454
27299,35.7530684,-80.3774508
27301,36.1135101,-79.6656557
27302,36.1357631,-79.2633477
27305,36.5157703,-79.2167168
27306,35.225229,-79.9801863
27310,36.174072,-79.9922326
27311,36.4796508,-79.4725635
27312,35.7562075,-79.1965878
27313,35.9314481,-79.7580547
27314,36.3103602,-79.1962496
27315,36.5101755,-79.4035026
27316,35.6970133,-79.6257928
27317,35.8407367,-79.8024987
27320,36.3414881,-79.6588235
27325,35.4635984,-79.5663134
27326,36.4641162,-79.556845
27330,35.5170666,-79.1832095
27332,35.3722189,-79.1487936
27340,35.945481,-79.3101085
27341,35.5237589,-79.6959088
27342,36.0663598,-79.6185968
27343,36.5040886,-79.0758732
27344,35.7223163,-79.4336918
27349,35.8950859,-79.4180863
27350,35.8082528,-79.8882126
27351,35.659775,-80.2678916
27355,35.7868579,-79.5678358
27356,35.436865,-79.8042722
27357,36.2665997,-79.9706249
27358,36.228232,-79.8800606
27360,35.8605804,-80.0992879
27370,35.8092977,-79.9779798
27371,35.4057501,-79.948344
27374,35.9175796,-80.2577487
27376,35.2610993,-79.5218108
27377,36.0380355,-79.599395
27379,36.3611271,-79.3477618
27401,36.0708221,-79.767692
27403,36.0640779,-79.8254168
27405,36.1153786,-79.7346412
27406,35.9979499,-79.766734
27407,36.0133668,-79.8713907
27408,36.1036674,-79.8137118
27409,36.071751,-79.9648578
27410,36.1186155,-79.8948507
27411,36.0766154,-79.7715134
27412,36.0682771,-79.8100612
27455,36.1874262,-79.8174405
27501,35.4849486,-78.684574
27502,35.7196155,-78.9071719
27503,36.1529768,-78.884452
27504,35.4003172,-78.5182711
27505,35.4065986,-79.0044225
27506,35.4085826,-78.7392738
27507,36.5138076,-78.5524656
27508,35.9590124,-78.25091
27509,36.1314679,-78.7737086
27510,35.9098353,-79.0812529
27511,35.76395,-78.786576
27513,35.8019804,-78.8025735
27514,35.9665625,-79.0521355
27516,35.9061971,-79.1548546
27517,35.8426629,-79.0320148
27518,35.7311385,-78.7732063
27519,35.8083924,-78.8865461
27520,35.6117619,-78.4763898
27521,35.4121205,-78.655865
27522,36.105618,-78.6752024
27523,35.7736176,-78.9569261
27524,35.391825,-78.3787625
27525,36.1460638,-78.4741433
27526,35.5438651,-78.8300178
27527,35.6539484,-78.3817153
27529,35.6386246,-78.5813841
27530,35.382697,-78.0611418
27531,35.3436174,-77.9673687
27533,35.38746,-78.0389639
27534,35.3692725,-77.8868715
27536,36.3259075,-78.4067718
27537,36.3587265,-78.3983844
27539,35.6765334,-78.813447
27540,35.6201694,-78.8650472
27541,36.2648617,-79.0832168
27542,35.6182928,-78.1368384
27544,36.1912348,-78.440476
27545,35.7836785,-78.4833549
27546,35.3853481,-78.8621217
27549,36.099641,-78.2512464
27551,36.4328431,-78.0501696
27553,36.486498,-78.3027976
27555,35.5623795,-78.2035168
27556,36.3969877,-78.3094332
27557,35.7791351,-78.1985117
27559,35.6282135,-79.102818
27560,35.8576004,-78.8271139
27562,35.6419775,-78.9755807
27563,36.4215056,-78.2214347
27565,36.3616505,-78.6489525
27568,35.5112737,-78.2429101
27569,35.4294752,-78.1721219
27570,36.4386306,-78.2366075
27571,35.9245996,-78.461452
27572,36.2551055,-78.877494
27573,36.3990178,-78.9751264
27574,36.4752649,-78.8421008
27576,35.5775242,-78.2613111
27577,35.4919354,-78.3446139
27581,36.2030772,-78.7361034
27582,36.4473523,-78.5690889
27583,36.3096929,-78.9305828
27584,36.4933832,-78.4459978
27587,35.9808384,-78.5510498
27589,36.3225409,-78.133484
27591,35.78417,-78.3889844
27592,35.5573801,-78.6722695
27593,35.5858034,-78.3623378
27594,36.4729592,-78.1662149
27596,35.9996498,-78.4349619
27597,35.8406416,-78.305943
27599,35.9040451,-79.0521343
27601,35.7736607,-78.6345634
27603,35.6647957,-78.6536773
27604,35.8229324,-78.5620567
27605,35.7904079,-78.6545637
27606,35.7423228,-78.7154778
27607,35.8177841,-78.7275086
27608,35.8102998,-78.6486578
27609,35.8437652,-78.6336426
27610,35.7444001,-78.5462783
27612,35.8502768,-78.7038641
27613,35.9261018,-78.7114141
27614,35.94593,-78.6194942
27615,35.8984913,-78.635653
27616,35.8667733,-78.5406514
27617,35.9088448,-78.7723958
27695,35.7854891,-78.6789298
27697,35.7788027,-78.6229671
27701,35.9992399,-78.8979435
27703,35.9612861,-78.805228
27704,36.0424458,-78.8287706
27705,36.0251124,-78.9820665
27707,35.954525,-78.953317
27708,36.0000999,-78.9431017
27709,35.9200659,-78.8670667
27712,36.0954841,-78.904075
27713,35.8835221,-78.9355409
27801,35.9134458,-77.7256989
27803,35.8914037,-77.8494903
27804,35.9891644,-77.8427106
27805,36.2085712,-77.0885825
27806,35.3049988,-76.7560671
27807,35.8113823,-78.085982
27808,35.4670889,-76.7597523
27809,36.0167773,-77.7416197
27810,35.5496487,-76.5124635
27812,35.8050318,-77.3761621
27813,35.634739,-77.9375158
27814,35.3801176,-76.9324278
27815,35.9246887,-77.6930271
27816,36.108768,-78.0729586
27817,35.4518211,-77.0812183
27818,36.4997246,-77.0185047
27819,35.8141535,-77.4573284
27820,36.4215147,-77.241567
27821,35.3220663,-76.874087
27822,35.8070123,-77.8404574
27823,36.2096532,-77.7137329
27824,35.5515457,-76.0052148
27825,35.8352787,-77.171481
27826,35.5953397,-76.2435923
27827,35.6982114,-77.512233
27828,35.5851505,-77.5774151
27829,35.6999965,-77.6056517
27830,35.564168,-77.9503093
27831,36.4630865,-77.5705527
27832,36.5198095,-77.7401282
27834,35.6567695,-77.3795266
27837,35.5138651,-77.2045997
27839,36.284912,-77.5568798
27840,35.9297084,-77.2388862
27841,35.9085791,-77.2763595
27842,36.5267486,-77.8519876
27843,35.9955343,-77.4000015
27844,36.2427132,-77.9464247
27845,36.3712674,-77.4399895
27846,35.7585682,-76.8975274
27847,36.1782016,-77.201851
27849,36.0773056,-77.2150251
27850,36.4123906,-77.8801914
27851,35.6400827,-78.0306782
27852,35.7504591,-77.6369312
27853,36.5152367,-77.3071781
27855,36.4155575,-77.069339
27856,36.0136803,-77.9805742
27857,35.9708261,-77.2610682
27858,35.5324513,-77.2827875
27860,35.664163,-76.6353015
27861,35.8172047,-77.3190144
27862,36.4901753,-77.1882913
27863,35.4881654,-77.9717964
27864,35.801141,-77.6494028
27865,35.6640235,-76.8999748
27866,36.5198691,-77.5145649
27869,36.2671048,-77.313433
27870,36.4252156,-77.695139
27871,35.802069,-77.2605648
27872,36.2009544,-77.2460268
27873,35.653316,-77.7760436
27874,36.1290112,-77.4106916
27875,35.4557061,-76.5046668
27876,36.4744141,-77.4051069
27877,36.5188098,-77.1922192
27878,35.866059,-77.8305319
27879,35.5744876,-77.2796509
27880,35.7307363,-78.0805886
27881,35.9702202,-77.4422657
27882,35.9423832,-78.118404
27883,35.5924077,-77.8043676
27884,35.70352,-77.2666351
27885,35.4200147,-76.2472784
27886,35.9046618,-77.5117383
27888,35.6039345,-77.7285892
27889,35.5804319,-77.0250191
27890,36.41418,-77.5877454
27891,36.0977349,-77.7427892
27892,35.819171,-77.0634725
27893,35.6937664,-77.9041369
27896,35.7910038,-77.9763824
27897,36.3245971,-77.2096804
27909,36.2886055,-76.2687339
27910,36.2817557,-76.9934032
27915,35.3366543,-75.5120634
27916,36.3293149,-75.9200505
27917,36.3551356,-75.9974633
27919,36.3081713,-76.5042828
27920,35.2532939,-75.5383128
27921,36.3297996,-76.1478322
27922,36.3167553,-76.8422097
27923,36.3682363,-75.9308261
27924,36.1684466,-76.8325206
27925,35.8411841,-76.1733244
27926,36.5051154,-76.6049251
27927,36.331206,-75.8512027
27928,35.8088243,-76.4377479
27929,36.4391952,-76.0164872
27932,36.0941896,-76.5880455
27935,36.4310793,-76.8680919
27936,35.2478563,-75.5987298
27937,36.5122795,-76.7739468
27938,36.3842963,-76.7160005
27939,36.2352061,-75.8798166
27941,36.0923148,-75.8228292
27942,36.2971392,-76.7508539
27943,35.2078255,-75.7171865
27944,36.1808969,-76.4032445
27946,36.3642305,-76.5902308
27947,36.1671368,-75.8535208
27948,36.0192288,-75.6921723
27949,36.109859,-75.7454329
27950,36.5005513,-75.9736639
27953,35.8039855,-75.8754044
27954,35.9127099,-75.6853351
27956,36.3999845,-76.0011146
27957,36.0662974,-76.7590589
27958,36.5011982,-76.1733303
27959,35.8919358,-75.6034363
27960,35.0732314,-75.9985272
27962,35.7620023,-76.7764517
27964,36.1270529,-75.8042574
27965,36.292401,-75.9329475
27966,36.1256256,-75.8482483
27967,36.2223191,-76.908397
27968,35.6586312,-75.4891892
27969,36.4633071,-76.8025875
27970,35.9087475,-76.620202
27972,35.5524576,-75.4712987
27973,36.371209,-76.0555145
27974,36.2430573,-75.9895585
27976,36.4786102,-76.3362709
27978,35.6722019,-75.7731276
27979,36.4367677,-76.5606792
27980,36.2453245,-76.6193853
27981,35.8528554,-75.6374238
27982,35.5659003,-75.4654812
27983,35.9620303,-76.9357662
27985,36.2188075,-76.4737193
27986,36.388979,-76.9182948
28001,35.3385523,-80.208179
28006,35.410436,-81.0920046
28007,35.1216935,-80.1305213
28009,35.4078461,-80.1071954
28012,35.2115037,-81.0378653
28016,35.3149323,-81.2832924
28017,35.2470822,-81.6706821
28018,35.4889804,-81.8033851
28019,35.2838956,-81.7938771
28020,35.5240907,-81.6432453
28021,35.4007738,-81.4033457
28023,35.5685849,-80.6025418
28024,35.2433095,-81.7705748
28025,35.3825654,-80.5234428
28027,35.413317,-80.6754695
28031,35.475193,-80.8936848
28032,35.2330332,-81.0795134
28033,35.419107,-81.3284274
28034,35.3536638,-81.178943
28036,35.482087,-80.7933508
28037,35.4954864,-81.0184843
28039,35.6803892,-80.4362379
28040,35.3899766,-81.7521838
28041,35.5874223,-80.4625351
28042,35.4229839,-81.5074765
28043,35.3123873,-81.870315
28052,35.2279641,-81.2316914
28054,35.2613627,-81.15015
28056,35.2169359,-81.1250034
28071,35.5175148,-80.3158932
28072,35.6132186,-80.4423279
28073,35.1985742,-81.4837849
28074,35.2393576,-81.8781925
28075,35.301906,-80.6392759
28076,35.256446,-81.7795204
28077,35.404802,-81.2027704
28078,35.4047788,-80.8665408
28079,35.114666,-80.6005968
28080,35.4567463,-81.1056852
28081,35.5028157,-80.670173
28083,35.4918335,-80.5822074
28086,35.2441633,-81.3779122
28088,35.5443803,-80.6146297
28089,35.3202725,-81.6606903
28090,35.454659,-81.5595547
28091,34.9873922,-79.9330024
28092,35.4832387,-81.2530544
28097,35.2967329,-80.3933203
28098,35.2711353,-81.1007866
28101,35.2558016,-81.0754157
28102,34.8148177,-79.9766317
28103,34.9989739,-80.3514554
28104,35.0579777,-80.6977713
28105,35.1197881,-80.7096931
28107,35.252973,-80.51803
28108,34.9331854,-80.6794709
28109,35.4828903,-80.2798915
28110,35.0660436,-80.5090891
28112,34.8899247,-80.5495475
28114,35.2304413,-81.7477022
28115,35.5753982,-80.7749141
28117,35.5749652,-80.8941549
28119,34.8475394,-80.0139429
28120,35.3285859,-81.0264238
28124,35.4000744,-80.4082889
28125,35.6590247,-80.6986125
28127,35.4501676,-80.1672345
28128,35.2106986,-80.1545237
28129,35.2322517,-80.3273968
28133,34.8449256,-80.2656808
28134,35.0844809,-80.8915361
28135,35.0297699,-80.2172642
28136,35.4205014,-81.6424111
28137,35.4908982,-80.2636376
28138,35.5144412,-80.4373538
28139,35.3483631,-81.9947373
28144,35.7157458,-80.4589462
28146,35.6211443,-80.3955958
28147,35.6797116,-80.5603758
28150,35.3427033,-81.5762477
28152,35.2407691,-81.5913907
28159,35.6941663,-80.4352087
28160,35.360671,-81.9222862
28163,35.2070197,-80.4284981
28164,35.3894436,-81.0371355
28166,35.6782821,-80.8735086
28167,35.5064252,-81.9594421
28168,35.5523628,-81.4250844
28169,35.358117,-81.4306018
28170,34.9987141,-80.0987843
28173,34.9191766,-80.7305639
28174,34.9690354,-80.4395803
28202,35.2272706,-80.8441938
28203,35.2090059,-80.8575706
28204,35.2145999,-80.8267543
28205,35.2187739,-80.7896162
28206,35.2554231,-80.8215161
28207,35.1941483,-80.824585
28208,35.2320055,-80.9049891
28209,35.1787136,-80.8539849
28210,35.1305086,-80.8566848
28211,35.1663423,-80.7972848
28212,35.1877026,-80.7445563
28213,35.2862286,-80.7352306
28214,35.2720341,-80.9681087
28215,35.2457037,-80.6988907
28216,35.3101902,-80.8896358
28217,35.1687454,-80.9083638
28223,35.3088745,-80.7324987
28226,35.1026974,-80.8221294
28227,35.1895673,-80.6454082
28244,35.2246045,-80.8430938
28262,35.3220608,-80.7399718
28269,35.3373126,-80.8034723
28270,35.1120353,-80.7646053
28273,35.1236594,-80.9484549
28274,35.1891041,-80.8338401
28277,35.0498564,-80.8180186
28278,35.133373,-81.0088375
28280,35.2263318,-80.8430911
28282,35.2248153,-80.8452767
28301,35.0747996,-78.8842572
28303,35.0856308,-78.9593614
28304,35.025528,-78.9896043
28305,35.0526089,-78.9072444
28306,34.9584949,-78.8968484
28307,35.1396024,-78.9935766
28308,35.1720359,-79.0149631
28310,35.1245411,-79.0433901
28311,35.1677694,-78.888697
28312,34.9477518,-78.7381328
28314,35.053208,-79.0154704
28315,35.1150442,-79.4485478
28318,35.0107683,-78.6237303
28320,34.5581217,-78.7727155
28323,35.3147909,-78.8343758
28325,35.1533703,-78.1042199
28326,35.2690439,-79.1546905
28327,35.3581478,-79.4227839
28328,35.0051302,-78.3344189
28330,34.9106732,-79.8233147
28331,35.1964322,-78.6485391
28332,34.6553887,-78.6992839
28333,35.2861315,-78.017373
28334,35.2722079,-78.5681041
28337,34.6558557,-78.5719511
28338,35.0988987,-79.744237
28339,35.3105403,-78.7327468
28340,34.4713541,-79.1344225
28341,35.1198759,-78.1744371
28342,35.1856703,-78.6516154
28343,34.7573616,-79.5648752
28344,35.1679887,-78.6227252
28345,34.8702877,-79.6656399
28347,35.0525883,-79.5588423
28348,34.9149732,-78.9270205
28349,34.9811588,-77.9270592
28350,35.2467121,-79.3149965
28351,34.8480961,-79.5766521
28352,34.7683952,-79.4535585
28355,35.3905353,-79.1951503
28356,35.2370202,-78.7903957
28357,34.9020937,-79.0830127
28358,34.6078575,-78.9347722
28359,34.58685,-79.0547439
28360,34.6703285,-79.07494
28362,34.3696087,-79.128839
28363,34.9486677,-79.5299344
28364,34.7079278,-79.3226759
28365,35.1723295,-78.0522873
28366,35.2302279,-78.3620142
28367,35.1698038,-79.7232291
28368,35.3694441,-79.113313
28369,34.4233734,-79.0294163
28371,34.9106498,-78.9783475
28372,34.6999147,-79.1786217
28373,35.0934699,-79.485597
28374,35.1892803,-79.4590707
28375,34.477245,-79.043363
28376,35.0468097,-79.2413961
28377,34.8362936,-79.2107848
28378,34.8587718,-79.0506027
28379,34.9292169,-79.7868561
28382,34.9266293,-78.5603814
28383,34.5778709,-79.2690902
28384,34.7915602,-78.9414102
28385,35.0479995,-78.4996485
28386,34.8629653,-79.1284328
28387,35.1804864,-79.3756947
28390,35.2208888,-78.9533088
28391,35.03417,-78.6986383
28392,34.7347406,-78.7954106
28393,34.9810873,-78.1894802
28394,35.2174555,-79.2415367
28395,35.130166,-78.7270243
28396,34.9550729,-79.4138622
28398,34.9897802,-78.0641733
28399,34.7693858,-78.719612
28401,34.2919854,-77.9723651
28403,34.2216915,-77.8806326
28405,34.2641792,-77.8683146
28409,34.150625,-77.8603103
28411,34.3018295,-77.7930661
28412,34.1365893,-77.920579
28420,34.054572,-78.4686978
28421,34.5051233,-78.167047
28422,34.0492332,-78.2110583
28423,34.2701452,-78.4045185
28424,34.2903488,-78.6996765
28425,34.5606718,-77.9004267
28428,34.0386154,-77.9052635
28429,34.3412113,-77.9002163
28430,34.2840071,-78.9327718
28431,34.3173756,-78.8445356
28432,34.1680331,-78.7587093
28433,34.4885046,-78.6166728
28434,34.4724501,-78.4708092
28435,34.4059549,-78.1092291
28436,34.2466359,-78.2838969
28438,34.4203946,-78.9137198
28439,34.2868155,-79.0013821
28441,34.8114591,-78.4274156
28442,34.3101749,-78.6010908
28443,34.4812145,-77.6928466
28444,34.6883133,-78.3199569
28445,34.5288488,-77.535773
28447,34.6186509,-78.2781058
28448,34.5183053,-78.3596519
28449,33.9732686,-77.9418875
28450,34.3091779,-78.4966046
28451,34.2360956,-78.1190719
28452,34.0050536,-78.5559136
28453,34.8664065,-78.0764482
28454,34.670298,-77.653954
28455,34.1116567,-78.6317958
28456,34.3749726,-78.2872012
28457,34.4561979,-77.8715247
28458,34.8198556,-78.0811047
28460,34.5233202,-77.4170743
28461,33.9665594,-78.05746
28462,33.9997214,-78.3110452
28463,34.1097638,-78.7764633
28464,34.7822245,-78.0210801
28465,33.9117728,-78.0985714
28466,34.7407699,-77.8757024
28467,33.9179863,-78.5920358
28468,33.8996525,-78.5192138
28469,33.9338301,-78.4732177
28470,33.9669725,-78.3959207
28472,34.2990196,-78.6911975
28478,34.6428397,-78.0420386
28479,34.1006881,-78.0165108
28480,34.2147533,-77.8005062
28501,35.2390836,-77.527194
28504,35.2273664,-77.6358877
28508,35.0996682,-77.8247884
28509,35.1457585,-76.8059268
28510,34.9876125,-76.8044609
28511,34.9011161,-76.3457625
28512,34.7015672,-76.806529
28513,35.4427633,-77.3896376
28515,35.1916014,-76.6891951
28516,34.85641,-76.6196182
28518,34.8948228,-77.7474933
28519,35.1278348,-77.012554
28520,34.9959496,-76.4668029
28521,34.8179021,-77.7366182
28523,35.2087855,-77.299531
28524,34.7944498,-76.463848
28525,35.1322914,-77.6866724
28526,35.2447048,-77.4084286
28527,35.2582065,-77.0175018
28528,34.7321096,-76.5386171
28529,35.1033442,-76.8786289
28530,35.3739757,-77.4155218
28531,34.6980378,-76.555547
28532,34.9050222,-76.8866721
28533,34.9019251,-76.9008585
28537,35.2566157,-76.5586397
28538,35.4166449,-77.5650767
28539,34.6942119,-77.2328175
28540,34.7443241,-77.4990476
28542,34.729932,-77.4619428
28543,34.7348039,-77.39805
28544,34.6960415,-77.2907088
28546,34.8273118,-77.3910653
28547,34.6313681,-77.3285597
28551,35.3213229,-77.7808558
28552,35.2982,-76.5559281
28553,34.7391579,-76.5100682
28554,35.475702,-77.592596
28555,34.8679678,-77.248397
28556,35.1328066,-76.637805
28557,34.7378495,-76.7503081
28560,35.126695,-76.9776282
28562,35.0809785,-77.1250326
28570,34.7769888,-76.8805051
28571,35.0460065,-76.7038453
28572,35.0199183,-77.7238328
28573,34.9799166,-77.1975211
28574,34.8788857,-77.5896663
28575,34.6881866,-76.8809395
28577,34.9067765,-76.4044016
28578,35.196952,-77.8569721
28579,34.8128583,-76.5050584
28580,35.453325,-77.6793616
28581,34.8442584,-76.4355528
28582,34.7639678,-77.1262416
28584,34.7240097,-77.1005434
28585,35.0497633,-77.4175798
28586,35.32415,-77.1774109
28587,35.1867894,-76.6667907
28589,34.7961509,-76.4940189
28590,35.5206825,-77.4166606
28594,34.7011054,-76.9739116
28601,35.7723925,-81.3266586
28602,35.673522,-81.3826265
28604,36.1775612,-81.8580541
28605,36.1296201,-81.6949153
28606,36.0517838,-81.3068782
28607,36.2149374,-81.6467496
28609,35.6784507,-81.0574181
28610,35.7292168,-81.1453349
28611,36.0060398,-81.7369714
28612,35.6503914,-81.5375599
28613,35.7376482,-81.207675
28615,36.4748992,-81.6702663
28616,36.0214587,-81.9301765
28617,36.4807024,-81.3619794
28618,36.2135484,-81.5169246
28619,35.7601353,-81.6068074
28621,36.2755933,-80.7856541
28622,36.1949602,-81.9489115
28623,36.5284767,-80.9829338
28624,36.1196959,-81.4132449
28625,35.8695809,-80.8896528
28626,36.2925767,-81.5176324
28627,36.4535863,-81.0142991
28628,35.7291741,-81.7782678
28629,36.347483,-81.3591605
28630,35.8319748,-81.4201702
28631,36.5474764,-81.4103559
28634,35.9727831,-80.7572322
28635,36.3329606,-81.1260114
28636,35.9394262,-81.0634332
28637,35.7176715,-81.4193842
28638,35.8450928,-81.4779384
28640,36.4048731,-81.3993974
28641,35.9754598,-81.8948678
28642,36.2250653,-80.8154788
28643,36.5290589,-81.5408788
28644,36.4261593,-81.2778227
28645,35.9788304,-81.5477788
28646,36.0731084,-81.8469645
28649,36.335979,-81.2120433
28650,35.5714262,-81.1583902
28651,36.3062145,-81.3087831
28652,36.0896873,-81.9865347
28653,36.0660277,-81.9010254
28654,36.0585159,-81.1593045
28655,35.7632655,-81.7498616
28657,36.0219928,-81.9424253
28658,35.6376164,-81.2358526
28659,36.2159592,-81.1481686
28660,35.9686146,-80.856248
28662,36.0224904,-81.8917069
28663,36.5372019,-81.289931
28664,36.0424405,-82.0059168
28665,36.209682,-81.3738784
28666,35.7186371,-81.4706164
28667,35.774539,-81.4250887
28668,36.4241561,-80.9752404
28669,36.2234452,-80.9898176
28670,36.1943084,-80.9124936
28671,35.7502026,-81.526631
28672,36.4833265,-81.3267202
28673,35.6177168,-80.9987579
28675,36.5063419,-81.1361053
28676,36.3318602,-80.8553405
28677,35.7380994,-80.9260885
28678,35.832604,-81.0711426
28679,36.2601949,-81.8402584
28681,35.9226781,-81.2230575
28682,35.5882545,-80.9651531
28683,36.3904389,-80.9110068
28684,36.3344598,-81.6067686
28685,36.3472732,-81.0409587
28689,36.0365743,-80.9408744
28690,35.7327346,-81.5742303
28692,36.314565,-81.837539
28693,36.4717725,-81.5590085
28694,36.3663365,-81.4680158
28697,36.1366654,-81.162721
28698,36.3140356,-81.7608709
28701,35.7050981,-82.6364673
28702,35.3799758,-83.6419788
28704,35.4614292,-82.5708149
28705,36.0351906,-82.1514698
28707,35.3987165,-83.0661942
28708,35.2710253,-82.8598233
28709,35.7713993,-82.3792437
28710,35.4569206,-82.2797115
28711,35.6006043,-82.2696875
28712,35.173309,-82.7708277
28713,35.3657002,-83.5116643
28714,35.8783107,-82.3048939
28715,35.5119657,-82.7117014
28716,35.439341,-82.847925
28717,35.0495427,-83.0933286
28718,35.1591323,-82.6349807
28719,35.5108912,-83.5202655
28720,35.4477235,-82.2621948
28721,35.6337682,-82.9307862
28722,35.2084789,-82.0609996
28723,35.3140766,-83.0134749
28725,35.3822225,-83.2681118
28726,35.2809988,-82.416555
28729,35.3195563,-82.6028833
28730,35.5313998,-82.3597851
28731,35.2935436,-82.3803259
28732,35.4517493,-82.4457416
28733,35.4273966,-83.7769707
28734,35.1793129,-83.436973
28735,35.4754046,-82.3485069
28736,35.1756584,-83.0864674
28739,35.2738732,-82.528599
28740,36.0256645,-82.3052814
28741,35.0664245,-83.2106128
28742,35.3827603,-82.6512746
28743,35.8002835,-82.8812241
28745,35.5221241,-82.9739771
28746,35.4771905,-82.1616931
28747,35.1455583,-82.9173262
28748,35.6549227,-82.7602673
28749,35.841043,-82.0978738
28751,35.5054763,-83.1195644
28752,35.7095987,-82.0355731
28753,35.8642061,-82.7126312
28754,35.8768572,-82.5143623
28755,35.9082029,-82.2175378
28756,35.3558851,-82.2085662
28757,35.6480399,-82.2991642
28758,35.3748855,-82.4956908
28759,35.3813502,-82.5888991
28761,35.6903156,-81.9068447
28762,35.6353341,-82.1897724
28763,35.0287086,-83.4659347
28766,35.2494433,-82.6192526
28768,35.325018,-82.7071843
28770,35.6211058,-82.278167
28771,35.342948,-83.8544945
28772,35.1390686,-82.8369189
28773,35.2610918,-82.2979896
28774,35.0935363,-82.9949772
28775,35.0191525,-83.3210722
28777,35.9076612,-82.0653267
28778,35.6141955,-82.3976703
28779,35.3557221,-83.2097154
28781,35.2240557,-83.6354791
28782,35.2342766,-82.1473829
28783,35.2423289,-83.0211211
28785,35.6532698,-83.1396331
28786,35.4620324,-82.988733
28787,35.7415199,-82.5155826
28788,35.3505604,-83.2226698
28789,35.4070569,-83.3167767
28790,35.1982057,-82.4952372
28791,35.3569849,-82.5069953
28792,35.3944244,-82.3684281
28801,35.5945386,-82.5579718
28803,35.5317029,-82.5230213
28804,35.6450075,-82.5577225
28805,35.6138542,-82.4797046
28806,35.5696448,-82.616787
28901,35.2012811,-83.8050922
28902,35.0229478,-83.9582937
28904,35.0686298,-83.7335934
28905,35.1630582,-83.9409485
28906,35.0872445,-84.1366351
28909,35.0011378,-83.9032633
29001,33.786644,-80.1740651
29003,33.241221,-81.0238151
29006,33.8689793,-81.5510978
29009,34.4429836,-80.3645825
29010,34.2236168,-80.2722576
29014,34.5233815,-81.1145128
29015,34.4453702,-81.3377814
29016,34.2040162,-80.9927649
29018,33.3487956,-80.6391773
29020,34.3139383,-80.5738063
29030,33.576312,-80.6475725
29031,34.6068099,-81.4289695
29032,34.337003,-80.4443228
29033,33.9551925,-81.057116
29036,34.1340014,-81.3399071
29037,34.1899352,-81.8676945
29038,33.3809496,-80.9812686
29039,33.4204412,-80.89215
29040,34.0607025,-80.4377793
29042,33.3055604,-81.1478534
29044,33.92571,-80.695204
29045,34.1850784,-80.804984
29046,34.1125073,-80.1613006
29047,33.5321783,-80.5802308
29048,33.3905629,-80.2952852
29051,33.8616258,-80.1278284
29052,33.7983128,-80.7413021
29053,33.8275399,-81.0908946
29054,33.9479085,-81.3828422
29055,34.5742442,-80.914866
29056,33.6086383,-80.0059872
29058,34.5542826,-80.7496841
29059,33.3291595,-80.419059
29061,33.8974933,-80.8506042
29062,34.0042858,-80.6055213
29063,34.1369985,-81.202257
29065,34.2983422,-81.3172713
29067,34.5441658,-80.5370944
29069,34.1801189,-80.0946444
29070,33.9166673,-81.4492326
29072,33.9988576,-81.2728655
29073,33.8910621,-81.2362491
29074,34.4411266,-80.8184018
29075,34.2006594,-81.3778077
29078,34.1816359,-80.6994012
29079,34.2890863,-80.1131673
29080,34.012164,-80.0855766
29081,33.0890799,-81.0473735
29082,33.0382467,-80.9391462
29101,34.4817782,-80.2446069
29102,33.654209,-80.202222
29104,33.9946893,-80.2117638
29105,33.8063953,-81.593579
29107,33.5233874,-81.1175555
29108,34.3047027,-81.6273302
29111,33.7784958,-80.0205825
29112,33.6251106,-81.0816599
29113,33.4324421,-81.135333
29114,33.9543465,-79.9322842
29115,33.4777175,-80.8441994
29117,33.498276,-80.8500861
29118,33.5693937,-80.8885582
29122,34.2387924,-81.3282964
29123,33.7634903,-81.2593215
29125,33.6959007,-80.4748557
29126,34.3289331,-81.4194816
29127,34.1532516,-81.5124627
29128,34.0957016,-80.5320816
29129,33.7891891,-81.672617
29130,34.3316063,-80.8804096
29133,33.3589111,-80.8031266
29135,33.7017895,-80.7510623
29137,33.5961906,-81.3214162
29138,34.0423919,-81.7761515
29142,33.4651539,-80.5224559
29145,34.2167625,-81.8067593
29146,33.5082492,-81.2954117
29148,33.5349259,-80.3358157
29150,33.8189411,-80.3168675
29152,33.9726572,-80.4673192
29153,33.9705971,-80.3057652
29154,33.8152613,-80.4352741
29160,33.7468885,-81.0355159
29161,34.1028374,-79.9434025
29162,33.8897251,-80.008189
29163,33.4175792,-80.4464502
29164,33.6584864,-81.4308349
29166,33.8970951,-81.7122553
29168,33.8484488,-80.5407669
29169,33.9975025,-81.0974055
29170,33.9391059,-81.1445623
29172,33.9057646,-81.0755016
29175,34.4426558,-80.6066016
29177,34.1405049,-81.2675058
29178,34.4958391,-81.5897278
29180,34.365471,-81.0985312
29201,33.9824781,-81.0280939
29203,34.1006121,-81.040698
29204,34.0290276,-80.9998093
29205,33.990015,-80.9966301
29206,34.0288859,-80.9609791
29207,34.0424469,-80.8459861
29208,33.9975151,-81.0267956
29209,33.9267508,-80.9503637
29210,34.0454583,-81.1102624
29212,34.0775532,-81.2023364
29223,34.0926336,-80.919271
29225,33.9954036,-81.0300513
29229,34.145968,-80.8944038
29301,34.9352341,-82.0147687
29302,34.8844457,-81.8436003
29303,34.9952959,-81.9683683
29306,34.8926326,-81.921504
29307,34.982716,-81.8315546
29316,35.0430448,-81.9751069
29320,34.958567,-81.9925829
29321,34.7146547,-81.7410663
29322,35.1210937,-82.1324322
29323,35.1263413,-81.907463
29324,34.9912955,-81.8241319
29325,34.4681825,-81.8452247
29329,34.9924526,-81.8359843
29330,35.0525769,-81.8043201
29331,34.6442407,-81.8580334
29332,34.2786823,-81.9703792
29333,34.9709501,-81.9107537
29334,34.9055026,-82.124454
29335,34.6592713,-81.9066575
29338,35.1344684,-82.0017874
29340,34.9723127,-81.5859169
29341,35.1196541,-81.7125929
29346,34.9451836,-81.8362084
29349,35.0673347,-82.0680953
29351,34.4210365,-81.8080449
29353,34.8307414,-81.6486039
29355,34.3634434,-81.7476085
29356,35.1468926,-82.2608053
29360,34.4880029,-82.0457616
29364,34.7882865,-81.4623419
29365,34.9810434,-82.1719116
29368,35.0826186,-81.862846
29369,34.8656198,-82.0194635
29370,34.3730262,-81.9773613
29372,34.9021241,-81.7118421
29373,34.9244697,-81.7430432
29374,34.7892841,-81.8452665
29375,34.860536,-82.1138279
29376,34.8113817,-81.9442191
29377,34.9307373,-82.096839
29378,34.9667923,-81.968697
29379,34.6876257,-81.6015676
29384,34.3402519,-82.0901811
29385,34.9727308,-82.101433
29388,34.7629506,-82.045947
29401,32.77718,-79.9320004
29403,32.8033486,-79.9457344
29404,32.897841,-80.0524449
29405,32.8525067,-79.9798363
29406,32.9372354,-80.0354571
29407,32.7989296,-79.9978032
29409,32.7966545,-79.960706
29410,32.9381135,-80.0148348
29412,32.7119605,-79.9521871
29414,32.8428656,-80.1045594
29418,32.9094954,-80.0956598
29420,32.9324632,-80.1000633
29424,32.7848873,-79.9377251
29425,32.7852704,-79.9483915
29426,32.7721446,-80.3740849
29429,32.9886418,-79.6961558
29431,33.271438,-79.8816944
29432,33.2284888,-80.8138643
29434,33.1408882,-79.8437254
29435,32.953108,-80.4661009
29436,33.315358,-80.1872502
29437,33.1352001,-80.4177274
29438,32.5659327,-80.3217298
29439,32.6479974,-79.9600787
29440,33.381097,-79.3297658
29445,32.997022,-79.9666025
29446,32.588889,-80.5107845
29448,33.2555366,-80.4527744
29449,32.6998091,-80.280925
29450,33.0873781,-79.7715427
29451,32.8280093,-79.750481
29452,32.7176087,-80.4706977
29453,33.2228841,-79.6073499
29455,32.6841684,-80.0919533
29456,32.9842007,-80.1132726
29458,33.1194923,-79.4861926
29461,33.1709806,-80.0085776
29464,32.8194729,-79.8570274
29466,32.8755495,-79.7837393
29468,33.4273144,-80.0797746
29469,33.2436718,-80.1310554
29470,32.8141972,-80.2102539
29471,33.1926543,-80.6704791
29472,33.0546426,-80.3253274
29474,32.9027244,-80.5240384
29475,32.9668757,-80.8193876
29477,33.1631689,-80.5652098
29479,33.3806007,-79.8905635
29481,33.1203794,-80.7930773
29482,32.7709494,-79.8311365
29483,33.0301875,-80.2337625
29485,32.9331888,-80.2071967
29486,33.1032106,-80.166653
29487,32.6576817,-80.1839478
29488,32.9067633,-80.6728361
29492,32.910073,-79.8777154
29493,33.045319,-80.8427692
29501,34.2045811,-79.82697
29505,34.1300663,-79.6888932
29506,34.2104525,-79.6498958
29510,33.4543125,-79.6131213
29511,33.9756344,-79.1221625
29512,34.619033,-79.7180406
29516,34.4429262,-79.6148008
29518,33.7948141,-79.8466109
29519,34.016181,-79.3604648
29520,34.6879975,-79.9295228
29525,34.5630914,-79.5156235
29526,33.8677668,-78.9765257
29527,33.7850833,-79.1401758
29530,33.9960545,-79.7400748
29532,34.2827807,-79.8501726
29536,34.4189373,-79.3719545
29540,34.3838317,-79.8504618
29541,34.064949,-79.7407503
29543,34.2875907,-79.2658695
29544,34.0015782,-79.2207644
29545,34.16366,-78.9664772
29546,33.8838453,-79.349409
29547,34.4881431,-79.3280499
29550,34.3932698,-80.077031
29554,33.7026399,-79.3924994
29555,33.840838,-79.4575674
29556,33.6682268,-79.7631385
29560,33.8387025,-79.7498757
29563,34.3533401,-79.2086712
29564,33.4759018,-79.8561241
29565,34.3580523,-79.4992889
29566,33.8889511,-78.6594286
29567,34.5609716,-79.4326827
29568,33.9134964,-78.7503154
29569,34.0326301,-78.9115836
29570,34.6678657,-79.5627073
29571,34.1350765,-79.4250508
29572,33.769526,-78.7922847
29574,34.1654129,-79.2608314
29575,33.629779,-78.9740197
29576,33.5698191,-79.0535058
29577,33.6976385,-78.906484
29579,33.7663601,-78.9134785
29580,33.6531008,-79.5519749
29581,34.1948625,-79.1142386
29582,33.8320493,-78.6548239
29583,33.9775769,-79.5709774
29584,34.5764916,-80.0537799
29585,33.5564636,-79.0889533
29588,33.6707939,-79.0231253
29589,34.1006015,-79.3201608
29590,33.56892,-79.8486962
29591,33.9379992,-79.7622895
29592,34.2450859,-79.4544406
29593,34.49351,-79.8568017
29594,34.6402331,-79.5773603
29596,34.7361194,-79.8511951
29601,34.847311,-82.4021212
29605,34.7780466,-82.3801918
29607,34.8096034,-82.3288645
29609,34.9125924,-82.38817
29611,34.8309342,-82.4584967
29613,34.924298,-82.440488
29614,34.8737139,-82.3630111
29615,34.8568249,-82.2961393
29617,34.9144385,-82.4660736
29620,34.1824065,-82.4256065
29621,34.5062943,-82.6035975
29624,34.4359427,-82.6241155
29625,34.5555194,-82.7656214
29626,34.4608016,-82.7565141
29627,34.5185907,-82.4802844
29628,34.0884696,-82.5645003
29630,34.7386728,-82.799161
29631,34.6815934,-82.8177623
29634,34.6755997,-82.8352451
29635,35.0765496,-82.6348698
29638,34.3638666,-82.3382037
29639,34.3036688,-82.4287935
29640,34.8777103,-82.5754211
29642,34.7767371,-82.5636121
29643,34.5075664,-82.975315
29644,34.6661072,-82.1954448
29645,34.5878945,-82.1271394
29646,34.1360534,-82.1484696
29649,34.2389185,-82.1450193
29650,34.8979912,-82.2580125
29651,35.0238299,-82.2795643
29653,34.3060033,-82.2324693
29654,34.4555407,-82.3702245
29655,34.2652502,-82.6324345
29657,34.767066,-82.6865943
29658,34.7715459,-83.3033415
29659,34.2116854,-82.6453099
29661,35.0574964,-82.5546655
29662,34.7792082,-82.30308
29664,34.8608882,-83.1575528
29665,34.7248541,-82.914492
29666,34.1133264,-81.979552
29667,34.7643271,-82.7565291
29669,34.6387036,-82.4125423
29670,34.6439786,-82.7232371
29671,34.9437956,-82.7211196
29672,34.7516848,-82.9320513
29673,34.7201914,-82.4552483
29676,34.9536664,-82.9849556
29678,34.6344697,-82.9373006
29680,34.6848579,-82.2937908
29681,34.7676794,-82.2250031
29682,34.8361908,-82.8533975
29683,35.0300876,-82.4929393
29684,34.3794319,-82.7187035
29685,34.9834347,-82.8448689
29686,34.9582045,-83.0530878
29687,34.986636,-82.3274515
29689,34.5366995,-82.8759402
29690,35.0598056,-82.4171981
29691,34.7836227,-83.0769272
29692,34.411805,-82.2194681
29693,34.6417515,-83.1545961
29696,34.7811217,-83.0084617
29697,34.6255926,-82.548639
29702,35.1160676,-81.4730729
29704,34.8321614,-80.9098015
29706,34.7155584,-81.23453
29707,34.9875524,-80.8581876
29708,35.0482279,-80.9866582
29709,34.7185087,-80.0989422
29710,35.1062843,-81.2214708
29712,34.7979662,-80.9755308
29714,34.7122386,-80.9153131
29715,35.0113419,-80.9271331
29717,34.9507298,-81.4488546
29718,34.6298029,-80.3576142
29720,34.7453119,-80.7433121
29724,34.7750053,-81.0125392
29726,34.860853,-81.2361484
29727,34.7192655,-80.264601
29728,34.7649531,-80.4005578
29729,34.6891345,-81.0067595
29730,34.8849357,-81.0211498
29732,34.9707159,-81.0813639
29733,34.9394527,-81.0317193
29741,34.7252884,-80.195526
29742,34.8699809,-81.3922614
29743,35.0261359,-81.4230668
29745,34.9908518,-81.2139343
29801,33.5858644,-81.6917259
29803,33.4534727,-81.7019258
29805,33.6418719,-81.6140535
29809,33.4161607,-81.6892932
29810,32.9863677,-81.3781102
29812,33.2144367,-81.3833944
29816,33.5021218,-81.872627
29817,33.3695101,-81.2707612
29819,34.0442272,-82.227378
29821,33.6366181,-82.1152307
29824,33.814545,-81.9938679
29826,33.3853821,-81.3595836
29827,32.9700884,-81.2422828
29828,33.5234276,-81.8296297
29829,33.5747203,-81.8577178
29831,33.3387251,-81.8641114
29832,33.8390031,-81.8036709
29834,33.5177561,-81.8430058
29835,33.9205811,-82.2945196
29836,33.0852124,-81.4960335
29838,33.7474905,-82.1510704
29840,33.9965429,-82.5425745
29841,33.5264071,-81.9393367
29842,33.4570434,-81.8607102
29843,33.1820686,-81.1797722
29844,33.7851632,-82.2141019
29845,33.825859,-82.213392
29847,33.7041381,-81.8472766
29848,33.9723167,-82.0603958
29849,33.1036262,-81.2383468
29851,33.5110917,-81.8158515
29853,33.3992051,-81.4317558
29856,33.4852563,-81.5118309
29860,33.6146876,-81.9844283
29899,33.9280233,-82.2506017
29902,32.3175972,-80.6822133
29904,32.4788484,-80.7219514
29905,32.3553711,-80.700252
29906,32.4451117,-80.7528745
29907,32.4746923,-80.5992218
29909,32.3369923,-80.8480739
29910,32.2178235,-80.894994
29911,32.9288334,-81.1551885
29912,32.5845478,-80.9284941
29915,32.1187058,-80.8611777
29916,32.7289633,-80.9587059
29918,32.7444759,-81.2474353
29920,32.3642195,-80.5536103
29921,32.6866389,-81.1801441
29922,32.5883312,-81.2800614
29923,32.8482423,-81.2385943
29924,32.8768782,-81.1112547
29926,32.2372566,-80.7342757
29927,32.2465364,-81.0574708
29928,32.1670622,-80.7535908
29929,32.9551978,-80.9238223
29932,32.8334973,-81.344326
29934,32.5950315,-81.1125018
29935,32.382648,-80.6955975
29936,32.4833644,-80.9662532
29939,32.6812585,-81.2453376
29940,32.5527425,-80.6776931
29941,32.5348043,-80.819692
29943,32.4911425,-81.1467066
29944,32.795699,-81.0345209
29945,32.6814655,-80.7958634
30002,33.7733346,-84.2616669
30004,34.1456348,-84.2918814
30005,34.0890498,-84.2170187
30008,33.9005668,-84.5909235
30009,34.0781363,-84.3034243
30011,34.0198589,-83.8371629
30012,33.7178061,-84.0025146
30013,33.6426025,-83.9718529
30014,33.5871934,-83.8221732
30016,33.5174331,-83.9287028
30017,33.8887221,-83.9636872
30018,33.7168902,-83.8042513
30019,33.9756113,-83.8838021
30021,33.8079946,-84.2389755
30022,34.0260846,-84.2474331
30024,34.0634855,-84.0910996
30025,33.6559824,-83.695765
30028,34.2931591,-84.1759082
30030,33.7727118,-84.2910046
30032,33.7406681,-84.2644659
30033,33.8136888,-84.2843771
30034,33.6908564,-84.2486357
30035,33.7244521,-84.2042436
30038,33.6664598,-84.1398552
30039,33.7992438,-84.0344079
30040,34.2232716,-84.1754713
30041,34.1962217,-84.096676
30043,34.0100384,-84.0050432
30044,33.9215023,-84.0688734
30045,33.9365175,-83.927669
30046,33.9497016,-83.993451
30047,33.8701249,-84.1123222
30052,33.8170468,-83.8973154
30054,33.6783533,-83.8829596
30055,33.4974112,-83.7497845
30056,33.4919745,-83.6501439
30058,33.7383504,-84.1073763
30060,33.9200621,-84.5430998
30062,34.0064971,-84.4729739
30064,33.9404553,-84.6097078
30066,34.0323881,-84.5051537
30067,33.934278,-84.4621855
30068,33.9681158,-84.4317035
30070,33.5732823,-83.8955892
30071,33.940652,-84.2067337
30072,33.7914096,-84.2048436
30075,34.0526876,-84.3915873
30076,34.0285788,-84.3113704
30078,33.8610185,-84.0179928
30079,33.7917395,-84.2607473
30080,33.8778181,-84.5017029
30082,33.8546536,-84.5364366
30083,33.7965973,-84.192603
30084,33.8540965,-84.216155
30087,33.7914024,-84.0982765
30088,33.7560524,-84.182363
30090,33.9531411,-84.5481589
30092,33.9723859,-84.231986
30093,33.9089106,-84.1792403
30094,33.6125047,-84.0515228
30096,33.9743018,-84.1453842
30097,34.026332,-84.145682
30101,34.0345154,-84.7073487
30102,34.1016254,-84.6451682
30103,34.3632421,-84.9201922
30104,34.0888743,-85.0703821
30105,34.4325481,-85.1724417
30106,33.8328801,-84.6280552
30107,34.3360983,-84.3454637
30108,33.5317002,-85.2629964
30110,33.7392433,-85.1354341
30111,33.8317871,-84.655039
30113,33.8507464,-85.2053083
30114,34.2435443,-84.5358152
30115,34.2155193,-84.402426
30116,33.5391179,-84.99561
30117,33.5818511,-85.1324387
30118,33.5729022,-85.0994375
30120,34.1752285,-84.860036
30121,34.2118536,-84.7769301
30122,33.7669094,-84.6413563
30124,34.1337361,-85.3458266
30125,34.0006415,-85.2768049
30126,33.8150233,-84.5537978
30127,33.8750837,-84.6993397
30132,33.977608,-84.8515408
30134,33.7775202,-84.7813898
30135,33.6722784,-84.7330105
30137,34.1165564,-84.7657003
30139,34.4324105,-84.7056391
30141,33.8604436,-84.7698465
30143,34.4627556,-84.4252271
30144,34.0368455,-84.5910333
30145,34.2456603,-84.985878
30147,34.1349402,-85.2220599
30148,34.4597951,-84.2633523
30149,34.3167888,-85.2202893
30152,33.9915642,-84.6468702
30153,33.9738218,-85.0528564
30157,33.8847459,-84.8719494
30161,34.2363635,-85.1737259
30165,34.3157882,-85.2951225
30168,33.7835417,-84.5881058
30170,33.4327917,-85.1646737
30171,34.3633606,-84.7274388
30173,34.1331209,-85.1535047
30175,34.5349153,-84.526711
30176,33.7713145,-85.3043898
30177,34.4071358,-84.3739998
30178,34.0955101,-84.9710456
30179,33.781553,-85.0147821
30180,33.7188775,-84.9188012
30182,33.6558187,-85.2488315
30183,34.3388043,-84.602425
30184,34.2520617,-84.7410555
30185,33.5198017,-84.918098
30187,33.6527613,-84.8562491
30188,34.1235327,-84.4576541
30189,34.1242244,-84.570679
30204,33.0562083,-84.1217255
30205,33.267427,-84.4751164
30206,33.0960644,-84.4582592
30213,33.5867421,-84.624426
30214,33.4904635,-84.4859966
30215,33.3916128,-84.4564318
30216,33.2288339,-83.8848632
30217,33.2913469,-85.1378862
30218,33.1202967,-84.587455
30220,33.2308386,-84.8248604
30222,33.0371527,-84.7346703
30223,33.2887935,-84.2799192
30224,33.2044322,-84.2397353
30228,33.4006084,-84.307728
30229,33.2279344,-84.5703409
30230,33.166737,-84.9204967
30233,33.294709,-83.9755611
30234,33.3325671,-84.0252985
30236,33.519927,-84.3251873
30238,33.5018464,-84.3822356
30240,33.0367635,-85.1200916
30241,33.0217122,-84.9562303
30248,33.3504596,-84.1091192
30250,33.434846,-84.3060778
30251,33.1889982,-84.6980093
30252,33.473512,-84.0571651
30253,33.4536013,-84.187167
30256,33.0074841,-84.3099003
30257,33.1434143,-84.1862196
30258,32.9908536,-84.4700407
30259,33.2656988,-84.741743
30260,33.5871648,-84.334307
30263,33.3884148,-84.8589374
30265,33.418686,-84.7131635
30268,33.5466073,-84.7226118
30269,33.3938909,-84.5693011
30272,33.6231224,-84.5017559
30273,33.5837982,-84.2710272
30274,33.5572637,-84.4005082
30275,33.4306545,-84.8678645
30276,33.2633141,-84.5834564
30277,33.3753078,-84.6491964
30281,33.5568966,-84.1951588
30284,33.3402879,-84.2885706
30285,32.9876729,-84.2581905
30286,32.8811184,-84.3331681
30288,33.6528971,-84.3271071
30289,33.323596,-84.6336982
30290,33.476407,-84.5897035
30291,33.5758835,-84.5437711
30292,33.1684891,-84.3932248
30293,32.9790778,-84.5963023
30294,33.6366924,-84.2649861
30295,33.0903415,-84.3175835
30296,33.5631596,-84.4411568
30297,33.6149884,-84.3716721
30303,33.7528453,-84.3902259
30305,33.8340633,-84.3920629
30306,33.7881396,-84.3526249
30307,33.7710793,-84.3336004
30308,33.7709587,-84.3777357
30309,33.7998506,-84.385837
30310,33.7268895,-84.4289258
30311,33.7232625,-84.4759938
30312,33.7446159,-84.3758139
30313,33.7636125,-84.3976702
30314,33.7578615,-84.4319634
30315,33.702741,-84.3828526
30316,33.7167943,-84.3313425
30317,33.7479885,-84.3155858
30318,33.7926598,-84.4480104
30319,33.8759542,-84.334763
30322,33.794605,-84.3252471
30324,33.8184052,-84.3581748
30326,33.8496154,-84.3635079
30327,33.8696938,-84.4172998
30328,33.9332589,-84.386656
30329,33.8272448,-84.3221482
30331,33.7054677,-84.5441245
30332,33.7776176,-84.4043476
30334,33.7486522,-84.3878941
30336,33.7354438,-84.5689781
30337,33.6401408,-84.4500811
30338,33.9462178,-84.3181187
30339,33.8675703,-84.4645995
30340,33.8978731,-84.252804
30341,33.8885048,-84.2895322
30342,33.8843497,-84.374964
30344,33.6766358,-84.4616011
30345,33.8516517,-84.2836852
30346,33.9242725,-84.338776
30349,33.6224877,-84.5239076
30350,33.9802542,-84.3300162
30354,33.6603605,-84.3865023
30360,33.9338942,-84.2720195
30363,33.7914782,-84.398892
30401,32.6047301,-82.3479983
30410,32.1885888,-82.5134704
30411,32.1241025,-82.7939569
30412,32.0803438,-82.486087
30413,32.8846548,-82.5131022
30414,32.1570014,-81.9899529
30415,32.3244845,-81.6034969
30417,32.170468,-81.9209916
30420,32.3066478,-82.1308886
30421,32.1853767,-82.1109121
30423,32.1463364,-81.8241145
30425,32.6820223,-82.0945718
30426,33.0472998,-81.6487595
30427,31.9229045,-81.9624486
30428,32.2245455,-82.7151295
30429,32.156771,-81.9348568
30434,33.0245701,-82.3663087
30436,32.1548945,-82.2930356
30439,32.416717,-82.070375
30441,32.8155561,-82.2371339
30442,32.8161743,-81.9698474
30445,32.1655982,-82.580717
30446,32.563486,-81.4630157
30448,32.4882404,-82.3633845
30449,32.5253388,-81.5345135
30450,32.5559913,-81.9273639
30451,32.3932727,-81.9562175
30452,32.3161099,-81.891855
30453,32.0262361,-82.1112254
30454,32.4360771,-82.730358
30455,32.69833,-81.8098625
30456,32.9807171,-81.7961398
30457,32.3998511,-82.56089
30458,32.3994471,-81.8289403
30460,32.4271221,-81.7831885
30461,32.4969546,-81.7231008
30464,32.4372293,-82.224961
30467,32.7605432,-81.6039788
30470,32.3589291,-82.4975311
30471,32.5432629,-82.1809098
30473,32.0154758,-82.4730522
30474,32.2239956,-82.4136846
30477,32.8625541,-82.4008222
30501,34.3190371,-83.8143992
30504,34.2665017,-83.888646
30506,34.3469376,-83.8956266
30507,34.2646848,-83.7693906
30510,34.444872,-83.5707071
30511,34.4496857,-83.4866887
30512,34.8567531,-83.9679983
30513,34.8210425,-84.3223833
30516,34.3809132,-83.0306965
30517,34.1302959,-83.797289
30518,34.1339329,-84.0225438
30519,34.0874103,-83.9450588
30520,34.3399236,-83.0827018
30521,34.3624482,-83.2923225
30522,34.7836797,-84.3437304
30523,34.713154,-83.5513092
30525,34.9072232,-83.3693465
30527,34.4809073,-83.7818383
30528,34.6090881,-83.7759972
30529,34.217179,-83.482653
30530,34.2229212,-83.3937989
30531,34.5126019,-83.592206
30533,34.5709579,-84.0137644
30534,34.4311001,-84.1443287
30535,34.5736554,-83.5747691
30536,34.6520019,-84.3594424
30537,34.9790701,-83.3314994
30538,34.500986,-83.2638436
30539,34.680607,-84.4701272
30540,34.7281269,-84.5435284
30541,34.9172577,-84.5177438
30542,34.1798473,-83.9100807
30543,34.3022138,-83.6579729
30545,34.7623182,-83.7621184
30546,34.9084479,-83.7177672
30547,34.3620214,-83.4556167
30548,34.0893529,-83.7635845
30549,34.1079588,-83.5774784
30552,34.7738303,-83.4706985
30553,34.4437586,-83.0840673
30554,34.3980875,-83.6619052
30555,34.9693984,-84.4195152
30557,34.4797519,-83.1849048
30558,34.2640488,-83.5668289
30559,34.9578604,-84.2743349
30560,34.876771,-84.2047058
30562,34.918996,-83.3836801
30563,34.55896,-83.4618284
30564,34.463965,-83.8893118
30565,34.0862045,-83.4114823
30566,34.2386557,-83.8968967
30567,34.180798,-83.6765538
30568,34.9548435,-83.4111113
30571,34.7163298,-83.6820279
30572,34.7357928,-84.0725071
30573,34.7412623,-83.3934757
30575,34.2076456,-83.713471
30576,34.834589,-83.452139
30577,34.5562335,-83.3288919
30581,34.7963011,-83.4244766
30582,34.9564515,-83.9097913
30597,34.5275767,-83.9845886
30598,34.5965997,-83.3541619
30601,33.9991507,-83.3469925
30602,33.9439191,-83.3738551
30605,33.9042889,-83.3255922
30606,33.9402991,-83.4335834
30607,34.0168476,-83.4478289
30609,33.9331018,-83.3723221
30619,33.8557967,-83.2447109
30620,33.9294715,-83.7584566
30621,33.7968132,-83.4711746
30622,33.9212821,-83.5308297
30623,33.7286812,-83.5130049
30624,34.1810238,-83.0379407
30625,33.5202839,-83.33353
30627,33.9721762,-82.9637481
30628,34.0320892,-83.2159737
30629,34.0779827,-83.1103668
30630,33.9003603,-83.1453286
30631,33.5582616,-82.8664952
30633,34.1809031,-83.2491721
30634,34.2021769,-82.9422258
30635,34.1057685,-82.7931484
30639,34.2827371,-83.1523974
30641,33.7695673,-83.5647498
30642,33.5442895,-83.1839708
30643,34.365452,-82.9118722
30646,34.0856825,-83.3025126
30648,33.870769,-83.0381754
30650,33.5906446,-83.4675542
30655,33.7801964,-83.6925122
30656,33.8621374,-83.7161749
30660,33.7826625,-82.9312669
30662,34.266966,-83.1375636
30663,33.6155048,-83.6002947
30664,33.5562594,-82.7983192
30665,33.5373489,-83.0739912
30666,33.9620866,-83.5846025
30667,33.7968886,-83.175513
30668,33.895747,-82.697208
30669,33.6764307,-83.1181169
30673,33.7280903,-82.7162443
30677,33.7832021,-83.3733418
30678,33.4530169,-83.0659178
30680,33.9951726,-83.697488
30683,33.9431336,-83.2566241
30701,34.4943952,-84.9541768
30705,34.7475416,-84.7484014
30707,34.7789107,-85.3652999
30708,34.9398988,-84.6675648
30710,34.9388231,-84.9173153
30711,34.9317663,-84.7686435
30720,34.7336449,-85.0008241
30721,34.7929766,-84.9086858
30724,34.825178,-84.7578849
30725,34.9247773,-85.3526753
30726,34.9748723,-85.1410475
30728,34.6848752,-85.2257896
30730,34.3637703,-85.4160231
30731,34.5641783,-85.4718851
30733,34.4145929,-85.050554
30734,34.5328029,-84.7148823
30735,34.6028831,-84.8826614
30736,34.9024009,-85.134056
30738,34.7965516,-85.4809356
30739,34.8059061,-85.2159578
30740,34.7573675,-85.0720123
30741,34.9526947,-85.2812948
30742,34.9355966,-85.2448417
30746,34.5920954,-85.0328721
30747,34.5040866,-85.2927861
30750,34.9368136,-85.3882044
30751,34.9845035,-84.7326903
30752,34.9149815,-85.5379614
30753,34.5822799,-85.2858004
30755,34.8693665,-85.0406641
30756,34.9010586,-84.9745884
30757,34.9358011,-85.4415157
30802,33.6013789,-82.2999362
30803,33.1334618,-82.5491508
30805,33.279569,-82.1917912
30807,33.4574077,-82.6486205
30808,33.3841141,-82.3919233
30809,33.5585266,-82.1711853
30810,33.2320438,-82.5875076
30812,33.3674516,-82.0290665
30813,33.466744,-82.2282088
30814,33.4310913,-82.3188494
30815,33.2849273,-82.0722127
30816,33.1633791,-82.1762076
30817,33.7783878,-82.4301919
30818,33.2695603,-82.3260809
30820,33.2223592,-82.7245362
30821,33.4921074,-82.7379943
30822,32.9192573,-81.9443532
30823,33.2220418,-82.4561425
30824,33.5129533,-82.5148545
30828,33.3680376,-82.6563124
30830,33.0851109,-81.9786607
30833,33.1912503,-82.3531316
30901,33.4372126,-81.9561564
30904,33.4782894,-82.0141016
30905,33.4114945,-82.1491065
30906,33.3467323,-81.967703
30907,33.5237117,-82.0856651
30909,33.4704807,-82.0830452
30912,33.4702005,-81.9879173
31001,31.9762563,-83.339665
31002,32.5540489,-82.595322
31003,32.5968813,-83.2229276
31004,32.9516645,-83.8053162
31005,32.5446219,-83.5936763
31006,32.5807195,-84.2507378
31007,32.1885136,-83.9273207
31008,32.6653548,-83.7860869
31009,32.2701806,-83.0005158
31011,32.1306264,-83.0522698
31012,32.3943438,-83.173715
31014,32.415886,-83.349077
31015,31.9430113,-83.7786082
31016,32.8293195,-84.0915579
31017,32.6210943,-83.2322197
31018,32.9764905,-82.616752
31019,32.4242438,-83.0513422
31020,32.6544817,-83.4984529
31021,32.4895392,-82.9349846
31022,32.5115398,-83.1166315
31023,32.1831736,-83.1994758
31024,33.3229784,-83.3700149
31025,32.3353966,-83.7408748
31027,32.5719463,-82.8226144
31028,32.6328399,-83.6839304
31029,33.043571,-83.9353499
31030,32.5689727,-83.8918796
31031,32.8662831,-83.3283481
31032,33.0119958,-83.5732893
31033,33.079307,-83.4340072
31034,33.0546229,-83.2255132
31035,32.8541231,-82.7078221
31036,32.2700932,-83.4927611
31037,32.121561,-82.9362803
31038,33.1424976,-83.6213988
31039,32.6040983,-84.3791042
31041,32.3823612,-84.1678012
31042,32.7436431,-83.1891137
31044,32.6561726,-83.3908844
31045,33.282948,-82.7945083
31046,33.0536121,-83.7962744
31047,32.4668655,-83.5809948
31049,32.6782887,-82.5233851
31050,32.7215374,-83.937295
31051,32.143126,-83.8794002
31052,32.7890148,-83.8400749
31054,32.8898607,-83.2140671
31055,31.9858954,-82.883139
31057,32.4297806,-83.9442761
31058,32.4886512,-84.4103956
31060,31.9864454,-83.0563503
31061,33.0590544,-83.2264132
31062,33.0433764,-83.2158144
31063,32.2889661,-83.96326
31064,33.286454,-83.7022995
31065,32.5641152,-83.1884907
31066,32.8024102,-83.9781496
31067,32.852296,-82.9616537
31068,32.3327388,-84.1111302
31069,32.4400684,-83.7486029
31070,32.1865798,-83.7897715
31071,32.129447,-83.5408464
31072,31.9744652,-83.5668403
31075,32.3609558,-82.954646
31076,32.5496779,-84.1049739
31077,31.9423065,-83.1697582
31078,32.6948139,-84.0756613
31079,31.9425266,-83.4634099
31081,32.4123987,-84.2840468
31082,32.9964172,-82.9031175
31083,32.0441338,-82.8220008
31084,31.9615202,-83.6025574
31085,33.427349,-83.6276998
31087,33.2513622,-83.0010315
31088,32.586171,-83.6550824
31089,32.8507664,-82.8603143
31090,32.7935824,-83.0484456
31091,32.2379274,-83.7045267
31092,32.0896615,-83.7826652
31093,32.6478728,-83.657206
31094,33.1136144,-82.7957591
31096,32.7232909,-82.7072662
31097,32.8904112,-84.1668953
31098,32.6148252,-83.5784345
31201,32.806321,-83.6178599
31204,32.8485111,-83.674745
31206,32.7933656,-83.6845731
31207,32.8286022,-83.6492988
31210,32.9076332,-83.7350524
31211,32.9042669,-83.5985257
31213,32.8400811,-83.6393505
31216,32.7323732,-83.671449
31217,32.8441467,-83.500044
31220,32.8844625,-83.8181478
31301,31.7582526,-81.6050526
31302,32.1258129,-81.340394
31303,32.5054224,-81.3134268
31305,31.3675791,-81.3781928
31307,32.17641,-81.3976101
31308,32.1803156,-81.4712895
31309,31.8804505,-81.4411723
31312,32.3186654,-81.4009636
31313,31.8365977,-81.6167741
31314,31.906922,-81.6175105
31315,31.8876792,-81.6060094
31316,31.7192833,-81.7332721
31318,32.1348378,-81.3722633
31320,31.7655037,-81.3684106
31321,32.1850618,-81.6597943
31322,32.1019885,-81.2553788
31323,31.6683848,-81.4541869
31324,31.850203,-81.2648237
31326,32.2966128,-81.2226534
31327,31.4231653,-81.290082
31328,32.0043303,-80.8907865
31329,32.4272614,-81.3500032
31331,31.4902449,-81.4215105
31333,31.7678276,-81.6274577
31401,32.0682961,-81.0928353
31404,32.0507496,-81.052961
31405,32.0393853,-81.1791688
31406,31.9804037,-81.085184
31407,32.183218,-81.1979352
31408,32.1041299,-81.1810517
31409,32.0155607,-81.14483
31410,32.0148838,-80.9882343
31411,31.9375415,-81.0342519
31415,32.0806404,-81.1272172
31419,31.985421,-81.2356555
31421,32.0869657,-81.0781883
31501,31.2275961,-82.3479438
31503,31.176879,-82.4012928
31510,31.5465463,-82.4335286
31512,31.5456963,-83.0183564
31513,31.7774209,-82.3460036
31516,31.309371,-82.2532602
31518,31.5126067,-82.1850931
31519,31.6681236,-82.8690344
31520,31.1780778,-81.4875632
31522,31.2572499,-81.3420255
31523,31.2126448,-81.6168108
31524,31.2405974,-81.473387
31525,31.3209994,-81.5264403
31527,31.0751182,-81.4160049
31532,31.7264155,-82.7457348
31533,31.5626772,-82.8289915
31535,31.4613354,-82.8680881
31537,30.9265453,-82.1764728
31539,31.8139182,-82.6022329
31542,31.1427011,-82.1194073
31543,31.3264694,-81.8696954
31544,31.8404821,-82.9638834
31545,31.5725597,-81.990861
31546,31.5302651,-81.794871
31547,30.7903465,-81.5352881
31548,30.79584,-81.7123629
31549,31.9214405,-82.7299334
31550,31.1470802,-82.595623
31551,31.4882811,-82.266768
31552,31.2898976,-82.5991463
31553,31.1663973,-81.9824182
31554,31.485797,-82.6205167
31555,31.7030579,-82.0694411
31556,31.4050499,-82.1152437
31557,31.3752743,-82.0988369
31558,30.8022891,-81.5076741
31560,31.5056085,-82.0296035
31561,31.2090661,-81.3099328
31562,30.47534,-82.1038965
31563,31.7381865,-82.1778432
31564,31.2487161,-82.4709482
31565,31.0707084,-81.6434181
31566,31.1827554,-81.8055941
31567,31.6308864,-82.7062285
31568,31.0133897,-81.8191022
31569,30.9337796,-81.7370758
31599,31.5627479,-81.9017339
31601,30.7755221,-83.3336
31602,30.8681602,-83.3423498
31605,30.9329556,-83.221788
31606,30.7986622,-83.179881
31620,31.1172955,-83.4342362
31622,31.3723474,-83.1993437
31623,31.0713657,-82.6440401
31624,31.2961891,-82.7303376
31625,30.9893415,-83.5225102
31626,30.7756101,-83.8030858
31627,31.0396062,-83.3921129
31629,30.8168437,-83.6893938
31630,30.9242115,-82.8600388
31631,30.7082173,-82.6443578
31632,30.9862879,-83.3545894
31634,31.0305101,-82.732846
31635,31.0968943,-83.0484734
31636,30.7309856,-83.1113722
31637,31.2959607,-83.4402192
31638,30.9064171,-83.5121865
31639,31.213259,-83.190862
31641,30.9210113,-83.0935758
31642,31.262783,-82.8832059
31643,30.7730889,-83.556898
31645,31.0607007,-83.2187148
31647,31.2112292,-83.4316905
31648,30.7083587,-83.0083699
31649,30.9405002,-83.013889
31650,31.3700024,-83.0189411
31698,30.8489922,-83.2896265
31699,30.9696125,-83.1943051
31701,31.5730537,-84.1547826
31704,31.5496795,-84.0555073
31705,31.5168895,-84.0429416
31707,31.5869193,-84.2064309
31709,32.0464158,-84.1495779
31711,32.1876946,-84.1222252
31712,31.8193577,-83.7192081
31714,31.7081067,-83.6784022
31716,31.3661094,-84.1107322
31719,32.0903077,-84.3107471
31720,30.8781542,-83.7245723
31721,31.5252605,-84.301465
31722,31.0482748,-83.6108548
31727,31.4177792,-83.387396
31730,31.2108705,-84.2806469
31733,31.5931901,-83.4897631
31735,31.9695554,-83.9733063
31738,31.00815,-83.8797272
31743,31.8964894,-84.0074805
31744,31.3402891,-83.9031307
31747,31.1746185,-83.5849225
31749,31.4205357,-83.33012
31750,31.7364651,-83.2150369
31753,31.2004464,-83.8728461
31756,31.1768913,-83.9622639
31757,30.8713946,-83.9031255
31763,31.7361368,-84.1481863
31764,31.9763123,-84.0888387
31765,31.0875506,-84.0271536
31768,31.1891034,-83.8411072
31771,31.2481417,-83.6541525
31772,31.7241545,-83.9610267
31773,30.9776982,-84.0458487
31774,31.5654658,-83.263747
31775,31.3342989,-83.5988643
31778,30.9749924,-83.7000748
31779,31.090181,-84.1916843
31780,32.0276833,-84.3912215
31781,31.5605662,-83.7963172
31783,31.7589763,-83.4701253
31784,31.2524504,-84.0484569
31787,31.8954329,-84.2480117
31788,31.1115334,-83.6838921
31789,31.4833059,-83.7339393
31790,31.6524758,-83.5779675
31791,31.5289486,-83.894253
31792,30.7655542,-84.0431536
31793,31.4618843,-83.58121
31794,31.4458724,-83.4526674
31795,31.4345662,-83.6398218
31796,31.7712311,-83.8750109
31798,31.6444344,-83.0473043
31801,32.5193384,-84.5947553
31803,32.307436,-84.5172083
31804,32.6644018,-84.8784093
31805,32.2630561,-84.7395088
31806,32.2601678,-84.2995061
31807,32.6447008,-84.8045324
31808,32.6316097,-85.0105499
31810,32.5682613,-84.5248809
31811,32.7373555,-84.9374362
31812,32.6348865,-84.4250899
31814,32.1973598,-84.8649739
31815,32.041804,-84.856054
31816,32.8789171,-84.6013105
31820,32.5757736,-84.8290993
31821,32.142468,-84.9746941
31822,32.8649788,-84.9103475
31823,32.7978457,-84.8114178
31824,32.0579103,-84.5206247
31825,32.1161954,-84.6708998
31826,32.8002375,-84.7030654
31827,32.6955219,-84.5037511
31829,32.566221,-84.7254417
31830,32.9007077,-84.7290628
31831,32.6668586,-84.7047991
31832,31.9581689,-84.6148962
31833,32.8428999,-85.0918453
31836,32.7964018,-84.5350901
31901,32.4643499,-84.9801442
31903,32.4141485,-84.9542438
31904,32.5543391,-85.0094683
31905,32.3727889,-84.8433612
31906,32.4678112,-84.9501731
31907,32.4844042,-84.8999449
31909,32.548807,-84.9241058
32003,30.0955817,-81.7101625
32008,29.9079199,-82.8974653
32009,30.4225016,-81.9738245
32011,30.5697781,-81.8405
32013,30.1936656,-83.2912036
32024,30.0919745,-82.7311197
32025,30.1040264,-82.5661677
32026,30.0590648,-82.1904724
32033,29.7878564,-81.4467444
32034,30.6017942,-81.4817987
32038,29.9349359,-82.6922335
32040,30.2470325,-82.2353298
32043,29.9267111,-81.7436313
32044,29.8578945,-82.1787077
32046,30.7011516,-81.9165867
32052,30.4905398,-82.9448384
32053,30.5688403,-83.15187
32054,30.0338067,-82.3942535
32055,30.2701029,-82.6241301
32058,30.1075456,-82.1069328
32059,30.3849427,-83.2559701
32060,30.2744135,-83.036329
32061,30.0830852,-82.5166551
32062,30.1374568,-82.9783382
32063,30.2709011,-82.1203978
32064,30.2932765,-82.9919525
32065,30.1750714,-81.8716685
32066,30.0397635,-83.2058056
32068,30.082951,-81.8840217
32071,30.0581006,-82.9558282
32072,30.1840367,-82.4234247
32073,30.1677112,-81.7398187
32079,29.977993,-81.8070205
32080,29.816985,-81.2651225
32081,30.1196058,-81.4266135
32082,30.1115525,-81.3717468
32083,30.1145968,-82.2327814
32084,29.9137326,-81.3652924
32086,29.7409476,-81.3001603
32087,30.3649713,-82.2986738
32091,29.9330249,-82.1134035
32092,29.933597,-81.5241954
32094,30.1869431,-82.8218201
32095,30.0276238,-81.4370127
32096,30.5343799,-82.6269646
32097,30.6621487,-81.648914
32102,29.1384197,-81.5230776
32110,29.4447083,-81.3523154
32112,29.4317459,-81.5655725
32113,29.4099775,-82.0892178
32114,29.1923915,-81.0467604
32117,29.232739,-81.068471
32118,29.2096389,-81.0023213
32119,29.1609617,-81.0255928
32124,29.159517,-81.1588029
32127,29.1084643,-80.9757384
32128,29.1007387,-81.0718287
32129,29.1369736,-81.0239569
32130,29.1483415,-81.3410428
32131,29.6778633,-81.5637224
32132,28.9801082,-80.9208936
32133,29.0121395,-81.9147062
32134,29.3771649,-81.8275848
32136,29.4637635,-81.1473954
32137,29.5756789,-81.223832
32139,29.3771784,-81.6130192
32140,29.7626041,-81.8666571
32141,28.928813,-80.9190802
32145,29.6775581,-81.4213316
32147,29.6346709,-81.7870357
32148,29.6011572,-81.8829195
32157,29.4615275,-81.5877645
32159,28.9180715,-81.897655
32162,28.922305,-81.9992865
32163,28.8367981,-81.9590927
32164,29.4806068,-81.2177908
32168,28.9946464,-81.0244389
32169,28.9755361,-80.867376
32174,29.2921915,-81.1614463
32176,29.3353796,-81.0644591
32177,29.697699,-81.7032385
32179,29.0951926,-81.8999338
32180,29.2409975,-81.4428074
32181,29.5079814,-81.6019867
32182,29.5092457,-81.9410439
32187,29.5789463,-81.5500377
32189,29.5498405,-81.647696
32190,29.3376878,-81.4926434
32192,29.3501829,-82.1110657
32193,29.4773719,-81.663606
32195,28.9880797,-81.886336
32202,30.3246198,-81.647232
32203,30.3370199,-81.6712925
32204,30.3170183,-81.6808325
32205,30.3024539,-81.7230428
32206,30.3511148,-81.6380099
32207,30.289637,-81.6409661
32208,30.3930897,-81.6829461
32209,30.3610146,-81.6962539
32210,30.2654553,-81.748096
32211,30.3315196,-81.5826972
32212,30.223367,-81.6729653
32214,30.2076842,-81.6832263
32216,30.2810827,-81.5816683
32217,30.2291795,-81.6211584
32218,30.4878417,-81.6676927
32219,30.4266538,-81.8150046
32220,30.3350026,-81.8553245
32221,30.2585734,-81.8781907
32222,30.2154619,-81.8278328
32223,30.1565743,-81.6494054
32224,30.269971,-81.4609387
32225,30.3577559,-81.5058287
32226,30.4812475,-81.5061572
32227,30.3891893,-81.4044081
32228,30.3918596,-81.4000737
32233,30.3604502,-81.4197342
32234,30.2263053,-82.0043564
32244,30.2170989,-81.7526043
32246,30.2910144,-81.5120863
32250,30.2804941,-81.4120411
32254,30.3409607,-81.7347885
32256,30.1959342,-81.5022598
32257,30.1893553,-81.6124664
32258,30.1387463,-81.5509933
32259,30.0741948,-81.5857221
32266,30.3173856,-81.4090664
32277,30.3774496,-81.5939474
32301,30.4276181,-84.2577534
32303,30.5123859,-84.3448767
32304,30.4519906,-84.3527918
32305,30.3498715,-84.300765
32306,30.4423193,-84.2944818
32307,30.4217196,-84.2868513
32308,30.4809112,-84.2197458
32309,30.5812503,-84.1040732
32310,30.4330379,-84.3918455
32311,30.39005,-84.1810353
32312,30.6042783,-84.2432862
32313,30.4431469,-84.3007363
32317,30.4704805,-84.1166942
32320,29.731534,-85.0542243
32321,30.2627498,-84.9977499
32322,29.864047,-84.6319955
32323,29.891511,-84.6137326
32324,30.6547593,-84.7832469
32327,30.1815336,-84.3026846
32328,29.8004305,-84.8968253
32330,30.5786341,-84.7479929
32331,30.4547445,-83.5777694
32332,30.610125,-84.66511
32333,30.6077428,-84.4175917
32334,30.2593208,-84.7584159
32336,30.2630566,-83.865499
32337,30.4831479,-84.0211213
32340,30.4489525,-83.434802
32343,30.4783314,-84.5046888
32344,30.4445493,-83.9259981
32346,29.9822735,-84.3805783
32347,30.1506533,-83.640744
32348,29.9424169,-83.5569256
32350,30.5749717,-83.325794
32351,30.5201247,-84.6750807
32352,30.6622609,-84.5916273
32355,30.1690702,-84.2093181
32356,29.8592348,-83.415003
32358,30.0910435,-84.540694
32359,29.6500387,-83.3760361
32360,30.3649977,-84.8124027
32361,30.3576452,-83.9886604
32399,30.383268,-84.2312027
32401,30.1583737,-85.6379964
32403,30.0485617,-85.5532308
32404,30.1850248,-85.5073853
32405,30.1993779,-85.6686046
32407,30.1982924,-85.7906475
32408,30.1567734,-85.7546566
32409,30.3412705,-85.7126059
32410,29.9519944,-85.4283365
32413,30.3057269,-85.8863213
32420,30.6356309,-85.3817065
32421,30.521467,-85.2057308
32423,30.9437771,-85.0489094
32424,30.3906023,-85.0818069
32425,30.8531835,-85.7204915
32426,30.9539781,-85.3674311
32427,30.7104869,-85.7923094
32428,30.61575,-85.5729446
32430,30.4186961,-85.2255961
32431,30.7874821,-85.4108159
32432,30.7141141,-85.0772386
32433,30.8511781,-86.2008377
32435,30.6486346,-86.1301969
32437,30.4362479,-85.9092209
32438,30.5116509,-85.4149307
32439,30.4833219,-86.1304496
32440,30.9224256,-85.5261904
32442,30.6865179,-85.008627
32443,30.8725211,-85.10942
32444,30.2385043,-85.6515906
32445,30.97052,-85.1973382
32446,30.8481701,-85.2313678
32448,30.6710116,-85.223312
32449,30.2682964,-85.2181381
32455,30.6386255,-85.962701
32456,29.8145415,-85.3064233
32459,30.360577,-86.1855912
32460,30.764089,-84.9542335
32461,30.3093425,-86.0547178
32462,30.5618125,-85.8237304
32463,30.6280408,-85.5873398
32464,30.8813531,-85.955991
32465,30.007868,-85.1818887
32466,30.3884008,-85.4650615
32501,30.4287809,-87.2225155
32502,30.4089289,-87.2268129
32503,30.4596673,-87.2136432
32504,30.4731209,-87.1863158
32505,30.4546236,-87.2606497
32506,30.3918893,-87.3719935
32507,30.3378558,-87.3783629
32508,30.3506154,-87.3169019
32509,30.4697445,-87.3403629
32511,30.4063496,-87.2913212
32512,30.3989945,-87.2992456
32514,30.5321804,-87.222539
32526,30.4992256,-87.3655734
32530,30.5971125,-87.0200188
32531,30.8980908,-86.6930711
32533,30.6125554,-87.3243384
32534,30.5283041,-87.2861968
32535,30.9636983,-87.346175
32536,30.7504323,-86.597598
32539,30.7789986,-86.4771694
32541,30.3951593,-86.4787838
32542,30.5077379,-86.5414428
32544,30.426372,-86.7192865
32547,30.4661776,-86.6529854
32548,30.413213,-86.5892592
32550,30.3814333,-86.3456676
32561,30.3406667,-87.1165929
32563,30.3908515,-87.024785
32564,30.7288078,-86.7819153
32565,30.89438,-87.1454537
32566,30.4253015,-86.8923457
32567,30.9210611,-86.4315032
32568,30.8778351,-87.4748599
32569,30.4113801,-86.7284008
32570,30.791549,-86.9829744
32571,30.6732866,-87.1958502
32577,30.7409815,-87.3793673
32578,30.5078403,-86.4483749
32579,30.4456721,-86.5743082
32580,30.5065421,-86.5146895
32583,30.604882,-86.9721787
32601,29.6487002,-82.3254115
32603,29.6530817,-82.3503864
32605,29.6791798,-82.372822
32606,29.6820644,-82.4441146
32607,29.647333,-82.4191552
32608,29.5902299,-82.3961994
32609,29.772187,-82.2834215
32610,29.64076,-82.3433527
32612,29.6431195,-82.3538453
32615,29.8191702,-82.4861636
32616,29.7820441,-82.4993158
32617,29.3083883,-82.0743658
32618,29.5397561,-82.5214921
32619,29.7560308,-82.8682505
32621,29.4289667,-82.6309161
32622,29.8999958,-82.3070728
32625,29.2147379,-82.9954287
32626,29.4238637,-82.8993231
32628,29.6531589,-83.1629789
32631,29.7285017,-82.1134139
32634,29.3646602,-82.2542751
32639,29.2322417,-82.7216679
32640,29.5577286,-82.0707736
32641,29.647501,-82.2394825
32643,29.8179809,-82.6361031
32648,29.5006415,-83.2386146
32653,29.7438749,-82.4027757
32656,29.8271068,-81.945168
32658,29.8518576,-82.4165542
32664,29.4493474,-82.2218543
32666,29.7141852,-81.9925156
32667,29.4895147,-82.3043158
32668,29.2572423,-82.4747212
32669,29.6320878,-82.5896237
32680,29.5749114,-83.0744059
32681,29.4269388,-82.2152137
32683,29.2742371,-82.7695195
32686,29.3555452,-82.275017
32692,29.3293186,-83.1724939
32693,29.6264852,-82.7853747
32694,29.8080611,-82.1443759
32696,29.4000679,-82.4692758
32697,29.9281604,-82.4255288
32701,28.6656239,-81.3703557
32702,29.0441888,-81.627473
32703,28.6536355,-81.5207443
32707,28.6641039,-81.314908
32708,28.6880636,-81.2699615
32709,28.5024891,-80.9588304
32712,28.7360811,-81.5476238
32713,28.8813982,-81.3242702
32714,28.6624875,-81.411607
32720,29.0333039,-81.3747527
32723,29.0345358,-81.3045223
32724,29.0572047,-81.2255757
32725,28.8861891,-81.2514166
32726,28.8541361,-81.6799367
32730,28.6520572,-81.3434798
32732,28.7510366,-81.102119
32735,28.890423,-81.7390386
32736,28.9166753,-81.489093
32738,28.9047437,-81.1882322
32744,28.985234,-81.2195831
32746,28.7714464,-81.3530342
32750,28.7086137,-81.3505386
32751,28.6304004,-81.365046
32754,28.6871095,-80.9191928
32757,28.7764216,-81.631228
32759,28.825537,-80.9026914
32763,28.9421655,-81.3061221
32764,28.8366682,-81.063065
32765,28.665112,-81.1962902
32766,28.6476749,-81.0446914
32767,29.0265911,-81.5344741
32768,28.6957548,-81.5579442
32771,28.8146559,-81.3175832
32773,28.7520784,-81.2463417
32775,28.7670437,-80.876699
32776,28.8005349,-81.4837502
32778,28.773457,-81.7301959
32779,28.7268843,-81.4147946
32780,28.5281688,-80.7798379
32784,28.974313,-81.7167626
32789,28.5991704,-81.3522377
32792,28.6083524,-81.3005655
32796,28.625289,-80.8458555
32798,28.7237313,-81.5877195
32801,28.5417687,-81.3743571
32803,28.555617,-81.3484468
32804,28.5790378,-81.3942014
32805,28.5299736,-81.4064015
32806,28.512357,-81.3602693
32807,28.5536769,-81.300656
32808,28.5801095,-81.4442995
32809,28.4622181,-81.3852192
32810,28.6215948,-81.4287064
32811,28.5210395,-81.4477315
32812,28.4846785,-81.3244224
32814,28.5694695,-81.326469
32816,28.6000838,-81.1959826
32817,28.5878479,-81.2441028
32818,28.5900598,-81.4938483
32819,28.4537047,-81.4723726
32820,28.5769262,-81.1398372
32821,28.3813301,-81.4801288
32822,28.4898979,-81.2901541
32824,28.3887508,-81.3445353
32825,28.5367252,-81.2429319
32826,28.5796634,-81.1886404
32827,28.4311685,-81.3238251
32828,28.5301788,-81.1692705
32829,28.4771636,-81.2238828
32830,28.3916933,-81.5672398
32831,28.4856978,-81.1484938
32832,28.4002471,-81.1765609
32833,28.4942936,-81.0832651
32835,28.5219751,-81.4859671
32836,28.4057347,-81.5164738
32837,28.38224,-81.4144596
32839,28.4880695,-81.4072083
32899,28.5701831,-80.6276757
32901,28.0793777,-80.6223022
32903,28.1023765,-80.5821695
32904,28.0328781,-80.8160466
32905,28.0313656,-80.6004137
32907,28.0209469,-80.6797853
32908,27.9561507,-80.6982541
32909,27.8994705,-80.6595769
32920,28.4417572,-80.5879451
32922,28.3728879,-80.7416083
32925,28.2516298,-80.6100085
32926,28.3828562,-80.8193299
32927,28.4637663,-80.8067109
32931,28.3204885,-80.6258045
32934,28.1345176,-80.7139115
32935,28.1455318,-80.6499623
32937,28.1759518,-80.6052795
32940,28.2074803,-80.754031
32948,27.7595568,-80.629194
32949,27.9097719,-80.5605842
32950,27.9805271,-80.569574
32951,27.9446545,-80.5029991
32952,28.3203972,-80.6591784
32953,28.4634043,-80.6878485
32955,28.2887591,-80.7914416
32958,27.7943843,-80.4914598
32959,28.4451274,-80.7637032
32960,27.6407216,-80.4035917
32962,27.5834637,-80.3834628
32963,27.7182395,-80.393276
32966,27.6869113,-80.7157861
32967,27.7154903,-80.4542876
32968,27.5932035,-80.5086854
32970,27.7540191,-80.4504788
32976,27.8462615,-80.554114
33001,24.8363284,-80.7987841
33004,26.0610461,-80.1358593
33009,25.9844064,-80.1456051
33010,25.8332017,-80.2787199
33012,25.8661061,-80.3011153
33013,25.8621901,-80.2696766
33014,25.9046419,-80.3020804
33015,25.9405708,-80.3174416
33016,25.8937686,-80.3300873
33018,25.9123947,-80.3930932
33019,26.0276135,-80.1201965
33020,26.0191905,-80.1529435
33021,26.0231296,-80.1865392
33022,26.0138481,-80.1440661
33023,25.9884843,-80.2124621
33024,26.0263576,-80.2446326
33025,25.9881829,-80.2813943
33026,26.0261983,-80.2959939
33027,25.98811,-80.3404425
33028,26.0147158,-80.3401706
33029,25.9922928,-80.3941966
33030,25.4857548,-80.5081921
33031,25.5249913,-80.5008755
33032,25.5311454,-80.3912332
33033,25.4788998,-80.4091023
33034,25.4692623,-80.762352
33035,25.4223444,-80.3998741
33036,24.9018956,-80.6989979
33037,25.2258417,-80.414337
33039,25.4979682,-80.3981724
33040,24.5446104,-81.9217374
33042,24.6652752,-81.5030946
33043,24.6696524,-81.2607806
33050,24.749924,-80.9865671
33051,24.7234062,-81.0216466
33054,25.9079954,-80.2575087
33055,25.9484678,-80.2788547
33056,25.948892,-80.2435855
33060,26.2347232,-80.1210873
33062,26.2410766,-80.0912327
33063,26.251909,-80.2089292
33064,26.2777539,-80.1153254
33065,26.274498,-80.2603997
33066,26.2529263,-80.1703798
33067,26.305853,-80.2264021
33068,26.2163953,-80.2139582
33069,26.2358298,-80.1571
33070,25.0110301,-80.529313
33071,26.2457809,-80.2673655
33073,26.2981663,-80.1821009
33076,26.3193245,-80.2717933
33101,25.7797642,-80.1987626
33109,25.7611844,-80.1307768
33122,25.8050047,-80.3150707
33125,25.783834,-80.236333
33126,25.7794916,-80.2995727
33127,25.8135291,-80.2043585
33128,25.7767687,-80.2034325
33129,25.7548895,-80.1984794
33130,25.7685242,-80.2033595
33131,25.7655243,-80.1843489
33132,25.7765853,-80.1732419
33133,25.7314791,-80.2338399
33134,25.7533324,-80.2703787
33135,25.7666115,-80.2350363
33136,25.7872469,-80.205296
33137,25.8109004,-80.1669444
33138,25.8537645,-80.1780056
33139,25.7793905,-80.1515663
33140,25.8169156,-80.1356597
33141,25.8509803,-80.1385565
33142,25.8063099,-80.2554091
33143,25.7024916,-80.2986002
33144,25.7634579,-80.3126673
33145,25.7532472,-80.2345123
33146,25.7208503,-80.2725713
33147,25.8512081,-80.2388497
33149,25.714412,-80.163587
33150,25.8521904,-80.2071739
33154,25.885908,-80.1322274
33155,25.7377893,-80.311193
33156,25.6682032,-80.2970104
33157,25.6075294,-80.3433493
33158,25.6388398,-80.3113162
33160,25.9334555,-80.1353415
33161,25.8935427,-80.183272
33162,25.928618,-80.1792113
33165,25.7343451,-80.358271
33166,25.8249067,-80.3106646
33167,25.8845283,-80.2360186
33168,25.8928558,-80.2091243
33169,25.9431168,-80.2146862
33170,25.5582635,-80.4496344
33172,25.7867156,-80.3648721
33173,25.7023201,-80.3575032
33174,25.7620481,-80.3595
33175,25.7366119,-80.4068296
33176,25.6583793,-80.3608934
33177,25.5988169,-80.4065033
33178,25.8354968,-80.4224809
33179,25.9576195,-80.1799984
33180,25.9621491,-80.1409041
33181,25.89766,-80.1511117
33182,25.7825494,-80.4013852
33183,25.7006018,-80.405729
33184,25.7597107,-80.4064733
33185,25.7304852,-80.4542829
33186,25.6544201,-80.4121536
33187,25.5274305,-80.5998259
33189,25.5731025,-80.3389738
33190,25.5568845,-80.3499138
33193,25.7054151,-80.470847
33194,25.7140596,-80.583523
33196,25.6484474,-80.5546698
33301,26.1213232,-80.1279094
33304,26.1413396,-80.1191687
33305,26.1534458,-80.1226268
33306,26.1655084,-80.1140938
33308,26.1885104,-80.1049878
33309,26.1859904,-80.1727212
33311,26.1442083,-80.172785
33312,26.08817,-80.1817835
33313,26.1515201,-80.2273967
33314,26.06789,-80.2241599
33315,26.0870052,-80.1529761
33316,26.1015664,-80.1209554
33317,26.1126002,-80.2278752
33319,26.1813817,-80.2258019
33321,26.212501,-80.2701585
33322,26.1499772,-80.2757067
33323,26.1517586,-80.320939
33324,26.1124848,-80.2749398
33325,26.1105457,-80.3240933
33326,26.1104693,-80.3740151
33327,26.2260294,-80.3676066
33328,26.0704713,-80.2728635
33330,26.0605655,-80.3302839
33331,26.0604621,-80.3695954
33332,26.0066047,-80.4601765
33334,26.183753,-80.1340546
33351,26.1795806,-80.2750395
33388,26.1171177,-80.2541655
33401,26.7157927,-80.0667771
33403,26.8037739,-80.0763849
33404,26.7810989,-80.0632441
33405,26.6696494,-80.0584517
33406,26.6640832,-80.0923726
33407,26.7576925,-80.0911722
33408,26.8408947,-80.0520984
33409,26.7156014,-80.0958864
33410,26.8456622,-80.0873505
33411,26.7152013,-80.2037974
33412,26.8033023,-80.2173189
33413,26.6637146,-80.1513415
33414,26.6467214,-80.2503111
33415,26.6602051,-80.1265734
33417,26.720445,-80.1240165
33418,26.8727125,-80.1657123
33426,26.5337358,-80.0831517
33428,26.3512833,-80.2291224
33430,26.6026534,-80.5792713
33431,26.3745903,-80.1066102
33432,26.3437982,-80.0822098
33433,26.347076,-80.1591892
33434,26.3831679,-80.1676878
33435,26.5257854,-80.0613671
33436,26.5229537,-80.107263
33437,26.5093885,-80.1484735
33438,26.9763884,-80.5235133
33440,26.5379461,-81.0441437
33441,26.3110979,-80.0978744
33442,26.3097156,-80.1449054
33444,26.4570738,-80.079598
33445,26.4558731,-80.1079353
33446,26.4574315,-80.1834252
33449,26.5927176,-80.2338775
33455,27.0536774,-80.1623201
33458,26.9358059,-80.1284411
33460,26.6184262,-80.0557624
33461,26.6185821,-80.0932157
33462,26.5761835,-80.0723128
33463,26.5932487,-80.1289002
33467,26.5963621,-80.1756021
33469,26.9893466,-80.1085488
33470,26.7838609,-80.3809676
33471,26.9174979,-81.1981553
33472,26.539753,-80.1890297
33473,26.5032913,-80.1922447
33476,26.8009728,-80.6530603
33477,26.9189034,-80.0760602
33478,26.9398474,-80.2611442
33480,26.68522,-80.037632
33483,26.462605,-80.0617625
33484,26.4543112,-80.134344
33486,26.3475434,-80.1148045
33487,26.4117933,-80.0890071
33493,26.475636,-80.7060023
33496,26.409046,-80.1661391
33498,26.3952991,-80.2198107
33503,27.7638306,-82.2761741
33510,27.9553058,-82.2994828
33511,27.9097776,-82.2957378
33513,28.6599034,-82.1691702
33514,28.6608411,-81.9967803
33521,28.7979139,-82.0751652
33523,28.421657,-82.2657588
33525,28.3344484,-82.1835011
33527,27.9737491,-82.2128059
33530,27.9076999,-82.1723516
33534,27.8179808,-82.3722478
33538,28.849949,-82.18511
33540,28.2615765,-82.1331119
33541,28.2340015,-82.2213595
33542,28.2357797,-82.1776172
33543,28.2052468,-82.317108
33544,28.2483338,-82.370909
33545,28.2683117,-82.2911539
33547,27.7899838,-82.1358055
33548,28.146279,-82.482303
33549,28.140689,-82.4497195
33550,27.9795045,-82.307012
33556,28.1610451,-82.6264479
33558,28.1653442,-82.5106848
33559,28.1608181,-82.4145064
33563,28.017072,-82.1257656
33565,28.0859061,-82.1481135
33566,27.9779643,-82.0957092
33567,27.9206094,-82.1167723
33569,27.8464644,-82.2886304
33570,27.6939435,-82.4585774
33572,27.7661681,-82.4002848
33573,27.720216,-82.3617961
33574,28.3380274,-82.2570975
33576,28.3094833,-82.2989569
33578,27.8611074,-82.3550604
33579,27.7981646,-82.2806645
33584,28.0054554,-82.294337
33585,28.737525,-82.0316355
33592,28.1018705,-82.2832358
33594,27.9409344,-82.2424794
33596,27.8872,-82.2258518
33597,28.5287624,-82.0852546
33598,27.6934231,-82.2846591
33602,27.953704,-82.4563101
33603,27.9856178,-82.4644389
33604,28.0171543,-82.4553503
33605,27.9510524,-82.4296347
33606,27.9440355,-82.4739545
33607,27.9652338,-82.5190513
33609,27.9425623,-82.5150442
33610,27.998214,-82.3780164
33611,27.8913451,-82.5056648
33612,28.0508272,-82.4495733
33613,28.0836941,-82.4478721
33614,28.004691,-82.5061354
33615,28.0011662,-82.5822274
33616,27.8651393,-82.5353975
33617,28.0393151,-82.3924281
33618,28.0748248,-82.4984322
33619,27.9353722,-82.3786899
33620,28.0613683,-82.4128013
33621,27.8491777,-82.5107811
33624,28.0802555,-82.5282475
33625,28.0669968,-82.5579565
33626,28.0626555,-82.6076713
33629,27.9215358,-82.5090435
33634,28.0098262,-82.5477891
33635,28.02054,-82.6179475
33637,28.0452485,-82.3628605
33647,28.1518865,-82.3181793
33701,27.7707927,-82.6328056
33702,27.8466028,-82.6305896
33703,27.817056,-82.61975
33704,27.7963314,-82.6287232
33705,27.7339699,-82.6403141
33706,27.7415012,-82.7520618
33707,27.7434656,-82.7243736
33708,27.8150561,-82.7977899
33709,27.8168438,-82.7316206
33710,27.7886421,-82.7296277
33711,27.7393647,-82.6872337
33712,27.7353241,-82.6671052
33713,27.7882655,-82.6774611
33714,27.8152506,-82.6777094
33715,27.6658012,-82.7227218
33716,27.8798582,-82.6527966
33744,27.8072852,-82.7730514
33755,27.9798677,-82.7827442
33756,27.9455907,-82.7939879
33759,27.9755673,-82.7122235
33760,27.9057865,-82.7139885
33761,28.033061,-82.724374
33762,27.907509,-82.6774939
33763,28.0028996,-82.7434292
33764,27.9372069,-82.7405855
33765,27.9748762,-82.7451215
33767,27.9747475,-82.826777
33770,27.9151095,-82.8040263
33771,27.9058361,-82.7587738
33772,27.8435929,-82.7966827
33773,27.8815068,-82.7553
33774,27.8838191,-82.827877
33776,27.8495644,-82.8258272
33777,27.8533643,-82.7608234
33778,27.8888782,-82.7985577
33781,27.8388706,-82.7149951
33782,27.8596312,-82.7081448
33785,27.8918406,-82.8499793
33786,27.9326665,-82.8338995
33801,28.0359786,-81.8996364
33803,28.0099276,-81.9364965
33805,28.095476,-81.9179423
33809,28.2024192,-81.9556207
33810,28.1302347,-82.0389873
33811,27.9788756,-82.015892
33812,27.9710402,-81.8942891
33813,27.9472485,-81.9261085
33815,28.0412578,-81.99759
33823,28.0871934,-81.8129404
33825,27.6202523,-81.4588263
33827,27.8179372,-81.5167674
33830,27.883187,-81.8109929
33834,27.6313026,-81.9125806
33835,27.7882464,-81.9725907
33837,28.1942628,-81.5878051
33838,28.016968,-81.6100207
33839,27.9742701,-81.755395
33840,28.0091567,-81.9050491
33841,27.7379728,-81.7680938
33843,27.731789,-81.5127004
33844,28.089561,-81.5893058
33847,27.8028505,-81.8220589
33848,28.2759749,-81.5082198
33849,28.2260676,-82.0688859
33850,28.1247068,-81.7310983
33851,28.04481,-81.6263405
33852,27.2587025,-81.3781129
33853,27.9007719,-81.5856703
33854,27.856274,-81.40993
33855,27.7910344,-81.3597138
33856,27.8561605,-81.4282055
33857,27.3591505,-81.1665961
33858,28.2450927,-81.5583127
33859,27.8852225,-81.6282063
33860,27.8185039,-82.0057828
33865,27.433787,-81.9632568
33867,27.7810878,-81.2020396
33868,28.2676385,-81.8537969
33870,27.5033456,-81.3677389
33872,27.505242,-81.5460283
33873,27.570917,-81.7811726
33875,27.4234258,-81.5006491
33876,27.4251607,-81.3392095
33877,27.9842316,-81.6187968
33880,27.9940181,-81.7775047
33881,28.0509961,-81.7025331
33884,27.9827863,-81.6817433
33890,27.4552051,-81.7246018
33896,28.2501881,-81.5807572
33897,28.2847219,-81.6892065
33898,27.8805515,-81.3175335
33901,26.6233808,-81.8831911
33903,26.6820387,-81.9088037
33904,26.5754031,-81.9448603
33905,26.667732,-81.7639495
33907,26.563891,-81.870266
33908,26.510332,-81.979563
33909,26.7203474,-81.9655018
33912,26.5349867,-81.8257633
33913,26.5142388,-81.696796
33914,26.5594403,-82.0242175
33916,26.6393518,-81.8413878
33917,26.7480953,-81.8461509
33919,26.5558907,-81.9028554
33920,26.7422983,-81.6360501
33921,26.7722248,-82.2528038
33922,26.6516792,-82.176814
33924,26.5384125,-82.1935408
33928,26.4357261,-81.6973227
33930,26.5671369,-81.4066994
33931,26.4301763,-81.9140397
33935,26.7567775,-81.4176485
33936,26.6180282,-81.5592475
33944,26.9551292,-81.4500205
33946,26.8524154,-82.2820454
33947,26.8851198,-82.2778808
33948,26.9858888,-82.1517415
33950,26.9156545,-82.0442963
33952,26.9861335,-82.097042
33953,26.9997025,-82.2122745
33954,27.0249503,-82.1214514
33955,26.8164432,-81.9937569
33956,26.5371043,-82.1217069
33957,26.4604768,-82.1003806
33960,27.0790626,-81.4122214
33965,26.4640835,-81.7665165
33966,26.5814907,-81.8349682
33967,26.4715067,-81.8122405
33971,26.6388576,-81.7003428
33972,26.6492719,-81.6177101
33973,26.6006612,-81.7304354
33974,26.5589349,-81.6012389
33976,26.5912767,-81.6861304
33980,26.978241,-82.0503229
33981,26.8761699,-82.2105751
33982,26.8553101,-81.6670033
33983,27.0059041,-82.0133698
33990,26.6285503,-81.9487549
33991,26.6336542,-82.0098421
33993,26.6726302,-82.0511311
34101,26.0501845,-81.780621
34102,26.137498,-81.7991051
34103,26.1913515,-81.8033305
34104,26.1504293,-81.7408371
34105,26.190046,-81.764777
34108,26.2463075,-81.8083233
34109,26.2408423,-81.7638228
34110,26.303284,-81.788171
34112,26.1214221,-81.7390301
34113,26.0436491,-81.7324237
34114,25.954218,-81.5733865
34116,26.1892939,-81.710803
34117,26.118102,-81.5489295
34119,26.2639327,-81.7174618
34120,26.312992,-81.5823964
34134,26.3613812,-81.8319358
34135,26.3677065,-81.7356593
34137,26.0405354,-81.3913008
34138,25.8139208,-81.3632119
34139,25.8499118,-81.3899528
34140,25.9251194,-81.6626129
34141,26.0228152,-81.0812485
34142,26.3137908,-81.2862646
34145,25.9097786,-81.6951253
34201,27.4006621,-82.4657933
34202,27.4025307,-82.3943944
34203,27.4403365,-82.5093843
34205,27.4833209,-82.5851247
34207,27.4386771,-82.5796743
34208,27.4874861,-82.5159067
34209,27.50473,-82.6546691
34210,27.4375477,-82.6301776
34211,27.4490775,-82.3779067
34212,27.4938161,-82.4061033
34215,27.4744274,-82.6857242
34216,27.5347981,-82.735123
34217,27.4911778,-82.7050182
34219,27.5762011,-82.2634568
34221,27.5811521,-82.5518248
34222,27.5389549,-82.5070267
34223,26.9836765,-82.3376655
34224,26.9229449,-82.3083014
34228,27.4004566,-82.6441748
34229,27.1912115,-82.4841362
34231,27.2659839,-82.5165832
34232,27.324987,-82.4717141
34233,27.280018,-82.4766319
34234,27.3689756,-82.556536
34235,27.3694161,-82.4768199
34236,27.3257882,-82.5599966
34237,27.3388019,-82.5147421
34238,27.235792,-82.4705357
34239,27.3108926,-82.5211675
34240,27.3447164,-82.3541558
34241,27.2510386,-82.3737852
34242,27.2602203,-82.5409083
34243,27.400992,-82.5279432
34250,27.5696062,-82.5851382
34251,27.377729,-82.1715401
34266,27.2020372,-81.8021885
34267,27.0893061,-81.9542971
34268,27.1322623,-81.9274205
34269,27.0899429,-81.9614804
34275,27.1524561,-82.4232272
34285,27.094564,-82.4408953
34286,27.1074689,-82.1066797
34287,27.0577969,-82.2492774
34288,27.0559377,-82.111338
34289,27.0888119,-82.139203
34291,27.11647,-82.2152061
34292,27.1038732,-82.3354741
34293,27.0379743,-82.3588365
34420,29.0531122,-82.0387307
34428,28.9567023,-82.6475848
34429,28.8611546,-82.6581091
34431,29.1402365,-82.5305511
34432,29.0648977,-82.374559
34433,28.9925015,-82.5288691
34434,28.9950298,-82.437972
34436,28.7336918,-82.2938977
34442,28.9209091,-82.3823247
34445,28.9713873,-82.4240603
34446,28.7490196,-82.5234596
34448,28.7670112,-82.6251915
34449,29.1069724,-82.6905397
34450,28.8300412,-82.2660089
34452,28.7611866,-82.375709
34453,28.8958244,-82.3295344
34461,28.8138178,-82.4830636
34465,28.9286931,-82.4909091
34470,29.2010085,-82.0820717
34471,29.1617886,-82.1268168
34472,29.109474,-81.9973639
34473,28.99763,-82.1877795
34474,29.1544716,-82.2114846
34475,29.2526804,-82.1619785
34476,29.0888176,-82.1942693
34479,29.2557235,-82.1091124
34480,29.0941997,-82.0942085
34481,29.1255379,-82.3098952
34482,29.2443867,-82.2750295
34484,28.9450172,-82.0975277
34487,28.7814769,-82.6127188
34488,29.2192829,-81.9410036
34491,28.9984774,-82.0397078
34498,29.0315519,-82.7360882
34601,28.5884499,-82.3713372
34602,28.5024823,-82.2823509
34604,28.4778754,-82.4327075
34606,28.4684773,-82.5957279
34607,28.5949747,-82.6159473
34608,28.4828261,-82.5528538
34609,28.4794755,-82.507906
34610,28.3699025,-82.5107481
34613,28.5589222,-82.5423353
34614,28.6465381,-82.5136402
34637,28.3077934,-82.4649272
34638,28.2719445,-82.5274295
34639,28.26543,-82.423239
34652,28.2405547,-82.744353
34653,28.24408,-82.6884764
34654,28.2979091,-82.6293441
34655,28.2113534,-82.6552857
34661,28.620835,-82.2610993
34667,28.3858675,-82.6656269
34668,28.2933353,-82.7105635
34669,28.3560249,-82.6101672
34677,28.0445168,-82.6742722
34679,28.4227516,-82.6741624
34681,28.0907016,-82.7779136
34683,28.087706,-82.7611342
34684,28.0807435,-82.7268293
34685,28.093255,-82.6894017
34688,28.1432257,-82.6839429
34689,28.1495259,-82.7618312
34690,28.1937447,-82.7257062
34691,28.1925768,-82.7704209
34695,28.0081605,-82.6883666
34698,28.0362716,-82.7914273
34705,28.6938049,-81.710847
34711,28.5207799,-81.7538514
34714,28.3994681,-81.8128692
34715,28.6310406,-81.7260735
34729,28.6174488,-81.7007971
34731,28.8676359,-81.8965428
34734,28.537003,-81.5154538
34736,28.5934139,-81.8639068
34737,28.6971382,-81.8033691
34739,27.9329624,-81.0988487
34741,28.3062991,-81.426933
34743,28.3293213,-81.3551482
34744,28.2958421,-81.3486206
34746,28.2374688,-81.4419
34747,28.3136524,-81.5916024
34748,28.773001,-81.8826219
34753,28.6051892,-81.905977
34756,28.5867338,-81.6794818
34758,28.192063,-81.4854201
34759,28.103895,-81.4193726
34760,28.5570529,-81.6292395
34761,28.5785766,-81.5341159
34762,28.7579981,-81.9156654
34769,28.2436659,-81.294191
34771,28.2682979,-81.1284026
34772,28.1604989,-81.2736394
34773,28.1606674,-80.9980924
34785,28.8463181,-82.0616476
34786,28.4828473,-81.538656
34787,28.4893126,-81.6195136
34788,28.880322,-81.7900326
34797,28.7299795,-81.8236364
34945,27.4579334,-80.5517438
34946,27.5032942,-80.3604803
34947,27.4490276,-80.3754478
34949,27.4672576,-80.2998076
34950,27.4437877,-80.3309738
34951,27.5321331,-80.4189534
34952,27.2972039,-80.29801
34953,27.2496802,-80.3832363
34956,27.0982641,-80.4996126
34957,27.2745771,-80.2430216
34972,27.4779853,-80.908736
34974,27.148849,-80.9140609
34981,27.3932783,-80.372054
34982,27.3752732,-80.3115099
34983,27.3239511,-80.3525655
34984,27.2490051,-80.3305527
34986,27.3277336,-80.4019113
34987,27.290285,-80.49712
34990,27.1479459,-80.3622939
34994,27.1995346,-80.2559521
34996,27.1881731,-80.1878004
34997,27.0504806,-80.2712034
35004,33.6034288,-86.493786
35005,33.6058767,-86.9937309
35006,33.4227511,-87.2097514
35007,33.2213517,-86.7876519
35010,32.9167188,-85.940589
35013,33.9021636,-86.5177739
35014,33.3558506,-86.2616778
35016,34.3248667,-86.504289
35019,34.3020783,-86.634094
35020,33.4048318,-86.9539724
35022,33.3317817,-86.959067
35023,33.4678428,-87.0881938
35031,34.0975051,-86.5550352
35032,33.2630836,-86.334051
35033,33.9216781,-87.0105855
35034,32.8979938,-87.281501
35035,33.0436822,-86.9684425
35036,33.6405284,-86.9164046
35040,33.1029669,-86.7288936
35042,32.9309926,-87.127915
35043,33.3105614,-86.6629052
35044,33.2672437,-86.3665053
35045,32.8116047,-86.6732487
35046,32.9213465,-86.530466
35049,33.9618615,-86.6121136
35051,33.2193882,-86.6008244
35052,33.590682,-86.4098973
35053,34.0655357,-87.0663607
35054,33.5020192,-86.3379254
35055,34.1511617,-86.758748
35057,34.1803101,-86.9342804
35058,34.2368309,-86.7301827
35060,33.5575856,-86.9281635
35061,33.4753212,-86.9467799
35062,33.7190331,-87.0177438
35063,33.8181583,-87.0207342
35064,33.4748247,-86.9195749
35068,33.6093434,-86.831744
35070,34.01366,-86.7426559
35071,33.6947534,-86.849187
35072,33.0935308,-86.0668598
35073,33.6512633,-86.9869931
35074,33.2223605,-87.1242506
35077,34.0211645,-86.8326676
35078,33.3244198,-86.4449662
35079,33.9384945,-86.7570095
35080,33.2492779,-86.9147747
35082,33.1580244,-86.1538626
35083,34.2038017,-86.5952605
35085,32.9764979,-86.7391813
35087,34.3064533,-86.5842958
35089,32.9457817,-86.0818324
35091,33.7834839,-86.7894741
35094,33.5135493,-86.5711816
35096,33.6203357,-86.107668
35097,33.8921883,-86.6271325
35098,34.139446,-87.0388399
35111,33.280948,-87.0898103
35112,33.6940685,-86.4747333
35114,33.2225149,-86.8665669
35115,33.1426765,-86.891559
35116,33.7305262,-86.7668297
35117,33.6677779,-86.8925994
35118,33.5273106,-87.0346436
35119,33.6380223,-86.7785793
35120,33.6686421,-86.4216539
35121,33.9411037,-86.4505698
35124,33.3218302,-86.7421974
35125,33.6333835,-86.2886916
35126,33.7309261,-86.6549716
35127,33.4911675,-86.9757908
35128,33.5523998,-86.3378192
35130,33.6331556,-87.1366876
35131,33.7142689,-86.1925235
35133,33.8289262,-86.5954783
35135,33.6280931,-86.195731
35136,32.8790649,-86.2870178
35143,33.0901886,-86.556119
35146,33.79507,-86.4532793
35147,33.4158839,-86.5309924
35148,33.7560988,-87.0456104
35149,33.2395966,-86.2099261
35150,33.1902393,-86.2445594
35151,33.1198172,-86.339033
35160,33.3633507,-86.1107321
35171,32.8714107,-86.7463091
35172,33.8451553,-86.6953128
35173,33.6552328,-86.5632391
35175,34.4356795,-86.5113741
35176,33.4817898,-86.5024405
35178,33.4159333,-86.4117557
35179,34.2733069,-86.9689696
35180,33.8326925,-86.84882
35181,33.6264381,-86.8799715
35183,33.0064377,-86.357576
35184,33.1143453,-87.1367145
35185,33.3489737,-86.5387842
35186,33.2567331,-86.5102911
35188,33.1701235,-87.1728836
35203,33.5183806,-86.8100667
35204,33.522049,-86.8406558
35205,33.495139,-86.8082448
35206,33.5702642,-86.7131404
35207,33.5676849,-86.8250198
35208,33.4971879,-86.8790586
35209,33.4653059,-86.8110218
35210,33.5418057,-86.6690363
35211,33.4564812,-86.8684884
35212,33.5476699,-86.7527201
35213,33.5066741,-86.744347
35214,33.5709308,-86.8922588
35215,33.6498597,-86.7037617
35216,33.419246,-86.7894334
35217,33.6067229,-86.7630054
35218,33.5076977,-86.8939557
35221,33.4497189,-86.899014
35222,33.5237117,-86.7701147
35223,33.4914885,-86.7344699
35224,33.5276502,-86.9452393
35226,33.3987978,-86.8417942
35228,33.4560437,-86.9216482
35229,33.4643654,-86.7939796
35233,33.5091506,-86.8013977
35234,33.5399896,-86.8037928
35235,33.6152872,-86.645447
35242,33.4246112,-86.6708674
35243,33.4410147,-86.7415193
35244,33.352918,-86.825333
35249,33.506573,-86.8031597
35254,33.5137051,-86.8528736
35401,33.1791273,-87.6152734
35404,33.2151573,-87.4834055
35405,33.1202082,-87.5412256
35406,33.3388417,-87.4675535
35441,32.8572477,-87.7312736
35442,33.0536054,-88.1860943
35443,32.7685895,-88.0114765
35444,33.3287184,-87.292882
35446,33.2092388,-87.7496668
35447,33.2779316,-88.1679496
35452,33.3037671,-87.6997792
35453,33.1616755,-87.3735718
35456,33.0636942,-87.4147499
35457,33.3041373,-87.7731439
35458,33.4022187,-87.8098239
35459,32.7916362,-88.2758508
35460,32.7218835,-88.1957821
35461,33.4173744,-88.2136126
35462,32.931849,-87.938502
35463,33.054133,-87.6820637
35464,32.7847057,-88.1447861
35466,33.2485275,-87.9194837
35469,33.0040858,-87.7987377
35470,32.5617497,-88.0665576
35473,33.2692961,-87.585458
35474,32.9405658,-87.5912004
35475,33.438828,-87.5617792
35476,33.2377804,-87.5798077
35477,32.9561312,-88.2409529
35480,33.0978769,-87.7991473
35481,33.4047415,-88.0466194
35487,33.2138269,-87.5476428
35490,33.2184192,-87.2382147
35491,32.9366195,-88.0977728
35501,33.8215503,-87.2960675
35503,33.9366877,-87.3053012
35504,33.894135,-87.1708124
35540,34.2185574,-87.1928469
35541,34.0813255,-87.1743487
35542,33.7037112,-87.6811049
35543,34.2111552,-87.7584351
35544,33.9599854,-88.0171372
35545,33.6421274,-87.9314502
35546,33.6049633,-87.5453883
35548,34.0564193,-87.7504848
35549,33.8228616,-87.5629892
35550,33.7454293,-87.1604661
35552,34.0730943,-88.1426927
35553,34.1268127,-87.3830782
35554,33.8857273,-87.6716784
35555,33.6709418,-87.8226231
35559,33.9116386,-87.7353642
35563,33.9965365,-87.9067538
35564,34.258833,-87.8452598
35565,34.2369604,-87.5634017
35570,34.1637564,-87.9931588
35571,34.3687076,-87.944108
35572,34.2012704,-87.2825801
35573,33.9013245,-87.5499939
35574,33.5554408,-87.968983
35575,34.0361793,-87.5881533
35576,33.5883974,-88.1429873
35577,34.091668,-87.5992892
35578,33.9804833,-87.4663908
35579,33.6251368,-87.3310081
35580,33.700754,-87.2707884
35581,34.3599117,-87.7130966
35582,34.4857438,-88.0950351
35584,33.8192681,-87.0879234
35585,34.4193533,-87.8289381
35586,33.8744966,-88.1404446
35587,33.7955414,-87.4568875
35592,33.7427261,-88.0973903
35593,34.3536816,-88.0901983
35594,33.9200723,-87.7786604
35601,34.605711,-87.008324
35603,34.5354518,-86.9712262
35610,34.9552608,-87.2320183
35611,34.7738334,-87.0841448
35613,34.8201635,-86.8821614
35614,34.8585962,-87.0802436
35615,34.6623221,-86.8759739
35616,34.7395036,-88.0193814
35618,34.6414029,-87.3049829
35619,34.382723,-87.1521054
35620,34.930812,-87.0201845
35621,34.3350314,-86.7270557
35622,34.3465899,-86.8989607
35630,34.8251675,-87.6598432
35632,34.8076801,-87.6805724
35633,34.8755841,-87.7963956
35634,34.9236649,-87.6081008
35640,34.4407081,-86.9436825
35643,34.6725766,-87.201931
35645,34.8940866,-87.4893413
35646,34.6804763,-87.5376023
35647,34.9676555,-87.117034
35648,34.9592386,-87.3794194
35649,34.625164,-86.8715849
35650,34.4472328,-87.3085933
35651,34.4609087,-87.4801507
35652,34.8467443,-87.3102081
35653,34.5334424,-87.8636988
35654,34.4953908,-87.6205408
35660,34.7584119,-87.6965419
35661,34.768526,-87.5628024
35670,34.4638081,-86.7293635
35671,34.6689896,-86.9500439
35672,34.6485327,-87.4064872
35673,34.5859416,-87.1384527
35674,34.670183,-87.7585411
35677,34.9525822,-88.0246821
35739,34.9685856,-86.7910363
35740,34.9652857,-85.7774477
35741,34.7295931,-86.4633048
35744,34.6126865,-85.9045038
35745,34.9434157,-86.1801785
35746,34.828619,-86.0059568
35747,34.494944,-86.298989
35748,34.7294653,-86.3949508
35749,34.8222121,-86.7578714
35750,34.9561788,-86.5894819
35751,34.8111574,-86.2764602
35752,34.764114,-85.9800556
35754,34.5145748,-86.6156693
35755,34.5096243,-86.1175471
35756,34.6437046,-86.8181491
35757,34.7845454,-86.7442988
35758,34.7114195,-86.7465081
35759,34.8684194,-86.5461141
35760,34.5439087,-86.3838569
35761,34.9118189,-86.4048273
35763,34.6116544,-86.4729648
35764,34.7332057,-86.3126644
35765,34.6956285,-85.819999
35766,34.8674854,-86.2998839
35768,34.7838801,-86.1022011
35769,34.5976379,-86.1051056
35771,34.538598,-86.0054232
35772,34.9370343,-85.948355
35773,34.891069,-86.7079406
35774,34.7652459,-86.2265253
35775,34.5429336,-86.7059595
35776,34.6611945,-86.2522719
35801,34.7246108,-86.5655414
35802,34.6764636,-86.5545682
35803,34.5632482,-86.5195132
35805,34.7071214,-86.6216849
35806,34.766424,-86.6835937
35808,34.6329287,-86.6558424
35810,34.8030199,-86.6034801
35811,34.7988118,-86.5038869
35816,34.7383222,-86.6318059
35824,34.6449286,-86.7520608
35896,34.7529697,-86.651594
35901,34.0475857,-85.9332655
35903,34.0257148,-85.8450758
35904,34.0705602,-85.9900976
35905,33.9614004,-85.9224224
35906,33.9271493,-86.0951134
35907,33.8908407,-86.0180201
35950,34.2497667,-86.261112
35951,34.3463625,-86.1462433
35952,34.0523854,-86.3107376
35953,33.8094252,-86.1730092
35954,34.0897544,-86.0574493
35956,34.1461462,-86.146749
35957,34.1961586,-86.1968976
35958,34.9160047,-85.6459568
35959,34.2451742,-85.6055088
35960,34.1286239,-85.566051
35961,34.3043046,-85.846009
35962,34.2993462,-86.0366388
35963,34.3597867,-85.9271995
35966,34.7949543,-85.7032799
35967,34.3937865,-85.6979714
35968,34.4760114,-85.7901428
35971,34.4560299,-85.9466291
35972,33.9912723,-86.2242085
35973,34.3440155,-85.5515135
35974,34.362751,-86.0102914
35975,34.4404119,-86.072425
35976,34.3412838,-86.3221949
35978,34.6427975,-85.7289786
35979,34.8299588,-85.6125575
35980,34.1720875,-86.3896172
35981,34.7221754,-85.6406919
35983,34.1728443,-85.7661553
35984,34.5185755,-85.5577813
35986,34.5047746,-85.8403265
35987,33.9133699,-86.2422076
35988,34.5578895,-85.796884
35989,34.5984644,-85.6350858
35990,34.0667283,-86.3052427
36003,32.4442767,-86.7300426
36005,31.8875881,-85.7360389
36006,32.6414557,-86.7277384
36008,32.4961164,-86.565398
36009,31.5977742,-86.3288351
36010,31.659895,-85.8128958
36013,32.2968408,-85.9794546
36016,31.8502231,-85.4147064
36017,31.6794432,-85.5577196
36020,32.4979371,-86.3163869
36022,32.6234138,-86.4055924
36024,32.6634891,-86.0363578
36025,32.545369,-86.3409058
36026,32.7754796,-86.1309927
36027,31.9777874,-85.1839087
36028,31.4847157,-86.3848371
36029,32.1818722,-85.9331538
36030,31.848788,-86.8616393
36031,32.2477486,-85.7695341
36032,31.9983012,-86.5710844
36033,31.6717136,-86.7706134
36034,31.6210455,-86.1112088
36035,31.7887047,-86.1262147
36036,31.97394,-86.1616764
36037,31.7684104,-86.6177675
36038,31.4078899,-86.4869231
36039,32.2856754,-85.8213279
36040,32.184019,-86.6700331
36041,31.9313742,-86.3279513
36042,31.8686194,-86.4599893
36043,32.185049,-86.4337504
36046,31.9464682,-86.3837056
36047,32.0867316,-86.5196177
36048,31.8042143,-85.5920239
36049,31.7681431,-86.2772574
36051,32.686698,-86.4787594
36052,32.1827047,-86.0428254
36053,32.0424999,-85.4484348
36054,32.4663687,-86.3595459
36057,32.3746619,-86.0846018
36064,32.3041726,-86.0899193
36066,32.4797005,-86.4240099
36067,32.5165176,-86.5614831
36069,32.097979,-86.1654496
36071,31.7066853,-86.3977543
36075,32.3783893,-85.9236998
36078,32.5469786,-85.9427351
36079,31.7667089,-85.9980346
36080,32.7118063,-86.2840219
36081,31.9112146,-85.8981142
36082,31.8027254,-85.9550858
36083,32.3867291,-85.684361
36088,32.4197294,-85.7170853
36089,32.1567588,-85.7016334
36091,32.7495078,-86.5192849
36092,32.6170858,-86.1998671
36093,32.4945644,-86.1336343
36101,32.3817738,-86.2976485
36104,32.4019423,-86.3184558
36105,32.2148019,-86.2773395
36106,32.3534306,-86.2569628
36107,32.3843216,-86.2794894
36108,32.3390995,-86.4011072
36109,32.3858458,-86.2379184
36110,32.4465819,-86.2557715
36111,32.3365792,-86.2713244
36112,32.3809438,-86.363749
36113,32.3801664,-86.3420251
36114,32.4048339,-86.2457226
36115,32.4068588,-86.2467481
36116,32.2715647,-86.2192504
36117,32.3779025,-86.148907
36130,32.3774781,-86.2994049
36201,33.6474878,-85.8841294
36203,33.5830493,-85.8344851
36205,33.6995682,-85.7874282
36206,33.7328391,-85.8179567
36207,33.6841206,-85.7051947
36250,33.7647093,-85.8939391
36251,33.2265128,-85.856735
36255,33.1824888,-85.7373013
36256,33.0463079,-85.7048175
36258,33.4777341,-85.7173384
36260,33.5878762,-86.0010314
36262,33.793448,-85.4682757
36263,33.4672471,-85.3601624
36264,33.5967828,-85.5514827
36265,33.8476552,-85.7849164
36266,33.3539102,-85.7492866
36267,33.195092,-85.9465325
36268,33.4948047,-85.9294693
36269,33.7397965,-85.3838757
36271,33.7812299,-86.0186896
36272,33.9472025,-85.6011175
36273,33.545031,-85.3780481
36274,33.1793173,-85.3603
36276,33.1258334,-85.5742159
36277,33.7613311,-85.8152096
36278,33.3110458,-85.5268501
36279,33.8723315,-85.8896643
36280,33.385339,-85.3917188
36301,31.1404591,-85.4090967
36303,31.2646917,-85.3888143
36305,31.2030416,-85.4944758
36310,31.5951393,-85.2088473
36311,31.599512,-85.686806
36312,31.1625826,-85.2352378
36313,31.1802068,-85.793716
36314,31.0284783,-85.7767325
36316,31.1756911,-85.8639745
36317,31.6345838,-85.3895007
36318,31.1695237,-85.9505308
36319,31.3319372,-85.1488738
36320,31.0498978,-85.3192242
36321,31.2108659,-85.2992183
36322,31.2576051,-85.7358074
36323,31.4281039,-86.0724709
36330,31.3078632,-85.8580113
36340,31.0562731,-85.8941242
36343,31.0607041,-85.1207652
36344,31.1010427,-85.7102551
36345,31.3663062,-85.3103721
36346,31.5572402,-85.9391927
36350,31.3502138,-85.4955215
36351,31.4255015,-85.9065997
36352,31.2649987,-85.6096991
36353,31.47853,-85.3486256
36360,31.4674692,-85.6170295
36362,31.3509323,-85.6797875
36370,31.1352747,-85.1617302
36371,31.3299608,-85.5462581
36373,31.5186497,-85.0890559
36374,31.5722739,-85.489563
36375,31.0784729,-85.5404413
36376,31.2506793,-85.2697722
36401,31.4689704,-86.9504255
36420,31.1771492,-86.5515023
36421,31.328718,-86.5083349
36425,31.76474,-87.195168
36426,31.1451728,-87.075489
36432,31.301073,-87.0372979
36435,31.8701015,-87.4515643
36436,31.7663326,-87.6614108
36439,31.4192875,-87.3451885
36441,31.0393646,-87.2550446
36442,31.0844582,-86.3570405
36444,31.662875,-87.4638836
36445,31.4445854,-87.4533924
36446,31.7915134,-87.7244827
36451,31.6855211,-87.8186244
36453,31.198847,-86.1329547
36454,31.3529505,-87.203008
36455,31.0126043,-86.3538165
36456,31.5707313,-86.8299047
36460,31.5251616,-87.3081219
36467,31.2779519,-86.255483
36470,31.5151881,-87.565908
36471,31.6319146,-87.2317916
36473,31.3204144,-87.2258416
36474,31.4296901,-86.626037
36475,31.3890549,-87.2199988
36476,31.3545745,-86.5483965
36477,31.0870389,-86.0671873
36480,31.3419993,-87.6384158
36481,31.771512,-87.3825593
36482,31.6393177,-87.6368998
36483,31.047796,-86.6741873
36502,31.1477327,-87.4948211
36503,31.1567582,-87.4653981
36505,30.9511863,-88.0134685
36507,30.8586091,-87.7420252
36509,30.4063377,-88.24881
36511,30.3052284,-87.7426369
36512,30.9988076,-88.0184088
36513,31.1549732,-87.9917371
36518,31.4707733,-88.266741
36521,30.9677646,-88.1868086
36522,31.0839823,-88.2750162
36523,30.3707982,-88.1907914
36524,31.8026176,-88.0108631
36525,30.8912595,-88.0210153
36526,30.611145,-87.8647455
36527,30.7020747,-87.881866
36528,30.2404238,-88.2383185
36529,31.2774446,-88.2788211
36530,30.4082096,-87.5555847
36532,30.4807127,-87.861307
36535,30.3811747,-87.7296502
36538,31.6570529,-88.1432714
36539,31.3486243,-88.3941073
36540,31.4489492,-87.6758433
36541,30.4782852,-88.3460465
36542,30.26965,-87.7506271
36543,31.2215341,-87.4661651
36544,30.4749307,-88.2396041
36545,31.4885113,-87.871704
36547,30.2522059,-87.6545044
36548,31.4803723,-87.9709582
36549,30.4111621,-87.4511188
36550,31.2494298,-87.7304359
36551,30.6366775,-87.7470303
36553,31.2339038,-88.0915674
36555,30.3996673,-87.7730195
36556,31.2079568,-87.9651642
36558,31.6211991,-88.3279562
36559,30.5690397,-87.9039333
36560,31.0851953,-88.0490453
36561,30.2876223,-87.5712667
36562,31.0370575,-87.6704158
36564,30.4697866,-87.9145264
36567,30.6235361,-87.5569601
36568,30.5118141,-88.2723733
36569,31.547672,-88.088037
36571,30.8545095,-88.1098092
36572,30.8560404,-88.0591936
36574,30.5009767,-87.4784322
36575,30.7676595,-88.2726555
36576,30.5229389,-87.7638421
36578,30.7373886,-87.7718883
36579,31.1104762,-87.7868713
36580,30.4788979,-87.7034137
36581,31.3546319,-88.0191038
36582,30.5179096,-88.1727501
36583,31.3673191,-88.1950025
36584,31.1990956,-88.3887391
36585,31.4235226,-88.0844556
36587,30.8364532,-88.3499248
36602,30.6975369,-88.0402803
36603,30.6841622,-88.0527562
36604,30.6822986,-88.0683648
36605,30.6024455,-88.0913027
36606,30.668786,-88.1058735
36607,30.6990702,-88.1055117
36608,30.6815029,-88.3002125
36609,30.6602477,-88.1634795
36610,30.7370846,-88.0731715
36611,30.7699855,-88.0766717
36612,30.752882,-88.1131354
36613,30.8098383,-88.1874687
36615,30.6301964,-88.0699426
36617,30.715328,-88.0948211
36618,30.7368997,-88.1697959
36619,30.5960878,-88.1966365
36652,30.6959252,-88.0803421
36663,30.7368541,-88.108849
36688,30.6955406,-88.1878671
36693,30.6257699,-88.1496864
36695,30.6312575,-88.2805935
36701,32.4963324,-87.0573911
36703,32.427349,-86.9128575
36720,32.1649877,-87.3469955
36722,32.0824393,-87.5714938
36723,32.0683752,-87.2943433
36726,31.960453,-87.2994839
36727,31.9109854,-88.0339102
36728,32.1690122,-87.4833935
36732,32.4174563,-87.8922135
36736,32.0847057,-87.7611884
36738,32.4209703,-87.6249654
36740,32.6267826,-87.8365714
36741,32.0307121,-87.0124765
36742,32.4561561,-87.7522265
36744,32.6847186,-87.5987731
36748,32.267275,-87.7809005
36749,32.5509675,-86.8498271
36750,32.7896165,-86.8493775
36751,31.8039441,-87.5769247
36752,32.2986688,-86.6319947
36753,31.8369728,-87.1075715
36754,32.157318,-87.7023812
36756,32.6923151,-87.2995136
36758,32.6388918,-86.8899096
36759,32.4045357,-87.290023
36761,32.0741069,-86.9411086
36763,32.2768018,-87.9807041
36764,32.1151836,-87.9852639
36765,32.5881638,-87.5222451
36766,31.9550465,-87.0866726
36767,32.2453708,-87.2045075
36768,31.8853936,-87.0128588
36769,31.992777,-87.5515008
36773,32.2911237,-87.3852198
36775,32.1927105,-86.9548049
36776,32.7356062,-87.7414159
36782,32.1030296,-87.9139239
36783,32.2170468,-87.6116548
36784,31.9198465,-87.8341215
36785,32.2776173,-86.8234815
36786,32.4309944,-87.482151
36790,32.7364284,-86.908481
36792,32.918022,-86.9156798
36793,32.8228556,-87.0064381
36801,32.7009349,-85.3892374
36804,32.5339726,-85.347519
36830,32.5348722,-85.4937548
36832,32.5829363,-85.5859384
36849,32.5991398,-85.4892698
36850,32.7869195,-85.655757
36851,32.1504238,-85.0808884
36852,32.7566112,-85.2789075
36853,32.8048161,-85.7681477
36854,32.7516126,-85.1894841
36855,33.0289076,-85.3081507
36856,32.2609572,-84.9954012
36858,32.3231623,-85.3078129
36860,32.2745374,-85.424439
36861,32.8886986,-85.8477107
36862,32.9039649,-85.4551567
36863,32.8894943,-85.2637505
36865,32.602618,-85.5893336
36866,32.5653045,-85.7120819
36867,32.4980543,-85.0235905
36869,32.4196979,-85.0645599
36870,32.4822058,-85.1191863
36871,32.1581685,-85.1567325
36874,32.5642515,-85.1985492
36875,32.3185797,-85.1671609
36877,32.5731532,-85.1013695
36879,32.7313172,-85.5446441
36901,32.4216358,-88.14733
36904,32.100714,-88.2608487
36907,32.4381055,-88.3486097
36908,31.872768,-88.2370756
36910,32.2308074,-88.1593215
36912,32.2423493,-88.3056892
36913,31.9607343,-88.4466765
36915,31.9589694,-88.3601938
36916,32.2415048,-88.0491837
36919,31.7690518,-88.2828619
36921,31.9384298,-88.1827796
36922,32.2974983,-88.1492952
36925,32.4322541,-88.1835908
37010,36.5717815,-87.1087046
37012,36.0711104,-86.0056488
37013,36.0526066,-86.6302928
37014,35.8730148,-86.6329235
37015,36.2974572,-87.0917376
37016,35.9635564,-86.1136176
37018,35.6314,-86.2109552
37019,35.3909022,-86.7093315
37020,35.6343886,-86.4070932
37022,36.5145819,-86.3170377
37023,36.5924562,-87.7827445
37025,35.9526586,-87.3084674
37026,35.6957802,-86.1074559
37027,35.9992882,-86.7850625
37028,36.628017,-87.852264
37029,36.0430837,-87.2687859
37030,36.2716706,-85.9423723
37031,36.3774627,-86.3011723
37032,36.5251533,-87.0165243
37033,35.7446153,-87.5578393
37034,35.6371245,-86.6947655
37035,36.3811081,-87.1339833
37036,36.2349822,-87.2612634
37037,35.7030835,-86.3512378
37040,36.5223192,-87.3279335
37042,36.5693386,-87.4118451
37043,36.4905716,-87.2407967
37046,35.7818517,-86.7007503
37047,35.3129207,-86.831904
37048,36.4904197,-86.5910869
37049,36.5619749,-86.6821383
37050,36.3742444,-87.6308436
37051,36.3042724,-87.4140416
37052,36.3725795,-87.407441
37055,36.0772094,-87.4428032
37057,36.4181086,-86.0299443
37058,36.4440381,-87.8766776
37059,35.9849919,-85.9030704
37060,35.7492293,-86.6342831
37061,36.2765451,-87.66302
37062,35.9902937,-87.135646
37064,35.8848616,-86.9541381
37066,36.3987568,-86.45554
37067,35.9122038,-86.7688434
37069,35.9843189,-86.902292
37072,36.35214,-86.7466508
37073,36.4326423,-86.817152
37074,36.4260407,-86.1528995
37075,36.3400106,-86.6020706
37076,36.1451761,-86.5766361
37078,35.9036934,-87.7745139
37079,36.4647693,-87.6480931
37080,36.3327613,-86.9168857
37082,36.0948723,-87.1152657
37083,36.5377572,-86.0009596
37085,35.9530779,-86.2791067
37086,36.0222366,-86.5593844
37087,36.2638523,-86.2692445
37090,36.1154391,-86.2976369
37091,35.4892444,-86.7674719
37095,35.9659276,-85.9610769
37096,35.612943,-87.8710104
37097,35.7799411,-87.8234168
37098,35.8714586,-87.3078463
37101,36.0789048,-87.6267504
37110,35.6450896,-85.7412521
37115,36.2552788,-86.6986667
37118,35.9256732,-86.1890136
37122,36.1783783,-86.4865394
37127,35.7794783,-86.3272335
37128,35.8032236,-86.474647
37129,35.9298342,-86.4508216
37130,35.8816887,-86.318747
37132,35.8487319,-86.362829
37134,35.9927409,-87.9480932
37135,35.9157886,-86.6765871
37137,35.8841729,-87.5053492
37138,36.2377081,-86.6070303
37140,35.8634352,-87.6524407
37141,36.6144759,-86.6989346
37142,36.4109657,-87.5096656
37143,36.1225294,-87.0271335
37144,35.3051071,-86.6558789
37145,36.3809091,-85.9170119
37146,36.4046136,-87.0323723
37148,36.5766578,-86.4978131
37149,35.8087267,-86.1931585
37150,36.5414832,-85.8104098
37151,36.3092013,-86.04302
37153,35.7644774,-86.5553102
37160,35.455746,-86.48479
37165,36.29113,-87.475439
37166,35.9179777,-85.7869033
37167,35.9628279,-86.5296844
37171,36.3694179,-87.3108584
37172,36.5483845,-86.8494507
37174,35.7192548,-86.8981879
37175,36.3242598,-87.8928509
37178,36.3237915,-87.7904365
37179,35.8125178,-86.9100297
37180,35.6214832,-86.5753532
37181,36.2443776,-87.5058929
37183,35.5052556,-86.287376
37184,36.0867882,-86.145212
37185,36.0629224,-87.8650357
37186,36.596738,-86.2217105
37187,36.144148,-87.1978864
37188,36.4804988,-86.680963
37189,36.2785982,-86.8314639
37190,35.8230913,-86.0421587
37191,36.5058408,-87.5301039
37201,36.1669865,-86.7783197
37203,36.1497755,-86.789146
37204,36.1066755,-86.7745751
37205,36.1131865,-86.8704428
37206,36.1793189,-86.7310828
37207,36.2324733,-86.7773421
37208,36.1775455,-86.8095184
37209,36.1506555,-86.9598389
37210,36.1492477,-86.7330156
37211,36.0670172,-86.7234193
37212,36.1337735,-86.8016878
37213,36.1672208,-86.7681807
37214,36.1690378,-86.6625653
37215,36.0819546,-86.8349039
37216,36.2150173,-86.7269108
37217,36.1086665,-86.6567223
37218,36.1713526,-86.9181608
37219,36.1662816,-86.7829512
37220,36.068447,-86.7931275
37221,36.0592411,-86.9723124
37228,36.1969299,-86.8033726
37232,36.1411168,-86.8028885
37238,36.1656968,-86.779462
37301,35.4172439,-85.7952115
37302,35.0157031,-85.0217481
37303,35.4425935,-84.6397355
37305,35.4579633,-85.7020384
37306,35.0968066,-86.1918007
37307,35.1649578,-84.6262563
37308,35.3426348,-84.9937558
37309,35.3018339,-84.7414557
37310,35.2525253,-84.7100658
37311,35.1040163,-84.9208283
37312,35.2260089,-84.8744788
37313,35.3763888,-85.6954957
37315,35.0472136,-85.0516438
37316,35.0016611,-84.7296733
37317,35.0310013,-84.4430558
37318,35.1787192,-85.9800137
37321,35.5021033,-85.0080244
37322,35.5019589,-84.8250706
37323,35.0961827,-84.8165325
37324,35.2397546,-85.987165
37325,35.2530651,-84.6048866
37326,35.0402516,-84.3832856
37327,35.4162671,-85.3944076
37328,35.0369421,-86.3573743
37329,35.3919917,-84.4601488
37330,35.2796369,-86.1306027
37331,35.3161696,-84.5357762
37332,35.60059,-84.9495484
37333,35.1484136,-84.3597802
37334,35.1654168,-86.5796004
37335,35.0688983,-86.4039919
37336,35.3088425,-84.9315118
37337,35.787056,-84.8506641
37338,35.4297867,-85.2095188
37339,35.3738514,-85.6322113
37340,35.0219881,-85.519895
37341,35.2199309,-85.0730025
37342,35.3835486,-85.9468582
37343,35.1665869,-85.2122574
37345,35.0168286,-86.2030409
37347,35.0634681,-85.6134179
37348,35.121827,-86.4307859
37350,34.994485,-85.3515766
37351,35.1002851,-85.2603629
37352,35.2775203,-86.3530268
37353,35.1228601,-84.9854922
37354,35.5063434,-84.3474039
37355,35.5092866,-86.079287
37356,35.2288775,-85.823694
37357,35.5939092,-85.9183425
37359,35.2043415,-86.4038655
37360,35.4375776,-86.2543283
37361,35.0878641,-84.6567491
37362,35.0312838,-84.6808572
37363,35.1210413,-85.0556002
37365,35.3686958,-85.5163249
37366,35.338856,-85.8300032
37367,35.6195091,-85.2262999
37369,35.2055895,-84.4643657
37370,35.3590478,-84.700606
37373,35.4074593,-85.0928157
37374,35.1649831,-85.6618176
37375,35.1504513,-85.8904197
37376,35.0473774,-85.958393
37377,35.2121358,-85.3623332
37379,35.2845811,-85.1948715
37380,35.0709369,-85.7546051
37381,35.6869901,-84.8773871
37383,35.2114051,-85.9132216
37385,35.3367928,-84.2282863
37387,35.2742495,-85.720584
37388,35.3514871,-86.198185
37391,35.0932347,-84.35392
37394,35.5391863,-85.8606462
37396,35.001888,-85.5034582
37397,35.207609,-85.5179091
37398,35.1811641,-86.1383599
37402,35.0468053,-85.3162888
37403,35.0482592,-85.294362
37404,35.0282335,-85.2732578
37405,35.1299334,-85.3828355
37406,35.0731339,-85.2455709
37407,35.0019426,-85.2897242
37408,35.0308158,-85.3116381
37409,35.0102615,-85.3359054
37410,35.0018988,-85.3142201
37411,35.0265813,-85.230237
37412,34.9974366,-85.227199
37415,35.1247253,-85.2811989
37416,35.0988652,-85.1570048
37419,35.0515678,-85.4210885
37421,35.0274731,-85.1536037
37450,35.0489655,-85.3121686
37601,36.3382503,-82.3180845
37604,36.2992419,-82.3830442
37614,36.3009783,-82.3673983
37615,36.3982179,-82.4523864
37616,36.2225075,-82.7515996
37617,36.5244903,-82.3656514
37618,36.4603392,-82.2087442
37620,36.5496127,-82.0940401
37640,36.3268241,-81.9746862
37641,36.1998868,-82.6635129
37642,36.5313299,-82.726935
37643,36.3705126,-82.1222883
37645,36.5627659,-82.6624547
37650,36.0877894,-82.4685726
37656,36.3999711,-82.6307857
37657,36.0172382,-82.5605185
37658,36.2604422,-82.1515958
37659,36.2798486,-82.5061187
37660,36.5268599,-82.5719678
37663,36.4630152,-82.4887235
37664,36.5081132,-82.510198
37665,36.5794828,-82.5731013
37680,36.5746313,-81.7255384
37681,36.2580143,-82.6206
37682,36.3003214,-82.2916716
37683,36.4530057,-81.8223636
37686,36.440209,-82.3488106
37687,36.178723,-82.0970051
37688,36.5454437,-81.8828794
37690,36.2512103,-82.5590089
37691,36.3679104,-81.755247
37692,36.1845907,-82.3041401
37694,36.3837885,-82.2787223
37701,35.7917092,-83.9872245
37705,36.2268797,-84.0097138
37708,36.3305576,-83.317142
37709,36.1665012,-83.6650002
37710,36.1580328,-84.3177123
37711,36.2813547,-83.0454262
37713,36.0814571,-83.1342851
37714,36.2308642,-84.2541683
37715,36.5532076,-83.9589417
37716,36.1008826,-84.1686912
37719,36.0218622,-84.4280855
37721,36.130591,-83.8148688
37722,35.8151556,-83.2010965
37723,35.9704304,-84.8136556
37724,36.548535,-83.7102569
37725,35.9976391,-83.3933026
37726,36.188121,-84.8102685
37727,35.8851005,-83.022989
37729,36.5141221,-84.0327541
37730,36.5683904,-83.9735612
37731,36.5486671,-83.0090627
37732,36.3279591,-84.6282351
37733,36.3567358,-84.6950351
37737,35.7614157,-84.1201732
37738,35.6712913,-83.476474
37742,35.6758443,-84.1792456
37743,36.0683269,-82.8556967
37745,36.2762988,-82.8311971
37748,35.9453734,-84.5163657
37752,36.5759594,-83.5473908
37753,35.8228117,-83.0980002
37754,36.1390993,-84.0298007
37755,36.4227826,-84.5327036
37756,36.3016305,-84.4070375
37757,36.2613958,-84.105815
37760,36.1037645,-83.4663108
37762,36.5764159,-84.1192471
37763,35.8234483,-84.4881767
37764,35.9703456,-83.6166422
37765,36.5723439,-83.0586143
37766,36.3983754,-84.0730317
37769,36.21785,-84.1554681
37770,36.1524156,-84.6418268
37771,35.8384992,-84.3163821
37772,35.7933765,-84.2121062
37774,35.7291299,-84.3589611
37777,35.8226325,-84.0524091
37779,36.2109423,-83.7579132
37801,35.6717037,-84.0804734
37803,35.6608423,-83.9813892
37804,35.7922826,-83.8931614
37806,36.0846931,-83.7279865
37807,36.259656,-83.8259895
37809,36.1566928,-83.0380916
37810,36.1776644,-83.1019601
37811,36.3459573,-83.2122677
37813,36.1751355,-83.2570241
37814,36.2333409,-83.3379117
37818,36.185587,-82.9730492
37819,36.5682549,-84.2057527
37820,36.0851708,-83.5660571
37821,35.97508,-83.1955033
37825,36.4158833,-83.6791084
37826,35.5582259,-84.5898285
37828,36.197826,-84.0688605
37829,36.0010197,-84.6173805
37830,35.9664826,-84.2905489
37840,36.0678307,-84.3696338
37841,36.5087095,-84.5438278
37843,36.0107135,-83.0483601
37845,36.1037076,-84.4501608
37846,35.6792505,-84.4818172
37847,36.4315543,-84.2734348
37848,36.2370337,-83.6817477
37849,36.0540502,-84.0484876
37851,36.5655902,-83.7924658
37852,36.3241459,-84.579513
37853,35.8367663,-83.9108104
37854,35.8860813,-84.7091457
37857,36.4242886,-82.9414004
37860,36.2401511,-83.1799671
37861,36.2407428,-83.5137125
37862,35.7363593,-83.672368
37863,35.7863775,-83.5636868
37865,35.8511505,-83.7348875
37866,36.347281,-83.8433036
37869,36.5147553,-83.2449964
37870,36.4628953,-83.8338005
37871,36.0469747,-83.6813381
37872,36.2686995,-84.6812048
37873,36.5262702,-82.8430472
37874,35.5983299,-84.4564841
37876,35.8651005,-83.4789701
37877,36.1511298,-83.406846
37878,35.5965905,-83.9812959
37879,36.4733479,-83.513314
37880,35.7009083,-84.6601062
37881,36.3981439,-83.3624628
37882,35.6044438,-83.8193906
37885,35.4988997,-84.1377028
37886,35.7414821,-83.807486
37887,36.0707125,-84.6141297
37888,36.3298775,-83.5791362
37890,36.0803872,-83.2930782
37891,36.2920676,-83.1381089
37892,36.5556961,-84.3576443
37902,35.9620004,-83.9196219
37909,35.9471607,-84.0227151
37912,36.0084869,-83.9846874
37914,35.9831651,-83.795796
37915,35.9708125,-83.9004316
37916,35.9530784,-83.9325875
37917,36.0015812,-83.9126498
37918,36.0568747,-83.9173519
37919,35.914748,-84.0001693
37920,35.9115668,-83.857782
37921,35.9782769,-84.0018743
37922,35.8604962,-84.1005352
37923,35.9275265,-84.0806874
37924,36.0261904,-83.8118749
37929,35.9624042,-83.9159689
37931,35.9763212,-84.1263494
37932,35.9172993,-84.1987873
37934,35.8761797,-84.180016
37938,36.1250076,-83.9381752
38001,35.8161862,-89.1493913
38002,35.2920239,-89.7022213
38004,35.4122414,-89.7592121
38006,35.6937229,-89.0896572
38007,36.1642329,-89.4391922
38008,35.2433525,-89.0003786
38011,35.4738723,-89.7144286
38012,35.6100211,-89.2705743
38015,35.5593644,-89.824229
38016,35.1808598,-89.7598386
38017,35.0669534,-89.6540781
38018,35.1386126,-89.7664237
38019,35.5610879,-89.6319534
38021,35.8704417,-89.1840777
38023,35.4745009,-89.9641307
38024,36.0369187,-89.3847512
38028,35.1830992,-89.6321997
38029,35.2420975,-89.8235216
38030,35.9855023,-89.6178301
38034,35.9141028,-89.2320808
38036,35.3272479,-89.619386
38037,35.7973591,-89.3988946
38039,35.0571998,-89.1862309
38040,35.8791094,-89.4829409
38041,35.6524862,-89.6751323
38042,35.1529806,-89.1366616
38044,35.215364,-88.8078469
38046,35.0460024,-89.2440921
38047,36.0656509,-89.5471422
38049,35.3903334,-89.5382104
38050,35.8163011,-89.2270923
38052,35.0902529,-88.9178003
38053,35.3281219,-89.9408239
38054,35.3358039,-89.8744148
38057,35.0524351,-89.3589781
38058,35.4578575,-89.8161923
38059,36.115718,-89.2397334
38060,35.2093468,-89.5054678
38061,35.0683898,-88.7709071
38063,35.7464193,-89.6293899
38066,35.076505,-89.5343055
38067,35.0816093,-89.0417879
38068,35.25837,-89.3352395
38069,35.455618,-89.3698879
38070,35.9404369,-89.2491732
38075,35.3823019,-89.1680554
38076,35.1237727,-89.4664278
38077,36.3285172,-89.4744043
38079,36.4133052,-89.4692474
38080,36.2070859,-89.5192079
38103,35.153069,-90.0565361
38104,35.1325594,-90.004289
38105,35.151419,-90.035468
38106,35.1008322,-90.040325
38107,35.1701654,-90.0234424
38108,35.1768997,-89.963974
38109,35.0378861,-90.1542423
38111,35.1105209,-89.9435005
38112,35.1476623,-89.9763922
38113,35.1037821,-90.140824
38114,35.0964798,-89.9859572
38115,35.0531753,-89.8626348
38116,35.0323391,-90.0089155
38117,35.115008,-89.9055174
38118,35.0350973,-89.9271583
38119,35.0795106,-89.8453851
38120,35.123904,-89.8530645
38122,35.1571021,-89.9224442
38125,35.0254233,-89.7893374
38126,35.1269767,-90.0436957
38127,35.2427513,-90.0267903
38128,35.2245738,-89.9266889
38131,35.0661984,-89.9926314
38132,35.0706335,-90.0003928
38133,35.2129405,-89.7947114
38134,35.1745401,-89.8607775
38135,35.2389145,-89.8485891
38138,35.0847721,-89.7992608
38139,35.0828865,-89.7548365
38141,35.0160297,-89.8547654
38152,35.1182727,-89.9374503
38201,36.1226339,-88.530194
38220,35.9936589,-88.6708832
38221,36.2449041,-88.0422025
38222,36.445536,-88.1579027
38224,36.387007,-88.4921788
38225,36.3188503,-88.6707396
38226,36.4742822,-88.6570341
38229,36.219487,-88.6101286
38230,36.1551772,-88.7746649
38231,36.2130583,-88.4261375
38232,36.3590105,-89.3241813
38233,36.2036492,-89.043102
38235,35.9911043,-88.5812603
38236,36.1780111,-88.2757977
38237,36.3625633,-88.8335417
38240,36.2450907,-89.3181194
38241,36.4277716,-88.5918437
38242,36.3068746,-88.3374677
38251,36.4598721,-88.3558561
38253,36.3080876,-89.059119
38254,36.3744417,-89.3466122
38255,36.2407176,-88.8591295
38256,36.3175403,-88.1246763
38257,36.463999,-88.8869654
38258,36.0179406,-88.6125956
38259,36.2021534,-89.1840502
38260,36.3752742,-89.2126725
38261,36.42886,-89.1135062
38301,35.5881638,-88.8533945
38305,35.7016536,-88.768058
38310,35.2616548,-88.4085901
38311,35.4358443,-88.0977961
38313,35.6103388,-88.6198266
38315,35.2682994,-88.6156711
38316,36.0698677,-88.8168687
38317,36.0579365,-88.2638105
38318,35.947414,-88.2420015
38320,36.0459774,-88.1098644
38321,35.8393017,-88.5293139
38326,35.0457825,-88.2782793
38327,35.2240501,-88.3020601
38328,35.6686971,-88.2085876
38329,35.537576,-88.1077897
38330,36.0705035,-89.0344137
38332,35.4197643,-88.4293517
38333,36.1281042,-87.9544598
38334,35.3498369,-88.5863531
38337,35.778321,-89.0287626
38338,35.8746461,-88.84878
38339,35.0523759,-88.5147054
38340,35.4048053,-88.6794106
38341,35.8775772,-88.0838948
38342,36.07174,-88.288871
38343,35.8269599,-88.9283877
38344,35.9782845,-88.4346325
38345,35.5952974,-88.5075317
38347,35.4762987,-88.4985135
38348,35.8727444,-88.6509627
38351,35.661918,-88.4047902
38352,35.529461,-88.5338488
38355,35.7840087,-88.7750607
38356,35.4383965,-88.893792
38357,35.0514883,-88.4139209
38358,35.9166749,-88.7586635
38359,35.3722319,-88.3511186
38361,35.311301,-88.2999245
38362,35.7269399,-88.7851565
38363,35.6878387,-88.1107284
38365,35.057656,-88.237619
38366,35.4790004,-88.7412732
38367,35.0530475,-88.623242
38368,35.4960631,-88.3588959
38369,36.1319219,-88.9426659
38370,35.3914767,-88.2479617
38371,35.4239677,-88.2952932
38372,35.1435643,-88.1568743
38374,35.52377,-88.2388163
38375,35.1599556,-88.5870282
38376,35.130665,-88.3473727
38379,35.1646941,-88.4305644
38380,35.7796306,-88.0392142
38381,35.3493479,-88.9595024
38382,35.9683791,-88.9844614
38387,35.8729198,-88.2774618
38388,35.7816093,-88.3096537
38389,36.103118,-89.1214064
38390,35.8384575,-88.3779488
38391,35.5465715,-88.9921775
38392,35.4579673,-89.0280516
38401,35.6291642,-87.0215261
38425,35.4160328,-87.9696779
38449,35.0430629,-86.831074
38450,35.2038808,-87.6692265
38451,35.4605341,-86.9922392
38452,35.0788906,-87.7923956
38453,35.1192036,-86.8147442
38454,35.7281708,-87.3453158
38455,35.061981,-86.8936415
38456,35.3346704,-87.265611
38457,35.0296668,-87.2848401
38459,35.1913337,-86.8021964
38460,35.1011569,-87.1593719
38461,35.5951411,-87.3398795
38462,35.5274496,-87.5434558
38463,35.0705953,-87.6451153
38464,35.2899183,-87.4337463
38468,35.1351461,-87.2910626
38469,35.0746307,-87.4283156
38471,35.0839005,-87.932397
38472,35.3773239,-87.0387418
38473,35.0212463,-87.1716737
38474,35.5182993,-87.2315511
38475,35.2623841,-88.023391
38476,35.8433642,-87.2099036
38477,35.0597618,-87.0188711
38478,35.2328787,-87.0058718
38481,35.0280506,-87.4886561
38482,35.768825,-87.1498959
38483,35.4407645,-87.3336586
38485,35.3566719,-87.7822475
38486,35.1731009,-87.5402492
38487,35.7183868,-87.2334605
38488,35.0285241,-86.6864959
38501,36.2260453,-85.5332847
38503,36.1631799,-85.5057158
38504,36.3931412,-84.7352986
38505,36.1731797,-85.5056369
38506,36.1870359,-85.433518
38541,36.5380183,-85.3356035
38542,36.3157801,-85.2011596
38543,36.3500878,-85.1500034
38544,36.1098835,-85.6523206
38545,36.2313318,-85.6596506
38547,36.1546555,-86.0094701
38548,36.1748306,-85.7919526
38549,36.5621066,-85.1490589
38550,35.7698002,-85.6327212
38551,36.5580503,-85.4871782
38552,36.2176847,-85.8137688
38553,36.203218,-85.0044269
38554,36.2513246,-85.1609683
38555,35.8878806,-84.9890158
38556,36.4075797,-84.9276048
38558,36.0098511,-84.8665575
38559,35.8084366,-85.5080138
38560,36.2219258,-85.8556393
38562,36.3516411,-85.6593352
38563,36.2088032,-86.0207159
38564,36.2569115,-85.7545344
38565,36.2629547,-85.0098541
38567,36.1328268,-85.9256693
38568,36.4384917,-85.4730571
38569,36.1187161,-85.8592468
38570,36.3762919,-85.3264134
38571,36.051604,-85.0128035
38572,35.8490585,-85.1289608
38573,36.4934156,-85.2238815
38574,36.1436432,-85.2292878
38575,36.5532247,-85.6295025
38577,36.5621559,-84.953088
38578,35.9803079,-85.1963056
38579,35.8358671,-85.5481768
38580,36.2772824,-85.2952595
38581,35.7410403,-85.6208275
38582,36.0994444,-85.7645486
38583,35.9531356,-85.430418
38585,35.6881257,-85.4147966
38587,35.864761,-85.6139975
38588,36.4463859,-85.7306711
38589,36.2854901,-85.076214
38601,34.4785408,-89.4512714
38603,34.84841,-89.1422598
38606,34.3032849,-89.9522501
38610,34.6517868,-89.0255487
38611,34.8562332,-89.6760197
38614,34.1595673,-90.6083533
38617,34.3616697,-90.4905776
38618,34.7162819,-89.937848
38619,34.5152804,-89.8238012
38620,34.2367355,-89.916136
38621,34.4471924,-90.1704591
38622,34.1694917,-90.1345768
38623,34.3540026,-90.3098134
38625,34.6143166,-88.8359037
38626,34.5199804,-90.4339412
38627,34.4545585,-89.2380392
38629,34.8684645,-88.9904616
38631,34.3610002,-90.6255434
38632,34.7958825,-90.0151195
38633,34.6473374,-89.1949715
38635,34.7669187,-89.4863296
38637,34.9508241,-90.0486952
38639,34.3090835,-90.4285337
38641,34.9112203,-90.1695061
38642,34.9113384,-89.3413898
38643,34.1484875,-90.2608647
38644,34.4588905,-90.475777
38645,34.2478275,-90.4763798
38646,34.287169,-90.2985735
38647,34.9635061,-89.2241079
38650,34.5320607,-89.1424657
38651,34.8934157,-90.0022192
38652,34.4860876,-88.9967392
38654,34.933929,-89.8162798
38655,34.3297722,-89.4871181
38658,34.1883414,-89.9009975
38659,34.6215054,-89.3315109
38661,34.8827349,-89.5565769
38663,34.7389862,-88.9027324
38664,34.8114624,-90.3292532
38665,34.5832729,-90.1660119
38666,34.4181274,-89.9287723
38668,34.5906684,-89.9178183
38670,34.4330251,-90.28595
38671,34.9662595,-89.9981523
38672,34.911431,-89.92787
38673,34.2934426,-89.6358057
38674,34.8683698,-88.892398
38676,34.674208,-90.3668228
38677,34.3619678,-89.538578
38680,34.9577529,-90.1451082
38683,34.9353252,-88.8549379
38685,34.5930722,-89.4884857
38701,33.3025778,-91.0283746
38703,33.4756616,-91.0528341
38720,34.1083967,-90.7880092
38721,32.970368,-90.7521269
38722,33.2603037,-90.8839385
38723,33.2296758,-91.0384623
38725,33.635451,-91.0600817
38726,33.7534068,-90.9773338
38730,33.680878,-90.8049034
38731,33.123508,-91.1308094
38732,33.7588549,-90.725595
38733,33.7446263,-90.7351335
38736,33.6477593,-90.5431706
38737,33.8610023,-90.4964303
38738,33.93292,-90.534414
38740,34.0499253,-90.8052287
38744,33.029689,-91.0513176
38745,32.9742106,-91.0392424
38746,33.9615914,-90.9544335
38748,33.1550878,-90.8759763
38751,33.4533049,-90.6749785
38753,33.3494054,-90.584439
38754,33.2499438,-90.6225345
38756,33.389575,-90.8602498
38759,33.8291265,-90.7373883
38760,33.4535441,-90.9939856
38761,33.4292746,-90.4699623
38762,33.8964394,-90.7256532
38764,33.7991391,-90.8841199
38765,33.049293,-90.889553
38767,34.1280705,-90.8054995
38768,33.9708827,-90.4774884
38769,33.8424102,-90.9781412
38771,33.7395863,-90.5230575
38772,33.562525,-91.0876594
38773,33.6049914,-90.7733889
38774,33.9657084,-90.767555
38776,33.424672,-90.9274537
38778,33.5539901,-90.5141636
38781,33.9087158,-90.7568209
38801,34.2226294,-88.7745877
38804,34.2813776,-88.6728735
38821,33.9737862,-88.437683
38824,34.5192993,-88.6410045
38826,34.3028227,-88.848271
38827,34.511227,-88.242369
38828,34.4238328,-88.8648625
38829,34.6524926,-88.5367687
38833,34.833917,-88.3429124
38834,34.9178156,-88.559666
38838,34.5464326,-88.2557414
38839,33.8555719,-89.2840623
38841,34.3480767,-89.0214827
38843,34.2620551,-88.3763432
38844,33.8390399,-88.255872
38846,34.8517197,-88.3853894
38847,34.4125399,-88.2329599
38848,33.9366843,-88.2826731
38849,34.4614145,-88.6971047
38850,34.0588912,-89.0579369
38851,33.9103534,-88.9677266
38852,34.8442488,-88.2169122
38855,34.3233424,-88.4854076
38856,34.467115,-88.4551486
38857,34.2815207,-88.5749887
38858,34.0958293,-88.5310146
38859,34.5151973,-88.3686072
38860,33.9766963,-88.7596959
38862,34.1681391,-88.6232391
38863,34.2170207,-89.0274693
38864,34.1577953,-89.2078237
38865,34.7880315,-88.5954055
38866,34.36762,-88.6800776
38868,34.1256496,-88.7429506
38869,34.3562946,-88.8363197
38870,34.0700181,-88.3392643
38871,34.3345696,-89.2068158
38873,34.6648698,-88.2513475
38876,34.2135902,-88.230292
38878,33.8803464,-89.1900929
38879,34.1951846,-88.7121238
38901,33.7616885,-89.7991153
38913,34.1388806,-89.3848717
38914,33.8716515,-89.4704703
38915,34.0376402,-89.3888555
38916,33.8299116,-89.3511385
38917,33.5388215,-89.9819664
38920,33.8796089,-90.0371112
38921,33.9821492,-90.1441843
38922,33.9326591,-89.6508995
38923,33.3777691,-89.9920745
38924,33.2896911,-90.2156757
38925,33.6302825,-89.6182115
38927,34.1428796,-90.026843
38928,33.8694705,-90.2918985
38929,33.7388529,-89.5230963
38930,33.5276738,-90.1386563
38940,33.7468602,-90.026036
38941,33.4845734,-90.358231
38943,33.5333037,-89.8394474
38944,33.7650084,-90.3415391
38946,33.3770386,-90.3558738
38947,33.5171848,-89.9211823
38948,34.0761478,-89.8941259
38949,34.1797558,-89.428097
38950,33.7330582,-90.2000447
38951,33.9737829,-89.2904897
38952,33.6168015,-90.3339023
38953,33.919298,-89.9321983
38954,33.4079685,-90.2195813
38957,33.9874874,-90.3729581
38961,33.9622645,-89.8842327
38962,33.8721543,-90.1852409
38963,34.0493549,-90.3135183
38964,34.1128942,-90.3879035
38965,34.1349893,-89.5909246
38966,33.9200722,-90.3176323
38967,33.4595255,-89.7181668
39038,33.2016057,-90.4744546
39039,32.8165558,-90.2288604
39040,32.6297055,-90.4174757
39041,32.4047694,-90.4688633
39042,32.1976711,-89.8948962
39044,32.0271318,-89.9716115
39045,32.819535,-89.784552
39046,32.6295633,-89.9934877
39047,32.4523779,-89.9493641
39051,32.7803416,-89.5134576
39054,32.7985492,-90.9352526
39056,32.3735517,-90.3505921
39057,32.4908544,-89.2844275
39058,32.3357115,-90.3315493
39059,31.9826111,-90.3504906
39061,33.0884048,-90.8043861
39062,31.9848612,-89.8983135
39063,33.1166739,-89.8974892
39066,32.2966275,-90.6061525
39067,33.1149463,-89.4504646
39069,31.6861604,-91.0432491
39071,32.5460943,-90.3191869
39073,32.1024314,-90.1358167
39074,32.3859982,-89.4673375
39078,31.8780482,-90.1882041
39079,32.9309879,-89.88886
39082,31.9418438,-90.1200751
39083,31.8353248,-90.4672832
39086,31.962556,-90.7636614
39088,32.7407482,-90.7468557
39090,33.0129359,-89.5436065
39092,32.3194653,-89.3634413
39094,32.5754095,-89.6752623
39095,33.1319101,-90.117243
39096,31.8176283,-91.1206953
39097,32.9890666,-90.6076658
39108,33.1621173,-89.3277344
39110,32.5053317,-90.137593
39111,31.8966347,-89.7180922
39113,32.761006,-91.1178608
39114,31.9518368,-89.8245863
39115,33.0478694,-90.5603886
39116,31.8964412,-89.5382537
39117,32.3096339,-89.6649923
39119,31.7515492,-89.6707769
39120,31.5087145,-91.3572934
39140,31.7492488,-90.0202075
39144,31.8212128,-90.7921611
39145,32.344663,-89.7943587
39146,32.8758969,-89.9949101
39148,32.0617341,-89.9952484
39149,31.8319645,-90.0106488
39150,31.9872327,-90.9850838
39152,32.207475,-89.5854736
39153,32.0451334,-89.4900459
39154,32.2251107,-90.4446707
39156,32.5465406,-90.7775905
39157,32.4253762,-90.1655925
39159,32.8227235,-90.9115186
39160,33.0031242,-89.7471599
39162,32.6187985,-90.6244174
39166,33.0557181,-90.4815445
39167,32.0930895,-90.0400357
39168,31.8318777,-89.4118232
39169,33.215516,-90.2451183
39170,32.1117699,-90.3306541
39173,32.7424165,-90.4721724
39174,32.4010192,-90.1602565
39175,32.0892252,-90.6225791
39176,33.2997187,-89.7529089
39177,32.6062108,-90.8232281
39179,32.8024401,-90.0969353
39180,32.2386596,-90.8937283
39183,32.4626175,-90.8232082
39189,32.6080033,-89.4001491
39191,31.7156555,-90.4088693
39192,33.194769,-89.7461716
39193,32.243461,-90.0698923
39194,32.8429911,-90.5150992
39201,32.2896061,-90.184324
39202,32.3110542,-90.1697897
39203,32.3092231,-90.2003802
39204,32.2831336,-90.236896
39206,32.3723403,-90.1726882
39208,32.2597303,-90.0918879
39209,32.395519,-90.2931727
39210,32.3224801,-90.1799909
39211,32.3721384,-90.1227428
39212,32.246199,-90.2596449
39213,32.3947358,-90.2249599
39216,32.3352412,-90.1614175
39217,32.2975553,-90.209639
39218,32.2260707,-90.1564936
39232,32.336997,-90.0858831
39269,32.30114,-90.1889031
39272,32.1884222,-90.262445
39301,32.2761146,-88.5928514
39305,32.4579233,-88.7273532
39307,32.3350327,-88.7899594
39309,32.5522434,-88.5508905
39320,32.5644511,-88.7483371
39322,31.5355537,-88.5038235
39323,32.3522565,-88.9237584
39324,31.5803754,-88.6974378
39325,32.5619805,-88.8774588
39326,32.6027437,-88.6561653
39327,32.4458084,-89.1222793
39328,32.7435086,-88.6986115
39330,32.1897526,-88.857568
39332,32.3043001,-88.9988573
39335,32.5331362,-88.4910899
39336,32.3006012,-89.2621996
39337,32.51847,-88.9962826
39338,32.1067434,-89.2309356
39339,33.1112249,-89.0087926
39341,33.0885806,-88.5561331
39342,32.424999,-88.64987
39345,32.2822318,-89.1221129
39346,32.9650352,-89.0955345
39347,32.0604435,-88.9420042
39348,31.9901331,-89.0414261
39350,32.796469,-89.1252405
39352,32.674323,-88.481726
39354,32.8753257,-88.8404188
39355,32.0588204,-88.6190296
39356,32.1329799,-89.036385
39358,32.8310328,-88.453711
39359,32.5685315,-89.3320703
39360,31.8648143,-88.7540174
39361,32.9954718,-88.5963782
39362,31.3909598,-88.541129
39363,32.0971884,-88.7818683
39364,32.4052812,-88.4866171
39365,32.608635,-89.1201835
39366,31.9411086,-88.9002163
39367,31.6843735,-88.6682963
39401,31.234112,-89.2658849
39402,31.333168,-89.4140718
39406,31.3289372,-89.3350627
39421,31.492362,-89.721243
39422,31.9557089,-89.2659113
39423,31.177551,-88.9119947
39425,31.0694022,-89.0605039
39426,30.6557729,-89.6568624
39427,31.4892959,-89.8290099
39428,31.651051,-89.5728389
39429,31.2416173,-89.7794325
39437,31.5799259,-89.218571
39439,31.8631282,-89.0014009
39440,31.6931826,-89.1482814
39443,31.7167219,-89.078154
39451,31.1665119,-88.6234193
39452,30.8868637,-88.5929876
39455,31.0115635,-89.4705582
39456,31.0306326,-88.8276757
39459,31.4897861,-89.3045751
39461,31.2057901,-88.7327064
39462,31.234012,-89.0566214
39464,31.4928138,-89.0616258
39465,31.3395716,-89.1881713
39466,30.5347204,-89.6179885
39470,30.8229385,-89.5688722
39474,31.6212434,-89.8542751
39475,31.1550866,-89.4135071
39476,31.3869692,-88.8669291
39477,31.7957335,-89.0383206
39478,31.0541774,-89.8568097
39479,31.5421075,-89.4642095
39480,31.7049643,-89.316216
39481,31.868389,-89.2382006
39482,31.3720219,-89.5791537
39483,31.2427742,-89.9323484
39501,30.3871913,-89.0992442
39503,30.4728944,-89.1433235
39507,30.4004837,-89.0344657
39520,30.2688957,-89.480787
39525,30.3819322,-89.3707836
39529,30.3781625,-89.6006245
39530,30.4015212,-88.89171
39531,30.4039945,-88.9661326
39532,30.5010309,-88.9756029
39534,30.4085716,-88.9212729
39540,30.4428155,-88.8973062
39553,30.4154444,-88.6457444
39556,30.4412436,-89.4278829
39560,30.3742443,-89.170776
39561,30.7076705,-89.1548229
39562,30.5466824,-88.4894517
39563,30.4259139,-88.532733
39564,30.4047703,-88.7712286
39565,30.6118221,-88.7615836
39567,30.359723,-88.558539
39571,30.4200665,-89.2750429
39572,30.2508263,-89.6048035
39573,30.7309943,-89.0933976
39574,30.6084958,-89.1060935
39576,30.2898102,-89.3833914
39577,30.9047297,-89.0864869
39581,30.3505387,-88.4935712
39595,30.3340779,-88.5785365
39601,31.5702966,-90.4755163
39629,31.4366371,-90.4568498
39630,31.4593058,-90.8453502
39631,31.0672087,-91.1340053
39633,31.2928053,-91.1676707
39635,31.1843049,-90.4485736
39638,31.225004,-90.9959231
39641,31.3564027,-90.1818509
39643,31.2465494,-90.0142583
39645,31.1359426,-90.7939904
39647,31.526087,-90.7115671
39648,31.1778964,-90.3852122
39652,31.1110608,-90.4653222
39653,31.4612138,-90.8720559
39654,31.5410297,-90.1489933
39656,31.4439012,-89.9317981
39657,31.0403238,-90.5062677
39661,31.4844467,-91.0834678
39662,31.3863724,-90.2853942
39663,31.5948926,-90.0381613
39664,31.3259696,-90.6741535
39665,31.6412532,-90.2140364
39666,31.2876907,-90.4949968
39667,31.124737,-90.1261641
39668,31.691275,-90.7912574
39669,31.1506727,-91.3625189
39701,33.3939337,-88.5047196
39702,33.4316996,-88.345532
39705,33.5879451,-88.4411022
39730,33.8436352,-88.5656145
39735,33.3445734,-89.1861327
39736,33.4168609,-88.6417868
39737,33.6505452,-89.3360128
39739,33.2383686,-88.5787448
39740,33.7150019,-88.3157449
39741,33.6360276,-88.8546754
39743,33.3367587,-88.61892
39744,33.5801608,-89.300323
39745,33.2983325,-89.4695901
39746,33.7490397,-88.4149651
39747,33.4242174,-89.5359438
39750,33.5689512,-89.0447867
39751,33.6953321,-89.0932082
39752,33.5226074,-89.1507482
39753,33.4844801,-88.6304914
39755,33.6078246,-88.9643785
39756,33.7567176,-88.7410856
39759,33.4379509,-88.8251831
39762,33.4465141,-88.7958321
39766,33.5865705,-88.3211054
39767,33.4679988,-89.4523181
39769,33.3219255,-89.0178375
39771,33.6066693,-89.2791087
39772,33.2951082,-89.3043071
39773,33.6399132,-88.6727161
39776,33.7853251,-89.0313779
39813,31.4231556,-84.6843055
39815,30.7388346,-84.490657
39817,30.9435465,-84.6019536
39819,30.7854009,-84.6451528
39823,31.3335682,-84.9470328
39824,31.5283581,-84.8647949
39825,30.9307673,-84.7407629
39826,31.8184963,-84.3211435
39827,30.9476146,-84.2103776
39828,30.79859,-84.226723
39832,31.1910601,-85.0278923
39834,30.8942915,-84.4311548
39836,31.6660074,-84.8686329
39837,31.1521038,-84.6777057
39840,31.7812998,-84.7641245
39841,31.2928663,-84.6850438
39842,31.7543116,-84.435527
39845,30.9514499,-84.892724
39846,31.5689573,-84.7460006
39851,31.6198309,-84.9925826
39854,31.8692184,-85.0525566
39859,30.9876384,-84.8127591
39861,31.1353502,-84.9872484
39862,31.4593711,-84.5173806
39866,31.5609301,-84.6031836
39867,31.8428433,-84.9307505
39870,31.3220283,-84.4141372
39877,31.9151594,-84.5115759
39885,31.7218958,-84.3430262
39886,31.7325311,-84.6172285
39897,30.9112051,-84.3298128
40003,38.2766965,-85.0438198
40004,37.8024033,-85.4698578
40006,38.5962162,-85.3330412
40007,38.4583446,-84.9991495
40008,37.9089476,-85.2750032
40009,37.4837205,-85.0864231
40010,38.372519,-85.4595052
40011,38.5277743,-85.1700765
40012,37.9129538,-85.1673402
40013,37.9416805,-85.4821745
40014,38.3407981,-85.4329302
40019,38.3726407,-85.1750508
40020,37.9347845,-85.3874164
40022,38.1514008,-85.3429271
40023,38.1639836,-85.4239357
40025,38.3016194,-85.6521266
40026,38.4212867,-85.5168451
40031,38.4294155,-85.4008138
40033,37.5442451,-85.2255656
40036,38.4151164,-84.9533088
40037,37.6606384,-85.4175185
40040,37.7770431,-85.0692861
40041,38.2561273,-85.6647671
40045,38.6935854,-85.354607
40046,38.0239307,-85.1697914
40047,38.0359545,-85.555524
40049,37.6635242,-85.3950254
40050,38.4559327,-85.1779581
40051,37.6521082,-85.579547
40052,37.6041263,-85.4879418
40055,38.4952024,-85.3260249
40056,38.3080774,-85.4872192
40057,38.3823608,-85.0553935
40058,38.4326494,-85.1700028
40059,38.3556108,-85.5819626
40060,37.5423317,-85.4662668
40061,37.7097402,-85.2640935
40062,37.6070009,-85.4413519
40063,37.5695398,-85.3446339
40065,38.2128578,-85.2085532
40067,38.2284163,-85.367465
40068,38.3887057,-85.2863127
40069,37.7238533,-85.2076826
40070,38.4720282,-85.2350265
40071,38.042869,-85.3787531
40075,38.568134,-85.1126695
40076,38.1137291,-85.0861236
40077,38.4954555,-85.4446355
40078,37.831112,-85.1447709
40104,38.085529,-86.3328505
40107,37.7253275,-85.5988275
40108,37.9698179,-86.1728709
40109,38.064495,-85.7503727
40110,37.9400496,-85.6512344
40111,37.7855072,-86.6195781
40115,37.7502957,-86.2301074
40117,37.8965833,-86.1242885
40118,38.0963368,-85.7578538
40119,37.6081545,-86.5531082
40121,37.9268945,-85.9598098
40140,37.7304082,-86.2854336
40142,37.8932178,-86.2040858
40143,37.7850766,-86.499925
40144,37.7570394,-86.3841455
40145,37.6541529,-86.3143071
40146,37.8365265,-86.30994
40150,37.8785901,-85.6765158
40152,37.6019423,-86.4485457
40155,37.9483165,-85.9941599
40157,38.0233977,-86.3754938
40160,37.8130111,-85.9316791
40161,38.0081679,-86.4011971
40162,37.7463545,-86.0406854
40165,37.9927763,-85.6959359
40170,37.9665503,-86.4873978
40171,37.972084,-86.436384
40175,37.8190019,-86.0898914
40176,37.9076957,-86.351447
40177,38.0024465,-85.9234385
40178,37.6812371,-86.4224305
40202,38.2528109,-85.7519457
40203,38.252157,-85.765194
40204,38.2395171,-85.7222863
40205,38.2230006,-85.6832613
40206,38.2565008,-85.7016208
40207,38.2634663,-85.6566467
40208,38.2174713,-85.7658498
40209,38.1823829,-85.7351862
40210,38.2315673,-85.7859805
40211,38.2358229,-85.8245786
40212,38.2679673,-85.8024938
40213,38.1769541,-85.717023
40214,38.1484909,-85.7798426
40215,38.1904757,-85.7857343
40216,38.1861397,-85.8387802
40217,38.2167118,-85.7375154
40218,38.1895321,-85.6576243
40219,38.1379091,-85.6926928
40220,38.2153752,-85.6186754
40221,38.1865035,-85.7530719
40222,38.2647161,-85.611811
40223,38.2584666,-85.5397717
40228,38.1400476,-85.6358131
40229,38.0884096,-85.6603628
40231,38.1955,-85.6952267
40241,38.2999743,-85.575689
40242,38.2762234,-85.5871034
40243,38.2402284,-85.5326141
40245,38.2675609,-85.4461719
40258,38.1485915,-85.871182
40272,38.0784579,-85.8531188
40280,38.2476823,-85.6868814
40291,38.1260695,-85.5795521
40299,38.1516868,-85.517172
40310,37.7500444,-84.7727587
40311,38.3320478,-83.9971042
40312,37.8443003,-83.9328938
40313,38.1374818,-83.4025949
40316,37.9366097,-83.5205197
40322,37.935145,-83.6330394
40324,38.2457961,-84.5506258
40328,37.5818792,-85.0128125
40330,37.787723,-84.8880564
40334,38.0250728,-83.745044
40336,37.6829776,-83.9909522
40337,37.9419111,-83.8546989
40339,37.9421731,-84.6427982
40342,38.0055033,-84.9673857
40346,37.9871183,-83.7438794
40347,38.158286,-84.728351
40348,38.3029721,-84.1461049
40350,38.3046717,-83.8738537
40351,38.2042659,-83.4280787
40353,38.0654652,-83.9488222
40355,38.6019026,-84.8681597
40356,37.873764,-84.5652575
40357,38.1451866,-84.1084137
40358,38.057558,-83.6840886
40359,38.4763378,-84.8148342
40360,38.1672852,-83.7677438
40361,38.2025623,-84.2098602
40363,38.5144071,-85.0097634
40370,38.3945473,-84.5301747
40371,38.0829967,-83.5951291
40372,37.9117559,-84.8881143
40374,38.2148538,-83.9021486
40376,37.7929398,-83.7140475
40379,38.3082225,-84.6903534
40380,37.8137284,-83.7971325
40383,38.0066224,-84.7393323
40385,37.738202,-84.133667
40387,37.9407822,-83.4874178
40390,37.8577597,-84.6768312
40391,37.9703141,-84.1451152
40402,37.291039,-83.9765055
40403,37.5706915,-84.2637545
40404,37.5731566,-84.2903322
40409,37.3691577,-84.434908
40419,37.4373278,-84.4902339
40422,37.6445193,-84.8064972
40434,37.3934946,-83.9387759
40437,37.457036,-84.8440246
40440,37.5792103,-84.8404231
40442,37.3389194,-84.7412952
40444,37.6662249,-84.5780559
40445,37.3203239,-84.2140647
40447,37.4405076,-84.0467264
40448,37.4570877,-84.7576245
40456,37.3534713,-84.319508
40460,37.3910781,-84.2488308
40461,37.5825301,-84.4060003
40464,37.5722741,-84.9250596
40468,37.6513883,-84.9825319
40472,37.7321285,-83.8596669
40475,37.7623696,-84.3045767
40481,37.4385586,-84.0827574
40484,37.5205801,-84.6739314
40486,37.3653279,-83.862799
40489,37.3607611,-84.6497726
40502,38.0109529,-84.4831908
40503,38.0058276,-84.5334694
40504,38.0424128,-84.5440156
40505,38.0606532,-84.457238
40507,38.0468979,-84.4962617
40508,38.0609453,-84.511395
40509,37.9973474,-84.3774765
40510,38.0711995,-84.5838307
40511,38.1410157,-84.4616177
40513,38.016586,-84.6050284
40514,37.983376,-84.5652242
40515,37.9156147,-84.4121553
40516,38.0718037,-84.3640016
40517,37.9829578,-84.4894251
40526,38.0297364,-84.5013781
40536,38.0298085,-84.5072814
40601,38.234919,-84.8687863
40701,36.9136128,-84.1681474
40729,37.2480425,-84.1527089
40734,36.9299452,-83.9750351
40737,37.0110383,-84.1479791
40740,37.0205818,-84.0373128
40741,37.1333732,-84.1191675
40744,37.0318702,-84.1099319
40759,36.812972,-84.0571235
40763,36.6892293,-83.9255965
40769,36.704354,-84.189734
40771,36.8624993,-84.0376265
40801,36.857008,-83.2549243
40803,37.0458213,-83.422606
40806,36.8912253,-83.2970059
40807,36.96402,-82.9555912
40808,37.0102108,-83.2908409
40810,36.9364021,-83.2806444
40813,36.7101986,-83.5922542
40815,36.7915605,-83.2325148
40816,37.0132701,-83.367212
40818,36.8215953,-83.2431378
40819,36.8023158,-83.4416458
40820,36.7978638,-83.1587661
40823,36.9586529,-82.9909916
40824,36.8252967,-83.3753121
40826,37.0424141,-82.7700953
40827,37.0373949,-83.512783
40828,36.871821,-83.1525869
40829,36.7961138,-83.3023434
40830,36.7763642,-83.3312988
40831,36.7601786,-83.3285716
40840,36.9446306,-83.4189739
40843,36.8947708,-82.9315925
40844,37.0577974,-83.3414263
40845,36.7847286,-83.5035173
40847,36.852435,-83.1570593
40849,36.8993749,-83.1355025
40854,36.8453273,-83.3617441
40855,36.9298583,-82.8853293
40856,36.7231604,-83.5275217
40858,37.0125565,-83.4091841
40862,37.0175515,-82.8561575
40863,36.7271758,-83.4309011
40865,36.920061,-83.2111611
40868,37.0947895,-83.4268732
40870,36.9420229,-83.1529684
40873,36.810909,-83.4000293
40874,36.9891387,-83.4725209
40902,36.8614966,-83.6022317
40903,36.8029,-83.800941
40906,36.8891845,-83.8756355
40913,36.9361269,-83.5589016
40914,37.0926972,-83.5724123
40915,36.8904086,-83.8125526
40921,36.7917169,-83.9016401
40923,36.9193229,-83.8454458
40927,36.9001132,-83.0129832
40935,36.9581709,-83.7528191
40939,36.8104179,-83.7206794
40940,36.6025463,-83.9390443
40941,37.1300547,-83.745555
40943,36.956284,-83.847458
40946,36.9575979,-83.8246136
40949,36.9011438,-83.8683448
40953,36.9379677,-83.8013411
40958,36.8098781,-83.5969179
40962,37.1642726,-83.7154535
40964,36.7826367,-83.3377262
40965,36.6199933,-83.7318468
40972,37.2405246,-83.5878992
40977,36.7240423,-83.7291821
40979,37.0093818,-83.4930666
40981,37.2778678,-83.4853236
40982,36.9329523,-83.6871662
40983,37.3478457,-83.7318455
40988,36.8697815,-83.5226933
40995,36.7526799,-83.8232411
40997,36.8945418,-83.6620343
41001,38.9108541,-84.4006667
41002,38.7420515,-83.973538
41003,38.5296396,-84.3902455
41004,38.6441252,-84.0879829
41005,39.0067591,-84.7601157
41006,38.7844296,-84.3456389
41007,38.8925791,-84.3089409
41008,38.6511196,-85.1762197
41010,38.4996327,-84.6081945
41011,39.0671305,-84.5326742
41014,39.0648114,-84.5045259
41015,38.9797111,-84.4785937
41016,39.0887486,-84.548476
41017,39.0291951,-84.5621342
41018,39.0149012,-84.6021862
41030,38.7844315,-84.5872613
41031,38.4131341,-84.2974758
41033,38.7691572,-84.4754775
41034,38.6871486,-83.9002162
41035,38.7192244,-84.6543541
41039,38.4143044,-83.8714252
41040,38.6507789,-84.3311625
41041,38.4050459,-83.7231167
41042,38.9872192,-84.6470156
41043,38.761688,-84.2049499
41044,38.6104315,-83.9724336
41045,38.7219633,-85.0216355
41046,38.7087675,-84.8005385
41048,39.0870145,-84.703829
41049,38.2682752,-83.6441626
41051,38.9337014,-84.5394848
41052,38.6564414,-84.7753327
41055,38.5253922,-83.8664645
41056,38.6019394,-83.7774019
41059,38.9981248,-84.345146
41063,38.857033,-84.5053453
41064,38.5134727,-84.06423
41071,39.0743038,-84.4805607
41073,39.1012482,-84.4774925
41074,39.1092253,-84.4603052
41075,39.0824365,-84.4571127
41076,39.0175267,-84.4409355
41080,39.054694,-84.8241887
41083,38.6707723,-84.9963745
41085,39.0349759,-84.3939125
41086,38.6952472,-84.8812674
41091,38.9102666,-84.7363273
41092,38.8156136,-84.6882133
41093,38.3781378,-83.5531798
41094,38.8827544,-84.6241082
41095,38.7736832,-84.7474712
41097,38.6211786,-84.5814436
41098,38.5978572,-84.987577
41101,38.4775197,-82.6505484
41102,38.4276278,-82.7301848
41121,38.4394047,-82.8336744
41124,38.0197826,-82.8584053
41129,38.3209256,-82.6562571
41132,38.2568425,-82.823182
41135,38.3627484,-83.2707956
41139,38.508688,-82.7340274
41141,38.5667476,-83.1388202
41142,38.2777301,-83.0730517
41143,38.3349367,-82.97524
41144,38.5188479,-82.9292161
41146,38.2791785,-82.896024
41149,38.0992518,-83.0765144
41159,38.0104131,-82.9750652
41164,38.2884307,-83.1571685
41166,38.6263877,-83.1023578
41168,38.3070541,-82.7505603
41169,38.5326439,-82.7366511
41171,38.0455178,-83.1789586
41174,38.706272,-83.0070798
41175,38.6488659,-82.9720768
41179,38.5350468,-83.3701427
41180,38.1507984,-82.8844759
41181,38.2091509,-82.8729234
41183,38.5503296,-82.7366526
41189,38.5476388,-83.5628884
41201,38.0623551,-82.7623294
41203,37.8524152,-82.4611076
41204,37.8066385,-82.6712734
41214,37.8276328,-82.5772388
41216,37.7324931,-82.803752
41219,37.928718,-82.919913
41222,37.7558906,-82.8584539
41224,37.8107462,-82.5524896
41226,37.9801701,-82.9549828
41230,38.0632742,-82.6684414
41231,37.7925236,-82.3795629
41232,37.9410178,-82.729719
41234,37.8021606,-82.7468736
41238,37.8348821,-82.9501583
41240,37.8202904,-82.7837242
41250,37.7107988,-82.4479311
41254,37.8873018,-82.7152978
41255,37.9199816,-82.8257991
41256,37.8208732,-82.8761023
41257,37.9131046,-82.7988792
41260,37.825569,-82.7527854
41262,37.8450955,-82.6300928
41263,37.856743,-82.7646509
41264,37.9249097,-82.6814545
41265,37.7599492,-82.7183182
41267,37.8817143,-82.4388417
41268,37.7885016,-82.7852364
41271,37.8277506,-82.7245398
41274,37.8641597,-82.8107046
41301,37.7153507,-83.4933916
41310,37.6406717,-83.2514943
41311,37.5750845,-83.7231713
41314,37.439746,-83.6375083
41317,37.465638,-83.211598
41332,37.8073784,-83.3672781
41339,37.5161928,-83.2691145
41348,37.4093845,-83.3010265
41351,37.3360723,-83.5859192
41352,37.8260234,-83.3361327
41360,37.8013747,-83.6146336
41364,37.3684702,-83.6606652
41365,37.706784,-83.6288725
41366,37.6247157,-83.2196202
41367,37.4150107,-83.2278163
41385,37.6637976,-83.314769
41386,37.4822401,-83.7958462
41390,37.4100745,-83.3807318
41397,37.6729155,-83.6615389
41408,37.8021043,-83.2870421
41421,37.9920481,-83.1947022
41425,37.8877506,-83.4177123
41464,37.6496364,-82.9532978
41465,37.7290977,-83.0918103
41472,37.9440088,-83.2473309
41501,37.5075915,-82.518773
41503,37.6606901,-82.2843181
41512,37.2524416,-82.4777292
41513,37.3528669,-82.3433058
41514,37.6689103,-82.3185288
41517,37.1896434,-82.5997604
41519,37.583551,-82.3234211
41522,37.3221374,-82.3995153
41524,37.4334263,-82.2344459
41526,37.4337068,-82.5125661
41527,37.6318332,-82.2938138
41528,37.5545367,-82.1398541
41531,37.595067,-82.2313224
41534,37.2774786,-82.4965086
41535,37.5936915,-82.2842363
41537,37.2226219,-82.6137379
41538,37.3033859,-82.5889174
41539,37.5026302,-82.3222978
41540,37.3943885,-82.3421841
41543,37.548341,-82.2822671
41544,37.5958952,-82.1736778
41547,37.5381199,-82.0945434
41548,37.374655,-82.250947
41553,37.4805798,-82.1602857
41554,37.4305064,-82.3356393
41555,37.5381253,-82.2589207
41557,37.4860314,-82.410912
41558,37.5395139,-82.2081978
41559,37.3800186,-82.3901567
41560,37.3941971,-82.5787271
41562,37.4016173,-82.4738288
41563,37.2237323,-82.5385655
41564,37.6047739,-82.3667435
41566,37.4083028,-82.1920848
41567,37.5689304,-82.2862242
41568,37.5027858,-82.0443611
41571,37.6265231,-82.4443496
41572,37.3133978,-82.6437047
41601,37.6089676,-82.7180726
41602,37.7459358,-82.7532417
41603,37.5714968,-82.7046212
41604,37.3850693,-82.6598264
41605,37.5554431,-82.6300626
41606,37.3380645,-82.7347002
41607,37.6250651,-82.8569033
41612,37.3545288,-82.7221942
41615,37.5374476,-82.6925268
41616,37.566331,-82.8800156
41619,37.4823748,-82.7333132
41621,37.6259619,-82.7254843
41622,37.5130401,-82.8096584
41630,37.4479399,-82.8890721
41631,37.4686526,-82.6539044
41632,37.5649322,-82.951718
41635,37.4845002,-82.626118
41636,37.4007938,-82.7306087
41640,37.4727353,-82.9199802
41642,37.5922391,-82.648393
41643,37.434912,-82.8443485
41645,37.5282425,-82.7978295
41647,37.4322149,-82.7263842
41649,37.5709937,-82.7766859
41650,37.3412437,-82.6756118
41651,37.467149,-82.7552773
41653,37.6573811,-82.7588264
41655,37.5128781,-82.7363697
41659,37.5875548,-82.5915574
41660,37.414099,-82.6317264
41663,37.5672855,-82.6634069
41666,37.440783,-82.8062913
41667,37.3106777,-82.692251
41669,37.3337707,-82.7147033
41701,37.2955008,-83.1826136
41712,37.3717195,-83.1384259
41713,37.2269301,-83.2780366
41714,37.1631872,-83.5057628
41719,37.2965531,-83.2477853
41721,37.3249415,-83.4898432
41722,37.4087874,-83.09903
41723,37.2617049,-83.3072534
41725,37.3170436,-83.0335511
41727,37.3773047,-83.2788029
41729,37.2692127,-83.2157086
41731,37.0941481,-83.0793217
41735,37.0150097,-83.1028995
41739,37.3206111,-83.1280752
41740,37.3561774,-83.0474366
41745,37.3402097,-83.433003
41746,37.2139071,-83.0921005
41749,37.2172258,-83.4292076
41751,37.2180843,-83.1287261
41754,37.3044491,-83.3281751
41759,37.2318688,-83.0267074
41760,37.1941367,-83.0860652
41762,37.2073808,-83.5007936
41763,37.0546313,-83.1206768
41764,37.1193652,-83.2542183
41766,37.1804867,-83.4453138
41772,37.4072174,-83.0147055
41773,37.2609903,-82.9920244
41774,37.1543205,-83.1457749
41775,37.1008964,-83.3449531
41776,37.1851063,-83.3085417
41777,37.0514725,-83.2279155
41778,37.2661384,-83.3223267
41804,37.1514999,-82.9986424
41810,37.1848961,-82.6727685
41812,37.2511534,-82.7427439
41815,37.1533846,-82.8027932
41817,37.3686317,-82.884173
41819,36.9871138,-83.107019
41821,37.0591061,-83.0147604
41822,37.3190595,-82.982748
41824,37.1861584,-82.8765585
41825,37.231031,-82.7056156
41826,37.1880675,-82.9216449
41828,37.288168,-82.7878737
41831,37.387165,-82.9533759
41832,37.1697637,-82.9607497
41833,37.0260164,-82.9858107
41834,37.2521976,-82.9553015
41835,37.2210775,-82.6679832
41836,37.2588144,-82.9023004
41837,37.1251575,-82.7583376
41838,37.2037549,-82.756691
41839,37.4307923,-82.886539
41840,37.1989992,-82.7208751
41843,37.2752616,-82.8578341
41844,37.3143524,-82.8723269
41845,37.1413943,-82.9013273
41847,37.202514,-82.9682696
41848,37.1163368,-82.9372768
41849,37.1739914,-82.7325717
41855,37.1749718,-82.7826321
41858,37.1360523,-82.8548512
41859,37.3879094,-82.7720255
41861,37.38501,-82.8182272
41862,37.3427338,-82.7714953
42001,37.030572,-88.7094
42003,37.0048478,-88.5779414
42020,36.6867968,-88.2865228
42021,36.8056838,-88.9935954
42022,37.1449883,-88.9447693
42023,36.8723493,-88.9907327
42024,37.0774079,-89.0503108
42025,36.8596743,-88.3346764
42027,36.9194268,-88.6355052
42028,37.2389129,-88.3368499
42029,37.0120431,-88.384483
42031,36.6857478,-88.9913973
42032,36.742358,-89.1104993
42035,36.9077404,-88.8364529
42036,36.7126263,-88.234611
42037,37.1583046,-88.1844954
42038,37.0474135,-88.0276468
42039,36.7887093,-88.8254336
42040,36.607718,-88.5010466
42041,36.5503732,-88.8773521
42044,36.9575816,-88.2632026
42045,37.074727,-88.2678629
42047,37.2902397,-88.399879
42048,36.7523934,-88.2989211
42049,36.5174936,-88.319795
42050,36.5366433,-89.1929519
42051,36.8597644,-88.6442641
42053,37.1126477,-88.8778228
42054,36.7222363,-88.4326378
42055,37.0752223,-88.1740493
42056,37.1072751,-88.9867461
42058,37.0583371,-88.4657068
42060,36.9658541,-88.8281298
42061,36.8828383,-88.7663655
42064,37.3449762,-88.0952955
42066,36.7325322,-88.6398816
42069,36.9187907,-88.756493
42071,36.6197479,-88.2804649
42076,36.5714555,-88.1069506
42078,37.2775006,-88.286608
42079,36.5412525,-88.5763928
42081,37.2350715,-88.390523
42082,36.9173966,-88.4952824
42083,37.1617854,-88.2883325
42085,36.569596,-88.8009659
42086,37.0827635,-88.7727105
42087,36.9730927,-88.9948385
42088,36.6161989,-88.7539165
42101,37.0580968,-86.4630612
42103,36.9651394,-86.3245989
42104,36.8768635,-86.4511897
42120,36.6759266,-86.2825845
42122,36.8570701,-86.3536787
42123,36.8208443,-86.0003507
42124,36.8637397,-85.6521391
42127,37.1225802,-85.9270456
42129,36.9891449,-85.5854671
42130,36.9258651,-85.786306
42131,36.8297762,-85.9090542
42133,36.7260468,-85.9562332
42134,36.7267326,-86.5631834
42140,36.6565412,-85.8288934
42141,36.9394961,-85.9033517
42151,36.6599277,-85.5448389
42153,36.6889435,-86.0468268
42154,37.0419781,-85.7261986
42156,36.8644798,-86.0470708
42157,36.7813853,-85.8197397
42159,36.9967489,-86.2492552
42160,37.1105297,-86.0904547
42163,37.0797095,-86.1347115
42164,36.7700889,-86.1807209
42166,36.8737253,-85.726714
42167,36.71845,-85.6747285
42170,36.856531,-86.569712
42171,37.0363687,-86.174441
42202,36.6828895,-86.8444227
42204,36.6958898,-87.0889992
42206,36.8866764,-86.7430114
42207,37.2939951,-86.2668875
42210,37.2141356,-86.3081142
42211,36.8177481,-87.8336986
42214,37.1273125,-85.7005738
42215,36.9936275,-87.6764321
42217,37.0463009,-87.4726531
42220,36.9073391,-87.1893609
42223,36.6393558,-87.4733113
42232,36.8554176,-87.66123
42234,36.7215737,-87.1785818
42236,36.7120795,-87.6135261
42240,36.8802119,-87.4630604
42252,37.2320998,-86.4989836
42254,36.6610619,-87.643916
42256,37.01173,-86.9496257
42259,37.2296913,-86.164707
42261,37.2184836,-86.6483511
42262,36.6903472,-87.4481809
42265,36.7392229,-87.0043064
42266,36.7443411,-87.357244
42273,37.2045847,-86.86165
42274,36.9502355,-86.5987815
42275,37.2331826,-86.4541598
42276,36.859607,-86.8812881
42280,36.9569809,-87.0991637
42285,37.2641807,-86.2975734
42286,36.7272607,-87.2698988
42301,37.7357781,-87.2493967
42303,37.7570395,-87.0525308
42320,37.3327279,-86.8670166
42321,37.1818366,-87.0503602
42322,37.6212605,-87.3872564
42323,37.1732577,-87.0340234
42324,37.1417214,-87.0130825
42325,37.3168673,-87.2693973
42326,37.2357121,-87.0108977
42327,37.5805301,-87.2973114
42328,37.4310162,-87.04523
42330,37.314737,-87.1218517
42332,37.2504292,-87.0886648
42333,37.3814853,-86.7589584
42337,37.2007674,-86.9493089
42338,37.5545734,-86.7869881
42339,37.1216972,-86.9599999
42343,37.6528481,-86.6938782
42344,37.270857,-87.3172085
42345,37.1449713,-87.1991952
42347,37.5238456,-86.8901078
42348,37.8309253,-86.7749136
42349,37.4303105,-86.6771919
42350,37.4550117,-87.1869129
42351,37.8985769,-86.8666326
42352,37.5148105,-87.0858998
42354,37.3779779,-86.9305677
42355,37.8563098,-86.9936408
42356,37.6936143,-87.3229741
42361,37.5083102,-86.7071199
42366,37.722748,-86.9385153
42367,37.2442219,-87.1588784
42368,37.7133264,-86.7530638
42369,37.3378386,-86.9889839
42370,37.4499767,-86.7411295
42371,37.5100213,-87.2896467
42372,37.4051671,-87.2775906
42374,37.3326906,-87.139599
42376,37.6177551,-87.0859572
42378,37.6547004,-86.8740741
42404,37.4822439,-87.8367187
42406,37.7059649,-87.6894784
42408,37.1795371,-87.6926989
42409,37.5386369,-87.6929336
42410,37.2763701,-87.5106754
42411,37.1982925,-88.0108129
42413,37.438482,-87.4639087
42420,37.7991918,-87.5161194
42431,37.3375697,-87.4751953
42436,37.4160856,-87.5643579
42437,37.6492629,-87.9152281
42440,37.2386759,-87.4700111
42441,37.3647572,-87.6550137
42442,37.1800957,-87.4848981
42444,37.6415508,-87.645554
42445,37.1281772,-87.8579432
42450,37.3892141,-87.7769887
42451,37.8845326,-87.3907071
42452,37.6827172,-87.5402732
42453,37.157856,-87.5907124
42455,37.583729,-87.533404
42456,37.5084187,-87.5109479
42458,37.8534646,-87.4306169
42459,37.5668063,-88.0190479
42461,37.7973972,-87.8892159
42462,37.7384518,-87.7929465
42463,37.4726196,-87.8694519
42464,37.1812528,-87.3561589
42501,37.0561927,-84.4509023
42503,37.1580363,-84.5197346
42516,37.2216593,-84.7848916
42518,36.9059522,-84.6396768
42519,36.9553066,-84.5350398
42528,37.1818017,-85.023368
42533,37.0721945,-84.5923547
42539,37.3090818,-84.9509784
42541,37.3690645,-84.8079929
42544,37.0299484,-84.8151249
42553,37.1803004,-84.697071
42565,37.1415491,-84.9061917
42566,37.2785316,-84.7831719
42567,37.2659355,-84.6046956
42602,36.7259583,-85.1215377
42603,36.783616,-85.0141008
42629,36.9126444,-85.1380723
42631,36.740356,-84.4809141
42633,36.8007715,-84.8265896
42634,36.8931699,-84.4223374
42635,36.6762465,-84.4032316
42638,36.6744255,-84.469919
42642,37.0586814,-85.0351508
42647,36.6813007,-84.6272603
42649,36.6264828,-84.4150125
42653,36.7821122,-84.4547217
42701,37.7032391,-85.8395475
42712,37.55923,-86.1575349
42713,37.375146,-85.8727106
42715,36.9397514,-85.4051855
42716,37.4922329,-85.675203
42717,36.7823717,-85.3884841
42718,37.3903019,-85.3800669
42721,37.4229802,-86.4997321
42722,37.2765861,-85.7161317
42724,37.6759178,-86.0708347
42726,37.4199216,-86.1521085
42728,37.1170315,-85.2900701
42729,37.3064669,-86.096497
42732,37.6135087,-86.1018475
42733,37.3436034,-85.1864301
42740,37.5863559,-85.9487405
42741,36.9752289,-85.2554011
42742,37.0764385,-85.4730742
42743,37.2283068,-85.5322685
42746,37.2123805,-85.7323932
42748,37.5667193,-85.6940685
42749,37.1838339,-85.8770457
42753,37.2350908,-85.1589966
42754,37.478269,-86.3149133
42757,37.4103888,-85.7409903
42758,37.374757,-85.2010055
42759,36.8281619,-85.5144398
42762,37.4553441,-86.3931501
42764,37.4295792,-85.6205412
42765,37.306668,-85.9346077
42776,37.5145061,-85.9270901
42782,37.336817,-85.6430339
42784,37.4519923,-85.9323935
42788,37.5296642,-86.0278859
43001,40.0880336,-82.6139299
43002,40.0572624,-83.1684672
43003,40.4135402,-82.969322
43004,40.0153735,-82.804489
43005,40.2816118,-82.2690074
43006,40.4597538,-82.1493232
43007,40.3308814,-83.4018939
43008,39.933044,-82.4832031
43009,40.1714575,-83.6393222
43010,39.9996265,-83.621903
43011,40.3030393,-82.6796419
43013,40.2306159,-82.6893701
43014,40.4698902,-82.2496234
43015,40.2977827,-83.060168
43016,40.0974617,-83.1502039
43017,40.1186797,-83.1331291
43018,39.9538005,-82.6761356
43019,40.5019874,-82.5932326
43021,40.2050421,-82.8765228
43022,40.3450425,-82.339812
43023,40.075537,-82.529776
43025,39.9708885,-82.517382
43026,40.0205189,-83.1775024
43027,40.2537348,-82.5228159
43028,40.4017124,-82.2972659
43029,40.0974769,-83.4406417
43030,39.9691389,-82.4057501
43031,40.1627861,-82.6635174
43032,40.328595,-82.958098
43033,39.9612337,-82.5996645
43035,40.1859697,-82.9963431
43036,40.3521358,-83.2631816
43037,40.2844311,-82.3231902
43040,40.261305,-83.3581382
43044,40.0548778,-83.5508172
43045,40.1683034,-83.4587618
43046,39.9017541,-82.5404124
43047,40.2079579,-83.6379753
43050,40.373976,-82.492721
43054,40.070261,-82.802113
43055,40.1105083,-82.3786991
43056,40.0090345,-82.3317792
43060,40.2223578,-83.5715093
43061,40.2895056,-83.2030524
43062,40.0081306,-82.6852666
43064,40.0998354,-83.2873467
43065,40.1775675,-83.0941561
43066,40.402576,-83.1728949
43067,40.3430487,-83.4838602
43068,39.9561848,-82.784665
43070,40.2205855,-83.9564891
43071,40.1806944,-82.3594635
43072,40.1151623,-83.9548185
43074,40.269531,-82.8506554
43076,39.8961927,-82.3911939
43077,40.1370504,-83.3412672
43078,40.1170984,-83.7862396
43080,40.2407188,-82.429257
43081,40.1104433,-82.8906463
43082,40.1555705,-82.8851085
43084,40.1501367,-83.5572641
43085,40.1009238,-83.0134019
43101,39.4644974,-82.7461068
43102,39.6409196,-82.764982
43103,39.7323754,-82.9357081
43105,39.8667601,-82.6123694
43106,39.6448061,-83.4185361
43107,39.6928249,-82.4145292
43109,39.9172485,-82.8318855
43110,39.8266821,-82.8000739
43111,39.5020671,-82.2427002
43112,39.7927803,-82.6984086
43113,39.5865901,-82.9622447
43115,39.4895778,-83.1689558
43116,39.7727547,-83.0627576
43117,39.7687359,-83.2060743
43119,39.9409282,-83.2057194
43123,39.8679191,-83.1176103
43125,39.8380522,-82.8879408
43126,39.8107263,-83.1682576
43127,39.4798678,-82.3213535
43128,39.6596414,-83.593633
43130,39.6964633,-82.6147166
43135,39.4729135,-82.7130006
43136,39.8016307,-82.8153872
43137,39.8088996,-82.9872943
43138,39.5183398,-82.4140967
43140,39.8801084,-83.4285118
43142,39.5929234,-83.5877885
43143,39.712438,-83.2887209
43144,39.5298796,-82.1950439
43145,39.5622597,-83.2600585
43146,39.7735214,-83.1369248
43147,39.8977819,-82.7440353
43148,39.8203159,-82.4999924
43149,39.5429738,-82.5778738
43150,39.7770958,-82.4098128
43151,39.7331733,-83.4766229
43152,39.3942752,-82.6159318
43153,39.7439885,-83.5566918
43154,39.6039098,-82.8296483
43155,39.6273138,-82.5352031
43156,39.5538057,-82.7762926
43157,39.8430158,-82.546824
43158,39.4530467,-82.3511919
43160,39.5287402,-83.4391859
43162,39.9493998,-83.3084227
43164,39.5837335,-83.1198337
43201,39.990881,-83.0011598
43202,40.019403,-83.0144706
43203,39.9729337,-82.9691666
43204,39.9606619,-83.0825418
43205,39.9573416,-82.9620189
43206,39.9424523,-82.9741749
43207,39.8954138,-82.9638534
43209,39.9535877,-82.9295237
43210,40.0064245,-83.0221202
43211,40.0118138,-82.9705323
43212,39.9865641,-83.0431977
43213,39.9712006,-82.8639583
43214,40.0517339,-83.0162692
43215,39.9668558,-83.0129604
43217,39.8169461,-82.9340889
43218,40.0175661,-82.9237228
43219,40.0073733,-82.9206536
43220,40.0489053,-83.0721895
43221,40.0231115,-83.0761266
43222,39.9611924,-83.0354837
43223,39.9262369,-83.03305
43224,40.0422513,-82.9644339
43227,39.9432126,-82.8876463
43228,39.964019,-83.1277472
43229,40.0858698,-82.978197
43230,40.0381427,-82.8727248
43231,40.0793925,-82.936858
43232,39.9209772,-82.8703722
43235,40.0787216,-83.0824732
43240,40.1451213,-82.9828196
43302,40.5992365,-83.1302976
43310,40.5325333,-83.7799133
43311,40.3644098,-83.7584257
43314,40.6474095,-82.9612245
43315,40.4839682,-82.8743586
43316,40.9518206,-83.3849577
43317,40.4751453,-82.6809308
43318,40.3096466,-83.9131815
43319,40.3026821,-83.5751198
43320,40.5885757,-82.8999217
43321,40.4630529,-82.8290331
43322,40.5325458,-83.2081171
43323,40.7321331,-83.2547339
43324,40.444543,-83.8137981
43325,40.6680635,-82.8312651
43326,40.64144,-83.6147755
43330,40.8134927,-83.419408
43331,40.5179434,-83.9216433
43332,40.5909032,-83.3715445
43333,40.4324614,-83.923361
43334,40.3979469,-82.7973044
43336,40.2830794,-83.5766132
43337,40.6813123,-83.266637
43338,40.5641667,-82.7603332
43340,40.5303094,-83.4979329
43341,40.5957562,-83.3154449
43342,40.4712357,-83.1839801
43343,40.3050922,-83.9952546
43344,40.4309339,-83.3446148
43345,40.5084958,-83.5861606
43346,40.576822,-83.8452088
43347,40.4777154,-83.658043
43348,40.4611977,-83.8914005
43350,40.3955642,-82.6997992
43351,40.8276039,-83.3140463
43356,40.4537297,-83.0419509
43357,40.2535231,-83.7467739
43358,40.4145897,-83.5376064
43359,40.8697675,-83.4531804
43360,40.3331387,-83.6435251
43402,41.4096999,-83.6534523
43403,41.3778437,-83.6365549
43406,41.3357642,-83.438605
43407,41.277159,-83.249945
43408,41.571834,-83.3634795
43410,41.31174,-82.9579298
43412,41.6312909,-83.3218895
43413,41.2476768,-83.6604984
43414,41.4514029,-83.6171617
43416,41.483937,-83.2672294
43420,41.3579268,-83.1102365
43430,41.5241169,-83.3751856
43431,41.3918094,-83.3437179
43432,41.5632587,-83.2524707
43433,41.5046209,-82.8803365
43434,41.6932834,-83.4447508
43435,41.3263317,-83.3120515
43436,41.7135385,-82.8260021
43437,41.2539573,-83.6017788
43438,41.602607,-82.7065059
43439,41.5175867,-83.0427524
43440,41.5151433,-82.7710858
43442,41.4250408,-83.2158251
43443,41.4613308,-83.4702374
43445,41.5566157,-83.3089369
43446,41.6738355,-82.8098901
43447,41.567683,-83.4331617
43449,41.5343757,-83.1355698
43450,41.4008711,-83.4912544
43451,41.3182938,-83.618453
43452,41.5064641,-82.9533292
43456,41.6505921,-82.8268275
43457,41.2678776,-83.4250647
43458,41.5304461,-83.2133648
43460,41.6048168,-83.561032
43462,41.283785,-83.7228646
43463,41.5114583,-83.5050881
43464,41.4159838,-82.9221433
43465,41.5654721,-83.500302
43466,41.2923299,-83.513933
43467,41.2432628,-83.4908776
43468,41.599737,-83.3466204
43469,41.4603686,-83.3645499
43501,41.672655,-84.461796
43502,41.5326488,-84.3031244
43504,41.6975262,-83.8341777
43505,41.524228,-84.7309091
43506,41.4662106,-84.5571335
43510,41.4648377,-83.9470996
43511,41.2638004,-83.8237323
43512,41.3033782,-84.3582793
43515,41.5869116,-84.0100418
43516,41.2149031,-83.9152423
43517,41.4339453,-84.7285501
43518,41.5964884,-84.7577482
43519,41.4194651,-84.4068724
43520,41.3800472,-84.6356694
43521,41.6604897,-84.2979945
43522,41.42031,-83.832402
43523,41.3387484,-83.9986519
43524,41.2270589,-84.0385107
43525,41.4666812,-83.7011367
43526,41.3120724,-84.7308472
43527,41.2461096,-84.1575024
43528,41.6288552,-83.7495751
43529,41.1903996,-83.7849103
43530,41.3279213,-84.2894474
43531,41.6350441,-84.4956661
43532,41.449074,-83.9643439
43533,41.6918741,-84.0815344
43534,41.349611,-83.926981
43535,41.3058986,-84.0241526
43536,41.3134446,-84.6340039
43537,41.5748229,-83.6866224
43540,41.6887098,-83.9444923
43541,41.3007392,-83.8296611
43542,41.5664079,-83.7653081
43543,41.6064888,-84.6453462
43545,41.3922491,-84.128288
43547,41.4921602,-83.8763158
43548,41.1886654,-84.1729591
43549,41.3693137,-84.5311437
43551,41.518596,-83.5791176
43553,41.530662,-84.2179066
43554,41.6584214,-84.5634914
43555,41.4377775,-84.2557902
43556,41.3033043,-84.5637286
43557,41.4873978,-84.392482
43558,41.5939716,-83.8786533
43560,41.7005907,-83.7388518
43565,41.420445,-83.7401059
43566,41.4916231,-83.7560521
43567,41.5803454,-84.1610657
43569,41.3497669,-83.7894259
43570,41.5860563,-84.4410357
43571,41.514181,-83.8136485
43604,41.6523886,-83.5388972
43605,41.6480257,-83.5068635
43606,41.6731356,-83.6114138
43607,41.648634,-83.6041323
43608,41.6798715,-83.5289128
43609,41.6282559,-83.57868
43610,41.6777833,-83.5614526
43611,41.7032468,-83.4866423
43612,41.7156349,-83.5509461
43613,41.7062277,-83.6037142
43614,41.6044602,-83.6275148
43615,41.6497278,-83.6719593
43616,41.6583718,-83.4089088
43617,41.6641946,-83.7280533
43619,41.6037114,-83.4704904
43620,41.6651777,-83.554722
43623,41.7029558,-83.6500771
43701,39.9639611,-81.9957108
43711,39.8418654,-81.5779727
43713,39.9898616,-81.1737149
43716,39.8292241,-81.0119086
43717,39.7893274,-81.5547107
43718,40.0150073,-80.998096
43719,39.9955103,-81.0932803
43720,39.7960935,-81.8764556
43721,39.9492589,-82.2601667
43722,39.9193109,-81.5199616
43723,39.9607624,-81.541728
43724,39.7208939,-81.4986822
43725,40.0396074,-81.6012024
43727,39.8756893,-81.8002412
43728,39.4801617,-81.8951317
43730,39.6391681,-82.0922262
43731,39.7331388,-82.0583144
43732,39.8427474,-81.6594655
43733,39.9273868,-81.5380353
43734,39.8824891,-81.9136558
43735,39.8571665,-82.1141415
43736,40.0576833,-81.2366072
43738,39.8553287,-82.1409827
43739,39.9031359,-82.2863104
43740,39.9514291,-82.2172009
43746,39.965416,-82.1838578
43747,39.8608407,-81.1248706
43748,39.6923826,-82.3162937
43749,40.1556408,-81.5558882
43750,39.9968735,-81.5131761
43754,39.7539718,-81.2432984
43755,40.0532942,-81.4323632
43756,39.6917493,-81.7954922
43758,39.6278565,-81.9454404
43759,40.0630594,-81.0705193
43760,39.888265,-82.1932236
43761,39.6683295,-82.1482521
43762,40.0299559,-81.7399915
43764,39.7133093,-82.1805896
43766,39.5931989,-82.2528377
43767,40.0142513,-81.80783
43768,40.0377611,-81.4447091
43771,39.8355625,-81.9454022
43772,39.8860602,-81.5266252
43773,39.9820441,-81.2987572
43777,39.829116,-82.1041025
43778,40.0101595,-81.3687975
43779,39.8195698,-81.427766
43780,39.9086931,-81.4379517
43782,39.6217952,-82.2124666
43783,39.8044797,-82.2785808
43786,39.7107086,-81.2764507
43787,39.5239636,-81.801822
43788,39.8055256,-81.3339479
43791,39.8776158,-82.0885797
43793,39.7451491,-81.096102
43802,40.0911612,-81.8520568
43804,40.4508455,-81.7409135
43805,40.389985,-81.971796
43811,40.1921571,-81.9430094
43812,40.2638395,-81.8809148
43821,40.1367524,-82.0005122
43822,40.181432,-82.1584084
43824,40.3639099,-81.7584487
43830,40.0628202,-82.1374724
43832,40.2733497,-81.5781777
43836,40.2086988,-81.7185789
43837,40.2984024,-81.4779298
43840,40.4035813,-81.6038584
43842,40.1374283,-82.0118307
43843,40.3490109,-82.1756105
43844,40.333655,-82.0510586
43845,40.2649075,-81.7312791
43901,40.2167233,-80.8661987
43902,39.8828503,-80.9519932
43903,40.4721335,-80.9732972
43905,40.1141697,-80.8332836
43906,40.011095,-80.808694
43907,40.2484486,-81.0196589
43908,40.506269,-80.8740194
43909,40.0676587,-80.814932
43910,40.3726819,-80.8263316
43912,40.0908035,-80.7925796
43913,40.2682297,-80.6375839
43914,39.7752251,-80.9528105
43915,39.7457315,-80.931259
43917,40.2153375,-80.7928079
43920,40.677227,-80.5942993
43925,40.4459806,-80.8623133
43926,40.5091026,-80.6217391
43928,40.0131553,-80.8828665
43930,40.5632108,-80.7628345
43931,39.6729309,-80.872071
43932,40.528597,-80.7462529
43933,39.9352274,-80.8958003
43934,40.076093,-80.7937561
43935,40.1202808,-80.7398315
43938,40.2985335,-80.6749936
43939,40.16717,-80.80002
43940,40.0289737,-80.8272986
43942,39.861047,-80.8548529
43943,40.208931,-80.7322886
43944,40.4360365,-80.7717273
43945,40.6319881,-80.8501065
43946,39.6482769,-80.9748235
43947,39.9550246,-80.7915329
43948,40.2683463,-80.779965
43950,40.0969476,-80.9247042
43951,40.1143613,-81.011812
43952,40.409127,-80.665297
43953,40.3524151,-80.7024891
43961,40.523512,-80.6303855
43962,40.6730106,-80.8892076
43963,40.1713692,-80.6969072
43964,40.480902,-80.6624754
43967,40.0265301,-80.9462273
43968,40.6324074,-80.6838473
43971,40.1591033,-80.7133608
43972,40.1017539,-80.9737193
43973,40.1902661,-81.2763282
43974,40.1822046,-80.8876448
43976,40.3780041,-80.9047088
43977,40.148386,-81.1140834
43981,40.18442,-80.9942828
43983,40.1371378,-81.1990379
43985,40.1617788,-81.1320899
43986,40.383265,-80.9904522
43988,40.4043939,-81.0982287
44001,41.3663306,-82.2599241
44003,41.615711,-80.5856568
44004,41.8559379,-80.7905362
44010,41.7652763,-80.8474849
44011,41.4451003,-82.0051085
44012,41.4972703,-82.0174618
44017,41.3705475,-81.8617565
44021,41.4432602,-81.1444646
44022,41.4462486,-81.4029689
44023,41.3848075,-81.2857413
44024,41.5782093,-81.1912599
44026,41.5281473,-81.3247056
44028,41.300523,-81.9374182
44030,41.9033179,-80.5798786
44032,41.6692445,-80.6701102
44035,41.3700465,-82.135976
44039,41.3835241,-82.0206672
44040,41.5309919,-81.4111532
44041,41.7770283,-80.949955
44044,41.2662835,-82.0417903
44045,41.7438954,-81.2862679
44046,41.5415158,-81.0802626
44047,41.727931,-80.7358744
44048,41.8502551,-80.6393086
44049,41.2665288,-82.305788
44050,41.2485266,-82.1290156
44052,41.4606873,-82.1679463
44053,41.4301247,-82.2222053
44054,41.4716,-82.090338
44055,41.4340554,-82.1340922
44056,41.3149186,-81.5016329
44057,41.7601165,-81.060305
44060,41.6765303,-81.3281665
44062,41.4510561,-81.0346367
44064,41.5980626,-81.0323233
44065,41.4547748,-81.2291804
44067,41.3130728,-81.5438212
44068,41.90621,-80.678814
44070,41.4149294,-81.9191306
44072,41.4711516,-81.3249196
44074,41.2890384,-82.2359627
44076,41.5281467,-80.8147496
44077,41.6975633,-81.2097404
44080,41.3684046,-81.0578087
44081,41.7639385,-81.1431044
44082,41.7618732,-80.5675355
44084,41.6713783,-80.8991006
44085,41.6032715,-80.8745444
44086,41.6757264,-81.0585972
44087,41.3171108,-81.4435207
44089,41.392084,-82.3774545
44090,41.1674822,-82.22838
44092,41.596188,-81.4709543
44093,41.5361586,-80.6132503
44094,41.6107243,-81.3793236
44095,41.6523261,-81.4417206
44099,41.5492028,-80.9832872
44101,41.4899288,-81.6718416
44102,41.4792806,-81.7363775
44103,41.516323,-81.6429082
44104,41.4824088,-81.6270431
44105,41.449858,-81.6320975
44106,41.5053411,-81.6054317
44107,41.4861886,-81.8010466
44108,41.5414802,-81.6124818
44109,41.444141,-81.6983572
44110,41.5686281,-81.5663264
44111,41.4577823,-81.7898925
44112,41.5358406,-81.5741427
44113,41.4832405,-81.6971658
44114,41.5202498,-81.6786169
44115,41.4935389,-81.6711879
44116,41.4730717,-81.8538246
44117,41.5706349,-81.5263941
44118,41.5023367,-81.5565708
44119,41.5882561,-81.5487462
44120,41.473288,-81.5808803
44121,41.5262427,-81.5324329
44122,41.4694717,-81.5124151
44123,41.6046985,-81.524123
44124,41.4988795,-81.4707108
44125,41.405777,-81.6097148
44126,41.4426654,-81.8527343
44127,41.4710074,-81.6488004
44128,41.439887,-81.5385314
44129,41.3904589,-81.7353
44130,41.3766416,-81.7873169
44131,41.3832763,-81.6546899
44132,41.6064244,-81.4972171
44133,41.3159178,-81.7480627
44134,41.3834103,-81.7026121
44135,41.4235883,-81.8259304
44136,41.3124665,-81.809769
44137,41.4090266,-81.5627616
44138,41.3736708,-81.9229931
44139,41.3832616,-81.4442489
44140,41.487771,-81.9288906
44141,41.2996679,-81.6165057
44142,41.3988323,-81.8285426
44143,41.5531957,-81.4743464
44144,41.4372859,-81.7398141
44145,41.4495314,-81.9301623
44146,41.3812232,-81.5292264
44147,41.318156,-81.6792616
44149,41.3114582,-81.8530868
44201,41.0286597,-81.1842826
44202,41.3166336,-81.3421783
44203,41.0201346,-81.6306799
44212,41.244488,-81.8288419
44214,40.9519232,-81.9997526
44215,41.0719859,-81.8992203
44216,40.9457791,-81.5817439
44217,40.9522161,-81.9134816
44221,41.1392655,-81.4748729
44223,41.1696646,-81.5310575
44224,41.1762614,-81.4365227
44230,40.9621027,-81.6903266
44231,41.3029631,-81.0704745
44232,40.9325408,-81.4635215
44233,41.2490871,-81.7378669
44234,41.3258832,-81.1522533
44235,41.0311081,-82.1167036
44236,41.2460894,-81.4490905
44240,41.1329562,-81.3424317
44241,41.2425861,-81.3477211
44243,41.1478419,-81.3404644
44250,41.0209517,-81.4331382
44251,41.0281898,-81.9276408
44253,41.1627746,-82.0333424
44254,41.0453589,-82.0124499
44255,41.2866872,-81.2291044
44256,41.1413537,-81.8595222
44260,41.0351858,-81.3384419
44262,41.1395758,-81.4360579
44264,41.2297706,-81.5404889
44266,41.1689703,-81.1969618
44270,40.9609432,-81.7745375
44272,41.0897589,-81.1805231
44273,41.0279993,-81.8779349
44274,41.0994458,-81.7285367
44275,41.0971811,-82.1056412
44276,40.9397299,-81.8360182
44278,41.092626,-81.4200096
44280,41.2402607,-81.927779
44281,41.0597997,-81.7403864
44285,41.1626401,-81.059593
44286,41.2331317,-81.6439408
44287,40.9402147,-82.104486
44288,41.2390778,-81.0760392
44301,41.0434903,-81.5240172
44302,41.0894496,-81.5384887
44303,41.1044696,-81.5373582
44304,41.0858878,-81.5091288
44305,41.0766372,-81.4626753
44306,41.039215,-81.4831589
44307,41.0692208,-81.546525
44308,41.0818046,-81.5174506
44310,41.1091563,-81.499983
44311,41.0642272,-81.5204463
44312,41.0065131,-81.4385475
44313,41.1300942,-81.573169
44314,41.0407556,-81.5579076
44319,40.9863255,-81.5311381
44320,41.0731401,-81.5824138
44321,41.100689,-81.6479458
44325,41.0761238,-81.512285
44333,41.1649518,-81.6338256
44401,41.0232735,-80.9465782
44402,41.3979951,-80.8528439
44403,41.2405212,-80.5826556
44404,41.324106,-80.5566266
44405,41.077984,-80.5923588
44406,41.0108798,-80.7703956
44408,40.8849869,-80.6879402
44410,41.3462985,-80.7277124
44411,41.0476981,-81.0593026
44412,41.0941684,-81.02349
44413,40.8447565,-80.5486891
44415,40.7706556,-80.7045489
44417,41.4331598,-80.6632868
44418,41.3069117,-80.6046203
44420,41.1699291,-80.6714962
44423,40.7485204,-80.8959471
44424,41.3220109,-80.5832396
44425,41.1688519,-80.5781635
44427,40.7137356,-80.9616675
44428,41.4308459,-80.5851933
44429,41.095128,-80.9741591
44430,41.2378957,-80.9107644
44431,40.8376091,-80.7510642
44432,40.7498093,-80.7498755
44436,41.0586835,-80.5350733
44437,41.1559397,-80.7298843
44438,41.2396541,-80.53066
44439,41.4543571,-80.9555053
44440,41.1368755,-80.8062865
44441,40.7553327,-80.5488076
44442,40.966173,-80.5461114
44443,40.9210021,-80.5905829
44444,41.1756363,-80.9776649
44445,40.8477697,-80.6171092
44446,41.1895308,-80.7475345
44449,40.974814,-81.0224754
44450,41.4457074,-80.81962
44451,41.0793678,-80.8681926
44452,40.947372,-80.664007
44454,40.9237286,-80.5453581
44455,40.7723,-80.6101661
44460,40.9028146,-80.8687427
44470,41.3003103,-80.9727473
44471,41.0510527,-80.5905655
44473,41.2465544,-80.6626611
44481,41.1765916,-80.9024985
44483,41.2635896,-80.8170438
44484,41.2355408,-80.7497497
44485,41.2403786,-80.8478014
44490,40.9003614,-80.7682888
44491,41.3699687,-80.9636501
44493,40.8219204,-80.8885969
44502,41.0827877,-80.6394875
44503,41.0993261,-80.6490741
44504,41.1235122,-80.6546512
44505,41.1279201,-80.6175542
44506,41.0930029,-80.6263973
44507,41.0742839,-80.655445
44509,41.1109079,-80.6971581
44510,41.1222541,-80.6734332
44511,41.0690851,-80.6967026
44512,41.0259374,-80.6669545
44514,40.9958907,-80.6082665
44515,41.1028957,-80.7612753
44555,41.10726,-80.6487491
44601,40.9185929,-81.1287448
44606,40.7347064,-81.8001467
44607,40.6959077,-81.0268734
44608,40.6564044,-81.5927949
44609,40.9123111,-80.9898123
44610,40.560865,-81.8008675
44611,40.6101024,-82.074983
44612,40.6330884,-81.4760362
44613,40.7115172,-81.6077771
44614,40.8882208,-81.5878033
44615,40.5658047,-81.0786014
44618,40.770383,-81.6811012
44619,40.9052537,-80.9544552
44620,40.5856281,-81.2278319
44621,40.432127,-81.2881705
44622,40.551338,-81.4835143
44624,40.6222245,-81.6593024
44625,40.7140166,-81.0225606
44626,40.6939328,-81.3893062
44627,40.6641043,-81.8364299
44628,40.5444915,-82.1484853
44629,40.3494962,-81.4532259
44630,40.9269402,-81.4040641
44632,40.9630372,-81.3053967
44633,40.6297587,-81.9352678
44634,40.8379914,-81.0413966
44637,40.4803456,-82.0296572
44638,40.6471339,-82.1326294
44639,40.4517289,-81.20975
44640,40.9855432,-81.1507051
44641,40.8582031,-81.2453485
44643,40.6383458,-81.3088711
44644,40.6876494,-81.1782091
44645,40.9097401,-81.7181682
44646,40.8143808,-81.4971817
44647,40.7943934,-81.5649798
44651,40.6212867,-80.9617699
44652,40.9007996,-81.3301661
44653,40.437289,-81.3713477
44654,40.5379372,-81.8708668
44656,40.5683926,-81.3276638
44657,40.7447244,-81.0949026
44659,40.6948001,-81.7018248
44660,40.624212,-81.772588
44661,40.5853774,-82.1174014
44662,40.7109897,-81.5550522
44663,40.4604804,-81.44958
44665,40.8355542,-80.9870514
44666,40.841878,-81.6399342
44667,40.8337926,-81.7651844
44669,40.7883125,-81.150684
44670,40.7630061,-81.1879162
44671,40.6451739,-81.3656799
44672,40.9200028,-81.0252676
44675,40.5039667,-81.2504642
44676,40.6907752,-82.033802
44677,40.8746341,-81.858587
44678,40.5647975,-81.3641646
44680,40.5989667,-81.5440394
44681,40.5008218,-81.663619
44682,40.3977935,-81.4034795
44683,40.364771,-81.3250714
44685,40.9554046,-81.4243725
44687,40.5394646,-81.7103472
44688,40.6839082,-81.2553825
44689,40.647624,-81.6592313
44690,40.6131056,-81.6936378
44691,40.8060288,-81.9775878
44693,40.2977689,-81.1882032
44695,40.4420106,-81.1701657
44697,40.6080396,-81.407271
44699,40.2887927,-81.2890038
44702,40.7998374,-81.376725
44703,40.8109481,-81.3813468
44704,40.800042,-81.3430625
44705,40.8332873,-81.3320206
44706,40.7538236,-81.4197969
44707,40.7603216,-81.347116
44708,40.8165631,-81.4354578
44709,40.8422052,-81.3863305
44710,40.7896129,-81.4265716
44714,40.8363173,-81.3582791
44718,40.8484,-81.4504678
44720,40.9034543,-81.4332817
44721,40.8930662,-81.3181129
44730,40.7670167,-81.2657838
44802,41.0453377,-83.4191103
44804,41.1070527,-83.5353765
44805,40.8732203,-82.3227753
44807,41.061226,-82.8643357
44809,41.1321031,-83.2939784
44811,41.2463166,-82.8465991
44813,40.5998486,-82.5296992
44814,41.3241057,-82.47216
44815,41.2469204,-83.2394501
44817,41.204134,-83.5450382
44818,40.9983418,-82.9893732
44820,40.8183521,-82.9717215
44822,40.5567231,-82.398088
44824,41.3832719,-82.8058876
44825,40.9544244,-82.9419272
44826,41.2423402,-82.4776436
44827,40.822444,-82.7550599
44828,41.2339631,-82.8594749
44830,41.1679356,-83.398998
44833,40.7095591,-82.7958147
44836,41.2371619,-83.0628946
44837,41.021221,-82.4726832
44838,40.7715651,-82.2561554
44839,41.3797958,-82.5496157
44840,40.791875,-82.1731154
44841,41.2512533,-83.3113461
44842,40.6492121,-82.2248489
44843,40.6894968,-82.4076022
44844,40.9921694,-83.2583615
44846,41.3194072,-82.6058332
44847,41.2304143,-82.7128876
44849,40.8085995,-83.1318571
44850,41.0353932,-82.6840183
44851,41.1091763,-82.3915706
44853,41.0550223,-83.3039933
44854,40.9436466,-82.8678427
44855,41.1087393,-82.574938
44856,40.7939837,-82.856263
44857,41.2164994,-82.5776422
44859,41.0219631,-82.3307243
44861,41.24259,-83.1462297
44864,40.667625,-82.3206283
44865,40.9915752,-82.6894356
44866,40.9240005,-82.1977827
44867,41.1490353,-82.9822199
44870,41.4195198,-82.7132116
44874,40.969379,-82.3696288
44875,40.8899536,-82.6517057
44878,40.9510065,-82.5206505
44880,41.0334721,-82.2189007
44881,40.8703038,-82.8767438
44882,40.9466786,-83.1402201
44883,41.1241731,-83.173639
44887,40.9161959,-82.7906579
44889,41.2458824,-82.3824325
44890,41.0851725,-82.7105624
44901,40.763934,-82.5125093
44902,40.7588848,-82.5109616
44903,40.7762232,-82.5268238
44904,40.663703,-82.6144592
44905,40.778593,-82.4673795
44906,40.7644857,-82.5749741
44907,40.7276624,-82.5204059
45001,39.1381226,-84.7128341
45002,39.1985315,-84.7631128
45003,39.5865828,-84.7864702
45005,39.5289278,-84.2895238
45011,39.4265747,-84.4976372
45013,39.4136318,-84.6526786
45014,39.3257136,-84.55239
45015,39.3740638,-84.5627138
45030,39.2572477,-84.7632516
45032,39.5025748,-84.0075697
45033,39.1796445,-84.7646952
45034,39.3565348,-84.2463012
45036,39.4430447,-84.2163666
45039,39.3274087,-84.2366947
45040,39.3507828,-84.3131979
45041,39.2108653,-84.7024689
45042,39.5568851,-84.4201583
45044,39.4824042,-84.4102425
45050,39.4443687,-84.3659103
45051,39.0998434,-84.6551267
45052,39.1444559,-84.7790618
45053,39.3540565,-84.7878244
45054,39.4388291,-84.0850625
45055,39.4570569,-84.5108993
45056,39.487425,-84.7379084
45062,39.4837825,-84.5555155
45064,39.5707545,-84.6102591
45065,39.3705548,-84.2139524
45066,39.5479633,-84.2175546
45067,39.4948188,-84.4809972
45068,39.5294271,-84.0405478
45069,39.3435217,-84.4123333
45070,39.5896953,-84.5580885
45101,38.6970112,-83.7267473
45102,39.0171902,-84.2043455
45103,39.0916173,-84.143715
45105,38.7504342,-83.6123728
45106,38.9450197,-84.0649153
45107,39.2875241,-83.9764498
45111,39.2010673,-84.287019
45112,38.7948536,-84.1400472
45113,39.3999143,-83.9858093
45115,38.8081718,-83.7072927
45118,39.1727644,-83.9171488
45119,38.8781214,-83.9992469
45120,38.8284172,-84.0900264
45121,38.8668519,-83.908302
45122,39.225626,-84.1293676
45123,39.3488418,-83.3888034
45130,38.908827,-83.9989966
45131,38.7897614,-83.9669674
45132,39.3439363,-83.599545
45133,39.1597967,-83.5710647
45135,39.3478889,-83.5421111
45140,39.2544729,-84.2469297
45142,39.2079844,-83.8034507
45144,38.7042121,-83.615092
45146,39.3141191,-83.8042006
45147,39.2107677,-84.302556
45148,39.2902179,-83.8872661
45150,39.1664688,-84.2303907
45152,39.3514868,-84.1202254
45153,38.862812,-84.1896367
45154,39.0634319,-83.9168212
45155,39.0425057,-83.7521615
45156,38.8098917,-84.2135886
45157,38.9537387,-84.2301698
45158,39.182278,-84.0777117
45159,39.3368341,-83.6917416
45160,39.1236668,-84.1369708
45162,39.269737,-84.0747276
45164,39.5532234,-83.7855149
45166,39.4765966,-83.6877586
45167,38.7816635,-83.7897334
45168,38.8498166,-83.7702811
45169,39.5064792,-83.6508824
45171,39.0136086,-83.7964192
45172,39.0744723,-83.386883
45174,39.1585601,-84.3122425
45176,39.0792622,-84.0297292
45177,39.4606902,-83.8443052
45202,39.1067354,-84.5041806
45203,39.1052941,-84.5335288
45204,39.089567,-84.5781069
45205,39.1104613,-84.5750851
45206,39.12732,-84.484568
45207,39.1419546,-84.4712257
45208,39.1352304,-84.4339105
45209,39.1533966,-84.4275704
45211,39.1586671,-84.5996615
45212,39.1640195,-84.4517814
45213,39.1811813,-84.4200456
45214,39.1150068,-84.5343562
45215,39.235399,-84.4621895
45216,39.2005434,-84.4810999
45217,39.1660561,-84.4978074
45218,39.2662325,-84.5197628
45219,39.126624,-84.512017
45220,39.1466929,-84.5202646
45223,39.1709961,-84.5513593
45224,39.20218,-84.5322401
45225,39.1438419,-84.555469
45226,39.1116874,-84.4216739
45227,39.1532371,-84.3857945
45229,39.1534716,-84.4861862
45230,39.0737484,-84.3892813
45231,39.2475009,-84.5348366
45232,39.1857141,-84.5202703
45233,39.1168859,-84.6726372
45236,39.209678,-84.3972217
45237,39.1945805,-84.4510173
45238,39.1092252,-84.6088408
45239,39.2036283,-84.5806245
45240,39.2862092,-84.5259583
45241,39.2762933,-84.3997186
45242,39.2428029,-84.3529959
45243,39.1885572,-84.3360212
45244,39.1141212,-84.3263458
45245,39.0598842,-84.2804167
45246,39.2902131,-84.4638258
45247,39.2166933,-84.6611078
45248,39.1643878,-84.6623057
45249,39.275264,-84.3268785
45251,39.2746403,-84.5978383
45252,39.270192,-84.6281369
45255,39.059554,-84.3283332
45267,39.1380857,-84.5031559
45301,39.7109806,-84.0230143
45302,40.4059104,-84.2091496
45303,40.2139714,-84.6596358
45304,39.9814502,-84.525031
45305,39.6407965,-84.0856775
45306,40.4592336,-84.1871388
45307,39.5806116,-83.7233701
45308,40.1292787,-84.457368
45309,39.8424197,-84.4166273
45310,40.3529369,-84.6426731
45311,39.6287759,-84.6588909
45312,40.0521552,-84.0930253
45314,39.7420419,-83.7809618
45315,39.857729,-84.3387734
45316,39.7975453,-83.8252286
45317,40.1782726,-84.0182172
45318,40.1270059,-84.3544081
45319,39.9160695,-83.9432931
45320,39.7506577,-84.6813089
45321,39.8652534,-84.6869623
45322,39.9033415,-84.3283334
45323,39.8514237,-83.92798
45324,39.8207253,-84.0002902
45325,39.6926088,-84.4302037
45326,40.1399096,-84.0944569
45327,39.6287601,-84.4030051
45328,40.1162532,-84.496755
45330,39.6482718,-84.528668
45331,40.0986004,-84.6505947
45332,40.0002944,-84.7759857
45333,40.2494641,-84.3317737
45334,40.4431931,-84.0478142
45335,39.6398141,-83.7411982
45336,40.4427447,-84.2572635
45337,39.9814737,-84.4226004
45338,39.8509296,-84.5439469
45339,40.0089625,-84.3407183
45340,40.3685711,-84.052152
45341,39.8728604,-84.0228569
45342,39.629338,-84.2759685
45344,39.9538277,-84.0096735
45345,39.7392163,-84.3993057
45346,39.9821152,-84.709956
45347,39.8859296,-84.7631368
45348,40.3299695,-84.6563855
45349,39.9890386,-83.9405792
45350,40.3247242,-84.5736015
45351,40.3395522,-84.4957286
45352,40.0501204,-84.744314
45353,40.2925751,-84.0427169
45354,39.9103736,-84.3998306
45356,40.1628404,-84.2282102
45358,39.9872643,-84.48778
45359,40.0499304,-84.3507875
45360,40.3301589,-84.0921945
45361,39.9637124,-84.4148207
45362,40.2924816,-84.6277311
45363,40.2393094,-84.4000669
45365,40.2825799,-84.1558106
45368,39.8449152,-83.6479793
45369,39.9526729,-83.5941615
45370,39.6083784,-84.0330249
45371,39.9409271,-84.1660209
45372,40.013912,-83.83835
45373,40.0330035,-84.1956493
45377,39.9040389,-84.2180969
45378,39.9029445,-84.4877968
45380,40.2419748,-84.5082983
45381,39.7305944,-84.5243491
45382,39.9015206,-84.6119187
45383,39.9572662,-84.3330528
45384,39.7155477,-83.8891091
45385,39.6690762,-83.9139554
45387,39.7993558,-83.8876161
45388,40.3279991,-84.4802197
45389,40.056317,-84.0253479
45390,40.215198,-84.7605412
45402,39.760114,-84.2076267
45403,39.7633631,-84.1496929
45404,39.7884962,-84.1527168
45405,39.7921601,-84.2160281
45406,39.7853859,-84.2422154
45409,39.7213047,-84.1879696
45410,39.7475872,-84.159031
45414,39.8393936,-84.2107191
45415,39.8355809,-84.2573874
45416,39.8075224,-84.2578002
45417,39.7330662,-84.283296
45419,39.714311,-84.1675966
45420,39.7188184,-84.1291689
45423,39.7603995,-84.1911159
45424,39.8513215,-84.102669
45426,39.8007902,-84.313501
45428,39.7421417,-84.2595444
45429,39.683588,-84.1627366
45430,39.7180734,-84.0774071
45431,39.7638352,-84.0842037
45432,39.7398277,-84.086034
45433,39.8228336,-84.0485041
45434,39.7213847,-84.0318244
45435,39.781088,-84.063113
45439,39.6983755,-84.2294968
45440,39.6733786,-84.0998953
45449,39.6641471,-84.2379848
45458,39.6023958,-84.1563573
45459,39.6464587,-84.1669551
45469,39.7403268,-84.1791104
45501,39.9263364,-83.8074477
45502,40.001239,-83.8999833
45503,39.9650808,-83.7675393
45504,39.9469701,-83.8648969
45505,39.901667,-83.7574524
45506,39.9080204,-83.8366697
45601,39.3120601,-82.9570705
45612,39.207005,-83.2788419
45613,39.0342163,-82.8508997
45614,38.9296818,-82.2775566
45616,38.7396101,-83.2865927
45617,39.2796421,-83.1555858
45618,38.8850731,-83.6163443
45619,38.4625444,-82.4501795
45620,38.9558743,-82.1477185
45621,39.11137,-82.6099348
45622,39.3522809,-82.4874277
45623,38.6416862,-82.2697865
45624,39.1730032,-83.3486874
45628,39.3891453,-83.1937997
45629,38.6575693,-82.8158942
45630,38.6973885,-83.0928907
45631,38.8217507,-82.2643051
45634,39.1843623,-82.4864956
45636,38.5816978,-82.8164214
45638,38.5557998,-82.671915
45640,39.0197277,-82.6563145
45642,39.0469161,-83.0541184
45644,39.4476556,-82.8346932
45645,38.5663617,-82.5270097
45646,39.0751701,-83.3227859
45647,39.3012377,-82.7324134
45648,38.9180874,-83.0076859
45650,38.7382926,-83.4223281
45651,39.2854197,-82.4834781
45652,38.8281965,-83.079769
45653,38.8896345,-82.8219759
45654,39.3664685,-82.3777419
45656,38.8764779,-82.5912551
45657,38.8436688,-83.2364617
45658,38.7629278,-82.4115554
45659,38.6549721,-82.6411301
45660,38.9882295,-83.3565448
45661,39.0456326,-83.1082196
45662,38.7922669,-82.9119153
45663,38.7362037,-83.1098414
45669,38.4984133,-82.3584424
45671,38.9702542,-83.2480119
45672,39.2212414,-82.6657455
45673,39.2039818,-82.8115229
45674,38.8778634,-82.3808507
45677,38.7959902,-82.7557274
45678,38.610443,-82.3795807
45679,38.9778375,-83.5709782
45680,38.4678078,-82.5468292
45681,39.2997377,-83.2578467
45682,38.8069307,-82.6949109
45684,38.6514329,-83.1906301
45685,38.9318026,-82.4565408
45686,39.0093189,-82.3679406
45688,38.7310802,-82.54324
45690,39.145655,-83.0249972
45692,39.1157979,-82.5420363
45693,38.8077131,-83.5323684
45694,38.7438755,-82.7808833
45695,39.1615433,-82.3726538
45696,38.6011614,-82.4521069
45697,38.931572,-83.6736879
45698,39.2942915,-82.4005245
45699,38.8741311,-82.9704648
45701,39.3116869,-82.0739282
45710,39.1959401,-82.2110622
45711,39.4283213,-81.9319746
45714,39.3169838,-81.6143452
45715,39.610699,-81.6273269
45716,39.4629699,-82.1841865
45719,39.4001945,-82.128464
45720,39.093601,-81.9231027
45721,39.5658142,-81.5834304
45723,39.2262622,-81.8234726
45724,39.3834374,-81.8004108
45727,39.6456429,-81.4786116
45729,39.4183732,-81.6043969
45732,39.5170191,-82.0640043
45734,39.6411437,-81.1956515
45735,39.2450362,-81.9204145
45739,39.1911201,-81.7464161
45740,39.4770301,-82.080095
45741,39.075065,-82.2470766
45742,39.2870765,-81.7303927
45743,39.0752983,-81.8348459
45744,39.5487715,-81.4939789
45745,39.6061687,-81.3296377
45746,39.5974177,-81.4509492
45750,39.4298377,-81.4321312
45760,39.0185275,-82.1297288
45761,39.4257919,-82.0753534
45764,39.442492,-82.2314986
45766,39.3191643,-82.2627968
45767,39.5449168,-81.1383795
45768,39.4155746,-81.25726
45769,39.1092842,-82.0510401
45770,38.9871705,-81.8073652
45771,38.9875378,-81.9025137
45772,39.1487056,-81.8191695
45773,39.4375422,-81.2707261
45775,39.0875851,-82.1559624
45776,39.1814105,-82.024066
45778,39.3535316,-81.8930659
45779,39.0012321,-81.970716
45780,39.370424,-82.1309585
45782,39.4858705,-82.0816498
45783,39.1750762,-81.8392868
45784,39.3883077,-81.6778546
45786,39.502663,-81.6550527
45788,39.5092586,-81.3785142
45789,39.551276,-81.255011
45801,40.7728631,-84.0340979
45804,40.7096234,-84.0611533
45805,40.7277696,-84.1627722
45806,40.6724402,-84.1261655
45807,40.8059962,-84.1716528
45808,40.8315041,-83.9733583
45809,40.8430493,-84.1850956
45810,40.7843938,-83.8132862
45812,40.6818621,-83.8138318
45813,41.1923032,-84.7331582
45814,40.8990991,-83.604267
45815,41.156945,-83.9425931
45816,41.0045375,-83.7940051
45817,40.878759,-83.8839739
45819,40.6239585,-84.2603907
45820,40.8307525,-84.0844887
45821,41.2257636,-84.5609464
45822,40.5558036,-84.5987448
45826,40.436217,-84.493693
45827,40.9981041,-84.2988509
45828,40.4836421,-84.682889
45830,40.9084596,-84.0959329
45831,41.1137614,-84.2549858
45832,40.9264213,-84.7300922
45833,40.8327787,-84.3529047
45835,40.7544148,-83.6998927
45836,40.7934072,-83.6432022
45838,40.7404062,-84.4778157
45840,41.0258938,-83.6488936
45841,40.8812365,-83.7319995
45843,40.7863387,-83.5462444
45844,40.9138315,-84.2873826
45845,40.3313377,-84.3825439
45846,40.4120211,-84.7481297
45848,41.0244926,-84.0770879
45849,41.0137716,-84.4466617
45850,40.7047111,-83.9182961
45851,41.032676,-84.6028832
45853,40.9864945,-84.1951863
45854,40.7601052,-83.9521218
45855,41.088192,-84.58349
45856,41.1117566,-83.9998248
45858,41.1071688,-83.8021104
45859,40.6930539,-83.785735
45860,40.4003303,-84.5173788
45861,41.0858779,-84.4256507
45862,40.6705231,-84.5152357
45863,40.9107538,-84.4525218
45864,41.100214,-84.1367355
45865,40.3942581,-84.3729221
45866,40.4887803,-84.5504932
45867,40.8955384,-83.5384163
45868,40.9709704,-83.8512383
45869,40.4568411,-84.3904908
45870,40.5562551,-83.9514441
45871,40.4891147,-84.2940252
45872,41.1891669,-83.6824231
45873,41.1178334,-84.390235
45874,40.7877568,-84.6812286
45875,41.0196596,-84.0586016
45876,40.9341757,-84.3386635
45877,40.9591214,-83.933578
45879,41.128322,-84.5631047
45880,41.067867,-84.7415578
45881,40.9462465,-83.7800473
45882,40.6834288,-84.6772935
45883,40.3994941,-84.6195926
45884,40.5467091,-84.0841832
45885,40.5698632,-84.3906439
45886,40.9969004,-84.6207811
45887,40.7108528,-84.3651278
45888,40.6023221,-84.0856923
45889,41.152611,-83.6386011
45890,40.9799274,-83.4947683
45891,40.8739817,-84.5771066
45893,40.8814522,-84.1453792
45894,40.7594263,-84.4711171
45895,40.5630335,-84.1452932
45896,40.607869,-83.9421075
45897,40.84148,-83.656145
45898,40.7339473,-84.7510523
45899,40.802675,-84.7723067
46001,40.2514099,-85.6580602
46011,40.1300988,-85.7607628
46012,40.1460946,-85.6230613
46013,40.0512281,-85.6857373
46016,40.0978212,-85.6814848
46017,40.0692807,-85.607157
46030,40.1697941,-86.0206345
46031,40.2036876,-86.0095582
46032,39.9665688,-86.1751305
46033,39.9792834,-86.0855566
46034,40.135385,-86.0484725
46035,40.1892204,-86.6790176
46036,40.2968749,-85.8329021
46037,39.9628088,-85.9439155
46038,39.9667044,-86.0171733
46039,40.3701813,-86.3116982
46040,39.9272843,-85.8342731
46041,40.2950351,-86.4938635
46044,40.2117767,-85.7927047
46045,40.2896097,-86.1486593
46047,40.2841809,-85.9473813
46048,39.9542553,-85.8074628
46049,40.2950131,-86.2217903
46050,40.2051652,-86.3462982
46051,40.0585565,-85.8379271
46052,40.044295,-86.4609746
46055,39.8884149,-85.90221
46056,39.9727097,-85.6069038
46057,40.3379782,-86.3780197
46058,40.3598218,-86.6477821
46060,40.0625754,-85.9331979
46062,40.0612855,-86.0559427
46063,40.2717943,-85.7239607
46064,39.9816818,-85.7387616
46065,40.4213303,-86.6100199
46068,40.3751056,-86.1112402
46069,40.138748,-86.2303162
46070,40.3460735,-85.6608595
46071,40.1104602,-86.6080431
46072,40.2852596,-86.0688285
46074,40.0360769,-86.1736565
46075,40.0206956,-86.3308
46076,40.3706687,-85.9460725
46077,39.9818903,-86.2789423
46102,39.9954837,-86.6200581
46103,39.689553,-86.6138296
46104,39.6585383,-85.6018273
46105,39.7648059,-86.8134836
46106,39.513173,-86.205119
46107,39.7166227,-86.0916162
46110,39.5593791,-85.9128427
46111,39.541991,-86.367394
46112,39.8639102,-86.3824246
46113,39.6362993,-86.3025526
46115,39.7376766,-85.5668768
46117,39.8147057,-85.6159626
46118,39.6586911,-86.5313417
46120,39.5114082,-86.7890977
46121,39.6790421,-86.6787832
46122,39.7771439,-86.5518073
46123,39.7644367,-86.4033879
46124,39.3710129,-85.9478757
46125,39.5218661,-86.6418159
46126,39.6180237,-85.88034
46127,39.7176646,-85.3158303
46128,39.6585829,-86.7425616
46130,39.672748,-85.8350221
46131,39.4734891,-86.0435924
46133,39.595055,-85.310832
46135,39.6545713,-86.8939963
46140,39.8019726,-85.7720706
46142,39.6218096,-86.1753191
46143,39.5956579,-86.1139541
46144,39.6658141,-85.6470723
46146,39.5796422,-85.5695553
46147,39.9711487,-86.6228267
46148,39.7798901,-85.4751631
46149,39.8833476,-86.5543429
46150,39.5454637,-85.6029076
46151,39.4604903,-86.4183654
46154,39.8563784,-85.7703979
46155,39.7435655,-85.4294986
46156,39.4893613,-85.4944498
46157,39.5536301,-86.5287312
46158,39.5793557,-86.3736018
46160,39.3511343,-86.2686923
46161,39.6684767,-85.696892
46162,39.5557793,-85.9539424
46163,39.7285816,-85.9060515
46164,39.3025739,-86.1215758
46165,39.8498173,-86.6401503
46166,39.4269001,-86.5903256
46167,39.8769731,-86.467801
46168,39.68999,-86.3927089
46170,39.5716242,-86.8626512
46171,39.5251015,-86.9609015
46172,39.8278349,-86.8184638
46173,39.600822,-85.4309004
46175,39.8157244,-86.9663588
46176,39.5265308,-85.7733692
46180,39.5921895,-86.6185252
46181,39.3721552,-86.1716014
46182,39.4585781,-85.6694244
46183,39.6539637,-86.2812898
46184,39.5581232,-86.0669461
46186,39.8942128,-85.6447824
46201,39.7736693,-86.1095597
46202,39.7840996,-86.1616159
46203,39.7368079,-86.0958479
46204,39.7705928,-86.1570541
46205,39.8294373,-86.1343806
46206,39.7602668,-86.1610711
46208,39.8190709,-86.1710827
46214,39.7928174,-86.2915285
46216,39.8659583,-86.0093335
46217,39.6746309,-86.1914505
46218,39.8071297,-86.0995539
46219,39.7839303,-86.0446363
46220,39.8671136,-86.1088483
46221,39.6959866,-86.2387275
46222,39.7909682,-86.2152602
46224,39.795413,-86.25689
46225,39.7403144,-86.1632548
46226,39.8392106,-86.0485523
46227,39.6747634,-86.1326756
46228,39.8482278,-86.2007252
46229,39.7882369,-85.9770151
46231,39.7234642,-86.3305532
46234,39.8105741,-86.3262814
46235,39.8369572,-85.9745373
46236,39.8966385,-85.9681563
46237,39.67189,-86.0747881
46239,39.7215166,-85.9990332
46240,39.906045,-86.1246353
46241,39.730422,-86.2777742
46250,39.9008118,-86.0633763
46254,39.8483256,-86.2696869
46256,39.9083827,-86.0131379
46259,39.6509209,-85.9814616
46260,39.8969017,-86.1784917
46268,39.8974418,-86.233327
46278,39.892944,-86.2980545
46280,39.9338376,-86.1352
46290,39.9345304,-86.1618578
46301,41.6918365,-86.9732738
46302,41.3644669,-87.1236923
46303,41.3736266,-87.4792836
46304,41.6145011,-87.0503739
46307,41.4020514,-87.3253697
46310,41.1799256,-87.2307997
46311,41.4683809,-87.5091874
46312,41.6504588,-87.4511231
46319,41.5218375,-87.4218972
46320,41.6089223,-87.4975543
46321,41.5475102,-87.5032685
46322,41.5466221,-87.4576162
46323,41.5894344,-87.4537288
46324,41.583791,-87.5019947
46327,41.6485909,-87.4992548
46340,41.3825705,-86.7706636
46341,41.3096721,-87.2145606
46342,41.5181847,-87.2449075
46345,41.5303599,-86.6999311
46346,41.4781725,-86.6933204
46347,41.3050014,-87.0085733
46348,41.3098226,-86.8624219
46349,41.1119795,-87.4249175
46350,41.6070573,-86.721724
46356,41.263731,-87.4171387
46360,41.689234,-86.8651199
46365,41.6022873,-86.5442235
46366,41.2136403,-86.7680181
46368,41.591612,-87.1789388
46371,41.6786279,-86.5930305
46373,41.4418165,-87.4677792
46374,41.2053821,-86.8994624
46375,41.4914527,-87.4528671
46376,41.1846348,-87.4760364
46377,41.1942824,-87.3477951
46379,41.1568171,-87.4301661
46381,41.1763155,-87.3344579
46382,41.4613059,-86.7619858
46383,41.4578952,-87.0020082
46385,41.4643888,-87.1241117
46390,41.4194662,-86.8815182
46391,41.5541062,-86.918985
46392,41.1784995,-87.0549749
46393,41.5138913,-87.1680012
46394,41.6820085,-87.4999222
46402,41.6178297,-87.3378273
46403,41.6105266,-87.2581523
46404,41.5849482,-87.3744706
46405,41.5738276,-87.263247
46406,41.6061342,-87.4086508
46407,41.5784128,-87.330432
46408,41.5459383,-87.368484
46409,41.5482581,-87.3242296
46410,41.4820275,-87.3346793
46501,41.2216451,-86.2458034
46502,41.2610163,-85.9765935
46504,41.3012167,-86.1115948
46506,41.462622,-86.1724
46507,41.7210419,-85.8156428
46508,41.1551215,-85.9694141
46510,41.1216612,-85.8707075
46511,41.2207294,-86.4284253
46513,41.362876,-86.448101
46514,41.722679,-85.9749992
46516,41.6789068,-85.9479657
46517,41.6272897,-85.9978552
46524,41.3056407,-86.0141155
46526,41.5587876,-85.8766502
46528,41.6005254,-85.7848647
46530,41.7409313,-86.126918
46531,41.3569846,-86.5193823
46532,41.4112664,-86.6305113
46534,41.2853447,-86.6178182
46536,41.5145509,-86.2980105
46537,41.4573133,-86.3065841
46538,41.330237,-85.8234154
46539,41.1631488,-86.0265105
46540,41.6715188,-85.6966755
46542,41.396628,-85.8696909
46543,41.5334028,-85.6711975
46544,41.615165,-86.1282664
46545,41.693491,-86.1465692
46550,41.4469445,-86.0006478
46552,41.7062947,-86.4819019
46553,41.4800376,-85.8509316
46554,41.5574129,-86.4169921
46555,41.3291737,-85.6801133
46556,41.7019388,-86.2448352
46561,41.6657501,-86.0715021
46562,41.2083417,-85.6849019
46563,41.3553583,-86.3259568
46565,41.6912068,-85.583665
46567,41.4157746,-85.7323355
46570,41.2079758,-86.1200786
46571,41.5655387,-85.5470247
46572,41.4080595,-86.3930872
46573,41.5443638,-86.0696684
46574,41.4819215,-86.4865648
46580,41.2138322,-85.8695466
46582,41.2796927,-85.8516259
46590,41.2191425,-85.8045857
46595,41.526314,-86.1634213
46601,41.6702742,-86.2526611
46613,41.6535499,-86.2663262
46614,41.6056608,-86.2796012
46615,41.6739526,-86.2117099
46616,41.6969138,-86.2669999
46617,41.684553,-86.2347581
46619,41.6609416,-86.3537507
46624,41.7025108,-86.2516335
46628,41.7202362,-86.3202297
46635,41.7143565,-86.201743
46637,41.7337122,-86.2426928
46701,41.3607892,-85.4312382
46702,40.8205149,-85.6220574
46703,41.654926,-85.0114986
46704,41.1036603,-85.2921417
46705,41.5186898,-85.0596028
46706,41.3415937,-85.0326552
46710,41.3521866,-85.2504867
46711,40.6619506,-84.9268793
46714,40.7226516,-85.1765263
46721,41.423987,-84.8727733
46723,41.245823,-85.3267522
46725,41.1533862,-85.47415
46730,41.4584417,-85.1515974
46731,40.7935381,-85.0996338
46732,41.3719888,-85.6256813
46733,40.8305198,-84.9397052
46737,41.7171547,-84.9051865
46738,41.3189083,-85.148865
46740,40.60428,-84.9647618
46741,41.2169944,-84.9511729
46742,41.5485941,-84.8790916
46743,41.2151019,-84.853235
46745,40.9519382,-85.0088186
46746,41.7253545,-85.3449319
46747,41.5656934,-85.1580309
46748,41.2490994,-85.1632083
46750,40.8764371,-85.4974413
46755,41.4491521,-85.2751112
46759,40.6039274,-85.1784985
46760,41.3454908,-85.5526915
46761,41.634365,-85.3775133
46763,41.2970369,-85.2490736
46764,41.2143616,-85.6202427
46765,41.2331202,-85.0322772
46766,40.7090354,-85.2894161
46767,41.4615295,-85.5741079
46770,40.8270448,-85.3206373
46771,41.6946268,-85.2969239
46772,40.7221432,-84.9116045
46773,40.9840046,-84.8758737
46774,41.0892067,-84.9723666
46776,41.7286563,-85.1663228
46777,40.869136,-85.1475767
46778,40.6037581,-85.1621943
46779,41.5639883,-85.027468
46781,40.6323799,-85.2688901
46783,40.9692613,-85.3573143
46784,41.5004642,-85.3884227
46785,41.3231968,-84.8777561
46786,41.5314832,-85.2723967
46787,41.0662507,-85.6197244
46788,41.2729285,-84.9080263
46789,41.5826709,-85.1974029
46791,40.8377302,-85.2515921
46792,40.6843159,-85.4433304
46793,41.4522855,-85.01529
46794,41.4621897,-85.4522035
46795,41.5589093,-85.3273549
46796,41.3366562,-85.4957952
46797,41.1284078,-84.8588621
46798,40.9425519,-85.2211132
46799,40.9158514,-85.2798818
46802,41.0693045,-85.1651605
46803,41.0703098,-85.0861358
46804,41.0542121,-85.2390564
46805,41.1001103,-85.1177106
46806,41.0464742,-85.0921747
46807,41.044892,-85.1475739
46808,41.0977501,-85.1771288
46809,40.9996639,-85.218263
46814,41.0486818,-85.305902
46815,41.1027701,-85.0587193
46816,41.0028323,-85.0458969
46818,41.1420839,-85.2578797
46819,40.9745873,-85.1335927
46825,41.15698,-85.1283217
46835,41.152961,-85.0407495
46845,41.2120118,-85.1087985
46901,40.5312656,-86.1695369
46902,40.4372754,-86.0945533
46910,41.04384,-86.0363446
46911,40.6252197,-85.9426219
46913,40.5036344,-86.4974249
46914,40.6285985,-86.0947694
46915,40.4783251,-86.3863726
46917,40.6268695,-86.4750474
46919,40.5941617,-85.869637
46920,40.4645956,-86.4950469
46922,41.1409953,-86.4256313
46923,40.6072625,-86.6422668
46926,40.8879379,-86.0499857
46928,40.405898,-85.6823048
46929,40.5547479,-86.4763871
46930,40.4094602,-85.5725817
46931,40.9469071,-86.2645517
46932,40.5953889,-86.2685817
46933,40.4788495,-85.5808231
46936,40.4843024,-85.927782
46937,40.4153477,-86.0369302
46938,40.4302909,-85.5936775
46939,40.9928755,-86.4005453
46940,40.6909057,-85.6892311
46941,40.8301235,-85.6985765
46943,40.9725852,-85.8399878
46945,41.1210956,-86.3851597
46946,41.0392745,-85.7302392
46947,40.7609742,-86.3730985
46950,40.8882037,-86.3649475
46951,40.9475734,-86.105392
46952,40.5994273,-85.6292245
46953,40.519416,-85.6450708
46957,40.3886553,-85.499087
46958,40.8181291,-86.1210971
46959,40.6127519,-86.112292
46960,41.1610354,-86.5160561
46961,40.767047,-86.1923686
46962,40.9885118,-85.7683694
46965,40.4159938,-86.1018257
46967,40.6950449,-86.1948345
46968,41.1704772,-86.5518346
46970,40.7578043,-86.0611646
46971,40.66055,-86.1617346
46974,40.9519077,-85.9335159
46975,41.075225,-86.2514734
46978,40.858704,-86.5111339
46979,40.4294954,-86.2758746
46980,40.9559579,-85.7415206
46982,41.051918,-85.8778614
46984,40.6677371,-85.8297888
46985,40.959504,-86.5804734
46986,40.4948,-85.8192727
46987,40.5688134,-85.765358
46988,40.8771174,-86.2347427
46989,40.4486348,-85.4813657
46990,40.9023531,-85.7276464
46991,40.6280376,-85.5142103
46992,40.7845167,-85.8305087
46994,40.6673138,-86.2544981
46996,41.0620107,-86.6579739
46998,40.5754633,-86.3508211
47001,39.0565059,-84.9560606
47003,39.5596853,-84.8342608
47006,39.2858764,-85.2127168
47010,39.5015809,-84.8487173
47011,38.8710777,-85.0616034
47012,39.4272991,-84.9834891
47016,39.3722185,-84.8902619
47017,38.940482,-85.1814019
47018,38.9918574,-85.1041703
47020,38.8175766,-84.9236263
47021,38.970151,-85.1485546
47022,39.2071868,-84.9508972
47023,39.0710784,-85.3768498
47024,39.476872,-85.1990384
47025,39.1533456,-84.8740013
47030,39.4242024,-85.1325706
47031,39.130564,-85.1483984
47032,39.080578,-85.0559533
47033,39.2822019,-85.1753854
47034,39.2043289,-85.327328
47035,39.310128,-84.9040942
47036,39.3859113,-85.230916
47037,39.1694821,-85.3256564
47038,38.850307,-84.8499369
47040,38.9284476,-84.9113422
47041,39.2340887,-85.0837161
47042,39.0194401,-85.2551127
47043,38.7927253,-85.103311
47060,39.2920205,-84.8679107
47102,38.755251,-85.7974476
47104,38.5558779,-85.4243378
47106,38.4643003,-85.8998496
47108,38.6461881,-86.2569528
47110,38.0954028,-86.2077136
47111,38.4662846,-85.6324851
47112,38.1861456,-86.1454255
47114,38.2875152,-86.0734181
47115,38.3445392,-86.2167651
47116,38.3265728,-86.6182478
47117,38.1066163,-85.9673759
47118,38.3000224,-86.4831351
47119,38.3719486,-85.8815181
47120,38.4603635,-86.1887208
47122,38.3059603,-85.9848442
47123,38.2855757,-86.4718063
47124,38.3651307,-86.0043538
47125,38.4616894,-86.3038716
47126,38.5472518,-85.7762091
47129,38.3131304,-85.7686002
47130,38.3374978,-85.7011717
47135,38.048816,-86.074351
47136,38.234699,-85.9655685
47137,38.1525289,-86.4337126
47138,38.6824751,-85.584684
47140,38.3842991,-86.370695
47141,38.5479563,-85.612115
47142,38.0616281,-86.2014185
47143,38.4685458,-85.7751294
47145,38.3298768,-86.3065833
47147,38.599478,-85.5338368
47150,38.2838038,-85.8477213
47160,38.1571875,-86.0500395
47161,38.3217953,-86.1035917
47162,38.5487871,-85.4913973
47163,38.5452316,-85.679349
47164,38.4131734,-86.0957894
47165,38.5022142,-86.0047862
47166,38.306669,-86.1690037
47167,38.6069899,-86.0934635
47170,38.6852014,-85.8440559
47172,38.3995053,-85.774266
47174,38.2271514,-86.4819719
47175,38.3582215,-86.5547198
47177,38.5897323,-85.7917598
47201,39.1482208,-85.9994073
47203,39.2306431,-85.8327801
47220,38.8778898,-86.0549804
47223,39.0556246,-85.4792444
47224,38.8904397,-85.2279917
47225,39.4355084,-85.3444656
47226,39.2826378,-85.8690512
47227,38.8682764,-85.6554669
47229,38.8071131,-85.8648405
47230,38.7923805,-85.6251158
47231,38.9009121,-85.4946143
47232,39.1109236,-85.7908365
47234,39.3760889,-85.7684202
47235,39.0180401,-86.1382807
47236,39.1517426,-85.7252769
47240,39.3060266,-85.478417
47243,38.6687012,-85.4822349
47244,39.2179484,-85.7023698
47246,39.298183,-85.76413
47247,39.05972,-85.8878497
47250,38.8114832,-85.3621374
47260,38.8367417,-86.1977539
47263,39.308848,-85.3284779
47264,38.9790342,-86.250743
47265,39.0085553,-85.6273781
47270,38.8393373,-85.7228623
47272,39.4110125,-85.6214066
47273,39.0757892,-85.7368468
47274,38.9662178,-85.9257282
47280,39.296573,-85.9504756
47281,38.7885273,-86.1063421
47282,38.9853682,-85.6100339
47283,39.1700242,-85.5878959
47302,40.1295144,-85.3740204
47303,40.2716431,-85.3777719
47304,40.2363321,-85.4598143
47305,40.1940995,-85.3859388
47306,40.2067697,-85.4072379
47320,40.2717034,-85.2727995
47324,39.7411769,-84.8517549
47325,39.693573,-85.0127977
47326,40.5486799,-84.967266
47327,39.8335419,-85.1788301
47330,39.7862491,-85.0222564
47331,39.624083,-85.1573383
47334,40.1062196,-85.5234767
47335,39.8115273,-85.2065961
47336,40.3979979,-85.2120313
47337,39.8027537,-85.437285
47338,40.3424158,-85.3374248
47339,39.9387766,-85.0791288
47340,40.1807571,-85.1336635
47341,39.9723195,-84.8917344
47342,40.3285804,-85.5079828
47344,39.8785476,-85.4639721
47345,39.893863,-85.0601797
47346,39.931638,-85.1681925
47348,40.466214,-85.3403743
47351,39.9044882,-85.5200366
47352,39.7957242,-85.3670592
47353,39.6230939,-84.9251448
47354,40.0408417,-85.1925389
47355,40.044174,-84.9270519
47356,40.0314583,-85.5074249
47357,39.7513594,-85.1469165
47358,40.0573414,-85.1129541
47359,40.552162,-85.2864738
47360,40.0112646,-85.2582034
47361,40.0041837,-85.3849314
47362,39.9320411,-85.3695684
47366,39.8612372,-85.2606313
47367,40.0836631,-85.3920671
47368,40.1821956,-85.1941894
47369,40.5073436,-85.1420624
47370,39.812813,-85.1377749
47371,40.4190435,-84.9628119
47373,40.3395832,-85.1558055
47374,39.8337617,-84.8896659
47380,40.2854423,-85.0460739
47381,40.3866923,-84.864622
47382,40.2368828,-84.9184325
47383,40.1561119,-85.2670793
47384,39.9092408,-85.5508918
47385,39.8329286,-85.446006
47386,40.0550731,-85.3856535
47387,39.8384653,-85.2985343
47388,40.0056374,-85.4434366
47390,40.2056662,-84.8464082
47392,39.9099739,-84.9439655
47393,39.9629964,-85.0036912
47394,40.1679738,-84.9873078
47396,40.1891834,-85.5171778
47401,39.102302,-86.4428121
47403,39.0852187,-86.6123402
47404,39.219531,-86.5911368
47405,39.1676551,-86.5211013
47406,39.1751464,-86.5151365
47408,39.2298149,-86.4672545
47420,38.9192126,-86.5494116
47421,38.8634945,-86.4522299
47424,39.0200478,-86.8824279
47427,39.2367742,-87.0074837
47429,39.2758047,-86.6144564
47431,39.2451744,-86.9154148
47432,38.4931286,-86.6392817
47433,39.3557865,-86.6415472
47434,39.0127671,-86.5456885
47435,39.2657557,-86.2951577
47436,38.9541493,-86.3859771
47437,38.7135664,-86.6768387
47438,39.159701,-87.1772591
47441,39.039441,-87.174106
47443,38.968443,-87.0815671
47445,39.1128825,-87.1894534
47446,38.732679,-86.5122741
47448,39.1795298,-86.2355113
47449,38.9382767,-86.9884631
47451,38.8917611,-86.5253892
47452,38.6441391,-86.413677
47453,38.9399933,-86.7713065
47454,38.5100253,-86.4518214
47455,39.3129569,-86.9577609
47456,39.465239,-86.6913333
47457,38.9118337,-86.9047165
47458,39.0702333,-86.5071178
47459,39.1135982,-86.7506272
47460,39.2720635,-86.791838
47462,38.9583294,-86.6475593
47464,39.2997858,-86.6499539
47465,39.0615735,-87.0374554
47467,38.7676967,-86.3444686
47468,39.2856409,-86.3927388
47469,38.6375741,-86.5991582
47470,38.8162419,-86.6444815
47471,39.1432953,-87.0051746
47501,38.6619201,-87.1747137
47512,38.778961,-87.3189016
47513,38.304217,-86.7141235
47514,38.1486002,-86.5940164
47515,38.1839123,-86.7039813
47516,38.7710064,-87.4192651
47519,38.590059,-86.9838691
47520,37.944949,-86.6682591
47521,38.4084909,-86.721023
47522,38.8785274,-86.8020444
47523,38.1787941,-87.0257588
47524,38.4840923,-87.6190062
47525,38.0203746,-86.5599857
47527,38.4688585,-86.7859238
47528,38.8482001,-87.2586055
47529,38.8655093,-87.0745145
47531,38.0397102,-86.851428
47532,38.2196079,-86.8601823
47535,38.8626413,-87.3128811
47537,38.114468,-87.0647131
47541,38.2352776,-87.0461635
47542,38.2991427,-86.9669657
47546,38.4187411,-86.9326003
47550,38.0671841,-86.9213104
47551,38.1144856,-86.5691186
47552,38.1116358,-86.9941503
47553,38.6556071,-86.9125501
47557,38.5700985,-87.3418045
47558,38.6387088,-87.0498816
47561,38.8639056,-87.4383119
47562,38.8331264,-86.9735399
47564,38.4822603,-87.0977621
47567,38.4627094,-87.3050173
47568,38.7640861,-87.1024286
47573,38.7441464,-87.3220381
47574,37.9500354,-86.5621265
47575,38.3251767,-86.8020598
47576,38.1793815,-86.5951694
47577,38.1499655,-86.808468
47578,38.8833465,-87.1943377
47579,38.1107102,-86.9139093
47580,38.3552026,-86.7671564
47581,38.6626903,-86.7585663
47584,38.2510693,-87.2567585
47585,38.266745,-87.1610255
47586,38.0363517,-86.6937379
47588,38.0287097,-86.8043339
47590,38.3427232,-87.0990278
47591,38.6285606,-87.5014846
47596,38.8631587,-87.2338245
47597,38.6416151,-87.295384
47598,38.388004,-87.2082639
47601,38.0514427,-87.2545328
47610,38.0614573,-87.3899667
47611,38.0279179,-87.057458
47612,38.1946017,-87.7015365
47613,38.1504393,-87.4249112
47615,37.9707613,-86.9522753
47616,38.2332433,-87.9098175
47619,38.1924454,-87.3184286
47620,37.9316443,-87.904317
47630,37.9528969,-87.3464699
47631,38.1091306,-87.9017918
47633,38.1687677,-87.7863419
47634,37.9394677,-87.1824525
47635,37.883458,-87.1009111
47637,38.1416519,-87.1595704
47638,38.0643811,-87.7776357
47639,38.1882232,-87.5662466
47640,38.4781761,-87.484032
47648,38.2486465,-87.5508845
47649,38.3534836,-87.4512086
47654,38.2529544,-87.3910199
47660,38.2960671,-87.328127
47665,38.2834875,-87.7344953
47666,38.4177972,-87.6004691
47670,38.3463471,-87.5781799
47683,38.2768443,-87.377333
47708,37.9742489,-87.5743359
47710,38.0255047,-87.5758095
47711,38.0153005,-87.536743
47712,37.924358,-87.6502029
47713,37.9485314,-87.5554719
47714,37.9566139,-87.5212912
47715,37.972431,-87.4796464
47720,38.0628967,-87.6415726
47725,38.1032584,-87.5270015
47802,39.3508557,-87.4135129
47803,39.4660919,-87.3073223
47804,39.4978173,-87.3905374
47805,39.5462745,-87.3264834
47807,39.4729355,-87.4034226
47809,39.4714028,-87.409894
47831,39.6654897,-87.5217664
47832,39.880882,-87.2584335
47833,39.3586151,-86.9752613
47834,39.5236289,-87.1233131
47836,39.6491845,-87.1723237
47837,39.6272229,-87.1149053
47838,38.9617753,-87.3836839
47840,39.4072662,-87.0619323
47841,39.277102,-87.1146588
47842,39.678173,-87.4536382
47845,39.1936662,-87.2338795
47846,39.3670324,-87.1942499
47847,39.8174333,-87.4856192
47848,39.042641,-87.2615736
47849,39.1953044,-87.5637404
47850,39.2373244,-87.4359619
47851,39.5735839,-87.2459559
47853,39.5374583,-87.0728447
47854,39.8057994,-87.4124553
47855,39.1883616,-87.3021185
47857,39.5240337,-87.091112
47858,39.2621711,-87.2245875
47859,39.8818398,-87.1721963
47860,39.7220633,-87.3301676
47861,39.073459,-87.570355
47862,39.7764447,-87.3429101
47863,39.5784707,-87.4592496
47865,39.0190962,-87.3925841
47866,39.2830303,-87.3221423
47868,39.4110733,-86.9025938
47869,39.2749939,-87.4965989
47870,39.3701518,-87.4735141
47871,39.3897086,-87.3002194
47872,39.7490634,-87.1654861
47874,39.6374905,-87.2785346
47875,39.7144702,-87.522214
47876,39.5099576,-87.4610696
47879,39.1976896,-87.3787075
47880,39.5997482,-87.4188437
47881,39.4872841,-87.1900486
47882,39.0894705,-87.4114058
47884,39.6230182,-87.4535745
47885,39.5062575,-87.476142
47901,40.4177784,-86.8896327
47904,40.4386412,-86.875329
47905,40.4218864,-86.763599
47906,40.4796492,-86.9892182
47907,40.4221575,-86.913801
47909,40.3245629,-86.8963025
47916,39.9834292,-87.0552331
47917,40.4688029,-87.4762839
47918,40.2987712,-87.2097246
47920,40.5407591,-86.8338635
47921,40.4783755,-87.374864
47922,40.8769484,-87.3489112
47923,40.6104015,-86.9400026
47924,40.489843,-86.7578374
47925,40.8820472,-86.7447658
47926,40.7803839,-86.5955161
47928,39.9213372,-87.4723122
47929,40.6701591,-86.9127602
47930,40.2376343,-86.7413857
47932,40.1343279,-87.4152416
47933,40.0376891,-86.9021566
47940,40.1174796,-86.7447106
47941,40.375342,-86.7712421
47942,40.6862847,-87.4443028
47943,41.0643632,-87.28384
47944,40.613739,-87.33619
47946,40.9842621,-86.8701702
47948,40.7763704,-87.2868483
47949,40.0605402,-87.137329
47950,40.8017194,-86.6535338
47951,40.7905116,-87.4435781
47952,39.9596493,-87.2991194
47954,39.8999033,-86.8187782
47955,40.1934735,-86.8666962
47957,41.0893548,-86.8771931
47958,40.1645233,-87.148628
47959,40.8625741,-86.900695
47960,40.7883358,-86.7519344
47963,40.9684147,-87.4399221
47964,40.9522958,-87.2995957
47965,39.9545618,-86.9199572
47966,39.888495,-87.4143889
47967,40.1942109,-86.9989936
47968,39.9595182,-86.7499574
47969,40.2035586,-87.148938
47970,40.4654569,-87.1179753
47971,40.5254366,-87.2356108
47974,40.0429213,-87.480363
47975,40.444341,-87.2534938
47977,40.7625539,-87.1566048
47978,40.986173,-87.112979
47980,40.7522936,-86.9093481
47981,40.2514878,-86.9446657
47982,40.197262,-87.5268897
47983,40.2863249,-86.7735302
47986,40.5137751,-87.2071889
47987,40.1212366,-87.2348725
47989,39.8903447,-87.0490403
47990,40.0611513,-87.0595229
47991,40.2801356,-87.4461853
47992,40.3193725,-87.048999
47993,40.3090139,-87.412707
47994,40.1823145,-87.0822996
47995,40.7611895,-87.0301085
47997,40.6676915,-86.723792
48001,42.639195,-82.581664
48002,42.9350431,-82.9164934
48003,42.9302353,-83.0399915
48005,42.8559188,-82.9123841
48006,43.0830185,-82.6910348
48009,42.5440484,-83.2176527
48014,43.0257189,-82.931553
48015,42.480563,-83.027424
48017,42.5366894,-83.1503894
48021,42.4660796,-82.946341
48022,43.0233961,-82.8024042
48023,42.7043848,-82.6588518
48025,42.5203566,-83.2648239
48026,42.537633,-82.9467415
48027,42.9442888,-82.6940405
48028,42.5802086,-82.6166201
48030,42.4619261,-83.0976927
48032,43.133203,-82.5969516
48033,42.4593218,-83.2932048
48034,42.496906,-83.2909978
48035,42.5565996,-82.9075891
48036,42.5970454,-82.9131436
48038,42.6036106,-82.941283
48039,42.6929065,-82.5464784
48040,42.9103128,-82.4806028
48041,42.9372573,-82.8095358
48042,42.6836186,-82.9094859
48043,42.5980555,-82.8815059
48044,42.6502264,-82.9289054
48045,42.5871014,-82.817239
48047,42.673906,-82.7740864
48048,42.7384924,-82.798312
48049,43.0404971,-82.5710799
48050,42.7875369,-82.7994673
48051,42.689938,-82.8260989
48054,42.7703584,-82.5289757
48059,43.0887522,-82.4883725
48060,42.9836094,-82.4583146
48062,42.8524952,-82.7964708
48063,42.8593322,-82.6831107
48064,42.7646165,-82.6667773
48065,42.8453536,-83.0393976
48066,42.5075864,-82.9365822
48067,42.4905582,-83.1375244
48069,42.471516,-83.1445
48070,42.4818989,-83.1680876
48071,42.5072588,-83.10337
48072,42.4978853,-83.1858621
48073,42.5191808,-83.1643609
48074,42.950223,-82.5615545
48075,42.4617784,-83.2299415
48076,42.4975391,-83.2306522
48079,42.8588493,-82.5484043
48080,42.4654111,-82.8973993
48081,42.494669,-82.8950389
48082,42.5280221,-82.8871955
48083,42.5570104,-83.1167674
48084,42.5606292,-83.1755821
48085,42.6040325,-83.122111
48088,42.5157463,-82.9829859
48089,42.4680455,-82.9938328
48091,42.4681303,-83.058248
48092,42.512535,-83.0595068
48093,42.5158896,-83.0164831
48094,42.7345558,-83.0515405
48095,42.7787437,-83.0480724
48096,42.7621506,-82.9204704
48097,43.1219472,-82.8274167
48098,42.5984325,-83.17845
48101,42.2594735,-83.2103905
48103,42.2613504,-83.8464578
48104,42.2622351,-83.7168858
48105,42.3276344,-83.6964436
48108,42.2216949,-83.7322818
48109,42.2912445,-83.7081948
48111,42.1831561,-83.489036
48114,42.5679386,-83.7562901
48116,42.5058632,-83.7812494
48117,42.0502593,-83.4101875
48118,42.3122055,-84.0340999
48120,42.3031274,-83.1638928
48122,42.2786073,-83.1822553
48124,42.2980362,-83.2476095
48125,42.2773338,-83.2648321
48126,42.3303262,-83.1871333
48127,42.3357932,-83.2832964
48128,42.3204109,-83.2599691
48130,42.3641408,-83.90936
48131,41.9668004,-83.673262
48133,41.7823809,-83.4860284
48134,42.1066951,-83.2961476
48135,42.3243828,-83.3411923
48137,42.4719749,-84.074565
48138,42.1312877,-83.1557291
48139,42.4530242,-83.8079092
48140,41.8821837,-83.5805067
48141,42.2939448,-83.320298
48143,42.4572711,-83.8521772
48144,41.7524854,-83.6286996
48145,41.8442475,-83.4599695
48146,42.2432907,-83.1812577
48150,42.3716044,-83.3767879
48152,42.4249348,-83.3742642
48154,42.3981811,-83.3723595
48157,41.8154637,-83.437467
48158,42.1557015,-84.0292418
48159,42.0247793,-83.5489067
48160,42.0824492,-83.6797661
48161,41.9071832,-83.472489
48162,41.9604252,-83.4293233
48164,42.1317455,-83.3972569
48165,42.4977235,-83.6181978
48166,41.98821,-83.2924205
48167,42.4324264,-83.5243602
48168,42.4052615,-83.5404983
48169,42.4619251,-83.9473817
48170,42.3676895,-83.5343063
48173,42.0736789,-83.2127735
48174,42.2366856,-83.3916563
48176,42.1368357,-83.82925
48177,41.8048379,-83.5815904
48178,42.4437691,-83.656913
48179,42.0350945,-83.2554437
48180,42.225283,-83.2676908
48182,41.7898583,-83.5838487
48183,42.131459,-83.2177918
48184,42.2744743,-83.3956328
48185,42.3339011,-83.3842091
48186,42.2937641,-83.3707389
48187,42.3255729,-83.4835758
48188,42.2860809,-83.4870718
48189,42.40953,-83.7829536
48190,42.1316165,-83.6033268
48191,42.121147,-83.5656822
48192,42.2106735,-83.1572083
48193,42.1740193,-83.2108504
48195,42.2047072,-83.2056851
48197,42.1940339,-83.6399843
48198,42.275075,-83.5863399
48201,42.3470296,-83.0600482
48202,42.374597,-83.0776515
48203,42.4212277,-83.1054835
48204,42.3658247,-83.1428011
48205,42.4331857,-82.9813111
48206,42.375168,-83.1078312
48207,42.3489737,-83.0127037
48208,42.3484859,-83.0917812
48209,42.3060832,-83.1176554
48210,42.3364177,-83.128741
48211,42.381755,-83.0461244
48212,42.4099998,-83.0559732
48213,42.3978995,-82.9953968
48214,42.3651159,-82.9876441
48215,42.3752172,-82.9543007
48216,42.3263848,-83.0792599
48217,42.277651,-83.1550783
48218,42.2704476,-83.1315356
48219,42.4253278,-83.2514284
48220,42.4580512,-83.1351955
48221,42.4271872,-83.149528
48223,42.3933977,-83.2461356
48224,42.4106987,-82.9414564
48225,42.4388872,-82.9296786
48226,42.3318146,-83.0503537
48227,42.3873619,-83.1925618
48228,42.3551451,-83.2182077
48229,42.249592,-83.1404393
48230,42.3823947,-82.9218416
48233,42.323226,-83.0630466
48234,42.4311838,-83.0395086
48235,42.4270751,-83.1946595
48236,42.4225833,-82.8928501
48237,42.4649433,-83.1824101
48238,42.3962772,-83.1413156
48239,42.3762453,-83.2863941
48240,42.4244835,-83.3012709
48242,42.2135091,-83.3561154
48243,42.3299477,-83.039531
48301,42.5424001,-83.2821684
48302,42.5818508,-83.3047033
48304,42.5889404,-83.2332287
48306,42.7243262,-83.1473115
48307,42.659316,-83.122679
48309,42.6572132,-83.1865769
48310,42.566517,-83.0665119
48312,42.5582276,-83.0089258
48313,42.5991668,-82.9971863
48314,42.6120739,-83.0534892
48315,42.6718348,-82.9973986
48316,42.6901839,-83.0572365
48317,42.6442506,-83.0515389
48320,42.6119345,-83.3380921
48322,42.537824,-83.384526
48323,42.5708041,-83.3779085
48324,42.5946788,-83.3936565
48326,42.6882462,-83.2440754
48327,42.6383001,-83.4106672
48328,42.6501597,-83.3631817
48329,42.6870157,-83.3886216
48331,42.5024857,-83.4089359
48334,42.5046941,-83.3492041
48335,42.4628634,-83.405029
48336,42.4633424,-83.3480537
48340,42.672141,-83.2879383
48341,42.6265051,-83.2914252
48342,42.6444101,-83.2745608
48346,42.7178894,-83.4287148
48348,42.7685793,-83.4044378
48350,42.7394182,-83.5310441
48353,42.646151,-83.7144125
48356,42.6544138,-83.5929054
48357,42.6585745,-83.6465572
48359,42.7207661,-83.2754988
48360,42.747358,-83.2610003
48362,42.7823511,-83.2694228
48363,42.7724831,-83.1624995
48367,42.8362325,-83.1369016
48370,42.8402322,-83.1915375
48371,42.8458743,-83.2846078
48374,42.4738426,-83.5199765
48375,42.4657978,-83.4640353
48377,42.5053681,-83.473579
48380,42.5829938,-83.6668365
48381,42.5584116,-83.5917929
48382,42.5823683,-83.5114302
48383,42.6556097,-83.5258239
48386,42.6601831,-83.4799691
48390,42.5507106,-83.4742179
48393,42.521838,-83.5450877
48401,43.3473368,-82.6614914
48410,43.5662885,-82.9362227
48411,42.9341963,-83.5295538
48412,43.0704326,-83.1755486
48413,43.8027467,-82.9967552
48414,42.8616938,-84.0798469
48415,43.2718758,-83.8081054
48416,43.2170711,-82.9849542
48417,43.2612818,-83.9391942
48418,42.7942946,-83.9698906
48419,43.435806,-82.6604283
48420,43.179103,-83.7005078
48421,43.1554963,-83.3931894
48422,43.2614717,-82.6537037
48423,43.0404197,-83.5142797
48426,43.5086184,-83.0651305
48427,43.5356379,-82.7254819
48428,42.9381955,-83.1544537
48429,42.9027986,-84.0040492
48430,42.7572172,-83.7382793
48432,43.9016787,-82.9748881
48433,43.0822095,-83.8610391
48434,43.6598665,-82.6125623
48435,43.2453788,-83.3593381
48436,42.8761096,-83.879438
48437,43.1130485,-83.6184115
48438,42.913657,-83.4841653
48439,42.9171399,-83.6313362
48440,42.9557214,-83.4078385
48441,43.7978924,-82.7086303
48442,42.7989259,-83.5956765
48444,43.0584906,-83.0451967
48445,43.9502222,-82.9905559
48446,43.0537399,-83.3387035
48449,42.9914524,-83.9447721
48450,43.2523059,-82.5408546
48451,42.8059585,-83.8159906
48453,43.3481436,-83.032572
48454,43.1950108,-82.8127207
48455,42.9397962,-83.2910296
48456,43.6669712,-82.7622076
48457,43.1900513,-83.894218
48458,43.1252999,-83.6815498
48460,43.1238566,-83.9844808
48461,43.1936614,-83.2061625
48462,42.8484449,-83.4212502
48463,43.1657988,-83.5193013
48464,43.2109068,-83.4190439
48465,43.6157267,-82.7056258
48466,43.2805066,-82.8088772
48467,44.0153556,-82.9824152
48468,43.9384123,-82.7751809
48469,43.4414686,-82.558181
48470,43.7361798,-82.7635195
48471,43.4194199,-82.8520808
48472,43.5123231,-82.9632121
48473,42.9370622,-83.8204538
48475,43.6701242,-82.933407
48476,42.9383175,-84.0345296
48502,43.0146449,-83.6891591
48503,42.9987262,-83.7101534
48504,43.0547248,-83.7437448
48505,43.0691604,-83.6923009
48506,43.067472,-83.6243923
48507,42.966974,-83.7173603
48509,43.0299033,-83.6006798
48519,42.9819081,-83.604939
48529,42.9703379,-83.6585901
48532,43.0110682,-83.7948753
48601,43.394997,-83.8892798
48602,43.4200263,-83.9744724
48603,43.4587859,-84.0294709
48604,43.4997638,-83.9690838
48607,43.4324123,-83.9338278
48609,43.389617,-84.0831697
48610,44.1416912,-84.1921914
48611,43.6341483,-84.0972062
48612,43.8830237,-84.4394336
48613,43.9478863,-84.1556443
48614,43.2509912,-84.2980419
48615,43.4222372,-84.4743535
48616,43.191092,-84.1134541
48617,43.8513075,-84.7172971
48618,43.7367787,-84.5567067
48619,44.8197355,-84.0206126
48620,43.8076278,-84.3804169
48621,44.7212412,-84.0126741
48622,43.8352571,-84.8913086
48623,43.519318,-84.1339445
48624,44.0610934,-84.4573699
48625,44.052142,-84.8374425
48626,43.4213683,-84.2214377
48627,44.4616783,-84.7486462
48628,43.7735778,-84.3240412
48629,44.3122375,-84.784698
48630,44.3254974,-84.7732694
48631,43.6886454,-83.9958947
48632,43.8504108,-85.0227825
48633,43.9489756,-84.9338298
48634,43.7596213,-84.0358374
48635,44.3871687,-83.9944298
48636,44.5860193,-84.2858605
48637,43.4137123,-84.3355703
48638,43.4189255,-84.0182422
48640,43.5821656,-84.3372266
48642,43.7024678,-84.2352518
48647,44.6506822,-84.0860784
48649,43.1504608,-84.2174311
48650,43.8492874,-84.0132054
48651,44.2547752,-84.614813
48652,43.8487486,-84.2166514
48653,44.4903441,-84.6058055
48654,44.4767236,-84.1175199
48655,43.2945472,-84.1595961
48656,44.3548279,-84.4618311
48657,43.7073912,-84.4230815
48658,43.9753389,-83.9367975
48659,44.065548,-84.0507827
48661,44.3184065,-84.2362134
48662,43.4009959,-84.4166681
48701,43.586877,-83.5578265
48703,44.0636418,-83.6759143
48705,44.6951066,-83.6559602
48706,43.6038047,-83.9554112
48708,43.5570603,-83.8496799
48710,43.5565131,-83.9876689
48720,43.8317492,-83.3933043
48721,44.7967703,-83.3292398
48722,43.3467235,-83.8447615
48723,43.4875172,-83.3847385
48724,43.4577593,-83.9262838
48725,43.9439555,-83.2095933
48726,43.6073918,-83.1680243
48727,43.3064969,-83.1811032
48728,44.7437892,-83.8221235
48729,43.4959393,-83.173779
48730,44.3493592,-83.4870673
48731,43.8365787,-83.1518454
48732,43.6123306,-83.789822
48733,43.5341024,-83.5931126
48734,43.3575621,-83.7485103
48735,43.6675926,-83.2708828
48737,44.5497232,-83.7120235
48738,44.549569,-83.3361631
48739,44.3704526,-83.8449338
48740,44.6638892,-83.372024
48741,43.4024789,-83.1798728
48742,44.7216213,-83.4461452
48743,44.4411235,-83.863151
48744,43.3480421,-83.3592551
48745,44.5637001,-83.4840313
48746,43.2602771,-83.5410487
48747,43.5188791,-83.7649271
48748,44.3292358,-83.6976415
48749,44.0539351,-83.9009475
48750,44.4351988,-83.4728787
48754,43.7331566,-83.242375
48755,43.7915009,-83.24562
48756,44.2337465,-83.9733794
48757,43.4698587,-83.6763108
48759,43.7304776,-83.3859038
48760,43.3176582,-83.2525822
48761,44.5109239,-83.8917104
48762,44.7999576,-83.4969141
48763,44.2460474,-83.6134049
48765,44.1515564,-83.7179524
48766,44.1102873,-83.8562753
48767,43.650518,-83.4631542
48768,43.3703527,-83.5764513
48770,44.2511832,-83.8141843
48801,43.3784154,-84.6760065
48806,43.1862041,-84.4953101
48807,43.1504763,-84.4020062
48808,42.8268088,-84.4527069
48809,43.0752987,-85.2579615
48811,43.1839225,-84.8559884
48813,42.5734455,-84.8457258
48815,42.8343711,-85.2585846
48816,42.765009,-83.9559809
48817,43.0139493,-84.0428844
48818,43.2726809,-84.897851
48819,42.5442302,-84.2932806
48820,42.8639131,-84.592296
48821,42.6403879,-84.6512998
48822,42.8352789,-84.7631278
48823,42.764057,-84.4599214
48824,42.7216678,-84.4750111
48825,42.7316214,-84.4903484
48827,42.5084483,-84.661278
48829,43.3982054,-85.015378
48831,43.0962252,-84.3724725
48832,43.4118826,-84.7765816
48834,43.1287956,-85.0312366
48835,43.0249034,-84.7490569
48836,42.6693193,-84.0765833
48837,42.7470097,-84.7710327
48838,43.182841,-85.258386
48840,42.7631383,-84.3793607
48841,43.1122038,-84.2393145
48842,42.6353108,-84.5393192
48843,42.5755792,-83.9233806
48845,43.1114748,-84.8525554
48846,42.9861252,-85.0578866
48847,43.2732323,-84.5755794
48848,42.8812558,-84.3566183
48849,42.797413,-85.1275669
48850,43.4352724,-85.2460605
48851,42.9510555,-84.9363999
48852,43.3526305,-85.0464367
48853,43.099962,-84.6885151
48854,42.5816977,-84.4516125
48855,42.6812741,-83.8971997
48856,43.1971903,-84.7335043
48857,42.8409456,-84.1556148
48858,43.616033,-84.7954594
48859,43.5868494,-84.7727681
48860,43.0529723,-84.9217201
48861,42.7294283,-84.9156012
48862,43.2499035,-84.5484121
48864,42.7041704,-84.3921387
48865,43.0905161,-85.1046175
48866,42.993433,-84.3826093
48867,43.0055864,-84.1876257
48870,43.1102645,-84.9848226
48871,43.1566529,-84.6738053
48872,42.7986498,-84.223099
48873,43.0073961,-84.8281572
48874,43.1864491,-84.5949373
48875,42.8608125,-84.9414478
48876,42.6484225,-84.7331039
48877,43.4037336,-84.8408021
48878,43.7060912,-84.7798644
48879,43.0067039,-84.5792482
48880,43.458864,-84.578359
48881,42.9327426,-85.2043493
48883,43.5437275,-84.6738863
48884,43.2098427,-85.0492083
48885,43.2429117,-85.1479387
48886,43.4157188,-85.159692
48888,43.3148151,-85.1060684
48889,43.2850725,-84.8068996
48890,42.7668735,-84.966363
48891,43.3953537,-84.9115071
48892,42.643735,-84.1700345
48893,43.6865518,-84.9898827
48894,42.9255635,-84.792902
48895,42.6889153,-84.2797843
48896,43.5212495,-84.9010147
48897,42.7038976,-85.1303487
48906,42.7880274,-84.5894353
48910,42.6970562,-84.5250404
48911,42.6728583,-84.5733996
48912,42.7383613,-84.5240172
48915,42.7399588,-84.5708872
48917,42.7252388,-84.6395423
48933,42.7293725,-84.5562422
49001,42.2645427,-85.5615448
49002,42.1972023,-85.5555433
49004,42.3490805,-85.5584185
49006,42.2953786,-85.6290644
49007,42.3025914,-85.588193
49008,42.263643,-85.6132473
49009,42.3036166,-85.6980248
49010,42.532965,-85.8711337
49011,42.0990047,-85.225472
49012,42.3507512,-85.3445969
49013,42.3023821,-86.1003355
49014,42.3099941,-85.1069695
49015,42.2782037,-85.2292308
49017,42.3916847,-85.201106
49021,42.4604341,-85.0547432
49022,42.1125909,-86.3733766
49024,42.206513,-85.6179965
49026,42.3768616,-85.9634347
49027,42.3503283,-86.0673865
49028,41.8440363,-85.1799644
49029,42.140731,-85.0891427
49030,41.8659481,-85.3388795
49031,41.9035276,-85.9767808
49032,41.9114878,-85.5228695
49033,42.2275022,-85.0887137
49034,42.2342729,-85.330521
49036,41.90548,-85.0312773
49037,42.334561,-85.2491718
49038,42.2028223,-86.3208683
49040,41.9659258,-85.3232483
49042,41.8593747,-85.6693953
49043,42.2859917,-86.2685029
49045,42.1021021,-85.9991228
49046,42.5191775,-85.387984
49047,42.0046542,-86.1207059
49048,42.274268,-85.4930809
49050,42.5043019,-85.2457044
49051,42.176669,-85.2366084
49052,42.1211993,-85.3152215
49053,42.2861253,-85.4113955
49055,42.3684737,-85.8578127
49056,42.395243,-86.0660412
49057,42.1844746,-86.1830098
49058,42.6364225,-85.2996899
49060,42.4243454,-85.4048498
49061,41.8735421,-85.8152426
49063,42.409875,-86.1396817
49064,42.2198188,-86.0501285
49065,42.1382734,-85.8421079
49066,42.0312627,-85.3435158
49067,42.0241717,-85.7987637
49068,42.2756939,-84.9408158
49070,42.5393303,-85.6293901
49071,42.2264388,-85.7755181
49072,42.012663,-85.4577392
49073,42.5749278,-85.1261919
49074,42.3203524,-85.5402052
49075,41.917513,-85.4486026
49076,42.4286349,-84.8803298
49078,42.4725097,-85.7328493
49079,42.2401548,-85.9080747
49080,42.4564263,-85.5883366
49082,41.940929,-84.8765403
49083,42.3781096,-85.4611279
49084,42.1803493,-86.3850821
49085,42.0542772,-86.4626001
49087,42.1245798,-85.6762259
49088,42.1797364,-85.422562
49089,42.0011763,-85.2344581
49090,42.4074267,-86.2145437
49091,41.8283309,-85.4479289
49092,42.0942838,-84.9629829
49093,41.9756867,-85.6470191
49094,42.0503044,-85.1135704
49095,41.9063658,-85.8855926
49096,42.6370694,-85.0072594
49097,42.1219713,-85.4874421
49098,42.1638848,-86.2399863
49099,41.7932622,-85.6717519
49101,41.9444046,-86.4834069
49102,41.9492261,-86.2520759
49103,41.9462991,-86.3764739
49104,41.9635269,-86.3588927
49106,41.9382834,-86.5547651
49107,41.8449095,-86.417637
49111,42.022699,-86.2911316
49112,41.7960336,-86.0305399
49113,41.8032618,-86.501365
49115,41.8752743,-86.6338576
49116,41.8481084,-86.6721206
49117,41.7816709,-86.7268359
49119,41.8759459,-86.5492339
49120,41.8318963,-86.2308369
49125,41.8918994,-86.5794249
49126,42.032522,-86.371812
49127,42.0000876,-86.5217411
49128,41.8204055,-86.6004967
49129,41.8161071,-86.6864318
49130,41.7744223,-85.8603486
49201,42.3117636,-84.456172
49202,42.2672063,-84.4108503
49203,42.2206975,-84.401859
49220,41.9986217,-84.3374151
49221,41.9023538,-84.0646978
49224,42.2796167,-84.7468761
49227,41.9498161,-84.7730505
49228,41.8090229,-83.8755977
49229,41.9921024,-83.826493
49230,42.0903948,-84.2173002
49232,41.7403662,-84.6645966
49233,42.0617651,-84.3670156
49234,42.1270371,-84.3687129
49235,41.8639132,-84.2009196
49236,42.0760333,-83.9423486
49237,42.173248,-84.6481276
49238,41.90223,-83.785596
49240,42.271975,-84.1797431
49241,42.1078433,-84.6033354
49242,41.8862976,-84.6226982
49245,42.1393655,-84.811584
49246,42.1229219,-84.5035132
49247,41.837616,-84.3382611
49248,41.7564811,-84.0113215
49249,42.0293339,-84.4547552
49250,42.0217356,-84.6262237
49251,42.4634591,-84.4131935
49252,42.035237,-84.7653983
49253,41.9615425,-84.269284
49254,42.2256295,-84.3236335
49255,41.7682595,-84.8628717
49256,41.7468043,-84.2144686
49258,42.059989,-84.6584144
49259,42.3829304,-84.2557481
49261,42.1626842,-84.2469995
49262,41.9636117,-84.4682898
49263,42.1580945,-84.1821188
49264,42.4462317,-84.5550609
49265,42.0067208,-84.175289
49266,41.8397502,-84.5467888
49267,41.7573232,-83.7194287
49268,41.8687038,-83.9290146
49269,42.2881949,-84.5800657
49270,41.8736754,-83.6807832
49271,41.8319866,-84.4530913
49272,42.3947561,-84.3512711
49274,41.8466824,-84.7597842
49276,41.7945827,-83.7766661
49277,42.3886519,-84.4693355
49279,41.7796482,-84.1040663
49282,42.0330495,-84.4007833
49283,42.2013898,-84.5560873
49284,42.3823007,-84.6907141
49285,42.4632418,-84.2100494
49286,42.0093713,-83.9302769
49287,42.0230299,-84.0734852
49288,41.7339421,-84.4295871
49289,41.7714032,-84.107074
49301,42.9734432,-85.4769978
49302,42.8215386,-85.4022377
49303,43.2715491,-85.8606319
49304,43.9078206,-85.8726367
49305,43.752024,-85.1511064
49306,43.074829,-85.5655815
49307,43.6976819,-85.4829569
49309,43.7597889,-85.8769009
49310,43.5138121,-85.0474598
49312,43.6860035,-85.7835172
49315,42.8036299,-85.7419853
49316,42.7937668,-85.5504665
49318,43.2272759,-85.8204312
49319,43.2300873,-85.5280372
49320,43.7551425,-85.2875385
49321,43.0736082,-85.6818747
49322,43.3557842,-85.3512248
49323,42.7285479,-85.7906415
49325,42.7607972,-85.3017265
49326,43.2536328,-85.3173516
49327,43.3235267,-85.8453111
49328,42.6336795,-85.7581678
49329,43.4066996,-85.4949978
49330,43.2415362,-85.7366788
49331,42.9501889,-85.3519889
49332,43.6209358,-85.2416418
49333,42.6950422,-85.4636736
49335,42.7462523,-85.6690696
49336,43.5083594,-85.4356576
49337,43.4230285,-85.7187835
49338,43.7716789,-85.6022975
49339,43.3313553,-85.496459
49340,43.6179304,-85.1107683
49341,43.1241352,-85.4909281
49342,43.6904346,-85.3155906
49343,43.2997158,-85.5260738
49344,42.5899046,-85.5913006
49345,43.1539218,-85.7052303
49346,43.5948845,-85.4211278
49347,43.3122985,-85.3452355
49348,42.6850794,-85.6100752
49349,43.5753367,-85.7487324
49401,42.9775937,-85.9585688
49402,43.9409802,-86.0180223
49403,43.1409754,-85.8577656
49404,43.0634382,-85.9521846
49405,43.9072834,-86.1897343
49406,42.6407599,-86.2106182
49408,42.571678,-86.1162357
49409,43.0807552,-86.2183745
49410,44.0272171,-86.1486358
49411,44.1145662,-86.2568288
49412,43.4701527,-85.9462642
49415,43.1509642,-86.114307
49417,43.0092335,-86.1520215
49418,42.8781226,-85.7679255
49419,42.6769635,-85.9799119
49420,43.7199846,-86.2823126
49421,43.5995323,-86.0692164
49423,42.7391683,-86.0847934
49424,42.8327776,-86.1304207
49425,43.4504421,-86.110575
49426,42.8633173,-85.8875759
49428,42.9202067,-85.8358827
49430,43.0120055,-85.9004934
49431,43.9646111,-86.4092509
49434,42.770029,-86.2077096
49435,43.0244529,-85.8351747
49436,43.6874831,-86.4685303
49437,43.4635958,-86.3846306
49440,43.2374701,-86.2533961
49441,43.1799617,-86.286824
49442,43.2418406,-86.1357187
49443,43.2220068,-86.2415847
49444,43.1771171,-86.1995269
49445,43.2925372,-86.2938831
49446,43.5398028,-86.3781673
49448,43.0943825,-86.071643
49449,43.7936242,-86.388577
49450,42.477969,-86.075032
49451,43.2130692,-85.9677616
49452,43.5145947,-86.2547884
49453,42.6612812,-86.1787708
49454,43.9463482,-86.2850575
49455,43.6102868,-86.378251
49456,43.0911471,-86.2064668
49457,43.3514794,-86.1451559
49458,43.9481093,-86.1148665
49459,43.7360743,-86.0956864
49460,42.932375,-86.1512439
49461,43.3768596,-86.3311257
49464,42.8447965,-85.9847994
49503,42.9621199,-85.6593942
49504,42.981579,-85.7107001
49505,42.996477,-85.637735
49506,42.9457477,-85.6138391
49507,42.9305836,-85.6552567
49508,42.8729939,-85.6280153
49509,42.8977639,-85.6934176
49512,42.8801208,-85.5532027
49519,42.8957654,-85.7195096
49525,43.0221677,-85.5921154
49534,42.9644383,-85.7871805
49544,43.0389322,-85.74657
49546,42.9329099,-85.5358679
49548,42.8678261,-85.6629716
49601,44.2426966,-85.5399219
49611,44.9799863,-84.9787445
49612,44.8634641,-85.2249219
49613,44.5061202,-86.2068915
49614,44.4456279,-86.111686
49615,44.9645513,-85.2066293
49616,44.5799327,-86.0902981
49617,44.6415146,-86.0322387
49618,44.3025886,-85.5900485
49619,44.2930583,-85.9912121
49620,44.516271,-85.6863686
49621,44.8577808,-85.76991
49622,45.0750793,-85.2670664
49623,43.9088891,-85.691816
49625,44.4327399,-85.8583428
49626,44.2428182,-86.2925103
49627,45.1124215,-85.3587445
49628,44.620998,-86.2340974
49629,44.9189876,-85.3902865
49630,44.8405239,-86.046492
49631,43.9169148,-85.2592882
49632,44.2390072,-84.9678888
49633,44.5621553,-85.1850285
49634,44.2147213,-86.2887684
49635,44.6256135,-86.1931123
49636,44.8912479,-85.9645962
49637,44.6362109,-85.7105396
49638,44.2869732,-85.7556749
49639,43.8470101,-85.408527
49640,44.7244708,-86.0473599
49642,43.904253,-85.7839588
49643,44.639738,-85.8289439
49644,44.1115326,-85.9178036
49645,44.3721193,-86.0254178
49646,44.7199972,-85.0364558
49648,44.9976862,-85.3388085
49649,44.5633662,-85.5254376
49650,44.7398356,-85.8871514
49651,44.3989836,-85.1062945
49653,44.9736311,-85.7239493
49654,45.0097693,-86.136299
49655,44.0249317,-85.4320496
49656,44.0556064,-85.6974819
49657,44.2152668,-85.1836253
49659,44.9055627,-85.034174
49660,44.2337506,-86.2106493
49663,44.4233598,-85.3935728
49664,44.8879813,-85.8986395
49665,44.1003725,-85.1320486
49667,44.3459563,-84.9311088
49668,44.4018398,-85.7132772
49670,45.1192826,-85.6197242
49674,45.0479072,-85.5915779
49675,44.3841644,-86.2253758
49676,44.8434369,-85.2944329
49677,43.8963345,-85.5353497
49679,43.878375,-85.1588566
49680,44.648125,-85.2414663
49682,44.9883123,-85.6473367
49683,44.5405214,-85.9268939
49684,44.7623722,-85.6851557
49685,44.6996318,-85.7006838
49686,44.8494026,-85.5426159
49688,44.1265156,-85.4402105
49689,44.2110716,-85.9107571
49690,44.7843136,-85.3946734
49696,44.6743764,-85.4871134
49701,45.7417893,-84.7409038
49705,45.3485516,-84.4633529
49706,45.4382745,-84.7793973
49707,45.0943065,-83.476214
49709,45.0436608,-84.1713821
49710,46.2760963,-84.1767342
49712,45.2112103,-85.0109754
49713,45.2208389,-84.8454934
49715,46.4011194,-84.6925002
49716,45.5094484,-84.7498861
49717,45.4257912,-84.6873672
49718,45.7166258,-84.8430918
49719,45.9906177,-84.3223205
49720,45.2805087,-85.2450459
49721,45.5741794,-84.455446
49722,45.4208462,-84.8651062
49724,46.3276398,-84.3901119
49725,45.9858313,-83.9894673
49726,46.0037383,-83.6152191
49727,45.1376511,-85.1089617
49728,46.3867043,-85.0247627
49729,45.1637308,-85.2929991
49730,45.0440193,-84.8675218
49733,44.7940705,-84.7305619
49735,44.998087,-84.6701637
49736,46.0877836,-84.1383576
49738,44.6922886,-84.5951125
49740,45.5218751,-84.990777
49743,45.2669577,-83.893364
49744,44.9931228,-83.6570974
49745,46.0213017,-84.5281136
49746,45.0629875,-83.9510617
49747,44.8355715,-83.629725
49748,46.3722589,-85.1657403
49749,45.422081,-84.5846162
49751,44.9828378,-84.4301669
49752,46.2639333,-84.4175961
49753,45.0173181,-83.7770378
49755,45.6432747,-84.8275088
49756,44.8146914,-84.2758153
49757,45.8601843,-84.6258337
49759,45.4174759,-84.0960859
49760,46.0478913,-84.8471526
49762,46.1160863,-85.2847404
49764,45.4235374,-84.8282404
49765,45.3383059,-84.2591697
49766,44.9082975,-83.4320432
49768,46.6395544,-85.1180807
49769,45.570812,-84.8617542
49770,45.3312024,-84.8971446
49774,46.1658353,-84.2986615
49775,45.770763,-84.4779593
49776,45.2322018,-83.6803729
49777,45.2858181,-83.4796552
49779,45.394382,-83.8444101
49780,46.2090888,-84.6861179
49781,45.9481372,-84.7655219
49782,45.6185538,-85.5436841
49783,46.4169009,-84.2890536
49784,46.2576809,-84.4548573
49788,46.2643239,-84.4698524
49791,45.4810064,-84.5993728
49793,46.214575,-85.0473939
49795,45.1606785,-84.5796878
49796,45.2722126,-84.9482861
49799,45.2624329,-84.5803752
49801,45.9271711,-88.015827
49802,45.7994686,-88.0821743
49805,47.3606108,-88.4024879
49806,46.4524138,-86.9011614
49807,45.6992318,-87.2932309
49808,46.8231142,-87.8526704
49812,45.5916324,-87.5031204
49814,46.5680339,-87.9538163
49815,46.1886045,-87.9465456
49816,46.2788515,-86.9093611
49817,45.949333,-86.5045135
49818,45.9823628,-87.3493483
49820,46.19009,-85.6541629
49821,45.5202767,-87.619709
49822,46.4335206,-87.0245857
49825,46.357811,-86.9729164
49826,46.3233057,-87.0528378
49827,46.1806642,-85.5304492
49829,45.7741013,-87.1362904
49831,46.0566873,-87.7290106
49833,46.2683358,-87.2946277
49834,45.9693509,-87.7053513
49835,45.735776,-86.562598
49836,46.2019872,-85.9033356
49837,45.8686783,-87.079109
49838,46.0318952,-85.7373984
49839,46.5984599,-86.1464419
49840,46.174564,-86.054633
49841,46.2671097,-87.4996467
49847,45.7046758,-87.6362006
49848,45.3792155,-87.635741
49849,46.4256797,-87.7714264
49852,45.7862485,-87.816777
49853,46.3682929,-85.7509021
49854,46.0761717,-86.3458028
49855,46.5610685,-87.4514177
49858,45.2221088,-87.5481744
49861,46.5686685,-88.1753995
49862,46.3986956,-86.7271851
49863,45.6129405,-87.5516806
49864,45.8415217,-86.6503968
49866,46.4159368,-87.5847625
49868,46.5109878,-85.5175518
49870,45.8672013,-87.8789231
49871,46.4247143,-87.5389234
49872,46.0182332,-87.0821917
49873,45.8266992,-87.4866619
49874,45.7535379,-87.4688889
49876,45.8021745,-87.9773772
49877,46.158926,-87.7122367
49878,45.9467422,-86.8775295
49879,46.3403474,-88.0645855
49880,46.1110593,-87.2223026
49881,46.0732203,-88.0472616
49883,46.4106081,-86.0078677
49884,46.4159197,-86.3569748
49885,46.3380502,-87.1983199
49886,45.6974996,-87.4940339
49887,45.3920074,-87.731587
49891,46.2172714,-87.0150084
49892,45.7768245,-87.7923635
49893,45.2970384,-87.6051547
49894,45.7828227,-87.0763307
49895,46.1713205,-86.6617909
49896,45.688568,-87.3888653
49901,47.2926992,-88.3926011
49902,46.0511682,-88.3761618
49903,46.337193,-88.4826081
49905,47.1100784,-88.7076539
49908,46.7581523,-88.5632778
49910,46.629711,-89.5313538
49911,46.498953,-90.0575156
49912,46.4967163,-89.1942245
49913,47.2388588,-88.4515792
49915,46.0646377,-88.6270954
49916,46.984094,-88.5863253
49917,47.2813587,-88.3591315
49918,47.4395827,-87.8297489
49919,46.5147447,-88.4349265
49920,46.1365249,-88.3032384
49921,47.091218,-88.5797103
49922,47.1244039,-88.4895309
49925,46.5444194,-89.3746844
49927,46.03306,-88.5470067
49929,46.7987246,-89.0956398
49930,47.2029855,-88.5762949
49931,47.1847927,-88.6408313
49934,47.1656438,-88.4390915
49935,46.17332,-88.7506229
49938,46.5258505,-90.1303579
49942,47.2607317,-88.41655
49945,47.1481645,-88.3370924
49946,46.7278166,-88.3325272
49947,46.4127345,-89.6068152
49948,46.7521824,-88.9982661
49950,47.386306,-88.1337469
49952,46.7013624,-88.7849452
49953,46.7856583,-89.42686
49955,47.0062943,-88.6948224
49958,46.8154676,-88.6629275
49959,46.4698864,-89.9980772
49960,46.711853,-89.2583712
49961,46.4495527,-88.7021474
49962,46.8392811,-88.1311126
49963,47.0489416,-88.6399951
49965,46.9550965,-88.8595434
49967,46.5065083,-88.9663616
49968,46.502982,-89.8896069
49969,46.2516551,-89.2107233
49970,46.5229474,-88.6004923
49971,46.710437,-89.6286829
50001,41.3534731,-93.438843
50002,41.5148261,-94.6483369
50003,41.6114726,-94.0430428
50005,42.1319881,-93.034602
50006,42.5084713,-93.4019866
50007,41.803653,-93.6004273
50008,40.6729366,-93.3862271
50009,41.6434234,-93.4597029
50010,42.0309122,-93.5875951
50012,42.0297056,-93.6504958
50013,42.0149048,-93.6578143
50014,42.0467243,-93.6946197
50020,41.4267915,-94.7498852
50021,41.7242921,-93.565308
50022,41.4162759,-95.0063414
50023,41.7266306,-93.6308388
50025,41.7562446,-94.920368
50026,41.8582258,-94.4495654
50027,41.482051,-92.4693677
50028,41.8069101,-93.1542845
50029,41.8289558,-94.5559334
50031,42.0388849,-94.1400329
50032,41.6659107,-93.542852
50033,41.3604093,-93.7942445
50034,42.5432592,-93.646783
50035,41.7238925,-93.4579196
50036,42.0854462,-93.849635
50038,41.5248251,-93.9031209
50039,41.8299253,-94.0148871
50040,42.17363,-94.1012325
50041,42.6343321,-93.2465982
50042,41.5337448,-94.9053232
50044,41.2035257,-92.9052565
50046,41.8882201,-93.5185801
50047,41.4750555,-93.4672689
50048,41.5124572,-94.5200583
50049,41.0344502,-93.295463
50050,42.1589733,-94.5035934
50051,42.1353921,-93.1413994
50052,40.643275,-93.4442535
50054,41.6882889,-93.231789
50055,41.8846357,-93.2801004
50056,42.0207124,-93.2961271
50057,41.1799137,-93.1342563
50058,41.8556476,-94.6910636
50060,40.7552244,-93.3196394
50061,41.4759406,-93.7977297
50062,41.2354641,-93.2449648
50063,41.6961961,-93.9400943
50064,42.103878,-94.223102
50065,40.6116113,-93.7743349
50066,41.7980808,-94.2333957
50067,40.6926823,-93.8826718
50068,40.9480432,-93.4662565
50069,41.5210574,-94.02988
50070,41.4455375,-94.2326322
50071,42.6487532,-93.504779
50072,41.4712188,-94.1229834
50073,41.7921325,-93.5239712
50074,40.8659305,-94.0801331
50075,42.3252507,-93.5648552
50076,41.5921765,-94.8419445
50078,41.9385954,-92.8629077
50101,42.6671377,-93.6342158
50102,42.2455424,-93.4001943
50103,40.7951203,-93.6091438
50104,41.4946066,-92.3884061
50105,42.1175116,-93.6391109
50106,41.8810756,-92.8057788
50107,42.0364973,-94.219014
50108,40.8247412,-93.9655208
50109,41.7708804,-93.8006313
50110,41.8442054,-94.9860271
50111,41.6919179,-93.8018399
50112,41.7334001,-92.7126781
50115,41.6832397,-94.5615556
50116,41.1781064,-92.9824791
50117,41.6799588,-94.7905744
50118,41.4597918,-93.3786879
50119,41.3130634,-92.9397046
50120,41.9337626,-92.9828143
50122,42.2988207,-93.3077576
50123,40.8338257,-93.5138155
50124,41.8851316,-93.6044468
50125,41.335185,-93.5846336
50126,42.510523,-93.2553151
50127,41.7812222,-93.2112828
50128,41.8555892,-94.3002356
50129,42.0132862,-94.3767327
50130,42.3033858,-93.669228
50131,41.6967565,-93.7208081
50132,42.3939317,-93.6825686
50133,40.7184378,-94.0819526
50134,41.9399092,-93.6743124
50135,41.7453942,-92.8960435
50136,41.4695015,-92.2927644
50137,41.6097148,-92.9215779
50138,41.3028893,-93.1077377
50139,41.1941948,-93.3581805
50140,40.6341053,-93.9933426
50141,41.8675587,-92.9497109
50142,42.0055545,-92.7758202
50143,41.3418358,-92.8046564
50144,40.7330832,-93.7373376
50145,41.2038542,-93.4851434
50146,41.6804149,-94.2490544
50147,40.617696,-93.5477199
50148,42.1814579,-92.9956646
50149,41.1496634,-94.0952947
50150,41.1255077,-92.9751922
50151,41.0787846,-93.4887914
50152,41.9687341,-93.8176426
50153,41.573898,-92.8070102
50154,42.176263,-93.390727
50155,41.2110183,-94.1993534
50156,41.8983107,-93.8012351
50157,41.7400754,-92.5633091
50158,42.0498064,-92.9007394
50160,41.3738579,-93.738701
50161,41.8422979,-93.3969075
50162,41.9283049,-93.0628752
50163,41.2222838,-93.2410413
50164,41.4999346,-94.4333228
50165,40.8507708,-93.3084774
50166,41.2828347,-93.4310356
50167,41.7452569,-94.0493882
50168,41.7883607,-93.2785464
50169,41.6552606,-93.352352
50170,41.5299958,-93.116478
50171,41.5839358,-92.5254229
50173,41.9646583,-92.7134787
50174,41.0337071,-93.9823039
50201,42.033498,-93.4443772
50206,42.2456646,-93.2023364
50207,41.4319664,-92.6375397
50208,41.7108034,-93.0397755
50210,41.1950433,-93.6982874
50211,41.4551673,-93.7058151
50212,42.0364918,-94.0659889
50213,41.0331185,-93.7647285
50214,41.4693188,-93.0556971
50216,41.6972556,-94.354815
50217,42.1837862,-94.2518123
50218,41.3484291,-93.8775284
50219,41.4207013,-92.8966935
50220,41.836423,-94.1212848
50222,41.2158532,-93.9595923
50223,42.1737206,-94.0378151
50225,41.3811736,-93.2745943
50226,41.7962429,-93.7019735
50227,42.5938859,-93.4281813
50228,41.5688608,-93.2453182
50229,41.379081,-93.7750727
50230,42.3032483,-93.4534173
50231,42.2377419,-93.6025926
50232,41.5567254,-92.9697197
50233,41.6122044,-94.2109563
50234,41.8879622,-93.1813473
50235,41.9317848,-94.2249125
50236,42.1784013,-93.4903898
50237,41.5451976,-93.3709618
50238,40.9637839,-93.1826066
50239,42.1427738,-93.2029325
50240,41.2970898,-93.7930283
50241,41.307698,-93.7338455
50242,41.5610393,-92.6937555
50243,41.8645643,-93.6967389
50244,41.8508005,-93.6512169
50246,42.2889574,-93.7813623
50247,42.0180903,-93.1663855
50248,42.191221,-93.6143919
50249,42.275278,-93.903159
50250,41.4822262,-94.3471533
50251,41.5669397,-92.8693629
50252,41.4565121,-93.3198133
50254,40.9912183,-94.0594033
50255,41.4559307,-92.3320859
50256,41.2597061,-92.9052721
50257,41.1834648,-93.8626051
50258,42.224136,-93.0731313
50261,41.474943,-93.9210168
50262,40.862401,-93.8190551
50263,41.6041758,-93.8796894
50264,40.892216,-93.7099143
50265,41.5427434,-93.751089
50266,41.5623626,-93.8117373
50268,41.4069955,-92.3617085
50269,42.2644543,-93.0106319
50271,42.4844024,-93.5448888
50272,41.0880956,-93.256842
50273,41.3264643,-94.0490406
50274,41.3833484,-94.8609755
50275,41.0437157,-93.5885227
50276,41.8600602,-93.9226012
50277,41.7796586,-94.3410082
50278,42.1555748,-93.3011597
50309,41.5841916,-93.6219978
50310,41.6275816,-93.6726595
50311,41.6009801,-93.6733789
50312,41.5768323,-93.682094
50313,41.6568953,-93.6245401
50314,41.6049642,-93.6312003
50315,41.5453673,-93.6191844
50316,41.6086291,-93.5995786
50317,41.6181306,-93.549374
50319,41.591141,-93.6029961
50320,41.5310429,-93.572356
50321,41.534571,-93.6624634
50322,41.6341638,-93.7343597
50323,41.6355575,-93.8185039
50324,41.6047092,-93.7127239
50325,41.613586,-93.7991242
50327,41.5863694,-93.4877068
50401,43.1540815,-93.1998363
50420,42.8061974,-93.4567898
50421,42.842924,-93.6230613
50423,43.1182783,-93.8144969
50424,43.403289,-93.941777
50426,43.4151193,-93.0172441
50427,42.8355285,-93.2211763
50428,43.1400196,-93.390941
50430,42.9772873,-93.956552
50431,42.7364776,-93.3698811
50432,43.2239806,-93.7978993
50433,42.9284925,-93.0477365
50434,43.2574879,-93.4485829
50435,43.1575329,-92.7688148
50436,43.2591727,-93.6857778
50438,43.1115331,-93.6186394
50439,42.944717,-93.6263388
50440,43.3323712,-93.0689844
50441,42.7397472,-93.220628
50444,43.2972256,-93.3836303
50446,43.3337984,-93.4498208
50447,42.9311894,-93.7983148
50448,43.3499394,-93.240534
50449,43.0024665,-93.5471416
50450,43.4212013,-93.5222145
50451,43.3775236,-94.0914606
50452,42.7810734,-93.3673423
50453,43.3633636,-93.64742
50454,43.385059,-92.7393341
50455,43.4569533,-92.6498422
50456,43.2912622,-93.2160488
50457,42.9141785,-93.4927974
50458,43.1587697,-93.0120284
50459,43.4574692,-93.2505024
50460,43.2259395,-92.6902183
50461,43.3061677,-92.8187412
50464,43.2513566,-93.0765073
50465,43.4870205,-93.9105623
50466,43.3868531,-92.5384394
50467,43.2090918,-93.0662383
50468,43.032234,-92.9471344
50469,42.9993435,-93.1971042
50470,42.7465278,-93.5537562
50471,43.1648214,-92.8783539
50472,43.4067258,-92.9352771
50473,43.4659836,-93.6666818
50475,42.8822075,-93.214017
50476,43.446804,-92.7640522
50477,42.9873956,-93.3273254
50478,43.4074879,-93.7836014
50479,42.9411864,-93.4081911
50480,43.2503671,-94.0586066
50482,43.1247992,-93.4846499
50483,43.111708,-93.9972065
50484,43.2382601,-93.9064918
50501,42.4916398,-94.1871215
50510,42.759296,-94.985603
50511,43.0750798,-94.2191967
50514,43.415156,-94.4724104
50515,43.0171809,-94.8861115
50516,42.6239728,-94.1368527
50517,43.3052945,-94.234287
50518,42.512127,-94.382397
50519,42.903123,-94.2654263
50520,42.8091893,-94.3979257
50521,42.3462234,-94.102821
50522,43.1856252,-94.1857583
50523,42.3677921,-94.2935632
50524,42.5942056,-94.3586512
50525,42.7364834,-93.7473361
50527,42.969211,-94.7922644
50528,43.1372138,-94.540155
50529,42.722185,-94.2009828
50530,42.2702833,-94.0395855
50531,43.4540855,-94.6097527
50532,42.4603343,-94.0007456
50533,42.6524935,-93.9111
50535,42.4527407,-95.1640447
50536,43.1174126,-94.6954274
50538,42.2839053,-94.4318726
50539,43.2353646,-94.4184883
50540,42.5983496,-94.8399815
50541,42.7100875,-94.4525442
50542,42.7829759,-93.9426915
50543,42.2743246,-94.3066676
50544,42.2536747,-94.1704194
50545,42.7973961,-94.0808633
50546,42.8437346,-94.7080783
50548,42.7136796,-94.2227758
50551,42.4824171,-94.7548543
50552,42.4563792,-94.4606907
50554,42.8458222,-94.83994
50556,43.4552202,-94.1966457
50557,42.360729,-94.043692
50558,42.861277,-94.1637704
50559,43.2090746,-94.3247426
50560,42.9557938,-94.1042957
50561,42.4177072,-94.8507588
50562,42.9615667,-94.6417291
50563,42.5278336,-94.5250425
50565,42.8573978,-95.0008425
50566,42.4377698,-94.323652
50567,42.5237534,-95.0808404
50568,42.632967,-95.0038771
50569,42.4035177,-94.1344703
50570,42.8954752,-94.3670164
50571,42.634857,-94.5805849
50573,42.8767961,-94.6225575
50574,42.7189376,-94.6996609
50575,42.5588001,-94.7006466
50576,42.8026963,-95.1772503
50577,42.8577194,-93.9790517
50578,43.3065024,-94.5495578
50579,42.3937635,-94.6341625
50581,42.8429952,-94.5497577
50582,42.7926892,-94.2941027
50583,42.4327733,-94.985626
50585,42.9175301,-95.1418653
50586,42.4118603,-94.4255562
50588,42.6545956,-95.1615548
50590,43.4067346,-94.3041358
50591,42.6768191,-94.0547827
50592,42.7292567,-95.1834071
50593,42.6579881,-94.8982474
50594,42.5855953,-94.0395034
50595,42.4614168,-93.8225782
50597,42.9753042,-94.4517176
50598,43.0802128,-94.4183912
50599,42.579322,-93.8232167
50601,42.5677772,-93.0600517
50602,42.7415752,-92.805699
50603,43.1889391,-92.4582152
50604,42.6018309,-92.8964771
50605,42.835586,-93.0327965
50606,42.7473289,-91.6912138
50607,42.6026992,-91.7490491
50608,42.5881379,-92.9607934
50609,42.2283766,-92.8094664
50611,42.8192669,-92.9111116
50612,42.2854844,-92.3868514
50613,42.5314113,-92.4858608
50616,43.0805018,-92.6587775
50619,42.7993302,-92.6632398
50620,43.1571253,-92.591191
50621,42.2473985,-92.9190398
50622,42.6736219,-92.3333175
50623,42.5269229,-92.2096729
50624,42.4687468,-92.6588135
50625,42.7483986,-92.988397
50626,42.5841232,-92.1714702
50627,42.3504296,-93.0939421
50628,43.2727089,-92.3940449
50629,42.6486695,-92.0715373
50630,42.9576796,-92.2139593
50631,42.8851481,-92.3095179
50632,42.0750967,-92.6960611
50633,42.6752983,-93.1266851
50634,42.4181875,-92.2142579
50635,42.2024254,-92.6966177
50636,42.893601,-92.8085817
50638,42.3565373,-92.7949611
50641,42.5918807,-91.9194137
50642,42.4395424,-92.8164321
50643,42.3579812,-92.4641568
50644,42.4775215,-91.8977521
50645,43.019599,-92.4436978
50647,42.6509311,-92.4970305
50648,42.4531153,-92.09323
50649,42.6624879,-92.9097256
50650,42.6182483,-91.65604
50651,42.324572,-92.2016526
50652,42.2645394,-92.6923363
50653,42.9685761,-92.8856348
50654,42.4073918,-91.5740135
50655,42.7656096,-91.8917288
50657,42.3445458,-92.6740438
50658,42.9504324,-92.5380951
50659,43.095838,-92.3290514
50660,42.5774945,-92.6418021
50662,42.688662,-91.9374863
50664,42.7069605,-92.0722557
50665,42.5807525,-92.7716824
50666,42.85442,-92.5032313
50667,42.4700149,-92.2255577
50668,42.6929248,-92.2288881
50669,42.3391575,-92.6149974
50670,42.6776367,-92.6159105
50671,42.6504286,-91.7958192
50672,42.4260404,-93.0715563
50673,42.52505,-92.7112876
50674,42.8380354,-92.1153259
50675,42.1978202,-92.5120919
50676,42.7988877,-92.2801766
50677,42.7666861,-92.43976
50680,42.4445906,-92.917174
50681,42.777552,-92.0092781
50682,42.449804,-91.694685
50701,42.4175517,-92.3445722
50702,42.4615019,-92.3137452
50703,42.5480593,-92.2864305
50707,42.4773809,-92.2817421
50801,41.0786706,-94.4018222
50830,41.0225775,-94.1904732
50831,40.9508438,-94.2223634
50833,40.6705455,-94.7008881
50835,40.7063765,-94.3755454
50836,40.632285,-94.4974841
50837,41.2198234,-94.6914379
50839,41.0487633,-94.8220311
50840,40.7901895,-94.4826182
50841,41.009059,-94.7687839
50842,41.0399059,-94.4617961
50843,41.2368417,-94.8852326
50845,40.8151967,-94.352173
50846,41.308993,-94.5761174
50847,41.1416642,-94.9838767
50848,40.7917479,-94.7642822
50849,41.2945258,-94.4050166
50851,40.9085841,-94.5370318
50853,41.2368592,-94.7678968
50854,40.6793749,-94.2127699
50857,40.9348151,-94.8795377
50858,41.2111082,-94.4095959
50859,41.067099,-94.5973421
50860,40.6174587,-94.3479437
50861,40.9084306,-94.2559224
50862,40.8116041,-94.6477313
50863,40.8477808,-94.1757344
50864,40.9703693,-94.9781105
51001,42.8405441,-96.5461242
51002,42.7020515,-95.3189218
51003,42.9895945,-95.985959
51004,42.3801216,-95.9182063
51005,42.723603,-95.418791
51006,42.3102688,-95.610728
51007,42.4022102,-96.1885799
51008,42.8112536,-96.2672213
51009,42.9450239,-95.5514354
51010,42.097526,-95.938189
51011,42.915627,-96.5138761
51012,42.7454293,-95.5604129
51014,42.7876395,-95.7073125
51015,42.339375,-96.0810855
51016,42.4718341,-95.8052537
51018,42.4496609,-95.6807714
51019,42.2767519,-95.7198596
51020,42.5150381,-95.4102126
51022,42.9781779,-95.8472621
51023,43.00674,-96.4634746
51024,42.626486,-96.2628866
51025,42.4976273,-95.5561418
51026,42.2555496,-96.0683529
51027,42.9657213,-96.3279077
51028,42.596655,-95.9876399
51029,42.885476,-95.5413808
51030,42.4977411,-96.1883207
51031,42.8032399,-96.1864275
51033,42.9193689,-95.2523975
51034,42.1628293,-95.7895948
51035,42.7807884,-95.8005275
51036,42.969703,-96.1895145
51037,42.8256938,-95.6426792
51038,42.7031911,-96.3165367
51039,42.4492177,-96.04956
51040,42.0325397,-96.068714
51041,43.0243966,-96.0770333
51044,42.306174,-95.9181223
51045,42.8203192,-96.0579475
51046,42.9618338,-95.67802
51047,42.9423616,-95.3695399
51048,42.550952,-95.84131
51049,42.6300961,-95.6443725
51050,42.8004404,-95.9478541
51051,42.2060953,-95.9649414
51052,42.3082336,-96.2659868
51053,42.4950573,-95.286548
51054,42.3808771,-96.3350499
51055,42.2082032,-96.2603242
51056,42.2412929,-95.9563959
51058,42.9893153,-95.4769432
51060,42.0423859,-95.6843875
51061,42.5797223,-95.725258
51062,42.6978654,-96.5349256
51063,42.1327876,-96.1907049
51101,42.4936881,-96.3941843
51103,42.5197286,-96.4493047
51104,42.5345328,-96.4031667
51105,42.5078667,-96.3663379
51106,42.4631745,-96.3129087
51108,42.5660159,-96.3526454
51109,42.6103347,-96.4699769
51111,42.4183074,-96.3935183
51201,43.1823693,-95.8656067
51230,43.3561973,-96.3221209
51231,43.1056647,-95.7413081
51232,43.2950395,-95.8095378
51234,43.1922047,-96.0193348
51235,43.2948846,-96.2153375
51237,43.3360659,-96.0007636
51238,43.0743882,-95.8924274
51239,43.2039173,-96.1474814
51240,43.3093607,-96.4584188
51241,43.451232,-96.4617498
51242,43.4322738,-96.3380571
51243,43.4405847,-95.8966435
51244,43.2443069,-95.9343816
51245,43.0778185,-95.6014452
51246,43.4288337,-96.164704
51247,43.1937518,-96.3381265
51248,43.2044376,-95.6590863
51249,43.4073715,-95.7309591
51250,43.0909335,-96.205811
51301,43.1530922,-95.149793
51331,43.3595602,-95.13082
51333,43.1365492,-95.001229
51334,43.4039858,-94.8036529
51338,43.2053657,-95.3187499
51340,43.2404889,-95.1561235
51341,43.0181847,-95.0359997
51342,43.2478766,-94.7368798
51343,43.0176044,-95.1275082
51345,43.4223673,-95.4366956
51346,43.1913311,-95.4536321
51347,43.422425,-95.3184506
51350,43.3075333,-95.5982731
51351,43.3150642,-95.1836465
51354,43.412347,-95.5432728
51355,43.388681,-95.1404556
51357,43.0621607,-95.2875986
51358,43.1298618,-94.8936776
51360,43.4337202,-95.0858999
51363,43.4336765,-94.9467446
51364,43.2992795,-94.9629428
51365,43.3096194,-94.7332831
51366,42.9607027,-95.0029538
51401,42.0649197,-94.870021
51430,42.0896999,-95.0266363
51431,42.3444181,-95.3514513
51432,41.9100827,-95.1379668
51433,42.266648,-94.8753285
51436,42.1891465,-95.004791
51439,42.08284,-95.5890575
51440,41.9117086,-94.8138301
51441,42.1133075,-95.3154215
51442,42.0314564,-95.3565322
51443,42.0698951,-94.6970482
51444,42.0121689,-94.9735176
51445,42.3280608,-95.4677084
51446,41.7766188,-95.1927063
51447,41.7210322,-95.1919447
51448,42.2053594,-95.3097892
51449,42.2659996,-94.7344031
51450,42.3164408,-95.0207179
51451,42.1850842,-94.695163
51452,42.1224209,-94.7836416
51453,42.2622699,-94.5455372
51454,41.8848181,-95.1905861
51455,41.9078068,-95.0569027
51458,42.3263749,-95.2353075
51459,42.044967,-94.6377866
51460,42.132415,-95.5710336
51461,42.1740903,-95.4741379
51462,42.0144226,-94.5565051
51463,41.9074237,-94.9126519
51465,42.0869307,-95.2006346
51466,42.2470292,-95.0995548
51467,42.0719202,-95.1073459
51501,41.2281877,-95.8916451
51503,41.2232199,-95.7844809
51510,41.2885335,-95.9168723
51520,41.9691944,-95.4592993
51521,41.4854675,-95.3446841
51523,41.9152114,-96.0677104
51525,41.2340393,-95.4200085
51526,41.3738905,-95.8717835
51527,41.8397951,-95.3365394
51528,41.908916,-95.5011725
51529,41.8604763,-95.6434634
51530,41.7874565,-95.430482
51531,41.5874995,-95.0883863
51532,41.1379809,-95.1091158
51533,41.039454,-95.3781721
51534,41.041259,-95.7178281
51535,41.2264742,-95.1267136
51536,41.3843311,-95.3732139
51537,41.6501351,-95.2971889
51540,41.0243223,-95.4982331
51541,41.1390962,-95.41618
51542,41.4403639,-95.8318446
51543,41.6579191,-95.0731308
51544,41.3139034,-95.1033933
51545,41.8526628,-96.0120997
51546,41.6370768,-95.766074
51548,41.3171336,-95.6355109
51549,41.1858302,-95.4667071
51550,41.6923554,-95.8739054
51551,40.9908196,-95.5875013
51552,41.4861127,-95.1144073
51553,41.4146002,-95.547066
51554,41.1451058,-95.6812067
51555,41.559503,-95.9152571
51556,41.6428698,-96.0401041
51557,41.7336445,-96.0063653
51558,41.9159332,-95.8806363
51559,41.4553928,-95.6430374
51560,41.3135313,-95.4008648
51561,41.0050514,-95.8095521
51562,41.7250745,-95.4933193
51563,41.5706753,-95.5855849
51564,41.8095899,-95.9228276
51565,41.642894,-95.5244961
51566,41.0151231,-95.2297093
51570,41.5277239,-95.4654767
51571,41.1423304,-95.6165655
51572,41.9844133,-95.8077625
51573,40.9792353,-95.0947987
51575,41.2403146,-95.6024684
51576,41.3828764,-95.7149237
51577,41.4636129,-95.2037684
51578,41.7200684,-95.3950779
51579,41.761721,-95.7191269
51601,40.7355276,-95.3469844
51630,40.6010289,-95.1942744
51631,40.591423,-95.0099921
51632,40.7458411,-95.0465799
51636,40.6671474,-95.2352008
51637,40.6204415,-95.1183377
51638,40.8374388,-95.2662306
51639,40.7201382,-95.4664812
51640,40.6261853,-95.6614168
51645,40.8820633,-95.4228745
51646,40.7476852,-94.8744485
51647,40.6054257,-95.3451042
51648,40.7394749,-95.8003971
51649,40.8504057,-95.5270407
51650,40.678329,-95.5502057
51651,40.6565671,-95.0346942
51652,40.7725149,-95.6231379
51653,40.8784317,-95.6823218
51654,40.8348878,-95.7816246
51656,40.7352572,-95.154337
52001,42.5483229,-90.69367
52002,42.5247662,-90.7719031
52003,42.4307008,-90.6696822
52030,42.1531941,-90.5922774
52031,42.2525639,-90.4864206
52032,42.2896459,-90.8395338
52033,42.2794188,-91.0017694
52035,42.6707375,-91.1812135
52036,42.4728872,-91.3408904
52037,41.9672079,-90.6337252
52038,42.586686,-91.5614772
52039,42.5380968,-90.8574111
52040,42.5036409,-91.14169
52041,42.5060685,-91.2550501
52042,42.6785932,-91.3601599
52043,42.834004,-91.4262892
52044,42.7680783,-91.3232681
52045,42.4548711,-90.93113
52046,42.4402251,-91.011915
52047,42.9692862,-91.3417568
52048,42.7372918,-91.2557761
52049,42.8855654,-91.1993778
52050,42.6102977,-91.3267326
52052,42.7424433,-91.1167012
52053,42.6065675,-90.9639615
52054,42.305599,-90.6281565
52056,42.6040277,-91.072578
52057,42.490877,-91.4531919
52060,42.1011963,-90.6802776
52064,42.0935736,-90.3108258
52065,42.5835252,-91.1020463
52066,42.6858904,-90.9639998
52068,42.423798,-90.8112643
52069,42.0605153,-90.430017
52070,42.0843814,-90.2084685
52071,42.3623832,-90.5423453
52072,42.9202495,-91.3802593
52073,42.6188677,-90.8216433
52074,42.1104832,-90.4624294
52075,42.1657395,-90.4791744
52076,42.6971683,-91.5104184
52077,42.8209989,-91.562518
52078,42.395826,-91.115713
52079,42.2877541,-90.7190989
52101,43.3663285,-91.7729367
52132,43.2111618,-91.9281368
52133,43.1089061,-91.660578
52134,43.4715625,-92.4007911
52135,43.0206103,-91.662781
52136,43.3713944,-92.112398
52140,43.4456442,-91.5345723
52141,42.9311879,-91.6409293
52142,42.8259981,-91.7983002
52144,43.1395854,-91.9607445
52146,43.1759226,-91.2060209
52147,42.9447813,-91.9592929
52151,43.3464049,-91.2647941
52154,43.1179851,-92.1650581
52155,43.4127578,-92.2957161
52156,43.0531236,-91.4653856
52157,43.0218922,-91.2403089
52158,43.0431425,-91.1925271
52159,43.078784,-91.3655846
52160,43.4690504,-91.3512351
52161,43.1273059,-91.75621
52162,43.1106423,-91.5526663
52163,43.2197646,-92.1031457
52164,42.8547065,-91.9066113
52165,43.3085423,-91.9943051
52166,43.0679511,-91.9355108
52168,43.2034093,-91.9534123
52169,42.8607081,-91.6630691
52170,43.2288109,-91.3048241
52171,43.0682291,-92.0529428
52172,43.271159,-91.4837698
52175,42.9936698,-91.8238725
52201,41.3296599,-91.547062
52202,42.1592076,-91.6378434
52203,41.8138574,-91.8915896
52205,42.1162194,-91.2895685
52206,41.9918691,-91.8871669
52207,42.0927945,-90.829985
52208,41.8767823,-92.2569105
52209,41.908972,-92.0975596
52210,42.3340165,-91.9929529
52211,41.7538897,-92.4497528
52212,42.1087973,-91.0902728
52213,42.2018507,-91.7596502
52214,42.1878907,-91.5092788
52215,41.9135362,-92.4053054
52216,41.8835313,-91.0243877
52217,42.0794866,-92.4106626
52218,42.2954033,-91.5385784
52219,42.2375269,-91.4257277
52220,41.7266134,-91.9985284
52221,41.6409293,-92.3316985
52222,41.5764055,-92.3406501
52223,42.4126258,-91.3243964
52224,42.1575327,-92.2937192
52225,42.0129117,-92.3263367
52227,41.8944135,-91.5702202
52228,41.9022912,-91.7887029
52229,42.1446295,-92.1692343
52231,41.3588307,-92.0586286
52232,41.8048678,-92.3470893
52233,42.0492196,-91.6873279
52235,41.5781505,-91.5318738
52236,41.7333988,-91.8763554
52237,42.3408359,-91.2519521
52240,41.6307525,-91.4987812
52241,41.697221,-91.5974515
52242,41.6629388,-91.5435503
52245,41.6728777,-91.5121054
52246,41.648386,-91.5967926
52247,41.5186737,-91.72329
52248,41.3457725,-91.9353455
52249,42.0120083,-92.2051685
52251,41.7136153,-92.2100736
52252,42.1971286,-91.2272385
52253,41.8953471,-91.3533725
52254,41.9522765,-90.805353
52255,41.8629284,-90.9612946
52257,41.914813,-92.1723939
52301,41.7886509,-92.0820099
52302,42.0654154,-91.5608529
52305,42.0179622,-91.3421103
52306,41.8871411,-91.2542122
52307,41.7915234,-91.9024482
52308,41.573345,-92.1593576
52309,42.1316845,-90.8886419
52310,42.2203715,-91.195364
52312,42.0061681,-91.2452634
52313,42.2572653,-92.0966812
52314,41.9357112,-91.4478832
52315,42.0018214,-91.9698047
52316,41.5455733,-92.094822
52317,41.7671111,-91.634497
52318,41.8900597,-91.896534
52320,41.9991476,-91.1483604
52321,42.1416937,-90.9830935
52322,41.6927183,-91.762785
52323,41.9844287,-90.9533329
52324,42.0639498,-91.8060989
52325,41.5839068,-91.925884
52326,42.3947558,-91.7565098
52327,41.4771357,-91.5829886
52328,42.0719433,-91.6664025
52329,42.351929,-91.8601166
52330,42.352611,-91.5007658
52332,42.0980534,-91.887293
52333,41.8036705,-91.4871208
52334,41.7308002,-91.9435555
52335,41.4679609,-92.0537959
52336,42.0737844,-91.4418346
52337,41.8821504,-91.142842
52338,41.8178997,-91.7075008
52339,41.9279439,-92.5870914
52340,41.7055641,-91.6766779
52341,42.1028543,-91.7261791
52342,42.0434948,-92.5585479
52344,42.2920069,-91.6832833
52345,42.2224238,-91.891704
52346,42.0129736,-92.0811923
52347,41.7134671,-92.2858853
52348,41.9932997,-92.3859551
52349,42.1721814,-92.0092595
52351,41.8749133,-91.835325
52352,42.2891297,-91.7779656
52353,41.2988338,-91.7156426
52354,41.9188394,-91.9885946
52355,41.4606173,-92.1918321
52356,41.4749072,-91.8476862
52358,41.6914014,-91.3184331
52359,41.3543121,-91.8100764
52361,41.6409382,-92.0159789
52362,42.0584105,-91.0031845
52401,41.9754858,-91.6591716
52402,42.023172,-91.6596131
52403,41.9659594,-91.5660542
52404,41.9230462,-91.6885011
52405,41.9833952,-91.7461508
52411,42.0538191,-91.7292662
52501,41.0443687,-92.4290605
52530,40.9890561,-92.2961939
52531,41.025726,-92.819758
52533,41.0083858,-92.1464249
52534,41.2734252,-92.6806961
52535,40.8629435,-91.9595725
52536,40.9574657,-92.6089099
52537,40.7349739,-92.4136374
52540,41.15681,-91.8230332
52542,40.6198504,-92.056237
52543,41.2019774,-92.5126688
52544,40.7066418,-92.912272
52548,41.0854795,-92.5306302
52549,40.6186418,-92.9431134
52550,41.3146057,-92.3559925
52551,40.8188835,-92.1003869
52552,40.8270925,-92.5487481
52553,41.1484317,-92.6549289
52554,40.9253493,-92.2357368
52555,40.6443154,-92.8162266
52556,41.0242191,-91.9275194
52557,41.0200666,-91.9663644
52560,40.8548456,-92.2492464
52561,41.2202894,-92.452261
52562,41.2653872,-92.2485859
52563,41.1683463,-92.2818112
52565,40.7420778,-91.9344993
52566,41.1288974,-92.5054956
52567,40.9317201,-92.0721907
52568,41.1778979,-92.2507711
52569,40.9807314,-93.0496076
52570,40.6874083,-92.1462001
52571,40.8739456,-92.8322637
52572,40.6705364,-92.6884136
52573,40.627569,-91.9288495
52574,40.8098083,-92.9632938
52576,41.2151533,-92.1094194
52577,41.2715151,-92.6624121
52580,41.105218,-92.090331
52581,40.8012198,-93.0639489
52583,40.804862,-93.1462766
52584,40.6534743,-92.2407587
52585,41.1892824,-91.9862273
52586,41.3449677,-92.4613772
52588,40.8578506,-92.1601536
52590,40.6657037,-93.1446413
52591,41.3166227,-92.1913595
52593,40.7722925,-92.7462313
52594,40.8360212,-92.6524045
52595,41.2884709,-92.6150524
52601,40.8560495,-91.1297513
52619,40.5201449,-91.5651723
52620,40.7023656,-91.7968473
52621,41.208542,-91.5337547
52623,40.8494223,-91.337312
52624,40.7347937,-91.3361004
52625,40.6607839,-91.5741975
52626,40.6374551,-91.7255911
52627,40.6582055,-91.3562762
52630,40.8056157,-91.6935807
52631,40.783093,-91.6123545
52632,40.4319395,-91.4446121
52635,40.9914154,-91.7612959
52637,41.0175471,-91.1458881
52638,40.8014531,-91.2423271
52639,40.5325661,-91.4783233
52640,41.1012374,-91.280466
52641,40.9877203,-91.5901656
52644,41.0398614,-91.4153502
52645,40.9122814,-91.4042979
52646,41.069656,-91.0167756
52647,41.1341846,-91.545051
52649,40.8385403,-91.612137
52650,40.9512046,-91.1520336
52651,40.8641464,-91.8137199
52652,41.0979355,-91.5542262
52653,41.1629303,-91.1539932
52654,41.1406934,-91.67175
52655,40.8472629,-91.2139136
52656,40.7398143,-91.4554997
52657,40.7678467,-91.5164239
52658,40.6994039,-91.2296536
52659,41.132465,-91.4367206
52660,40.9945961,-91.2993703
52701,41.9819845,-90.2490633
52720,41.5877235,-91.1733858
52721,41.7558784,-90.9632983
52722,41.5691899,-90.4714904
52726,41.4963272,-90.7803785
52727,41.9547878,-90.3259397
52728,41.4587768,-90.7264795
52729,41.8001835,-90.7356908
52730,41.7756682,-90.3353579
52731,41.9663531,-90.4855227
52732,41.8910438,-90.2530047
52737,41.2591785,-91.374738
52738,41.2735582,-91.3779038
52739,41.3734175,-91.3674804
52742,41.8382993,-90.5196542
52745,41.7186021,-90.7664822
52746,41.7164546,-90.6703916
52747,41.5980839,-90.9117122
52748,41.6657765,-90.5549237
52749,41.3460361,-91.1311451
52750,41.9370243,-90.3970488
52751,41.8352037,-90.6996636
52752,41.2746555,-91.191072
52753,41.6285487,-90.3859266
52754,41.3387594,-91.2423401
52755,41.4793441,-91.434347
52756,41.7291133,-90.5415897
52757,41.8033852,-90.3551869
52758,41.742414,-90.4373139
52759,41.4604389,-90.8098506
52760,41.5522377,-91.0685708
52761,41.4399312,-91.0642592
52765,41.720929,-90.8690548
52766,41.4675426,-91.2954213
52767,41.5738263,-90.4249916
52768,41.7006799,-90.3869974
52769,41.6058055,-90.8472339
52771,42.0196154,-90.2570531
52772,41.7418552,-91.154707
52773,41.6215439,-90.7527514
52774,41.9075383,-90.5959066
52776,41.5788352,-91.2734486
52777,41.8473605,-90.8553005
52778,41.6045857,-91.0064034
52801,41.5210382,-90.5748493
52802,41.4945145,-90.6371868
52803,41.5389466,-90.5559767
52804,41.5324772,-90.6812451
52806,41.5891694,-90.625469
52807,41.6106451,-90.5162984
53001,43.6078772,-88.055245
53002,43.4639717,-88.3520574
53003,43.2122831,-88.5196181
53004,43.4995172,-87.880511
53005,43.0624012,-88.0988042
53006,43.6200982,-88.5335552
53007,43.1084485,-88.072232
53010,43.6125341,-88.2720169
53011,43.6595836,-88.0913885
53012,43.314732,-88.0346394
53013,43.5653176,-87.8469167
53014,44.0260761,-88.1763118
53015,43.9076894,-87.7859991
53016,43.3110626,-88.7176793
53017,43.2015463,-88.2525571
53018,43.0481563,-88.3905005
53019,43.6962722,-88.3027876
53020,43.8617769,-88.0114148
53021,43.4946501,-88.0093286
53022,43.2321792,-88.1157998
53023,43.780438,-88.1066705
53024,43.3320432,-87.9327273
53027,43.3162669,-88.3710749
53029,43.1466029,-88.341
53031,43.6404012,-87.9178198
53032,43.4467233,-88.6234521
53033,43.2396134,-88.25398
53034,43.3301684,-88.6187843
53035,43.3877744,-88.5434216
53036,43.1796613,-88.575045
53037,43.3127011,-88.1603859
53038,43.0845773,-88.7909932
53039,43.3697861,-88.7094656
53040,43.5269649,-88.1910274
53042,43.9568732,-87.9723293
53044,43.738345,-87.783011
53045,43.0588888,-88.1525198
53046,43.15724,-88.1581982
53047,43.2605035,-88.628678
53048,43.5737965,-88.4571527
53049,43.8861156,-88.2886052
53050,43.5105493,-88.5473537
53051,43.1594108,-88.1215481
53057,43.7946888,-88.2367926
53058,43.1123525,-88.4115792
53059,43.2884684,-88.5249782
53061,43.9454268,-88.120654
53063,43.9635001,-87.8029283
53065,43.6797721,-88.5716248
53066,43.1139162,-88.4891946
53069,43.1126645,-88.4329859
53070,43.620528,-87.806981
53072,43.0799554,-88.2665951
53073,43.7515411,-87.9962654
53074,43.4311394,-87.8873224
53075,43.5645151,-87.9909689
53076,43.2696589,-88.2089994
53078,43.3177032,-88.4662132
53079,43.8145324,-88.1994683
53080,43.4057258,-87.986276
53081,43.7103285,-87.733076
53083,43.8159954,-87.7644875
53085,43.7328383,-87.8554519
53086,43.3296855,-88.2732168
53088,44.071746,-88.2995916
53089,43.1454692,-88.2383021
53090,43.4622666,-88.1716864
53091,43.4996243,-88.4345622
53092,43.2149638,-87.9512179
53093,43.6500605,-87.9355697
53094,43.1440172,-88.731994
53095,43.3876705,-88.1582845
53097,43.2420489,-88.0098232
53098,43.2537421,-88.7105838
53099,43.3804462,-88.5257044
53103,42.8805334,-88.2173343
53104,42.547457,-88.0392795
53105,42.6636004,-88.280304
53108,42.815148,-87.9429858
53110,42.9505048,-87.8608826
53114,42.6093523,-88.7458861
53115,42.6566033,-88.6682939
53118,42.9624947,-88.491539
53119,42.8930898,-88.4856083
53120,42.8027498,-88.4174475
53121,42.7196652,-88.5343174
53122,43.0475203,-88.0870288
53125,42.5457059,-88.5616685
53126,42.7944815,-87.997744
53127,42.9562455,-88.3804215
53128,42.5286067,-88.3352323
53129,42.9399929,-88.0008572
53130,42.9412314,-88.0494996
53132,42.8864042,-88.0120269
53137,43.0078827,-88.6690776
53139,42.6855117,-88.1207972
53140,42.620224,-87.8283475
53142,42.5616948,-87.8917567
53143,42.5615653,-87.8289564
53144,42.6221216,-87.9201779
53146,42.973705,-88.1553845
53147,42.5582041,-88.451878
53149,42.8753709,-88.3415813
53150,42.8713558,-88.1343199
53151,42.9739302,-88.0955664
53153,42.9408911,-88.4021076
53154,42.8786931,-87.8986759
53156,42.8898747,-88.5888449
53157,42.5376938,-88.3685546
53158,42.5245897,-87.8857537
53167,42.7300695,-88.2254044
53168,42.5754732,-88.1243552
53170,42.5555478,-88.1562458
53172,42.9119976,-87.8596637
53176,42.6430451,-88.4144576
53177,42.704395,-87.9339592
53178,43.0295446,-88.5967885
53179,42.513801,-88.1305882
53181,42.5198454,-88.2409972
53182,42.697723,-88.0405161
53183,43.0058374,-88.3703573
53184,42.5204858,-88.6131994
53185,42.7982048,-88.194451
53186,43.0221546,-88.2046763
53188,43.020011,-88.2944108
53189,42.944064,-88.290974
53190,42.8077739,-88.7362041
53191,42.5775433,-88.5459635
53192,42.5164508,-88.1842863
53195,42.513955,-88.4901075
53202,43.0496727,-87.8923838
53203,43.0380697,-87.9145334
53204,43.018587,-87.926053
53205,43.0535756,-87.9335312
53206,43.0752298,-87.9335209
53207,42.9750966,-87.8988997
53208,43.0439788,-87.9680961
53209,43.1278013,-87.9494339
53210,43.0688859,-87.9738153
53211,43.0830564,-87.8833046
53212,43.0738571,-87.9086039
53213,43.0488005,-88.0018251
53214,43.0203278,-88.0128661
53215,42.9992726,-87.9430176
53216,43.0863327,-87.9763209
53217,43.1582248,-87.9132313
53218,43.1137196,-87.9929796
53219,42.9951812,-87.9936879
53220,42.9651717,-87.9913278
53221,42.9539088,-87.9433062
53222,43.0814013,-88.0349661
53223,43.1610267,-87.9881112
53224,43.1633303,-88.0396987
53225,43.1142663,-88.0429472
53226,43.0506315,-88.0431608
53227,42.9958136,-88.0420173
53228,42.9690463,-88.0432244
53233,43.0369144,-87.9335082
53235,42.9731069,-87.8678954
53295,43.0222702,-87.9766175
53402,42.7958885,-87.8165316
53403,42.6841708,-87.8155333
53404,42.7608337,-87.8152779
53405,42.727644,-87.8291344
53406,42.734536,-87.8648925
53501,42.6035463,-89.0756613
53502,42.7304062,-89.4380687
53503,43.1429758,-89.9575065
53504,42.7175242,-89.8505031
53505,42.6610738,-88.8208971
53506,43.1648164,-90.2863477
53507,42.9842659,-89.9140263
53508,42.8661878,-89.5755816
53510,42.7424263,-90.3226066
53511,42.5464281,-89.1067151
53515,43.1150041,-89.7393383
53516,42.7968502,-89.8735656
53517,43.0569828,-89.8323294
53518,43.240989,-90.5951299
53520,42.600902,-89.3611631
53521,42.8381054,-89.4003023
53522,42.5569093,-89.7834898
53523,42.984409,-89.0288391
53525,42.5440316,-88.8466227
53526,42.9743185,-90.3444071
53527,43.0513571,-89.1922572
53528,43.1183001,-89.6380136
53529,43.2430737,-89.5310976
53530,42.693554,-90.1116583
53531,43.0568905,-89.0995357
53532,43.249739,-89.3267127
53533,42.9968204,-90.1623244
53534,42.8608232,-89.0933096
53536,42.7612331,-89.2678618
53537,42.6726787,-89.2106008
53538,42.9089354,-88.8715631
53540,43.2218289,-90.2936103
53541,42.5697076,-90.0296632
53543,43.0575679,-90.3454599
53544,42.8775596,-89.9056628
53545,42.7387349,-89.0402237
53546,42.6522444,-88.9481662
53548,42.6893221,-89.131287
53549,42.9844855,-88.7655836
53550,42.5528419,-89.4939301
53551,43.0794792,-88.9160977
53553,42.9123243,-90.2969583
53554,42.9086944,-90.4406669
53555,43.3201542,-89.5557837
53556,43.2381145,-90.2455146
53557,43.3389494,-88.7976608
53558,42.9971276,-89.2754814
53559,43.1655731,-89.0819011
53560,43.1922551,-89.7376658
53561,43.399407,-89.6516908
53562,43.1159518,-89.5434725
53563,42.7810254,-88.9335155
53565,42.8374848,-90.1665928
53566,42.6091457,-89.6494286
53569,42.9892353,-90.4348577
53570,42.7310543,-89.6195804
53571,43.2779057,-89.3536407
53572,42.960808,-89.7500869
53573,43.180877,-90.4592788
53574,42.8185166,-89.6518249
53575,42.9316094,-89.3870822
53576,42.625738,-89.2332122
53577,43.3116085,-90.0643492
53578,43.3110924,-89.768881
53579,43.2959808,-88.8677346
53580,42.8594392,-90.3813009
53581,43.3767382,-90.4194741
53582,43.0183744,-89.9787967
53583,43.251453,-89.8139191
53584,43.2793668,-90.294675
53585,42.5304555,-88.720628
53586,42.5727305,-90.2270243
53587,42.5803071,-89.9041449
53588,43.1891631,-90.080481
53589,42.9282552,-89.2152368
53590,43.1998901,-89.2071483
53593,42.9851983,-89.5793374
53594,43.183316,-88.9712283
53597,43.1814102,-89.4573731
53598,43.2097365,-89.3365324
53599,42.647308,-89.8572058
53703,43.0796072,-89.3784229
53704,43.135832,-89.3474798
53705,43.0740143,-89.4605087
53706,43.0750219,-89.4099692
53711,43.0108206,-89.4143733
53713,43.0369814,-89.3932476
53714,43.1003484,-89.3119657
53715,43.0556105,-89.3878076
53716,43.065149,-89.3150154
53717,43.0676858,-89.5210558
53718,43.0970194,-89.274603
53719,43.0475331,-89.5062631
53726,43.0706992,-89.4218963
53792,43.0771656,-89.4304116
53801,42.9248325,-91.0745596
53802,42.8054568,-90.8936024
53803,42.5591385,-90.3550778
53804,42.8764565,-90.9079823
53805,43.1429762,-90.6830038
53806,42.7298523,-90.9198449
53807,42.6168354,-90.4727005
53808,42.6374316,-90.5920598
53809,42.9936225,-90.633235
53810,42.8198506,-90.9978892
53811,42.5411922,-90.5251218
53812,42.5808052,-90.6024208
53813,42.8439648,-90.7169818
53816,42.977951,-90.8577277
53817,42.9402877,-90.9723431
53818,42.7456996,-90.492321
53820,42.6997718,-90.7014675
53821,43.0490764,-91.0573341
53825,42.9183403,-90.5885045
53826,43.1137364,-90.9246581
53827,43.045865,-90.8204729
53901,43.5609072,-89.4831469
53910,43.8866779,-89.8077484
53911,43.3258178,-89.3675033
53913,43.4927726,-89.7287302
53916,43.4559755,-88.8485151
53919,43.7338608,-88.776014
53920,43.6707225,-89.6045984
53922,43.5209296,-88.7151468
53923,43.574139,-89.1383629
53924,43.4834107,-90.261729
53925,43.3267033,-89.0571475
53926,43.6668816,-89.2228387
53928,43.4180984,-89.1550318
53929,43.7566103,-90.2909957
53930,43.6852122,-89.4981441
53931,43.7425415,-88.8669386
53932,43.4223618,-89.0553282
53933,43.5840461,-88.8752138
53934,43.9794895,-89.8236335
53935,43.5876317,-89.0655505
53936,43.8688929,-89.7073057
53937,43.386885,-90.1454244
53939,43.6903807,-89.1388393
53940,43.591278,-89.794431
53941,43.5801492,-90.1357758
53942,43.4639551,-90.1653314
53943,43.3868189,-90.0352544
53944,43.6884164,-89.9301812
53946,43.7193814,-89.0216615
53947,43.7467679,-89.1376714
53948,43.7765591,-90.0402486
53949,43.7826149,-89.3396442
53950,43.9011562,-90.1377984
53951,43.3879304,-89.8762473
53952,43.7849268,-89.5896902
53953,43.7660958,-89.4579162
53954,43.5515404,-89.3139113
53955,43.399878,-89.3986895
53956,43.5420194,-89.0175658
53959,43.5335017,-89.9973491
53960,43.4260849,-89.235375
53961,43.463686,-89.9443414
53962,43.6835305,-90.2649857
53963,43.6346711,-88.7375893
53964,43.9125817,-89.5125021
53965,43.6714224,-89.7481343
53968,43.6353149,-90.2358539
53969,43.4956621,-89.3002823
54001,45.3343295,-92.3866072
54002,44.9596269,-92.3718573
54003,44.7831018,-92.4464051
54004,45.3022198,-92.1251769
54005,45.2286022,-92.2301007
54006,45.5905053,-92.6466865
54007,45.190329,-92.3529396
54009,45.3525211,-92.577819
54011,44.7182921,-92.4647063
54013,45.0829503,-92.2281661
54014,44.6487044,-92.5727689
54015,44.9708152,-92.4531634
54016,44.9812142,-92.6947852
54017,45.1200189,-92.5197898
54020,45.2747604,-92.6620386
54021,44.7341831,-92.7063075
54022,44.8468565,-92.6111181
54023,44.977409,-92.5481964
54024,45.5017,-92.6407333
54025,45.1437507,-92.6803576
54026,45.2275788,-92.5347403
54027,44.9240264,-92.1998579
54028,44.9549676,-92.2834128
54082,45.0695634,-92.7511
54101,44.7857852,-88.0750815
54102,45.4980291,-88.0145977
54103,45.6368796,-88.5162963
54104,45.4343998,-88.271131
54106,44.4854619,-88.4565885
54107,44.700663,-88.4569419
54110,44.1848854,-88.0819002
54111,44.8121023,-88.3800183
54112,45.054691,-88.0548396
54113,44.2619946,-88.3095341
54114,45.2454136,-88.1088641
54115,44.4053683,-88.0893501
54119,45.6119795,-88.1963439
54120,45.8034538,-88.5693287
54121,45.8656429,-88.3269644
54123,44.2087785,-88.1551843
54124,44.9080226,-88.3452333
54125,45.5791375,-88.4016223
54126,44.2889331,-88.032469
54127,44.796922,-88.2681736
54128,44.8648384,-88.8087571
54129,44.1251116,-88.1994046
54130,44.311017,-88.2440788
54135,44.9077171,-88.6265886
54136,44.2682188,-88.3385347
54137,44.7584297,-88.2561037
54138,45.3336056,-88.4096888
54139,44.9568442,-88.0755053
54140,44.288433,-88.3105525
54141,44.7285845,-87.9983178
54143,45.0761693,-87.6988328
54149,45.2111709,-88.4435132
54150,44.9691977,-88.7881754
54151,45.7254407,-87.9882173
54152,44.5664661,-88.4705281
54153,44.8980691,-87.9157398
54154,44.8736904,-88.1820677
54155,44.5274953,-88.2005481
54156,45.6103589,-87.9441687
54157,45.0482307,-87.8112002
54159,45.1933546,-87.8388491
54160,44.1184813,-88.101704
54161,45.1351865,-88.1506386
54162,44.6625399,-88.2709044
54165,44.5212153,-88.3163343
54166,44.7787889,-88.6345675
54169,44.1766863,-88.280739
54170,44.5360957,-88.5769303
54171,44.7152307,-88.096472
54173,44.6407488,-88.0148856
54174,45.0344896,-88.4373766
54175,45.3043911,-88.6253598
54177,45.3661065,-87.9131378
54180,44.3302191,-88.1783037
54201,44.6268232,-87.4866143
54202,45.0873068,-87.1400614
54204,44.7554737,-87.6053182
54205,44.6107504,-87.6324434
54207,44.080075,-87.9822562
54208,44.3635649,-87.7995952
54209,45.0179456,-87.2703938
54210,45.2462468,-87.0359154
54211,45.1603589,-87.1663693
54212,45.109775,-87.209029
54213,44.6951622,-87.5282283
54214,44.1989301,-87.7144444
54215,44.2267736,-87.8033165
54216,44.438598,-87.5699112
54217,44.5481178,-87.7178994
54220,44.091177,-87.7245107
54227,44.2841154,-87.8047986
54228,44.2781615,-87.6502839
54229,44.5600609,-87.8155168
54230,44.1598387,-87.9150401
54232,44.0073453,-87.924787
54234,45.1816991,-87.1004028
54235,44.8436126,-87.3727899
54241,44.2158706,-87.594706
54245,44.0309241,-87.8980608
54246,45.3732093,-86.8993744
54247,44.1999728,-87.7900947
54301,44.480778,-88.0160633
54302,44.506657,-87.9762848
54303,44.5433493,-88.0471761
54304,44.49279,-88.0673006
54307,44.4704578,-88.0365944
54311,44.4803185,-87.8920824
54313,44.5837728,-88.1150371
54401,44.9668211,-89.7094209
54403,45.0185047,-89.5251172
54405,44.9675297,-90.2822683
54406,44.412217,-89.3049303
54407,44.5321938,-89.2817692
54408,45.0255815,-89.3239966
54409,45.122181,-89.1708715
54410,44.5422908,-90.0305987
54411,45.06256,-90.0334184
54412,44.6632649,-89.9742251
54413,44.2914536,-90.1481972
54414,44.9596726,-89.1768573
54416,44.8841176,-88.9484197
54417,45.0271871,-89.6541278
54418,45.2117948,-88.9830324
54420,44.6100768,-90.3506828
54421,44.8951912,-90.288689
54422,44.9773416,-90.4453954
54423,44.5788918,-89.4259185
54424,45.286662,-89.1923344
54425,45.0067823,-90.341083
54426,44.9114984,-89.996824
54427,44.8246164,-89.2571335
54428,45.443489,-89.161449
54430,45.1360796,-88.885701
54433,45.2266739,-90.812628
54435,45.3604678,-89.4381971
54436,44.5345628,-90.4271618
54437,44.777208,-90.6291358
54440,44.8070944,-89.3909748
54441,44.6420114,-90.1060397
54442,45.3588545,-89.6589799
54443,44.6089217,-89.7517249
54446,44.7477849,-90.4664107
54447,45.1066468,-90.7220897
54448,44.9336905,-89.8316644
54449,44.6377048,-90.1968006
54450,45.0036486,-89.0418046
54451,45.1973897,-90.4076514
54452,45.2177291,-89.7936429
54454,44.6019826,-89.8839735
54455,44.7668207,-89.6844736
54456,44.5443964,-90.6327808
54457,44.2292582,-89.8975011
54458,44.4971177,-89.3061416
54459,45.4125879,-90.2374324
54460,44.9534222,-90.5328954
54462,45.392002,-89.0073928
54463,45.4986523,-89.2328175
54464,45.0547741,-89.0174805
54465,45.3962631,-88.8757437
54466,44.3854586,-90.3270459
54467,44.4139193,-89.5389014
54469,44.3451491,-89.8740868
54470,45.2918946,-90.136696
54471,44.9307189,-89.4243162
54473,44.6506445,-89.3523679
54474,44.873714,-89.6197505
54475,44.4846092,-89.7931256
54476,44.8899604,-89.5207249
54479,44.7506108,-90.3319887
54480,45.0543099,-90.2692886
54481,44.5225018,-89.6461365
54482,44.5504164,-89.5094495
54484,44.800275,-90.0816666
54485,45.3934376,-89.2202861
54486,44.7180484,-89.0452269
54487,45.5109486,-89.7441836
54488,44.8431459,-90.346204
54489,44.4607765,-90.0039866
54490,45.3253801,-90.4086265
54491,45.2274806,-88.7490065
54493,44.6967603,-90.8107201
54494,44.3408072,-89.735011
54495,44.3916554,-89.9587048
54498,45.0351122,-90.6290223
54499,44.7898314,-89.1764047
54501,45.6576146,-89.3492388
54511,45.7374761,-88.8231363
54512,46.0911513,-89.659025
54513,45.5783724,-90.1412546
54514,46.032511,-90.4958235
54515,45.5126028,-90.4910976
54517,46.1210505,-90.9340416
54519,46.0547487,-89.2635682
54520,45.5412403,-88.9329002
54521,45.9162314,-89.2541647
54524,45.828127,-90.3924068
54525,46.4343584,-90.2255073
54526,45.5292709,-90.8571795
54527,46.1261717,-90.6403246
54529,45.6777107,-89.6671646
54530,45.5290659,-90.7154446
54531,45.7528234,-89.7746516
54534,46.352058,-90.2237196
54536,46.3476984,-90.3380708
54537,45.5338154,-90.6022336
54538,45.9796267,-89.9265805
54539,45.8091751,-89.5774037
54540,46.1547914,-89.3727378
54541,45.5536312,-88.6620728
54542,45.9226078,-88.7453424
54545,46.1339954,-89.8545175
54546,46.2873126,-90.7489545
54547,46.2115899,-90.10617
54548,45.8660145,-89.8317354
54550,46.3478445,-90.2594374
54552,45.929782,-90.2928205
54554,46.0600323,-89.0640521
54555,45.7680463,-90.3304766
54556,45.5347304,-90.3170669
54557,46.2117749,-89.7478429
54558,45.9251253,-89.4993819
54559,46.4952084,-90.4912299
54560,46.0366771,-89.5523046
54561,46.0691501,-89.4265267
54562,45.8026551,-89.0793441
54563,45.4601608,-90.9705494
54564,45.6041324,-89.9614295
54565,46.2848279,-90.4655133
54566,45.4283456,-88.6306585
54568,45.9608785,-89.6681722
54601,43.8062426,-91.1406318
54603,43.8577417,-91.2517752
54610,44.3651167,-91.8317136
54611,44.4462253,-90.9515824
54612,44.2495939,-91.5015126
54613,44.0755851,-89.9237442
54614,43.904941,-90.9528423
54615,44.2663522,-90.7842168
54616,44.3114646,-91.2138538
54618,43.963629,-90.2858544
54619,43.7575003,-90.7742311
54621,43.6465082,-91.0823106
54622,44.2734287,-91.7739718
54623,43.72924,-91.0272119
54624,43.4615058,-91.131141
54625,44.1328647,-91.5250523
54626,43.2196616,-91.0540764
54627,44.1714537,-91.226764
54628,43.3729938,-91.0261766
54629,44.1740536,-91.6393395
54630,44.1227488,-91.373028
54631,43.2885626,-90.8332688
54632,43.5610849,-91.1469322
54634,43.5816808,-90.4223914
54635,44.4029042,-91.0455525
54636,44.0031642,-91.223953
54637,43.878745,-90.2707783
54638,43.785642,-90.4050614
54639,43.6108087,-90.5996461
54642,44.1520761,-91.0449439
54643,44.1881801,-90.6323704
54644,44.0360844,-91.0634082
54645,43.3207986,-90.9290394
54646,44.0828215,-90.0929682
54648,43.8369183,-90.6344998
54650,43.9094048,-91.2248293
54651,43.7230398,-90.566398
54652,43.4756893,-90.7723326
54653,43.8213658,-90.9269224
54654,43.2685392,-90.9541977
54655,43.3709586,-90.7590608
54656,43.9900867,-90.8031899
54657,43.1993506,-90.9096876
54658,43.6825964,-91.1870995
54659,44.2870602,-91.0962739
54660,43.9850088,-90.5054367
54661,44.057603,-91.4678282
54664,43.4883296,-90.6429042
54665,43.531978,-90.928599
54666,44.170133,-90.4496682
54667,43.6663658,-90.8647794
54669,43.911169,-91.0839533
54670,43.8379917,-90.4827225
54701,44.7519836,-91.5149983
54703,44.834611,-91.5204482
54720,44.805042,-91.4370189
54721,44.6337438,-92.0827314
54722,44.7118118,-91.0960034
54723,44.610586,-92.4194253
54724,45.1078132,-91.4844091
54725,45.0731943,-91.9909147
54726,44.9372351,-91.0259039
54727,44.9539527,-91.1591065
54728,45.3079496,-91.637762
54729,44.9463562,-91.3945236
54730,45.0185178,-91.7196084
54731,45.3498368,-91.0903979
54732,45.1446301,-91.1704884
54733,45.2786602,-91.8501817
54734,45.0932828,-92.1141288
54736,44.6128682,-91.9246131
54737,44.7184104,-91.9816258
54738,44.5882916,-91.4888126
54739,44.8597828,-91.7011619
54740,44.7514367,-92.1668068
54741,44.6102339,-90.9800751
54742,44.762783,-91.2720406
54745,45.2511317,-91.1234011
54746,44.5478559,-90.8644099
54747,44.3949584,-91.5004521
54748,45.0750832,-91.2630201
54749,44.9511988,-92.0991001
54750,44.6352857,-92.2849535
54751,44.8506302,-91.9335024
54754,44.4264358,-90.7739687
54755,44.5757536,-91.6812931
54756,44.4680711,-91.9396037
54757,45.2371974,-91.5223485
54758,44.5579185,-91.2165219
54759,44.4978779,-92.1209301
54760,44.4241416,-91.206127
54761,44.6232355,-92.1783002
54762,45.2564738,-91.9967065
54763,45.1802481,-91.875269
54766,45.3407382,-90.8579893
54767,44.8298996,-92.2552374
54768,44.9671204,-90.9270853
54769,44.5095427,-92.2274395
54770,44.5519503,-91.3730645
54771,44.9239397,-90.8067396
54772,45.081011,-91.8873965
54773,44.3900165,-91.2964002
54801,45.8639193,-91.9374638
54805,45.4120587,-92.0235374
54806,46.5517588,-90.8456563
54810,45.4572193,-92.3883693
54812,45.3924673,-91.8826219
54813,45.657437,-92.022462
54814,46.8633103,-90.9012055
54817,45.6764328,-91.5323672
54819,45.4757754,-91.3021376
54820,46.5565573,-91.5620132
54821,46.2169707,-91.1661871
54822,45.4009365,-91.6944126
54824,45.4847151,-92.5398872
54826,45.496504,-92.1768174
54827,46.8011744,-91.1115935
54828,45.8409777,-91.294249
54829,45.5678835,-92.0765241
54830,46.1060136,-92.225683
54832,46.3192871,-91.343441
54835,45.6798378,-91.2499375
54836,46.4544383,-92.1950411
54837,45.6742841,-92.3577093
54838,46.249103,-91.7944002
54839,46.3563745,-91.1507152
54840,45.7512621,-92.6923834
54841,45.6075931,-91.7785879
54842,46.4907926,-91.8719646
54843,46.0236044,-91.293027
54844,46.7814647,-91.2154718
54845,45.8035433,-92.1445044
54846,46.3783165,-90.7202383
54847,46.5793257,-91.3998495
54848,45.5160395,-91.1038221
54849,46.4822446,-91.7167102
54850,46.9406451,-90.5708301
54853,45.5764038,-92.4586707
54854,46.6503801,-91.667167
54855,46.3826309,-90.8275196
54856,46.432392,-91.1099053
54857,45.5934074,-91.5992982
54858,45.5193819,-92.4578442
54859,46.1260547,-91.8488341
54861,46.5989337,-90.6433115
54862,45.8075752,-91.1181615
54864,46.602212,-91.8014382
54865,46.7560003,-91.3748424
54867,45.8216945,-91.2031226
54868,45.5281481,-91.7165766
54870,45.70926,-91.7752733
54871,45.7496342,-92.0020231
54872,45.7723103,-92.3915139
54873,46.3463446,-91.7022305
54874,46.5717975,-91.9387467
54875,45.9735068,-91.6930539
54876,45.827511,-91.501096
54880,46.5908739,-92.1283097
54888,45.9748068,-91.8668921
54889,45.4151131,-92.1701067
54891,46.6977661,-90.9711675
54893,45.8786855,-92.326006
54895,45.4494322,-91.4607596
54896,45.8062232,-90.8835462
54901,44.0627591,-88.535773
54902,43.9468951,-88.5402852
54904,44.0233998,-88.6238385
54909,44.280704,-89.3674041
54911,44.281533,-88.3810027
54913,44.3359963,-88.3999705
54914,44.2676339,-88.4990462
54915,44.2420882,-88.3610836
54921,44.2957411,-89.5793007
54922,44.5486378,-88.7427488
54923,43.9977199,-88.9667996
54926,44.6156065,-89.0202386
54927,44.1031282,-88.654369
54928,44.7527041,-88.8792322
54929,44.6409375,-88.7399821
54930,44.0326403,-89.5547993
54931,44.2702245,-88.668244
54932,43.8403393,-88.6194397
54933,44.6586108,-88.7140398
54935,43.7754574,-88.4326013
54937,43.7241065,-88.3981628
54940,44.2203699,-88.842561
54941,43.8447028,-88.9928817
54942,44.2990125,-88.5426739
54943,44.1225617,-89.5726648
54944,44.3246865,-88.6269563
54945,44.5686364,-89.1368258
54946,44.337097,-89.1451137
54947,44.2035945,-88.6987491
54948,44.7760616,-88.8856467
54949,44.494046,-88.91261
54950,44.6572152,-88.9180837
54952,44.202041,-88.3394179
54956,44.1823366,-88.5276468
54960,43.9417335,-89.2189983
54961,44.4102044,-88.7616875
54962,44.486188,-89.030971
54963,44.0456435,-88.7672795
54964,43.9156141,-88.7419446
54965,44.1679726,-89.043887
54966,44.2101018,-89.5047797
54967,44.1267401,-88.9757922
54968,43.8469154,-89.1360823
54970,44.0727626,-89.098173
54971,43.8563478,-88.8307848
54974,43.7818412,-88.6521362
54977,44.4611757,-89.1712112
54978,44.7942392,-88.9140007
54979,43.8725351,-88.5363986
54980,43.9861245,-88.7659411
54981,44.3226748,-89.1314808
54982,44.0697535,-89.2928306
54983,44.3168621,-88.935165
54984,44.1905658,-89.2234572
54985,44.0756375,-88.5197166
54986,44.1174916,-88.7474269
55001,44.898777,-92.8191059
55003,45.0074757,-92.7790642
55005,45.3961066,-93.2184645
55006,45.7382664,-93.1989387
55007,45.9712925,-93.1178489
55008,45.5694882,-93.2766319
55009,44.4805638,-92.8710848
55011,45.3444234,-93.252018
55012,45.437981,-92.7883542
55013,45.3517564,-92.8874998
55014,45.1683486,-93.1237524
55016,44.8167351,-92.9337298
55017,45.6712789,-93.4376826
55018,44.4148341,-92.9841841
55019,44.4110035,-93.2502618
55020,44.5782649,-93.3743445
55021,44.2975135,-93.2739143
55024,44.6287257,-93.1355943
55025,45.2603519,-93.0165287
55026,44.5214283,-92.3362142
55027,44.4063416,-92.6093914
55029,45.6351646,-93.2011901
55030,45.8483376,-93.1201697
55031,44.6125174,-92.9621634
55032,45.5903125,-92.9930365
55033,44.7110071,-92.858662
55036,45.871312,-93.1197038
55037,46.0077132,-92.7929797
55038,45.1733898,-92.9811809
55040,45.4685313,-93.2779253
55041,44.3928129,-92.3338849
55042,44.9882994,-92.8924143
55043,44.936502,-92.7683109
55044,44.642146,-93.2764462
55045,45.3957376,-92.8281889
55046,44.4427843,-93.4104361
55047,45.2004287,-92.8207289
55049,44.1766725,-93.24118
55051,45.9366439,-93.3394424
55052,44.2333175,-93.4404687
55053,44.3494158,-93.0654452
55054,44.5715307,-93.3506793
55055,44.8743985,-92.9986467
55056,45.5098846,-92.9556545
55057,44.4726525,-93.1791251
55060,44.0597028,-93.2273328
55063,45.8385744,-92.9028979
55065,44.5507225,-93.0249359
55066,44.5119268,-92.5392252
55068,44.735478,-93.0627738
55069,45.7003412,-92.9721696
55070,45.4062244,-93.3033254
55071,44.821362,-92.99838
55072,46.1427034,-92.5842731
55073,45.2762593,-92.8303508
55074,45.3877782,-92.7200493
55075,44.8879902,-93.0417306
55076,44.8328664,-93.0332436
55077,44.8179196,-93.077035
55079,45.4194681,-93.0353934
55080,45.6664202,-93.2222254
55082,45.0744199,-92.8415765
55084,45.4625911,-92.7162251
55085,44.6696915,-92.9634257
55087,44.2362121,-93.4092138
55088,44.5235865,-93.3834549
55089,44.5932503,-92.7090644
55090,45.053731,-92.9579871
55092,45.3340536,-93.0998842
55101,44.9507644,-93.0875715
55102,44.9319008,-93.1212908
55103,44.9642576,-93.1226267
55104,44.9538936,-93.1644464
55105,44.9347067,-93.165751
55106,44.9572358,-93.0471292
55107,44.93107,-93.079172
55108,44.9823216,-93.1746569
55109,45.0174152,-93.0255972
55110,45.0899368,-93.0040457
55111,44.8900943,-93.1901635
55112,45.0805144,-93.1920604
55113,45.0121956,-93.1511859
55114,44.9666903,-93.1950724
55115,45.0668015,-92.949458
55116,44.9107187,-93.1695814
55117,45.0035616,-93.0912803
55118,44.894315,-93.1009469
55119,44.9398082,-93.0062542
55120,44.8759789,-93.1506487
55121,44.8458725,-93.1595653
55122,44.8009722,-93.1954453
55123,44.8023895,-93.1391264
55124,44.745301,-93.1994128
55125,44.9180314,-92.9382772
55126,45.0829893,-93.140492
55127,45.0815716,-93.0769281
55128,44.9875455,-92.963553
55129,44.8845009,-92.8911806
55130,44.9733023,-93.0824096
55150,44.8874112,-93.1610074
55155,44.9519188,-93.0993625
55301,45.2443635,-93.6611679
55302,45.2457195,-94.11727
55303,45.2884119,-93.431529
55304,45.245585,-93.2599519
55305,44.9563464,-93.4280924
55306,44.7309442,-93.2913805
55307,44.5997056,-94.1112159
55308,45.4136903,-93.8353255
55309,45.3790924,-93.7330167
55310,44.7559048,-94.8763096
55311,45.1064033,-93.4970293
55312,44.7063403,-94.35129
55313,45.17409,-93.8489523
55314,44.776385,-94.6071253
55315,44.7146899,-93.6918635
55316,45.1729324,-93.3868294
55317,44.8567105,-93.5505668
55318,44.8107868,-93.6362516
55319,45.4718362,-93.9522797
55320,45.3963309,-94.0860524
55321,45.0875676,-94.1931396
55322,44.7718856,-93.7871236
55324,45.0537758,-94.4330075
55325,45.0848676,-94.3169562
55327,45.2043151,-93.4687615
55328,45.0334155,-93.8136865
55329,45.3045418,-94.5589374
55330,45.3322125,-93.5665277
55331,44.9012538,-93.6099531
55332,44.520385,-94.6995047
55333,44.5629552,-94.8606311
55334,44.5356513,-94.1884154
55335,44.5311083,-94.5531814
55336,44.7651941,-94.1904039
55337,44.778472,-93.272269
55338,44.6693814,-93.9955949
55339,44.7234284,-93.9569596
55340,45.0782631,-93.5721177
55341,45.1577552,-93.6627501
55342,44.7429197,-94.7390027
55343,44.9143724,-93.4162539
55344,44.8638384,-93.4300085
55345,44.9154425,-93.48443
55346,44.8786225,-93.4812872
55347,44.8279856,-93.462382
55349,45.0622455,-94.0745668
55350,44.8973783,-94.3926946
55352,44.6514753,-93.5926085
55353,45.3290976,-94.3246289
55354,44.8868978,-94.0643073
55355,45.0909344,-94.5598341
55356,44.9958995,-93.5854631
55357,45.1037223,-93.6742182
55358,45.2448749,-93.9976752
55359,45.0073468,-93.6926125
55360,44.9159597,-93.9196456
55362,45.3003336,-93.8474812
55363,45.0378196,-93.9181405
55364,44.939325,-93.6758355
55366,44.6723504,-94.234581
55367,44.8952421,-93.9760284
55368,44.7400632,-93.8997466
55369,45.1273655,-93.4492002
55370,44.7841203,-94.0345999
55371,45.5755835,-93.5891637
55372,44.6823866,-93.4135879
55373,45.0882078,-93.72159
55374,45.175547,-93.5755317
55375,44.8945923,-93.726038
55376,45.2103249,-93.6828245
55378,44.759057,-93.3642133
55379,44.743442,-93.5100318
55381,44.9309635,-94.1999791
55382,45.3004232,-94.1990886
55384,44.9359256,-93.6301097
55385,44.736135,-94.4864649
55386,44.8566443,-93.6641385
55387,44.8612225,-93.784034
55388,44.9548312,-93.8486652
55389,45.2979208,-94.4426266
55390,45.0678712,-93.9790159
55391,44.9642426,-93.5434357
55395,44.957971,-94.06342
55396,44.544829,-94.3669
55397,44.8238013,-93.9379631
55398,45.4587472,-93.589494
55401,44.985367,-93.270208
55402,44.9760689,-93.2711606
55403,44.9699231,-93.2842531
55404,44.9619133,-93.2613491
55405,44.9726735,-93.301878
55406,44.9386895,-93.2210422
55407,44.9350355,-93.2530287
55408,44.9438153,-93.2938666
55409,44.9301783,-93.2814587
55410,44.9133446,-93.3169422
55411,44.999752,-93.2979798
55412,45.0273244,-93.3036116
55413,44.9978141,-93.2435457
55414,44.9783814,-93.2224486
55415,44.9746435,-93.2578155
55416,44.9493731,-93.3409944
55417,44.906117,-93.2353872
55418,45.0213178,-93.242853
55419,44.9057987,-93.2876534
55420,44.8359691,-93.277176
55421,45.0505741,-93.2499371
55422,45.0092748,-93.3411048
55423,44.8771926,-93.2813594
55424,44.9050241,-93.3448654
55425,44.8511691,-93.2260805
55426,44.9565663,-93.3816539
55427,45.0045948,-93.381351
55428,45.0640388,-93.3835093
55429,45.0636588,-93.3411754
55430,45.0631523,-93.2992464
55431,44.8245343,-93.312602
55432,45.0967016,-93.2537258
55433,45.1604112,-93.3148393
55434,45.163672,-93.2504454
55435,44.8739807,-93.3352547
55436,44.907173,-93.3749625
55437,44.8241171,-93.342225
55438,44.8231235,-93.3861252
55439,44.8735508,-93.3730484
55441,45.0084251,-93.4307178
55442,45.048181,-93.430093
55443,45.1194511,-93.3389687
55444,45.1076821,-93.3032051
55445,45.1224406,-93.3791842
55446,45.039141,-93.4897049
55447,45.0010956,-93.4895611
55448,45.1936028,-93.3004455
55449,45.1760894,-93.1842951
55450,44.8720843,-93.2289933
55454,44.9733464,-93.2437082
55455,44.9754866,-93.2353365
55601,47.2356375,-91.3659531
55602,47.316208,-91.931835
55603,47.5507749,-91.2063927
55604,47.9790982,-90.5996087
55605,47.9528373,-89.6600119
55606,47.9597901,-90.0163777
55607,47.6219619,-91.5007864
55609,46.9665015,-91.7887601
55612,47.7878559,-90.7055955
55613,47.5733653,-90.9863585
55614,47.3457352,-91.3823862
55615,47.7465438,-90.85118
55616,47.251465,-91.6918602
55702,46.9573642,-92.6375692
55703,47.7310102,-92.7501575
55704,46.2190854,-92.7516671
55705,47.47068,-92.2673258
55706,47.6670508,-91.9854847
55707,46.5517452,-92.6361057
55708,47.5403119,-92.342174
55709,47.402586,-93.3728545
55710,47.6498397,-92.6973639
55711,46.8187523,-92.6907686
55712,46.28175,-92.5205797
55713,47.4879424,-92.7644303
55716,47.3217177,-93.2643398
55717,47.068751,-92.3872152
55718,46.6209307,-92.4864029
55719,47.541039,-92.8621902
55720,46.7509775,-92.5333728
55721,47.2212698,-93.6831665
55722,47.2832614,-93.4344347
55723,47.8404836,-92.8571785
55724,47.1672531,-92.3690333
55725,48.3503022,-92.5306773
55726,46.6495956,-92.8271566
55731,47.9968818,-91.753982
55732,47.6879196,-92.250653
55733,46.713831,-92.3607923
55734,47.3885955,-92.4968456
55735,46.2102932,-93.0102116
55736,46.9568599,-92.9206058
55738,47.2643297,-92.6603482
55741,47.4572207,-92.3849606
55742,47.1710239,-93.1448426
55744,47.2337656,-93.5125998
55746,47.3351829,-92.9542871
55748,46.9936562,-93.5963531
55749,46.4395576,-92.4433151
55750,47.5314317,-91.9638081
55751,47.3894187,-92.6731599
55752,46.9521553,-93.252996
55753,47.3967379,-93.0804681
55756,46.3753875,-92.601355
55757,46.5263537,-92.9476102
55758,47.5080417,-92.7139822
55760,46.6425864,-93.2574191
55763,47.330498,-92.2323933
55764,47.3318388,-93.2900326
55765,47.0989009,-92.7361907
55767,46.4485836,-92.773754
55768,47.5378415,-92.6606033
55769,47.4799891,-93.1838595
55771,48.1167559,-92.9041978
55772,48.1101716,-93.100224
55775,47.2986192,-93.1605031
55779,46.9087386,-92.4491327
55780,46.6761296,-92.6777069
55781,47.6808685,-93.0650768
55782,47.8329529,-92.2060048
55783,46.4120577,-92.9179634
55784,47.0583921,-93.1652818
55785,46.9198433,-93.7339155
55786,47.3179502,-93.3828684
55787,46.721756,-93.108496
55790,47.8252325,-92.3761285
55792,47.5970276,-92.4796843
55793,47.1163048,-93.2839695
55795,46.2982077,-92.8828895
55796,47.9300195,-91.7950045
55797,46.5665,-92.3621159
55798,46.7232057,-92.9677843
55802,46.7641728,-92.0824221
55803,47.0348912,-92.072208
55804,46.9313506,-91.9363443
55805,46.7996845,-92.0923659
55806,46.7681387,-92.127642
55807,46.7354846,-92.1679404
55808,46.6787362,-92.2373616
55810,46.7567449,-92.2694367
55811,46.8385504,-92.2221934
55812,46.8093623,-92.0717858
55814,46.8351862,-92.1971253
55901,44.077657,-92.4970628
55902,43.9713006,-92.5078707
55903,44.0240732,-92.4365289
55904,43.9533105,-92.4013872
55905,44.0559479,-92.5259058
55906,44.0998976,-92.4081679
55909,43.5631247,-92.7346236
55910,44.1286598,-91.9718279
55912,43.6826068,-92.9884499
55917,43.88482,-93.0754812
55918,43.7423654,-92.8467004
55919,43.6200654,-91.299476
55920,44.012431,-92.6211361
55921,43.6203688,-91.4758483
55922,43.5621049,-91.8955714
55923,43.8494077,-92.1831928
55924,44.0355091,-93.0165385
55925,43.9120918,-91.4584116
55926,43.7427435,-92.7069017
55927,44.0337681,-92.8733435
55929,43.9776059,-92.1440926
55931,43.5086623,-91.385229
55932,44.1522051,-92.2983363
55933,43.6478478,-92.6850592
55934,44.0038386,-92.2657505
55935,43.7473743,-92.1274392
55936,43.7064437,-92.5847931
55939,43.5468442,-92.0814704
55940,43.8986136,-92.809489
55941,43.7252218,-91.3492397
55943,43.7829613,-91.5826811
55944,43.9895161,-92.7180092
55945,44.2668734,-92.0525038
55946,44.2621072,-92.9501472
55947,43.8228897,-91.3663603
55949,43.7029652,-91.9296923
55950,43.7434545,-92.9662827
55951,43.5292328,-92.4824883
55952,43.9439297,-91.8433543
55953,43.5277589,-92.9651984
55954,43.557061,-91.7801059
55955,44.0873202,-92.7408704
55956,44.2860188,-92.5276033
55957,44.2530727,-92.2969255
55959,44.1179443,-91.7995329
55960,44.1402422,-92.535165
55961,43.6053961,-92.4754151
55962,43.7621871,-91.8451278
55963,44.1808288,-92.6711345
55964,44.1602474,-92.1580812
55965,43.6231946,-92.128186
55967,43.7934237,-92.5135085
55968,44.3970374,-92.0899413
55969,44.0826385,-91.8765552
55970,43.5967616,-92.8312225
55971,43.8198943,-91.7578099
55972,43.9939234,-92.0509094
55973,43.8079372,-92.7719662
55974,43.577137,-91.6479867
55975,43.6778694,-92.3644336
55976,43.8638139,-92.4841018
55977,43.5537067,-92.6479279
55979,43.9230541,-91.9513367
55981,44.3576099,-92.0492313
55982,43.8157876,-92.8858369
55983,44.2914026,-92.8069853
55985,44.1582198,-92.9043952
55987,43.994246,-91.6254405
55990,43.7284633,-92.2591179
55991,44.2612147,-92.4185661
55992,44.3227998,-92.682884
56001,44.1281694,-93.9789906
56003,44.2192727,-94.090329
56007,43.6608869,-93.3245632
56009,43.6618329,-93.546405
56010,43.8861631,-94.1798073
56011,44.6024606,-93.7726193
56013,43.6201897,-94.1037938
56014,43.5831579,-93.8178978
56016,43.7620645,-93.3431071
56017,44.3053501,-93.8195353
56019,44.1158731,-94.8889683
56020,43.6145795,-93.530173
56021,44.2893134,-94.3160249
56022,44.0526254,-94.8386102
56023,43.7716109,-94.0129016
56024,44.1435518,-93.8388583
56025,43.7532446,-93.9173507
56026,43.8857384,-93.2909816
56027,43.5167138,-94.1166445
56028,44.2262573,-93.7174199
56029,43.5177619,-93.5361427
56030,44.3248212,-94.6048349
56031,43.6268456,-94.4623244
56032,43.7771239,-93.5687417
56033,43.5650604,-93.9381486
56034,44.0285981,-94.1819616
56035,43.8195223,-93.2726115
56036,43.5518817,-93.2210228
56037,44.0111561,-94.0386345
56039,43.6634641,-94.3235009
56041,44.1613046,-94.5330866
56042,43.8040935,-93.4838586
56043,43.6493938,-93.2224396
56044,44.5647071,-93.9568383
56045,43.7596142,-93.2096111
56046,43.9678144,-93.2688712
56048,44.0947681,-93.713152
56050,44.259143,-93.947348
56051,43.5364374,-93.7084705
56052,44.3270657,-93.5586995
56054,44.4357293,-94.3703936
56055,44.1284918,-94.235283
56056,44.0727795,-94.5794723
56057,44.391251,-93.7220998
56058,44.4418502,-93.9140292
56060,43.9287347,-94.4410656
56062,44.0482349,-94.413855
56063,44.2148918,-93.8205128
56065,43.93149,-93.9083956
56068,43.8653058,-93.8061422
56069,44.4121002,-93.5424353
56071,44.5349713,-93.5794315
56072,43.8992286,-93.5170813
56073,44.3068372,-94.4694846
56074,44.3268774,-94.1969355
56075,43.7351609,-94.4366209
56078,44.0059214,-93.7608753
56080,44.0817224,-93.857876
56081,43.9928713,-94.6348242
56082,44.3572867,-94.036965
56083,44.2080068,-95.134292
56085,44.2913756,-94.733572
56087,44.240509,-94.9752484
56088,43.8254266,-94.4581307
56089,43.5679935,-93.4574633
56090,43.9513141,-94.2269646
56091,43.9144347,-93.6861887
56093,44.0625663,-93.5197621
56096,44.244889,-93.6034661
56097,43.7209677,-93.713282
56098,43.793016,-94.1817663
56101,43.8797265,-95.1338252
56110,43.6222212,-95.9450514
56111,43.6426812,-94.8871666
56113,44.4043626,-96.1510995
56114,43.985864,-95.5924985
56115,44.209457,-95.905771
56116,43.6237897,-96.3770122
56117,43.5230527,-95.6871664
56118,43.9360285,-95.0293681
56119,43.7137206,-95.4629961
56120,43.9601169,-94.7917471
56121,43.534615,-94.5842333
56122,43.8984451,-95.9560003
56123,44.0869372,-95.5924144
56125,44.054516,-95.5477375
56127,43.5474872,-94.7647157
56128,43.881542,-96.1103029
56129,43.5292027,-96.0418959
56131,43.8558474,-95.5725387
56132,44.2034514,-95.7649409
56134,43.7895463,-96.2312343
56136,44.4951889,-96.4141253
56137,43.8225842,-95.3096601
56138,43.5370421,-96.3802215
56139,44.1038832,-96.1794248
56140,43.9094319,-96.3671677
56141,43.8862932,-95.8033843
56142,44.4676397,-96.2310418
56143,43.6276834,-95.0024137
56144,43.8385925,-96.3868026
56145,44.0557957,-95.1738689
56146,43.5800619,-96.1034317
56147,43.7574056,-96.057684
56149,44.3041572,-96.3055638
56150,43.6282179,-95.1971589
56151,44.031451,-95.9294218
56152,44.2271546,-95.2813587
56153,43.8263834,-96.024232
56155,43.7658681,-95.9460551
56156,43.6615099,-96.2272295
56157,44.4041751,-95.9483768
56158,43.633815,-96.0839313
56159,43.9431754,-94.9374326
56160,43.8291483,-94.8051505
56161,43.707031,-95.3248268
56162,43.8403286,-94.6673519
56164,44.0538343,-96.3330076
56165,43.7253431,-95.703057
56166,44.2030009,-95.3809864
56167,43.553927,-95.4087283
56168,43.6092515,-95.7995911
56169,44.3320534,-96.0110954
56170,44.1645503,-96.0951854
56171,43.6712851,-94.7617895
56172,44.0141632,-95.7755145
56173,43.5250598,-96.2418643
56174,44.0163363,-95.3050917
56175,44.2607012,-95.6385056
56176,43.7832572,-94.7205082
56178,44.2856636,-96.1280915
56180,44.2462047,-95.4595915
56181,43.6777947,-94.6266026
56183,44.0290195,-95.4311323
56185,43.7985335,-95.8242376
56186,44.0252794,-96.0774707
56187,43.6228703,-95.583243
56201,45.1021847,-95.041816
56207,45.5059176,-96.0665707
56208,45.2467189,-96.00477
56209,45.1273962,-94.8119335
56210,45.5573324,-96.5595893
56211,45.5931328,-96.6879789
56212,45.1308732,-96.3238334
56214,44.610519,-95.3243675
56215,45.3177152,-95.5719526
56216,44.9425014,-95.059379
56218,44.8269535,-95.9404659
56219,45.5972898,-96.8178738
56220,44.7263351,-96.2913474
56221,45.5600129,-96.1870807
56222,44.9853991,-95.3567641
56223,44.7621439,-95.8187725
56224,44.3758425,-95.0681236
56225,45.4409732,-96.4426819
56226,45.4073298,-95.6782808
56227,45.2908409,-96.1688284
56228,44.9512344,-94.6851777
56229,44.5940344,-95.7163851
56230,44.7921135,-95.088916
56231,45.2795099,-95.7632122
56232,44.9271603,-96.0380103
56235,45.7097268,-96.0165087
56236,45.664953,-96.3961152
56237,44.623685,-95.4310736
56239,44.5041414,-95.9108133
56240,45.5625497,-96.4836308
56241,44.7978876,-95.5729669
56243,45.1702361,-94.6864852
56244,45.4777225,-95.780133
56245,44.6840448,-95.6772952
56248,45.7862098,-96.1358084
56249,45.3187313,-95.9015636
56251,45.1437209,-94.9201744
56252,45.1782483,-95.3101345
56253,44.9581796,-94.866193
56255,44.3895164,-95.4209579
56256,45.0168035,-96.2132788
56257,44.9692575,-96.4021512
56258,44.4366057,-95.7463164
56260,44.963275,-95.4829973
56262,45.1150712,-95.8697068
56263,44.4214899,-95.5324786
56264,44.5868066,-95.9812527
56265,44.9998233,-95.7064821
56266,44.4210619,-94.9145167
56267,45.5824635,-95.9287932
56270,44.559922,-94.9652667
56271,45.2411576,-95.4144337
56273,45.317879,-94.9799329
56274,45.8978929,-96.2445342
56276,45.2409922,-96.3073362
56277,44.7674222,-94.9931169
56278,45.348003,-96.3799553
56279,45.2188635,-95.169828
56280,44.6327512,-96.1656174
56281,44.9483232,-95.1648108
56282,45.0293373,-95.2234925
56283,44.5280063,-95.1388726
56284,44.7734884,-95.2121278
56285,44.7885804,-95.3458006
56287,44.4757517,-95.326447
56288,45.2431146,-94.943643
56289,45.3331883,-95.2244509
56291,44.6226116,-96.0620633
56292,44.5020709,-95.456502
56293,44.4165107,-95.2599032
56294,44.3148743,-95.2130852
56295,45.0431395,-95.8488744
56296,45.8256099,-96.4772294
56297,44.6367948,-95.5536066
56301,45.4870841,-94.2427766
56303,45.5740173,-94.2152707
56304,45.5304026,-94.0571786
56307,45.6268099,-94.591029
56308,45.8676138,-95.3942566
56309,46.0792596,-95.8059714
56310,45.6334761,-94.4513359
56311,45.8974532,-95.8955789
56312,45.4565999,-94.969176
56313,45.7840221,-93.5527452
56314,45.8147006,-94.4329569
56315,45.9801422,-95.5933759
56316,45.5056817,-95.1427793
56318,45.853038,-94.6745299
56319,46.0108503,-95.2157848
56320,45.4667438,-94.402886
56321,45.5797217,-94.3918682
56323,45.6296319,-95.7239213
56324,46.1688784,-95.9041206
56325,45.5629016,-94.9471987
56326,46.0395578,-95.6708085
56327,45.7544456,-95.6082442
56328,45.9519027,-94.521467
56329,45.709067,-93.914815
56330,45.7532414,-93.7563842
56331,45.6789981,-94.6717223
56332,45.9674162,-95.5064035
56334,45.5743807,-95.3367802
56335,45.6013699,-94.8593337
56336,45.8207254,-94.7625567
56338,46.0030008,-93.8341504
56339,45.8249782,-95.8211584
56340,45.7594675,-94.4290187
56342,46.1838101,-93.3689689
56343,45.7960583,-95.7130879
56345,46.0099907,-94.383794
56347,45.9707112,-94.8605583
56349,45.7181856,-95.5201532
56350,46.3050286,-93.2304069
56352,45.6417996,-94.8063593
56353,45.8036639,-93.629079
56354,46.0640138,-95.2817888
56355,45.9414422,-95.245716
56356,45.6336003,-94.7276196
56357,45.6915246,-93.7981628
56358,45.8379796,-93.4461391
56359,46.0996153,-93.6653322
56360,45.8873401,-95.1036133
56361,46.1602356,-95.3324884
56362,45.4020307,-94.7122374
56363,45.6971495,-93.6522122
56364,46.0186537,-94.071943
56367,45.7637555,-94.1820513
56368,45.4642666,-94.5611608
56369,45.4690661,-94.3358067
56371,45.4333341,-94.6371668
56373,45.8597401,-94.2305622
56374,45.5658765,-94.316571
56375,45.701222,-94.2745807
56376,45.5024613,-94.667468
56377,45.6402302,-94.2268391
56378,45.7250338,-94.9872834
56379,45.6396819,-94.082677
56381,45.5568172,-95.5377747
56382,45.9078627,-94.5983273
56384,45.8099441,-94.5675267
56385,45.6896596,-95.2137502
56386,46.1144387,-93.5195022
56387,45.5208678,-94.2429831
56389,45.8012761,-95.086381
56401,46.3229193,-94.1252103
56425,46.3439353,-94.2760148
56431,46.4910902,-93.6355686
56433,46.9506694,-94.6882751
56434,46.3379617,-94.9343787
56435,46.8058639,-94.5318576
56437,46.2457451,-95.0584931
56438,46.1386003,-94.8191785
56440,46.1419757,-94.9550894
56441,46.5777632,-93.9814802
56442,46.6782121,-94.1020137
56443,46.1740258,-94.5795117
56444,46.4357844,-93.8889442
56446,46.1288377,-95.0974904
56447,46.7319229,-93.8836671
56448,46.7881203,-94.0821539
56449,46.1785481,-94.2614227
56450,46.2368739,-93.8430261
56452,46.9570225,-94.4482239
56453,46.3160021,-95.1753745
56455,46.4409863,-94.0006233
56458,47.1957953,-95.0020223
56461,47.2320728,-94.8539117
56464,46.768824,-95.1041696
56465,46.5373224,-94.1144303
56466,46.436002,-94.624955
56467,46.9748194,-94.8309739
56468,46.4932544,-94.3112912
56469,46.780364,-93.5624053
56470,47.0268939,-95.0918859
56472,46.5823379,-94.3408263
56473,46.3582544,-94.4698362
56474,46.7232888,-94.3965994
56475,46.0797186,-94.5459925
56477,46.6446161,-95.0001755
56479,46.4346079,-94.7945424
56481,46.4630019,-94.9362405
56482,46.4642365,-95.1477424
56484,47.1112086,-94.4823885
56501,46.8401108,-95.8273607
56510,47.3588103,-96.5248676
56511,46.8424757,-96.016346
56514,46.6475007,-96.4333761
56515,46.3073222,-95.6908082
56516,47.4446673,-95.9710194
56517,47.5500837,-96.5594089
56518,46.4900761,-95.2503611
56519,47.1619412,-96.4789783
56520,46.28975,-96.4970762
56521,46.9992986,-95.9018079
56522,46.1345078,-96.3899645
56523,47.6382738,-96.8085634
56524,46.2167861,-95.6154812
56525,46.6715726,-96.751935
56527,46.3726211,-95.3149677
56528,46.521354,-95.8238142
56529,46.8789194,-96.6961867
56531,45.9915937,-95.9815671
56533,46.3986876,-96.1421003
56534,46.4715849,-96.0114123
56535,47.6775414,-96.0416551
56536,47.0414672,-96.5328659
56537,46.2767106,-96.0919377
56540,47.5403472,-96.2742269
56541,47.1732699,-96.1413773
56542,47.5680767,-95.7277828
56543,46.2854059,-96.3365326
56544,46.7577864,-95.6054374
56545,47.397374,-96.2432508
56546,47.1048768,-96.7200743
56547,46.8894723,-96.5537276
56548,47.3682724,-96.7453625
56549,46.8477456,-96.3122452
56550,47.2739327,-96.7430604
56551,46.3189391,-95.4543746
56552,46.9851993,-96.2341119
56553,46.4294168,-96.6175546
56554,46.8855533,-96.1160759
56556,47.6629524,-95.8799743
56557,47.3037091,-95.8359465
56560,46.8352215,-96.7348284
56562,46.8645057,-96.7701662
56563,46.8668138,-96.7553419
56565,46.048626,-96.3151417
56566,47.2459652,-95.6048526
56567,46.5497905,-95.3744249
56568,47.5352313,-96.7831783
56569,47.078388,-95.827042
56570,46.917931,-95.3671158
56571,46.4338094,-95.542709
56572,46.6052358,-96.084155
56573,46.6102346,-95.542244
56574,47.1989968,-96.7055493
56575,47.0424074,-95.4348411
56576,46.4759475,-95.7395572
56578,46.9408935,-95.641496
56579,46.4635315,-96.3386584
56580,46.7360624,-96.6040141
56581,47.4623326,-96.7618275
56583,46.0033282,-96.4065888
56584,47.2236644,-96.2374067
56585,47.088342,-96.2463078
56586,46.3182692,-95.8308997
56587,46.6366312,-95.8565228
56588,46.2091787,-95.4969807
56589,47.2119601,-95.7275247
56590,46.028103,-96.1527613
56591,47.1013574,-95.8573181
56592,47.5316093,-96.0078232
56594,46.549021,-96.6449338
56601,47.5108291,-94.8209203
56621,47.3979725,-95.4140621
56623,48.5968771,-94.600709
56626,47.3766909,-94.1494633
56627,48.1944064,-94.0479492
56628,47.7020883,-93.5337413
56629,48.5121891,-94.1654655
56630,47.7389593,-94.5103238
56633,47.3187836,-94.5011796
56634,47.6807253,-95.3981305
56636,47.3904697,-93.8487094
56637,47.6182047,-93.8436191
56639,47.9185386,-93.5362331
56641,47.2018909,-94.2601427
56644,47.7780209,-95.5127319
56646,47.7830863,-95.6336062
56647,47.6899354,-94.6187311
56649,48.5331334,-93.1631341
56650,47.9980557,-94.5574781
56651,47.4544958,-95.6167229
56652,47.7081351,-95.2276601
56653,48.2833848,-93.5749377
56654,48.4312013,-93.9649318
56655,46.9807907,-94.2314755
56657,47.5729097,-93.6367303
56658,48.1124871,-93.9329812
56659,47.5513511,-94.0489684
56660,47.992586,-94.1928223
56661,47.8350472,-94.1250277
56662,46.8622066,-93.853011
56663,47.5059457,-94.4426501
56666,48.033237,-94.8212407
56667,47.7221131,-94.9689931
56668,48.6150502,-93.3453585
56669,48.3713518,-93.2100377
56670,47.8288966,-94.8651685
56671,47.9433991,-95.3387139
56672,47.0725035,-94.0018405
56673,48.7744873,-95.1496087
56676,47.5223927,-95.2010502
56678,47.4364595,-95.1152417
56680,47.6590091,-93.9546688
56681,47.5539426,-94.2641568
56683,47.7362707,-94.7508998
56684,47.8701678,-95.699374
56685,48.2386878,-94.5312715
56686,48.7840485,-94.9116971
56688,47.8059063,-93.8400313
56701,48.1204638,-96.2000143
56710,48.2180786,-96.9976646
56711,48.9842084,-95.0587394
56713,48.3511377,-96.8144556
56714,48.788391,-96.0054666
56715,47.8064266,-95.9490402
56716,47.7432475,-96.5554083
56720,48.5634651,-96.9045421
56721,47.9706477,-96.9497563
56722,47.9847758,-96.6505656
56723,47.8048353,-96.8059869
56724,48.4452986,-95.7347591
56725,48.1439212,-95.711952
56726,48.7245168,-96.2171506
56727,48.3468804,-95.3894895
56728,48.7842779,-96.9774609
56729,48.6691582,-96.5936175
56731,48.9130168,-97.0725609
56732,48.5842107,-96.4673299
56733,48.6380279,-96.8957045
56734,48.769619,-96.6036215
56735,48.9101749,-96.6353149
56736,47.7064728,-96.2119011
56737,48.4068565,-96.0091156
56738,48.3471784,-96.3371476
56742,47.9305997,-95.8279319
56744,48.2325749,-97.1171828
56748,47.9206292,-96.0074451
56750,47.8858498,-96.2973159
56751,48.8114284,-95.7574741
56754,47.9928913,-96.182676
56755,48.9697156,-97.1179233
56756,48.9009345,-95.5602766
56757,48.4780883,-96.8981341
56758,48.4704117,-96.5411396
56759,48.5508671,-96.0810183
56760,48.2403766,-96.4457963
56761,48.6086193,-95.6970807
56762,48.1687644,-96.7414715
56763,48.8073042,-95.3413933
57001,43.0041847,-96.6572546
57002,44.2878255,-96.677526
57003,43.7462753,-96.7553971
57004,43.0757746,-96.792476
57005,43.5936541,-96.5870131
57006,44.3162167,-96.7943596
57007,44.3192359,-96.7839738
57010,42.8119055,-96.8162209
57012,43.5939439,-97.2780944
57013,43.2831048,-96.6249623
57014,43.1119154,-96.9561601
57015,43.4251847,-96.9736103
57016,43.8780738,-96.9575705
57017,44.0331641,-96.8191726
57018,43.7978929,-96.981006
57020,43.6812778,-96.8201557
57021,43.2748747,-96.9805588
57022,43.8562842,-96.736592
57024,43.985418,-96.6815152
57025,42.7150577,-96.6945305
57026,44.2476726,-96.4959219
57027,43.1921248,-96.5195578
57028,44.0616541,-96.5997793
57029,43.3347449,-97.470784
57030,43.7357247,-96.54371
57031,42.8755236,-97.1858592
57032,43.4241962,-96.678113
57033,43.6126658,-96.9629338
57034,43.1201642,-96.5382841
57035,43.6463741,-97.0797588
57036,43.2667293,-97.1459384
57037,43.1044648,-97.2492204
57038,42.5779284,-96.5765986
57039,43.3378477,-96.8748344
57040,43.0610321,-97.5873498
57041,43.721837,-96.8841579
57042,43.9713192,-97.1440983
57043,43.4226107,-97.3100614
57045,43.205008,-97.5283845
57046,42.9576358,-97.306648
57047,43.5175509,-97.2152506
57048,43.7419836,-97.2003362
57049,42.5233282,-96.5097108
57050,44.156906,-97.0201002
57051,44.2174158,-97.3506865
57052,43.2923565,-97.7079658
57053,43.409594,-97.1372004
57054,44.1167305,-97.2595254
57055,43.6668503,-96.7438978
57057,44.1022321,-96.95925
57058,43.7438785,-97.4019111
57059,43.1192053,-97.7643064
57061,44.2444936,-97.0440305
57062,42.8461985,-97.9452465
57063,42.9302684,-97.6845653
57064,43.4556295,-96.8748893
57065,43.9004338,-96.6062945
57066,42.9886529,-97.867208
57067,43.0455924,-97.469006
57068,43.5728335,-96.4994545
57069,42.8446191,-96.9863877
57070,43.1820343,-97.1701649
57071,44.2723185,-96.9629253
57072,42.9889791,-97.205028
57073,43.0059576,-97.0550571
57075,43.9961127,-96.9672366
57076,43.9715252,-97.3597269
57077,43.3087776,-96.7524053
57078,42.9156485,-97.4466893
57103,43.5380368,-96.6920296
57104,43.603016,-96.7042734
57105,43.5202963,-96.7356074
57106,43.508679,-96.8359361
57107,43.5987413,-96.8169582
57108,43.4766344,-96.7043117
57110,43.5444104,-96.6378429
57117,43.5312429,-96.7549707
57197,43.5245515,-96.7386103
57201,44.9367222,-97.0927573
57212,44.3786407,-97.139299
57213,44.5701195,-96.5368835
57214,44.4804911,-97.1951462
57216,45.3032395,-96.5297791
57217,45.086733,-97.6654608
57218,44.6523786,-96.5921028
57219,45.2906414,-97.7961477
57220,44.4597604,-96.9173324
57221,44.6089174,-97.4413778
57223,44.7122987,-96.9943529
57224,45.8118829,-97.1552749
57225,44.8835444,-97.7280927
57226,44.788077,-96.7306464
57227,45.375905,-96.7281211
57231,44.375816,-97.582277
57232,45.6234121,-97.3999259
57233,44.5099219,-97.3993243
57234,44.6102852,-96.8942908
57235,45.071967,-97.3204316
57236,44.9855476,-97.585622
57237,44.797699,-96.5004971
57238,44.8733586,-96.8608681
57239,45.5108838,-97.3131196
57241,44.6955518,-97.2161935
57242,44.7741313,-97.3579845
57243,44.9129428,-97.4423699
57245,44.8936545,-96.9183379
57246,45.0549081,-96.6669811
57247,45.712201,-97.4631812
57248,44.5835218,-97.1879897
57249,44.3833979,-97.3705024
57251,45.2765153,-96.9347061
57252,45.2004061,-96.6125589
57255,45.8511072,-96.9479573
57256,45.2499617,-97.1969822
57257,45.4966097,-97.0309477
57258,44.8827218,-97.9274479
57259,45.0024932,-96.5634886
57260,45.8417327,-96.7196123
57261,45.5455816,-97.4995601
57262,45.6687034,-97.0736383
57263,45.1405282,-97.0079898
57264,45.107946,-96.8108895
57265,44.9921274,-96.7815085
57266,45.2898198,-97.0927225
57268,44.5679644,-96.6894138
57269,45.2242571,-96.8002433
57270,45.8486627,-97.3309772
57271,44.7584701,-97.5382146
57272,45.1082325,-97.4836998
57273,45.3331518,-97.2751954
57274,45.3101802,-97.5557472
57276,44.435942,-96.6179115
57278,44.6488337,-97.6811535
57279,45.4157496,-96.8692012
57301,43.7109119,-98.0404493
57311,43.6505115,-97.764648
57312,44.1931806,-98.3840101
57313,43.3047893,-98.3547553
57314,44.0460906,-97.981288
57315,42.9883881,-98.0402936
57317,43.143555,-98.9664474
57319,43.5330393,-97.4800292
57321,43.870552,-97.5403601
57322,44.6379708,-97.9619766
57323,44.1647996,-97.7202803
57324,44.3014517,-98.0454252
57325,43.8349014,-99.3120298
57328,43.4376223,-98.4390061
57329,42.9806629,-98.1457548
57330,43.2645417,-98.1576938
57331,43.4744154,-98.0448484
57332,43.5504998,-97.6567762
57334,43.5351652,-97.996338
57335,43.0651377,-98.7439725
57337,44.0020798,-97.7811007
57339,44.1266759,-99.463922
57340,43.792912,-97.8521705
57341,44.0946673,-99.1179782
57342,43.2446247,-98.7012467
57344,43.4491979,-98.6188626
57345,44.578381,-99.4444009
57346,44.2491381,-99.4566739
57348,44.6255689,-98.3722201
57349,44.0300966,-97.5808001
57350,44.3924671,-98.2019337
57353,44.3691091,-97.83444
57354,43.193624,-97.8441019
57355,43.7836075,-98.9314441
57356,43.1452255,-98.5131884
57358,44.0751882,-98.4220235
57359,43.9024629,-98.1543882
57361,42.9945743,-98.4346023
57362,44.4694677,-99.0714056
57363,43.6804871,-98.2555204
57364,43.4343928,-98.6178029
57365,43.8113272,-99.4164276
57366,43.3915694,-97.9465981
57367,43.0657035,-98.5029999
57368,43.7495092,-98.4720971
57369,43.4207511,-98.9530123
57370,43.8167766,-99.1681896
57371,44.4371491,-99.2214941
57373,44.530648,-98.8782859
57374,43.7533476,-97.5991262
57375,43.5564139,-98.4799192
57376,43.2198768,-97.9448682
57379,44.2701046,-98.5291801
57380,43.0306177,-98.2985502
57381,44.3880186,-98.7309032
57382,44.055549,-98.6796595
57383,43.7173296,-98.7127247
57384,44.4173705,-98.4859852
57385,44.0467456,-98.3010698
57386,44.5066669,-97.9969743
57401,45.4823353,-98.53254
57420,45.2818518,-100.1425211
57421,45.755478,-97.9070634
57422,45.4249575,-97.9278041
57424,45.0204921,-98.5231824
57426,45.7348403,-98.4936359
57427,45.4805471,-98.3185762
57428,45.452039,-99.6761671
57429,45.1611667,-98.3005064
57430,45.8349259,-97.7196663
57432,45.6828669,-98.0310464
57433,45.6382414,-98.3207646
57434,45.1671065,-98.0719688
57435,45.1538467,-98.9142489
57436,44.8355475,-98.0769677
57437,45.7890527,-99.624988
57438,45.0654764,-99.1535637
57439,45.3346502,-98.1000655
57440,44.8534259,-98.2566866
57441,45.8264212,-98.5134987
57442,45.0617501,-100.1581395
57445,45.4655374,-98.1149671
57446,45.8708279,-98.1526696
57448,45.6121284,-99.4332722
57449,45.7265149,-98.1761622
57450,45.20995,-99.8274601
57451,45.4378458,-98.9365287
57452,45.5293974,-99.8628521
57454,45.6115538,-97.7614802
57455,45.00698,-99.6830391
57456,45.7210012,-98.9997968
57457,45.8772774,-99.1542989
57460,45.279575,-98.6706813
57461,45.1646889,-98.442109
57465,45.1506662,-98.6665036
57466,45.1969762,-99.4584935
57467,44.8367723,-99.1803381
57468,45.4949804,-97.7432132
57469,44.8573836,-98.5717779
57470,44.8839007,-98.8942863
57471,45.4045363,-99.3182647
57472,45.4276524,-100.1102081
57473,44.991451,-99.4710135
57474,45.2920142,-98.2787326
57475,45.2235534,-99.6246336
57476,44.7061668,-98.6152488
57477,45.03382,-98.1443431
57479,45.3041514,-98.4381901
57481,45.6625923,-98.6829579
57501,44.5276324,-100.3091229
57520,44.852798,-100.1936578
57521,43.7920895,-101.1828019
57522,44.5105442,-99.9638585
57523,43.2476185,-99.2366101
57528,43.1772115,-99.7603461
57529,43.2306023,-99.5637941
57531,43.9736706,-100.4859122
57532,44.364929,-100.5656044
57533,43.3503668,-99.4202715
57534,43.561204,-99.6519415
57536,44.4174294,-99.774218
57537,44.5780864,-101.067304
57538,43.1211622,-99.1566255
57540,44.4614247,-99.6078606
57541,43.597722,-99.911895
57543,43.7477654,-101.5210755
57544,43.8834492,-99.8439865
57547,43.4895986,-101.4236925
57548,44.1683743,-99.588372
57551,43.1919617,-101.708294
57552,44.2624369,-101.2171537
57553,44.4745941,-101.6455881
57555,43.2858867,-100.6665589
57559,43.9312826,-100.7226735
57560,43.4371373,-101.2095645
57562,43.8975677,-100.9584289
57563,43.3499493,-100.4212609
57564,44.7403688,-100.0146458
57566,43.3087003,-101.0893606
57567,44.1335837,-101.7078533
57568,43.8764714,-100.0960536
57569,43.8591634,-99.5540694
57570,43.2521733,-100.885154
57571,43.0412527,-99.0900952
57572,43.1372088,-101.1004546
57574,43.1257629,-101.3858049
57576,43.906086,-100.2923159
57577,43.523767,-101.655861
57579,43.5761766,-100.7889092
57580,43.289423,-100.0901885
57584,43.4901544,-100.0617988
57585,43.5580058,-100.3854047
57601,45.3389759,-100.3647334
57620,45.3772582,-102.5402121
57621,45.7727884,-101.081389
57622,44.682659,-101.5663274
57623,45.0159283,-101.6529976
57625,44.9790173,-101.0251375
57626,44.9967833,-102.1741868
57630,45.3337779,-100.8440459
57631,45.589095,-100.2961283
57632,45.8334563,-100.0442125
57633,45.4415925,-101.5323831
57634,45.7732437,-101.8655668
57636,45.0324639,-101.4380867
57638,45.8698611,-102.2320603
57639,45.6786607,-100.8070365
57640,45.7688317,-102.7045252
57641,45.8961855,-101.3111057
57642,45.7907753,-100.7148404
57644,45.4775378,-102.0936724
57645,45.9073151,-101.7164094
57646,45.6804786,-100.0582395
57648,45.9297833,-100.3199221
57649,45.4887044,-102.8488923
57650,45.8309291,-103.0346818
57651,45.4768631,-103.0344302
57652,45.1362163,-100.6830151
57656,45.4230444,-101.1066866
57657,45.5188837,-100.7921611
57658,45.6694393,-100.5623156
57659,45.8908963,-101.0942178
57660,45.8320899,-101.5308151
57661,45.2665096,-100.9775645
57701,44.1217768,-103.201222
57702,44.0320119,-103.415359
57703,44.0045638,-103.0426279
57706,44.1587892,-103.1018685
57714,43.3291954,-101.9147245
57716,43.091167,-102.1960277
57717,44.9338787,-103.8957453
57718,44.1705041,-103.3691563
57719,44.2312008,-102.9943767
57720,45.5371676,-103.5860674
57722,43.4432141,-102.987369
57724,45.5737911,-104.0011409
57725,43.9320323,-102.7919004
57730,43.7265763,-103.6485986
57732,44.3290117,-103.6890344
57735,43.2879374,-103.8535504
57737,44.5554351,-102.5173395
57738,43.684853,-103.1587178
57741,44.4104983,-103.4728824
57744,43.7934751,-103.0338572
57745,44.0132637,-103.7856594
57747,43.3737599,-103.5191448
57748,44.5851716,-102.0106282
57750,43.5928996,-101.9451278
57751,43.8691347,-103.4269319
57752,43.4293971,-102.2013627
57754,44.2554342,-103.8875686
57755,45.8683261,-103.347178
57756,43.2372883,-102.4754373
57758,44.9946206,-102.7370811
57759,44.2278184,-103.5567981
57760,44.8946582,-103.3346764
57761,44.227284,-102.7854345
57762,44.7533514,-103.6196915
57763,43.123511,-103.2511572
57764,43.2578605,-102.7711349
57766,43.3560958,-103.1775351
57767,44.1367483,-102.571112
57769,44.2453007,-103.2886338
57770,43.0843505,-102.6542798
57772,43.4771832,-102.5275541
57773,43.5944344,-103.5924748
57775,44.0930163,-102.001651
57776,45.2364142,-103.5079644
57779,44.5687671,-103.7607254
57780,43.7675056,-102.4795034
57782,43.2494306,-103.1805032
57783,44.4563391,-103.9252659
57785,44.4024719,-103.1888195
57787,44.6679938,-102.6578394
57788,44.6169643,-103.2049411
57790,44.1040784,-102.2008769
57791,44.2470259,-102.4575122
57792,44.5975402,-102.3679748
57793,44.5252869,-103.5788115
57794,43.1206792,-102.4070056
57799,44.4981523,-103.8725049
58001,46.4483657,-96.7408119
58002,46.97109,-97.3972419
58004,47.0264754,-97.2707227
58005,47.0526145,-96.9509958
58006,47.0968242,-97.2036008
58007,47.0251917,-97.4572417
58008,46.3081417,-97.0023793
58009,47.3265797,-97.2444031
58011,46.9277928,-97.5440212
58012,46.9416859,-97.1683307
58013,46.0578507,-97.3532657
58015,46.5922077,-96.8154343
58016,47.3661128,-97.4629516
58017,46.0433612,-97.8514709
58018,46.4345654,-96.8887424
58021,46.7361539,-97.08213
58027,46.6331768,-97.6307351
58029,47.119024,-97.3940662
58030,46.030334,-96.6681855
58031,46.7676842,-97.6714912
58032,46.0764403,-97.6547614
58033,46.4347001,-97.9195596
58035,47.253416,-97.430516
58036,47.1546304,-96.9632628
58038,47.2450707,-96.9947841
58040,46.1894939,-97.6850001
58041,46.0365435,-96.906425
58042,46.9708911,-96.9560354
58043,45.9702138,-97.5379171
58045,47.388882,-97.0163182
58046,47.3220861,-97.7277206
58047,46.7135279,-96.8728575
58048,47.1988209,-97.2236552
58049,46.6706895,-97.9914651
58051,46.6368327,-97.0215008
58052,46.6346199,-97.279569
58053,46.0525052,-97.1805402
58054,46.416881,-97.6687228
58056,47.2368749,-97.9294907
58057,46.425439,-97.2675464
58058,46.1805845,-96.9716066
58059,46.832371,-97.1435693
58060,46.2677153,-97.4266864
58061,46.274595,-96.8942034
58062,46.6375373,-97.8395162
58063,46.9590338,-97.7975837
58064,47.1396117,-97.6324892
58065,47.2003516,-97.7661538
58067,46.0728777,-97.4986898
58068,46.5506853,-97.4165446
58069,46.2430893,-97.8396044
58071,46.9412779,-97.6827357
58072,46.927034,-98.008336
58074,46.218057,-96.8760099
58075,46.2755359,-96.7303937
58076,46.2740561,-96.6074489
58077,46.5245829,-96.9760131
58078,46.8672438,-96.9421624
58079,46.8684402,-97.3666811
58081,46.3138473,-97.1438065
58102,46.9272104,-96.8348187
58103,46.8563474,-96.8224596
58104,46.7931787,-96.8384336
58105,46.8958843,-96.8036388
58201,47.8666381,-97.1411441
58202,47.9214608,-97.0751081
58203,47.96948,-97.1692298
58204,47.9604694,-97.3707947
58205,47.9547497,-97.3952542
58210,48.4056908,-98.1115892
58212,47.6951662,-97.9973779
58214,47.9268907,-97.4975005
58216,48.8793833,-97.4428691
58218,47.5923607,-97.0592155
58219,47.4760675,-96.8781974
58220,48.7976121,-97.7420269
58222,48.6185373,-97.6821983
58223,47.5196338,-97.0164439
58224,48.1677813,-97.9430824
58225,48.6112378,-97.2227786
58227,48.5490957,-97.8927089
58228,47.868067,-97.3452025
58229,48.5140159,-98.2426084
58230,47.4925218,-97.8214518
58231,48.2022379,-97.8293976
58233,48.2016614,-97.5460653
58235,48.0900575,-97.4830825
58236,48.7184426,-97.5047816
58237,48.4152029,-97.4009306
58238,48.7795367,-97.3979411
58239,48.9195959,-98.684906
58240,47.6359664,-97.4845805
58241,48.7094619,-97.6994328
58243,48.5142355,-97.6795257
58244,48.1103397,-97.6575247
58249,48.8227963,-98.3267948
58250,48.2743435,-98.0222947
58251,47.9543542,-97.6998843
58254,47.7740075,-98.1500001
58255,48.9967666,-98.3539054
58256,48.0840376,-97.2002141
58257,47.4902492,-97.2850408
58258,48.0113743,-97.3382996
58259,48.020465,-98.1208383
58260,48.6370961,-98.0486103
58261,48.2422657,-97.3194166
58262,48.6810004,-97.8775672
58265,48.9561264,-97.5902873
58266,48.0009387,-97.849975
58267,47.7550187,-97.6291191
58269,48.6981774,-98.1575376
58270,48.394754,-97.7911566
58271,48.9128946,-97.2896938
58272,48.0076206,-97.9849149
58273,48.2974827,-97.6627636
58274,47.4918981,-97.4885439
58275,47.6904714,-97.1050919
58276,48.6240141,-97.4560357
58277,47.6084052,-97.8232766
58278,47.7812289,-97.1214668
58281,48.8558395,-98.6164887
58282,48.8981413,-97.9418498
58301,48.1417479,-98.8938296
58310,48.5667128,-99.5530989
58311,48.6452269,-98.5571635
58313,48.1661687,-100.0366463
58316,48.8446318,-99.8027883
58317,48.6262438,-99.4035181
58318,48.858084,-100.3974208
58321,48.2024446,-98.3144223
58323,48.8414866,-98.9231277
58324,48.4794088,-99.2209278
58325,48.2894802,-99.1182662
58327,48.104377,-98.5682435
58329,48.8624379,-100.0720998
58330,48.4337502,-98.4787807
58331,48.6385154,-99.0900411
58332,48.0441655,-99.772982
58335,47.9704988,-99.0165934
58338,48.526201,-98.6271243
58339,48.9725174,-99.3246118
58341,47.7676355,-99.8766529
58343,48.295858,-99.7287615
58344,48.0165226,-98.3430038
58345,48.3066166,-98.3751438
58346,48.2930379,-99.4299301
58348,47.9534329,-99.521098
58351,48.0979695,-99.3146356
58352,48.6955894,-98.8577683
58353,48.6391743,-99.5912952
58355,48.5784436,-98.3959504
58356,47.6713917,-99.0720792
58357,47.9397774,-99.2167844
58361,47.7520461,-98.3755989
58362,48.2309892,-99.0598586
58363,48.7692645,-99.4655322
58365,48.841341,-99.2317057
58366,48.6535206,-99.8740276
58367,48.8818807,-99.5561325
58368,48.2394693,-100.0311623
58369,48.9589095,-99.8137345
58370,47.985147,-98.8664803
58372,48.9424516,-99.0120071
58374,47.8245755,-99.0950405
58377,48.4716465,-98.8729646
58379,47.8966284,-98.8216255
58380,47.8251531,-98.5018539
58381,47.8257653,-98.7487682
58382,48.3180012,-98.799048
58384,48.5958685,-100.2655578
58385,48.4727293,-99.6455845
58386,48.3187255,-99.5987512
58401,46.884312,-98.7667416
58402,46.8819489,-98.6879128
58405,46.9145923,-98.6967356
58413,45.9854513,-99.3323455
58415,46.3615732,-98.4854533
58416,47.5510015,-98.3614281
58418,47.4214228,-99.6389325
58420,47.0610182,-98.8584396
58421,47.4403805,-99.0766726
58422,47.5935165,-99.405537
58423,47.4284534,-99.830534
58424,46.8789883,-99.0943135
58425,47.4537039,-98.1182877
58426,47.2182256,-98.5793391
58428,46.8079344,-99.7491713
58429,47.2046911,-98.1740697
58430,47.5088248,-100.2568762
58431,46.5083411,-98.5039123
58433,46.3664124,-98.7219142
58436,46.0760992,-98.5799127
58438,47.667399,-99.5683781
58439,45.9680753,-98.8308495
58440,46.2782966,-99.1621383
58441,46.175288,-98.3684929
58442,46.5536794,-99.1795943
58443,47.4643427,-98.6811913
58444,47.4831182,-100.1399955
58445,47.5586043,-98.781494
58448,47.3103951,-98.2095912
58451,47.4502635,-99.9717382
58452,47.5401895,-98.2291472
58454,46.5843221,-98.9517877
58455,47.3025132,-98.728706
58456,46.2519344,-98.9532182
58458,46.3679439,-98.2938488
58460,46.3097219,-99.3220197
58461,46.6495086,-98.1916108
58463,47.4919846,-100.4734017
58464,47.6129298,-98.6085391
58466,46.6092127,-98.369436
58467,46.8748433,-99.3304521
58472,46.6385689,-98.6502492
58474,46.1027077,-98.1422674
58475,47.1469895,-99.5342247
58476,47.1938501,-99.004507
58477,47.2209549,-100.5207995
58478,47.1617781,-99.7454421
58479,47.0887948,-98.2033801
58480,46.9450292,-98.2593374
58481,46.9345074,-98.4236066
58482,46.868757,-99.9008949
58483,46.6681335,-99.432794
58484,47.368583,-98.4642756
58486,47.3963295,-99.3901996
58487,46.8568288,-99.6057531
58488,47.1789596,-100.025613
58490,46.3842849,-98.0659426
58492,47.1619815,-98.4249568
58494,47.1848994,-100.2620868
58495,46.2717776,-99.6010538
58496,47.1408863,-99.3090257
58497,46.7681405,-98.5086253
58501,46.8149315,-100.6981957
58503,46.9063989,-100.7521894
58504,46.7430414,-100.6786906
58505,46.8202854,-100.7810594
58520,46.67407,-101.5682568
58521,47.0279578,-100.6739561
58523,47.2650048,-101.7815669
58524,46.6221008,-100.0739515
58528,46.3239963,-100.595218
58529,46.3048711,-101.5808154
58530,47.1319038,-101.1642057
58531,47.5787409,-101.2351892
58532,46.8470473,-100.1087899
58533,46.3945772,-101.7966607
58535,46.4821072,-101.2489899
58538,46.0811009,-100.6591875
58540,47.6217781,-101.7263949
58541,47.3398216,-102.0442755
58542,46.0446461,-99.993945
58544,46.5127456,-100.3724754
58545,47.3495845,-101.6003094
58549,46.4634427,-99.9374959
58552,46.2441289,-100.2871751
58554,46.755661,-100.9486612
58558,46.8197763,-100.5260912
58559,47.4717194,-100.6949587
58560,46.6549024,-100.312936
58561,46.492146,-99.6634962
58562,46.3613222,-102.0086058
58563,46.8989843,-101.4392567
58564,46.2660947,-101.3442337
58565,47.4963866,-101.3713655
58566,46.5783683,-100.9066886
58568,46.0977363,-100.9988352
58569,46.2680991,-101.1993699
58570,46.3756425,-100.8720053
58571,47.2923599,-101.4067568
58572,46.8683363,-100.3398489
58573,46.1238027,-100.2018886
58575,47.5519262,-100.89414
58576,47.4368511,-101.2141736
58577,47.3177861,-101.0523276
58579,47.1794209,-100.7383665
58580,47.2675514,-101.9432982
58581,46.0498566,-99.8056924
58601,46.9081572,-102.8265639
58620,46.505983,-103.3384343
58621,47.1210854,-103.9447252
58622,46.8799695,-103.2520531
58623,46.1607948,-103.4235946
58625,47.2796642,-102.1861446
58626,47.3776935,-102.602385
58627,47.2343986,-103.2726496
58630,46.9266844,-102.5702405
58631,46.7986245,-101.8370354
58632,46.6729983,-103.9654683
58634,47.4447175,-103.3642156
58636,47.3938787,-102.3457374
58638,46.9183584,-102.0375722
58639,46.0667352,-102.6505092
58640,47.4536974,-102.9054228
58641,46.6671299,-102.486272
58642,47.2013192,-102.8344005
58643,46.216746,-103.9596925
58644,47.1323697,-102.3487139
58645,46.9510048,-103.5496529
58646,46.3929125,-102.2876434
58647,46.5189024,-102.9362942
58649,46.1400678,-102.9019575
58650,46.4370034,-102.620071
58651,46.2592883,-103.7413602
58652,46.8976399,-102.2397166
58653,46.0904434,-103.1300186
58654,46.7841609,-103.8236127
58655,46.7708148,-103.0308961
58656,46.9557637,-102.4645005
58701,48.1448263,-101.3260158
58703,48.3213344,-101.3047212
58704,48.4143286,-101.31841
58705,48.4161207,-101.3518343
58707,48.2477055,-101.3012679
58710,47.8680613,-100.2310911
58711,48.9296043,-101.2671488
58712,47.9708081,-100.553132
58713,48.5236463,-100.6140556
58716,47.8043256,-101.0678453
58718,48.2909055,-101.8035495
58721,48.8216867,-102.2542628
58722,48.2500015,-101.5010065
58723,47.745881,-100.5961545
58725,48.4810634,-101.6798956
58727,48.8575692,-102.8044991
58730,48.8601748,-103.3081721
58731,48.4488594,-100.9832253
58733,48.1750088,-101.5878818
58734,48.5128498,-101.9573565
58735,47.8842457,-101.4756737
58736,47.930855,-100.3964932
58737,48.9080151,-102.4014206
58740,48.466399,-101.2222225
58741,48.2768401,-100.8307679
58744,48.1201731,-100.5910655
58746,48.7134432,-102.0940526
58748,48.6615799,-100.6356444
58750,48.6146629,-101.3978801
58752,48.821296,-102.5988173
58755,48.6259639,-102.95095
58756,47.9707313,-101.8147677
58757,47.6862822,-102.5558171
58758,47.7680166,-100.0903447
58759,47.8446763,-101.2496975
58760,48.697459,-101.1358965
58761,48.7859889,-101.5242668
58762,48.6732093,-100.9400875
58763,47.9839578,-102.5834038
58765,48.8732948,-103.042817
58768,48.2520461,-101.0238004
58769,48.3055014,-102.2353136
58770,47.8693886,-102.1612017
58771,48.0883094,-101.9762144
58772,48.9595747,-102.6337096
58773,48.58258,-102.6578368
58775,47.7100589,-101.8612011
58776,48.2478047,-102.623232
58778,47.7864899,-100.9130046
58779,47.8549598,-101.7538543
58781,48.0301137,-101.1339731
58782,48.9443459,-101.7046695
58783,48.8797913,-100.7604646
58784,48.3598142,-102.4239959
58785,48.3070694,-101.1022854
58787,48.7563217,-101.8136593
58788,48.3252319,-100.4775056
58789,48.5531817,-100.8088954
58790,48.0295706,-100.9477142
58792,47.9712276,-100.7467854
58793,48.8692254,-101.0510278
58794,48.269343,-102.7912658
58795,48.6403385,-103.1566694
58801,48.2384858,-103.7696488
58830,48.5973397,-103.4611918
58831,47.8542226,-103.6520149
58833,48.8871538,-103.520335
58835,47.7366635,-103.4491317
58838,47.7699913,-103.9008374
58843,48.2338604,-103.37749
58844,48.8875259,-103.7499523
58845,48.6410387,-103.9175349
58847,47.8888748,-102.906185
58849,48.3079027,-103.1632311
58852,48.3815681,-102.9319333
58853,48.0611281,-103.7274704
58854,47.8283723,-103.1532554
58856,48.5950276,-103.7328635
59001,45.5301592,-109.5399941
59002,46.0227198,-108.6656105
59003,45.4919822,-106.2008605
59006,45.9208302,-108.08888
59007,45.170774,-109.1949315
59008,45.0797463,-109.0759403
59010,45.9652052,-107.2993112
59011,45.9247205,-109.948625
59012,45.3236053,-106.6272009
59013,45.4613193,-109.0805514
59014,45.1551688,-108.6676536
59015,46.085105,-108.8287406
59016,45.4577021,-106.947988
59018,45.8502869,-110.6239214
59019,45.6286923,-109.240732
59020,45.1080426,-110.1006196
59022,45.5704813,-107.2616521
59024,46.2784256,-107.8071138
59025,45.0859783,-106.7042319
59026,45.4853796,-108.7844383
59027,45.259227,-110.904444
59028,45.302667,-109.7134714
59029,45.3973838,-108.8025008
59030,45.0869432,-110.5961641
59031,45.4981661,-107.3745374
59032,47.0245761,-108.70277
59033,45.7241811,-109.73519
59034,45.7003755,-107.7834694
59035,45.3047952,-107.9489602
59036,46.4599943,-109.88342
59037,45.864795,-108.2107989
59038,46.2218865,-107.2084558
59039,46.6867742,-107.2911224
59041,45.5010928,-108.9681517
59043,45.5507954,-106.6764074
59044,45.6438128,-108.732471
59046,46.3612983,-108.9504371
59047,45.5774133,-110.5502098
59050,45.2591818,-107.476204
59052,45.4657979,-110.1455207
59053,46.4415302,-110.432354
59054,46.6685474,-107.7721654
59055,46.1089981,-109.809893
59057,45.8536046,-108.9538366
59058,46.9876622,-107.7602416
59059,46.5110355,-108.0739239
59061,45.4246095,-109.8571451
59062,45.1510072,-106.2181454
59063,45.6522319,-108.9657173
59064,45.8794017,-107.8713778
59065,45.2711122,-110.6734961
59066,45.3358765,-108.5102607
59067,45.9702973,-109.2238348
59068,45.0870548,-109.5583916
59069,45.7266954,-109.5827466
59070,45.3648989,-109.181751
59071,45.2462,-109.6295636
59072,46.5259886,-108.5537372
59074,46.3644964,-109.2985277
59075,45.4063137,-107.8480487
59076,46.2825176,-107.0684745
59077,47.2448133,-107.592797
59078,46.4226802,-109.4892885
59079,46.0621184,-108.3633075
59081,45.0197844,-109.9829395
59082,45.8491731,-110.2904437
59083,46.5631083,-107.5594932
59085,46.3230846,-110.1878932
59086,46.0613255,-110.6626808
59087,47.1419168,-108.2265753
59088,46.1302846,-108.0554185
59089,45.0918857,-107.315133
59101,45.6071078,-108.3415172
59102,45.774768,-108.5813202
59105,45.8928787,-108.4978759
59106,45.8137591,-108.7098
59201,48.1419445,-105.626831
59211,48.6986441,-104.349863
59212,48.2223864,-104.1430666
59213,48.1888822,-104.8865746
59214,47.2997716,-106.0389859
59215,47.5166358,-105.769079
59217,47.5793695,-104.2387003
59218,48.0759494,-104.491631
59219,48.5714333,-104.1577307
59221,47.8997495,-104.1644773
59222,48.7009018,-105.1585393
59223,47.9128073,-106.2068658
59225,48.2696403,-105.9675261
59226,48.3478609,-104.5304638
59230,48.1311708,-106.798317
59231,48.4039157,-106.5442153
59240,48.8422413,-106.240509
59241,48.4581624,-107.0505569
59242,48.4111734,-104.4433822
59243,47.7575473,-104.6792086
59244,48.619958,-106.3044009
59247,48.5162016,-104.5234845
59248,48.245397,-106.249241
59250,48.8446431,-106.623677
59252,48.9467096,-104.8376219
59253,48.7363754,-105.8582245
59254,48.7516792,-104.6405641
59255,48.2364639,-105.1589472
59256,48.9075608,-104.5527996
59257,48.753642,-104.9423165
59258,48.5835478,-104.6550463
59259,47.680959,-105.0998525
59260,48.8568667,-106.1197369
59261,48.5291427,-107.4220668
59262,47.4896692,-104.497165
59263,48.7911714,-105.5142554
59270,47.609447,-104.0861142
59273,48.3069676,-106.942674
59274,47.8461513,-105.4187618
59275,48.877437,-104.1564331
59276,48.9657429,-105.2141283
59301,46.3601649,-105.8674543
59311,45.1628654,-104.5493165
59312,47.037569,-106.2639431
59313,46.2577616,-104.2255865
59314,45.0677336,-105.433561
59315,47.4523003,-104.8684284
59316,45.3470456,-105.0719171
59317,45.3378292,-105.5190386
59318,47.5011541,-107.5138496
59319,45.4118522,-104.1653766
59322,47.0508841,-106.6886722
59323,45.9168346,-106.7220108
59324,45.7689229,-104.5692401
59326,46.7703565,-104.8594025
59327,46.2367722,-106.6822328
59330,47.12112,-104.7635408
59332,45.389696,-104.6985521
59333,46.2771459,-106.1946362
59336,46.348832,-104.9541014
59337,47.4065197,-106.8166542
59338,46.640459,-105.6404919
59339,47.2253325,-105.2712478
59343,45.6624783,-105.4264313
59344,46.3568593,-104.5972775
59345,45.860143,-105.212007
59347,46.4206746,-106.3658533
59349,46.8123882,-105.5039383
59351,45.7592655,-105.7112815
59353,46.9629657,-104.2745184
59354,46.1770312,-104.4206393
59401,47.5112266,-111.2772404
59404,47.631766,-111.3288702
59405,47.2889906,-111.3004555
59410,47.5035477,-112.6468998
59411,48.8920664,-113.3982437
59412,47.3033229,-110.8636799
59414,47.5277484,-111.2599563
59416,48.0379716,-111.5268264
59417,48.5521486,-113.0019267
59418,46.8036512,-109.855632
59419,47.9663909,-112.3169894
59420,47.8775483,-111.0038716
59421,47.0748475,-111.6883679
59422,47.8342547,-112.4888506
59424,47.3529883,-110.1082715
59425,48.1871625,-111.8985756
59427,48.7407434,-112.6664364
59430,47.4309774,-109.7801895
59432,48.1562065,-112.5461447
59433,47.8836208,-111.6920304
59434,48.6982046,-113.507207
59435,48.5769869,-112.0392451
59436,47.6162723,-112.1198498
59440,47.7159983,-111.1585695
59441,46.8275292,-109.0691188
59442,47.9289442,-110.6516887
59443,47.5639341,-111.8289332
59444,48.6509167,-111.3804144
59446,47.6505897,-110.1524374
59447,47.2862487,-110.4500238
59448,48.2631517,-112.8494721
59450,47.5524572,-110.7428135
59451,47.3902145,-109.3900873
59452,46.8925673,-110.061256
59453,46.6488235,-109.6814117
59454,48.7689502,-111.9850966
59456,48.2701496,-111.3616701
59457,47.1397309,-109.3108869
59460,48.0740453,-110.5069867
59461,48.4711988,-111.211268
59462,47.1053942,-109.8933332
59463,47.0489187,-110.86667
59464,46.8395497,-109.616825
59465,46.9377198,-110.7078813
59466,48.7184139,-111.7749541
59467,48.0697176,-112.4023144
59468,47.7275907,-111.6342357
59469,47.1908075,-110.6837416
59471,47.4266552,-108.772077
59472,47.3388462,-111.2071224
59474,48.5294766,-111.6907378
59477,47.44284,-111.9744843
59479,47.032558,-110.30532
59480,47.2136591,-111.0746361
59482,48.8638079,-111.8516023
59483,47.4649245,-111.7328956
59484,48.9595751,-111.5387125
59485,47.4322546,-111.5686312
59486,48.3404944,-112.3773611
59487,47.5873671,-111.6389955
59489,47.6246664,-109.2304046
59501,48.6898671,-109.7810845
59520,48.0381231,-109.9317765
59521,48.305039,-109.9512892
59522,48.5567878,-110.976831
59523,48.5260033,-109.198574
59524,48.1388168,-108.4024464
59525,48.6417238,-110.2615112
59526,48.4527546,-108.7013355
59527,48.0416597,-108.7915662
59528,48.6172087,-110.4338604
59529,48.7970477,-108.6787631
59530,48.6009142,-110.6959444
59531,48.7766379,-110.7946338
59532,48.5935558,-110.0807142
59535,47.9410018,-109.2528667
59537,48.8432047,-107.9880673
59538,48.0262349,-107.8403607
59540,48.6049189,-110.5635814
59542,48.821862,-108.3357504
59544,48.8033869,-107.5552142
59545,48.9391516,-111.2197204
59546,47.8992985,-108.5392846
59547,48.7034656,-108.9860203
59601,46.5306899,-112.199398
59602,46.7269147,-111.9082646
59623,46.5899155,-112.0406773
59625,46.6014388,-112.0388152
59631,46.2906049,-112.3889758
59632,46.1694526,-112.0040417
59633,46.8188466,-112.3429307
59634,46.4449336,-112.0314993
59635,46.5553146,-111.8142337
59636,46.6161399,-112.1140185
59638,46.3579027,-112.0276989
59639,47.1920322,-112.7472898
59640,46.7680327,-112.3678233
59642,46.2653442,-110.7573806
59643,46.1347458,-111.5799084
59644,46.4166783,-111.4426408
59645,46.6876721,-111.0546617
59647,46.4625731,-111.6539707
59648,47.0922895,-112.2024089
59701,46.0327091,-112.4641588
59710,45.0541315,-112.0812606
59711,46.0946716,-113.1416236
59713,46.6594508,-112.6191395
59714,45.972611,-111.1339985
59715,45.6937221,-110.9060925
59716,45.2871157,-111.3887402
59718,45.6394676,-111.1711711
59720,44.9392353,-111.5892296
59721,45.85202,-111.8631509
59722,46.3528538,-112.7528853
59724,44.6611671,-112.8046543
59725,45.0738281,-112.8346734
59727,45.7993835,-112.8308882
59728,46.5089121,-112.4348375
59729,45.3245235,-111.6511814
59730,45.2082259,-111.1286847
59731,46.5791083,-112.761137
59732,45.5000478,-112.692418
59733,46.5449494,-112.9581885
59735,45.6497635,-111.8498519
59736,45.3441839,-113.3426234
59739,44.6602457,-112.1997888
59740,45.5036106,-111.8141483
59741,45.7698237,-111.3683436
59743,45.6012149,-112.764722
59745,45.5951947,-111.6148024
59746,45.384931,-113.0590965
59747,45.6968615,-111.9617646
59748,46.0460181,-112.6960031
59749,45.4541161,-112.0723892
59750,45.9170545,-112.6849726
59751,45.6899648,-112.2975563
59752,45.9161844,-111.5261838
59754,45.5192835,-112.3567112
59755,45.2709671,-111.9436192
59756,46.1741428,-112.834586
59758,44.7998833,-111.1903797
59759,45.8452448,-112.165946
59760,45.7559363,-111.5924354
59761,45.5759685,-113.5562044
59762,45.9485859,-113.3335994
59801,46.8546891,-114.0104365
59802,46.9039589,-113.9192899
59803,46.7844783,-113.9462712
59804,46.8787427,-114.2648882
59808,46.9617122,-114.0919858
59812,46.8612259,-113.9845095
59820,46.8974515,-114.609123
59821,47.2090996,-114.0223956
59823,46.9678463,-113.6046673
59824,47.4134668,-114.2073827
59825,46.6144596,-113.648701
59826,47.4625728,-113.7041572
59827,45.8925835,-114.0884286
59828,46.3268704,-113.9591003
59829,45.7509134,-114.1779643
59830,47.4346191,-115.4571896
59831,47.2601198,-114.3683124
59832,46.6889821,-113.2528831
59833,46.6480165,-114.0741906
59834,47.0795835,-114.2218122
59837,46.5350471,-113.283235
59840,46.1666923,-114.1050975
59841,46.3342114,-114.2229977
59842,47.3301504,-115.4380096
59843,46.8535565,-113.0137888
59844,48.0004161,-115.9394322
59845,47.6902565,-114.5546854
59846,47.1517931,-114.5131884
59847,46.715693,-114.3700832
59848,47.7100088,-114.6897868
59851,46.8717031,-113.876858
59853,48.0420182,-115.7907249
59854,47.2755137,-113.2341499
59855,47.6002657,-114.1178871
59856,47.3798634,-114.7374319
59858,46.285772,-113.4674064
59859,47.5197809,-114.7952162
59860,47.7158011,-114.1862101
59863,47.3002065,-114.1825825
59864,47.5316679,-114.1195572
59865,47.3321818,-113.9983066
59866,47.3429032,-115.1204022
59867,47.3906531,-115.5625891
59868,47.2210408,-113.5404603
59870,46.5163079,-114.06345
59871,45.8921505,-113.8166832
59872,47.1047668,-114.9088452
59873,47.6626474,-115.2731476
59874,47.8070855,-115.6004134
59875,46.420377,-114.3156015
59901,48.230565,-114.4033127
59910,47.820761,-114.2355074
59911,47.8642777,-113.8845979
59912,48.4369858,-114.1687221
59913,48.4334999,-113.9591337
59914,47.8761334,-114.3031766
59915,47.8203338,-114.4112652
59916,48.3065276,-113.6571646
59917,48.9346416,-114.8767028
59918,48.7813332,-114.758611
59919,48.3774184,-114.0564242
59920,48.0027639,-114.608268
59922,48.0030431,-114.2221359
59923,48.2706259,-115.3131639
59925,48.0444356,-114.8326147
59926,48.3521797,-113.9955911
59927,48.5597436,-114.7127632
59928,48.7973341,-114.2924536
59929,47.9159316,-114.4051833
59930,48.8667278,-115.1331874
59931,47.9221166,-114.2545511
59932,48.0521697,-114.2425982
59933,48.7194395,-114.768386
59934,48.6366056,-114.9317783
59935,48.649762,-115.8348347
59936,48.1898186,-113.4736355
59937,48.4369738,-114.4990163
60002,42.4671427,-88.0943387
60004,42.1127796,-87.9795423
60005,42.0644715,-87.9866902
60007,42.023966,-87.9997551
60008,42.070412,-88.0222467
60010,42.1464983,-88.1646542
60012,42.2726208,-88.3115704
60013,42.2235145,-88.2358959
60014,42.2302786,-88.3296544
60015,42.1736811,-87.8783621
60016,42.0527193,-87.8920607
60018,41.9788715,-87.894342
60020,42.3948585,-88.1741269
60021,42.1947624,-88.2171807
60022,42.1361375,-87.7604742
60025,42.0746321,-87.811581
60026,42.092205,-87.8379132
60029,42.0585491,-87.7849406
60030,42.3356353,-88.0467818
60031,42.3731885,-87.9396644
60033,42.4234291,-88.610465
60034,42.458664,-88.4266426
60035,42.1859677,-87.8059389
60040,42.2065246,-87.8128182
60041,42.3695795,-88.1535043
60042,42.278327,-88.195495
60043,42.0888177,-87.7144974
60044,42.2881243,-87.8600812
60045,42.2386728,-87.8670825
60046,42.415962,-88.0653509
60047,42.2015644,-88.0462954
60048,42.2926063,-87.9453173
60050,42.329613,-88.2932445
60051,42.3502622,-88.2210541
60053,42.0422389,-87.7889284
60056,42.0653782,-87.9347101
60060,42.2701347,-88.0393159
60061,42.2328507,-87.9589304
60062,42.1262789,-87.845088
60064,42.3240585,-87.8615698
60067,42.1081337,-88.0643354
60068,42.013588,-87.8446553
60069,42.1928917,-87.9240732
60070,42.1036632,-87.9289718
60071,42.4684498,-88.3158068
60072,42.4064576,-88.3063514
60073,42.3544581,-88.1024214
60074,42.1314623,-88.0263289
60075,42.4925762,-87.9086632
60076,42.0341335,-87.7294451
60077,42.0361537,-87.756328
60081,42.4490907,-88.2267052
60083,42.4368412,-87.949952
60084,42.2690023,-88.1390938
60085,42.3549353,-87.8607611
60087,42.4038384,-87.8535889
60088,42.3096322,-87.8440612
60089,42.1672308,-87.964063
60090,42.125878,-87.911954
60091,42.0777876,-87.7205704
60093,42.1040665,-87.7539334
60096,42.4806144,-87.8295572
60097,42.3969753,-88.3724436
60098,42.3246455,-88.455561
60099,42.4599882,-87.8650207
60101,41.9321192,-88.0107805
60102,42.1631342,-88.3107929
60103,41.9765451,-88.2056891
60104,41.8825626,-87.8764439
60106,41.9643738,-87.9441289
60107,42.0205861,-88.1777706
60108,41.9503043,-88.0954974
60109,42.0544885,-88.5409115
60110,42.1134321,-88.2922512
60111,42.0098595,-88.8355425
60112,41.9237324,-88.6902175
60113,41.9313092,-88.9641298
60115,41.9012633,-88.7615501
60118,42.1062587,-88.3043825
60119,41.8515316,-88.4764514
60120,42.032566,-88.240438
60123,42.0406436,-88.3112962
60124,42.0201685,-88.4006865
60126,41.8968428,-87.9412404
60129,42.0081605,-88.9749963
60130,41.8670311,-87.8179345
60131,41.937783,-87.883025
60133,41.9778424,-88.1431991
60134,41.8783425,-88.3420718
60135,42.1125054,-88.6708151
60136,42.1051875,-88.3804241
60137,41.8652063,-88.0627825
60139,41.9188772,-88.0780946
60140,42.0790506,-88.5130983
60141,41.8583442,-87.8379105
60142,42.1739146,-88.444659
60143,41.9739705,-88.0210838
60144,41.8350763,-88.51986
60145,42.0845692,-88.7738196
60146,42.0999817,-88.8740605
60148,41.8762575,-88.0187544
60150,41.9144005,-88.8957749
60151,41.9180058,-88.5771084
60152,42.2393653,-88.627304
60153,41.8798174,-87.8438701
60154,41.8492344,-87.8898489
60155,41.8577846,-87.8563161
60156,42.20278,-88.3192142
60157,41.9752979,-88.056215
60160,41.9034912,-87.8617696
60162,41.8675481,-87.9019457
60163,41.88793,-87.9094671
60164,41.9166905,-87.9011822
60165,41.9032344,-87.8807317
60169,42.0508698,-88.1166149
60171,41.9250589,-87.8383338
60172,41.9802529,-88.0889179
60173,42.0515564,-88.0555224
60174,41.9306143,-88.2986778
60175,41.9481876,-88.3887014
60176,41.9583239,-87.8696549
60177,41.9884809,-88.310167
60178,42.0081614,-88.6607286
60180,42.2233772,-88.5202071
60181,41.8768971,-87.9763283
60183,41.940234,-88.4091415
60184,41.951502,-88.2531704
60185,41.8931107,-88.2149981
60187,41.8727197,-88.1124421
60188,41.9157372,-88.1294344
60189,41.8406447,-88.1220551
60190,41.8736212,-88.156243
60191,41.9648391,-87.9811067
60192,42.0632716,-88.2036616
60193,42.009371,-88.0967252
60194,42.0334245,-88.1135624
60195,42.0653673,-88.0865722
60201,42.0547455,-87.6923824
60202,42.0293201,-87.6853897
60203,42.0490352,-87.7174553
60208,42.0535543,-87.6702594
60301,41.8886543,-87.7965384
60302,41.8947716,-87.7898251
60304,41.8724685,-87.7893309
60305,41.894875,-87.8190635
60401,41.3471427,-87.6141296
60402,41.8328795,-87.7900632
60403,41.5681884,-88.1188734
60404,41.5134544,-88.2241462
60406,41.6549452,-87.6819519
60407,41.2349065,-88.2613017
60408,41.2660344,-88.2185372
60409,41.6136412,-87.5521219
60410,41.428379,-88.2132017
60411,41.5073046,-87.5897011
60415,41.7034379,-87.7795424
60416,41.2939077,-88.2831008
60417,41.4275852,-87.5861488
60418,41.6455985,-87.7400776
60419,41.6272714,-87.5983897
60420,41.0876486,-88.4208945
60421,41.4142056,-88.083462
60422,41.5386077,-87.6844039
60423,41.4744578,-87.8411506
60424,41.1641482,-88.3277155
60425,41.5434268,-87.6107539
60426,41.6102507,-87.6530379
60428,41.5998098,-87.6906174
60429,41.5740287,-87.6837056
60430,41.558114,-87.6628071
60431,41.5099859,-88.1903574
60432,41.5422535,-88.0338459
60433,41.4965993,-88.0423406
60435,41.5486424,-88.1285012
60436,41.4896697,-88.1238101
60437,41.1569022,-88.5560833
60438,41.5662423,-87.5502041
60439,41.6766048,-87.9770901
60440,41.7006001,-88.0750061
60441,41.5930486,-88.051567
60442,41.391844,-87.9606146
60443,41.5028868,-87.7495705
60444,41.2431147,-88.4027315
60445,41.6283273,-87.7353696
60446,41.6332631,-88.0993051
60447,41.4872388,-88.3221656
60448,41.5377803,-87.8925639
60449,41.4176426,-87.7785864
60450,41.3700156,-88.434265
60451,41.508158,-87.9609788
60452,41.6089767,-87.7541591
60453,41.7141164,-87.7527711
60455,41.7409816,-87.8067687
60456,41.7312484,-87.7311338
60457,41.7237888,-87.8296191
60458,41.7534009,-87.8269406
60459,41.7443895,-87.7685984
60460,40.9985741,-88.5366005
60461,41.5213992,-87.6868781
60462,41.6268516,-87.8406149
60463,41.6624464,-87.7899693
60464,41.6690338,-87.8642991
60465,41.7006815,-87.8252968
60466,41.4791622,-87.6845977
60467,41.5977356,-87.8864957
60468,41.335283,-87.8102906
60469,41.6286972,-87.6863116
60470,41.1658879,-88.6387226
60471,41.4793627,-87.7292148
60472,41.6430745,-87.7080819
60473,41.5973515,-87.6013328
60474,41.1855657,-88.2752337
60475,41.4719583,-87.6283381
60476,41.5694831,-87.6017086
60477,41.573605,-87.7867106
60478,41.5541789,-87.735525
60479,41.2323836,-88.5263962
60480,41.7203055,-87.8813448
60481,41.2855308,-88.1105607
60482,41.6882112,-87.7925772
60484,41.443025,-87.7104773
60487,41.5638369,-87.8303491
60490,41.6762016,-88.140588
60491,41.6026976,-87.9626049
60501,41.7792455,-87.8233794
60502,41.7875217,-88.2600171
60503,41.7076698,-88.2577423
60504,41.7454388,-88.2412089
60505,41.7654424,-88.2961119
60506,41.7588778,-88.3718653
60510,41.8430366,-88.3110549
60511,41.7589926,-88.5519928
60512,41.7013626,-88.4398651
60513,41.8250594,-87.8475457
60514,41.7957555,-87.9615395
60515,41.8110704,-88.0245251
60516,41.7612967,-88.0133927
60517,41.7386207,-88.0425183
60518,41.598842,-88.9197411
60519,41.7774796,-88.2425534
60520,41.7872669,-88.6675478
60521,41.8006825,-87.9281725
60523,41.8363949,-87.9531732
60525,41.7835455,-87.8659928
60526,41.8314017,-87.8837998
60527,41.7430737,-87.9292145
60530,41.7970776,-88.9523753
60531,41.6192067,-88.7874976
60532,41.7894426,-88.0839844
60534,41.8123902,-87.8200356
60536,41.5985419,-88.5520607
60537,41.5604766,-88.6041043
60538,41.7275023,-88.3369415
60539,41.8246317,-88.3361978
60540,41.7645848,-88.1441654
60541,41.5133443,-88.5323985
60542,41.8086968,-88.34841
60543,41.6682656,-88.3229075
60544,41.6139135,-88.2186838
60545,41.6806911,-88.5362252
60546,41.8379226,-87.8218594
60548,41.6486673,-88.6346907
60549,41.5025373,-88.7396346
60550,41.7821971,-88.8813927
60551,41.5253278,-88.6876679
60552,41.6668884,-88.7065072
60553,41.8262544,-89.0400565
60554,41.776668,-88.4570484
60555,41.8232927,-88.1886333
60556,41.7629146,-88.7711247
60557,41.445845,-88.7679893
60558,41.8020715,-87.9007522
60559,41.7943709,-87.9728597
60560,41.6076048,-88.431708
60561,41.7456625,-87.981494
60563,41.7900643,-88.205593
60564,41.7062338,-88.1951036
60565,41.7288639,-88.1256683
60585,41.657058,-88.2252426
60586,41.571556,-88.2382184
60601,41.885155,-87.6215122
60602,41.8830405,-87.6290785
60603,41.8802616,-87.6273962
60604,41.8781126,-87.629071
60605,41.8675665,-87.6172276
60606,41.8812592,-87.6374518
60607,41.8748064,-87.6545431
60608,41.8468804,-87.6706636
60609,41.8126802,-87.6569347
60610,41.9047184,-87.6358914
60611,41.8947422,-87.6150734
60612,41.8805107,-87.6878671
60613,41.9561527,-87.6529937
60614,41.9227466,-87.6471531
60615,41.8032606,-87.5979343
60616,41.8448829,-87.6240323
60617,41.7144167,-87.5557609
60618,41.9475679,-87.7026468
60619,41.7434386,-87.6053181
60620,41.7404975,-87.6525582
60621,41.7762318,-87.6395268
60622,41.902172,-87.6833374
60623,41.8471006,-87.7176112
60624,41.8805038,-87.7244439
60625,41.9730807,-87.6997515
60626,42.0088005,-87.66705
60628,41.6914782,-87.6185926
60629,41.7754142,-87.7114874
60630,41.9720714,-87.7565695
60631,41.9947695,-87.8131043
60632,41.8101664,-87.7132518
60633,41.6637834,-87.5613138
60634,41.9461885,-87.8061174
60636,41.7757892,-87.6690712
60637,41.7825037,-87.6027339
60638,41.782468,-87.7707528
60639,41.9205977,-87.755942
60640,41.9728721,-87.6626039
60641,41.9467176,-87.7468874
60642,41.9020418,-87.6585438
60643,41.7002727,-87.6632674
60644,41.8800843,-87.7563733
60645,42.0086034,-87.6945792
60646,41.9936498,-87.7613246
60647,41.9210421,-87.7019709
60649,41.7593404,-87.5570254
60651,41.9020063,-87.7410158
60652,41.7474321,-87.7144028
60653,41.8199645,-87.6059654
60654,41.8921581,-87.6363243
60655,41.6947708,-87.7037606
60656,41.9742575,-87.8270517
60657,41.9394113,-87.6507045
60659,41.9895781,-87.7065715
60660,41.9911098,-87.6630763
60661,41.8829966,-87.6441143
60706,41.9638848,-87.8167884
60707,41.9217523,-87.8074367
60712,42.0054299,-87.7329594
60714,42.0283509,-87.811304
60803,41.6740639,-87.7362222
60804,41.8401645,-87.7599158
60805,41.7220014,-87.7024457
60827,41.649434,-87.6335719
60901,41.1094376,-87.9028168
60910,41.0663992,-87.7995838
60911,40.8802426,-87.9765839
60912,40.9736195,-87.6034756
60913,41.1483532,-88.0620407
60914,41.182964,-87.8611714
60915,41.1463308,-87.8607091
60917,41.0470589,-88.1973864
60918,40.5949693,-88.0256549
60919,40.9878758,-88.2375182
60920,41.0302142,-88.3037903
60921,40.7315426,-88.2972114
60922,41.0109254,-87.9192902
60924,40.5606589,-87.8856214
60926,40.5693944,-87.8120791
60927,40.9384894,-87.9727764
60928,40.7456855,-87.8507702
60929,40.8760083,-88.2924053
60930,40.8317362,-88.0062663
60931,40.8893274,-87.5881413
60932,40.4651041,-87.8001183
60933,40.4625782,-88.2738008
60934,40.9570909,-88.3451035
60935,41.1704618,-88.1758794
60936,40.4646897,-88.3630601
60938,40.7722578,-87.9843916
60939,40.5670006,-87.7770935
60940,41.2497766,-87.6428578
60941,41.0386577,-88.0858693
60942,40.4665688,-87.6616049
60945,40.8351231,-87.5967035
60946,40.9130732,-88.2007116
60948,40.5235601,-88.0773496
60949,40.3783375,-88.1051513
60950,41.2528477,-87.8835863
60951,40.919046,-87.740751
60952,40.5627947,-88.2503657
60953,40.629003,-87.6901996
60954,41.1477084,-87.6225161
60955,40.7084643,-87.9829493
60956,40.9676846,-87.7162447
60957,40.442962,-88.1362042
60958,41.0652035,-87.5915994
60959,40.7894816,-88.1831748
60960,40.4389575,-87.8907232
60961,41.1095668,-88.2215041
60962,40.626141,-88.1871431
60963,40.3684949,-87.6510702
60964,41.0278177,-87.7422564
60966,40.7514129,-87.5832425
60967,40.6240907,-87.5813343
60968,40.6754614,-88.1197338
60969,41.1109678,-88.1497135
60970,40.7939228,-87.7413437
60973,40.5365402,-87.6626258
60974,40.7179841,-87.7359032
61001,42.4658342,-90.1102225
61006,41.861763,-89.2022185
61007,42.1994207,-89.5910732
61008,42.245929,-88.8398588
61010,42.1345454,-89.2726462
61011,42.3922625,-88.8971235
61012,42.401445,-88.7645578
61013,42.375397,-89.6363737
61014,41.9749964,-89.8864865
61015,41.996752,-89.1970767
61016,42.1972999,-88.9477291
61018,42.4159694,-89.5555506
61019,42.4391749,-89.4101557
61020,42.1103397,-89.0980881
61021,41.8295202,-89.4771134
61024,42.4365592,-89.2975578
61025,42.4713782,-90.5559654
61027,42.3332734,-89.7555468
61028,42.2984652,-90.1758811
61030,42.1196476,-89.5916223
61031,41.8299636,-89.3212708
61032,42.3188646,-89.6369765
61036,42.4136891,-90.3758105
61037,41.7883894,-89.7597808
61038,42.2658177,-88.7379642
61039,42.2080344,-89.469314
61041,42.2731564,-90.3112448
61042,41.6940512,-89.5587451
61043,42.0667545,-89.104946
61044,42.3234003,-89.9099369
61046,42.1044357,-89.8127954
61047,42.1530441,-89.3960117
61048,42.3826345,-89.8411769
61049,42.0496259,-89.0089136
61050,42.4393323,-89.7318995
61051,41.9828494,-89.7618484
61052,42.1114507,-89.0001022
61053,42.1208189,-89.9832967
61054,42.0557367,-89.445461
61057,41.833568,-89.3839516
61059,42.4546485,-89.9408227
61060,42.4787838,-89.618152
61061,41.9979174,-89.3416563
61062,42.2506754,-89.8357584
61063,42.3194569,-89.3407121
61064,41.9893058,-89.5872492
61065,42.400588,-88.8369517
61067,42.3054721,-89.4720826
61068,41.9500278,-89.0655896
61070,42.4156812,-89.471727
61071,41.7246945,-89.698885
61072,42.4423538,-89.1384566
61073,42.4237521,-88.9938881
61074,42.1243706,-90.1224363
61075,42.4654502,-90.264383
61077,42.2401281,-89.3480432
61078,42.1672763,-89.7306026
61079,42.4529337,-89.2151207
61080,42.4809134,-88.9838286
61081,41.8500057,-89.7393772
61084,42.1235858,-89.1900723
61085,42.3426513,-90.0307681
61087,42.4805016,-89.993491
61088,42.2681165,-89.2627165
61089,42.4735433,-89.8233578
61091,41.9081835,-89.5523631
61101,42.3460792,-89.1460866
61102,42.228769,-89.1625237
61103,42.3408655,-89.0874501
61104,42.2517203,-89.0799449
61107,42.2854643,-89.0016487
61108,42.2551575,-89.0023131
61109,42.1913044,-89.0557558
61111,42.3355047,-89.002749
61112,42.2419699,-88.9752226
61114,42.3066052,-88.990894
61115,42.3625918,-89.0241558
61201,41.477559,-90.5756277
61230,41.734071,-90.2129235
61231,41.2106994,-90.7177684
61232,41.4316758,-90.7273882
61233,41.2946758,-90.291318
61234,41.4179691,-89.9143438
61235,41.4012906,-90.0235677
61236,41.514385,-90.3556222
61237,41.3417682,-90.8621814
61238,41.2822749,-90.1724224
61239,41.4947538,-90.3896939
61240,41.4232856,-90.4369699
61241,41.4872009,-90.3207492
61242,41.7080087,-90.2851476
61243,41.618468,-89.6784077
61244,41.5209117,-90.3931652
61250,41.6559233,-90.1123546
61251,41.7290934,-90.0729031
61252,41.8368502,-90.1253103
61254,41.4672287,-90.1496316
61256,41.5610841,-90.4005849
61257,41.5933579,-90.2218452
61258,41.5218488,-89.9139682
61259,41.385591,-90.9244807
61260,41.2379488,-90.8873623
61261,41.7360219,-89.9100332
61262,41.2760686,-90.348286
61263,41.2662369,-90.5960234
61264,41.4027993,-90.5958641
61265,41.4806974,-90.4871672
61270,41.8265977,-89.9634508
61272,41.2510851,-91.0114046
61273,41.3642422,-90.3990931
61274,41.3703145,-90.276626
61275,41.6055751,-90.3070479
61276,41.3166012,-90.5762974
61277,41.6135825,-89.9305782
61278,41.5793332,-90.334162
61279,41.3257314,-90.7286123
61281,41.2997804,-90.5201442
61282,41.4967187,-90.4116872
61283,41.590912,-89.7885593
61284,41.395104,-90.7500333
61285,41.9939039,-90.0822977
61301,41.3974226,-89.0842642
61310,41.7024188,-89.3545096
61311,41.040152,-88.8622011
61312,41.4340525,-89.2254005
61313,41.0723703,-88.6699627
61314,41.3002612,-89.6765784
61315,41.2853256,-89.3665926
61316,41.257789,-89.1276665
61317,41.4319651,-89.208181
61318,41.7112849,-89.0782707
61319,41.0153695,-88.7399067
61320,41.3552933,-89.1704384
61321,40.9675874,-88.9762128
61322,41.3122668,-89.3070471
61323,41.4354838,-89.3960576
61324,41.7699353,-89.4135969
61325,41.2349534,-88.8096334
61326,41.2462487,-89.2297112
61327,41.2304658,-89.2991462
61328,41.5092837,-89.4589935
61329,41.3770776,-89.2078548
61330,41.5351028,-89.2773127
61331,41.7477029,-89.2775418
61332,41.1888173,-88.9845475
61333,40.9884509,-88.889294
61334,41.147315,-89.0993384
61335,41.1592387,-89.2339183
61336,41.1114788,-89.2122673
61337,41.4505508,-89.2977885
61338,41.4701392,-89.6651401
61340,41.264025,-89.2512806
61341,41.3521557,-88.6931995
61342,41.5436772,-89.0840885
61344,41.4123661,-89.8344037
61345,41.2760847,-89.7853656
61346,41.5066659,-89.7199541
61348,41.2857228,-89.0351973
61349,41.5486746,-89.4370733
61350,41.3720949,-88.8651271
61353,41.7043167,-88.9910484
61354,41.3341648,-89.1422454
61356,41.3893014,-89.4398631
61358,40.9816875,-89.0429998
61359,41.3624523,-89.271459
61360,41.332589,-88.6003009
61361,41.4122785,-89.7737746
61362,41.351426,-89.2237359
61363,41.2542492,-89.182485
61364,41.1284785,-88.8498984
61367,41.6214123,-89.2594881
61368,41.2621257,-89.5174931
61369,40.9827048,-89.1539472
61370,41.2107278,-89.0388139
61371,41.4993211,-89.019862
61372,41.4658216,-89.0823962
61373,41.4072275,-88.9959355
61374,41.5473019,-89.3575891
61375,41.035173,-89.2434316
61376,41.5384042,-89.6018
61377,41.0654031,-89.042089
61378,41.7226712,-89.1554022
61379,41.3802548,-89.6063009
61401,40.9451787,-90.3865666
61402,40.9399026,-90.4063539
61410,40.7948803,-90.422478
61411,40.4009816,-90.5021284
61412,41.070925,-90.5884861
61413,41.1865766,-90.3704005
61414,41.1259336,-90.154913
61415,40.649983,-90.4187627
61416,40.4959174,-90.5630713
61417,40.7722286,-90.54413
61418,40.8471726,-90.8692207
61419,41.1998081,-90.1175185
61420,40.5487847,-90.8672558
61421,41.187535,-89.6479085
61422,40.5514051,-90.5329107
61423,40.8854835,-90.5023216
61424,41.0765922,-89.635076
61425,40.7592456,-91.0401359
61426,41.1196348,-89.7060089
61427,40.4976161,-90.1944979
61428,40.9333291,-90.1135632
61430,40.943799,-90.3119768
61431,40.6000236,-90.2885398
61432,40.6483853,-90.1531667
61433,40.5543746,-90.168989
61434,41.1727052,-90.0361917
61435,40.9956105,-90.5686388
61436,40.860149,-90.2231778
61437,40.846983,-90.9921113
61438,40.5854045,-90.6494525
61439,41.0292027,-90.3502069
61440,40.3161009,-90.592759
61441,40.3301877,-90.2817103
61442,41.1032733,-90.9239678
61443,41.2636905,-89.9449241
61447,40.8703,-90.7633809
61448,40.933819,-90.2437646
61449,41.0950421,-89.9751325
61450,40.5717258,-90.9842565
61451,40.938697,-89.939478
61452,40.2383595,-90.6602255
61453,41.0134774,-90.7632095
61454,40.6819296,-91.0398909
61455,40.4404352,-90.6379247
61458,40.7822131,-90.1831592
61459,40.5102446,-90.4195645
61460,40.7216175,-90.8277344
61462,40.909888,-90.6516784
61465,41.2106732,-90.4796673
61466,41.1110172,-90.4822077
61467,41.0694323,-90.2423889
61468,41.2565018,-90.3874314
61469,40.9559832,-90.9082327
61470,40.6061785,-90.5061874
61471,40.6957811,-90.8250654
61472,41.1032586,-90.3834363
61473,40.7091451,-90.6497349
61474,40.7421243,-90.3940936
61475,40.5968868,-90.7527012
61476,41.0897961,-90.8290286
61477,40.495994,-90.3105521
61478,40.7562717,-90.7604116
61479,41.0019102,-89.6393915
61480,40.7274023,-90.9133433
61482,40.3898447,-90.4039434
61483,41.0812314,-89.8732853
61484,40.2976737,-90.4432186
61485,41.0223455,-90.0706003
61486,41.1947936,-90.5764357
61488,41.0300318,-90.3207732
61489,40.9307591,-90.0330928
61490,41.185531,-90.2587119
61491,41.0538253,-89.7207802
61501,40.2283665,-90.3119148
61516,40.855551,-89.131967
61517,40.8189551,-89.8469152
61519,40.464644,-90.0930783
61520,40.5435644,-90.0248444
61523,40.911951,-89.5377569
61524,40.4912382,-90.0346518
61525,40.847755,-89.6704665
61526,40.9229008,-89.6199569
61528,40.7769005,-89.7182706
61529,40.7820179,-89.9376082
61530,40.7086935,-89.264946
61531,40.6825045,-90.0367942
61532,40.3484976,-89.8069121
61533,40.5863741,-89.8424993
61534,40.4149608,-89.6646607
61535,40.5788636,-89.5165154
61536,40.6908215,-89.7900616
61537,41.1191661,-89.4714417
61539,40.5563589,-89.7628449
61540,41.0145997,-89.3665971
61541,40.9803784,-89.2349522
61542,40.3766962,-90.1316624
61543,40.4178594,-89.9775416
61544,40.7007367,-90.2340713
61545,40.8683745,-89.352495
61546,40.4483371,-89.8095882
61547,40.5700081,-89.7218456
61548,40.8140614,-89.4200454
61550,40.6114233,-89.4363779
61552,40.821419,-89.5648923
61553,40.6213883,-90.026814
61554,40.5436232,-89.6206208
61559,40.9190172,-89.7792054
61560,41.187262,-89.4197898
61561,40.8055826,-89.2069211
61562,40.880988,-89.5014493
61563,40.4931701,-90.0511336
61564,40.498515,-89.6562177
61565,41.0387138,-89.5050361
61567,40.3731787,-89.9010487
61568,40.5102422,-89.4813722
61569,40.6832318,-89.9006189
61570,40.9141741,-89.3233227
61571,40.704506,-89.4246288
61572,40.7971871,-90.039721
61602,40.6792051,-89.6055744
61603,40.7098375,-89.575458
61604,40.7052472,-89.652921
61605,40.6765257,-89.6331351
61606,40.7000701,-89.61187
61607,40.6271324,-89.6851298
61610,40.6421159,-89.5995603
61611,40.7133266,-89.5357425
61614,40.7591363,-89.6041228
61615,40.7489288,-89.672275
61616,40.7467263,-89.5716412
61625,40.6976981,-89.6145715
61701,40.4758549,-88.9926695
61704,40.4700516,-88.9415199
61705,40.5231318,-89.0720105
61720,40.5502996,-88.5021222
61721,40.3507765,-89.323505
61722,40.4234338,-88.6263187
61723,40.2646636,-89.2765419
61724,40.3337867,-88.5252017
61725,40.6165023,-89.1216785
61726,40.7333985,-88.7077335
61727,40.1467516,-88.9531878
61728,40.5806221,-88.6222641
61729,40.628659,-89.2212944
61730,40.5326219,-88.7343965
61731,40.6125792,-88.4838846
61732,40.5296384,-89.2080634
61733,40.6236318,-89.3301925
61734,40.3764418,-89.5262243
61735,40.2051387,-88.8056298
61736,40.4022836,-88.840374
61737,40.4557185,-88.7332234
61738,40.7451005,-89.0300519
61739,40.7278262,-88.5213558
61740,40.8919334,-88.8627615
61741,40.7625631,-88.3967151
61742,40.6346126,-89.27252
61743,40.8780475,-88.7814283
61744,40.7437755,-88.8812056
61745,40.320623,-88.9674275
61747,40.4161222,-89.4352572
61748,40.6223971,-88.9967787
61749,40.0928486,-89.1162216
61750,40.1225,-88.8556733
61751,40.214556,-89.2992519
61752,40.3370628,-88.7616599
61753,40.6297443,-88.787974
61754,40.3281409,-89.1613727
61755,40.5260898,-89.341761
61756,40.0331193,-88.9636888
61759,40.4373161,-89.3360526
61760,40.8858919,-89.0321153
61761,40.5280322,-88.9476325
61764,40.8833006,-88.6259071
61769,40.8854915,-88.3994524
61770,40.4395178,-88.5107704
61771,40.7131119,-89.1479755
61772,40.3859798,-89.0635775
61773,40.5664293,-88.3736781
61774,40.4329977,-89.1955279
61775,40.6536964,-88.3759616
61776,40.5721138,-88.8701392
61777,40.2440629,-88.9456629
61778,40.2257674,-89.091051
61801,40.1095198,-88.2110311
61802,40.1235532,-88.1532539
61810,39.9101305,-87.9184078
61811,40.2953268,-87.6216561
61812,40.2097771,-87.9266605
61813,39.9107768,-88.5656932
61814,40.231924,-87.5701944
61815,40.1107248,-88.3679537
61816,39.9244465,-88.0039684
61817,40.0352751,-87.7162835
61818,39.8867018,-88.7164734
61820,40.1121203,-88.2443145
61821,40.1110986,-88.2755333
61822,40.133683,-88.3029208
61830,40.0110611,-88.7303398
61831,40.2261963,-87.7970187
61832,40.1323598,-87.6320691
61833,40.0991955,-87.6472297
61834,40.1525459,-87.6732983
61839,40.1318508,-88.6369412
61840,40.2988731,-88.3002628
61841,40.0341508,-87.8179365
61842,40.2387744,-88.66522
61843,40.3172413,-88.3739027
61844,40.1429666,-87.8692075
61845,40.3736206,-88.3968137
61846,39.9772518,-87.6075367
61847,40.3055903,-88.0098245
61848,40.3069416,-87.700962
61849,40.0142263,-87.9673702
61850,39.9300865,-87.7434522
61851,39.96504,-88.4354627
61852,39.8994975,-88.0727525
61853,40.2298566,-88.4210018
61854,40.1998724,-88.5293281
61855,39.9243649,-88.6605523
61856,40.0293046,-88.5836558
61857,40.1186195,-87.8434054
61858,40.1342579,-87.7618765
61859,40.1504277,-87.9629048
61862,40.3060274,-87.9586058
61863,39.9048876,-88.2818986
61864,39.9750645,-88.152723
61865,40.3027047,-87.8020547
61866,40.3116243,-88.1579811
61870,39.9032184,-87.6156205
61871,40.1911741,-87.9792194
61872,39.9304396,-88.3769605
61873,40.1338964,-88.0391224
61874,40.0542583,-88.2665631
61875,40.1034672,-88.4162525
61876,39.9013273,-87.836174
61877,39.9928855,-88.0758947
61878,40.2426506,-88.1454535
61880,39.9737955,-88.248906
61882,40.1062297,-88.7547293
61883,40.0349367,-87.6399182
61884,40.0906154,-88.4910703
61910,39.671146,-88.2971066
61911,39.700927,-88.4693207
61912,39.5223812,-88.0408426
61913,39.8265724,-88.4715635
61914,39.6303426,-88.7624485
61917,39.7174338,-87.8940926
61919,39.7844391,-88.1377704
61920,39.5119918,-88.1541688
61924,39.7861833,-87.6632515
61925,39.7191053,-88.8405281
61928,39.455959,-88.4981966
61929,39.824789,-88.6257974
61930,39.6793283,-88.1290004
61931,39.5861432,-88.3680549
61932,39.7996689,-87.8749086
61933,39.5484694,-87.8963132
61936,39.8031878,-88.7268442
61937,39.7338277,-88.6573137
61938,39.4799323,-88.3758504
61940,39.8039379,-87.8124749
61941,39.8045829,-88.075037
61942,39.8144123,-88.0032054
61943,39.6615218,-88.0237435
61944,39.5997957,-87.7020663
61949,39.6575675,-87.8584147
61951,39.595821,-88.5903784
61953,39.797652,-88.2906289
61955,39.5816261,-87.5875047
61956,39.8581901,-88.1350086
61957,39.4418042,-88.6115568
62001,38.8814307,-89.745011
62002,38.9392339,-90.1349483
62006,39.0643158,-90.6789868
62009,39.0935809,-89.7981294
62010,38.9190805,-90.0483348
62011,39.1286675,-89.2175563
62012,39.0447644,-90.148254
62013,38.9563743,-90.5735805
62014,39.0433727,-89.9503556
62015,39.2122677,-89.5442222
62016,39.2968301,-90.4155209
62017,39.0651077,-89.3686073
62018,38.9138763,-90.0818628
62019,39.0186694,-89.4414651
62021,38.9836482,-89.9765631
62022,39.003161,-90.3261801
62023,39.1086987,-89.7790249
62024,38.8831316,-90.0899497
62025,38.8299081,-89.9310457
62026,38.7862119,-90.0038567
62027,39.2433868,-90.5574057
62028,38.9581932,-90.3548336
62030,39.1546091,-90.1644574
62031,39.1114957,-90.5369297
62032,39.1158141,-89.2883153
62033,39.1365626,-89.839916
62034,38.7548734,-89.9722156
62035,38.9586641,-90.2427059
62036,38.9183112,-90.5897349
62037,39.010943,-90.4650664
62040,38.7149276,-90.0989304
62044,39.3657874,-90.2020315
62045,39.2641939,-90.6901369
62046,38.8924631,-89.8387284
62047,39.1231348,-90.6265679
62048,38.7728521,-90.13716
62049,39.1410393,-89.47951
62050,39.442243,-90.5733078
62051,39.2016496,-89.4032753
62052,39.1128316,-90.3195263
62053,39.3192542,-90.6654198
62054,39.2074736,-90.3506323
62056,39.1755953,-89.674359
62058,38.9684375,-89.7646071
62059,38.6529584,-90.1730957
62060,38.6817462,-90.1424173
62061,38.7906835,-89.7763789
62062,38.7256578,-89.9631257
62063,39.198525,-90.1498608
62067,38.9290236,-89.9832922
62069,39.0891061,-89.7392979
62074,38.9550012,-89.6897388
62075,39.3020858,-89.2958373
62076,39.3418751,-89.233793
62077,39.0318221,-89.5115412
62078,39.4798502,-90.4868421
62079,39.1083893,-90.1318193
62080,39.1419182,-89.1030995
62081,39.2649269,-90.2249999
62082,39.4899891,-90.3175079
62083,39.3511921,-89.1984077
62084,38.8406973,-90.0634236
62085,39.0818996,-89.8045043
62086,38.9899314,-89.5896063
62087,38.8148106,-90.0710291
62088,39.0146773,-89.7985274
62089,39.1178295,-89.4866538
62090,38.6670972,-90.1665249
62091,39.0562458,-89.6105673
62092,39.4185715,-90.4312262
62093,39.0647457,-89.8419932
62094,39.2386453,-89.3498268
62095,38.8625728,-90.0742949
62097,38.9366759,-89.8526873
62098,39.383756,-90.2994297
62201,38.6351312,-90.1407108
62203,38.6016914,-90.0759711
62204,38.6294862,-90.0959249
62205,38.6027684,-90.1185611
62206,38.5679302,-90.1693305
62207,38.5828925,-90.1254153
62208,38.5953406,-90.0047347
62214,38.3763648,-89.6036857
62215,38.5077826,-89.6004564
62216,38.6324621,-89.6023585
62217,38.1738364,-89.8385732
62218,38.5221944,-89.4739776
62219,38.6036131,-89.4371668
62220,38.478277,-89.9980322
62221,38.509207,-89.9022236
62223,38.5359226,-90.0594773
62225,38.5429744,-89.8521267
62226,38.536763,-90.0003438
62230,38.6350047,-89.5309951
62231,38.6531148,-89.3268531
62232,38.6324438,-90.0054503
62233,37.9422523,-89.788551
62234,38.6821807,-89.9806208
62236,38.4339005,-90.2119413
62237,38.197835,-89.5692936
62238,38.0526045,-89.5437863
62239,38.5246137,-90.1566951
62240,38.5018574,-90.1765566
62241,38.0111845,-89.8938843
62242,38.0989491,-89.9377309
62243,38.419053,-89.8893998
62244,38.1956926,-90.1987755
62245,38.5310413,-89.5751623
62246,38.8903664,-89.4275766
62248,38.3058903,-89.9928555
62249,38.7553334,-89.6673232
62250,38.5404929,-89.2643415
62253,38.7777321,-89.3000845
62254,38.6093682,-89.8228712
62255,38.3132038,-89.7831206
62256,38.2263757,-90.2314925
62257,38.2848736,-89.7287087
62258,38.4608969,-89.7820813
62260,38.4609285,-90.0986341
62261,38.0067522,-89.997271
62262,38.9394133,-89.2638393
62263,38.3189876,-89.4011591
62264,38.315878,-89.899945
62265,38.5061518,-89.680732
62266,38.4848039,-89.6572996
62268,38.2762953,-89.5395715
62269,38.600006,-89.9154021
62271,38.4401091,-89.5204636
62272,37.9962337,-89.6164326
62273,38.7868401,-89.5837683
62274,38.0911626,-89.4002701
62275,38.8145557,-89.5470722
62277,38.0969717,-90.1121978
62278,38.2037704,-89.9913041
62279,38.1338363,-90.135803
62280,37.846621,-89.6480077
62281,38.7068798,-89.7793547
62282,38.3564335,-89.7128599
62284,38.8641441,-89.3104413
62285,38.3922785,-90.0083925
62286,38.116958,-89.717653
62288,37.9933731,-89.6896099
62289,38.5976363,-89.7512785
62292,38.2131494,-89.6819618
62293,38.6158372,-89.6952456
62294,38.7023969,-89.8684916
62295,38.2718745,-90.3107641
62297,38.0521215,-89.8063319
62298,38.308842,-90.1494131
62301,39.9311552,-91.388714
62305,39.9281916,-91.3439326
62311,40.2225759,-90.9352266
62312,39.7073197,-91.0241649
62313,40.3177262,-91.2282886
62314,39.7679886,-90.8916966
62316,40.2354743,-91.0530249
62319,40.1529204,-90.7300097
62320,40.0303981,-91.0829883
62321,40.409716,-91.0954316
62323,39.8004188,-90.6744552
62324,39.9982774,-90.9663278
62325,40.0456243,-91.162046
62326,40.4227885,-90.8135617
62330,40.5714375,-91.1257843
62334,40.3955946,-91.2487922
62336,40.4675512,-91.1733415
62338,39.9986925,-91.2372007
62339,40.1285045,-91.0381004
62340,39.734718,-90.7282378
62341,40.4334298,-91.3009358
62343,39.6966523,-91.2450263
62344,40.1798909,-90.8249646
62345,39.6972988,-91.112564
62346,40.1398464,-90.9364028
62347,39.8700934,-91.0889547
62348,40.1883414,-91.3712439
62349,40.1705463,-91.1918588
62351,40.1136081,-91.2688673
62352,39.5681629,-90.6545616
62353,39.973028,-90.757546
62354,40.5173961,-91.3420919
62355,39.4124315,-90.7787236
62356,39.5888728,-91.0796703
62357,39.6858205,-90.8670674
62358,40.5878041,-91.2631642
62359,40.0373728,-91.2120827
62360,39.8173239,-91.2614131
62361,39.4921179,-90.6215244
62362,39.7761931,-90.7643192
62363,39.5904956,-90.7696653
62365,39.7964076,-91.1651144
62366,39.4720858,-90.9018208
62367,40.2998874,-90.8651553
62370,39.5172927,-91.0072281
62373,40.2427481,-91.3649525
62374,40.4076776,-90.910538
62375,40.0021266,-90.8572822
62376,40.113632,-91.4077371
62378,39.905859,-90.6347839
62379,40.2692723,-91.4033683
62380,40.2382301,-91.1909006
62401,39.1187147,-88.5623837
62410,38.5387999,-87.7332132
62411,39.0712647,-88.733641
62413,39.138821,-87.8378372
62414,39.1744461,-88.8263721
62417,38.7033509,-87.7656891
62418,39.022272,-88.9737585
62419,38.6265349,-87.9801154
62420,39.2870281,-87.9985508
62421,38.7521454,-87.9434552
62422,39.233282,-88.8885858
62423,39.4627126,-87.5798761
62424,38.9882654,-88.4285945
62425,38.8368307,-88.0986908
62426,38.8923408,-88.6640235
62427,38.8731275,-87.6498645
62428,39.2626539,-88.1367128
62431,39.2252941,-88.9965407
62432,39.1335167,-88.1417633
62433,39.1067421,-87.7157558
62434,38.842047,-88.3217954
62436,39.182447,-88.2560903
62438,39.3255415,-88.8700562
62439,38.7440615,-87.6396992
62440,39.3943104,-88.2632503
62441,39.3941162,-87.6986955
62442,39.3039456,-87.8538072
62443,38.9557614,-88.6311123
62444,39.2785188,-88.7347173
62445,39.165285,-88.3301741
62446,38.4899129,-88.2067139
62447,39.3132318,-88.4447148
62448,38.9683561,-88.1791813
62449,39.0041187,-87.9106302
62450,38.7131705,-88.0892933
62451,38.9712058,-87.6111145
62452,38.5900607,-88.0147028
62454,38.9923535,-87.7649833
62458,39.0258074,-88.8545066
62459,38.9299768,-88.0277825
62460,38.6016951,-87.7272085
62461,39.1941693,-88.6843491
62462,39.2387657,-88.4685138
62463,39.2806386,-88.5912295
62464,38.9979556,-87.8237899
62465,39.3461349,-88.6382649
62466,38.7284136,-87.8526306
62467,39.1280793,-88.4354024
62468,39.2769456,-88.2703089
62469,39.3512359,-88.333827
62471,38.9589509,-89.1300841
62473,39.0214836,-88.5679042
62474,39.4569167,-88.0358556
62475,38.8819186,-88.048614
62476,38.5322053,-88.0154472
62477,39.2335525,-87.6434381
62478,39.1799716,-87.7436164
62479,39.0370897,-88.3068141
62480,38.9973728,-87.9995711
62481,39.1266009,-88.0229525
62501,39.9265582,-88.8145327
62510,39.5306647,-89.0289158
62512,40.1434683,-89.210602
62513,39.7212779,-89.1502737
62514,39.7674971,-89.0450071
62515,39.8601762,-89.3658755
62517,39.5943054,-89.4331207
62518,40.0514025,-89.2030088
62519,39.9288009,-89.3953134
62520,39.8245515,-89.4563412
62521,39.8101714,-88.9277838
62522,39.8275833,-89.0477997
62523,39.8437211,-88.9529443
62526,39.9015615,-88.9894719
62530,39.5601444,-89.6565765
62531,39.6743778,-89.3775602
62532,39.7762072,-88.9775995
62533,39.44586,-89.6298157
62534,39.529684,-88.8005942
62535,39.925528,-88.9660146
62536,39.6290193,-89.6522651
62537,39.8526057,-89.0932501
62538,39.3563058,-89.5204649
62539,39.8668015,-89.2491588
62540,39.5848727,-89.4198549
62541,39.9565557,-89.3708683
62543,39.9708161,-89.1518334
62544,39.70855,-88.9737421
62545,39.7677539,-89.3849715
62546,39.4314546,-89.445923
62547,39.7704818,-89.2422532
62548,39.981254,-89.2835389
62549,39.7710292,-88.8671546
62550,39.6178757,-88.9896279
62551,39.8541171,-89.1558753
62553,39.2718181,-89.1050984
62554,39.9444823,-88.8822738
62555,39.4629801,-89.2104664
62556,39.4749743,-89.375213
62557,39.4017655,-89.1059044
62558,39.5867121,-89.549853
62560,39.2986305,-89.6028185
62561,39.871116,-89.5067257
62563,39.7192588,-89.4962519
62565,39.4167745,-88.803851
62567,39.6466737,-89.1908041
62568,39.5597317,-89.2870307
62570,39.5785587,-89.4517178
62571,39.3810084,-88.9602247
62572,39.3590772,-89.6977712
62573,39.945515,-89.072649
62601,39.7502505,-90.0390266
62610,39.5388825,-90.4462255
62611,39.8841158,-90.3981775
62612,39.8960479,-90.0631581
62613,39.9826196,-89.6652156
62615,39.585684,-89.7540679
62617,40.1568224,-90.1698898
62618,40.008731,-90.3972545
62621,39.7267201,-90.5205803
62622,39.9778639,-90.3430503
62624,40.1592903,-90.346784
62625,39.9012025,-89.7017692
62626,39.2846096,-89.8836137
62627,40.0591276,-90.1110768
62628,39.7793998,-90.4020133
62629,39.677477,-89.716922
62630,39.2711303,-90.0863484
62631,39.8274174,-90.354199
62633,40.2235404,-89.870793
62634,40.0137754,-89.4515567
62635,40.2965376,-89.4657293
62638,39.6093013,-90.0812363
62639,40.0376697,-90.4860119
62640,39.4282689,-89.8049798
62642,40.0935984,-89.7248527
62643,40.2415283,-89.4577671
62644,40.2854185,-90.0618978
62649,39.3575489,-90.0600415
62650,39.7383015,-90.2201406
62655,40.1699312,-89.9865366
62656,40.139677,-89.3661917
62661,39.6680039,-89.826974
62663,39.5410533,-90.3274649
62664,40.2125623,-89.7241439
62665,39.8169494,-90.529555
62666,40.0824389,-89.5395956
62667,39.4877653,-89.9922972
62668,39.5659287,-90.2402892
62670,39.7434795,-89.8985776
62671,40.172249,-89.5491174
62672,39.3980089,-89.8044547
62673,40.0971046,-89.9688002
62674,39.4411182,-90.0233133
62675,40.0264771,-89.8671445
62677,39.8526679,-89.8793906
62681,40.136241,-90.5427545
62682,40.2987254,-89.6309709
62684,39.9091421,-89.5867593
62685,39.1398982,-89.9918364
62688,39.9449927,-89.9241247
62689,39.5340444,-89.7657211
62690,39.5056432,-89.7661634
62691,39.9584908,-90.2288186
62692,39.5835528,-89.9391644
62693,39.9580475,-89.5161722
62694,39.6227804,-90.4771178
62695,39.6193738,-90.2241969
62701,39.800544,-89.6488938
62702,39.8242223,-89.6427304
62703,39.7630347,-89.6310991
62704,39.7734983,-89.6838399
62706,39.7978863,-89.6553984
62707,39.8555482,-89.6501118
62711,39.7661355,-89.7327563
62712,39.7480648,-89.5812822
62801,38.5110278,-89.1404958
62803,38.4533357,-89.2949729
62806,38.3873626,-88.0869708
62807,38.7515568,-88.929233
62808,38.3061797,-89.1886989
62809,38.2789643,-88.3378107
62810,38.2058994,-88.7430609
62811,38.3873613,-87.9036041
62812,38.0064318,-88.9225195
62814,38.378397,-88.7319153
62815,38.4583517,-87.966441
62816,38.1897872,-88.9229712
62817,37.9544744,-88.4761073
62818,38.3776788,-87.9675176
62819,37.9744722,-89.0047693
62820,38.2486286,-88.2353579
62821,38.071022,-88.129673
62822,37.973972,-89.0541024
62823,38.5177073,-88.4373212
62824,38.6694577,-88.3416761
62825,37.9981517,-89.0590203
62827,38.170656,-88.0476974
62828,38.1945325,-88.6015765
62829,38.0033361,-88.4909606
62830,38.4434029,-88.9676384
62831,38.2349501,-89.2227307
62832,38.0085903,-89.2527592
62833,38.3402336,-88.1676458
62835,38.1060459,-88.3216694
62836,38.0945688,-88.8054552
62837,38.3651795,-88.3577243
62838,38.8642374,-88.7454617
62839,38.6607859,-88.4938097
62841,37.8586859,-88.9964347
62842,38.4679207,-88.3894708
62843,38.38221,-88.1990605
62844,38.2514424,-88.0485281
62846,38.1508837,-88.8550627
62848,38.4340454,-89.166391
62849,38.58494,-88.7736975
62850,38.4947273,-88.5948196
62851,38.4275447,-88.6599536
62852,38.3499422,-87.8667574
62853,38.516087,-88.9121685
62854,38.7645096,-88.8240034
62856,37.9522707,-88.8383853
62858,38.8118129,-88.4929504
62859,38.0660035,-88.539666
62860,38.0413669,-88.7319338
62861,38.0351771,-88.0452766
62862,38.2191145,-88.2993367
62863,38.4158489,-87.8598802
62864,38.3305126,-88.9023667
62865,37.9749416,-89.0824969
62867,37.912235,-88.098929
62868,38.6777104,-88.2281246
62869,37.9565998,-88.2777726
62870,38.6351531,-89.0530572
62871,37.8820547,-88.2692427
62872,38.2715843,-88.8006344
62874,37.9175511,-88.9783314
62875,38.7554509,-89.121169
62876,38.2771074,-89.1948285
62877,38.3924667,-89.19963
62878,38.5750357,-88.4965999
62879,38.7650213,-88.3590323
62880,38.867518,-88.8859423
62881,38.6385508,-88.9272593
62882,38.6362537,-89.1186456
62883,38.1680379,-89.1046828
62884,38.0852857,-89.0423487
62885,38.8604807,-89.0645828
62886,38.3786607,-88.5347063
62887,38.1863286,-88.3690348
62888,38.127458,-89.2289787
62889,38.4565388,-88.8235981
62890,37.9057319,-88.7410508
62891,38.0160055,-89.0411981
62892,38.8085647,-89.0756604
62893,38.4657918,-89.0301685
62894,38.2095377,-89.0396354
62895,38.3055451,-88.5551376
62896,37.8926638,-88.9120755
62897,38.0938894,-88.911821
62898,38.3503601,-89.0601732
62899,38.6189124,-88.6424481
62901,37.740824,-89.2089762
62902,37.6743814,-89.1124517
62903,37.6741181,-89.276234
62905,37.55771,-89.3673622
62906,37.4628893,-89.1775506
62907,37.8631595,-89.495706
62908,37.3102258,-88.8649011
62910,37.153109,-88.5344588
62912,37.476199,-89.0323623
62914,37.0401236,-89.2043162
62915,37.784449,-89.1221337
62916,37.943305,-89.5787586
62917,37.6934157,-88.6516277
62918,37.7863716,-89.0861753
62919,37.5240232,-88.1383677
62920,37.5535837,-89.2321094
62921,37.7986118,-89.0827766
62922,37.6207537,-88.8148074
62923,37.3421425,-89.0354024
62924,37.8151478,-89.1955493
62926,37.3666776,-89.1314085
62927,37.9435439,-89.2519917
62928,37.4754045,-88.5672394
62930,37.847199,-88.4415772
62931,37.5236854,-88.275056
62932,37.892867,-89.2136556
62933,37.772369,-89.01965
62934,37.7072386,-88.3586325
62935,37.8447743,-88.6386383
62938,37.3959776,-88.562242
62939,37.5461987,-88.9767108
62940,37.731566,-89.460578
62941,37.2445284,-88.9702234
62942,37.6357842,-89.4735692
62943,37.3562639,-88.7460968
62946,37.7008242,-88.5203235
62947,37.5286907,-88.4539907
62948,37.8199167,-89.0259595
62949,37.8279228,-89.1446065
62950,37.7464472,-89.5607113
62951,37.8256913,-88.9273433
62952,37.4174552,-89.3434499
62953,37.2092171,-88.8470316
62954,37.6962533,-88.2733767
62956,37.279978,-88.9313548
62957,37.3124854,-89.4261576
62958,37.6106622,-89.1422121
62959,37.7111687,-88.9146269
62960,37.2335161,-88.7240066
62961,37.3409044,-89.2531478
62962,37.0753598,-89.3358891
62963,37.0945591,-89.1699212
62964,37.1303207,-89.2265761
62965,37.7673412,-88.5183108
62966,37.771161,-89.3533173
62967,37.5842757,-88.7358076
62969,37.1396669,-89.333679
62970,37.2214606,-89.1085842
62972,37.5406678,-88.8161177
62974,37.7794787,-88.7967335
62975,37.6405916,-89.3712241
62976,37.2198397,-89.2126999
62977,37.8531856,-88.5418761
62979,37.8114783,-88.2336286
62982,37.4248249,-88.3653191
62983,37.8993105,-89.1048134
62984,37.7540024,-88.1462485
62985,37.4675171,-88.6858687
62987,37.6187254,-88.6603511
62988,37.2261483,-89.2947083
62990,37.2285821,-89.3988423
62992,37.2761048,-89.1419087
62994,37.9062861,-89.347378
62995,37.4192755,-88.8799375
62996,37.1751405,-89.1557861
62997,37.9835718,-89.5905352
62998,37.512071,-89.4581474
62999,37.869529,-89.056407
63005,38.6442145,-90.6514068
63010,38.4303709,-90.3921
63011,38.6051728,-90.5576787
63012,38.3473797,-90.4535324
63013,38.4052465,-91.1525618
63014,38.6518053,-91.313445
63015,38.3959101,-90.7519759
63016,38.3565499,-90.6509781
63017,38.6562845,-90.5418668
63019,38.2312583,-90.37501
63020,38.10715,-90.5715964
63021,38.5698402,-90.5456887
63023,38.2686291,-90.6988244
63025,38.4908564,-90.6157255
63026,38.5027196,-90.4589363
63028,38.1428589,-90.3921203
63030,38.1432176,-90.7521843
63031,38.8135202,-90.3507653
63033,38.7984435,-90.2742057
63034,38.8483037,-90.2884232
63036,37.976284,-90.3720956
63037,38.4224365,-91.3195294
63038,38.5770731,-90.6678072
63039,38.4916724,-90.8437334
63040,38.5736676,-90.634357
63041,38.2859591,-90.7736241
63042,38.7813264,-90.3790801
63043,38.7292298,-90.4549916
63044,38.7729029,-90.4297838
63045,38.7696279,-90.4640256
63047,38.1955005,-90.4874171
63048,38.2603658,-90.392425
63049,38.4779557,-90.5286538
63050,38.2580662,-90.5797894
63051,38.3777777,-90.5766351
63052,38.3930257,-90.4325759
63053,38.366493,-90.3639721
63055,38.5296193,-90.8350382
63056,38.3996235,-91.2150029
63060,38.2605846,-90.8759842
63061,38.2734033,-90.8105004
63068,38.5658853,-91.2440626
63069,38.4801928,-90.7112924
63070,38.2876311,-90.4212021
63071,38.1500048,-90.82112
63072,38.3695005,-90.8177663
63073,38.5846918,-90.769496
63074,38.7263655,-90.3889201
63077,38.3290255,-90.9844623
63079,38.2663381,-91.1000676
63080,38.214114,-91.0781085
63084,38.4218999,-91.0192888
63087,38.005068,-90.4635663
63088,38.5486269,-90.5017047
63089,38.460533,-90.8789029
63090,38.5354743,-91.0487333
63091,38.3628957,-91.3872514
63101,38.6313973,-90.1927534
63102,38.6344888,-90.1862584
63103,38.6298239,-90.217052
63104,38.6111275,-90.214087
63105,38.6442926,-90.3280702
63106,38.6444239,-90.2079716
63107,38.6636854,-90.2119922
63108,38.6448504,-90.2534046
63109,38.5846007,-90.2944324
63110,38.625369,-90.2664666
63111,38.5580844,-90.250008
63112,38.6599228,-90.2833243
63113,38.6580198,-90.2475997
63114,38.7022558,-90.3636738
63115,38.6818546,-90.2401697
63116,38.5799758,-90.2651419
63117,38.6308113,-90.3304061
63118,38.5922916,-90.2250347
63119,38.5900537,-90.3498699
63120,38.6905828,-90.2621187
63121,38.708063,-90.3006261
63122,38.5793556,-90.420881
63123,38.5474323,-90.3281088
63124,38.6365578,-90.374651
63125,38.5194367,-90.2927382
63126,38.5495851,-90.378685
63127,38.5344935,-90.4173867
63128,38.491966,-90.3865668
63129,38.4578087,-90.3191397
63130,38.664917,-90.3248969
63131,38.6167253,-90.4395605
63132,38.6760674,-90.3774407
63133,38.6822706,-90.3066936
63134,38.7402108,-90.3458253
63135,38.7510475,-90.2995369
63136,38.744761,-90.2599242
63137,38.7496845,-90.2129561
63138,38.7905349,-90.1637348
63139,38.6103512,-90.2918451
63140,38.7393645,-90.3240193
63141,38.657953,-90.4553935
63143,38.6117288,-90.3214323
63144,38.6194435,-90.3481893
63146,38.7009965,-90.4802572
63147,38.6938022,-90.2153308
63155,38.6278712,-90.2054566
63301,38.8580351,-90.463316
63303,38.7397938,-90.5436921
63304,38.7061132,-90.6860198
63330,39.2599585,-90.7903934
63332,38.5968753,-90.8940308
63333,39.0352798,-91.3203762
63334,39.3084412,-91.1915688
63336,39.3318036,-90.9340339
63339,39.3300878,-91.354761
63341,38.6606328,-90.8067852
63343,39.1548129,-90.8281844
63344,39.2294081,-91.0091118
63345,39.2768759,-91.5726899
63347,39.0654519,-90.7692477
63348,38.7853812,-90.9452412
63349,38.9837139,-91.1505534
63350,38.9042263,-91.3513546
63351,38.8582175,-91.3105198
63352,39.2477869,-91.6589474
63353,39.4540425,-91.113045
63357,38.6477783,-91.1037583
63359,39.1596054,-91.3439195
63361,38.9555834,-91.5601407
63362,38.9358298,-90.8955327
63363,38.8854369,-91.4646676
63365,38.7095764,-90.8733844
63366,38.8574574,-90.7253051
63367,38.7741887,-90.7950528
63368,38.7515447,-90.7284217
63369,38.9383918,-90.7764286
63373,38.9295491,-90.3853402
63376,38.800744,-90.6121499
63377,39.107191,-91.0962139
63379,39.0010267,-90.9955706
63380,38.8131147,-91.1221298
63381,38.9864022,-91.2533046
63382,39.3112989,-91.490493
63383,38.8043647,-91.1937048
63384,39.0925285,-91.5535923
63385,38.7969851,-90.8572452
63386,38.8702055,-90.2195393
63387,39.1835548,-91.0167343
63388,38.8751178,-91.7571255
63389,39.000511,-90.772845
63390,38.8033967,-91.0400677
63401,39.6898926,-91.4662666
63430,40.3880877,-91.5291253
63431,39.7473077,-92.3122482
63432,40.4972394,-91.9939281
63433,39.5113042,-91.116943
63434,39.909786,-91.9472371
63435,40.1991367,-91.58368
63436,39.5005652,-91.540056
63437,39.723901,-92.236527
63438,39.9685142,-91.6879672
63439,39.8038179,-91.8595951
63440,39.9685704,-91.7414248
63441,39.4826173,-91.3211648
63443,39.6605803,-91.8694582
63445,40.3950281,-91.7231509
63446,40.140034,-92.0022846
63447,40.0944045,-91.9088955
63448,40.0159636,-91.5421129
63450,39.6689094,-92.1502597
63451,39.9174652,-92.2060355
63452,40.0929029,-91.7805556
63453,40.4941904,-91.8644212
63454,39.9229812,-91.650377
63456,39.65385,-91.7265686
63457,40.1658503,-91.7118888
63458,39.9924508,-92.0199065
63459,39.584494,-91.3823157
63460,40.0051422,-92.2093275
63461,39.8021804,-91.5555487
63462,39.4192072,-91.7011296
63463,39.8514585,-91.7810615
63465,40.5276377,-91.6795492
63466,40.2661996,-91.6185562
63467,39.6485037,-91.2673133
63468,39.6797105,-92.0185544
63469,39.8258511,-92.0412179
63471,39.9263331,-91.4967523
63472,40.4052932,-91.577311
63473,40.2517327,-91.7687803
63474,40.3497649,-91.8935733
63501,40.1662893,-92.5912103
63530,39.9062189,-92.4437232
63531,40.3002623,-92.2410358
63532,39.7665638,-92.5718864
63533,40.199773,-92.3922259
63534,39.737309,-92.6484068
63535,40.5806777,-92.6745022
63536,40.4852906,-92.3559269
63537,40.1444723,-92.1570906
63538,39.9539368,-92.6798705
63539,39.9255955,-92.7689031
63540,40.0983422,-92.3978865
63541,40.5041704,-92.6270423
63543,40.3524195,-92.0141253
63544,40.2433506,-92.8501734
63545,40.26475,-92.9679991
63546,40.3379482,-92.5025267
63547,40.1358322,-92.2977136
63548,40.536364,-92.4891627
63549,40.0172488,-92.490999
63551,40.4991743,-92.7425258
63552,39.7531924,-92.4503125
63555,40.4864037,-92.1931794
63556,40.1760751,-93.1123403
63557,39.9828074,-92.8784048
63558,39.7487731,-92.7513787
63559,40.2427226,-92.7668497
63560,40.3671966,-93.1153868
63561,40.410574,-92.5347289
63563,40.3049927,-92.0729332
63565,40.4806197,-92.9472761
63566,40.0295626,-92.9523364
63567,40.4133043,-92.7045847
63601,37.8211115,-90.5438862
63620,37.3817304,-90.651947
63621,37.4749966,-90.565976
63622,37.7909922,-90.9074306
63623,37.679325,-90.9063608
63624,37.755635,-90.6339448
63625,37.5634125,-90.9976189
63626,38.0727317,-90.709843
63627,38.0382914,-90.2521606
63628,37.9345798,-90.5341783
63629,37.3806102,-91.2393868
63630,38.027934,-90.719351
63631,37.7545709,-90.788037
63633,37.442584,-91.0201355
63636,37.2936415,-90.5755336
63637,37.712286,-90.5183462
63638,37.2148576,-91.0191148
63640,37.7550674,-90.3690216
63645,37.5433683,-90.3259936
63648,37.815283,-90.7010031
63650,37.61106,-90.630578
63653,37.8613183,-90.5878784
63654,37.4871507,-90.8575244
63655,37.3889457,-90.1870249
63656,37.5965554,-90.7928414
63660,37.915766,-90.7065427
63662,37.5384331,-90.0503095
63663,37.6254088,-90.647867
63664,37.9171964,-90.9141995
63665,37.2929502,-90.8439414
63670,37.9040163,-90.1645269
63673,37.841831,-89.9910577
63674,38.0367192,-90.6591761
63675,37.3144742,-90.6947675
63701,37.3314515,-89.5841345
63703,37.2749339,-89.5400052
63730,37.0929989,-89.9219196
63732,37.594135,-89.5759305
63735,36.9791227,-89.785206
63736,37.0838128,-89.519853
63738,37.0898395,-89.95723
63739,37.3585502,-89.8002585
63740,37.175369,-89.6807212
63742,37.1600115,-89.4469515
63743,37.5191083,-89.8234481
63744,37.1933335,-89.7183474
63745,37.2558867,-89.6594564
63746,37.7078409,-89.6948279
63747,37.5558068,-89.8174649
63748,37.6622188,-89.6100665
63750,37.1501619,-90.163028
63751,37.2758145,-90.1281816
63755,37.4394584,-89.6407998
63758,37.1921152,-89.5506041
63760,37.2574168,-89.8991642
63763,37.064063,-90.1733092
63764,37.3286304,-89.9695682
63766,37.4419304,-89.8500904
63767,37.0435806,-89.6103778
63769,37.5276094,-89.7526428
63770,37.5945534,-89.700436
63771,37.075599,-89.7147705
63774,37.0942496,-89.7747229
63775,37.7113034,-89.8774578
63780,37.1763792,-89.4958553
63781,37.5275112,-89.9262191
63782,37.1221364,-90.035305
63783,37.6094952,-89.6822867
63784,36.994979,-89.6960235
63785,37.2668369,-89.8222146
63787,37.1211535,-90.1328813
63801,36.9049166,-89.6184955
63820,36.8242909,-89.3256411
63821,36.0493426,-90.238906
63822,36.6604867,-89.9988797
63823,36.8856422,-89.4450221
63824,37.0049428,-89.5264536
63825,36.9314097,-89.9457583
63826,36.1870945,-89.8489806
63827,36.2611891,-89.895723
63828,36.7503692,-89.6918408
63829,36.0355097,-90.3088666
63830,36.1353499,-89.6901391
63833,36.6503441,-89.7307649
63834,36.914293,-89.2742329
63837,36.4502904,-89.9864511
63839,36.047538,-89.8096305
63840,36.1916368,-89.884209
63841,36.7713162,-89.984451
63845,36.7117579,-89.3147126
63846,36.8262589,-89.7993474
63847,36.4427109,-90.0347243
63848,36.4370466,-89.8884066
63849,36.13968,-89.9911518
63850,36.8223619,-89.7821409
63851,36.2591533,-89.7172286
63852,36.3673342,-90.0151535
63853,36.058277,-89.8674123
63855,36.069107,-90.0568091
63857,36.2242661,-90.0457604
63860,36.6781513,-89.5921389
63862,36.5901333,-89.6778599
63863,36.5630336,-89.97695
63866,36.5285371,-89.6056431
63867,36.7501475,-89.5515979
63868,36.8457689,-89.6896922
63869,36.6075321,-89.495216
63870,36.6212981,-89.8440426
63873,36.4307342,-89.6615166
63874,36.5616863,-89.8137128
63876,36.1322993,-90.1649433
63877,36.079496,-89.8491513
63878,36.5030206,-89.8223584
63879,36.3595164,-89.8127211
63880,36.3299794,-90.0258725
63882,36.9163903,-89.2197491
63901,36.7712224,-90.4515599
63932,36.6871485,-90.2449616
63933,36.5191812,-90.1119279
63934,37.198552,-90.368661
63935,36.6752127,-90.92147
63936,36.8089247,-90.1290284
63937,36.953817,-90.7534041
63939,36.68408,-90.6893361
63940,36.7680025,-90.227674
63941,36.8806018,-91.1771426
63942,36.5540148,-91.0741637
63943,36.8348612,-90.8012093
63944,37.1131558,-90.3594978
63945,36.6386121,-90.5494397
63950,37.2629253,-90.4148771
63951,37.1148961,-90.2578506
63952,37.0098773,-90.6427398
63953,36.5872448,-90.637706
63954,36.5674182,-90.4702628
63955,36.6020787,-90.6786564
63956,37.213951,-90.5217278
63957,37.1419049,-90.6923096
63960,36.9569398,-90.131465
63961,36.5672084,-90.2770757
63962,36.8440282,-90.2815068
63964,37.2396908,-90.4027396
63965,36.9651725,-91.0213002
63966,36.9614817,-90.2656806
63967,36.940696,-90.4853249
64001,39.1011802,-93.5365552
64011,38.9597561,-94.0679261
64012,38.7883913,-94.5519179
64014,39.0094102,-94.2565175
64015,39.020721,-94.3016885
64016,39.1129218,-94.2147652
64017,39.1997055,-94.0325046
64018,39.4547191,-94.7212611
64019,38.7775431,-93.8652826
64020,38.9674246,-93.5997835
64021,39.112583,-93.6257239
64022,39.2016553,-93.6722466
64024,39.3272137,-94.2272683
64028,39.2852021,-94.8323485
64029,39.0059037,-94.2163928
64030,38.8813592,-94.5227443
64034,38.8585722,-94.2975543
64035,39.2905134,-93.8122185
64036,39.200558,-93.935126
64037,39.0466298,-93.7338483
64040,38.7193361,-93.9877537
64048,39.4377852,-94.3635783
64050,39.1157866,-94.4105688
64052,39.0736164,-94.450866
64053,39.1075609,-94.4646924
64054,39.117502,-94.4409325
64055,39.0508472,-94.3979979
64056,39.1131286,-94.3149188
64057,39.071957,-94.3193082
64058,39.1738557,-94.3135603
64060,39.3709523,-94.3687873
64061,38.7867188,-94.0844212
64062,39.4564886,-94.1778811
64063,38.9122254,-94.3534173
64064,38.9829697,-94.3431944
64065,38.9521774,-94.4043973
64066,39.1396161,-94.1385428
64067,39.1542839,-93.8360414
64068,39.2583148,-94.3896527
64070,38.8866094,-94.148894
64071,39.0278278,-93.8317174
64072,39.2405525,-94.2996354
64074,39.083651,-94.0712963
64075,38.9996003,-94.1452616
64076,38.9831526,-93.9480513
64077,39.2246418,-94.1390914
64078,38.7084286,-94.4715887
64079,39.3637995,-94.7933017
64080,38.7642156,-94.2604226
64081,38.9106266,-94.4114283
64082,38.8621875,-94.4083056
64083,38.8019954,-94.4488456
64084,39.385681,-94.0694335
64085,39.343321,-93.9554313
64086,38.8991713,-94.272385
64088,39.1674868,-94.183165
64089,39.3899959,-94.5649515
64090,38.7600434,-94.163889
64092,39.2175785,-94.8111193
64093,38.7925528,-93.7308777
64096,39.1968036,-93.5579389
64097,39.1137023,-93.9904073
64098,39.4680758,-94.8914753
64101,39.1034676,-94.6006099
64102,39.0943111,-94.6032045
64105,39.1061821,-94.5906209
64106,39.1052737,-94.5700876
64108,39.0848951,-94.5864696
64109,39.0658299,-94.5675967
64110,39.0344555,-94.5726374
64111,39.0570802,-94.5938991
64112,39.0360036,-94.5952497
64113,39.0141398,-94.5954934
64114,38.9578018,-94.5985986
64116,39.1488109,-94.5752418
64117,39.1644492,-94.5226565
64118,39.2128637,-94.5739515
64119,39.2099666,-94.5146651
64120,39.1350071,-94.5149571
64123,39.1144032,-94.521806
64124,39.1071434,-94.5390622
64125,39.1064634,-94.4941531
64126,39.0910926,-94.4959775
64127,39.0890686,-94.5383885
64128,39.0654824,-94.5347914
64129,39.0490053,-94.4974091
64130,39.0347823,-94.5420493
64131,38.9598088,-94.5719513
64132,38.9797258,-94.5415465
64133,39.0138836,-94.4577203
64134,38.9309725,-94.4871537
64136,39.0127934,-94.4057326
64137,38.9316207,-94.5429134
64138,38.9672542,-94.470948
64139,38.9671343,-94.4046599
64145,38.8780302,-94.5961877
64146,38.8829975,-94.5718936
64147,38.8517819,-94.5546467
64149,38.8654589,-94.4716058
64150,39.1721749,-94.632499
64151,39.2153553,-94.6300842
64152,39.219065,-94.7247189
64153,39.274581,-94.7266425
64154,39.2812789,-94.6269483
64155,39.2811544,-94.5678409
64156,39.2736692,-94.517765
64157,39.2768559,-94.4705568
64158,39.2343799,-94.4829161
64161,39.1585855,-94.4509091
64163,39.3444869,-94.6882313
64164,39.3293535,-94.6270648
64165,39.3208142,-94.5775129
64166,39.32215,-94.5230093
64167,39.3190919,-94.4820383
64401,39.6333892,-94.7154546
64402,40.2517419,-94.3231064
64420,40.4864623,-94.2892006
64421,39.9083604,-94.9276043
64422,39.8947869,-94.4939607
64423,40.1928733,-94.8516585
64424,40.2646865,-94.0322457
64426,40.5166544,-93.8610054
64427,40.1085775,-94.8463242
64428,40.4230834,-95.088263
64429,39.7367442,-94.2258072
64430,39.8389903,-94.5655387
64431,40.5281929,-94.9962573
64432,40.2640116,-94.6611691
64433,40.2388452,-94.680901
64434,40.258404,-94.736154
64436,39.8517042,-94.6912493
64437,40.1399513,-95.3633687
64438,40.1585834,-94.4137659
64439,39.5244068,-94.753446
64440,39.5851336,-94.9103377
64441,40.3929167,-94.2712999
64442,40.497186,-94.0055252
64443,39.742886,-94.653163
64444,39.4854245,-94.648031
64445,40.5402433,-95.1491085
64446,40.3238958,-95.3991159
64448,39.6039185,-94.8272583
64449,40.0412001,-94.9784754
64451,39.9940205,-95.2125916
64453,40.3447159,-94.4694691
64454,39.6078503,-94.5937936
64455,40.180658,-95.005056
64456,40.4931297,-94.3910852
64457,40.162713,-94.6823548
64458,40.5149549,-94.145198
64459,39.9287288,-94.6450161
64461,40.5143542,-94.8072777
64463,40.0625984,-94.4825854
64465,39.550388,-94.2884837
64466,40.1662202,-95.1062667
64467,40.3916883,-94.1766621
64468,40.3427324,-94.8811554
64469,39.9328013,-94.3570641
64470,40.1733559,-95.2266712
64471,40.2657437,-94.193607
64473,39.9792607,-95.0762089
64474,39.7544275,-94.3796607
64475,40.4364555,-94.6293859
64476,40.4529611,-94.8306081
64477,39.5754617,-94.4528587
64479,40.3381269,-94.670899
64480,40.0541145,-94.7054765
64481,40.3539466,-93.887733
64482,40.4474777,-95.5562913
64483,40.0388694,-94.8391266
64484,39.5612,-95.017149
64485,39.9541695,-94.8163192
64486,40.5374773,-94.6130084
64487,40.3009354,-95.0959108
64489,40.2341911,-94.5482272
64490,39.7420471,-94.5148416
64491,40.4460453,-95.3580542
64492,39.4818566,-94.5444172
64493,39.6305949,-94.3044981
64494,39.9906578,-94.6096454
64496,40.4981397,-95.6220451
64497,39.9295375,-94.219874
64498,40.5402528,-95.3124577
64499,40.3970912,-94.4152753
64501,39.766248,-94.8444383
64503,39.7492767,-94.845718
64504,39.6912468,-94.9059245
64505,39.8467445,-94.8238791
64506,39.7899154,-94.8033118
64507,39.7368543,-94.74038
64601,39.8053808,-93.579097
64620,39.8945312,-94.0899509
64622,39.4925501,-93.5427174
64623,39.4698025,-93.3332564
64624,39.5757366,-93.7828556
64625,39.7440426,-93.8028826
64628,39.793634,-93.0479214
64630,40.0376663,-93.156885
64631,39.8373048,-92.8828199
64632,40.4689865,-93.766788
64633,39.3599515,-93.4819202
64635,39.9528011,-93.4338567
64636,40.1281444,-93.9827271
64637,39.5757173,-93.9174119
64638,39.6176432,-93.6201364
64639,39.4004348,-93.2156674
64640,39.898208,-93.9359663
64641,40.1644884,-93.4020389
64642,40.1707921,-93.8364487
64643,39.6130448,-93.369158
64644,39.7390663,-93.9708084
64645,40.3000698,-93.3223202
64646,40.0989542,-93.3089801
64647,40.0264426,-93.9672992
64648,39.9891875,-93.7902402
64649,39.7733466,-94.0863904
64650,39.6378746,-94.0537267
64651,39.7768663,-93.1819343
64652,40.0215079,-93.4181918
64653,39.8951334,-93.1940894
64654,39.8485887,-93.775568
64655,40.4465305,-93.2574934
64656,39.6769096,-93.6927894
64657,40.1323001,-94.2075941
64658,39.6629645,-92.9172969
64659,39.7815049,-93.2897802
64660,39.5766841,-93.0971558
64661,40.5360564,-93.5174768
64664,39.7497038,-93.6512858
64667,40.4004087,-93.3447598
64668,39.3550679,-93.7044152
64670,40.0526184,-94.1402606
64671,39.531881,-94.0507754
64672,40.5389262,-93.2497371
64673,40.3743056,-93.5869488
64674,39.967615,-93.1569578
64676,39.6461727,-93.0301073
64679,40.2372309,-93.5808064
64681,39.6492573,-93.2132575
64682,39.5494911,-93.4951611
64683,40.0737824,-93.6035253
64686,39.7487007,-93.6238244
64688,39.812391,-93.3693045
64689,39.875177,-94.1511522
64701,38.6245182,-94.3292516
64720,38.4042777,-94.3357776
64722,38.2764621,-94.5544906
64723,38.3616391,-94.5595919
64724,38.1532099,-94.0066375
64725,38.4906578,-94.372655
64726,38.5271531,-93.9219411
64728,37.6988995,-94.5178456
64730,38.2559692,-94.2838185
64733,38.5845544,-93.8274902
64734,38.6547336,-94.5593339
64735,38.3724235,-93.7273373
64738,37.9016643,-93.6516893
64739,38.5112805,-94.0966237
64740,38.2275052,-93.7029532
64741,37.8182338,-94.5623446
64742,38.5080946,-94.5411948
64743,38.6636947,-94.2139565
64744,37.8481975,-93.9789259
64745,38.1512596,-94.5077442
64746,38.6021458,-94.4967241
64747,38.5769242,-94.1714202
64748,37.3647641,-94.1022642
64750,37.9214585,-94.1132121
64752,38.0650181,-94.5634681
64755,37.3374162,-94.308691
64756,37.6190302,-94.0151672
64759,37.5217818,-94.267155
64761,38.6080249,-93.6756417
64762,37.5466379,-94.5015198
64763,38.1440054,-93.7115005
64765,37.9967799,-94.4425312
64767,37.7373571,-94.2014525
64769,37.4931804,-94.5482014
64770,38.2814512,-93.989507
64771,37.7726945,-94.4634375
64772,37.825099,-94.3335042
64776,38.0422831,-93.6754347
64778,37.9193715,-94.4791899
64779,38.0920185,-94.3962119
64780,38.0592024,-94.0469612
64781,37.9766433,-93.817473
64783,37.9997965,-94.1052665
64784,37.6646509,-94.2341694
64788,38.4239056,-94.0195481
64790,37.919363,-94.2221745
64801,37.1069023,-94.4976466
64804,37.0199443,-94.5109052
64830,37.2308195,-94.4105611
64831,36.6591281,-94.4567621
64832,37.3402092,-94.5735977
64833,37.1938103,-94.129842
64834,37.1857656,-94.5729305
64835,37.1475227,-94.4382951
64836,37.1892231,-94.2792884
64840,37.0200594,-94.342858
64841,37.0787123,-94.4110272
64842,36.7890066,-94.1059941
64843,36.7334982,-94.4531428
64844,36.9109167,-94.2395543
64847,36.5921241,-94.4386175
64848,37.1853136,-93.9952667
64849,37.2543964,-94.4452918
64850,36.8611459,-94.4013932
64854,36.549701,-94.4375962
64855,37.3368553,-94.5130115
64856,36.5492631,-94.2521916
64857,37.2458669,-94.4386227
64858,36.9008615,-94.530534
64859,37.1642091,-94.1134078
64861,36.695352,-94.1540718
64862,37.1006647,-94.1195231
64863,36.5593672,-94.5833401
64865,36.8426512,-94.5813135
64866,36.8695765,-94.1564227
64867,36.7244656,-94.23472
64868,36.6875407,-94.6128505
64870,37.1829175,-94.477775
64873,37.0106587,-94.0538471
64874,36.7521467,-94.0529994
65001,38.2776097,-92.0047568
65010,38.7878104,-92.2419747
65011,38.402263,-92.7102705
65013,38.2699169,-91.7521291
65014,38.3228037,-91.6246493
65016,38.5607059,-91.919121
65017,38.0922397,-92.4944498
65018,38.6200775,-92.5640675
65020,38.0062393,-92.7806443
65023,38.6539006,-92.3962955
65024,38.6299978,-91.7747252
65025,38.6671434,-92.6992905
65026,38.3243615,-92.5647923
65032,38.3476281,-92.3830858
65034,38.5596773,-92.8181055
65035,38.3638151,-91.9469627
65037,38.2434186,-92.8491461
65039,38.7110955,-92.296618
65040,38.3482677,-92.2845846
65041,38.6330196,-91.4897579
65043,38.6230125,-92.1022875
65046,38.7758506,-92.4775862
65047,38.1508936,-92.578446
65048,38.3731199,-92.0406045
65049,38.1999578,-92.6745205
65050,38.5218268,-92.686401
65051,38.4625255,-91.7979707
65052,38.0764126,-92.7054599
65053,38.5412165,-92.3695901
65054,38.483962,-91.9469241
65058,38.2695147,-92.1306738
65059,38.7013167,-91.8881594
65061,38.5942452,-91.6348771
65062,38.5012105,-91.6597345
65063,38.7259153,-92.0875135
65064,38.4028457,-92.4714239
65065,38.132046,-92.6699255
65066,38.3454184,-91.4904723
65067,38.744622,-91.7281113
65068,38.8286247,-92.5980542
65069,38.7575042,-91.6082956
65072,38.2667733,-92.7293503
65074,38.484301,-92.4681445
65075,38.2372121,-92.2505696
65076,38.3794864,-92.1940557
65077,38.7696251,-91.8185022
65078,38.3811352,-93.035985
65079,38.1558511,-92.7519863
65080,38.6362607,-91.9789273
65081,38.6339808,-92.7798889
65082,38.2193127,-92.4214217
65083,38.1475003,-92.443614
65084,38.4380226,-92.8553646
65085,38.405742,-92.0837831
65101,38.4974296,-92.1331965
65109,38.5734825,-92.276821
65201,38.9009448,-92.2384259
65202,39.0171605,-92.2978143
65203,38.8958724,-92.3958425
65215,38.9516874,-92.3203886
65216,38.958171,-92.3262976
65230,39.2905503,-92.6813081
65231,39.0178434,-91.9078224
65232,39.1606948,-91.7560003
65233,38.9106953,-92.7239148
65236,39.4484394,-93.0886861
65237,38.767567,-92.7945777
65239,39.5330152,-92.4207983
65240,39.2200469,-92.1310984
65243,39.2752172,-92.35057
65244,39.4847995,-92.659485
65246,39.3701884,-92.9938859
65247,39.6350808,-92.4708665
65248,39.1386058,-92.6601333
65250,39.0300998,-92.8401008
65251,38.8500339,-91.9787675
65254,39.2115939,-92.8461293
65255,39.1024182,-92.2184153
65256,39.1215859,-92.4555519
65257,39.2870883,-92.5338068
65258,39.5260929,-92.1382418
65259,39.4753218,-92.5636511
65260,39.5933018,-92.4005215
65261,39.4623823,-92.9160358
65262,38.9601429,-91.9553128
65263,39.448143,-92.2180522
65264,39.0883144,-91.6856399
65265,39.2033734,-91.8853706
65270,39.4136409,-92.3949501
65274,39.0154777,-92.6855062
65275,39.4530656,-91.994965
65276,38.8527488,-92.9579122
65278,39.3421477,-92.4122063
65279,38.9943748,-92.5450273
65280,39.2335653,-91.7546133
65281,39.466112,-92.7880032
65282,39.3824723,-91.8397555
65283,39.5092715,-91.8275253
65284,39.1868226,-92.3041607
65285,39.2717339,-91.9998379
65286,39.5077506,-93.2202758
65287,38.8836554,-92.5223201
65301,38.699117,-93.2213454
65305,38.733116,-93.5531578
65320,39.0663957,-92.9459548
65321,39.0752673,-93.4475024
65322,38.969772,-92.9663864
65323,38.453529,-93.6163036
65324,38.0970933,-93.0097483
65325,38.4395464,-93.1888003
65326,38.1658396,-93.13917
65327,38.9765393,-93.4840894
65329,38.6020862,-92.9570383
65330,39.222686,-92.9506344
65332,38.6198361,-93.4135048
65333,38.9007677,-93.3199413
65334,38.8382478,-93.2461431
65335,38.5137095,-93.3228125
65336,38.7851502,-93.5574912
65337,38.794493,-93.4313791
65338,38.3571945,-93.3058876
65339,39.1888191,-93.3716027
65340,39.0884816,-93.1759345
65344,39.3189619,-93.2041924
65345,38.5378922,-93.1268982
65347,38.9810402,-93.0463046
65348,38.7124246,-92.9899106
65349,39.233822,-93.0535516
65350,38.6547854,-93.1030099
65351,38.9945189,-93.3813848
65354,38.6435665,-92.8859969
65355,38.2195308,-93.3669589
65360,38.5201602,-93.5146346
65401,37.8992484,-91.7685371
65409,37.9509674,-91.7795401
65436,37.6238014,-91.9636098
65438,36.931336,-91.5011015
65439,37.6648818,-91.0942268
65440,37.599217,-91.190612
65441,38.0964344,-91.1590184
65443,38.1317134,-92.0946125
65444,37.3777802,-92.0538481
65446,37.8109028,-91.2698045
65449,37.852033,-91.4946743
65452,37.9671387,-92.2663425
65453,38.107481,-91.427005
65456,37.784607,-91.1897795
65457,37.8237987,-92.0510194
65459,38.0297204,-92.0967322
65461,37.6871024,-92.0237598
65462,37.6846808,-91.8645895
65463,37.8476747,-92.7833495
65464,37.1865773,-91.8997833
65466,37.2113122,-91.3863717
65468,37.2543592,-91.7982584
65470,37.5473905,-92.4017794
65473,37.7098928,-92.1479114
65479,37.342026,-91.6361386
65483,37.2989686,-91.955094
65484,37.356223,-92.2270153
65486,38.1031905,-92.3066741
65501,37.4546102,-91.5415345
65529,37.9292288,-91.9889571
65534,37.7007903,-92.2604064
65535,38.0700027,-91.2741538
65536,37.6916909,-92.647854
65541,37.6437278,-91.7587242
65542,37.4957097,-91.8837409
65543,37.4539447,-92.2902308
65548,37.0057014,-91.7120482
65550,37.8441298,-91.943747
65552,37.4980445,-92.1722905
65555,37.3622353,-91.7781881
65556,37.8353551,-92.4036611
65557,37.5167992,-92.1446021
65559,38.0168572,-91.6144566
65560,37.5966098,-91.5038673
65564,37.2325926,-91.956395
65565,37.8964854,-91.2392757
65566,37.8086069,-91.161474
65567,37.849482,-92.5400305
65570,37.4526339,-92.0947983
65571,37.1865761,-91.6447608
65580,38.1165058,-91.7899012
65582,38.2041521,-91.9264339
65583,37.8284299,-92.2576267
65584,37.8288936,-92.1312173
65586,37.8647787,-91.4329545
65588,36.9662745,-91.2936495
65589,37.2372967,-91.8274437
65590,37.6365846,-92.9753318
65591,37.9793797,-92.5907687
65601,37.5300317,-93.5857298
65603,37.5334536,-93.856535
65604,37.2699142,-93.5984709
65605,36.9896575,-93.7397555
65606,36.6972477,-91.3594008
65608,36.9021229,-92.6672918
65609,36.5267925,-92.176983
65610,37.0423151,-93.5253145
65611,36.5498232,-93.3721256
65612,37.2137966,-93.5388109
65613,37.6409138,-93.3873518
65614,36.7337269,-92.8970904
65616,36.6707371,-93.2487996
65617,37.4376149,-93.3346619
65618,36.7595048,-92.3671211
65619,37.1224593,-93.3866244
65620,37.0174692,-92.9557189
65622,37.6353356,-93.1103041
65623,36.7488894,-93.9065746
65624,36.7316362,-93.5611542
65625,36.6740687,-93.8164969
65626,36.587772,-92.113109
65627,36.5669546,-93.0328736
65629,36.8915376,-93.000516
65630,36.8381589,-93.2263032
65631,37.0006994,-93.4239985
65632,37.4990154,-92.8159626
65633,36.8991342,-93.535971
65634,38.0153971,-93.194616
65635,37.5317412,-93.7171428
65637,36.7763528,-92.1907505
65638,36.833134,-92.3302725
65640,37.6984688,-93.5668485
65641,36.5440008,-93.7710467
65644,37.510802,-93.037975
65646,37.3334476,-93.7032458
65647,36.6929596,-94.0070637
65648,37.4087783,-93.1665117
65649,37.617274,-93.6232156
65650,37.8139943,-93.4419276
65652,37.1330874,-92.9499971
65653,36.8408679,-93.140301
65654,37.0216839,-93.8975288
65655,36.6030815,-92.4195815
65656,36.793766,-93.4678305
65657,36.8393938,-93.0182171
65658,36.5466757,-93.638135
65660,37.323909,-92.2707472
65661,37.4562701,-93.829081
65662,37.4190614,-92.5723305
65663,37.630156,-93.2460085
65664,37.1980539,-93.6151762
65666,36.5748302,-92.360456
65667,37.3084595,-92.5140472
65668,37.9306664,-93.2881627
65669,36.9155214,-93.2956332
65672,36.5603532,-93.2194885
65674,37.7912189,-93.6082065
65675,36.9309301,-93.4923869
65676,36.5780479,-92.5990282
65679,36.5742344,-93.0949219
65680,36.6419827,-92.9817495
65681,36.5455514,-93.4687089
65682,37.4162313,-93.9795932
65685,37.7537391,-93.1511328
65686,36.6268581,-93.4437812
65688,36.64928,-91.693287
65689,37.1358246,-92.0908415
65690,36.5923378,-91.264476
65692,36.6214495,-91.6503275
65702,37.053256,-92.4854085
65704,37.1276197,-92.5861068
65705,37.0923573,-93.6233178
65706,37.3228155,-92.8986109
65707,37.2336735,-93.8433151
65708,36.9109235,-93.9087541
65710,37.4856592,-93.4206854
65711,37.1763834,-92.2756788
65712,37.110815,-93.8060272
65713,37.4057331,-92.7392168
65714,37.0409707,-93.3207435
65715,36.7313749,-92.5740011
65717,37.0604402,-92.4160484
65720,36.9475563,-92.9625427
65721,36.9805289,-93.2093869
65722,37.5890218,-92.8077286
65723,36.9531471,-94.0483723
65724,37.8404585,-93.3161581
65725,37.4296561,-93.2641414
65726,36.6195947,-93.2428595
65727,37.7658486,-93.2951113
65728,36.8770918,-93.3353
65729,36.5388895,-92.5635121
65730,36.6235825,-94.2246683
65731,36.6534572,-93.1259243
65732,37.9347997,-93.1771653
65733,36.5330973,-92.8512451
65734,36.7965855,-93.9537477
65735,38.0398862,-93.486638
65737,36.7122044,-93.3509734
65738,37.1374071,-93.4908539
65739,36.5109627,-93.2741175
65740,36.7119262,-93.1632134
65741,36.795809,-92.4042366
65742,37.1253389,-93.089005
65744,36.624477,-92.8933785
65745,36.5226716,-93.983629
65746,37.1431953,-92.7876995
65747,36.6008607,-93.580084
65752,37.3324017,-93.8383491
65753,36.9945554,-93.0562067
65754,36.8384406,-93.2822218
65755,36.8015919,-92.6326831
65756,37.0963074,-93.9603309
65757,37.2828516,-93.0988393
65759,36.767553,-93.0483938
65760,36.6162513,-92.2767741
65761,36.5412005,-92.7217851
65762,36.680587,-92.6628705
65764,37.81452,-92.9486737
65766,36.536052,-92.2686459
65767,37.8522515,-93.1559374
65768,36.919435,-92.2700349
65769,36.9190959,-93.7994049
65770,37.4226272,-93.5482264
65771,36.7748328,-93.2042085
65772,36.5979504,-94.0249347
65773,36.7509772,-92.5168883
65774,37.9302728,-93.4893443
65775,36.7010549,-91.8563346
65777,36.5173963,-91.9809857
65778,36.5304476,-91.2710247
65779,37.981959,-93.384658
65781,37.3555394,-93.4175716
65783,37.7106925,-92.903269
65784,36.7301083,-92.2974044
65785,37.7084751,-93.8250539
65786,37.967389,-92.9634191
65787,38.0676873,-92.8988723
65788,36.8066887,-91.6949454
65789,36.8572287,-91.8898234
65790,36.7029366,-92.1095725
65791,36.5791546,-91.4972299
65793,36.9917196,-91.9800049
65801,37.2142104,-93.2952177
65802,37.2105359,-93.3516895
65803,37.2831589,-93.2899048
65804,37.1482046,-93.2524574
65806,37.2056622,-93.2985767
65807,37.1675206,-93.3248092
65809,37.173467,-93.189943
65810,37.1197335,-93.3097235
65897,37.1998571,-93.280538
66002,39.5516596,-95.1403543
66006,38.7888359,-95.238103
66007,39.1360299,-94.9445549
66008,39.7181814,-95.1763884
66010,38.0919562,-94.9960411
66012,39.0666264,-94.9205799
66013,38.7306662,-94.6955507
66014,38.2288452,-94.9871053
66015,38.075724,-95.4001668
66016,39.4672554,-95.2226941
66017,39.7037161,-95.2739614
66018,38.9640495,-94.974413
66020,39.3393588,-95.1114431
66021,38.7566099,-95.0050976
66023,39.5122676,-95.3923844
66024,39.7620263,-94.8893983
66025,38.8919031,-95.08334
66026,38.3958712,-94.8663121
66027,39.3614028,-94.9164869
66030,38.8151226,-94.9402624
66031,38.8319618,-94.8900827
66032,38.2774576,-95.2769739
66033,38.3587761,-95.1275847
66035,39.8709587,-95.2536344
66039,38.1044114,-95.1648553
66040,38.3568754,-94.7380486
66041,39.6003033,-95.3079742
66042,38.4227635,-95.0798784
66043,39.2484529,-94.9055752
66044,39.0329311,-95.2090917
66045,38.9543281,-95.261527
66046,38.9045241,-95.209753
66047,38.8930513,-95.3461597
66048,39.2727232,-94.9804051
66049,38.9792493,-95.3456855
66050,39.0257378,-95.4300566
66052,39.0083484,-95.04558
66053,38.581078,-94.6680651
66054,39.2062194,-95.1983291
66056,38.1514535,-94.8442817
66058,39.5410617,-95.5203788
66060,39.4186723,-95.3319859
66061,38.8937552,-94.8799681
66062,38.8384111,-94.7847784
66064,38.4807137,-94.9889359
66066,39.2030016,-95.3305935
66067,38.6197646,-95.2842107
66070,39.2113554,-95.4533388
66071,38.5744677,-94.8667005
66072,38.31847,-94.9747508
66073,39.0920717,-95.3809985
66075,38.2009622,-94.6840562
66076,38.6324548,-95.4430132
66078,38.4845211,-95.257984
66079,38.5420591,-95.1243992
66080,38.4128987,-95.2549439
66083,38.732301,-94.8301062
66085,38.8062762,-94.645167
66086,39.1149125,-95.0813939
66087,39.8089328,-95.1397567
66088,39.3413258,-95.4564536
66090,39.7879488,-94.9733667
66091,38.1720701,-95.3276519
66092,38.688813,-95.1064198
66093,38.2078096,-95.4941379
66094,39.9591831,-95.3417455
66095,38.4410938,-95.4388607
66097,39.3285986,-95.2460831
66101,39.1187426,-94.6259048
66102,39.1089636,-94.6925386
66103,39.0603287,-94.6267831
66104,39.1501586,-94.6895331
66105,39.0862246,-94.6365914
66106,39.0694535,-94.7026128
66109,39.1653507,-94.8293414
66111,39.084029,-94.7898868
66112,39.1149382,-94.7700672
66115,39.1482579,-94.6050845
66118,39.1009041,-94.613056
66160,39.0558155,-94.6100551
66202,39.0231501,-94.6694665
66203,39.0204258,-94.7058502
66204,38.9903812,-94.6782142
66205,39.0312286,-94.6307322
66206,38.9587108,-94.6186487
66207,38.9556437,-94.6432466
66208,38.9975285,-94.6283693
66209,38.9008507,-94.6341137
66210,38.9265313,-94.7049071
66211,38.9251193,-94.6356255
66212,38.9555653,-94.6798754
66213,38.8991945,-94.7037059
66214,38.9635787,-94.7139655
66215,38.9557996,-94.7430544
66216,39.0135649,-94.7415626
66217,39.0136694,-94.7754018
66218,39.0129313,-94.8178867
66219,38.9531985,-94.7783807
66220,38.9596913,-94.8190142
66221,38.8468107,-94.7136705
66223,38.8615968,-94.6687678
66224,38.8620949,-94.6236274
66226,39.0309563,-94.8611764
66227,38.9726689,-94.8748362
66251,38.9171635,-94.6588442
66401,38.9323662,-96.3096514
66402,38.9139996,-95.843271
66403,39.8906129,-96.2701222
66404,39.8638375,-96.1728207
66406,39.894106,-96.4207292
66407,39.2278787,-96.1858666
66408,39.9495932,-95.9751541
66409,38.9192004,-95.5551451
66411,39.6419978,-96.6437736
66412,39.9078009,-96.7774248
66413,38.7688749,-95.8807249
66414,38.8307785,-95.6854854
66415,39.6894119,-96.1376017
66416,39.5257059,-95.8632405
66417,39.6565505,-96.0370849
66418,39.2794955,-95.9335855
66419,39.3606793,-95.5988819
66422,39.3339326,-96.084051
66423,38.8539608,-96.1221997
66424,39.6746892,-95.4040633
66425,39.8067343,-95.7212838
66427,39.6612828,-96.4388291
66428,39.6761162,-95.9313584
66429,39.0937697,-95.5341863
66431,38.8059302,-96.0027712
66432,39.4913879,-96.0775761
66434,39.8630399,-95.5548035
66436,39.4683121,-95.7038396
66438,39.8350444,-96.5109306
66439,39.6563308,-95.5400857
66440,39.2681811,-95.6768224
66441,38.9735207,-96.8030894
66442,39.0916696,-96.7901434
66449,39.3901379,-96.8564654
66451,38.6032605,-95.6732145
66501,39.0529144,-96.2368945
66502,39.1399449,-96.5287177
66503,39.2650139,-96.6952701
66506,39.1959735,-96.5814678
66507,39.0511335,-96.030609
66508,39.858566,-96.6443063
66509,39.3254481,-95.7849198
66510,38.4996263,-95.6101985
66512,39.208241,-95.5414863
66514,39.1262313,-96.8756021
66515,39.936249,-95.703739
66516,39.6165012,-95.7207969
66517,39.110924,-96.702357
66518,39.965606,-96.5507565
66520,39.411721,-96.6114866
66521,39.4707442,-96.2294339
66522,39.8661335,-95.9381809
66523,38.6157735,-95.8339935
66524,38.7909389,-95.5060781
66526,39.0646101,-96.1627736
66527,39.7469703,-95.6809699
66528,38.6028696,-95.5378039
66531,39.3123948,-96.8384983
66532,39.8214292,-95.3779428
66533,39.1631869,-95.9474954
66534,39.8767137,-95.8367753
66535,39.2670303,-96.4337022
66536,39.2154405,-96.0694996
66537,38.7512423,-95.7196228
66538,39.850557,-96.044691
66539,39.1419668,-95.8403898
66540,39.4847874,-95.9703708
66541,39.9785607,-96.3435918
66542,39.0107441,-95.5447712
66543,38.6395701,-95.5994136
66544,39.6888549,-96.273293
66546,38.8939545,-95.7296703
66547,39.2315581,-96.2956112
66548,39.6708543,-96.7627236
66549,39.4205808,-96.4357238
66550,39.6554422,-95.8206649
66552,39.5876821,-95.6298547
66554,39.4948139,-96.7905277
66603,39.0575318,-95.6747469
66604,39.0390223,-95.7261878
66605,39.0108277,-95.6388191
66606,39.0614355,-95.719951
66607,39.0412046,-95.6353454
66608,39.0808373,-95.6638589
66609,38.9782222,-95.6607424
66610,38.9767258,-95.8445655
66611,39.0187561,-95.6963875
66612,39.040224,-95.6803342
66614,39.0099261,-95.8379542
66615,39.0508262,-95.8978655
66616,39.0698167,-95.6230434
66617,39.1348318,-95.6232393
66618,39.1395076,-95.748267
66619,38.9470795,-95.6901981
66621,39.0331201,-95.7023799
66622,39.0263152,-95.7222235
66701,37.8298135,-94.7589368
66710,37.5515979,-95.6244989
66711,37.637096,-94.6850006
66712,37.5648755,-94.714518
66713,37.0404916,-94.7852944
66714,37.6366017,-95.6986207
66716,37.938576,-95.0380444
66717,37.699465,-95.6810383
66720,37.6483264,-95.457198
66724,37.3469779,-94.8567244
66725,37.1565831,-94.8953188
66732,37.8042105,-95.192631
66733,37.5902947,-95.2549471
66734,37.6138164,-94.8195088
66735,37.5179938,-94.7151079
66736,37.5514767,-95.861095
66738,38.0137524,-94.7234184
66739,37.12578,-94.6552611
66740,37.4657624,-95.3710067
66741,37.7200328,-94.6639184
66742,37.9195838,-95.3489015
66743,37.5088672,-94.8796444
66746,37.6679834,-94.9529786
66748,37.7998435,-95.4360477
66749,37.933761,-95.4150322
66751,37.9295998,-95.2897515
66753,37.3637939,-95.0161595
66754,38.0048561,-94.8856247
66755,37.9117699,-95.168695
66756,37.5475373,-94.641053
66757,37.414353,-95.6982785
66758,38.0159345,-95.5869095
66760,37.3483159,-94.6243525
66761,37.9110393,-95.5701754
66762,37.3938784,-94.7104785
66763,37.4632363,-94.6977639
66767,38.078779,-94.7097958
66769,37.8565274,-94.8899581
66770,37.0807355,-94.7153423
66771,37.4948508,-95.1457871
66772,37.7402015,-95.187512
66773,37.2594,-94.8054496
66775,37.7019349,-95.1487715
66776,37.4675789,-95.4976651
66777,37.7872263,-95.9757423
66778,37.0004503,-94.83891
66779,37.8293945,-94.9658193
66780,37.610325,-95.0557222
66781,37.2885834,-94.7334908
66782,37.2849554,-94.9260986
66783,37.8767746,-95.733175
66801,38.4117433,-96.2235072
66830,38.5960726,-96.091023
66833,38.6955909,-96.1950122
66834,38.8621208,-96.4553585
66835,38.5269138,-96.2661945
66838,38.5554372,-96.8006714
66839,38.217399,-95.7481273
66840,38.0769243,-96.876735
66842,38.0248421,-96.6570473
66843,38.222479,-96.740487
66845,38.2987244,-96.5083868
66846,38.6401596,-96.4738157
66849,38.8775055,-96.6032268
66850,38.4076827,-96.7129941
66851,38.2178628,-96.9186381
66852,38.071643,-95.8952815
66853,38.0018952,-96.2353032
66854,38.2521316,-95.9884789
66856,38.3978063,-95.8117881
66857,38.1034089,-95.6333606
66858,38.4725057,-96.9224205
66859,38.5569242,-96.9648694
66860,38.1272803,-96.1656294
66861,38.364105,-97.0063636
66862,38.1549988,-96.5561278
66863,37.8336869,-96.0762969
66864,38.3548865,-95.9814955
66865,38.2088885,-96.2745335
66866,38.1740493,-97.1031982
66868,38.5447729,-95.9794194
66869,38.4688101,-96.5151622
66870,37.9325168,-95.9760849
66871,38.3626431,-95.6102242
66872,38.7989581,-96.7637076
66873,38.612773,-96.6661474
66901,39.5600347,-97.6389503
66930,39.7046179,-97.4906877
66932,39.7794867,-98.9308849
66933,39.675419,-96.8723186
66935,39.8269076,-97.6348396
66936,39.9187306,-98.3019279
66937,39.599827,-97.2648098
66938,39.5896515,-97.4443463
66939,39.85286,-97.9042903
66940,39.8024184,-97.4531859
66941,39.8307751,-98.4479925
66942,39.7908003,-97.9979359
66943,39.6718114,-96.9662814
66944,39.8402288,-97.2930994
66945,39.8870102,-96.8783756
66946,39.9679391,-96.9988395
66948,39.5982255,-97.8523418
66949,39.6446774,-98.2051755
66951,39.8642113,-99.0377612
66952,39.8358047,-98.604785
66953,39.6795243,-97.1178175
66955,39.9800071,-97.3206201
66956,39.7965091,-98.2156287
66958,39.8894459,-97.1771859
66959,39.9229594,-97.5296816
66960,39.935732,-97.4216396
66961,39.6933515,-97.7756003
66962,39.5993222,-97.1143309
66963,39.6418838,-98.0142884
66964,39.934388,-97.7937642
66966,39.7836644,-97.7622316
66967,39.8197249,-98.7942267
66968,39.8352721,-97.063088
66970,39.9501648,-98.016856
67001,37.7570007,-97.6354366
67002,37.7008239,-97.1069183
67003,37.1047368,-98.05679
67004,37.2815873,-97.7629185
67005,37.0688356,-96.9959259
67008,37.4885836,-96.7528988
67009,37.2251834,-98.2687596
67010,37.6554361,-96.9760489
67012,37.6576814,-96.558732
67013,37.3818689,-97.2682197
67016,37.8888152,-97.5181734
67017,37.8277618,-97.1116455
67018,37.0712685,-97.8536955
67019,37.314492,-96.784487
67020,38.0079319,-97.6759073
67021,37.7761182,-98.9105186
67022,37.0769318,-97.626852
67023,37.3460616,-96.5922757
67024,37.1128105,-96.4921727
67025,37.642355,-97.7849602
67026,37.5110554,-97.4919829
67028,37.4764625,-98.9797903
67029,37.1714321,-99.2799611
67030,37.7856239,-97.546798
67031,37.4104843,-97.6351212
67035,37.6481839,-98.3949629
67036,37.2898476,-97.8826215
67037,37.5718316,-97.2172351
67038,37.1201655,-96.680273
67039,37.5276683,-96.9742899
67041,38.0540937,-97.1275357
67042,37.8572635,-96.780718
67045,37.8545175,-96.3223181
67047,37.639619,-96.0503002
67049,37.1705819,-97.8464474
67050,37.6745167,-97.6774504
67051,37.0893018,-97.1965653
67052,37.6577267,-97.5742418
67053,38.2470724,-97.3457423
67054,37.5750397,-99.3160718
67055,37.7833744,-97.2031485
67056,38.0193445,-97.5234722
67057,37.0705405,-98.7800834
67058,37.3179162,-98.0613519
67059,37.6589661,-99.0970133
67060,37.5429732,-97.3636984
67061,37.0823207,-98.3772373
67062,38.1431051,-97.4329583
67063,38.340735,-97.2337492
67065,37.4780787,-98.5286755
67066,37.7737257,-98.7579907
67067,37.7947558,-97.2664598
67068,37.6218508,-98.1195418
67070,37.0724891,-98.5530143
67071,37.2086221,-98.8896619
67072,37.5352341,-96.6279946
67073,38.3890676,-97.3204259
67074,37.6701836,-96.7360462
67101,37.7852774,-97.4641824
67102,37.0274306,-96.7998124
67103,37.2659594,-97.555033
67104,37.265078,-98.6644325
67105,37.2199891,-97.6829438
67106,37.4633434,-97.7580639
67107,38.2001952,-97.5426776
67108,37.8163442,-97.690681
67109,37.5612752,-99.4858167
67110,37.4696488,-97.2236268
67111,37.615011,-97.9378445
67112,37.452778,-98.4188913
67114,38.0676257,-97.2916495
67117,38.0742142,-97.3462417
67118,37.4816649,-97.8542122
67119,37.23869,-97.1765463
67120,37.4680853,-97.3737702
67122,37.6190009,-96.4281161
67123,37.9483155,-96.9962934
67124,37.6344393,-98.7736416
67127,37.1648158,-99.4871106
67131,37.4251453,-96.9469001
67132,37.8508809,-96.584695
67133,37.5776148,-97.1070936
67134,37.476985,-98.6720699
67135,37.9142491,-97.453602
67137,37.6315012,-96.2276053
67138,37.2602321,-98.4196139
67140,37.0798842,-97.3574659
67142,37.4525241,-98.11359
67143,37.3191656,-98.9745174
67144,37.8191702,-97.003301
67146,37.3844748,-97.1046157
67147,37.8651254,-97.3050391
67149,37.5397316,-97.6259372
67150,37.0281694,-98.1979116
67151,38.1421455,-97.257065
67152,37.2630034,-97.4114786
67154,37.9635382,-97.1221737
67155,37.2749487,-99.1375617
67156,37.2484487,-96.9632041
67159,37.4276575,-98.3094164
67202,37.6869837,-97.33492
67203,37.6988913,-97.3646414
67204,37.7624965,-97.358547
67205,37.7494661,-97.4235668
67206,37.7037335,-97.2245053
67207,37.6659266,-97.2302364
67208,37.7038469,-97.2792665
67209,37.6514484,-97.42819
67210,37.642923,-97.2101065
67211,37.6670626,-97.3170432
67212,37.7024038,-97.4388985
67213,37.6674724,-97.3641289
67214,37.7071777,-97.3177499
67215,37.61587,-97.4350321
67216,37.6112406,-97.312617
67217,37.6177726,-97.362058
67218,37.6685112,-97.2803608
67219,37.7692508,-97.3162839
67220,37.7511557,-97.2783614
67221,37.6354294,-97.2582227
67223,37.7424424,-97.4955656
67226,37.7686949,-97.2203364
67227,37.6269151,-97.5011318
67228,37.7779032,-97.1806252
67230,37.681467,-97.1678325
67232,37.6438075,-97.1623284
67235,37.6889933,-97.5000461
67260,37.7193248,-97.2933825
67301,37.2082296,-95.7560807
67330,37.1580546,-95.3091483
67332,37.0433684,-95.236567
67333,37.0435435,-95.865923
67334,37.023897,-96.1771437
67335,37.2745822,-95.5267445
67336,37.0692672,-95.068849
67337,37.0536647,-95.5981976
67340,37.0595131,-95.7121984
67341,37.3443696,-95.4283556
67342,37.0601209,-95.3552864
67344,37.2874693,-95.9538982
67345,37.3703652,-96.2005098
67346,37.3214072,-96.4481892
67347,37.154402,-95.951547
67349,37.4959793,-96.2804863
67351,37.1435555,-95.5689373
67352,37.3331952,-96.0906922
67353,37.3083806,-96.3171933
67354,37.2064529,-95.4115262
67355,37.03167,-96.0058404
67356,37.1762572,-95.1457719
67357,37.3381028,-95.2530639
67360,37.0380238,-96.1065607
67361,37.1376437,-96.2176068
67363,37.3328885,-95.7197281
67364,37.0385691,-95.8242774
67401,38.8317881,-97.6545874
67410,38.9564764,-97.2190895
67416,38.6709313,-97.5649872
67417,39.4339685,-97.5455807
67418,39.1849098,-98.0518684
67420,39.400935,-98.0854677
67422,39.0321622,-97.5992847
67423,38.9656198,-97.9749454
67425,38.7820251,-97.9079875
67427,38.498463,-98.3993458
67428,38.3804245,-97.4173168
67430,39.5755181,-98.442139
67431,38.9510459,-97.0124249
67432,39.3308151,-97.1811451
67436,39.2807806,-97.7304603
67437,39.5067498,-98.5573447
67438,38.5019854,-97.2721118
67439,38.7597617,-98.221114
67441,38.8785913,-97.1028319
67442,38.6460581,-97.7757619
67443,38.3806089,-97.5257685
67444,38.551066,-98.1184199
67445,39.3713843,-97.8241514
67446,39.4613017,-98.325251
67447,39.4745872,-96.968674
67448,38.6643688,-97.4026455
67449,38.6829461,-96.8969472
67450,38.6263107,-98.4573457
67451,38.7009385,-97.132001
67452,39.2412859,-98.3683563
67454,38.6988402,-98.1121051
67455,39.0285281,-98.162663
67456,38.59624,-97.6804394
67457,38.3854704,-97.9877408
67458,39.1677643,-97.3114847
67459,38.6038536,-98.3457916
67460,38.3825515,-97.6994532
67464,38.5586201,-97.8972987
67466,39.3278148,-97.472357
67467,39.1423545,-97.6958199
67468,39.4593619,-97.2574901
67470,38.9227206,-97.5076335
67473,39.3786571,-98.7405713
67474,39.5957794,-98.7019851
67475,38.5896586,-97.0551514
67476,38.5442777,-97.4362174
67478,39.3856956,-97.9499209
67480,38.9658066,-97.4005017
67481,39.0129093,-98.3885942
67482,39.0268897,-97.259713
67483,38.5581651,-97.1983694
67484,38.9957458,-97.8504988
67485,39.3157295,-98.4971755
67487,39.1728924,-97.0643157
67490,38.8033464,-98.4448849
67491,38.3833537,-97.9018772
67492,38.8197214,-96.9595082
67501,37.9782381,-97.9265224
67502,38.1267143,-97.9298051
67505,38.0313547,-97.9457996
67510,37.9921226,-98.2065083
67511,38.4336376,-99.0505825
67512,38.2390611,-98.3351003
67513,38.4451122,-99.5383017
67514,37.8619534,-98.2023815
67515,38.5993132,-100.065329
67516,38.3929598,-99.6867788
67518,38.4039911,-100.1733699
67519,37.9356737,-99.1029223
67520,38.589677,-99.1877118
67521,38.6281674,-99.7129022
67522,38.122196,-97.7476116
67523,38.1931028,-99.5656058
67524,38.3842337,-98.3782105
67525,38.5725331,-98.5630331
67526,38.2973765,-98.5444674
67529,38.0762366,-99.2544083
67530,38.3529147,-98.7981174
67543,37.8901942,-97.8022997
67544,38.5698274,-98.7505633
67545,38.1805984,-98.6476211
67546,38.2245073,-97.8172851
67547,37.9381088,-99.4723176
67548,38.5914908,-99.3339969
67550,38.1797061,-99.1268629
67552,37.8605452,-99.236466
67553,38.6544791,-99.3200268
67554,38.3710592,-98.1848841
67556,38.6046194,-99.5200354
67557,37.9199585,-98.9582934
67559,38.3723515,-99.4589269
67560,38.3993353,-99.9392094
67561,38.1090166,-98.0968534
67563,37.848214,-99.5553595
67564,38.5290129,-98.9356486
67565,38.6005905,-99.0440624
67566,37.9486584,-98.0953165
67567,38.2647843,-98.9719923
67568,38.0209011,-98.3167362
67570,37.7874073,-97.9641755
67572,38.6894722,-99.9170145
67573,38.2645224,-98.4121957
67574,38.2261637,-99.3967588
67575,38.4019561,-99.256489
67576,38.0359775,-98.7952173
67578,37.9690815,-98.5865983
67579,38.1885788,-98.2356005
67581,37.9917126,-98.4083847
67583,37.7993184,-98.4749467
67584,38.6819721,-100.163736
67601,38.8735528,-99.3408596
67621,39.8278075,-99.1285051
67622,39.9043206,-99.7269873
67623,39.4444712,-98.9542642
67625,39.3890043,-99.6855945
67626,38.8815229,-98.7169649
67627,38.9222292,-99.2134512
67628,39.6273849,-99.0016222
67629,39.6999514,-100.1993525
67631,39.0091361,-100.0813918
67632,39.3296573,-99.581063
67634,38.8232918,-98.6043915
67635,39.6003314,-100.4511795
67637,38.9400771,-99.5899455
67638,39.6326888,-98.8471074
67639,39.6245204,-99.3184956
67640,38.8967516,-99.046483
67642,39.3700091,-99.830399
67643,39.6429557,-100.2886089
67644,39.640667,-99.1466893
67645,39.6020101,-99.8941633
67646,39.6175939,-99.5941745
67647,39.9367875,-99.5260672
67648,39.0872447,-98.5803704
67649,39.1409773,-98.688549
67650,39.3726697,-100.1026729
67651,39.2057831,-99.0399101
67653,39.9067003,-100.2080539
67654,39.8353481,-99.9542281
67656,38.9809983,-99.7545961
67657,39.2126214,-99.6095572
67658,39.1152389,-98.9343753
67659,39.3228008,-100.005362
67660,38.7175421,-99.1480975
67661,39.8204617,-99.3376099
67663,39.2121554,-99.3346319
67664,39.8180766,-99.5831113
67665,38.849085,-98.8825303
67667,38.7128952,-99.3322555
67669,39.4582295,-99.3441503
67671,38.8748625,-99.1414138
67672,38.9938518,-99.9051918
67673,39.1697796,-98.8140547
67674,38.8889443,-99.096484
67675,39.4095081,-99.0893115
67701,39.3942168,-101.0500675
67730,39.8089745,-101.1112469
67731,39.7659322,-101.5373178
67732,39.3743999,-101.3515674
67733,39.329761,-101.5064683
67734,39.5429481,-100.8888399
67735,39.3462772,-101.7738721
67736,38.8462559,-100.4487835
67737,39.0886815,-100.4931789
67738,38.999341,-100.6505124
67739,39.878452,-100.8128079
67740,39.3562813,-100.3643173
67741,39.3868802,-102.0048004
67743,39.3880821,-101.2412567
67744,39.8608254,-100.9411079
67745,39.807589,-101.3453908
67747,39.0420564,-101.0610236
67748,39.0702727,-100.8598432
67749,39.8348566,-100.5625162
67751,39.117291,-100.3562703
67752,38.9948103,-100.232863
67753,39.4326064,-100.7478986
67756,39.797204,-101.8367349
67757,39.5529082,-100.6172494
67758,38.8976558,-101.7786422
67761,38.9510416,-101.5264584
67762,38.841393,-102.0008841
67764,38.870091,-101.1575707
67801,37.7301309,-100.0600829
67831,37.1856214,-99.7959799
67834,37.5346192,-99.6200723
67835,37.9866457,-100.3091668
67836,38.0396099,-101.9945621
67837,37.5548235,-100.6751371
67838,38.058041,-101.1337666
67839,38.4705008,-100.4416243
67840,37.0523373,-99.9522721
67841,37.6284813,-100.2259329
67842,37.5478833,-99.7653174
67843,37.7302532,-99.9372399
67844,37.3768547,-100.1973392
67846,38.0260034,-100.7789491
67849,38.1600974,-99.72895
67850,38.6314106,-100.6389691
67851,38.0891533,-101.0156682
67853,37.8855783,-100.5281711
67854,38.1009659,-100.0013176
67855,37.5409634,-101.6987749
67857,37.9938941,-101.5478012
67859,37.2351421,-100.7701345
67860,38.0223127,-101.2995939
67861,38.4739988,-101.3904287
67862,37.488118,-101.9525278
67863,38.5652306,-101.2081626
67864,37.1765174,-100.3172704
67865,37.4355107,-99.96837
67867,37.5661204,-100.4556779
67868,37.8202665,-100.7102626
67869,37.2496458,-100.56255
67870,37.5294147,-101.0215612
67871,38.4924116,-100.916937
67876,37.8628437,-99.7434645
67877,37.5549254,-100.8439262
67878,38.0047995,-101.8102077
67879,38.4707753,-101.7945855
67880,37.5984342,-101.3223078
67882,37.8041813,-99.8798846
67901,37.0978661,-100.8952225
67950,37.0627738,-101.8676841
67951,37.1637954,-101.3347209
67952,37.2930847,-101.1222382
67953,37.2216645,-101.8548497
67954,37.1780048,-101.6190729
68001,41.3337103,-96.9549025
68002,41.4990218,-96.3377157
68003,41.069795,-96.3814802
68004,42.0097361,-96.6230481
68005,41.1411423,-95.8940043
68007,41.3734396,-96.1843776
68008,41.5406321,-96.1698771
68010,41.2570795,-96.1333374
68014,41.2826965,-96.963094
68015,41.3866137,-96.6497176
68016,41.021834,-96.1017195
68017,41.0578836,-96.6620561
68018,41.3020966,-96.6151953
68019,41.7810186,-96.3753522
68020,41.9711786,-96.2641747
68022,41.2774126,-96.2489766
68023,41.4648303,-96.0153566
68025,41.4378991,-96.491294
68028,41.1068879,-96.2617711
68029,41.6570031,-96.2735369
68030,42.3196043,-96.461936
68031,41.641677,-96.5322313
68033,41.1294053,-96.5248484
68034,41.4510129,-96.2264753
68036,41.3873749,-96.9523449
68037,40.9835064,-96.130047
68038,41.948591,-96.4346383
68039,42.113604,-96.3404967
68040,41.2872873,-96.7400219
68041,41.2414228,-96.4933893
68042,41.0937277,-96.4364192
68044,41.5475906,-96.4483112
68045,41.8255536,-96.492473
68046,41.1214538,-96.053486
68047,42.1111838,-96.7330374
68048,40.9840802,-95.9420126
68050,41.300053,-96.8423207
68055,42.0541604,-96.4721903
68056,41.1412421,-95.9044134
68057,41.6618705,-96.7235264
68058,41.0039541,-96.2440187
68059,41.0644504,-96.1587554
68061,41.8065905,-96.2191824
68062,42.1988453,-96.6775096
68063,41.7234428,-96.4969093
68064,41.3452853,-96.3537724
68065,41.0779144,-96.8462999
68066,41.1846203,-96.6188606
68067,42.1568831,-96.4881634
68068,41.3976066,-96.2075091
68069,41.241065,-96.3159392
68070,41.1966811,-96.800948
68071,42.2378628,-96.4754359
68072,41.6101261,-96.5046957
68073,41.2391782,-96.4164882
68102,41.2615413,-95.9325297
68104,41.2954314,-96.0022893
68105,41.240735,-95.9649191
68106,41.2387848,-96.0022736
68107,41.2090646,-95.951808
68108,41.2375557,-95.9313922
68110,41.3024438,-95.8926787
68111,41.2954577,-95.9649156
68112,41.3841771,-95.9664271
68113,41.1178832,-95.9065399
68114,41.2631394,-96.0520404
68116,41.2984933,-96.1659878
68117,41.2065707,-96.003104
68118,41.2630234,-96.1781053
68122,41.363392,-96.0518764
68123,41.1022447,-95.9476341
68124,41.2354427,-96.0521748
68127,41.2062746,-96.0539004
68128,41.1784523,-96.0708701
68130,41.2334433,-96.1979817
68131,41.2643201,-95.9647437
68132,41.2650164,-96.0029577
68133,41.1121699,-95.9999936
68134,41.2963039,-96.0506866
68135,41.2058677,-96.1933193
68136,41.1663196,-96.1883308
68137,41.2054132,-96.1188312
68138,41.1577399,-96.1334607
68142,41.369212,-96.1018717
68144,41.2349834,-96.1184503
68147,41.1765301,-95.956793
68152,41.3674183,-95.9966254
68154,41.265517,-96.1149763
68157,41.1787392,-95.9937744
68164,41.2970217,-96.1058684
68178,41.2653611,-95.9453942
68182,41.257745,-96.0106739
68183,41.2570934,-95.9397863
68301,40.4705144,-96.5249846
68303,40.2623066,-97.4153616
68304,40.8925947,-96.3799207
68305,40.370253,-95.8649478
68307,40.7922416,-96.148577
68309,40.0490513,-96.5728659
68310,40.2498206,-96.7494898
68313,40.7837008,-97.2713373
68314,41.0161482,-97.0222139
68315,40.2433343,-97.5365147
68316,41.0135377,-97.6119403
68317,40.6732446,-96.5045082
68318,40.1649212,-96.6485759
68319,40.9377546,-97.7597098
68320,40.4795635,-95.9466335
68321,40.4000557,-95.6966699
68322,40.3298369,-97.5476804
68323,40.1283912,-96.3727731
68324,40.5540759,-96.290145
68325,40.0106672,-97.7552968
68326,40.2837687,-97.6841061
68327,40.0128858,-97.6217638
68328,40.474314,-96.840814
68329,40.4979205,-96.1692391
68330,40.7074092,-97.3411956
68331,40.4728891,-96.7148125
68332,40.3279285,-96.4103191
68333,40.6206873,-96.9501883
68335,40.2966963,-97.810381
68336,40.9658551,-96.6909171
68337,40.0984083,-95.8318943
68338,40.3137291,-97.2460057
68339,40.732053,-96.8701029
68340,40.1264129,-97.738517
68341,40.3872903,-96.920794
68342,40.1039816,-96.9474863
68343,40.6182344,-97.1321028
68344,40.5667417,-96.399847
68345,40.0364554,-96.0191761
68346,40.6608233,-96.0491111
68347,40.8055265,-96.4166788
68348,40.2986467,-96.1161125
68349,40.8315576,-96.2968944
68350,40.0304907,-97.0946638
68351,40.6507784,-97.4348894
68352,40.1520847,-97.2260176
68354,40.6389406,-97.5798914
68355,40.1235244,-95.5679517
68357,40.312925,-96.5477556
68358,40.5323182,-96.6094262
68359,40.6312916,-97.2848295
68360,40.9506265,-96.95635
68361,40.5013535,-97.6034976
68362,40.1541967,-97.4208114
68364,40.836151,-97.2299181
68365,40.619345,-97.7350146
68366,40.9815797,-96.4344008
68367,41.0395206,-97.3968398
68368,40.5543302,-96.8131216
68370,40.1442804,-97.5562305
68371,40.7636337,-97.7833029
68372,40.6025265,-96.6004497
68375,40.0370181,-97.4925679
68376,40.1702265,-95.9383834
68377,40.2170086,-97.0193268
68378,40.3983081,-96.020852
68379,40.5291146,-95.8698019
68380,40.2426064,-96.4055992
68381,40.0767663,-96.4807874
68382,40.5972198,-96.0241774
68401,40.750809,-97.5826975
68402,40.9082793,-96.8571096
68403,40.9205655,-96.1667716
68404,40.6219017,-96.7552995
68405,40.7620501,-97.0734982
68406,40.5034858,-97.3817534
68407,40.9229065,-96.2637287
68409,40.9077163,-95.9541796
68410,40.6358241,-95.8837737
68413,40.8461187,-96.0263227
68414,40.3176005,-95.6978861
68415,40.0619225,-96.8212831
68416,40.4103912,-97.4597091
68417,40.7330164,-96.0944973
68418,40.6935798,-96.3790125
68419,40.6029594,-96.5112787
68420,40.0790097,-96.1891434
68421,40.4939808,-95.7435494
68422,40.3887353,-96.6947091
68423,40.8074772,-96.9574496
68424,40.2991952,-97.0162605
68428,40.9660926,-96.8052157
68429,40.0623687,-97.3734017
68430,40.675673,-96.6661039
68431,40.067562,-95.4381827
68433,40.0530544,-95.7382084
68434,40.9095546,-97.1170665
68436,40.4335613,-97.7442462
68437,40.2528962,-95.6384786
68438,40.6265582,-96.7446649
68439,40.9959463,-97.2066674
68440,40.0538998,-97.0126231
68441,40.2246927,-96.2498121
68442,40.2390027,-95.7729126
68443,40.4547748,-96.3612031
68444,40.4111704,-97.5847118
68445,40.4014736,-97.0866117
68446,40.6472194,-96.1666537
68447,40.195354,-96.0730411
68448,40.5452285,-96.0383024
68450,40.3552338,-96.2262006
68452,40.401587,-97.8525414
68453,40.4022465,-97.3398343
68454,40.6868953,-96.28738
68455,40.819689,-95.8974135
68456,40.9090616,-97.3017089
68457,40.1575654,-95.7120626
68458,40.2258099,-96.4924039
68460,40.8978673,-97.4351098
68461,40.7623337,-96.5114323
68462,40.9521295,-96.5196589
68463,40.8759015,-96.1287853
68464,40.4133645,-97.1895898
68465,40.493152,-97.0207072
68466,40.0668548,-96.642833
68467,40.8654566,-97.5981336
68502,40.7840098,-96.7004037
68503,40.8244746,-96.6738895
68504,40.8544782,-96.6601837
68505,40.8243984,-96.6156637
68506,40.7838322,-96.6395809
68507,40.8594871,-96.6117202
68508,40.8180653,-96.7055044
68510,40.8070972,-96.648326
68512,40.7374597,-96.7056586
68514,40.934063,-96.6507429
68516,40.7352764,-96.6427904
68517,40.9322075,-96.6032534
68520,40.8058949,-96.5725611
68521,40.8618182,-96.7147834
68522,40.7912802,-96.7600906
68523,40.7314996,-96.7553012
68524,40.9069918,-96.7873676
68526,40.7299791,-96.5820507
68527,40.8453816,-96.5113313
68528,40.8249995,-96.8249975
68531,40.9080261,-96.7104681
68532,40.7954213,-96.8433442
68588,40.824921,-96.6964293
68601,41.4522053,-97.3947926
68620,41.7166586,-98.0511611
68621,41.4921619,-96.6394881
68622,41.9225747,-98.5208533
68623,41.4362427,-98.1021192
68624,41.3456129,-97.2293584
68626,41.1694771,-96.9919539
68627,41.5476055,-98.1656859
68628,41.2162146,-97.8436338
68629,41.7072716,-97.1310945
68631,41.6899805,-97.3556343
68632,41.2431339,-97.1338743
68633,41.7062021,-96.8964042
68634,41.3907543,-97.5066161
68635,41.0845764,-97.0228863
68636,42.0092242,-98.1526064
68637,41.8154548,-98.644164
68638,41.377775,-98.0071714
68640,41.45877,-97.7663412
68641,41.7356701,-97.015265
68642,41.6892152,-97.5139323
68643,41.7059757,-97.2633344
68644,41.704257,-97.670015
68647,41.5187737,-97.6283402
68648,41.4013808,-96.7802259
68649,41.5050492,-96.7853642
68651,41.2282244,-97.5701292
68652,41.8611184,-98.0901013
68653,41.5628339,-97.4957476
68654,41.0670343,-97.7791378
68655,41.6481194,-98.2612093
68658,41.1995326,-97.2926706
68659,41.5459431,-96.935406
68660,41.574116,-97.8677325
68661,41.4925053,-97.0886235
68662,41.2107043,-97.417564
68663,41.3112139,-97.701007
68664,41.7045728,-96.7868351
68665,41.7138705,-98.4189734
68666,41.1105189,-97.6111606
68667,41.1154554,-97.3069366
68669,41.0792314,-97.236898
68701,42.0198255,-97.4425562
68710,42.448281,-96.8493994
68711,42.1949672,-99.0390088
68713,42.540294,-98.973236
68714,42.368746,-99.5033
68715,41.9712707,-97.6059256
68716,41.9270472,-96.822677
68717,42.3833497,-97.2224482
68718,42.6699325,-97.6920853
68719,42.9693885,-98.5595649
68720,42.3449299,-98.0146562
68722,42.9299355,-98.8690159
68723,42.2855849,-97.2185547
68724,42.6276194,-97.8849317
68725,42.1974137,-98.7779015
68726,42.1846617,-98.2101118
68727,42.5152958,-97.202478
68728,42.3874269,-96.9300006
68729,42.4774148,-97.9073158
68730,42.7672628,-97.5346318
68731,42.4078207,-96.4920717
68732,42.4885755,-96.9716598
68733,42.2829204,-96.7221842
68734,42.4290509,-98.7983381
68735,42.1468171,-98.4466116
68736,42.7448369,-97.3713845
68739,42.6275911,-97.2617609
68740,42.1466368,-97.3016183
68741,42.3649102,-96.5945324
68742,42.3502115,-98.4998949
68743,42.4724481,-96.6247628
68745,42.4561965,-97.083883
68746,42.8096359,-98.4374415
68747,42.3910779,-97.4961205
68748,41.8369962,-97.4746235
68749,42.4603259,-97.4753228
68751,42.6904304,-96.9814264
68752,42.0202311,-97.7116676
68753,42.8540669,-99.4850115
68755,42.9265124,-99.1300158
68756,42.1835678,-97.9802856
68757,42.6532804,-96.9279269
68758,41.7784065,-97.7830264
68759,42.7517587,-99.3464545
68760,42.7088416,-97.8749795
68761,42.0215887,-97.9563747
68763,42.5159013,-98.5889821
68764,42.4048816,-98.2316699
68765,42.3423434,-97.6137248
68766,42.4283904,-98.4092503
68767,42.1970179,-97.5365856
68768,41.9999886,-97.0701945
68769,42.3094814,-97.8246524
68770,42.561623,-96.764827
68771,42.395745,-97.3600978
68773,42.3622112,-98.1192324
68774,42.8122218,-97.2748922
68776,42.4588462,-96.444398
68777,42.8607339,-98.6878676
68778,42.8795347,-99.8072403
68779,41.9525915,-97.2092912
68780,42.6329615,-99.1281895
68781,42.0275624,-97.839951
68783,42.636497,-98.1393936
68784,42.2571674,-96.8913672
68785,42.4279655,-96.7223934
68786,42.5015601,-97.5574425
68787,42.2138257,-97.0309488
68788,41.8354834,-96.7255043
68789,42.5354274,-97.9837984
68790,42.1683892,-97.1860377
68791,41.9975795,-96.9398197
68792,42.7276291,-97.1001442
68801,40.9498834,-98.2973212
68803,40.9561579,-98.4145693
68810,40.8632586,-98.467445
68812,40.9090857,-99.2804456
68813,41.6992662,-99.857073
68814,41.3085268,-99.4102495
68815,41.4289031,-99.1559965
68816,41.1748531,-98.1337155
68817,41.2674804,-98.793822
68818,40.8220122,-98.0062213
68820,41.1128993,-98.7014157
68821,42.0074912,-99.7627041
68822,41.3884252,-99.6313156
68823,41.9565838,-99.1559948
68824,41.0070355,-98.6180433
68825,41.2640616,-99.9680617
68826,41.1635883,-98.0163988
68827,41.0426591,-98.1814539
68828,41.5581937,-99.2487388
68831,41.1066853,-98.544036
68832,40.770258,-98.3668236
68833,41.7859107,-100.0765686
68834,41.0149153,-99.6577834
68835,41.3318993,-98.6172396
68836,40.7052147,-99.3772698
68837,41.6699017,-99.0730709
68838,41.2121622,-98.6623608
68840,40.7596664,-98.8775417
68841,40.762117,-98.1582754
68842,41.5806755,-98.5345003
68843,40.9058416,-97.8786151
68844,41.0537592,-99.0633941
68845,40.7180877,-99.1708572
68846,41.0626989,-97.8838314
68847,40.738532,-99.0205137
68849,40.7014557,-99.100884
68850,40.8264048,-99.7397777
68852,41.1683347,-99.1443207
68853,41.2877166,-98.9807469
68854,41.009922,-98.0024279
68855,41.1693373,-99.3254527
68856,41.5030442,-99.8175914
68858,40.9658447,-99.3775401
68859,41.4587406,-98.82218
68860,41.1339832,-99.7958157
68861,40.6989461,-99.2638861
68862,41.6040659,-98.9383596
68863,40.7663013,-99.5321371
68864,41.2552174,-98.2382287
68865,40.8964693,-98.1787322
68866,40.9689388,-99.1291823
68869,40.9961347,-98.8841968
68870,40.8452997,-99.158364
68871,41.1409166,-98.8527535
68872,41.0928741,-98.3321671
68873,41.2400689,-98.4538794
68874,41.6345462,-99.4444105
68875,41.5231132,-98.6854073
68876,40.8251797,-98.749999
68878,40.9813327,-99.5068341
68879,41.8982036,-99.5145248
68881,41.4346693,-99.3595953
68882,41.4356956,-98.3910659
68883,40.8207158,-98.5778112
68901,40.5909455,-98.3661043
68920,40.1545428,-99.3399136
68922,40.3364323,-99.8997784
68923,40.3683282,-99.4732025
68924,40.4955036,-99.1246719
68925,40.428761,-98.4301091
68926,40.1059826,-99.8402905
68927,40.499892,-99.6339203
68928,40.2843447,-98.6068399
68929,40.1540091,-99.0943135
68930,40.2847685,-98.4155659
68932,40.303716,-98.7398028
68933,40.5183283,-98.0406189
68934,40.3398867,-98.1541724
68935,40.3783584,-97.9620024
68936,40.3149661,-99.7753671
68937,40.56928,-99.8589234
68938,40.4155957,-98.1171411
68939,40.1097396,-98.9617424
68940,40.5383847,-99.2517598
68941,40.4688245,-98.2678952
68942,40.0965856,-98.3207881
68943,40.031109,-97.8873057
68944,40.6378288,-98.0941121
68945,40.560983,-98.7732678
68946,40.1067591,-99.9904429
68947,40.3013831,-99.0518933
68948,40.3423145,-100.0277274
68949,40.4312293,-99.3968888
68950,40.4558494,-98.6641297
68952,40.0817132,-98.6791118
68954,40.6147179,-98.233726
68955,40.5919909,-98.5402948
68956,40.6316163,-98.6881405
68957,40.273952,-98.2463642
68958,40.5302867,-99.5073927
68959,40.4855403,-98.923098
68960,40.0838035,-99.1389827
68961,40.2089968,-98.0438018
68964,40.2351951,-97.9027865
68966,40.1599053,-99.4672719
68967,40.2539168,-99.6316197
68970,40.1079802,-98.5297791
68971,40.1243549,-99.2501924
68972,40.1016036,-98.8034007
68973,40.4445466,-98.5629117
68974,40.1258622,-97.8676535
68975,40.6188103,-97.9486188
68976,40.6023173,-99.7091347
68977,40.0669533,-99.6305221
68978,40.0666604,-98.0975005
68979,40.5982803,-97.8535492
68980,40.6766142,-98.2507011
68981,40.2860067,-98.8923937
68982,40.330764,-99.1951697
69001,40.2506692,-100.6611961
69020,40.1539566,-100.2623202
69021,40.14161,-101.5403429
69022,40.3418441,-100.1871435
69023,40.4818257,-101.8987296
69024,40.2409608,-100.863894
69025,40.6208684,-100.5094799
69026,40.0253878,-100.4106453
69027,40.5025033,-101.5242647
69028,40.6359265,-100.0542712
69029,40.6777882,-100.2428291
69030,40.1834297,-101.9163535
69032,40.5793518,-101.0632085
69033,40.5521455,-101.694374
69034,40.2507691,-100.4336921
69036,40.0279075,-100.2980185
69037,40.1849845,-101.4057411
69038,40.6108105,-100.7394069
69039,40.7060728,-100.3877005
69040,40.3548251,-101.1198713
69041,40.1770362,-101.7203755
69042,40.4754556,-100.3790043
69043,40.1287108,-101.2552012
69044,40.130145,-101.0164891
69045,40.4653916,-101.3691777
69046,40.0682095,-100.1040994
69101,41.1501893,-100.8053077
69120,41.4321953,-100.2424812
69121,41.543566,-101.773562
69122,41.0997882,-102.0867626
69123,41.0444658,-100.3708655
69125,41.592275,-102.8554473
69127,41.1058364,-101.9187906
69128,41.2301194,-103.9079628
69129,41.1349768,-102.3804269
69130,40.8970812,-99.9617229
69131,41.4165507,-102.9973953
69132,40.8149117,-101.0066113
69133,41.2195634,-103.4718924
69134,40.8066171,-101.3692794
69135,42.144777,-100.2661128
69138,40.995816,-100.1765507
69140,40.8402836,-101.7731493
69141,41.3041483,-102.9360168
69142,41.9139384,-100.304871
69143,41.1927102,-101.0193739
69144,41.3424678,-101.6213502
69145,41.251548,-103.683486
69146,41.3483598,-101.8691413
69147,41.574086,-102.095212
69148,41.688782,-102.6108044
69149,41.2217448,-102.6771478
69150,40.8219473,-101.5413318
69151,41.0902026,-100.4952523
69152,42.0653943,-101.149699
69153,41.075658,-101.6702753
69154,41.4609169,-102.3532112
69155,41.1883606,-101.389426
69156,41.2765653,-103.3458167
69157,41.966773,-100.1584427
69161,42.1565064,-100.7813048
69162,41.129189,-103.0164942
69163,41.5696392,-100.5416415
69165,41.1527497,-101.1708812
69166,42.0310447,-100.6187958
69167,41.5962316,-101.0060309
69168,40.7481647,-101.9812514
69169,40.8210434,-101.1798863
69170,40.7958103,-100.7442719
69171,40.8906587,-100.0681605
69201,42.6923629,-100.6145831
69210,42.3904529,-99.8569535
69211,42.8363329,-101.3163482
69212,42.9798126,-100.8032445
69214,42.4482524,-100.1004934
69216,42.9517077,-101.0080583
69217,42.2659402,-99.7161515
69218,42.7747952,-101.6127782
69219,42.7137077,-101.0251023
69220,42.9185313,-100.1685942
69221,42.6415448,-100.3104343
69301,42.1269242,-102.8895065
69331,41.8975488,-102.9910669
69333,42.0509473,-101.966635
69334,41.8218002,-103.290155
69335,42.0206549,-102.1426216
69336,41.6285486,-103.166962
69337,42.8764472,-102.9830005
69339,42.5834267,-103.4427588
69340,42.1498429,-102.1967952
69341,41.7390793,-103.6790131
69343,42.6655295,-101.9108953
69345,41.5941901,-103.7104929
69346,42.6252271,-103.7929794
69347,42.5948523,-102.6838175
69348,42.3314376,-103.2078576
69350,41.9612471,-101.7649415
69351,42.1151271,-102.4131291
69352,41.8039856,-103.9735483
69353,41.7470504,-103.4189178
69354,42.3814119,-103.3818304
69355,41.7819565,-103.5169368
69356,41.8909221,-103.4511353
69357,42.1108183,-103.7679839
69358,42.0768233,-103.9797682
69360,42.7385506,-102.4865579
69361,42.102096,-103.5660822
69365,42.947494,-102.4609772
69366,42.0679337,-101.5811955
69367,42.8143524,-103.3169322
70001,29.9827048,-90.169068
70002,30.0101894,-90.1626168
70003,30.0011635,-90.2097235
70005,29.9994157,-90.1340645
70006,30.0140317,-90.191345
70030,29.8191975,-90.4397097
70031,29.9434922,-90.2955648
70032,29.9503796,-89.9960009
70036,29.6845622,-90.1318227
70037,29.7158937,-90.0353586
70038,29.3310644,-89.400699
70039,29.8772093,-90.3772486
70040,29.7402112,-89.9225957
70041,29.3338681,-89.467526
70043,29.9561758,-89.9644166
70047,29.9720924,-90.3541556
70049,30.0300389,-90.5622012
70050,29.3833596,-89.595672
70051,30.0735416,-90.6427678
70052,30.0701574,-90.6873483
70053,29.9170687,-90.0522045
70056,29.8874406,-90.0273043
70057,29.9621976,-90.4641995
70058,29.8688744,-90.0648723
70062,29.9916691,-90.2579841
70065,30.026672,-90.25345
70067,29.7108786,-90.0967841
70068,30.1563471,-90.4367834
70070,29.829842,-90.3106273
70071,30.0519204,-90.7033411
70072,29.809263,-90.1383083
70075,29.9274593,-89.9192099
70076,30.0544674,-90.6497301
70079,30.0021525,-90.412317
70080,29.8710921,-90.4218117
70082,29.5715129,-89.752824
70083,29.5119143,-89.8437361
70084,30.0727244,-90.5731972
70085,29.818077,-89.7594693
70086,30.0361925,-90.8654059
70087,29.9940175,-90.3208325
70090,29.9692527,-90.7011357
70091,29.1674904,-89.2162829
70092,29.899112,-89.8959359
70094,29.9157778,-90.2076053
70112,29.9560904,-90.0773498
70113,29.9422915,-90.0837324
70114,29.9374451,-90.0323221
70115,29.9239298,-90.1024839
70116,29.9674401,-90.0647831
70117,29.9681574,-90.0299615
70118,29.9447085,-90.1256745
70119,29.9757524,-90.0878449
70121,29.9617359,-90.1591834
70122,30.0085051,-90.0647184
70123,29.9499885,-90.2055585
70124,30.0073794,-90.1039186
70125,29.9519281,-90.1033496
70126,30.0194854,-90.0175649
70127,30.0284039,-89.9741997
70128,30.0447171,-89.9513753
70129,30.080851,-89.813366
70130,29.9364062,-90.0699319
70131,29.9063326,-89.9583403
70139,29.9502303,-90.0709954
70148,30.0273199,-90.0675969
70163,29.9499814,-90.0754619
70301,29.8083279,-90.7502675
70310,29.7905427,-90.8029819
70339,29.9046265,-91.1847235
70340,29.6697425,-91.1042877
70341,30.0264902,-91.083333
70342,29.6931471,-91.2383402
70343,29.5483975,-90.5572386
70344,29.4011844,-90.633055
70345,29.5018439,-90.23789
70346,30.1060897,-91.0179884
70352,29.6844238,-90.9401942
70353,29.358143,-90.7001183
70354,29.43028,-90.3425849
70355,29.6871868,-90.4354696
70356,29.6315657,-90.9708792
70357,29.2577988,-90.1920191
70358,29.2147319,-90.0275462
70359,29.6898469,-90.777822
70360,29.5786708,-90.8054017
70363,29.5067218,-90.7007769
70364,29.6359939,-90.6796778
70372,29.7824617,-90.9889044
70373,29.5975938,-90.3114725
70374,29.6045071,-90.5019875
70375,29.6956643,-90.5315679
70377,29.4592716,-90.5321115
70380,29.7520744,-91.1035971
70390,29.8902884,-91.0318697
70391,29.9951461,-91.0603255
70392,29.6994237,-91.3184698
70393,29.9959239,-90.9989704
70394,29.692681,-90.6161201
70395,29.6974363,-90.8617296
70397,29.3884726,-90.8309945
70401,30.5335533,-90.4554425
70402,30.5165012,-90.4692604
70403,30.4855547,-90.4876881
70420,30.4987533,-89.9444158
70422,30.7357372,-90.4915133
70426,30.9264979,-89.8586145
70427,30.7441981,-89.9120793
70431,30.6167524,-89.9673628
70433,30.4627173,-90.1405043
70435,30.5569916,-90.1066389
70436,30.8345536,-90.5331063
70437,30.6194293,-90.2094544
70438,30.843721,-90.1010291
70441,30.8599668,-90.7490663
70442,30.7030493,-90.3331977
70443,30.6305537,-90.5428818
70444,30.8970046,-90.4893751
70445,30.3715521,-89.8922667
70446,30.6347113,-90.3584735
70447,30.4215565,-90.2071539
70448,30.3621797,-90.0394514
70449,30.2739614,-90.6701455
70450,30.9425213,-90.261736
70451,30.5496133,-90.4810669
70452,30.4168936,-89.7548298
70453,30.6855451,-90.7822213
70454,30.3628461,-90.3585938
70455,30.5298555,-90.3239811
70456,30.7870589,-90.5046199
70457,30.5274645,-90.1133547
70458,30.2620066,-89.7941675
70460,30.2998749,-89.8359971
70461,30.2340378,-89.7096336
70462,30.3762787,-90.580741
70463,30.6580704,-89.9038169
70464,30.5413218,-89.8905164
70465,30.8757807,-90.51384
70466,30.5687142,-90.5007611
70471,30.4042866,-90.0613068
70501,30.2390066,-91.9912842
70503,30.1710052,-92.0547823
70506,30.1958343,-92.0807811
70507,30.278324,-92.0280375
70508,30.1552385,-92.0282253
70510,29.8946123,-92.193173
70512,30.4157287,-91.9204968
70513,29.8999767,-91.9032695
70514,29.8454237,-91.5577618
70515,30.4524669,-92.5777432
70516,30.3709022,-92.3035771
70517,30.2908241,-91.7863785
70518,30.1346912,-91.9273413
70519,30.0817492,-91.9069668
70520,30.3296151,-92.0333487
70522,29.7484389,-91.4356824
70523,29.8721282,-91.5304982
70524,30.5573343,-92.3185717
70525,30.4081313,-92.2173278
70526,30.2105292,-92.378876
70528,29.8841568,-91.9595773
70529,30.2022794,-92.1615802
70531,30.2311565,-92.5007465
70532,30.4709,-92.6970749
70533,29.901326,-92.0311456
70534,30.1656343,-92.4549588
70535,30.4711492,-92.4198356
70537,30.2516312,-92.5702012
70538,29.8070904,-91.4875122
70541,30.4206287,-92.0425613
70542,30.0096784,-92.5847737
70543,30.3354044,-92.5011381
70544,29.9050159,-91.6563987
70546,30.2663682,-92.673552
70548,29.7905448,-92.4205282
70549,30.046794,-92.8329579
70550,30.5157136,-92.1896541
70551,30.4619142,-91.9834519
70552,30.0424529,-91.6599668
70554,30.6294783,-92.4909275
70555,30.0868572,-92.1433361
70556,30.1906365,-92.5837974
70558,30.100525,-92.0757592
70559,30.1393472,-92.5081088
70560,29.9371414,-91.8645081
70563,30.0292513,-91.7315909
70570,30.5319406,-92.1069671
70575,29.9489224,-92.1580954
70576,30.7809678,-92.4182535
70577,30.5495065,-91.918752
70578,30.2300734,-92.2636727
70580,30.6754284,-92.4284377
70581,30.2581192,-92.7371292
70582,30.1635053,-91.775338
70583,30.2614194,-92.1240124
70584,30.3880577,-92.1134531
70585,30.8783226,-92.4077161
70586,30.727263,-92.3560451
70589,30.6849076,-92.0441935
70591,30.2577444,-92.8328022
70592,30.0771545,-92.0177238
70601,30.226792,-93.2154427
70605,30.1292761,-93.2735271
70607,30.0384514,-93.1900931
70609,30.1790709,-93.21482
70611,30.348118,-93.2035998
70615,30.2540085,-93.1177134
70629,30.231071,-93.2186396
70630,30.0311696,-93.0592826
70631,29.8533747,-93.5682881
70632,29.8832316,-92.8769108
70633,30.4260053,-93.3912898
70634,30.7996486,-93.2432922
70637,30.7077111,-92.9741442
70638,30.8427112,-92.7719899
70639,30.9833549,-93.4978792
70640,30.3658794,-92.9165639
70643,29.737191,-92.7790668
70644,30.7923453,-92.9455962
70645,29.9280023,-93.4738852
70646,30.1050145,-92.9327752
70647,30.2472432,-93.0153234
70648,30.5050725,-92.8893613
70650,30.2337545,-92.9206793
70651,30.5719964,-92.9608702
70652,30.613738,-93.2474073
70653,30.6676043,-93.5586642
70654,30.6921997,-92.8744203
70655,30.6251025,-92.7170841
70656,30.9141609,-92.9267266
70657,30.5004629,-93.1404619
70658,30.5216949,-93.0362344
70659,30.9219317,-93.2842853
70660,30.5726403,-93.4608159
70661,30.3536444,-93.6536642
70662,30.7981033,-93.0059824
70663,30.2783054,-93.4055897
70665,30.1218806,-93.4512244
70668,30.1750443,-93.6055848
70669,30.2423481,-93.2723178
70706,30.6072385,-90.9073609
70710,30.3582321,-91.2688319
70711,30.5245067,-90.5920061
70712,30.9695747,-91.5967017
70714,30.5871885,-91.1276333
70715,30.8145423,-91.657426
70719,30.3631754,-91.2995546
70721,30.2233913,-91.0795054
70722,30.854787,-90.9459394
70723,30.059602,-90.840237
70725,30.1326142,-90.9759185
70726,30.4334161,-90.9023103
70729,30.5876927,-91.3448569
70730,30.8099253,-91.0946531
70732,30.6359122,-91.5852243
70733,30.2898434,-90.8001991
70734,30.2065557,-90.9969989
70736,30.633975,-91.3384483
70737,30.2260921,-90.92498
70739,30.6010655,-90.965337
70740,30.3175414,-91.4359929
70743,30.0259823,-90.7702382
70744,30.5594096,-90.6671228
70747,30.8742598,-91.6722361
70748,30.8150228,-91.2061647
70749,30.6295534,-91.4506625
70750,30.4639402,-91.7875289
70752,30.595551,-91.4172298
70753,30.6385785,-91.6838346
70754,30.4074104,-90.75046
70755,30.5946688,-91.5298189
70756,30.5319372,-91.6426791
70757,30.3687477,-91.5312361
70759,30.7124549,-91.5863738
70760,30.6997466,-91.4826889
70761,30.9749539,-91.0382789
70762,30.5783399,-91.4646532
70763,30.0487008,-90.7365041
70764,30.2345164,-91.3079824
70767,30.4811282,-91.330712
70769,30.3074302,-90.9406432
70770,30.6513206,-90.9931606
70772,30.4374811,-91.4647964
70773,30.5967828,-91.373333
70774,30.2145544,-90.7619046
70775,30.8582526,-91.3689999
70776,30.2600164,-91.0910257
70777,30.7396799,-91.0771103
70778,30.1621732,-90.8188247
70780,30.2987351,-91.1852924
70782,30.9519193,-91.5118036
70783,30.6694051,-91.4168235
70785,30.5571012,-90.8192356
70786,30.5824371,-90.9543548
70787,30.9616325,-91.4407101
70788,30.1320935,-91.1837956
70789,30.9405812,-91.0829571
70791,30.6496274,-91.1576345
70801,30.449581,-91.1859709
70802,30.4454715,-91.1752698
70803,30.4100076,-91.1740133
70805,30.4889225,-91.1582605
70806,30.448797,-91.124704
70807,30.5556342,-91.2082011
70808,30.4041457,-91.1391369
70809,30.3940493,-91.0705797
70810,30.3454232,-91.0942933
70811,30.5376815,-91.1349065
70812,30.5001752,-91.1104966
70813,30.5278607,-91.1975634
70814,30.4850182,-91.0616685
70815,30.4553628,-91.0664907
70816,30.426892,-91.0278259
70817,30.3751087,-90.9804186
70818,30.5423125,-91.0501015
70819,30.4717398,-91.0077848
70820,30.3654151,-91.2026692
70825,30.4519718,-91.1877565
70836,30.3875738,-91.0835642
71001,32.5918842,-92.9114256
71002,32.1203793,-93.1125405
71003,32.6295464,-93.0308236
71004,32.7414426,-93.8600792
71006,32.7291835,-93.6561318
71007,32.3625271,-94.0067505
71008,32.3471234,-92.968651
71009,32.5780081,-93.8918359
71016,32.2244407,-93.1163138
71018,32.8210362,-93.4326009
71019,32.0384606,-93.3066379
71021,32.9677075,-93.4465416
71023,32.4645143,-93.4045803
71024,32.4889205,-93.2198811
71027,32.2469492,-93.6868587
71028,32.4863378,-93.0760463
71029,32.8361676,-93.8337182
71030,32.1836698,-93.7936392
71031,32.007616,-92.8970354
71032,32.0948654,-93.7953695
71033,32.4398445,-94.0038204
71034,32.184222,-93.3041681
71037,32.4750821,-93.4876199
71038,32.9431925,-93.0729348
71039,32.430294,-93.2896998
71040,32.7837082,-92.9981421
71043,32.8860121,-93.8878362
71044,32.954178,-93.8824559
71045,32.3359043,-93.1628188
71046,32.172426,-93.9350048
71047,32.3021473,-93.9050991
71048,32.8359642,-92.8507084
71049,32.0142739,-93.971246
71051,32.3194542,-93.4779526
71052,32.0154494,-93.6564479
71055,32.676883,-93.2933122
71060,32.6409501,-93.9893098
71061,32.753997,-93.976297
71063,31.9115128,-93.5149929
71064,32.911171,-93.6883364
71065,31.8031984,-93.5026793
71066,31.8747811,-93.1982617
71067,32.6108097,-93.4637645
71068,32.2767288,-93.3034547
71069,32.9712919,-93.9881519
71070,32.0849295,-92.9880302
71071,32.9183548,-93.4499414
71072,32.9380037,-93.3120109
71073,32.5141401,-93.3114862
71075,32.9914039,-93.4798986
71078,32.2782014,-93.797765
71079,32.9569703,-92.808435
71082,32.8421812,-93.9783518
71101,32.5054239,-93.7487478
71103,32.4915461,-93.7716943
71104,32.4837746,-93.7316461
71105,32.4551463,-93.7099194
71106,32.3846542,-93.7362846
71107,32.5893923,-93.8617252
71108,32.4431732,-93.7878256
71109,32.4679105,-93.8138715
71110,32.5003708,-93.6308923
71111,32.5744676,-93.6963055
71112,32.448826,-93.6451113
71115,32.2644715,-93.5629303
71118,32.3936792,-93.8040639
71119,32.4906691,-93.9254619
71129,32.3930394,-93.9267157
71201,32.5390569,-92.1071835
71202,32.3999069,-92.0565504
71203,32.5816512,-92.0183899
71209,32.5313624,-92.0709818
71212,32.5260835,-92.0742991
71218,32.3507966,-91.7873985
71219,32.3257056,-91.69322
71220,32.8645385,-91.9085414
71222,32.8292198,-92.6604747
71223,32.8910203,-91.6785404
71225,32.5069298,-92.3504711
71226,32.2507495,-92.4379823
71227,32.5296049,-92.4742562
71229,32.6319232,-91.8968083
71230,32.2403049,-91.5928242
71232,32.4143894,-91.4966522
71233,32.3251449,-90.9316968
71234,32.6452299,-92.3305313
71235,32.6900151,-92.6738038
71237,32.5883521,-91.481055
71238,32.3630566,-92.3752353
71241,32.779372,-92.3520427
71242,32.792233,-91.4129181
71243,31.9517296,-91.8160933
71245,32.5269355,-92.7155601
71247,32.2712892,-92.7203384
71250,32.9582094,-91.5729974
71251,32.2206307,-92.6768902
71253,32.9960846,-91.3157281
71254,32.8076818,-91.2351487
71256,32.9477416,-92.7094697
71259,32.2592656,-91.848657
71260,32.9079189,-92.2349626
71261,32.778105,-91.694108
71263,32.8718446,-91.4258367
71264,32.601281,-91.7725277
71266,32.711035,-91.4770069
71268,32.3460668,-92.7370205
71269,32.4406345,-91.7937837
71270,32.4898562,-92.6438738
71272,32.5291872,-92.6516308
71275,32.5118992,-92.8168332
71276,32.5817737,-91.1595449
71277,32.9433427,-92.550972
71279,32.4867187,-91.8568788
71280,32.7177009,-92.1012035
71282,32.3468781,-91.231932
71286,32.6473901,-91.2331903
71291,32.5651877,-92.1732113
71292,32.3966809,-92.214761
71295,32.1453091,-91.7089658
71301,31.2741559,-92.467107
71302,31.1970185,-92.3702204
71303,31.2813208,-92.5473436
71316,31.2889675,-91.7552725
71320,31.1144823,-91.7791085
71322,30.8711285,-92.1755419
71323,31.2665604,-92.2103745
71325,31.0167721,-92.3362436
71326,31.7721815,-91.5857395
71327,30.9769019,-92.0348594
71328,31.3576839,-92.188903
71330,31.1100231,-92.2414986
71331,31.2520725,-92.0659841
71333,30.9099857,-92.0718703
71334,31.6685065,-91.5815964
71336,32.0271225,-91.5915947
71339,31.0057421,-91.9363594
71340,31.759812,-91.8080495
71341,31.0561105,-92.1641172
71342,31.5937155,-92.1376009
71343,31.5208091,-91.8991708
71345,30.7283562,-91.975451
71346,31.1182464,-92.3749285
71350,31.0665088,-92.060267
71351,31.1842456,-91.9608293
71353,30.6129971,-91.7672954
71354,31.4044573,-91.7500533
71355,31.0583966,-91.8412153
71356,30.8353349,-92.0283405
71357,32.1189911,-91.2993019
71358,30.7166733,-91.8478612
71359,31.3247011,-92.4263193
71360,31.3242711,-92.3541462
71362,30.8991175,-91.9610571
71366,31.9501929,-91.3523983
71367,30.8755175,-92.288288
71368,31.8797067,-91.6818824
71369,30.9365429,-91.8541608
71371,31.6740534,-92.2496836
71373,31.375868,-91.5851562
71375,31.842335,-91.4682445
71378,31.9423648,-91.708659
71401,31.7947805,-91.9446132
71403,31.2104159,-93.4453737
71404,31.7521146,-92.7460163
71405,31.4095049,-92.4017299
71406,31.7342256,-93.5053192
71407,31.5172428,-92.4864597
71409,31.3107532,-92.6892214
71410,31.9642243,-92.7712194
71411,31.9054553,-93.0905336
71414,31.8256869,-93.0245172
71415,32.0253938,-92.1423551
71416,31.5404344,-92.8969512
71417,31.5082037,-92.6496464
71418,32.1373077,-92.0484688
71419,31.7976193,-93.7289637
71422,32.0765889,-92.6579824
71423,31.6034309,-92.5533416
71424,31.1795001,-92.6966725
71425,31.8850909,-91.8706867
71426,31.4917924,-93.4616653
71427,31.3849677,-92.8910877
71428,31.6092052,-93.0885334
71429,31.4004355,-93.4262229
71430,31.0676829,-92.5275818
71432,31.7495768,-92.4677102
71433,31.0011797,-92.6392147
71434,31.4420124,-92.9428439
71435,32.0259512,-92.1522605
71438,31.1018002,-92.8802505
71439,31.3395235,-93.3679059
71441,31.9515509,-92.1534305
71446,31.1574028,-93.1738852
71447,31.4117185,-92.8105103
71449,31.5218327,-93.5404399
71450,31.7790076,-93.3987334
71452,31.5826419,-92.9450426
71454,31.6914197,-92.8583817
71455,31.4034476,-92.9894998
71456,31.6190374,-92.9614489
71457,31.7392011,-93.0914261
71459,31.0773515,-93.2204201
71461,31.1210101,-93.2977349
71462,31.6691747,-93.7362035
71463,30.8089631,-92.6472734
71465,31.8719874,-92.2038866
71466,31.2159087,-92.748853
71467,31.5633293,-92.3871038
71468,31.475874,-93.1384912
71469,31.6944718,-93.2706308
71472,31.1688512,-92.7871626
71473,32.0689691,-92.4297411
71474,31.2771825,-93.0142783
71475,31.2012957,-93.1246005
71479,31.8577382,-92.3530529
71480,31.8699514,-92.2791364
71483,31.8923838,-92.6578755
71485,31.1738934,-92.5204181
71486,31.6275951,-93.6587624
71497,31.7490185,-93.0979653
71601,34.17938,-91.8924825
71602,34.2746601,-92.1321582
71603,34.1210751,-92.0881268
71630,33.6123497,-91.233515
71631,33.5819157,-92.2641707
71635,33.1324603,-92.0043174
71638,33.5209357,-91.4846678
71639,33.8866412,-91.5366456
71640,33.1212831,-91.247331
71642,33.388539,-91.8761079
71643,34.0168909,-91.5764971
71644,34.0998596,-91.7154186
71646,33.207451,-91.7759938
71647,33.3643601,-92.1140354
71651,33.3269242,-92.2957673
71652,33.8932403,-92.322752
71653,33.3715417,-91.2841105
71654,33.6211046,-91.3710801
71655,33.6280152,-91.7305504
71658,33.3253143,-91.5734207
71659,34.1350668,-91.7807356
71660,33.7606402,-92.1982604
71661,33.1461962,-91.511986
71662,33.81164,-91.5118851
71663,33.2264432,-91.4294825
71665,33.93287,-92.1352507
71666,33.7448923,-91.2611682
71667,33.9355597,-91.8444153
71670,33.7452767,-91.4008954
71671,33.6020058,-92.0960177
71674,33.8262427,-91.1811628
71675,33.6064756,-91.9416399
71676,33.0519642,-91.5551108
71677,33.7618498,-91.4906455
71678,34.0246353,-91.8271855
71701,33.5791885,-92.8174533
71720,33.7753781,-92.6383126
71721,33.8908893,-93.2064473
71722,33.7220456,-93.1753179
71724,33.3349239,-92.534802
71725,34.0399875,-92.5352341
71726,33.6822675,-92.9914103
71728,34.0089122,-93.1052764
71730,33.2011254,-92.6335279
71740,33.0768706,-93.1673539
71742,33.8275372,-92.4533396
71743,33.889333,-93.097793
71744,33.4968029,-92.4801628
71745,33.4997391,-92.3949774
71747,33.0530507,-92.22566
71748,33.9029835,-92.4332463
71749,33.071881,-92.818579
71751,33.4068053,-92.7706248
71752,33.391416,-93.1917678
71753,33.2256783,-93.1846743
71758,33.3092891,-92.9149476
71759,33.31508,-92.6596557
71762,33.3429173,-92.7683568
71763,33.9052272,-92.8037968
71764,33.4318822,-93.0489474
71765,33.1418822,-92.3317948
71766,33.7340068,-92.4962726
71770,33.3909378,-93.3099634
71772,33.8337853,-93.1264518
71801,33.6230065,-93.6116564
71820,33.7856827,-94.2420204
71822,33.6701533,-94.1479306
71823,33.829113,-94.1233193
71825,33.8778655,-93.5564406
71826,33.0925397,-93.7232193
71827,33.3899455,-93.4098574
71831,33.7716953,-93.8514613
71832,34.0414618,-94.3571263
71833,34.134854,-94.0230139
71834,33.1148433,-93.9578446
71835,33.6754637,-93.4511611
71836,33.7130964,-94.3941637
71837,33.2548976,-93.845308
71838,33.6536061,-93.7934477
71839,33.2921264,-93.7432679
71841,34.1619965,-94.3395146
71842,33.8933473,-94.2929228
71845,33.3155888,-93.6439575
71846,33.9240629,-94.1241856
71847,33.9218783,-93.6301675
71851,33.8566592,-93.9425221
71852,33.9855712,-93.8529698
71853,33.5937993,-93.9380349
71854,33.4449056,-93.8947657
71855,33.8631239,-93.7401455
71857,33.8014793,-93.3376539
71858,33.5851244,-93.2637495
71859,33.7222444,-93.9230771
71860,33.3093239,-93.4924067
71861,33.100688,-93.4999226
71862,33.7796528,-93.7280542
71864,33.5081676,-93.2898152
71865,33.7417053,-94.1459561
71866,33.8684416,-94.3802893
71901,34.5267138,-92.9735143
71909,34.6421507,-92.9899268
71913,34.4460009,-93.0966022
71921,34.2508178,-93.4052814
71922,34.023241,-93.4134013
71923,34.0889348,-93.0555826
71929,34.3037369,-93.1595562
71933,34.4137471,-93.3557935
71935,34.3949675,-93.7513248
71937,34.3985394,-94.3816451
71940,34.0134697,-93.5032498
71941,34.2490926,-92.9552837
71942,34.2212337,-92.9942362
71943,34.3323633,-93.586172
71944,34.2401651,-94.3219947
71945,34.5003085,-94.3847237
71949,34.6874393,-93.2134128
71950,34.2561582,-93.7180631
71952,34.2765131,-93.8214354
71953,34.6160463,-94.2105844
71956,34.6104929,-93.1330112
71957,34.5638176,-93.5955367
71958,34.1123595,-93.6556505
71959,34.2499001,-93.9287159
71960,34.4727458,-93.6932733
71961,34.6003154,-93.8383599
71962,34.0488696,-93.3617217
71964,34.4241338,-93.2407307
71965,34.6547477,-93.7373642
71968,34.5241703,-93.2904933
71969,34.6692421,-93.6292099
71970,34.6689345,-93.489154
71971,34.3039185,-94.0343097
71972,34.3890918,-94.2420156
71973,34.2851511,-94.3026673
71998,34.1261802,-93.0527832
71999,34.1272554,-93.0593094
72001,35.0583167,-92.8858632
72002,34.6659685,-92.5401941
72003,34.3801295,-91.4050222
72004,34.3941883,-91.8617704
72005,35.5371888,-91.070427
72006,35.243873,-91.359583
72007,34.9993105,-91.9792375
72010,35.3126054,-91.5240844
72011,34.5006233,-92.4658852
72012,35.0991054,-91.9302543
72013,35.4553443,-92.3684721
72014,35.4302623,-91.1121288
72015,34.4859851,-92.5850769
72016,34.9833995,-92.631977
72017,34.887328,-91.3879034
72019,34.6338015,-92.6990006
72020,35.472466,-91.4692031
72021,34.8564944,-91.2162852
72022,34.6064229,-92.4939118
72023,34.9643386,-92.0636432
72024,34.7522925,-91.7438098
72025,35.0523279,-92.9993754
72026,34.517311,-91.3177984
72027,35.3698093,-92.5790195
72028,35.5434556,-92.4314322
72029,34.7103468,-91.2780247
72030,35.4270884,-92.6759082
72031,35.6037477,-92.520925
72032,35.0655583,-92.3627707
72034,35.0537866,-92.4787103
72035,35.0788871,-92.4582692
72036,35.0111164,-91.2730979
72038,34.4526482,-91.2382028
72039,35.3560863,-92.397345
72040,34.9696696,-91.5327965
72041,34.7338246,-91.4711498
72042,34.2745907,-91.323299
72044,35.6931522,-92.1697686
72045,35.0930884,-92.077385
72046,34.5593205,-91.9414888
72047,35.2280939,-92.210596
72048,34.2252363,-91.1115475
72051,35.7947361,-92.3150267
72052,35.1424955,-91.7791844
72053,34.7005355,-92.2284318
72055,34.0986929,-91.3541903
72057,34.131153,-92.3264965
72058,35.2458649,-92.3742406
72059,35.154708,-91.3421379
72060,35.0771414,-91.5704538
72061,35.3243408,-92.2898844
72063,35.3180658,-92.7901178
72064,34.7966734,-91.6184534
72065,34.5346235,-92.2863768
72066,34.9784582,-91.7166804
72067,35.5621021,-92.1659402
72068,35.1439615,-91.7212125
72069,34.5321404,-91.1378454
72070,35.0148768,-92.700586
72072,34.5166219,-91.7650412
72073,34.3684965,-91.6539684
72074,35.0656442,-91.1056344
72075,35.6408562,-91.3107298
72076,34.912086,-92.137672
72079,34.3892351,-92.1944783
72080,35.4269346,-92.8443941
72081,35.3816161,-91.6701025
72082,35.2386307,-91.6693504
72083,34.6057826,-92.01177
72084,34.137096,-92.6895001
72085,35.3666811,-91.8277307
72086,34.8069985,-91.9076342
72087,34.5967303,-92.8261934
72088,35.6022746,-92.2610087
72099,34.9006478,-92.1543841
72101,35.2283419,-91.1506675
72102,35.1419031,-91.8291667
72103,34.5907771,-92.3812661
72104,34.3463848,-92.8154793
72106,34.9739276,-92.5257866
72107,35.1417428,-92.5360538
72108,34.7280382,-91.1036148
72110,35.1545609,-92.7724481
72111,35.2385506,-92.1313052
72112,35.5809167,-91.2297146
72113,34.8595725,-92.3975995
72114,34.764902,-92.2603482
72116,34.8002575,-92.2453167
72117,34.7806336,-92.140428
72118,34.8404683,-92.326035
72119,34.8369071,-92.2950445
72120,34.902228,-92.2408171
72121,35.455643,-91.7852321
72122,34.7697597,-92.7803103
72123,35.2577645,-91.2366982
72125,35.0662153,-92.7906346
72126,34.9431211,-92.908561
72127,35.1731104,-92.6060466
72128,34.3133963,-92.6353602
72129,34.311744,-92.5541547
72130,35.6613992,-92.0564376
72131,35.4041201,-92.19102
72132,34.4393369,-92.1884836
72133,34.0960224,-91.4833528
72134,34.6177705,-91.3506109
72135,34.8795538,-92.5889961
72136,35.240238,-92.0303196
72137,35.3362711,-92.0421785
72139,35.3621564,-91.5099145
72140,34.3807069,-91.1864852
72141,35.5218861,-92.6953921
72142,34.6737286,-92.0739233
72143,35.2267144,-91.7368441
72150,34.3101885,-92.3974187
72152,34.3561137,-91.9793318
72153,35.6560596,-92.3218525
72156,35.2872779,-92.6829716
72157,35.2736549,-92.5656746
72160,34.4428058,-91.5297383
72165,35.5765961,-91.4664999
72166,34.0690965,-91.221874
72167,34.4251211,-92.6509831
72168,34.4345209,-91.9655504
72169,35.3945371,-91.2268882
72170,34.5743481,-91.4215718
72173,35.1001009,-92.2111436
72175,34.3370403,-91.7573628
72176,34.9927562,-91.8518037
72178,35.2038212,-91.6126825
72179,35.4977247,-91.8656414
72180,34.5311616,-92.2144379
72181,35.1623957,-92.445162
72182,34.4310827,-92.0921369
72183,34.6015003,-92.1922683
72199,34.8282881,-92.290419
72201,34.7470258,-92.2809384
72202,34.7381299,-92.2472509
72204,34.7175722,-92.3583316
72205,34.749493,-92.35144
72206,34.6331128,-92.2532241
72207,34.7758426,-92.3426141
72209,34.6825434,-92.3415636
72210,34.7138996,-92.5084502
72211,34.7462833,-92.4171572
72212,34.7858878,-92.4150283
72223,34.7908128,-92.4951537
72227,34.7768504,-92.3733026
72301,35.1343197,-90.1792922
72311,34.7207275,-90.8968377
72313,35.5307955,-90.13947
72315,35.8994346,-89.8992591
72320,34.8110705,-90.5424045
72322,35.0688362,-90.8079399
72324,35.3904426,-90.7843774
72325,35.3306797,-90.2539399
72326,35.1162638,-90.9078521
72327,35.2434184,-90.3338543
72328,34.0132356,-91.1087749
72329,35.6239139,-89.9715228
72330,35.5913723,-90.2018393
72331,35.2810261,-90.4663017
72332,35.101162,-90.3023478
72333,34.2866994,-90.8811763
72335,34.9943898,-90.7460535
72338,35.4320148,-90.1422399
72339,35.416034,-90.2649224
72340,34.9585439,-91.0386979
72341,34.8783902,-90.7690955
72342,34.4478711,-90.674778
72346,35.0823261,-90.4844898
72347,35.3817637,-90.9925065
72348,34.9417641,-90.4178885
72350,35.4997785,-90.1291797
72351,35.6759448,-90.0977253
72352,34.6559668,-90.734283
72353,34.3227773,-90.9963651
72354,35.6422889,-90.3126228
72355,34.4648934,-90.8523385
72358,35.7920937,-89.892431
72359,35.0185135,-90.7183304
72360,34.7501679,-90.7807188
72364,35.2141535,-90.1878981
72365,35.5632009,-90.4200755
72366,34.5256534,-90.9517721
72367,34.184851,-91.015236
72368,34.810402,-91.0233713
72369,34.4552359,-90.7895315
72370,35.6728747,-90.0580097
72372,34.9675898,-90.9505615
72373,35.2858141,-90.6066925
72374,34.5634242,-90.8384692
72376,35.0884282,-90.3079997
72377,35.675299,-90.3401036
72379,34.0690463,-91.0488258
72383,34.4911754,-91.0396013
72384,35.3757949,-90.2194886
72386,35.4618316,-90.3693998
72387,35.3156788,-90.7726789
72389,34.3723146,-90.8838832
72390,34.5510838,-90.6792392
72391,35.6765124,-90.2695447
72392,34.9655982,-91.1006064
72394,35.0586461,-90.6090588
72395,35.5916183,-90.0247439
72396,35.2296547,-90.8319437
72401,35.8306456,-90.5781213
72404,35.7752284,-90.7850177
72405,35.9026897,-90.6502042
72410,35.9474771,-91.0976478
72411,35.7450288,-90.5844126
72412,36.1257363,-90.6917249
72413,36.3038125,-90.8154426
72414,35.8351035,-90.3700126
72415,36.1266677,-91.1750129
72416,35.9609137,-90.7833295
72417,35.9156895,-90.5322248
72419,35.7372712,-90.353441
72421,35.7788417,-90.9789096
72422,36.424558,-90.519488
72424,36.3918559,-90.7287257
72425,36.2288268,-90.7453151
72426,35.8560982,-90.0415957
72427,35.8687661,-90.9489591
72428,35.7414207,-90.2167291
72429,35.4926741,-90.9417471
72430,36.3359814,-90.1736151
72431,35.6325714,-91.0794089
72432,35.5530704,-90.7259478
72433,36.025347,-91.0381621
72434,36.217536,-91.1563516
72435,36.3130682,-90.5528876
72436,36.2397288,-90.4799905
72437,35.8304816,-90.4561016
72438,35.9417082,-90.2269257
72440,35.9923858,-91.2646947
72441,36.4356029,-90.3893642
72442,35.8258482,-90.1865457
72443,36.1802009,-90.4029265
72444,36.4286486,-90.8527887
72445,35.9782006,-91.0265837
72447,35.9087847,-90.3283608
72449,36.166607,-90.8171712
72450,36.0795465,-90.5164403
72453,36.3063849,-90.6670036
72454,36.4067779,-90.2026585
72455,36.3213338,-91.0488841
72456,36.4485915,-90.3254066
72457,36.0854393,-91.068234
72458,36.0682808,-91.155588
72459,36.2714491,-91.2974785
72460,36.3470121,-91.1535141
72461,36.2663194,-90.2741998
72462,36.3892318,-90.759315
72464,36.4532078,-90.1455039
72466,36.0419912,-91.3295865
72467,35.8422208,-90.6776017
72469,35.9518227,-91.2890736
72470,36.4746822,-90.6922815
72471,35.8247757,-91.1213534
72472,35.5943786,-90.5475535
72473,35.7382756,-91.1713155
72476,36.0461105,-90.9167924
72478,36.4652138,-91.053688
72479,35.631671,-90.8989389
72482,36.2687494,-91.3588907
72501,35.7911801,-91.6534003
72512,36.2223767,-91.7506629
72513,36.2314481,-91.6476773
72515,36.2763895,-92.0563875
72517,36.1462994,-91.9540804
72519,36.1340992,-92.1803313
72520,36.3980898,-91.7247298
72521,35.9496746,-91.54112
72522,35.8047099,-91.4668234
72523,35.6277934,-91.8446564
72524,35.8402152,-91.3114377
72526,35.8776115,-91.7662065
72527,35.7403756,-91.6831695
72528,36.2381763,-92.1149831
72529,36.2891342,-91.567606
72530,35.6164466,-91.9670981
72531,36.3139533,-92.1478146
72532,36.0862973,-91.5885518
72533,35.9779414,-92.2452627
72534,35.5900358,-91.7368101
72536,36.1438743,-91.7681658
72537,36.4489842,-92.2340563
72538,36.4455667,-92.1002925
72539,36.3301056,-91.7225807
72540,35.9192196,-91.9101751
72542,36.3003962,-91.465971
72543,35.4598909,-91.9984896
72544,36.4036641,-92.1897079
72546,35.5771348,-91.9448527
72550,35.7101354,-91.783873
72553,35.7008995,-91.4821005
72554,36.4435324,-91.5550868
72555,35.7687331,-91.8715092
72556,36.0138787,-91.9700096
72560,35.8408111,-92.0794163
72561,35.932392,-91.8131537
72562,35.7306154,-91.3944529
72564,35.6070444,-91.4472442
72565,36.21916,-91.9083653
72566,36.207916,-92.0646757
72567,35.8174527,-91.9197746
72568,35.5667894,-91.6214706
72569,36.0811239,-91.4582188
72571,35.6416733,-91.5512099
72572,35.8976075,-91.2917698
72573,36.0761646,-91.7973636
72576,36.3485071,-91.856063
72577,36.0334465,-91.7119614
72578,36.4740863,-91.859442
72579,35.8426245,-91.4448695
72581,35.547053,-91.96746
72583,36.4147816,-91.9941227
72584,36.1479216,-91.8473424
72585,36.1786033,-92.0145783
72587,36.2197361,-91.8172859
72601,36.2380371,-93.0859624
72611,36.2468578,-93.3169972
72615,36.3154194,-93.0120297
72616,36.3483268,-93.5508455
72617,36.0200449,-92.3866833
72619,36.3735704,-92.5915038
72623,36.4591483,-92.2926979
72624,36.0820776,-93.3636941
72626,36.322178,-92.5515346
72628,35.8398746,-93.2817616
72629,35.7385016,-92.5667945
72630,36.4613525,-92.9207895
72631,36.4690752,-93.7284272
72632,36.3732965,-93.7438538
72633,36.1409425,-92.8708843
72634,36.2330647,-92.5518252
72635,36.317361,-92.4839795
72636,35.9909809,-92.7161815
72638,36.3281825,-93.4023862
72639,36.0218664,-92.4966674
72640,36.0027945,-93.0594303
72641,35.997041,-93.2123733
72642,36.3705436,-92.5443068
72644,36.414606,-92.9677577
72645,35.8041291,-92.5753893
72648,36.0878092,-93.1620533
72650,35.8626837,-92.6908132
72651,36.3881623,-92.4751426
72653,36.3423807,-92.3854305
72655,35.9098946,-93.0358551
72658,36.1504202,-92.3214863
72660,36.4786457,-93.3778719
72661,36.4303732,-92.5972755
72662,36.4263837,-93.1845711
72663,35.9387178,-92.3327136
72666,35.9493912,-93.286821
72668,36.4184651,-92.7723766
72669,36.0647897,-92.8736266
72670,35.9810124,-93.3711112
72672,36.2878949,-92.8443063
72675,36.0002158,-92.8002156
72677,36.2644117,-92.700636
72679,35.7351757,-92.8010282
72680,35.8806744,-92.330799
72682,36.1356231,-92.7320344
72683,35.9320075,-93.1150617
72685,36.0641224,-92.9855303
72686,35.599437,-92.9620056
72687,36.2851641,-92.6539344
72701,35.9923867,-94.0855841
72703,36.1180513,-94.0435376
72704,36.1056465,-94.2965002
72712,36.3983941,-94.2223499
72713,36.297956,-94.2827843
72714,36.4673497,-94.2221513
72715,36.4671459,-94.3049147
72717,35.8350937,-94.4084228
72718,36.2646384,-94.220694
72719,36.3671606,-94.2950866
72721,35.7807372,-93.7785303
72722,36.3437521,-94.4699135
72727,35.9134711,-93.9340286
72729,35.7884407,-94.4731279
72730,36.0304777,-94.2686777
72732,36.432453,-93.9594387
72734,36.2702504,-94.4510579
72736,36.413792,-94.4650047
72738,36.1624863,-93.8866978
72739,36.4268054,-94.3287647
72740,36.1046483,-93.6553938
72742,35.9963227,-93.5153803
72744,35.9626006,-94.4355584
72745,36.2465237,-94.1026093
72747,36.3703583,-94.5808524
72749,35.8684162,-94.4375974
72751,36.4633148,-94.1198729
72752,35.834982,-93.556963
72753,35.933889,-94.3310724
72756,36.321106,-93.9900727
72758,36.2994261,-94.1409895
72760,35.8405195,-93.7022561
72761,36.1652563,-94.4560613
72762,36.1812598,-94.225296
72764,36.1756814,-94.0602223
72768,36.471983,-94.4900563
72769,36.0358039,-94.5000966
72773,36.0222521,-93.8359733
72774,35.9305427,-94.1446458
72776,35.912982,-93.6668995
72801,35.2805805,-93.1415943
72802,35.3189403,-93.0815925
72821,35.4584303,-93.7139074
72823,35.2525703,-92.8945412
72824,35.1261072,-93.415332
72826,35.1295323,-93.7101533
72827,34.8717087,-93.625647
72828,34.930718,-93.5349965
72829,35.1035691,-93.1752768
72830,35.5178991,-93.5102711
72832,35.4282882,-93.6686462
72833,35.0148502,-93.5012299
72834,35.1706534,-93.2015022
72835,35.2729567,-93.3479223
72837,35.5249764,-93.1042217
72838,34.8881989,-93.6803399
72839,35.6297116,-93.2442864
72840,35.4580905,-93.615427
72841,34.8650784,-93.7770844
72842,35.0898875,-93.584537
72843,35.5794407,-92.9022924
72845,35.3616497,-93.3778762
72846,35.4839002,-93.3267962
72847,35.3713771,-93.2672936
72851,35.2554272,-93.4381113
72852,35.6687679,-93.5537577
72853,35.0134645,-93.2287205
72854,35.6966855,-93.4286174
72855,35.2450006,-93.6675733
72856,35.7689916,-93.0573829
72857,34.8621859,-93.3240899
72858,35.2102006,-93.043715
72860,34.9657671,-93.4458599
72863,35.369401,-93.511253
72865,35.3063386,-93.5507359
72901,35.3651879,-94.4148656
72903,35.3549581,-94.3607247
72904,35.415224,-94.3825177
72905,35.2630627,-94.2420683
72908,35.3090035,-94.4074005
72916,35.2719825,-94.3721934
72921,35.4631354,-94.1915005
72923,35.3087123,-94.2893686
72926,34.7104718,-94.0247274
72927,35.0800846,-93.9397819
72928,35.2913422,-93.9306517
72930,35.4347126,-94.1270665
72932,35.604794,-94.3768429
72933,35.3286419,-94.0130245
72934,35.6868038,-94.2843345
72935,35.4943382,-94.1327532
72936,35.189737,-94.2183691
72937,35.1347286,-94.3914563
72938,35.0041294,-94.3778277
72940,35.1220687,-94.2592932
72941,35.3479549,-94.1646937
72943,35.180144,-93.7869491
72944,35.0424974,-94.2375916
72945,35.0994246,-94.3626274
72946,35.6520682,-94.1358421
72947,35.5533579,-94.0367771
72948,35.702664,-94.3929351
72949,35.5627912,-93.8071784
72950,34.7933317,-93.9030863
72951,35.3005005,-93.8893482
72952,35.5685978,-94.3013842
72955,35.6146295,-94.4376811
72956,35.4689467,-94.348179
72958,34.9057002,-94.1509943
72959,35.7785279,-94.0621947
73001,35.2262062,-98.4165152
73002,34.9641698,-97.741182
73003,35.6689052,-97.4973803
73004,35.1698074,-97.7969723
73005,35.0513083,-98.240141
73006,34.90622,-98.4002189
73007,35.6853553,-97.3274592
73008,35.5108518,-97.6425407
73009,35.2863446,-98.3728345
73010,35.1007389,-97.6734037
73011,34.8478418,-97.7465767
73012,35.6736727,-97.5924441
73013,35.6169899,-97.5007775
73014,35.5875341,-98.1451889
73015,35.0708726,-98.5955436
73016,35.7945992,-97.6893641
73017,34.925443,-98.0954416
73018,35.0484784,-97.9386569
73019,35.2056613,-97.4427377
73020,35.4619103,-97.2625975
73021,35.3240902,-98.6704052
73022,35.6169389,-97.9922478
73024,35.3709394,-98.8087796
73025,35.7296821,-97.5698413
73026,35.2404595,-97.2757321
73027,35.9675201,-97.2427599
73028,35.9779595,-97.6315014
73029,34.9064576,-98.2081706
73030,34.4726933,-97.1887312
73031,35.0338095,-97.6313986
73032,34.4004631,-97.0505814
73033,35.3069745,-98.5550873
73034,35.703333,-97.4335948
73036,35.5062235,-97.9586451
73038,35.1245252,-98.4513294
73040,35.6455633,-98.375225
73041,35.0281472,-98.8757922
73042,35.222848,-98.2470012
73043,35.7342406,-98.4036549
73044,35.8679056,-97.4343605
73045,35.5117162,-97.1414401
73047,35.4568025,-98.3151488
73048,35.4965804,-98.5462729
73049,35.5821397,-97.2893899
73050,35.9383155,-97.2560142
73051,35.0318334,-97.2464425
73052,34.8333322,-97.5961816
73053,35.3559081,-98.4121454
73054,35.6752271,-97.2038839
73055,34.645249,-97.9230801
73056,36.169358,-97.6127803
73057,34.8310272,-97.4286418
73058,35.819993,-97.2258068
73059,35.3289753,-98.0507244
73061,36.3511176,-97.0223557
73062,35.022301,-98.7351715
73063,36.0607333,-97.4257307
73064,35.3712749,-97.7529827
73065,35.2552549,-97.6101368
73066,35.5017071,-97.3282295
73067,34.9110765,-97.907103
73068,35.1387524,-97.2822428
73069,35.2525207,-97.4643976
73070,35.2276414,-97.4271805
73071,35.2370992,-97.4079447
73072,35.2115646,-97.5010176
73073,36.1619331,-97.3945808
73074,34.8334263,-97.2741828
73075,34.7488436,-97.2324004
73077,36.3030046,-97.2681409
73078,35.6748454,-97.7535084
73079,35.2109341,-98.0120006
73080,35.0164359,-97.4498032
73082,34.7761967,-97.9021097
73084,35.5256729,-97.3464564
73086,34.4852941,-96.9718434
73089,35.2688484,-97.7988426
73090,35.3975321,-97.9624465
73092,35.1312041,-98.07383
73093,35.1084175,-97.5064714
73095,34.9076885,-97.2851813
73096,35.5128105,-98.7220715
73097,35.3989306,-97.6450108
73098,34.6270411,-97.1649254
73099,35.5184086,-97.7661716
73102,35.4706517,-97.5190902
73103,35.4890354,-97.5189879
73104,35.4751231,-97.5038004
73105,35.5195232,-97.5032248
73106,35.4822646,-97.5366563
73107,35.4819389,-97.5744843
73108,35.4502992,-97.5676813
73109,35.4327963,-97.5245179
73110,35.4480575,-97.3945096
73111,35.5194959,-97.4774217
73112,35.5180059,-97.5729723
73114,35.5781315,-97.5176348
73115,35.4423109,-97.4415345
73116,35.5467014,-97.5645923
73117,35.4748625,-97.4625023
73118,35.5182418,-97.5309368
73119,35.4214948,-97.5689615
73120,35.5813161,-97.5736742
73121,35.5197323,-97.4448963
73122,35.520484,-97.6134401
73127,35.4776178,-97.648683
73128,35.4424966,-97.6625834
73129,35.4316459,-97.484321
73130,35.4587692,-97.3458317
73131,35.5764578,-97.469294
73132,35.5438354,-97.63894
73134,35.6151001,-97.5693994
73135,35.4002683,-97.4330755
73139,35.3863767,-97.5256886
73141,35.519962,-97.3944747
73142,35.6097651,-97.6468181
73145,35.4242786,-97.4140367
73149,35.3892041,-97.4890868
73150,35.4012377,-97.3298758
73151,35.5716864,-97.4165392
73159,35.3878548,-97.5788345
73160,35.3362972,-97.4750778
73162,35.5820109,-97.6409283
73165,35.3587553,-97.3730398
73169,35.380573,-97.6484064
73170,35.3252847,-97.5522013
73173,35.340806,-97.6274913
73179,35.4252591,-97.6494825
73401,34.2077331,-97.1067808
73425,34.462092,-97.570239
73430,33.8983238,-97.361382
73432,34.2521767,-96.4226749
73433,34.6405179,-97.4203232
73434,34.6184345,-97.5789385
73435,34.3578638,-97.4949995
73436,34.2856076,-97.0405069
73437,34.3679435,-97.4123762
73438,34.2815585,-97.5032111
73439,33.9379007,-96.7441122
73440,33.9617212,-96.8893748
73441,33.8673233,-97.4401474
73442,34.3230287,-97.6892632
73443,34.1619563,-97.2977271
73444,34.4744998,-97.3889252
73446,34.0888317,-96.7780249
73447,34.2472525,-96.8534496
73448,33.9483117,-97.1061444
73449,33.9910237,-96.5436153
73450,34.2673062,-96.5389421
73453,34.0308284,-97.2709802
73455,34.2299809,-96.7603532
73456,34.1098254,-97.6230061
73458,34.3497389,-97.3138908
73459,33.7732419,-97.1393143
73460,34.2972787,-96.6675171
73461,34.3560847,-96.4330615
73463,34.1237618,-97.4348846
73481,34.4270137,-97.527411
73487,34.4695016,-97.4420624
73488,34.4934625,-97.555045
73491,34.4675717,-97.6595896
73501,34.5579427,-98.2909718
73503,34.6829713,-98.4918198
73505,34.5728472,-98.4878888
73507,34.7282584,-98.4745816
73520,34.2687056,-97.9771891
73521,34.6344568,-99.3153072
73523,34.6551694,-99.2853112
73526,34.7928789,-99.2655614
73527,34.5782282,-98.6222882
73528,34.3987479,-98.6533249
73529,34.3376743,-97.9529424
73530,34.2548678,-99.0514919
73531,34.1954311,-98.5281732
73532,34.6295706,-99.5889318
73533,34.5049635,-97.8666723
73537,34.4683608,-99.6791784
73538,34.7758363,-98.383602
73539,34.457248,-99.2807351
73540,34.4670917,-98.5608887
73541,34.7887278,-98.1807209
73542,34.3980235,-98.9359284
73543,34.4705666,-98.3917985
73544,34.6602946,-99.7544445
73546,34.222944,-98.723483
73547,34.9738716,-99.4046146
73548,34.2113491,-98.1319581
73549,34.6448119,-99.1528294
73550,34.7034727,-99.9010339
73551,34.3075881,-98.8805939
73552,34.6287407,-98.7601626
73553,34.3295762,-98.7012189
73554,34.8415705,-99.6081947
73555,34.5015106,-98.9659225
73556,34.7259828,-99.3866574
73557,34.7310241,-98.5007844
73559,34.7300274,-98.9404924
73560,34.5465783,-99.448356
73562,34.1905409,-98.3971201
73564,34.8484631,-98.9996318
73565,34.0199087,-97.8939749
73566,34.6159684,-98.931114
73567,34.7473842,-98.17093
73568,34.2633892,-98.2192906
73569,33.9361315,-97.7820125
73570,34.5146304,-99.1147717
73571,34.914039,-99.9280906
73572,34.3721152,-98.3269
73573,34.1440624,-97.9616631
73601,35.4874908,-98.9507938
73620,35.6223297,-99.0251266
73622,35.4001683,-98.9977143
73624,35.3596594,-99.1718859
73625,35.6923375,-99.1902775
73626,35.4387204,-99.2851332
73627,35.1970136,-99.4527044
73628,35.630462,-99.6998398
73632,35.2691652,-98.9148281
73638,35.8490951,-99.7956262
73639,35.7390884,-98.9606204
73641,35.2696477,-99.1967802
73642,35.8227269,-99.9099441
73644,35.4050548,-99.4265658
73645,35.1721862,-99.8686546
73646,35.8194425,-98.6232601
73647,35.4355097,-99.1512774
73650,35.6445447,-99.4224005
73651,35.0251647,-99.0697292
73654,35.8585102,-99.3741491
73655,34.980189,-99.2491599
73658,35.9482268,-98.7187808
73659,35.8774801,-98.9401264
73660,35.6316907,-99.9138704
73661,35.1747405,-99.0211836
73662,35.3179695,-99.6610625
73663,36.1029439,-98.8949693
73664,35.1745096,-99.2359232
73666,35.415025,-99.9202993
73667,36.0059015,-99.0398995
73668,35.2246039,-99.9760773
73669,35.7504924,-98.7432164
73673,35.0521951,-99.6376237
73701,36.4267441,-97.7919891
73703,36.4407038,-97.9668376
73705,36.339188,-97.9020817
73716,36.4851334,-98.5514735
73717,36.8391602,-98.7837626
73718,36.2102396,-98.1667521
73719,36.9642813,-98.2638736
73720,36.1946353,-97.8700541
73722,36.9119954,-98.3503608
73724,36.0297678,-98.6909451
73726,36.5874291,-98.5082815
73727,36.4817191,-98.0426684
73728,36.7291584,-98.4042002
73729,36.3928265,-98.454409
73730,36.3117249,-97.5411659
73731,36.6449936,-98.6034421
73733,36.2546622,-97.6879402
73734,35.9833678,-97.8521748
73735,36.280361,-98.0628705
73736,36.3446901,-97.6806889
73737,36.2962993,-98.5768565
73738,36.4392547,-97.558448
73739,36.5146467,-98.1346374
73741,36.5537102,-98.2701208
73742,36.0962916,-97.9219509
73743,36.5632499,-97.9926637
73744,35.9500385,-98.2908719
73746,36.6881796,-98.6620144
73747,36.233568,-98.3396598
73749,36.7026589,-98.1551529
73750,35.8531239,-97.9435499
73753,36.5552514,-97.8637393
73754,36.3825471,-98.0967651
73755,36.1436804,-98.5980556
73756,35.9785677,-98.1118858
73757,36.2801086,-97.4468707
73758,36.9348512,-98.0857349
73759,36.8618608,-97.7061957
73760,36.3832938,-98.1669381
73761,36.6849669,-98.0313018
73762,35.7136414,-97.9752919
73763,36.1028813,-98.325303
73764,35.8547333,-98.2016942
73766,36.6450605,-97.83673
73768,36.3692017,-98.2748023
73770,36.0540812,-98.4978959
73771,36.8763158,-97.9582919
73772,35.8645227,-98.4211517
73773,36.2531265,-97.9200253
73801,36.4854339,-99.4127479
73832,36.0493926,-99.6890488
73834,36.8517817,-99.5709797
73835,35.96855,-99.2185854
73838,36.2387242,-98.8763237
73840,36.4024322,-99.6431166
73841,36.5480165,-99.6192706
73842,36.8217811,-99.2161725
73843,36.3988565,-99.8296365
73844,36.8990904,-100.1600701
73848,36.6339909,-100.0398524
73851,36.5739318,-99.7815454
73852,36.4792603,-99.1201039
73853,36.2392479,-99.1596827
73855,36.8747307,-99.8530361
73857,36.2708091,-99.3327342
73858,36.1681963,-99.926684
73859,36.1373331,-99.2859427
73860,36.5425269,-98.8428592
73901,36.7545812,-101.0751637
73931,36.5873305,-100.8014689
73932,36.6901846,-100.5139125
73933,36.740858,-102.579737
73937,36.5666106,-102.7599349
73938,36.9323737,-100.578761
73939,36.7767783,-101.7898965
73942,36.74404,-101.4963623
73944,36.5815731,-101.103438
73945,36.8269048,-101.2329163
73946,36.9354788,-102.8040799
73947,36.8419314,-102.1668561
73949,36.5969243,-101.9877422
73950,36.8547887,-100.8949706
73951,36.9428742,-101.0539149
73960,36.4916671,-101.7926135
74001,36.4886768,-96.0624052
74002,36.5613919,-96.1444566
74003,36.728268,-96.067573
74006,36.7125223,-95.8950543
74008,35.9239598,-95.8772015
74010,35.8081246,-96.3621143
74011,35.9818119,-95.8091911
74012,36.0514179,-95.8057313
74014,36.0529654,-95.6639614
74015,36.1821811,-95.7188324
74016,36.5451563,-95.4512598
74017,36.3909268,-95.5876885
74019,36.2847671,-95.6031926
74020,36.2461942,-96.4207498
74021,36.3787739,-95.845826
74022,36.9254683,-95.9784427
74023,35.9573268,-96.7518772
74026,35.7169093,-96.7796604
74027,36.8134209,-95.6071724
74028,35.7944373,-96.5196556
74029,36.8228886,-95.8899091
74030,35.9845091,-96.5650197
74032,36.2069304,-96.8987784
74033,35.9470983,-96.0063408
74034,36.2326187,-96.5628843
74035,36.404491,-96.3778615
74036,36.1581868,-95.5065996
74037,35.9985511,-95.9798898
74038,36.1568868,-96.5592152
74039,35.9017191,-96.2365571
74041,35.9378508,-96.0589449
74042,36.880785,-95.5512211
74044,36.083465,-96.3806714
74045,36.2214755,-96.6996486
74046,35.7532081,-96.5729166
74047,35.8507731,-96.0272782
74048,36.6917917,-95.650961
74050,36.072262,-96.0665498
74051,36.6140093,-95.9557675
74052,36.0666931,-96.5700418
74053,36.4304844,-95.7319434
74054,36.2803883,-96.3293269
74055,36.2767279,-95.818917
74056,36.7953057,-96.3308562
74058,36.3626249,-96.7585944
74059,35.9717316,-97.0675859
74060,36.2573503,-96.2511506
74061,36.5331248,-95.8926348
74062,36.0377173,-96.9009504
74063,36.1507674,-96.1995898
74066,35.9943514,-96.1701616
74068,35.9072565,-96.5778873
74070,36.4007913,-96.0879941
74071,35.7787617,-96.2647949
74072,36.9599603,-95.6161343
74073,36.29874,-96.0102296
74074,36.0786542,-97.0641461
74075,36.1691057,-97.0833636
74077,36.1240042,-97.0690208
74078,36.1252735,-97.0797183
74079,35.7431018,-96.6561552
74080,36.5421066,-95.7490116
74081,36.1816675,-96.4600815
74082,36.448822,-95.8808887
74083,36.8792105,-95.7533834
74084,36.5280194,-96.3339389
74085,36.1107931,-96.7226076
74103,36.1561456,-95.9956918
74104,36.1462402,-95.9541964
74105,36.0974418,-95.961087
74106,36.1919421,-95.9851503
74107,36.11488,-96.0323708
74108,36.1401875,-95.7895439
74110,36.1882831,-95.9530827
74112,36.1470357,-95.9023276
74114,36.1269432,-95.9466945
74115,36.1993078,-95.9088899
74116,36.1887557,-95.8425732
74117,36.2460418,-95.9016148
74119,36.1420621,-95.9893303
74120,36.1507343,-95.9773697
74126,36.237483,-96.0179744
74127,36.1731345,-96.046424
74128,36.1474076,-95.8503493
74129,36.1258502,-95.871575
74130,36.241454,-95.9565652
74131,36.0508124,-96.0733777
74132,36.048782,-96.0167344
74133,36.0392747,-95.8774628
74134,36.1098096,-95.7971893
74135,36.0972759,-95.9231711
74136,36.0623999,-95.9414572
74137,36.0224313,-95.9305727
74145,36.0971385,-95.8904823
74146,36.0992089,-95.8555432
74171,36.0506151,-95.9525613
74301,36.6775206,-95.2425651
74330,36.4445281,-95.2619775
74331,36.6476972,-94.951834
74332,36.5476974,-95.3156234
74333,36.7939091,-95.0821377
74337,36.1407408,-95.3369357
74338,36.2559605,-94.7127195
74339,36.9340257,-94.87974
74340,36.4741415,-95.0178451
74342,36.4273445,-94.944658
74343,36.7362528,-94.8209202
74344,36.5954791,-94.740655
74346,36.439428,-94.754142
74347,36.1991644,-94.7882702
74349,36.5125419,-95.0280582
74350,36.466226,-95.0477627
74352,36.1350619,-95.1936132
74354,36.8894739,-94.8809533
74358,36.9179644,-94.8805178
74359,36.1684844,-94.8521716
74360,36.9799962,-94.836481
74361,36.3082362,-95.3068457
74363,36.9599772,-94.711216
74364,36.1963157,-94.9485244
74365,36.2878737,-95.0592889
74366,36.3779535,-95.0289183
74367,36.4160882,-95.1128883
74368,36.2072573,-94.8482466
74369,36.9246199,-95.2020023
74370,36.7497839,-94.6803636
74401,35.7236514,-95.4582021
74403,35.6819928,-95.307488
74421,35.7627136,-96.0420253
74422,35.6431839,-95.6902917
74423,35.6422841,-95.2197571
74425,35.1712436,-95.6229957
74426,35.4454715,-95.5293198
74427,35.6770806,-94.8868969
74428,35.5486719,-95.648126
74429,35.9487923,-95.6329846
74430,35.1293626,-95.646448
74431,35.457795,-95.9391039
74432,35.2821705,-95.6505677
74434,35.7825965,-95.1948086
74435,35.5932874,-95.0946944
74436,35.8055723,-95.7046491
74437,35.4365046,-95.9271789
74438,35.5132285,-95.7620522
74441,35.9768508,-95.145009
74442,35.1238234,-95.8165705
74445,35.6314669,-95.8286023
74446,35.8511515,-95.3222217
74447,35.649678,-96.0122109
74450,35.5995543,-95.4727477
74451,35.7238619,-95.0113446
74452,36.1213657,-95.0683006
74454,35.8425285,-95.5090698
74455,35.3616131,-95.2688942
74456,35.710875,-95.9926503
74457,36.0059727,-94.8414392
74458,35.8823198,-95.5878601
74459,35.518777,-95.4921258
74460,35.5047669,-95.964493
74462,35.2796491,-95.1467193
74463,35.7700047,-95.551033
74464,35.9440812,-94.9740828
74467,35.9673721,-95.3930179
74468,35.6172631,-95.5993496
74469,35.5119102,-95.3214913
74470,35.4767172,-95.1668778
74471,35.8342039,-94.871883
74472,35.2500481,-95.2597187
74477,36.0038825,-95.2665865
74501,34.984203,-95.786716
74521,34.6621413,-95.0993694
74522,34.8825477,-95.6767266
74523,34.251959,-95.6023138
74525,34.3327666,-96.0555762
74528,34.7022667,-95.7275063
74530,34.4297461,-96.536907
74531,34.8814948,-96.2280525
74533,34.2080125,-96.1970111
74534,34.6239401,-96.3607422
74535,34.4851845,-96.4467419
74536,34.5828066,-95.4229902
74538,34.5694003,-96.2492807
74540,34.5710357,-95.7081335
74543,34.3593859,-95.3813357
74546,34.8520765,-95.5801167
74547,34.8100797,-95.5988263
74549,34.5624677,-94.8941851
74552,35.1133713,-95.2489228
74553,34.7133607,-95.9253305
74554,34.9256748,-95.7199769
74555,34.2491626,-95.9645438
74556,34.4582073,-96.2013472
74557,34.387277,-95.6982118
74558,34.5047799,-95.1659284
74560,34.6487492,-95.7601315
74561,35.1302931,-95.4151992
74562,34.306972,-95.312686
74563,34.9699553,-95.0726324
74565,34.8198304,-95.8225083
74567,34.450336,-95.3362032
74569,34.4772883,-95.9245766
74570,34.8627991,-96.1009655
74571,34.7196329,-95.0490438
74572,34.6247476,-96.4316396
74574,34.6767441,-95.2619649
74576,34.6682894,-96.0426815
74577,34.7334979,-94.8617696
74578,34.9061465,-95.341662
74601,36.7021578,-97.1488618
74604,36.7019282,-96.9823612
74630,36.4994086,-97.4354539
74631,36.7991798,-97.3038675
74632,36.9407225,-97.3412966
74633,36.7102138,-96.7766339
74636,36.8225657,-97.5222177
74637,36.6027851,-96.6438748
74640,36.57102,-97.6490233
74641,36.807356,-96.8607224
74643,36.655037,-97.5751233
74644,36.5597004,-97.0959832
74646,36.8219777,-97.4420557
74647,36.9181003,-96.9945611
74650,36.4804212,-96.7200156
74651,36.4709597,-97.1644895
74652,36.8591448,-96.6440467
74653,36.6486164,-97.3406682
74701,34.0099258,-96.3774388
74720,33.8314776,-96.3716317
74721,33.8797845,-96.1624679
74722,34.3795823,-94.898278
74723,33.9929411,-96.017164
74724,34.342044,-94.8615463
74726,33.9412367,-96.1743388
74727,34.0187033,-95.8587355
74728,34.1571405,-94.8201884
74729,34.1468078,-96.2540665
74730,33.9122883,-96.4310997
74731,33.8701434,-96.5771629
74733,33.8223461,-96.4818841
74734,34.0905529,-94.5382764
74735,34.0967222,-95.2615234
74736,33.9144846,-94.99277
74737,34.0307411,-94.9029672
74738,33.8956908,-95.4433917
74740,33.7673933,-94.5971486
74741,33.7950054,-96.287607
74743,34.0067215,-95.5109937
74745,33.8590978,-94.8163533
74747,33.7581228,-96.3154827
74748,34.130818,-96.4930389
74750,33.9854884,-95.0115168
74753,33.9078514,-96.5339591
74754,34.1919868,-95.119525
74755,34.1194093,-95.1420242
74756,34.08451,-95.3740115
74759,34.0562974,-95.7195719
74760,34.1631463,-95.3557684
74761,34.0050889,-95.2008675
74764,34.0909353,-95.0574809
74766,34.0860207,-94.9739
74801,35.3151291,-96.969671
74804,35.3911929,-96.9212656
74820,34.8043996,-96.7153736
74824,35.8885059,-96.8712855
74825,34.8225216,-96.3919918
74826,35.021029,-96.8871407
74827,34.939754,-96.3433837
74829,35.5049165,-96.4663793
74830,35.1445191,-96.6646175
74831,34.8941752,-97.0343557
74832,35.828769,-97.006776
74833,35.5830358,-96.4138928
74834,35.6967098,-96.8786586
74836,34.4420688,-96.6296759
74837,35.3431201,-96.4561328
74839,35.2414391,-96.045582
74840,35.3086265,-96.7697216
74842,34.6185989,-96.6151729
74843,34.6570205,-96.728623
74844,34.8757384,-96.589142
74845,35.2532474,-95.8798317
74848,35.0798725,-96.3437193
74849,34.9783911,-96.7355188
74850,35.1096859,-96.1071501
74851,35.4262385,-97.0819535
74852,35.1239405,-97.0088719
74854,35.1106666,-96.7659761
74855,35.513888,-96.9064228
74856,34.3966383,-96.8162677
74857,35.3402401,-97.2005456
74859,35.4564791,-96.3216218
74860,35.5319033,-96.5698233
74864,35.4987416,-96.7070281
74865,34.6134766,-96.8182383
74866,35.0664574,-96.8469048
74867,34.9650481,-96.5375323
74868,35.2785306,-96.6446128
74869,35.5903681,-96.7511521
74871,34.596505,-96.5516296
74872,34.7716956,-96.9880155
74873,35.2328555,-96.9772264
74875,35.8725828,-96.9585639
74878,35.0047706,-97.0698292
74880,35.3797506,-96.1205062
74881,35.7144585,-97.0795168
74883,35.2198681,-96.253013
74884,35.1849172,-96.5154703
74901,35.2991409,-94.5013597
74902,35.2515311,-94.4679193
74930,35.1849553,-94.7750523
74931,35.6861977,-94.7867005
74932,35.1456025,-94.5353774
74935,34.9619506,-94.9111815
74936,35.3954235,-94.727941
74937,34.8175383,-94.5874658
74939,34.7298049,-94.6324731
74940,34.9494808,-94.6318165
74941,35.2675403,-94.876146
74942,34.8945945,-94.9780254
74943,35.0999743,-95.0994107
74944,35.1306058,-95.0056349
74945,35.5838825,-94.8173962
74946,35.396251,-94.4524316
74947,34.9914697,-94.5158557
74948,35.4679978,-94.5689274
74949,34.683524,-94.7720866
74951,35.1715731,-94.6636362
74953,35.0381002,-94.5714971
74954,35.4125864,-94.4905555
74955,35.5013813,-94.7575007
74956,35.0964322,-94.774368
74957,34.5237913,-94.6551413
74959,35.2709123,-94.6233055
74960,35.8104259,-94.6505475
74962,35.5440188,-94.940814
74963,34.4122376,-94.563365
74964,36.1119482,-94.6588008
74965,35.9965399,-94.6310923
74966,34.894289,-94.8705671
75001,32.9600471,-96.8372399
75002,33.0898539,-96.6086003
75006,32.9621408,-96.8985846
75007,33.0052617,-96.8967417
75009,33.3388989,-96.7529773
75010,33.0390806,-96.8725958
75013,33.1143268,-96.6939636
75019,32.9612528,-96.9858172
75020,33.7727224,-96.6069616
75021,33.7279883,-96.4783693
75022,33.0244841,-97.1195043
75023,33.0567886,-96.7308593
75024,33.0778541,-96.8110276
75025,33.0900854,-96.7400082
75028,33.0329984,-97.0646175
75032,32.8571121,-96.4312104
75033,33.1848182,-96.8443078
75034,33.1212863,-96.838536
75035,33.1635875,-96.7766215
75036,33.1333512,-96.9146625
75038,32.8722599,-96.9788098
75039,32.8849585,-96.937297
75040,32.928902,-96.6197821
75041,32.8801959,-96.651555
75042,32.9144945,-96.6749946
75043,32.8557718,-96.5782141
75044,32.9646093,-96.6496879
75048,32.969015,-96.579523
75050,32.7730689,-97.0052265
75051,32.7255913,-96.9920717
75052,32.6646838,-97.0294775
75054,32.6138476,-97.0253528
75056,33.0756991,-96.9080884
75057,33.0507245,-96.9746228
75058,33.4491121,-96.7371208
75060,32.7980489,-96.9525627
75061,32.8259068,-96.9669148
75062,32.8473702,-96.9578709
75063,32.9106274,-97.0004814
75065,33.1103403,-97.00545
75067,33.0161024,-96.9989622
75068,33.1774973,-96.952388
75069,33.1640773,-96.5954209
75070,33.1546785,-96.6966689
75071,33.2458156,-96.6307198
75072,33.187899,-96.6999512
75074,33.033284,-96.6727584
75075,33.0212682,-96.7415579
75076,33.8006919,-96.7260105
75077,33.0811778,-97.060925
75078,33.2409515,-96.80745
75080,32.9760629,-96.7420804
75081,32.9495664,-96.7074203
75082,32.9945994,-96.6667583
75087,32.9485785,-96.442091
75088,32.8916287,-96.5417541
75089,32.9375827,-96.5441742
75090,33.6041306,-96.5504052
75092,33.6520636,-96.7002637
75093,33.0342238,-96.8116076
75094,33.0198304,-96.613463
75098,33.0144919,-96.5348321
75101,32.2700237,-96.7024494
75102,32.0866227,-96.6357774
75103,32.5169296,-95.8835471
75104,32.5848142,-96.9723118
75105,32.2671257,-96.3679882
75109,32.0427843,-96.3437529
75110,32.079637,-96.5204741
75114,32.6165521,-96.4433645
75115,32.5994271,-96.8640746
75116,32.6606604,-96.9118821
75117,32.7111035,-95.8583653
75119,32.3239152,-96.5903325
75124,32.3185684,-95.9702229
75125,32.5367499,-96.621707
75126,32.7426013,-96.4528828
75127,32.6993966,-95.7914443
75132,32.9386615,-96.3804237
75134,32.6228387,-96.7795167
75135,33.0675484,-96.2243525
75137,32.634831,-96.9134101
75140,32.635479,-95.6864021
75141,32.6399768,-96.6932838
75142,32.5681637,-96.2502142
75143,32.3645785,-96.2449873
75144,32.1083877,-96.2079546
75146,32.5663129,-96.7486364
75147,32.4260685,-96.0645602
75148,32.1246469,-96.0257902
75149,32.7733686,-96.6188095
75150,32.8138633,-96.6309803
75152,32.439871,-96.6780508
75153,32.1665217,-96.3588381
75154,32.5235145,-96.8086456
75155,32.2291128,-96.4755085
75156,32.2779228,-96.1052866
75157,32.4634328,-96.4492554
75158,32.465314,-96.4011014
75159,32.604328,-96.5405998
75160,32.7643432,-96.2933133
75161,32.7387944,-96.1638569
75163,32.1667769,-96.1185313
75164,33.0755741,-96.3034037
75165,32.3716541,-96.8030297
75166,33.0147205,-96.4493738
75167,32.3608294,-96.9155228
75169,32.7032691,-95.9946662
75172,32.6053212,-96.6740734
75173,33.0617371,-96.3958247
75180,32.7193817,-96.6185651
75181,32.7238939,-96.5559461
75182,32.800525,-96.5475766
75189,32.9455388,-96.3111018
75201,32.788309,-96.7995722
75202,32.7784632,-96.803734
75203,32.7443189,-96.8018673
75204,32.8021903,-96.7888902
75205,32.8371295,-96.7971549
75206,32.8312792,-96.7711909
75207,32.7877003,-96.8206558
75208,32.7546221,-96.8396333
75209,32.84831,-96.8254742
75210,32.7713145,-96.7471482
75211,32.7368272,-96.9075062
75212,32.7822504,-96.8788334
75214,32.8289563,-96.7429148
75215,32.7528975,-96.761
75216,32.7113237,-96.7812147
75217,32.7125835,-96.6820451
75218,32.8402538,-96.7040407
75219,32.8109035,-96.813203
75220,32.868529,-96.8761182
75223,32.792565,-96.7455839
75224,32.7114054,-96.8385913
75225,32.8648866,-96.7903586
75226,32.7831016,-96.7766273
75227,32.76681,-96.6869
75228,32.8249242,-96.6794378
75229,32.8936137,-96.8673175
75230,32.902679,-96.7933933
75231,32.8734943,-96.7475548
75232,32.6589987,-96.8395931
75233,32.7039127,-96.8718891
75234,32.9248531,-96.8881391
75235,32.8326141,-96.8490821
75236,32.6888437,-96.9357096
75237,32.664916,-96.8724015
75238,32.8785109,-96.7078516
75240,32.9301539,-96.7927267
75241,32.6667468,-96.7588775
75243,32.9126331,-96.7366369
75244,32.9253667,-96.8363344
75246,32.7924965,-96.7727628
75247,32.8144025,-96.8782954
75248,32.9696993,-96.7973343
75249,32.6360529,-96.9645736
75251,32.9194348,-96.7747803
75252,32.996776,-96.7884788
75253,32.6744256,-96.6092277
75254,32.9441161,-96.80009
75261,32.9032062,-97.0531298
75270,32.7812604,-96.8019221
75287,32.999309,-96.8416877
75390,32.813992,-96.8428081
75401,33.1890021,-96.1088292
75402,33.0678662,-96.0879699
75407,33.155602,-96.4789903
75409,33.3554697,-96.5158192
75410,32.7924598,-95.6370124
75411,33.8682957,-95.6377519
75412,33.8008476,-95.1347503
75413,33.4359544,-96.1647548
75414,33.6236333,-96.427903
75415,33.4556829,-95.7237984
75416,33.5980913,-95.3283098
75417,33.4396584,-95.1403706
75418,33.5719217,-96.1709617
75420,33.0652386,-95.7183497
75421,33.6613599,-95.7312445
75422,33.1391047,-95.92361
75423,33.2919193,-96.1998421
75424,33.3053715,-96.3892932
75426,33.6482553,-95.0115615
75428,33.2747039,-95.9175612
75429,33.2785108,-95.8922966
75431,33.0141897,-95.4609352
75432,33.3859329,-95.6733504
75433,33.0980963,-95.8032343
75434,33.416263,-95.344129
75435,33.5005076,-95.2903283
75436,33.7422026,-95.2556505
75437,33.2571658,-95.4647413
75438,33.6155709,-96.072162
75439,33.5535204,-96.2828967
75440,32.8729019,-95.7539906
75441,33.4276563,-95.6429114
75442,33.1760726,-96.3464333
75446,33.6150925,-95.9000919
75447,33.7723963,-96.1243561
75448,33.3162692,-95.7889676
75449,33.4233857,-95.9494831
75450,33.3979077,-95.4616149
75451,32.9593002,-95.1252101
75452,33.4022255,-96.2385699
75453,33.0098678,-95.9326697
75454,33.282921,-96.56118
75455,33.2174222,-94.9830114
75457,33.1764237,-95.2098609
75459,33.5289382,-96.6822477
75460,33.662129,-95.6049728
75462,33.6243415,-95.4917385
75468,33.5073806,-95.403599
75469,33.3996091,-95.8225098
75470,33.5865727,-95.8019292
75471,33.0568056,-95.3735183
75472,32.8844228,-95.8696022
75473,33.8155794,-95.4880045
75474,32.9240046,-96.1094327
75475,33.4859462,-96.2575789
75476,33.7083107,-96.2406535
75477,33.529909,-95.7380727
75478,33.1732054,-95.3486149
75479,33.630179,-96.3302851
75480,33.0152662,-95.1958856
75481,33.3200289,-95.3735036
75482,33.167968,-95.6082237
75486,33.7452355,-95.7443267
75487,33.3393599,-95.1601932
75488,33.7787671,-95.996778
75489,33.5203079,-96.4851944
75490,33.4380308,-96.3082803
75491,33.4863236,-96.3959301
75492,33.5970429,-95.9919945
75493,33.1422293,-95.114425
75494,32.917192,-95.2598595
75495,33.4391948,-96.5468412
75496,33.363703,-96.0653787
75497,32.9218568,-95.5761689
75501,33.3718315,-94.1398131
75503,33.51791,-94.1371098
75550,33.4982212,-94.8908453
75551,33.1193319,-94.2204911
75554,33.5790101,-94.779754
75555,32.9391659,-94.1423163
75556,33.1547887,-94.0624075
75558,33.2555238,-94.8497191
75559,33.5035498,-94.6499211
75560,33.2021559,-94.3661396
75561,33.5167556,-94.2815587
75562,32.9358933,-94.2530463
75563,33.0277728,-94.393045
75564,32.8878248,-94.2496357
75565,32.9502094,-94.0739531
75566,33.1525592,-94.4901583
75567,33.3160696,-94.3208388
75568,33.1932108,-94.5872787
75569,33.4412002,-94.1227171
75570,33.4638859,-94.4373829
75571,33.2070194,-94.7736295
75572,33.2258933,-94.1276948
75573,33.3480927,-94.2291017
75574,33.3250043,-94.5506588
75601,32.5085948,-94.7241886
75602,32.4368004,-94.6434721
75603,32.40305,-94.7111767
75604,32.513584,-94.8280481
75605,32.5851233,-94.7103281
75630,32.8531063,-94.5725242
75631,32.2615895,-94.4498523
75633,32.1384956,-94.274156
75638,33.0204751,-94.7296987
75639,32.2786367,-94.1689556
75640,32.7084174,-94.6831807
75641,32.3845457,-94.5756687
75642,32.3581983,-94.1781996
75643,32.0058339,-94.361607
75644,32.7912134,-94.9998457
75645,32.6787495,-94.879548
75647,32.5165591,-94.9630859
75650,32.5132765,-94.5488461
75651,32.6691811,-94.5244751
75652,32.2394093,-94.7283275
75654,32.0912269,-94.8344573
75656,33.0113037,-94.5721613
75657,32.7949731,-94.3103064
75658,32.1721794,-94.8990757
75659,32.5072538,-94.0924623
75661,32.6380082,-94.1530186
75662,32.3803305,-94.8740996
75667,31.9881746,-94.8442737
75668,32.9070753,-94.6786373
75669,32.0321816,-94.5548217
75670,32.5593302,-94.4223063
75671,32.4890677,-94.314972
75672,32.4683029,-94.2990791
75680,32.0103172,-94.7181331
75681,31.9542406,-94.6836158
75682,32.2615888,-94.9536233
75683,32.8268159,-94.7372242
75684,32.2770205,-94.9371565
75686,32.9671107,-94.9442075
75687,32.1058344,-94.9634247
75689,32.187066,-94.9615975
75691,32.3118743,-94.5514113
75692,32.4708414,-94.1180364
75693,32.5337796,-94.8606597
75694,32.6383282,-94.3444013
75701,32.3228851,-95.2962654
75702,32.3639908,-95.3117444
75703,32.2351108,-95.320764
75704,32.4016353,-95.4487272
75705,32.3754151,-95.0765284
75706,32.4724088,-95.294022
75707,32.3037743,-95.1687674
75708,32.4132193,-95.2086732
75709,32.312406,-95.3855251
75711,32.3369753,-95.2838184
75750,32.26754,-95.0777145
75751,32.069812,-95.9207167
75752,32.2519373,-95.7998608
75754,32.4129492,-95.64943
75755,32.6416948,-95.0756244
75756,32.2934856,-95.5786446
75757,32.1097867,-95.3484237
75758,32.2714358,-95.5214419
75759,32.0361414,-95.4157827
75760,31.8099069,-94.8632172
75762,32.2183412,-95.4134451
75763,32.0427539,-95.5233878
75764,31.8952311,-95.1436796
75765,32.6420433,-95.2348592
75766,31.9462995,-95.2518698
75770,32.1585572,-95.6437125
75771,32.532678,-95.4272678
75773,32.6814531,-95.4477019
75778,32.3009255,-95.7098374
75779,31.8632264,-95.4846119
75780,31.9891068,-95.0912178
75782,32.0681667,-95.586547
75783,32.8164594,-95.4247681
75784,31.8717558,-94.9656325
75785,31.7578602,-95.1762092
75788,31.8225389,-94.9161458
75789,32.1095122,-95.0941944
75790,32.5269848,-95.6431652
75791,32.2216774,-95.2206759
75792,32.4691095,-95.1063175
75801,31.7418927,-95.551175
75803,31.8817773,-95.6794944
75831,31.4736673,-96.0093653
75833,31.2686348,-95.8439066
75835,31.2848906,-95.490625
75838,31.4788997,-96.2297571
75839,31.6180139,-95.5590024
75840,31.7825587,-96.0936213
75844,31.5253326,-95.4229265
75845,31.0875757,-95.0769594
75846,31.3474992,-96.1790864
75847,31.3420092,-95.1197273
75848,31.7727411,-96.3340294
75849,31.3965691,-95.4761615
75850,31.1356766,-95.9350452
75851,31.0923667,-95.499937
75852,30.9995413,-95.6999764
75853,31.9468721,-95.814466
75855,31.5573312,-95.863641
75856,31.2013585,-95.2536899
75858,31.3808106,-95.1367414
75859,31.887924,-96.2542911
75860,31.6226473,-96.2453543
75861,31.8515788,-95.8884586
75862,30.9647278,-95.3258947
75865,31.0581713,-94.9623898
75884,31.7892377,-95.8926169
75886,31.7777594,-95.9164347
75901,31.3016749,-94.6414081
75903,31.3740772,-94.7480092
75904,31.3270504,-94.8396181
75925,31.6148554,-95.0624925
75926,31.244111,-94.9589142
75928,30.6713953,-93.7113399
75929,31.2266781,-94.1917124
75930,31.3399803,-94.0352307
75931,31.095522,-93.9949178
75932,31.0561473,-93.6156553
75933,30.5538121,-93.8126962
75934,30.8950578,-94.7591212
75935,31.7197783,-94.199007
75936,30.9514765,-94.5887893
75937,31.4819892,-94.3958784
75938,30.9405169,-94.3536398
75939,31.0172559,-94.8014572
75941,31.1870715,-94.7588031
75942,30.8257882,-94.4164705
75943,31.6584222,-94.8941766
75944,31.3540952,-94.3876805
75946,31.8144488,-94.5150301
75948,31.2748755,-93.7217348
75949,31.2298425,-94.5091833
75951,30.9344247,-94.0595784
75954,31.9043409,-94.0480942
75956,30.6763666,-93.9831202
75959,31.5122693,-93.8391088
75960,30.9109208,-94.8546743
75961,31.5583617,-94.5047714
75962,31.6198391,-94.6484449
75964,31.62953,-94.7767895
75965,31.728994,-94.6265226
75966,30.8279713,-93.7144542
75968,31.2521556,-93.9540157
75969,31.4457289,-94.8875533
75972,31.5020756,-94.1215868
75973,31.7113167,-93.9428529
75974,31.9583638,-94.2398375
75975,31.8905372,-94.4186186
75976,31.5193614,-94.9504274
75977,31.0651872,-93.7866729
75979,30.7485595,-94.3891196
75980,31.0944871,-94.3501973
76001,32.6310814,-97.1558661
76002,32.6218963,-97.0935088
76005,32.8011136,-97.075615
76006,32.7870787,-97.1025775
76008,32.6823976,-97.6266426
76009,32.4162097,-97.2020709
76010,32.7227095,-97.0806594
76011,32.7520298,-97.0826153
76012,32.7551299,-97.1392422
76013,32.7193282,-97.1550272
76014,32.6921053,-97.0865168
76015,32.6916383,-97.1359594
76016,32.6892222,-97.1891296
76017,32.6625128,-97.1640236
76018,32.6622894,-97.0903818
76020,32.9001956,-97.561179
76021,32.852971,-97.130443
76022,32.8306321,-97.1450447
76023,33.0419524,-97.5970654
76028,32.5326769,-97.3065472
76031,32.3461615,-97.3280785
76033,32.2917345,-97.5167959
76034,32.8914779,-97.1497473
76035,32.5656285,-97.6461521
76036,32.5709736,-97.4212752
76039,32.8602849,-97.0860284
76040,32.819908,-97.1027935
76041,32.2376377,-96.8417497
76043,32.1981435,-97.7606495
76044,32.4259359,-97.5398739
76048,32.408186,-97.8013118
76049,32.4616309,-97.7034338
76050,32.2667773,-97.1558237
76051,32.9420255,-97.0799301
76052,32.9790532,-97.3713083
76053,32.8164498,-97.1806825
76054,32.8572794,-97.178552
76055,32.1596583,-97.1484712
76058,32.4717655,-97.4268141
76059,32.3936547,-97.3306652
76060,32.6396485,-97.2174763
76061,32.5025954,-97.1981455
76063,32.5707396,-97.1448372
76064,32.3092875,-97.0373601
76065,32.4681978,-96.990724
76066,32.69621,-97.9992168
76067,32.802422,-98.1425465
76070,32.2166195,-97.659129
76071,33.0113346,-97.4743618
76073,33.0956158,-97.721202
76077,32.2819947,-97.7137661
76078,33.0930142,-97.4626051
76082,32.9700435,-97.7337479
76084,32.4317147,-97.0883539
76085,32.8611156,-97.6921652
76086,32.7522038,-97.7892701
76087,32.6684203,-97.7910855
76088,32.850915,-97.9032482
76092,32.9544929,-97.1488671
76093,32.210022,-97.4058155
76102,32.7577785,-97.3288722
76103,32.7489472,-97.2726376
76104,32.7283908,-97.3178521
76105,32.7232873,-97.2700077
76106,32.8166847,-97.3596311
76107,32.7420578,-97.38173
76108,32.7880611,-97.5232263
76109,32.70065,-97.386965
76110,32.7078309,-97.3382651
76111,32.7804688,-97.300587
76112,32.7474265,-97.2176583
76114,32.7745726,-97.4074266
76115,32.6784998,-97.3305107
76116,32.7207233,-97.4470329
76117,32.8034358,-97.2673761
76118,32.793694,-97.1940342
76119,32.6911428,-97.2615384
76120,32.7665108,-97.1807151
76123,32.6230415,-97.403392
76126,32.6490298,-97.5146615
76127,32.7766175,-97.4305019
76129,32.7093241,-97.3626901
76131,32.8818207,-97.3459433
76132,32.6681957,-97.4159097
76133,32.6529183,-97.3795378
76134,32.6435582,-97.3301045
76135,32.8363245,-97.4699075
76137,32.859685,-97.291523
76140,32.6199351,-97.278061
76148,32.8684212,-97.2521325
76155,32.8239858,-97.0491128
76164,32.7806877,-97.3538628
76177,32.9674432,-97.3035079
76179,32.909919,-97.4342815
76180,32.8407211,-97.2242405
76182,32.8864983,-97.2080966
76201,33.2209735,-97.1460376
76203,33.2121312,-97.1518125
76205,33.1926316,-97.1292657
76207,33.2220158,-97.1761223
76208,33.2087057,-97.05541
76209,33.2314996,-97.1099858
76210,33.1494668,-97.0960156
76225,33.3740412,-97.6678087
76226,33.1054933,-97.1775202
76227,33.2733929,-96.9903951
76228,33.6179103,-98.0626639
76230,33.5237398,-97.931932
76233,33.5427253,-96.8948489
76234,33.2763185,-97.5141785
76238,33.4790162,-97.3518453
76239,33.512179,-97.576642
76240,33.6616023,-97.1763687
76241,33.6454138,-97.1762565
76244,32.9283246,-97.2769336
76245,33.8238032,-96.863133
76247,33.0942988,-97.3286425
76248,32.929111,-97.2262064
76249,33.2788233,-97.3023098
76250,33.6300587,-97.2424522
76251,33.6589773,-97.6854552
76252,33.6706963,-97.3779893
76253,33.625251,-97.3135789
76255,33.8113777,-97.7186777
76258,33.3710849,-96.9321953
76259,33.1986954,-97.3119999
76261,33.793074,-97.9638017
76262,33.0096653,-97.2199805
76263,33.5043465,-97.4373585
76264,33.7485107,-96.8368285
76265,33.7198759,-97.5408004
76266,33.3728272,-97.213258
76267,33.3693348,-97.3970991
76268,33.6278945,-96.7651054
76270,33.4614475,-97.7589759
76271,33.4688817,-96.9138655
76272,33.4559734,-97.1271348
76273,33.7438932,-96.9361206
76301,33.9050712,-98.4804177
76302,33.8661125,-98.4848489
76305,34.0061932,-98.3876873
76306,33.9496812,-98.527158
76308,33.8548329,-98.5373
76309,33.8955147,-98.5439935
76310,33.8051886,-98.5284791
76311,33.9732185,-98.5083945
76351,33.5580248,-98.6954269
76354,34.0901946,-98.6253793
76357,34.0787596,-98.1848435
76360,33.8827561,-98.8827104
76363,33.5132082,-99.5239459
76364,34.1433031,-99.0114194
76365,33.7574506,-98.2083832
76366,33.7146309,-98.7748791
76367,33.9714605,-98.7148405
76370,33.45617,-98.8957096
76371,33.4827209,-99.6549252
76372,33.2360077,-98.9325376
76373,34.1586769,-99.1276976
76374,33.3438821,-98.7631465
76377,34.0083184,-98.2585891
76379,33.6682386,-98.4891177
76380,33.6030217,-99.213584
76384,34.1413232,-99.3188197
76388,33.3228359,-99.6421265
76389,33.5128373,-98.4812349
76401,32.2712107,-98.2055102
76402,32.216519,-98.2158475
76424,32.8012132,-98.8869799
76426,33.1600601,-97.8400341
76427,33.1305957,-98.3964726
76429,32.7593726,-98.6664488
76430,32.8044875,-99.2230696
76431,33.3027868,-97.8684258
76432,31.8369422,-98.7843081
76433,32.3057254,-98.0096238
76435,32.2245293,-98.8559927
76436,31.8681743,-98.2184083
76437,32.3822721,-99.0238833
76439,32.6179631,-97.9268193
76442,31.8908959,-98.6130957
76443,32.113392,-99.2114577
76444,32.123666,-98.5774224
76445,32.3054035,-98.5421655
76446,32.0747477,-98.3596935
76448,32.3926146,-98.7906578
76449,32.9015918,-98.3155428
76450,33.060398,-98.6525022
76452,31.7604124,-98.3971181
76453,32.5841935,-98.3356938
76454,32.2265386,-98.7003771
76455,31.8214424,-98.3668077
76457,31.9446624,-98.0279721
76458,33.2158108,-98.1918647
76459,33.2753105,-98.3902146
76460,33.3067873,-98.4995316
76462,32.5207167,-98.0296647
76463,32.4554075,-98.4181683
76464,32.5792073,-99.1563922
76466,32.4288637,-98.7331392
76469,32.3361173,-99.2023917
76470,32.5030715,-98.6749458
76471,32.1072917,-98.9828865
76472,32.6077454,-98.1797711
76474,31.9586709,-98.7750523
76475,32.673266,-98.4858981
76476,32.3626492,-97.9243536
76481,32.9962518,-98.6983623
76483,33.1601167,-99.2827883
76484,32.7403112,-98.3024892
76486,33.0146393,-98.0531903
76487,32.9724821,-97.9048788
76490,32.9619491,-98.0443038
76491,33.0571382,-99.0388255
76501,31.0753033,-97.2524335
76502,31.1040222,-97.4120454
76504,31.1423329,-97.3746365
76511,30.798482,-97.4197465
76513,31.0570231,-97.503
76518,30.8520289,-97.1379946
76519,30.9947968,-97.0333631
76520,30.8726013,-96.9173182
76522,31.2190453,-97.9682237
76523,30.8027351,-97.2724145
76524,31.2686436,-97.2024954
76525,31.4735391,-98.1820437
76527,30.8361563,-97.7956038
76528,31.441046,-97.7745649
76530,30.7122301,-97.4248227
76531,31.686812,-98.18703
76534,30.8843712,-97.3784534
76537,30.8173087,-97.6029782
76538,31.628871,-97.9220968
76539,31.0906177,-97.995741
76541,31.1143844,-97.7293469
76542,30.9893884,-97.7027384
76543,31.1247434,-97.6435421
76544,31.3302538,-97.6896318
76548,31.0545769,-97.6417271
76549,31.0170773,-97.833092
76550,31.1026261,-98.2597761
76554,30.967883,-97.376957
76556,30.6966089,-96.8448137
76557,31.2937831,-97.4001898
76559,31.0832022,-97.6140557
76561,31.4288513,-97.5429379
76565,31.645074,-98.3492106
76566,31.5140883,-98.0001625
76567,30.6314874,-97.028281
76569,30.9393374,-97.2174593
76570,31.0822671,-96.9535145
76571,30.949256,-97.6044378
76573,30.8186521,-97.502432
76574,30.5793265,-97.3886183
76577,30.6133966,-97.1836689
76578,30.5354092,-97.2371696
76579,31.1972894,-97.2419068
76596,31.4762707,-97.7269617
76597,31.4844586,-97.7098387
76598,31.4754777,-97.734902
76599,31.4641525,-97.7375012
76621,31.8738061,-97.0873914
76622,31.8161914,-97.2432919
76623,32.2267825,-96.8004473
76624,31.6610473,-96.9551289
76626,32.122997,-96.723082
76627,32.1022165,-97.3893108
76628,32.0377906,-96.969837
76629,31.1497504,-96.6517848
76630,31.3496031,-97.2226391
76631,31.9865528,-96.9658498
76632,31.3065303,-97.0656534
76633,31.6951001,-97.3289409
76634,31.8053164,-97.5705424
76635,31.7162897,-96.6614277
76636,32.1702322,-97.2902106
76637,31.7746227,-97.7560112
76638,31.558396,-97.4445011
76639,31.8669535,-96.6558038
76640,31.6966195,-97.0737073
76641,32.0447071,-96.7869191
76642,31.4982094,-96.5254747
76643,31.4493624,-97.1975821
76645,32.0123828,-97.1270117
76648,31.8485963,-96.8073608
76649,32.0015893,-97.8826975
76650,31.9800793,-96.8636262
76651,32.1846743,-96.8682987
76652,32.1175381,-97.5756012
76653,31.2953984,-96.6071951
76654,31.7274901,-97.0133459
76655,31.3927361,-97.1737864
76656,31.1778412,-97.0636781
76657,31.438276,-97.3996808
76660,31.9356104,-96.8926758
76661,31.3072383,-96.8403302
76664,31.5606857,-96.8026569
76665,31.9250057,-97.7154067
76666,32.0402541,-96.8949893
76667,31.6570821,-96.4654169
76670,32.136018,-96.9889628
76671,31.9884492,-97.5312274
76673,31.7510255,-96.8917561
76676,31.8763848,-96.9590312
76678,31.6511206,-96.7491916
76679,31.9554349,-96.5767398
76680,31.1907434,-96.8013532
76681,31.9159373,-96.4360567
76682,31.4534504,-96.913489
76685,31.3394174,-97.0081792
76686,31.7431765,-96.5401987
76687,31.3691983,-96.4862557
76689,31.6621594,-97.5060789
76690,32.1042948,-97.7948481
76691,31.7698507,-97.0981692
76692,31.9597007,-97.3304213
76693,31.8111044,-96.4448023
76701,31.5520114,-97.1381999
76704,31.5754453,-97.1242471
76705,31.6267071,-97.0844738
76706,31.4563222,-97.0844422
76707,31.5538761,-97.1590819
76708,31.6271228,-97.2158927
76710,31.5397227,-97.1950094
76711,31.5137564,-97.1529835
76712,31.5265064,-97.260888
76798,31.5461068,-97.1209595
76801,31.7441542,-99.0564472
76802,31.7156322,-98.8946429
76820,30.7842572,-99.0412863
76821,31.7381815,-99.9504469
76823,31.6872764,-99.1682688
76824,30.936768,-98.4670659
76825,31.0985201,-99.3939092
76827,31.5271929,-99.1366165
76828,32.0061668,-99.2922039
76831,30.7575648,-98.9577866
76832,30.9629581,-98.7469252
76834,31.8819565,-99.4800431
76836,31.4224656,-99.5876419
76837,31.2071897,-99.8926716
76841,30.8540759,-100.1373088
76842,30.9231802,-99.1017201
76844,31.450936,-98.5021174
76845,31.5380659,-99.4881846
76848,30.8392348,-99.5637482
76849,30.472352,-99.8215057
76852,31.3576599,-99.4572608
76853,31.2676132,-98.3718323
76854,30.5558721,-99.5282365
76856,30.6914844,-99.2733121
76857,31.9312328,-98.9274039
76858,31.2071381,-99.6145488
76859,30.8852677,-99.8588613
76861,31.5955872,-100.2016349
76862,31.41481,-99.7052645
76864,31.5584146,-98.7488559
76865,31.8496528,-100.1535536
76866,31.43985,-99.9280323
76869,30.9096508,-98.9756655
76870,31.6043207,-98.5296479
76871,31.2702609,-98.9857804
76872,31.3358134,-99.1481585
76873,31.5057791,-99.3701004
76874,30.4769147,-100.1227172
76875,31.6014514,-100.0156186
76877,31.1570594,-98.7640073
76878,31.6577537,-99.2929318
76880,31.4449023,-98.315136
76882,31.7994385,-99.7163075
76884,31.6907406,-99.569051
76885,30.8589575,-98.8613135
76887,31.0315683,-99.1584644
76888,31.6098991,-99.6404903
76890,31.6941894,-98.766342
76901,31.5087255,-100.6487476
76902,31.5443677,-100.7245137
76903,31.4815189,-100.4379033
76904,31.2870195,-100.4235967
76905,31.4998299,-100.3158016
76908,31.4322483,-100.4031666
76909,31.4414247,-100.4662624
76930,31.1105308,-101.1196139
76932,31.1924575,-101.5637568
76933,31.8808403,-100.2839678
76934,31.6148981,-100.6766755
76935,31.072297,-100.4248313
76936,30.8918132,-100.6553148
76937,31.3910996,-100.150274
76939,31.268563,-100.5902952
76940,31.4368117,-100.1269439
76941,31.2452772,-100.8612449
76943,30.470373,-101.3216346
76945,31.8730402,-100.6046845
76950,30.4359398,-100.5647736
76951,31.8027482,-101.0556248
76953,31.727528,-100.3199601
76955,31.299186,-100.1388862
76957,31.3723007,-100.3051449
76958,31.6446818,-100.755172
77002,29.7568447,-95.3656519
77003,29.7506236,-95.3458125
77004,29.7242717,-95.3642421
77005,29.7184351,-95.4235554
77006,29.7408613,-95.3913032
77007,29.7715794,-95.4089297
77008,29.7982489,-95.4169332
77009,29.7953437,-95.3675896
77010,29.753615,-95.3597369
77011,29.742988,-95.3071145
77012,29.7185253,-95.274137
77013,29.7952684,-95.2339771
77014,29.9820361,-95.459978
77015,29.7648252,-95.1714159
77016,29.8624474,-95.297733
77017,29.691984,-95.2502317
77018,29.8274036,-95.4261014
77019,29.7533436,-95.412855
77020,29.7682971,-95.3089712
77021,29.6984301,-95.3568996
77022,29.8315897,-95.3795535
77023,29.721825,-95.3182748
77024,29.7671477,-95.5056272
77025,29.6857064,-95.4347635
77026,29.8001873,-95.3288878
77027,29.7393144,-95.4464243
77028,29.8251215,-95.2863595
77029,29.7593652,-95.2566265
77030,29.7055572,-95.401754
77031,29.652205,-95.5462295
77032,29.9858736,-95.3457951
77033,29.6683081,-95.3385741
77034,29.6146993,-95.1931805
77035,29.6555032,-95.4716632
77036,29.6990484,-95.5365072
77037,29.8913735,-95.3905611
77038,29.919329,-95.4412004
77039,29.908394,-95.3497947
77040,29.8765458,-95.5322436
77041,29.8577807,-95.5857186
77042,29.7406051,-95.5602565
77043,29.8109299,-95.5846394
77044,29.9063122,-95.1805606
77045,29.6318188,-95.4329215
77046,29.7344275,-95.4330986
77047,29.6106498,-95.3868633
77048,29.6232399,-95.327631
77049,29.8329294,-95.1490393
77050,29.9028869,-95.2692958
77051,29.6561134,-95.3786961
77053,29.5856808,-95.4612668
77054,29.6802499,-95.4049131
77055,29.7968972,-95.4927096
77056,29.748202,-95.4689478
77057,29.7440679,-95.4892098
77058,29.5615791,-95.099626
77059,29.6136861,-95.1181171
77060,29.935512,-95.3976242
77061,29.6471554,-95.2762041
77062,29.5757811,-95.1343339
77063,29.735679,-95.521587
77064,29.9241356,-95.5420369
77065,29.9264701,-95.6038012
77066,29.9572241,-95.5033187
77067,29.9526294,-95.4466086
77068,30.0070628,-95.4883618
77069,29.987811,-95.523217
77070,29.9794555,-95.5733166
77071,29.6517846,-95.5199294
77072,29.7004407,-95.5850228
77073,30.0001475,-95.4000695
77074,29.6879469,-95.5157251
77075,29.6214659,-95.2689677
77076,29.8600206,-95.3821837
77077,29.7536332,-95.6420037
77078,29.8540566,-95.2448132
77079,29.777978,-95.6031017
77080,29.8183504,-95.5224394
77081,29.7128292,-95.4785161
77082,29.7244903,-95.6400024
77083,29.6939909,-95.6478299
77084,29.8274859,-95.6599197
77085,29.620509,-95.485333
77086,29.9190347,-95.4916065
77087,29.686519,-95.3039167
77088,29.8814866,-95.4526195
77089,29.5869587,-95.2256006
77090,30.0090046,-95.4396105
77091,29.8530673,-95.435966
77092,29.831681,-95.4749047
77093,29.863156,-95.3419265
77094,29.7709175,-95.6986767
77095,29.9100493,-95.65884
77096,29.6753391,-95.479372
77098,29.7348128,-95.4160984
77099,29.6708695,-95.5859899
77204,29.7208875,-95.3435327
77301,30.3081546,-95.4302214
77302,30.2221193,-95.3449342
77303,30.3779524,-95.3771402
77304,30.3277596,-95.5160447
77306,30.2858402,-95.3123974
77316,30.306163,-95.6863903
77318,30.4449076,-95.5519069
77320,30.8077292,-95.5580357
77326,30.5037084,-94.8184797
77327,30.3479915,-94.930738
77328,30.4054023,-95.1920824
77331,30.6176984,-95.1843765
77334,30.7818192,-95.3734493
77335,30.5916528,-94.9207128
77336,30.0695761,-95.1066989
77338,30.014356,-95.2829953
77339,30.0467773,-95.2210224
77340,30.6565065,-95.5307435
77341,30.6982499,-95.5589595
77342,30.7387805,-95.5592118
77345,30.0531052,-95.1579431
77346,29.9919945,-95.1772683
77350,30.808479,-94.9120792
77351,30.7177924,-94.8172307
77354,30.2078526,-95.6429714
77355,30.1562571,-95.74926
77356,30.4656624,-95.7298882
77357,30.1568817,-95.1811208
77358,30.5433285,-95.4433506
77359,30.7738316,-95.2996526
77360,30.846249,-95.117513
77362,30.1565894,-95.6714649
77363,30.3162407,-95.8498025
77364,30.7729974,-95.2149505
77365,30.1134802,-95.274545
77367,30.8481453,-95.3901148
77368,30.4512248,-94.8406332
77369,30.4218148,-94.73533
77371,30.4939903,-94.9811802
77372,30.2676996,-95.2010085
77373,30.0621687,-95.3839657
77374,30.3922133,-94.6440933
77375,30.0946655,-95.5861868
77376,30.4439866,-94.6754867
77377,30.0598629,-95.6722066
77378,30.4646825,-95.3748519
77379,30.0394566,-95.5343829
77380,30.1369719,-95.4683604
77381,30.1771261,-95.5024891
77382,30.1951366,-95.5479169
77384,30.2338462,-95.49577
77385,30.1866824,-95.4290054
77386,30.100262,-95.3564881
77388,30.0619324,-95.4658766
77389,30.1234693,-95.5170643
77396,29.943359,-95.262498
77401,29.704019,-95.4609047
77406,29.6460903,-95.794526
77407,29.6796162,-95.704357
77412,29.5608244,-96.4582666
77414,28.9047685,-95.8875636
77415,28.9369775,-95.7066727
77417,29.4609557,-95.9560068
77418,29.9871165,-96.2529415
77419,28.8721498,-96.2519348
77420,29.2333885,-95.9187958
77422,28.9695499,-95.5821814
77423,29.8331423,-95.9869189
77426,30.1223117,-96.2584397
77428,28.6728884,-96.156984
77429,29.9952835,-95.6650368
77430,29.2598778,-95.6676621
77431,29.1325975,-95.818919
77432,29.0357511,-96.2282469
77433,29.9453009,-95.7413687
77434,29.5236435,-96.3181606
77435,29.5156941,-96.1210261
77436,29.3650479,-96.2526437
77437,29.2043654,-96.2727259
77440,28.8901603,-96.1454637
77441,29.6974281,-95.9095594
77442,29.4379025,-96.4950032
77443,29.3592042,-96.1807502
77444,29.2863771,-95.7778115
77445,30.0972185,-96.0642462
77446,30.0871173,-95.9895575
77447,30.0552817,-95.8247831
77448,29.4164474,-96.0854178
77449,29.8362854,-95.7343023
77450,29.7481689,-95.7361541
77451,29.4632162,-96.0253916
77453,29.2319375,-96.0192456
77454,29.5453795,-96.2385228
77455,29.1315804,-96.4453753
77456,28.9273788,-96.0896596
77457,28.7004027,-95.9450576
77458,28.9631697,-96.2498003
77459,29.5263929,-95.5337988
77460,29.3974342,-96.3845118
77461,29.3933252,-95.7748327
77464,29.6209324,-95.939254
77465,28.7119342,-96.226079
77466,29.8124545,-95.9993473
77467,29.2341745,-96.1824103
77468,29.1371903,-95.8512249
77469,29.491375,-95.702129
77470,29.5338164,-96.5326633
77471,29.5485199,-95.8620396
77473,29.7945942,-96.1037451
77474,29.7740597,-96.1900288
77475,29.5113326,-96.6729799
77476,29.6766029,-95.9733933
77477,29.6242744,-95.5680082
77478,29.6175227,-95.60829
77479,29.5650396,-95.6350587
77480,29.0914949,-95.7700744
77481,29.4714845,-95.5708427
77482,29.092714,-95.903493
77483,28.7806865,-95.8715651
77484,30.0835259,-95.9280884
77485,29.6406558,-96.0630301
77486,29.1604411,-95.6919892
77488,29.2956665,-96.0950949
77489,29.6004979,-95.5155369
77493,29.8532173,-95.8314569
77494,29.744657,-95.8155361
77498,29.6409725,-95.6557824
77502,29.6798536,-95.1995906
77503,29.6905957,-95.157031
77504,29.6479156,-95.1897803
77505,29.6483375,-95.1414988
77506,29.7183868,-95.1911261
77507,29.6243709,-95.0634646
77510,29.3488713,-95.0916179
77511,29.3807632,-95.2451935
77514,29.6880456,-94.6259022
77515,29.1734389,-95.451544
77517,29.3595257,-95.1408102
77518,29.5051825,-94.986711
77519,30.2183232,-94.5750585
77520,29.7367157,-95.0008472
77521,29.811924,-94.9633057
77523,29.7663025,-94.865759
77530,29.7893557,-95.1139874
77531,29.0388523,-95.4019371
77532,29.932894,-95.057219
77533,30.0871719,-94.5995566
77534,29.2151626,-95.3111931
77535,30.0548442,-94.9223165
77536,29.691659,-95.1165308
77538,29.9741671,-94.5229423
77539,29.4529973,-95.0284698
77541,29.0138571,-95.3294639
77545,29.5373228,-95.4730425
77546,29.5111324,-95.1930083
77547,29.7401228,-95.2391142
77550,29.3078526,-94.7693339
77551,29.2794618,-94.833527
77554,29.2350099,-94.9244886
77555,29.3107612,-94.7764716
77560,29.8668631,-94.5874444
77561,30.1347363,-94.7355038
77562,29.8297609,-95.0549396
77563,29.3036252,-95.0323847
77564,30.2321345,-94.655967
77565,29.5380692,-95.0329199
77566,29.0551338,-95.4725948
77568,29.3658306,-94.9880444
77571,29.6884555,-95.0573799
77573,29.5037848,-95.0873004
77575,30.0810729,-94.7525647
77577,29.2597406,-95.2645793
77578,29.4881523,-95.364962
77580,29.8568052,-94.8775046
77581,29.5615973,-95.2797591
77582,30.0137788,-94.6621061
77583,29.3742051,-95.4537559
77584,29.5444477,-95.3519653
77585,30.3306452,-94.5341762
77586,29.581848,-95.0387393
77587,29.6610243,-95.2283607
77590,29.3786273,-94.9166509
77591,29.399363,-94.9991149
77597,29.8283982,-94.6962981
77598,29.5394197,-95.1349929
77611,30.0150077,-93.828076
77612,30.4019234,-93.935124
77613,30.0276943,-94.3587818
77614,30.3060151,-93.747906
77615,30.357102,-94.0656805
77616,30.5668067,-94.2090424
77617,29.5307836,-94.4698583
77619,29.9459705,-93.9166563
77622,29.8623971,-94.2860458
77623,29.5612561,-94.4140205
77624,30.6789948,-94.2714946
77625,30.367544,-94.3914023
77627,29.9904086,-94.006974
77629,29.9774607,-94.43306
77630,30.066254,-93.8700977
77632,30.2015152,-93.8046478
77640,29.880511,-93.9411513
77642,29.9580217,-93.8919206
77650,29.4385152,-94.6636577
77651,29.98055,-93.9480207
77655,29.7099218,-93.9393654
77656,30.4244331,-94.1690626
77657,30.2267877,-94.1888507
77659,30.1714438,-94.4322746
77660,30.645369,-94.1396408
77661,29.7799595,-94.3686142
77662,30.1779235,-94.0181694
77663,30.5126623,-94.4067221
77664,30.5848515,-94.3962216
77665,29.7898881,-94.4063244
77701,30.0730533,-94.105486
77702,30.0862852,-94.128289
77703,30.114058,-94.109271
77705,29.9084541,-94.1752434
77706,30.1003589,-94.1669373
77707,30.0531423,-94.1660559
77708,30.1504531,-94.1534265
77713,30.0687943,-94.2596626
77801,30.639285,-96.3624538
77802,30.660911,-96.3222886
77803,30.6782624,-96.3871522
77807,30.6776871,-96.4836008
77808,30.797736,-96.3120843
77830,30.5324249,-95.9981527
77831,30.7317548,-95.9074654
77833,30.2058984,-96.4100672
77835,30.1935855,-96.5880514
77836,30.5374995,-96.6805133
77837,31.0142113,-96.6777014
77840,30.6115272,-96.3232665
77843,30.6153294,-96.3402339
77845,30.5610997,-96.2751385
77852,30.428385,-96.7575813
77853,30.3545512,-96.8408062
77855,31.1549812,-96.1030667
77856,31.0921074,-96.4121996
77857,30.7912794,-96.7550213
77859,30.8795235,-96.5163346
77861,30.7217157,-96.1092976
77863,30.3907686,-96.5588806
77864,30.9602885,-95.8941422
77865,31.2116683,-96.2031608
77866,30.4948748,-96.2148289
77867,30.7427306,-96.5707269
77868,30.3657758,-96.0464203
77871,31.0572003,-96.1109967
77872,30.8849641,-96.0895478
77873,30.582632,-95.8005377
77875,30.5789143,-95.9416737
77876,30.597562,-95.8569223
77878,30.491249,-96.4343815
77879,30.4165145,-96.4657171
77880,30.2869356,-96.1893652
77882,30.9113836,-96.3790996
77901,28.8062466,-96.9854453
77904,28.9175667,-97.011864
77905,28.7374185,-97.060318
77950,28.2461418,-96.8973996
77951,28.635946,-96.9114441
77954,29.0964877,-97.2957161
77957,29.0358751,-96.7162108
77960,28.6535148,-97.2523849
77961,28.8461427,-96.3770363
77962,29.0308149,-96.5033888
77963,28.6524565,-97.4057745
77964,29.3788482,-96.8346056
77968,28.9160653,-96.8540219
77969,28.7826492,-96.6539938
77970,28.8463411,-96.4341492
77971,28.8332619,-96.5216119
77973,28.5324668,-96.9642
77974,28.8978529,-97.2888768
77975,29.5756843,-97.0819757
77976,28.9405645,-97.1341804
77977,28.6808278,-96.8018663
77978,28.6903579,-96.5779099
77979,28.6096496,-96.6189802
77982,28.4446441,-96.4917884
77983,28.3764019,-96.6967581
77984,29.4656852,-97.1938928
77986,29.4766068,-96.7960783
77987,29.3455783,-97.0802032
77988,28.836933,-96.8847575
77990,28.4848883,-96.9248858
77991,28.7853621,-96.5960109
77993,28.8556544,-97.4196392
77994,29.178194,-97.4715495
77995,29.2004124,-97.0918813
78001,28.2315772,-99.2219952
78002,29.2837503,-98.7376933
78003,29.7079803,-99.1038942
78004,29.8576793,-98.5377023
78005,28.9357218,-98.8329415
78006,29.8585499,-98.703353
78007,28.4760721,-98.4084866
78008,28.7275886,-98.2598201
78009,29.3675849,-98.8898065
78010,29.9107532,-99.0468099
78011,28.8130966,-98.7261146
78012,28.7717564,-98.4535074
78013,29.9771714,-98.9049769
78014,28.3950981,-99.1138608
78015,29.7428958,-98.651458
78016,29.1813821,-98.9517207
78017,28.7415508,-99.2080394
78019,28.0243546,-99.2708436
78021,28.4374559,-98.8313698
78022,28.2382708,-98.1685937
78023,29.6215857,-98.7563717
78024,29.9954634,-99.485565
78025,30.0777895,-99.2854009
78026,28.7473042,-98.5591489
78027,29.9809165,-98.5293044
78028,30.0356813,-99.1652024
78029,29.8995394,-99.186974
78039,29.3121503,-98.8347923
78040,27.5133748,-99.50214
78041,27.5595705,-99.4629572
78043,27.570451,-99.3041876
78044,27.7325299,-99.229736
78045,27.8338145,-99.6814241
78046,27.3855254,-99.3891316
78050,29.0891515,-98.5024624
78052,29.2137931,-98.7790861
78055,29.8303484,-99.3313523
78056,29.5409292,-98.9426148
78057,29.0430627,-99.0164223
78058,30.1059192,-99.6008858
78059,29.189493,-98.8410112
78061,28.9019275,-99.1266436
78062,28.7494492,-98.2027843
78063,29.6896921,-98.9112157
78064,28.9245636,-98.4290827
78065,29.0798175,-98.6423028
78066,29.4930284,-98.8918675
78067,27.1036313,-99.3633495
78069,29.1883649,-98.6718447
78070,29.8923013,-98.4082733
78071,28.4744435,-98.1990543
78072,28.3253098,-98.5863919
78073,29.2439152,-98.622442
78074,29.9422851,-98.7922263
78075,28.5895054,-98.2705781
78076,26.9341091,-99.1310244
78101,29.3535526,-98.2383081
78102,28.4153994,-97.7144403
78104,28.5236239,-97.7620158
78107,28.5682784,-97.5792373
78108,29.5714195,-98.2203775
78109,29.4779828,-98.2934055
78111,29.0349591,-97.7369803
78112,29.1868559,-98.39282
78113,28.9452134,-98.1324662
78114,29.1267709,-98.1983712
78116,29.1022547,-97.7439643
78117,28.9383375,-97.9235718
78118,28.8747868,-97.9373672
78119,28.7214299,-97.9137817
78121,29.3510517,-98.0888663
78122,29.4572493,-97.7076061
78123,29.6051163,-98.0391345
78124,29.5572714,-98.1468924
78125,28.5318475,-97.9665452
78130,29.6936494,-98.068676
78132,29.7588173,-98.1910676
78133,29.8838769,-98.2522288
78140,29.3068023,-97.7633623
78141,28.9081213,-97.6188839
78142,28.5362906,-97.8129566
78143,29.2587098,-97.851241
78144,28.9512093,-97.8925785
78145,28.645392,-97.9924874
78146,28.6037668,-97.8399172
78147,29.0734455,-98.080406
78148,29.5432508,-98.2964779
78150,29.5381513,-98.2815628
78151,28.8699447,-97.7134564
78152,29.4292369,-98.2045319
78154,29.5471472,-98.2626045
78155,29.537496,-97.9365957
78159,29.2259409,-97.5850186
78160,29.2450741,-97.9089135
78161,29.2861509,-98.0503141
78162,28.5781777,-97.794476
78163,29.7687266,-98.4405203
78164,28.9796114,-97.5209522
78201,29.4684128,-98.5288891
78202,29.428224,-98.4607867
78203,29.4151249,-98.4593351
78204,29.4044041,-98.5050283
78205,29.4239451,-98.4864204
78207,29.422124,-98.5259784
78208,29.439875,-98.4581055
78209,29.488906,-98.456235
78210,29.3957757,-98.4644009
78211,29.3425496,-98.5700238
78212,29.4646111,-98.4936529
78213,29.5163949,-98.5230174
78214,29.3497597,-98.4767365
78215,29.4404459,-98.4802927
78216,29.5387385,-98.4912578
78217,29.5399736,-98.4200498
78218,29.4947489,-98.3965594
78219,29.4399279,-98.3844782
78220,29.4124331,-98.3983845
78221,29.2986397,-98.4831152
78222,29.355761,-98.386375
78223,29.3104875,-98.3875143
78224,29.3102366,-98.5461512
78225,29.3879674,-98.5258459
78226,29.383778,-98.5699402
78227,29.3898951,-98.6393775
78228,29.4606458,-98.5712789
78229,29.5055017,-98.577033
78230,29.5465145,-98.5572073
78231,29.5810186,-98.5425259
78232,29.5901454,-98.4762531
78233,29.5553186,-98.364027
78234,29.4608965,-98.43834
78235,29.3442418,-98.4389913
78236,29.3858968,-98.6225207
78237,29.420924,-98.566465
78238,29.4717865,-98.6176778
78239,29.5161842,-98.3618493
78240,29.5252914,-98.6043823
78242,29.3504002,-98.607054
78243,29.3710381,-98.5929876
78244,29.4776678,-98.3510824
78245,29.3931694,-98.7414401
78247,29.5814331,-98.4087763
78248,29.5900281,-98.5252616
78249,29.5667653,-98.6158008
78250,29.5027295,-98.6648969
78251,29.4616828,-98.6767274
78252,29.3359515,-98.6907093
78253,29.4702287,-98.7875907
78254,29.5305641,-98.72718
78255,29.6491646,-98.6663438
78256,29.6222885,-98.6261637
78257,29.6471033,-98.5810717
78258,29.6342085,-98.489808
78259,29.6251648,-98.4218523
78260,29.6985411,-98.4927291
78261,29.6895805,-98.402411
78263,29.3289098,-98.3128977
78264,29.2011925,-98.5089656
78266,29.650644,-98.339002
78330,27.7558183,-97.9259739
78332,27.7243128,-98.1344866
78336,27.9278919,-97.171277
78338,26.8561625,-97.7322233
78339,27.8000169,-97.7961117
78340,28.1207004,-97.1968895
78341,27.5750177,-98.4711293
78342,27.6601631,-98.0756918
78343,27.6260372,-97.7662343
78344,27.559603,-98.8549015
78347,27.573374,-97.4864036
78349,27.373485,-98.2854723
78351,27.667801,-97.7525802
78352,27.9815401,-97.6897825
78353,26.8829608,-98.2405188
78355,27.1888797,-98.2064115
78357,27.933768,-98.5673474
78358,28.0679488,-97.0422324
78359,27.9302196,-97.3005383
78360,26.8605043,-98.8320554
78361,27.0532315,-98.7475716
78362,27.8539273,-97.1964659
78363,27.436813,-97.8538277
78368,28.1136681,-97.801551
78369,27.4293301,-99.0859704
78370,27.9352922,-97.6052573
78371,27.5126018,-99.0735707
78372,28.0095543,-98.098803
78373,27.7762505,-97.1303975
78374,27.8853915,-97.300174
78375,27.3963101,-98.1712854
78376,27.3674718,-98.4832987
78377,28.3221157,-97.1624723
78379,27.3066143,-97.7804273
78380,27.7760695,-97.7419149
78382,28.1131798,-97.046273
78383,28.0728162,-97.9440639
78384,27.7345937,-98.4716768
78385,27.1216008,-97.8361323
78387,28.0810347,-97.5488994
78389,28.2463016,-97.6508112
78390,28.0076732,-97.3499383
78391,28.1795761,-97.7083927
78393,28.1851966,-97.3544692
78401,27.7968119,-97.3990921
78402,27.8518463,-97.439165
78404,27.767919,-97.3994443
78405,27.774039,-97.4387313
78406,27.7719209,-97.5154288
78407,27.8076276,-97.4477614
78408,27.7996354,-97.4436884
78409,27.8277864,-97.5095593
78410,27.8376559,-97.5931288
78411,27.7291769,-97.3850892
78412,27.7035729,-97.3450451
78413,27.6831924,-97.406176
78414,27.6589043,-97.3726544
78415,27.6589843,-97.4951467
78416,27.7493303,-97.4375851
78417,27.7375498,-97.4677593
78418,27.3890783,-97.3291454
78419,27.69696,-97.2692347
78501,26.2158171,-98.2395718
78503,26.1623321,-98.2487015
78504,26.2775912,-98.237279
78516,26.1445389,-98.1213121
78520,25.9608754,-97.5486068
78521,25.9439231,-97.317944
78526,25.9956886,-97.4508477
78535,26.2496104,-97.7312815
78536,26.643234,-98.4437259
78537,26.1731858,-98.057967
78538,26.3672127,-97.974038
78539,26.2806891,-98.1832948
78540,26.5490808,-97.991646
78541,26.452135,-98.2768113
78542,26.4325135,-98.0898836
78543,26.3011569,-98.0050726
78545,26.5856442,-99.1346512
78547,26.3041868,-98.6964026
78548,26.2765493,-98.6552679
78549,26.4893486,-98.0296879
78550,26.2557237,-97.6634995
78552,26.1937818,-97.7506903
78557,26.1094639,-98.2534633
78558,26.2927467,-98.0236894
78559,26.1457445,-97.8257199
78560,26.2637388,-98.4990697
78561,26.46891,-97.9157803
78562,26.2838019,-97.891227
78563,26.6723111,-98.2549717
78564,26.6712238,-99.1311146
78565,26.243544,-98.5609816
78566,26.1371848,-97.3885672
78567,26.0441552,-97.738421
78569,26.3788575,-97.746805
78570,26.1715394,-97.9110491
78572,26.2014837,-98.3571589
78573,26.2961913,-98.2999593
78574,26.3111698,-98.3729136
78575,26.0333055,-97.5502306
78576,26.317103,-98.4636988
78577,26.163436,-98.1938896
78578,26.0439547,-97.3065926
78579,26.0892102,-97.9462863
78580,26.5005983,-97.7478017
78582,26.5309027,-98.7402346
78583,26.2855111,-97.4715952
78584,26.5697373,-98.9919496
78585,26.4841677,-99.0806477
78586,26.1099412,-97.6454137
78588,26.7396802,-98.3985204
78589,26.151151,-98.1593071
78590,26.5018752,-97.6350626
78591,26.6391323,-98.5518873
78592,26.0620211,-97.8469602
78593,26.2757472,-97.8235239
78594,26.3463696,-97.8062433
78595,26.314425,-98.540363
78596,26.0972563,-97.9996514
78597,26.273207,-97.2763703
78598,26.541967,-97.419907
78599,26.2170044,-97.9879522
78602,30.1325048,-97.3295272
78605,30.7732948,-98.0451801
78606,30.0864441,-98.4579625
78607,30.8193787,-98.4881139
78608,30.931006,-97.9369742
78609,30.746922,-98.4513668
78610,30.0794593,-97.8410108
78611,30.8010534,-98.2834908
78612,30.0932048,-97.4904371
78613,30.5070795,-97.8194641
78614,29.4104113,-97.5871675
78615,30.4631176,-97.3928567
78616,29.9266018,-97.5535386
78617,30.1478031,-97.603558
78618,30.4882327,-99.173583
78619,30.1121562,-98.0310428
78620,30.2256068,-98.1362971
78621,30.3370231,-97.36042
78622,29.7825949,-97.779435
78623,29.9552854,-98.2168492
78624,30.2917861,-98.8709148
78626,30.6578952,-97.6178433
78628,30.6650276,-97.7806198
78629,29.4768424,-97.4489398
78631,30.3397698,-99.3065799
78632,29.685544,-97.471489
78633,30.7381872,-97.7545274
78634,30.5598495,-97.5440809
78635,30.2023522,-98.5416809
78636,30.3168979,-98.4249921
78638,29.6595876,-97.7851962
78639,30.656288,-98.4555369
78640,29.9948663,-97.8212385
78641,30.557354,-97.908507
78642,30.6956646,-97.9395077
78643,30.6796879,-98.7148511
78644,29.8725922,-97.6743627
78645,30.4500412,-97.9719776
78648,29.6942654,-97.6381111
78650,30.3038849,-97.2188991
78652,30.134626,-97.8606393
78653,30.3382288,-97.5207297
78654,30.5718493,-98.2104978
78655,29.8160624,-97.8350529
78656,29.9045115,-97.807308
78657,30.5333794,-98.378353
78658,29.5959518,-97.6225391
78659,30.2074166,-97.1253892
78660,30.4396304,-97.5946865
78661,29.7219287,-97.7589403
78662,29.9448007,-97.4435642
78663,30.4155192,-98.3116986
78664,30.5054135,-97.6472835
78665,30.5488745,-97.6362012
78666,29.8816623,-97.9847938
78669,30.4424776,-98.1233812
78670,29.7648003,-97.8485286
78671,30.2189556,-98.6299015
78672,30.8822481,-98.4891346
78674,30.6705741,-97.5984811
78675,30.434638,-98.7071425
78676,30.0387499,-98.1595909
78677,29.3477665,-97.59018
78681,30.541758,-97.7166375
78701,30.2705689,-97.7425893
78702,30.2633776,-97.7144828
78703,30.2932682,-97.7660504
78704,30.2430316,-97.7650806
78705,30.2947134,-97.7389784
78712,30.2839164,-97.7329372
78717,30.4895444,-97.7538421
78719,30.1393001,-97.6730921
78721,30.271276,-97.6834547
78722,30.2900852,-97.7145818
78723,30.3042378,-97.6857499
78724,30.2927095,-97.6179451
78725,30.2300111,-97.6085762
78726,30.4308004,-97.8400847
78727,30.4289844,-97.7177079
78728,30.4537644,-97.6866947
78729,30.4572458,-97.7564194
78730,30.3635769,-97.8398381
78731,30.348244,-97.7681386
78732,30.3801037,-97.8918575
78733,30.321401,-97.8847394
78734,30.3800587,-97.94781
78735,30.2691212,-97.8688162
78736,30.2483597,-97.9497446
78737,30.1770421,-97.9566618
78738,30.307015,-97.9889113
78739,30.1759671,-97.8908936
78741,30.2296808,-97.7136871
78742,30.2423539,-97.6592003
78744,30.1777912,-97.7251471
78745,30.207424,-97.7982436
78746,30.2968601,-97.8095661
78747,30.1247487,-97.741214
78748,30.1600236,-97.8233019
78749,30.2161746,-97.8558299
78750,30.4410835,-97.7866665
78751,30.3107556,-97.722767
78752,30.3314283,-97.7036432
78753,30.3835908,-97.6733492
78754,30.3567114,-97.6392807
78756,30.3222551,-97.7401633
78757,30.3516703,-97.7326665
78758,30.3876973,-97.7066547
78759,30.4027053,-97.7609384
78801,29.3629036,-99.8981322
78802,29.1462433,-99.9210552
78827,28.4309423,-99.723746
78828,29.8442557,-100.0091656
78829,28.8905586,-99.5836617
78830,28.5194904,-99.4771255
78832,29.4097064,-100.3914048
78833,29.6949256,-99.9717758
78834,28.5445944,-99.8683515
78836,28.3162602,-99.6337118
78837,29.9307805,-101.2849228
78838,29.5346471,-99.7065118
78839,28.7144729,-99.739675
78840,29.7297842,-100.9260082
78841,29.8434445,-101.4735688
78842,29.6397726,-101.005136
78843,29.3435742,-100.7891404
78850,29.2852848,-99.3291819
78851,30.2164205,-101.9246303
78852,28.943749,-100.2271389
78860,28.4010059,-100.2305977
78861,29.4145906,-99.155756
78870,29.273522,-99.608011
78871,29.900867,-101.620307
78872,28.9072228,-99.8810371
78873,29.8153757,-99.7273017
78877,28.9534373,-100.60675
78879,29.6471042,-99.7113067
78880,29.9510242,-100.2755494
78881,29.3823822,-99.4960306
78883,29.6737911,-99.3172264
78884,29.6365971,-99.5065339
78885,29.8353259,-99.557796
78886,29.1553068,-99.1862097
78931,30.038364,-96.4414405
78932,30.1641157,-96.7181951
78933,29.8014671,-96.3683166
78934,29.702699,-96.5671229
78935,29.6954934,-96.4242077
78938,29.8137706,-96.7084089
78940,29.9401254,-96.6588271
78941,29.7276173,-97.1584498
78942,30.1554838,-96.9382668
78943,29.6987964,-96.595534
78944,30.001358,-96.4867846
78945,29.9166587,-96.8889852
78946,30.1883696,-96.779058
78947,30.4434423,-97.0636555
78948,30.3214983,-96.9768226
78949,29.8477869,-97.0801899
78950,29.9049485,-96.4826169
78951,29.6205157,-96.836597
78953,29.8440284,-97.3582969
78954,30.0430164,-96.6991882
78956,29.6863849,-96.9337764
78957,30.0138808,-97.1820983
78959,29.7007453,-97.3013279
78962,29.6744394,-96.7344998
78963,29.9169198,-97.0287634
79001,35.2907979,-102.8054041
79002,35.2044138,-100.7702994
79003,35.6398084,-100.0826617
79005,36.3862531,-100.5160524
79007,35.668323,-101.4122472
79008,35.6983828,-101.4238376
79009,34.5291029,-102.8833626
79010,35.4516651,-102.1407334
79011,35.6354204,-100.2070502
79012,35.117246,-102.1072536
79013,36.0409531,-101.9961425
79014,35.9239841,-100.3326633
79015,34.947109,-101.9007121
79016,34.9833738,-101.914774
79018,35.7057812,-102.3438691
79019,34.9799592,-101.3885581
79021,33.9836637,-101.9930135
79022,36.0981254,-102.6069101
79024,36.4397733,-100.369084
79025,34.9494012,-102.2011651
79027,34.4975729,-102.3379792
79029,35.9019664,-102.0258968
79031,34.244322,-102.4499051
79032,34.2878013,-101.8949192
79033,36.3068442,-100.9766116
79034,36.3800579,-100.1647641
79035,34.6816504,-102.7818976
79036,35.5927602,-101.5443631
79039,35.2392657,-101.1328226
79040,36.2964798,-101.5871795
79041,34.0432546,-101.9319658
79042,34.7413422,-101.8935666
79043,34.3683465,-102.1348192
79044,35.8633151,-102.3674884
79045,34.8998552,-102.5148438
79046,36.1388278,-100.1072469
79051,36.4443489,-102.2240985
79052,34.3584392,-101.7646584
79053,34.4080173,-102.5794016
79054,35.4296182,-100.7839049
79056,36.2172538,-100.2213615
79057,35.1984775,-100.6212743
79058,35.5947308,-101.9513473
79059,35.7994687,-100.7338905
79061,35.5242834,-100.452264
79062,35.9885013,-101.5304071
79063,34.5170088,-102.1151475
79064,34.1809427,-102.1192621
79065,35.5182008,-100.8995366
79066,35.4992659,-101.0342497
79068,35.3285004,-101.4441382
79070,36.2365949,-100.7865111
79072,34.1719072,-101.7448279
79073,33.9560842,-101.9492483
79078,35.6987054,-101.5503441
79079,35.2065566,-100.248529
79080,35.7015439,-101.2127055
79081,36.2189964,-101.2047316
79082,34.218791,-102.2861863
79083,35.869815,-101.5124248
79084,36.2596868,-102.0265802
79085,34.7398861,-102.5091889
79086,36.1252179,-101.7841884
79087,36.3208432,-102.9171546
79088,34.575464,-101.6919582
79091,34.8706042,-102.1001716
79092,35.3134821,-102.5102999
79093,36.2663692,-101.029969
79094,34.8400774,-101.5096995
79095,34.8841629,-100.1961654
79096,35.4580329,-100.1997272
79097,35.4305755,-101.1738937
79098,35.1523542,-102.2157563
79101,35.2061139,-101.8394026
79102,35.2012626,-101.8491819
79103,35.1821498,-101.8003727
79104,35.2011475,-101.7899539
79106,35.2030508,-101.8916619
79107,35.2315178,-101.7942575
79108,35.3012584,-101.6757249
79109,35.1664163,-101.8864225
79110,35.1509925,-101.8697655
79111,35.2204361,-101.7080876
79118,35.1063668,-101.7399112
79119,35.1090836,-102.0178871
79121,35.1744609,-101.9292193
79124,35.2593241,-102.0474441
79201,34.4047178,-100.3411464
79220,33.7669584,-100.7643188
79223,34.2316692,-100.4808729
79225,34.2496343,-99.5074665
79226,34.9183363,-100.9970867
79227,33.8716032,-99.7473064
79229,33.666927,-100.7442621
79230,34.7101221,-100.0535833
79231,33.9416371,-101.0658428
79233,34.4984756,-100.4941366
79234,34.2169983,-100.926434
79235,33.9421424,-101.2634904
79236,33.603167,-100.29976
79237,34.8579523,-100.6733638
79239,34.6556227,-100.7638926
79240,34.8839367,-100.7606639
79241,34.179633,-101.3878128
79243,33.7677311,-101.025326
79244,34.0578993,-100.7931519
79245,34.6809653,-100.4764963
79247,34.396883,-99.3807027
79248,33.9430938,-100.2236905
79250,33.8942814,-101.5985416
79251,34.9434213,-100.4515655
79252,34.3066737,-99.7974276
79255,34.3499135,-101.0507618
79256,33.8819747,-100.8311499
79257,34.4469314,-101.2988737
79258,34.243411,-101.296434
79259,34.3583026,-100.4544342
79261,34.4497987,-100.8728841
79311,33.857882,-101.8815383
79312,34.0229543,-102.3072593
79313,33.81256,-102.1609189
79314,33.6301777,-103.0304704
79316,33.1341415,-102.3048004
79322,33.6612549,-101.209231
79323,32.9330538,-102.9045562
79324,33.8876074,-102.7353847
79325,34.414294,-102.9342733
79326,34.0991236,-102.2143208
79329,33.7164474,-101.6916543
79330,33.0181779,-101.2620856
79331,32.6710953,-101.9726722
79336,33.5997302,-102.4002299
79339,33.8866281,-102.3548536
79342,32.9031367,-102.3318826
79343,33.6457271,-101.5525782
79344,33.8567866,-103.0143154
79345,33.3375421,-102.3313498
79346,33.6453036,-102.8258526
79347,34.1861803,-102.7979223
79350,33.731452,-101.8258964
79351,32.9382263,-101.7770292
79353,33.7835783,-102.5914129
79355,33.1660237,-102.8947853
79356,33.28459,-101.3420825
79357,33.6464714,-101.4057606
79358,33.4219748,-102.1909493
79359,32.9236359,-102.5441319
79360,32.6900843,-102.7243021
79363,33.7077308,-102.0450212
79364,33.4455505,-101.6319458
79366,33.5303154,-101.6853432
79367,33.5893716,-102.1680552
79369,33.9431979,-102.1591109
79370,33.4446427,-100.9298033
79371,33.9796982,-102.6971699
79372,33.4248037,-102.5011117
79373,33.1587063,-101.8393388
79376,33.2476967,-102.637249
79377,32.9296477,-102.1335057
79378,33.0296074,-102.4428319
79379,33.4950334,-102.6534892
79380,33.7391544,-102.3278231
79381,33.3129118,-101.7705229
79382,33.468919,-102.0176195
79383,33.3244395,-101.9080794
79401,33.5868209,-101.851834
79402,33.5812382,-101.8420129
79403,33.6435343,-101.7581673
79404,33.5277019,-101.7937172
79406,33.5859142,-101.8783932
79407,33.5614599,-102.0857406
79410,33.5700713,-101.8910106
79411,33.5701153,-101.8577323
79412,33.546383,-101.8565163
79413,33.5457483,-101.8899364
79414,33.5477937,-101.9202295
79415,33.7007946,-101.8969879
79416,33.6000305,-101.9828534
79423,33.4399841,-101.855476
79424,33.4651749,-101.9352708
79501,32.7405906,-99.8903922
79502,33.1821544,-100.263878
79503,32.8874694,-99.6963818
79504,32.3104888,-99.3537105
79505,33.5595496,-99.844136
79506,32.1174356,-100.3300359
79508,32.2700423,-99.8303365
79510,32.266413,-99.5188938
79511,32.4341364,-101.2690299
79512,32.3231754,-100.9319909
79517,32.8795109,-101.2467844
79518,33.3081801,-100.7458095
79519,32.0441589,-99.7003292
79520,32.8769935,-100.1284831
79521,33.120371,-99.6317724
79525,32.6602781,-99.8269666
79526,32.6503725,-100.7564241
79527,32.5954923,-101.0994658
79528,33.1646018,-100.5781879
79529,33.435018,-99.8294999
79530,32.1039081,-99.7797443
79532,32.4080156,-100.7142642
79533,32.8486594,-99.5472683
79534,32.7532548,-100.2245909
79535,32.2234384,-100.4798349
79536,32.4741242,-100.0245233
79537,32.2758595,-100.2198613
79538,31.9762366,-99.7023771
79539,33.3599509,-99.8892622
79540,33.1506574,-100.0711398
79541,32.1477876,-99.8102225
79543,32.7208413,-100.3801118
79544,33.2932315,-99.8584733
79545,32.4152124,-100.5735387
79546,32.8801218,-100.4882673
79547,33.1977444,-99.9054432
79548,33.0711668,-99.9128354
79549,32.8985704,-100.9320204
79553,32.9409173,-99.8509651
79556,32.485191,-100.3921143
79560,32.6652353,-100.2130458
79561,32.5128078,-100.1766414
79562,32.2362506,-99.8664513
79563,32.4158231,-99.9062304
79565,32.3785738,-101.1029956
79566,32.1566009,-100.1117228
79567,31.9885951,-99.9770704
79601,32.5728423,-99.6421206
79602,32.3356769,-99.6674881
79603,32.3335514,-99.927724
79605,32.4345987,-99.7818269
79606,32.3627666,-99.8173342
79607,32.4231885,-99.8386805
79699,32.4621897,-99.7149421
79701,31.9924464,-102.0809845
79703,31.9800098,-102.1315512
79705,32.0960636,-102.0500386
79706,31.8469578,-101.9694554
79707,32.0374413,-102.1951962
79713,32.4961569,-101.7475364
79714,32.3122581,-102.6402058
79718,30.9942098,-103.7347333
79719,31.460655,-103.4041373
79720,32.1999854,-101.5048187
79721,32.2248948,-101.5273631
79730,31.1901699,-103.0542906
79731,31.4356966,-102.5817216
79733,32.1103726,-101.3668142
79734,30.6821598,-103.9809761
79735,30.7862355,-102.8511887
79738,32.7519339,-101.4748367
79739,31.7693246,-101.506391
79741,32.0076781,-102.6476112
79742,31.3605236,-102.8528856
79743,31.2366255,-102.7890648
79744,30.8908546,-101.9129483
79745,31.8328615,-103.0549246
79748,32.3899966,-101.6639752
79749,32.2554883,-101.8341481
79752,31.1130841,-102.1912592
79754,31.8200922,-103.488035
79755,31.5252609,-101.9975442
79756,31.5347713,-102.8774086
79758,32.0130977,-102.3272983
79759,31.7992259,-102.6330162
79761,31.8555829,-102.3484372
79762,31.9252864,-102.3578865
79763,31.8129195,-102.4546116
79764,31.876762,-102.4733413
79765,31.8965968,-102.2628965
79766,31.71573,-102.3758283
79769,31.6827716,-102.6252867
79770,31.8549821,-103.912233
79772,31.4003124,-103.5840821
79776,31.7772212,-102.5568311
79777,31.484586,-103.1610463
79778,31.2585035,-101.9735406
79780,31.0394162,-103.6575105
79781,30.6147204,-101.7656203
79782,32.1893905,-101.882857
79783,32.3320447,-102.0501762
79785,31.3213614,-103.9400521
79788,31.6031536,-102.9835135
79789,31.7747783,-103.2704188
79821,31.9768149,-106.5993165
79830,30.211507,-103.6267654
79832,30.36324,-103.6492467
79834,29.1827367,-103.2624615
79835,31.9356531,-106.5960888
79836,31.5701097,-106.211608
79837,32.0952608,-105.1624069
79838,31.4862915,-106.1611095
79839,31.42078,-105.6422399
79842,30.0130271,-103.027525
79843,29.8698245,-104.4123321
79845,29.653344,-104.397247
79846,29.3879687,-103.990395
79847,31.7470306,-105.1753143
79848,30.11968,-102.397964
79849,31.5669099,-106.2583751
79851,31.2795372,-105.2579136
79852,29.3649362,-103.6154787
79853,31.4340582,-106.0632383
79854,30.6254454,-104.6100597
79855,30.9308657,-104.8607117
79901,31.7593975,-106.4801279
79902,31.7848552,-106.4968814
79903,31.7862309,-106.4419111
79904,31.8491988,-106.4647923
79905,31.7660537,-106.4262016
79906,31.8090236,-106.4195471
79907,31.7072306,-106.3265627
79908,31.833114,-106.3649745
79911,31.9360687,-106.5356845
79912,31.8485833,-106.5343159
79915,31.7460407,-106.3714257
79916,31.8666116,-106.3872169
79918,31.8468889,-106.3694195
79920,31.8227727,-106.4598217
79922,31.8103693,-106.5559638
79924,31.9022364,-106.4135481
79925,31.8053277,-106.3688448
79927,31.6454236,-106.2748643
79928,31.6786355,-106.1151475
79930,31.8104225,-106.4689578
79932,31.874971,-106.6079811
79934,31.9506694,-106.4335175
79935,31.7680542,-106.3302765
79936,31.7736759,-106.2954152
79938,31.845514,-106.0196591
80002,39.7937165,-105.1083816
80003,39.8254134,-105.0644346
80004,39.8137797,-105.1221816
80005,39.8516498,-105.1314183
80007,39.8670382,-105.1977329
80010,39.7392505,-104.8617098
80011,39.7440332,-104.790013
80012,39.6997657,-104.8378337
80013,39.6614598,-104.7657659
80014,39.663552,-104.837771
80015,39.6280555,-104.7932543
80016,39.5930263,-104.7224004
80017,39.6994375,-104.7752963
80018,39.7019001,-104.6869617
80019,39.7785857,-104.6847541
80020,39.9307816,-105.0742866
80021,39.8906634,-105.1137237
80022,39.8611153,-104.7887769
80023,39.9758442,-105.0093807
80024,39.8441056,-104.9184145
80025,39.9255083,-105.2994863
80026,40.0121499,-105.0999069
80027,39.951506,-105.1581295
80030,39.8308215,-105.0374698
80031,39.8739362,-105.0387923
80033,39.7726754,-105.1048006
80045,39.7466612,-104.8372242
80101,39.4069359,-103.9444351
80102,39.7340171,-104.4385236
80103,39.7912001,-104.0938392
80104,39.3021117,-104.8196738
80105,39.6367194,-103.9662325
80106,39.186147,-104.515915
80107,39.4118939,-104.5721513
80108,39.4443763,-104.8531785
80109,39.3723439,-104.9120845
80110,39.6459357,-105.0113679
80111,39.6120043,-104.8827867
80112,39.573236,-104.86489
80113,39.6444448,-104.965111
80116,39.3200187,-104.7097118
80117,39.3955216,-104.3895852
80118,39.1896396,-104.8819256
80120,39.5938356,-105.0114595
80121,39.6103847,-104.9538101
80122,39.5803086,-104.9549168
80123,39.6160105,-105.0694488
80124,39.532798,-104.8912189
80125,39.4853817,-105.062779
80126,39.5421608,-104.9631236
80127,39.530726,-105.1643435
80128,39.5609218,-105.0799246
80129,39.5468788,-105.011599
80130,39.5283423,-104.9238693
80131,39.4762648,-105.0090402
80132,39.0865035,-104.8583571
80133,39.1134646,-104.8998058
80134,39.4828304,-104.7800012
80135,39.254744,-105.1569731
80136,39.7919777,-104.2799287
80137,39.7121762,-104.5940974
80138,39.5175324,-104.6709107
80202,39.7515262,-104.9976734
80203,39.7314186,-104.9827641
80204,39.7347567,-105.0206779
80205,39.7588609,-104.9646986
80206,39.7303694,-104.9525113
80207,39.7613846,-104.9166957
80209,39.7065813,-104.9657498
80210,39.6766258,-104.9623152
80211,39.7674439,-105.0197357
80212,39.7720475,-105.0480274
80214,39.7433121,-105.0690252
80215,39.7447733,-105.115977
80216,39.7877071,-104.9611388
80218,39.7311678,-104.9707153
80219,39.6952933,-105.0356013
80220,39.7337824,-104.9164651
80221,39.8160198,-105.0115523
80222,39.671314,-104.9282299
80223,39.6957936,-105.0038428
80224,39.6880649,-104.9115746
80226,39.7101311,-105.0921271
80227,39.6654578,-105.1021964
80228,39.6949397,-105.1731955
80229,39.8542496,-104.9575975
80230,39.720338,-104.8893082
80231,39.6712251,-104.8878612
80232,39.6881978,-105.0894837
80233,39.8975359,-104.9439221
80234,39.9099922,-105.002643
80235,39.6476071,-105.0894821
80236,39.6516333,-105.0396988
80237,39.6398707,-104.901711
80238,39.7774097,-104.879652
80239,39.7891966,-104.8336162
80241,39.9290792,-104.9542771
80246,39.7051734,-104.9307179
80247,39.6978092,-104.8788969
80249,39.8547459,-104.695804
80260,39.8669885,-105.001354
80264,39.7424774,-104.9854823
80266,39.7900066,-104.9003214
80290,39.7440923,-104.9867543
80293,39.7460786,-104.9897197
80294,39.7497942,-104.9897122
80301,40.04569,-105.2008901
80302,40.025056,-105.3486643
80303,39.9732218,-105.2092762
80304,40.0447272,-105.2883511
80305,39.9768726,-105.248683
80310,40.0039856,-105.2613682
80401,39.7188721,-105.2353424
80403,39.8287678,-105.3169235
80419,39.728414,-105.2024675
80420,39.3244006,-106.1161097
80421,39.4609316,-105.5011988
80422,39.8615743,-105.5397571
80423,39.845901,-106.5547023
80424,39.4732847,-106.0042595
80425,39.3501549,-105.2055906
80426,39.8754768,-106.9909465
80427,39.7936545,-105.5240873
80428,40.8436935,-106.9252492
80430,40.5193175,-106.4163198
80432,39.2303464,-105.8375069
80433,39.4981095,-105.3034367
80434,40.9033189,-106.2849846
80435,39.5738284,-105.9346512
80436,39.781044,-105.6402024
80438,39.744312,-105.7962623
80439,39.6344216,-105.4402447
80440,39.1322891,-106.0550053
80442,39.9246705,-105.8878988
80443,39.5033766,-106.174069
80444,39.6321984,-105.7346415
80446,40.1638916,-105.9345743
80447,40.2955599,-105.8221084
80448,39.4772042,-105.8344327
80449,38.929671,-105.7900964
80451,40.0400453,-106.0445398
80452,39.7120138,-105.5973344
80453,39.6648054,-105.2428403
80454,39.6298811,-105.247461
80455,40.0949712,-105.3977104
80456,39.3104122,-105.6894705
80457,39.6509699,-105.2997322
80459,40.1545653,-106.4141892
80461,39.2422424,-106.2878663
80463,39.982327,-106.7580751
80465,39.6090939,-105.2055347
80466,39.9880374,-105.5440538
80467,40.2076342,-106.8258568
80468,39.9148828,-106.1108956
80469,40.2144548,-106.9679919
80470,39.3797957,-105.3244036
80471,39.9350487,-105.4205342
80473,40.4494272,-106.1601343
80474,39.9232074,-105.5690463
80475,39.4109884,-105.6081819
80476,39.6706285,-105.8343433
80478,40.0221492,-105.8569355
80479,39.9926447,-106.8472605
80480,40.6728876,-106.3415656
80481,40.1014108,-105.5767641
80482,39.9015266,-105.7856766
80483,40.0917979,-106.9359802
80487,40.5814252,-106.8859539
80498,39.7466315,-106.2705296
80501,40.1648319,-105.1018518
80503,40.1690141,-105.2103757
80504,40.1656398,-105.0292313
80510,40.2124996,-105.6066003
80512,40.6311566,-105.5740429
80513,40.2994512,-105.1185525
80514,40.0706124,-104.9552936
80515,40.4623459,-105.3823032
80516,40.0541136,-105.0187118
80517,40.3979352,-105.6149273
80520,40.1140727,-104.9334376
80521,40.5930826,-105.127429
80524,40.6468542,-105.0295194
80525,40.5273576,-105.0414381
80526,40.52219,-105.1294409
80528,40.4990027,-105.0050512
80530,40.1015511,-104.9230444
80532,40.4838923,-105.4655646
80534,40.3318627,-104.9374671
80535,40.7362245,-105.1910622
80536,40.8788272,-105.3812226
80537,40.3830798,-105.2004165
80538,40.5446119,-105.2451083
80540,40.2246192,-105.4004558
80542,40.2340508,-104.999017
80543,40.3495427,-104.8573848
80544,40.1031047,-105.1715004
80545,40.8420118,-105.7028185
80546,40.5271118,-104.850247
80547,40.5266301,-104.9653645
80549,40.8575424,-105.0441255
80550,40.4887752,-104.8997319
80601,39.9621694,-104.8079216
80602,39.966162,-104.9088878
80603,39.9511463,-104.6602371
80610,40.6738646,-104.5913023
80611,40.6249414,-104.2490872
80612,40.8789638,-104.8237732
80615,40.5456576,-104.6456983
80620,40.3757575,-104.713561
80621,40.107188,-104.8012814
80622,40.5386957,-104.4419555
80623,40.2853395,-104.7825472
80624,40.4354514,-104.4230548
80631,40.4447002,-104.6793775
80634,40.4014105,-104.7923948
80640,39.8875496,-104.8808155
80642,40.0514156,-104.6121388
80643,40.1129272,-104.4891761
80644,40.334515,-104.4300478
80645,40.283314,-104.6491847
80646,40.4753789,-104.6975965
80648,40.7625071,-104.7304999
80649,40.4008358,-104.1857932
80650,40.6487302,-104.7812147
80651,40.2397566,-104.8154327
80652,40.1388757,-104.2751684
80653,40.4461249,-103.9777875
80654,40.135588,-104.0818823
80701,40.125042,-103.8175613
80705,40.2711137,-103.8342674
80720,40.0734922,-103.1873329
80721,40.688165,-102.1529767
80722,40.4760593,-103.2004949
80723,40.1936806,-103.5433286
80726,40.9231706,-102.7768485
80727,40.0244428,-102.5107578
80728,40.6399211,-102.8728602
80729,40.8762883,-104.2266081
80731,40.5876617,-102.59793
80732,40.9884668,-104.305251
80733,40.3571676,-103.4746717
80734,40.5198914,-102.2919524
80735,39.7098653,-102.2440771
80736,40.8118151,-103.0272367
80737,40.8951182,-102.1985918
80740,39.744369,-103.3848586
80741,40.5668342,-103.476991
80742,40.7557812,-103.8350175
80743,40.2150592,-102.9562887
80744,40.8736259,-102.3919679
80745,40.8954961,-103.4125563
80746,40.6070637,-102.4569528
80747,40.9338392,-103.1808696
80749,40.8670576,-102.5472757
80750,40.4147651,-103.6048459
80751,40.6519013,-103.2410627
80754,40.6653831,-103.6362323
80755,39.8965425,-102.3458214
80757,39.7910269,-103.5831298
80758,40.138835,-102.1930948
80759,40.1113527,-102.6907156
80801,39.73228,-103.1012712
80802,38.8278294,-102.1504709
80804,39.3468403,-103.2480693
80805,39.2968431,-102.4373668
80807,39.3213982,-102.2232247
80808,39.0082425,-104.3035473
80809,38.8520085,-105.0086135
80810,38.8222875,-102.4287077
80812,39.6334254,-102.8309667
80813,38.7544272,-105.1201077
80814,38.9448616,-105.1896631
80815,39.3891926,-103.0989834
80816,38.8577405,-105.3158641
80817,38.5882087,-104.6775303
80818,39.421692,-103.4648448
80819,38.9474276,-104.9981026
80820,38.7770491,-105.5669781
80821,39.0002804,-103.4472211
80822,39.6777843,-102.6786624
80823,38.6634637,-103.4191862
80824,39.6722363,-102.4996473
80825,38.833241,-102.8276936
80826,39.2187436,-103.6912888
80827,39.0564833,-105.4673591
80828,39.2640785,-103.704966
80829,38.8291008,-104.9329731
80830,39.1142169,-103.9128178
80831,38.981118,-104.4999451
80832,38.8965116,-103.7665385
80833,38.7632327,-103.9650896
80834,39.2965522,-102.8807156
80835,39.2187961,-104.0225586
80836,39.3031716,-102.582595
80840,39.0000684,-104.8644679
80860,38.7001643,-105.0973045
80861,39.3237014,-102.7714524
80862,38.9221724,-103.0580291
80863,39.0327178,-105.0543961
80864,38.6990058,-104.1875525
80902,38.6836556,-104.8222403
80903,38.8327906,-104.8138161
80904,38.8625645,-104.8704701
80905,38.8189104,-104.8383477
80906,38.7525937,-104.8782114
80907,38.8789943,-104.8211482
80908,39.0475852,-104.6905396
80909,38.8525664,-104.7743261
80910,38.8120658,-104.7745803
80911,38.7528245,-104.7197315
80913,38.687426,-104.748914
80914,38.8236942,-104.7053752
80915,38.8498359,-104.7169708
80916,38.8023786,-104.7091179
80917,38.8868373,-104.7404701
80918,38.9103931,-104.7803619
80919,38.9279477,-104.880258
80920,38.9557057,-104.7722749
80921,39.0608868,-104.8191364
80922,38.88995,-104.7008315
80923,38.9267345,-104.7143406
80924,38.967295,-104.7219826
80925,38.7700403,-104.6438675
80926,38.6347192,-104.9029724
80927,38.9283002,-104.6587725
80928,38.630401,-104.4016373
80929,38.8245943,-104.6083676
80930,38.805059,-104.5064381
80938,38.9065029,-104.6568768
80939,38.872785,-104.675754
80951,38.8785328,-104.6575775
81001,38.2953285,-104.5372381
81003,38.2776523,-104.6564256
81004,38.0440536,-104.71441
81005,38.2123152,-104.831773
81006,38.2399095,-104.4778505
81007,38.3858089,-104.7958817
81008,38.4057664,-104.57872
81019,37.9423043,-104.8357719
81020,37.4651354,-104.6099943
81021,38.4191979,-103.3764917
81022,38.0248435,-104.4347211
81023,38.0663215,-104.9264809
81024,37.2293147,-104.7116193
81025,38.455047,-104.3552963
81027,37.2466696,-103.7231629
81029,37.0829091,-102.508878
81030,38.1048595,-103.5114959
81033,38.1957698,-103.855605
81036,38.4151238,-102.7928289
81039,37.9390695,-104.0852038
81040,37.7832216,-105.2272078
81041,37.8523827,-102.3979406
81043,38.1197476,-102.223113
81044,37.8596631,-102.947678
81045,38.5654106,-103.1544474
81046,37.2959293,-104.3685998
81047,38.009822,-102.190671
81049,37.3043075,-103.3898314
81050,37.8557069,-103.471739
81052,37.9744236,-102.6389774
81054,37.9116649,-103.1904844
81055,37.3843537,-105.1189022
81057,38.1230155,-102.9019119
81058,38.1085096,-103.8866893
81059,37.5632576,-104.0014631
81062,38.29689,-103.9643394
81063,38.4307095,-103.7710603
81064,37.2247068,-102.9992831
81067,38.0161804,-103.7250344
81069,37.8917915,-104.8894365
81071,38.4332339,-102.2607871
81073,37.4254159,-102.7050598
81076,38.3432207,-103.6015945
81077,38.0204199,-103.6146708
81081,37.0654399,-104.1558427
81082,37.1853318,-104.4136406
81084,37.5640282,-102.4280819
81087,37.3916444,-102.4127984
81089,37.6304127,-104.674625
81090,37.3659022,-102.2304609
81091,37.1490923,-104.964713
81092,38.2152777,-102.9082547
81101,37.4693107,-105.8527299
81120,37.1953131,-106.34935
81121,37.016916,-107.4198241
81122,37.3018093,-107.5374484
81123,37.4112116,-105.5657095
81124,37.2854434,-106.1068686
81125,37.8192612,-106.069857
81126,37.1614511,-105.3472508
81128,37.0796915,-106.6209626
81129,37.1049546,-106.0216578
81130,37.7015749,-107.0968863
81131,37.8654124,-105.6791411
81132,37.7142259,-106.4161751
81133,37.4500097,-105.3284199
81136,37.7195103,-105.813477
81137,37.0519107,-107.6136014
81138,37.0230234,-105.6273882
81140,37.2991153,-106.1613653
81141,37.1614102,-105.8936473
81143,38.158406,-105.8499769
81144,37.5535353,-106.1394816
81146,37.6461217,-105.668323
81147,37.2866265,-107.0854156
81148,37.1718223,-105.9854148
81149,38.1000886,-106.3461445
81151,37.2390689,-105.711645
81152,37.1345424,-105.395987
81154,37.6340456,-106.6679271
81155,38.28645,-106.0655169
81201,38.5554776,-106.107468
81210,38.8086835,-106.677952
81211,38.9728665,-106.380438
81212,38.5423829,-105.4234879
81220,38.2979106,-107.4776788
81221,38.3623776,-105.1424299
81222,38.354899,-105.8161312
81223,38.3645278,-105.6126468
81224,38.8798621,-106.9330004
81225,38.9622944,-107.0163167
81226,38.3379064,-105.0894153
81227,38.5493257,-106.2900995
81228,39.0316328,-106.2769897
81230,38.3950649,-106.9536827
81232,38.2753504,-105.6090069
81233,38.4923234,-105.8137765
81235,37.9650612,-107.4051737
81236,38.6762575,-106.2637033
81237,38.6163123,-106.6212538
81239,38.5366824,-106.6082523
81240,38.5003519,-105.0343044
81241,38.6382581,-106.4908719
81242,38.471835,-106.0729012
81243,38.2659988,-107.1920937
81244,38.3639197,-105.164927
81248,38.4192069,-106.5000526
81251,39.1425479,-106.4375793
81252,38.1106427,-105.4275212
81253,38.1694667,-105.0664929
81301,37.5294267,-107.8215015
81303,37.1243753,-107.8548352
81320,37.7201407,-108.7351473
81321,37.3129704,-108.7345371
81323,37.7027269,-108.1266391
81324,37.6419793,-109.0095926
81325,37.9193295,-108.7127629
81326,37.1455887,-108.1165693
81327,37.516777,-108.656346
81328,37.2707593,-108.3296587
81330,37.234851,-108.4782864
81331,37.4458683,-108.9072908
81332,37.7003443,-107.9912267
81334,37.1461289,-108.6129503
81335,37.5438011,-108.7197909
81401,38.5149728,-107.7661479
81403,38.314564,-107.9283597
81410,38.8096903,-107.9764692
81411,38.2518349,-108.9788597
81413,38.9757405,-107.8990733
81415,38.6255118,-107.6275851
81416,38.6404677,-108.2545834
81418,38.8993536,-108.0580397
81419,38.8830711,-107.747726
81422,38.3202388,-108.70826
81423,38.009319,-108.4272635
81424,38.3450221,-108.5023187
81425,38.4582924,-108.118672
81426,37.8661277,-107.8207863
81427,38.0258345,-107.6097468
81428,38.9629875,-107.5995784
81429,38.3792205,-108.8828612
81430,38.0537453,-108.0671888
81431,38.1435306,-108.5141177
81432,38.1298669,-107.7453437
81433,37.7220064,-107.5793873
81434,38.9817021,-107.4305968
81435,37.8687513,-107.9251168
81501,39.0718439,-108.5460005
81503,39.0340256,-108.4865982
81504,39.1202981,-108.4885321
81505,39.2141223,-108.588404
81506,39.124877,-108.5586618
81507,39.0098847,-108.6518726
81520,39.111083,-108.4338445
81521,39.1566369,-108.8788328
81522,38.6854556,-108.921083
81523,38.9247176,-108.8894768
81524,39.2905351,-108.732843
81525,39.2595238,-108.9672982
81526,39.0830372,-108.3456145
81527,38.7984684,-108.4699822
81601,39.5875617,-107.3387117
81610,40.2892421,-108.8425691
81611,39.1581733,-106.6686317
81612,39.051104,-106.8450141
81615,39.2133713,-106.9427341
81620,39.6130303,-106.503056
81621,39.3781096,-106.8763602
81623,39.2460271,-107.1629123
81624,39.1594466,-107.7450953
81625,40.7046733,-107.7361567
81630,39.4580099,-108.5643398
81631,39.626454,-106.7712553
81632,39.6226748,-106.6070793
81633,40.3874268,-108.4689796
81635,39.5353146,-108.0666763
81637,39.7778258,-107.1058137
81638,40.3004031,-107.6427385
81639,40.5649929,-107.2466561
81640,40.6682993,-108.5140462
81641,40.1092644,-107.8182142
81642,39.3128086,-106.5676986
81643,39.1240917,-108.1492944
81645,39.4555871,-106.4583606
81646,39.1043995,-108.0051953
81647,39.5790878,-107.5329371
81648,39.9044892,-108.7919943
81649,39.484255,-106.291641
81650,39.7510374,-108.1137223
81652,39.4662429,-107.6732591
81653,40.8957476,-107.2422296
81654,39.2055624,-107.0458002
81655,39.753051,-106.6858785
81656,39.2794565,-106.7870999
81657,39.6493247,-106.3258373
82001,41.1000816,-104.9248839
82005,41.1463444,-104.8678792
82007,41.0841207,-104.6831506
82009,41.383479,-104.8534767
82050,41.446986,-104.2663313
82051,41.6041355,-105.6492796
82052,41.1200076,-105.3465526
82053,41.2408635,-104.3404666
82054,41.0642728,-104.3605202
82055,41.3706901,-106.2559883
82058,42.1530862,-105.6088982
82059,41.0534234,-105.178649
82060,41.2881203,-104.4975078
82061,41.4921175,-105.1432008
82063,40.7701561,-105.9705179
82070,41.2196437,-105.8441639
82072,41.4272947,-105.5502666
82073,41.1748644,-105.4378568
82081,41.5336383,-104.4808203
82082,41.2648824,-104.0900721
82083,41.7246668,-105.9908568
82084,41.0508322,-105.5159334
82190,44.5199666,-110.649087
82201,42.0019186,-105.1297826
82210,41.7116263,-104.7583034
82212,42.2610182,-104.5356505
82213,42.4946883,-105.0044453
82214,42.2642464,-104.7512873
82215,42.4668576,-104.7006296
82217,41.7598125,-104.1395242
82218,41.936235,-104.1400389
82219,42.4779141,-104.4830442
82221,41.6380382,-104.3284725
82222,43.1675449,-104.6467038
82223,42.12379,-104.3897979
82224,42.8159958,-104.9196287
82225,42.9612818,-104.3194555
82227,42.7175654,-104.7308626
82229,42.8776426,-104.9859041
82240,42.1593562,-104.1319669
82242,42.6472815,-104.1361951
82243,41.9919643,-104.4095162
82244,41.8975361,-104.4390414
82301,41.9831677,-107.4789984
82310,42.4456545,-107.8775135
82321,41.0929846,-107.6535337
82322,42.2464798,-107.5481914
82323,41.0295444,-107.5206987
82324,41.6605301,-106.4302107
82325,41.1523072,-106.7853282
82327,42.141638,-106.630301
82329,42.0428939,-106.1061294
82331,41.3998609,-106.8191836
82332,41.0641024,-107.3016531
82334,41.9536624,-106.9773239
82335,41.7617257,-106.8255068
82336,41.6982834,-108.2080179
82401,44.0112144,-108.1699517
82410,44.3518032,-108.1553908
82411,44.4499289,-108.4765818
82412,44.7903611,-108.5530465
82414,44.4037889,-109.6067171
82420,44.9189021,-108.4645433
82421,44.8869853,-108.6021493
82422,44.4976898,-108.379467
82423,44.9873133,-108.587815
82426,44.516609,-108.0361974
82428,44.2985938,-107.5904616
82430,43.8041872,-108.1791401
82431,44.871763,-108.157894
82432,44.2149635,-107.8478466
82433,44.0622542,-109.1047178
82434,44.3456881,-108.2954255
82435,44.8199663,-109.0510038
82440,44.7175122,-108.8677345
82441,44.5517863,-107.6113804
82442,43.9140588,-107.33342
82443,43.7171032,-108.475221
82450,44.5039701,-109.4338332
82501,43.0278019,-108.2378883
82510,42.9992062,-108.6090895
82512,43.0304184,-109.244958
82513,43.6277708,-109.6291694
82514,43.0665784,-109.0230809
82515,42.8971378,-108.5668308
82516,43.2129677,-108.8276537
82520,42.6614258,-108.6384713
82523,43.4109085,-108.8544827
82601,43.0699246,-106.3415847
82604,42.914918,-106.7072931
82609,42.7715822,-106.1860629
82620,42.5386655,-107.064701
82630,43.3296564,-107.3074063
82633,43.0221486,-105.3918505
82635,43.4218075,-106.2183404
82636,42.8287943,-106.1580071
82637,42.7600018,-105.8570579
82638,43.0587372,-107.2542836
82639,43.7380047,-106.6955528
82640,43.5648663,-106.1293742
82642,43.2786527,-107.6608464
82643,43.4223373,-106.2789566
82644,42.8428845,-106.3739058
82646,42.9776447,-106.7682192
82648,43.097998,-106.9158956
82649,43.2789462,-108.012764
82701,43.6940802,-104.4589571
82710,44.6931223,-104.306556
82711,44.7114667,-104.4806273
82712,44.525837,-104.1237793
82714,44.5518945,-104.6800451
82716,44.5354601,-105.6427052
82718,43.92249,-105.6088516
82720,44.7959961,-104.6705445
82721,44.4556423,-104.8983838
82723,43.991936,-104.4306228
82725,44.8767923,-105.7025931
82727,44.3349917,-105.2014692
82729,44.3711821,-104.3598235
82730,44.0448908,-104.7142892
82731,44.800584,-105.2239229
82732,43.7239725,-105.5827262
82801,44.8324991,-106.8963254
82831,44.6685178,-106.0416294
82832,44.6058212,-106.764278
82833,44.6053226,-107.1629822
82834,44.260573,-106.7310653
82835,44.7560406,-106.3592866
82836,44.8225185,-107.608741
82837,44.7269931,-106.277909
82838,44.9181154,-107.462869
82839,44.9606388,-107.1713843
82842,44.5714115,-106.9395013
82844,44.8060765,-107.1957362
82845,44.7582635,-106.731218
82901,41.3792715,-108.9781758
82922,43.1424423,-110.4568199
82923,42.614983,-109.4067424
82925,43.1680414,-109.7843673
82929,41.5493633,-109.8848756
82930,40.9582051,-110.6074979
82932,42.1243927,-109.385213
82933,41.2692576,-110.4978339
82934,41.6125108,-109.9957916
82935,41.6777216,-109.6599621
82936,41.0540185,-110.180295
82937,41.3470816,-110.264878
82938,41.0942989,-109.897385
82939,41.2189218,-110.3455669
82941,42.933762,-109.6908983
82942,41.6995694,-108.7650572
82943,41.7019606,-109.1839815
82944,41.1296006,-110.49642
82945,41.7200873,-108.9389033
83001,43.3945619,-110.629831
83011,43.5903134,-110.5324663
83012,43.7156076,-110.8071666
83013,44.048662,-110.426087
83014,43.4486035,-110.9668595
83025,43.5942078,-110.8465751
83101,41.9764852,-110.5474098
83110,42.7259024,-110.8492188
83111,42.8189767,-111.0113567
83112,42.8748717,-110.8490697
83113,42.5542003,-110.2675428
83114,42.1003805,-110.959785
83115,42.9115092,-110.2387123
83116,41.7590494,-110.5491171
83118,43.0478038,-110.92798
83119,42.6439121,-110.9882176
83120,43.1093891,-111.1388777
83121,41.8498591,-110.5402979
83122,42.821735,-110.9583863
83123,42.2369119,-110.2683543
83124,41.7587833,-110.3158803
83126,42.5811078,-110.9042089
83127,42.9189718,-110.9977529
83128,43.0400791,-110.7222076
83201,42.9060191,-112.3736282
83202,42.9681709,-112.3648656
83203,43.0252423,-112.4281409
83204,42.8050053,-112.5239309
83209,42.857816,-112.4261961
83210,43.020349,-112.8691669
83211,42.655458,-113.0764645
83212,42.5059853,-112.5478898
83213,43.4439256,-113.3642618
83214,42.5398461,-112.3076751
83215,43.4431349,-112.812428
83217,42.7692776,-111.9270094
83218,43.3180291,-112.1645378
83220,42.344881,-111.382503
83221,43.2947317,-112.5125032
83223,42.1831033,-111.4043087
83226,44.3724409,-114.0091027
83227,44.1586779,-114.495906
83228,42.2336209,-112.0602305
83232,42.1347013,-111.9710272
83233,42.1350423,-111.237956
83234,42.422608,-112.1012321
83235,44.6184236,-114.0532471
83236,43.1910953,-111.872456
83237,42.0274524,-111.7785579
83238,42.3812359,-111.0999242
83239,42.529656,-111.3578567
83241,42.5148505,-111.765362
83243,42.2328519,-112.6650362
83244,43.9024921,-112.9513663
83245,42.8728826,-112.1848873
83246,42.605661,-112.0312589
83250,42.6930108,-112.213168
83251,43.9446969,-113.9446595
83252,42.1744141,-112.4065641
83253,44.5357984,-113.754846
83254,42.3546534,-111.239581
83255,43.7117631,-113.4593711
83261,42.2203892,-111.4051312
83262,43.2169531,-112.8444214
83263,42.1812492,-111.7532134
83271,42.4422035,-112.9127795
83272,42.094673,-111.3821566
83274,43.348834,-112.0979829
83276,42.7550778,-111.4363161
83277,43.0745694,-112.6812074
83278,44.336299,-114.8136955
83281,42.3090165,-111.9593918
83283,42.3577661,-111.6678121
83285,43.0723855,-111.3030128
83286,42.0634231,-112.015748
83287,42.0216753,-111.4572882
83301,42.4005547,-114.524876
83302,42.0637785,-114.7335054
83311,42.4079511,-113.5607956
83312,42.1133031,-113.6363543
83313,43.3483556,-114.1992
83314,42.9715981,-114.9486487
83316,42.6255274,-114.8828001
83318,42.4392381,-113.8209802
83320,43.404258,-113.8893948
83321,42.3456247,-114.8474422
83322,43.3168166,-114.9669535
83323,42.4746823,-113.4494659
83324,42.8719526,-114.2621887
83325,42.5896071,-114.2364044
83327,43.5025511,-114.7721352
83328,42.5702413,-114.6162807
83330,42.941821,-114.6941207
83332,42.7975306,-114.9288681
83333,43.5718537,-114.2408703
83334,42.42108,-114.2927227
83335,42.5829419,-114.0738205
83336,42.56468,-113.8246453
83337,43.2240714,-115.1520584
83338,42.7285301,-114.4321258
83340,43.7361298,-114.5819466
83341,42.4356069,-114.3747111
83342,42.1449671,-113.2453967
83344,42.4111671,-114.1325064
83346,42.1956289,-113.9031133
83347,42.6548759,-113.7940332
83348,43.2803211,-114.1263356
83349,43.1105939,-114.1963054
83350,42.7109547,-113.6017813
83352,43.050625,-114.4129475
83353,43.692275,-114.3252014
83354,43.6701432,-114.3223105
83355,42.7574353,-114.7222058
83401,43.5424095,-111.877936
83402,43.5263465,-112.1820455
83404,43.4267789,-112.015502
83406,43.4390757,-111.9336226
83414,43.8614388,-110.9357249
83420,44.0594672,-111.3247991
83421,44.0018797,-111.5473164
83422,43.6890552,-111.3010736
83423,44.2839539,-112.3021668
83424,43.9018817,-111.1976303
83425,43.9320337,-112.2246781
83427,43.3575382,-111.7535486
83428,43.3926736,-111.1200499
83429,44.4816719,-111.3753463
83431,43.6884274,-112.0329351
83433,44.4928586,-111.317901
83434,43.7563857,-112.0066114
83435,43.9789164,-112.586433
83436,43.8668247,-111.4550851
83438,43.9596652,-111.7592576
83440,43.8085718,-111.8086203
83442,43.6287114,-111.8340266
83443,43.5309046,-111.5458485
83444,43.7193716,-112.3015736
83445,44.0377652,-111.7452797
83446,44.3651504,-112.2128015
83448,43.8495526,-111.7116809
83449,43.4264748,-111.3573869
83450,43.8449486,-112.3956761
83451,43.866555,-111.6333206
83452,43.7701107,-111.3292324
83454,43.5945807,-111.9568731
83455,43.6050322,-111.135365
83460,43.8163786,-111.7826072
83462,45.300529,-113.8178012
83463,45.56955,-113.975467
83464,44.4806159,-113.1985821
83465,44.7927399,-113.6723828
83466,45.4180613,-114.0362322
83467,45.0426987,-113.8569931
83468,44.9222516,-113.5922133
83469,45.0696788,-114.4080559
83501,46.2516957,-116.9250166
83520,46.5441481,-116.3264667
83522,45.9133657,-116.4736043
83523,46.2273611,-116.4675196
83524,46.351686,-116.6424148
83525,45.7400809,-115.3932312
83526,46.1477629,-116.4120713
83530,45.9180304,-116.0215734
83533,46.1156689,-116.240833
83535,46.5353621,-116.7362792
83536,46.2129691,-116.0226717
83537,46.6331701,-116.5294629
83539,46.2568243,-114.8466269
83540,46.3452037,-116.7826786
83541,46.4961715,-116.5005405
83542,45.561255,-116.3248304
83543,46.2732007,-116.2334301
83544,46.4907019,-116.1531589
83545,46.4264239,-116.4217934
83546,46.5730714,-115.7915187
83547,45.3083373,-116.3445681
83548,46.3367183,-116.5076535
83549,45.3617647,-116.2665933
83552,45.9839386,-115.9233133
83553,46.3934091,-115.8974682
83554,45.6882058,-116.2692064
83555,46.0766177,-116.7162219
83602,44.0910065,-116.1464593
83604,42.7474806,-115.6814608
83605,43.6640566,-116.6517289
83607,43.7101907,-116.7376296
83610,44.7433656,-116.7735697
83611,45.3438741,-115.0523348
83612,44.8497423,-116.5340732
83615,44.7056935,-116.0424628
83616,43.7755579,-116.3949544
83617,43.9368188,-116.5051928
83619,43.9692731,-116.911632
83622,44.1013546,-115.8845873
83623,43.0415644,-115.4002117
83624,42.9248817,-116.1485213
83626,43.6675684,-116.82535
83627,42.9135443,-115.5372938
83628,43.577972,-116.9653092
83629,43.9118705,-116.1304179
83631,43.8846949,-115.7773148
83632,44.5270243,-116.4084361
83633,43.0452063,-115.198933
83634,43.4464992,-116.3277101
83636,43.9069376,-116.6595626
83637,44.1039158,-115.1551572
83638,45.1236536,-115.7148493
83639,43.3995788,-116.8994801
83641,43.350004,-116.6357076
83642,43.5735695,-116.4009118
83643,44.6291955,-116.4560666
83644,43.7471542,-116.5841069
83645,44.3378325,-116.5764516
83646,43.6495848,-116.4317578
83647,43.4007483,-115.5229028
83648,43.0491862,-115.8658595
83650,42.8963161,-116.664341
83651,43.5860359,-116.627262
83654,45.2338717,-116.2450408
83655,43.951249,-116.7884882
83656,43.7249751,-116.7953976
83657,44.2363292,-116.3020122
83660,43.8017365,-116.9279905
83661,44.1057084,-116.7048887
83666,43.9615327,-115.9738983
83669,43.7247515,-116.4885619
83670,44.0186341,-116.3129194
83672,44.3741481,-116.9570987
83676,43.6560411,-116.9075226
83677,45.0395149,-115.2579978
83686,43.498853,-116.6042986
83687,43.6099723,-116.5291493
83702,43.6654838,-116.1443503
83703,43.6641229,-116.2414731
83704,43.6289566,-116.2880488
83705,43.5547742,-116.2214218
83706,43.5914417,-116.1942238
83709,43.5483559,-116.2852177
83712,43.6171638,-116.0931755
83713,43.639,-116.3374595
83714,43.7065043,-116.2767167
83716,43.8759348,-115.1603671
83720,43.6177067,-116.1997312
83725,43.604822,-116.2056194
83801,47.9590078,-116.6457815
83802,47.2779878,-115.61877
83803,48.0210944,-116.3726479
83804,48.0452834,-116.971344
83805,48.832637,-116.4994451
83806,46.8775774,-116.3740662
83808,47.3206393,-116.0643523
83809,48.0623366,-116.5811524
83810,47.542489,-116.4508031
83811,48.1105312,-116.1590093
83812,47.019444,-116.284061
83813,48.1152234,-116.6759328
83814,47.6906604,-116.6549173
83815,47.7262818,-116.7899475
83821,48.5233922,-116.8465259
83822,48.1712881,-116.9997075
83823,46.8209457,-116.5409116
83824,47.10929,-116.9433621
83825,48.2476787,-116.6078315
83826,48.9837266,-116.1518742
83827,46.7783439,-116.173678
83830,47.078864,-116.3527453
83832,46.5522942,-116.9095669
83833,47.5253421,-116.7439549
83834,47.008809,-116.7274991
83835,47.7969501,-116.6602505
83836,48.2443115,-116.192345
83837,47.528666,-116.090583
83839,47.6227722,-116.1805268
83840,48.3126127,-116.5150561
83841,48.2000629,-116.7698382
83842,47.4448367,-116.5465482
83843,46.7222448,-116.9401578
83844,46.7287629,-117.0199048
83845,48.7428851,-116.0955524
83846,47.4851891,-115.7345882
83847,48.5789031,-116.4299842
83848,48.72267,-116.914992
83849,47.5380985,-115.9919592
83850,47.4439577,-116.2073328
83851,47.2963438,-116.8997609
83852,48.3178468,-116.5337229
83854,47.7264348,-116.9761001
83855,46.994784,-116.8881541
83856,48.3324715,-116.8988934
83857,46.8866081,-116.8112694
83858,47.855304,-116.9038368
83860,48.1805413,-116.5362234
83861,47.2490379,-116.5868988
83864,48.4349,-116.504282
83866,47.1428325,-116.4400099
83867,47.5062454,-115.9469836
83868,47.516338,-116.1828215
83869,47.9823445,-116.8923579
83870,47.1385989,-116.8536142
83871,46.7419,-116.7427521
83872,46.8523733,-116.9731373
83873,47.5829146,-115.8435287
83874,47.6431529,-115.8049852
83876,47.455719,-116.9489205
84001,40.3452477,-110.2734868
84002,40.4311578,-110.2883595
84003,40.4716536,-111.6805903
84004,40.4888428,-111.7277764
84005,40.3227364,-111.9994263
84006,40.5969262,-112.1237997
84007,40.3451158,-110.2031858
84008,40.0334396,-109.1937628
84009,40.553454,-112.0181293
84010,40.8731217,-111.8350362
84013,40.2959825,-112.0944746
84014,40.9366458,-111.8333122
84015,41.1203562,-112.0607754
84017,40.9562387,-111.2142976
84018,41.2218837,-111.448409
84020,40.4976734,-111.866118
84021,40.1082257,-110.5337574
84022,40.3504639,-112.6402847
84023,40.9033406,-109.2173249
84024,41.0076726,-111.4471613
84025,40.9758121,-111.8993351
84026,40.294056,-109.8450981
84027,40.1551902,-110.777931
84028,41.9373906,-111.3895045
84029,40.5728869,-112.9532527
84031,40.6501033,-110.6567084
84032,40.3693092,-111.1870152
84033,40.9799736,-111.4914902
84034,39.9923707,-113.8789331
84035,40.408831,-109.2924885
84036,40.6992187,-111.0204245
84037,41.0224795,-111.9487623
84038,41.8920167,-111.2635446
84039,40.4401316,-109.8127417
84040,41.091695,-111.8971847
84041,41.0699291,-111.9812553
84042,40.3411249,-111.7247057
84043,40.4115523,-111.8742801
84044,40.7360847,-112.1212129
84045,40.2923829,-111.9287555
84046,40.952558,-109.7962761
84047,40.6153168,-111.8918148
84049,40.5041231,-111.5133989
84050,41.0240993,-111.6640308
84051,40.3894633,-110.4270155
84052,40.1665088,-109.9977389
84053,40.4349842,-109.9866547
84054,40.8386439,-111.9178497
84055,40.7450665,-111.1491133
84056,41.1291265,-111.9919303
84057,40.3142559,-111.7094949
84058,40.2747609,-111.7147064
84059,40.3035389,-111.7485814
84060,40.6443913,-111.5066422
84061,40.7640395,-111.3188215
84062,40.3838419,-111.6818708
84063,40.2118139,-109.6942178
84064,41.6829178,-111.1120317
84065,40.4939357,-111.9437245
84066,40.3462859,-110.0672818
84067,41.1718863,-112.0480306
84069,40.3651891,-112.4854649
84070,40.577114,-111.8891064
84071,40.3538137,-112.2679024
84072,40.3640415,-110.6329855
84073,40.3458587,-110.4163403
84074,40.5820736,-112.3035915
84075,41.0565252,-112.0698522
84076,40.447153,-109.8401648
84078,40.465526,-109.5108562
84080,40.0332288,-112.4518925
84081,40.6027623,-112.0382469
84082,40.3403453,-111.3616617
84083,40.8177887,-113.7395681
84084,40.6213919,-111.9660537
84085,40.5785865,-109.9249865
84086,41.4176278,-111.2012262
84087,40.8891158,-111.9282295
84088,40.5950704,-111.960812
84092,40.5519933,-111.7148003
84093,40.5947114,-111.8285415
84094,40.5716466,-111.8619387
84095,40.5585659,-111.9416739
84096,40.4870371,-112.0999829
84097,40.3046916,-111.673174
84098,40.7468543,-111.532877
84101,40.7563107,-111.8999615
84102,40.7598902,-111.8636179
84103,40.8034085,-111.8471075
84104,40.749441,-111.9815371
84105,40.7383464,-111.859829
84106,40.7067677,-111.8557264
84107,40.6580168,-111.8845186
84108,40.8090403,-111.727516
84109,40.7058116,-111.7045443
84111,40.7558119,-111.8842612
84112,40.765254,-111.8413618
84113,40.7627327,-111.8328488
84114,40.777946,-111.8882562
84115,40.7147666,-111.8926888
84116,40.8672379,-112.0250948
84117,40.6616701,-111.8356295
84118,40.656001,-112.0381268
84119,40.7002584,-111.9464247
84120,40.6968597,-112.0017437
84121,40.6169806,-111.6868121
84123,40.6583675,-111.921749
84124,40.6777508,-111.797558
84128,40.7051996,-112.0425703
84129,40.6535775,-111.9620632
84138,40.7667352,-111.8872718
84150,40.7714999,-111.8910636
84180,40.7704443,-111.9011046
84301,41.6136191,-112.1271907
84302,41.5847125,-112.051612
84304,41.8218418,-111.9791309
84305,41.9438129,-112.0643603
84306,41.7847656,-112.0538165
84307,41.480119,-112.5372057
84308,41.966388,-111.9676279
84309,41.7138458,-112.099135
84310,41.335387,-111.846823
84311,41.8201323,-112.1105694
84312,41.7773004,-112.1560938
84313,41.3679258,-113.6824872
84314,41.6493822,-112.0929445
84315,41.167508,-112.1377732
84316,41.7787464,-112.4480244
84317,41.3075511,-111.6201624
84318,41.8016655,-111.8042255
84319,41.5933488,-111.6600333
84320,41.9529427,-111.8521093
84321,41.7748134,-111.7127607
84322,41.7582239,-111.8125561
84324,41.4943313,-111.9411642
84325,41.7372359,-111.9978788
84326,41.6723259,-111.8177606
84327,41.8655612,-111.9971362
84328,41.5393676,-111.8444136
84329,41.8042081,-113.4762544
84330,41.9062768,-112.1702387
84331,41.94356,-112.3586902
84332,41.7031404,-111.8120198
84333,41.9102721,-111.7985002
84334,41.7895903,-112.1518799
84335,41.8239685,-111.8834954
84336,41.8800361,-112.8531044
84337,41.6908492,-112.2826445
84338,41.9138782,-111.9358086
84339,41.6252913,-111.9389521
84340,41.4029881,-112.1788645
84341,41.7706775,-111.8123924
84401,41.2187483,-112.0325858
84403,41.2149764,-111.8896075
84404,41.2695194,-112.117658
84405,41.1498845,-111.9568605
84408,41.1925787,-111.9394829
84414,41.3271463,-111.9654713
84501,39.5305321,-110.8108859
84511,37.5273471,-109.4115108
84512,37.1698491,-109.5656322
84513,39.2584218,-111.0083064
84515,38.9108225,-109.3524803
84516,39.1284344,-111.0670809
84518,39.3888727,-110.8768859
84520,39.5306858,-110.4183744
84521,39.4170333,-110.7624456
84522,38.8603101,-111.2232059
84523,39.0584853,-111.2201117
84525,39.0731513,-110.2231298
84526,39.6815444,-110.96517
84528,39.4023231,-111.0757827
84529,39.7115271,-110.773264
84530,38.2440794,-109.4043215
84531,37.0598437,-109.8329621
84532,38.5176658,-109.3851545
84533,37.4054148,-110.5372519
84534,37.2156439,-109.2663009
84535,37.8498808,-109.2964059
84536,37.1304067,-110.218555
84537,39.2996369,-111.1733572
84539,39.5760998,-110.4006813
84540,39.2165074,-109.520457
84542,39.742906,-110.4884501
84601,40.2272424,-111.6958097
84602,40.2541083,-111.650082
84604,40.3186636,-111.576954
84606,40.2149207,-111.6261742
84620,38.9224372,-111.9243019
84621,39.0514199,-111.8350951
84622,39.0981741,-111.8135278
84623,39.4538382,-111.5884496
84624,39.3826234,-112.5937303
84626,39.9360229,-111.9848923
84627,39.3553613,-111.5856645
84628,39.9357449,-112.1342996
84629,39.7655118,-111.4528788
84630,39.3106151,-111.8342169
84631,38.9977193,-112.3967751
84632,39.6449495,-111.6465112
84633,39.9397888,-111.8912466
84634,39.1780499,-111.8341666
84635,39.39071,-112.7215277
84636,39.1395933,-112.3388794
84637,38.7217551,-112.4871456
84638,39.5019269,-112.2577088
84639,39.5071733,-111.9001071
84640,39.4647504,-112.3922137
84642,39.2565681,-111.5521768
84643,39.1287239,-111.6848776
84644,38.8488746,-112.3320802
84645,39.8605127,-111.8400519
84646,39.5410546,-111.6087953
84647,39.5270882,-111.4065599
84648,39.686596,-111.8681724
84649,39.3465772,-112.3300136
84651,39.9577619,-111.6937438
84652,39.0172392,-111.8758761
84653,40.0479846,-111.6684884
84654,38.8641655,-111.6789826
84655,39.9713133,-111.8068196
84656,39.2351722,-112.1087871
84657,38.8185858,-111.9389374
84660,40.0406376,-111.4191137
84662,39.4397732,-111.4857405
84663,40.1926591,-111.4892186
84664,40.1262306,-111.5771764
84665,39.1921213,-111.6162471
84667,39.5003444,-111.6648376
84701,38.5907313,-111.8004464
84710,37.4691757,-112.510553
84711,38.725549,-112.0488121
84712,38.1365576,-111.9755771
84713,38.3325583,-112.5168951
84714,37.8381909,-113.7659574
84715,38.3322165,-111.6031311
84716,37.9444178,-111.4422596
84718,37.5795097,-112.0830257
84719,37.6608808,-112.7814672
84720,37.5934092,-113.2923371
84721,37.7686765,-113.1335949
84722,37.4848118,-113.5555936
84723,38.1754951,-112.249497
84724,38.674153,-112.1501443
84725,37.5403522,-113.7802059
84726,37.7533576,-111.5803616
84728,39.3331308,-113.9123983
84729,37.3826394,-112.6601505
84730,38.7363968,-112.0192838
84731,38.1864847,-112.7633845
84732,38.4453206,-111.9040868
84733,37.29713,-113.8056813
84734,38.3626903,-110.5768463
84735,37.6449298,-112.4495548
84736,37.6632772,-111.7877948
84737,37.0293505,-113.2463965
84738,37.2163219,-113.6985542
84739,38.6419958,-112.2229636
84740,38.2842812,-112.2643866
84741,37.1884517,-112.2492363
84742,37.5177367,-113.158779
84743,38.2082471,-112.1857308
84744,38.6261263,-111.9187078
84745,37.2084077,-113.2626546
84746,37.2386066,-113.350607
84747,38.4462774,-111.637732
84749,38.3543462,-111.4994983
84750,38.4386722,-112.1921023
84751,38.3700904,-112.9206239
84752,38.2510066,-112.8872399
84753,37.9652268,-113.8580425
84754,38.6107716,-112.1171055
84755,37.226514,-112.7853004
84756,37.742488,-113.5477402
84757,37.4645696,-113.2693049
84758,37.3265154,-112.780576
84759,37.9260714,-112.3900813
84760,37.9495816,-112.6617828
84761,37.8523288,-112.8660168
84762,37.4972453,-112.73698
84763,37.1466929,-113.0695038
84764,37.7853314,-111.9324538
84765,37.3377653,-114.0179514
84766,38.5985164,-112.3456885
84767,37.2013994,-112.9858046
84770,37.1383903,-113.6296012
84772,37.7932859,-112.9475667
84773,38.2507503,-111.4704792
84774,37.2432491,-113.2808931
84775,38.2896077,-111.03342
84776,37.6296097,-112.0824803
84779,37.3348863,-113.1221478
84780,37.1331674,-113.4736843
84781,37.3968418,-113.4750538
84782,37.3799125,-113.6676438
84783,37.2638301,-113.682839
84784,37.0186705,-112.9693175
84790,37.0460919,-113.5573056
85003,33.4505201,-112.0783435
85004,33.4516094,-112.0698796
85006,33.4652342,-112.0487712
85007,33.4465287,-112.0903187
85008,33.4638841,-111.9877631
85009,33.4445462,-112.1286749
85012,33.5075765,-112.0709811
85013,33.5111125,-112.0847312
85014,33.5072229,-112.0576902
85015,33.5086367,-112.1020557
85016,33.5101663,-112.031684
85017,33.508782,-112.1230681
85018,33.5197843,-111.9935936
85019,33.511534,-112.1433194
85020,33.5660608,-112.0556416
85021,33.561061,-112.0949244
85022,33.6271356,-112.0492217
85023,33.634118,-112.0931632
85024,33.6895928,-112.0446986
85026,33.4489047,-111.9735466
85027,33.6774731,-112.1022802
85028,33.5816058,-112.0081356
85029,33.5954143,-112.1097496
85031,33.493971,-112.1669261
85032,33.6259203,-112.0025027
85033,33.4935889,-112.2140371
85034,33.4303773,-112.0147381
85035,33.4716683,-112.1953933
85037,33.4867071,-112.2682581
85040,33.405566,-112.0254918
85041,33.386995,-112.1095736
85042,33.3555445,-112.0522417
85043,33.4330649,-112.1971719
85044,33.3379585,-112.0068872
85045,33.2988926,-112.1058768
85048,33.3019827,-112.0289107
85050,33.6873743,-111.9989314
85051,33.558759,-112.1324977
85053,33.6295949,-112.1318461
85054,33.6810248,-111.9448816
85083,33.7453595,-112.1746347
85085,33.7522379,-112.0902355
85086,33.8226978,-112.1302385
85087,33.9250051,-112.1488754
85118,33.3569855,-111.3630905
85119,33.3868235,-111.508244
85120,33.3868812,-111.5616671
85121,33.1371544,-111.9143107
85122,32.916724,-111.7479716
85123,32.7130782,-111.6783706
85128,32.9628376,-111.5097854
85131,32.6538428,-111.5771487
85132,32.926956,-111.2140929
85135,32.9949498,-110.7798977
85137,33.1363969,-111.022592
85138,33.0176628,-111.9912839
85139,32.923874,-112.2067083
85140,33.248065,-111.4892376
85141,32.6418079,-111.4345331
85142,33.192391,-111.6659402
85143,33.1560219,-111.5197551
85145,32.5413144,-111.3910561
85147,33.0977742,-111.7248334
85172,32.9048332,-111.9554509
85173,33.2682714,-111.1364828
85191,32.9849836,-111.4469342
85192,32.9629423,-110.6785309
85193,32.813284,-111.8404485
85194,32.901117,-111.6280482
85201,33.4335449,-111.8503995
85202,33.3797573,-111.8750177
85203,33.4503587,-111.8028936
85204,33.3957198,-111.7866076
85205,33.4331653,-111.71357
85206,33.3974321,-111.7164996
85207,33.453269,-111.6366731
85208,33.4024046,-111.6320727
85209,33.378291,-111.6344443
85210,33.3897328,-111.8435049
85212,33.3206073,-111.6307567
85213,33.4484129,-111.7661998
85215,33.5118956,-111.5793965
85224,33.3235105,-111.8761594
85225,33.3178283,-111.8305406
85226,33.2751162,-111.9251015
85233,33.3524449,-111.8125623
85234,33.365502,-111.7396598
85236,33.3229222,-111.7196132
85248,33.2148977,-111.866427
85249,33.2270587,-111.7996998
85250,33.5271304,-111.8894281
85251,33.494489,-111.920714
85253,33.5442421,-111.9588226
85254,33.6146027,-111.9496712
85255,33.6681878,-111.8225123
85256,33.5006093,-111.8350626
85257,33.4632123,-111.9137623
85258,33.5579182,-111.8929481
85259,33.6010407,-111.8094971
85260,33.608066,-111.8891765
85262,33.85797,-111.8051503
85263,33.9330953,-111.5595011
85264,33.6877587,-111.4873693
85266,33.762367,-111.9190911
85268,33.6067009,-111.7370151
85281,33.4274397,-111.9340043
85282,33.3939839,-111.9329063
85283,33.3646382,-111.9316044
85284,33.338285,-111.9339062
85286,33.2722733,-111.8338633
85295,33.3050245,-111.7372455
85296,33.3323279,-111.7498024
85297,33.280504,-111.7333954
85298,33.2398176,-111.7281981
85301,33.5337295,-112.17854
85302,33.5680902,-112.1780886
85303,33.5339762,-112.2208429
85304,33.5945473,-112.1795118
85305,33.5299637,-112.2556574
85306,33.6235616,-112.1752828
85307,33.5303628,-112.3100447
85308,33.6603822,-112.1849643
85309,33.5355531,-112.3763548
85310,33.7009773,-112.158084
85320,33.8355753,-113.232201
85321,32.3619931,-112.5847243
85322,33.159113,-112.8720367
85323,33.4188829,-112.3261386
85324,34.1215662,-112.0378622
85325,33.9628321,-113.8694125
85326,33.2291694,-112.5828659
85328,33.2526276,-114.6203603
85329,33.4317712,-112.2964097
85331,33.8842285,-111.9396009
85332,34.2071467,-112.9210183
85333,32.9762313,-113.3101515
85334,33.593912,-114.3633565
85335,33.585408,-112.3268107
85336,32.5087711,-114.7439628
85337,32.9755346,-112.8658083
85338,33.3729747,-112.4108287
85339,33.2408936,-112.142689
85340,33.5163817,-112.4235855
85341,31.9725692,-112.7195017
85342,33.9445173,-112.4513428
85343,33.337759,-112.690863
85344,33.9114072,-114.2571779
85345,33.5723262,-112.2481415
85346,33.6099138,-114.1582522
85347,32.7859663,-113.8068908
85348,33.6991781,-113.6638565
85349,32.4764499,-114.6835179
85350,32.563568,-114.7054993
85351,33.6057908,-112.2840601
85352,32.691195,-113.8962563
85353,33.4175113,-112.2769735
85354,33.4089401,-113.0701155
85355,33.5745701,-112.4529231
85356,32.689354,-114.185176
85357,34.0206721,-113.4506522
85360,34.5485216,-113.5743858
85361,33.7522615,-112.6293835
85362,34.2854511,-112.8432216
85363,33.5849687,-112.304916
85364,32.7045561,-114.6563041
85365,33.0175964,-114.1105212
85367,32.6608344,-114.3936094
85371,33.9673164,-114.3900478
85373,33.669222,-112.3002628
85374,33.6448931,-112.3950335
85375,33.6713826,-112.3571868
85377,33.8232136,-111.9132705
85378,33.6445509,-112.3199046
85379,33.6021257,-112.3740412
85381,33.6091377,-112.230287
85382,33.655591,-112.247623
85383,33.7984056,-112.3051788
85387,33.7091586,-112.4466936
85388,33.602425,-112.432075
85390,33.9036225,-112.8756673
85392,33.4765697,-112.3094283
85395,33.4850013,-112.4058557
85396,33.5365198,-112.7024629
85501,33.559004,-110.7691258
85530,33.0863477,-110.2666905
85531,32.8708689,-109.7807285
85532,33.4095655,-110.8420593
85533,33.2873572,-109.3804846
85534,32.7222256,-109.1531283
85535,32.9864701,-109.912689
85536,33.1475107,-109.9893949
85539,33.3357168,-110.9298784
85540,33.0039833,-109.3808718
85541,34.2233052,-111.3473378
85542,33.3246772,-110.3108464
85543,32.9537335,-109.8987798
85544,34.383579,-111.4772793
85545,33.5652482,-111.1404148
85546,32.6999393,-109.5885688
85550,33.5484569,-110.509039
85551,32.737814,-109.5622817
85552,32.8186611,-109.7855821
85553,33.7938378,-111.2234839
85554,33.9963989,-110.9987699
85601,31.5835019,-111.3311282
85602,32.1674953,-110.4118746
85603,31.4326689,-109.9190564
85605,32.3078518,-109.4708198
85606,32.0052955,-109.9300931
85607,31.4897729,-109.3368693
85608,31.4558689,-109.5821363
85609,32.0692968,-110.0969071
85610,31.7414141,-109.6718974
85611,31.6440938,-110.5118007
85613,31.5358769,-110.4137206
85614,31.8113004,-110.9310852
85615,31.3981363,-110.2106506
85616,31.7019851,-110.3226711
85617,31.577488,-109.7187636
85618,32.7763497,-110.6941786
85619,32.3957442,-110.7366656
85620,31.3384898,-109.9446544
85621,31.3879737,-110.8997287
85622,31.803004,-111.0910512
85623,32.6539868,-110.7844972
85624,31.5204196,-110.7229979
85625,31.8760257,-109.664234
85626,31.3593013,-109.568278
85627,32.0077882,-110.2355351
85629,31.9596233,-111.109271
85630,31.8868391,-110.1798312
85631,32.5812964,-110.5625007
85632,32.0584277,-109.1836677
85633,31.6073773,-111.5304987
85634,32.01236,-112.0213524
85635,31.5531079,-110.171088
85637,31.719434,-110.6909056
85638,31.6660243,-110.0595059
85639,31.7717159,-111.6822902
85640,31.5690338,-111.0446922
85641,32.0211383,-110.6462605
85643,32.4606843,-110.0003415
85645,31.6982085,-111.1425765
85646,31.6210415,-111.050259
85648,31.4963887,-111.0013379
85650,31.4988868,-110.2013192
85653,32.3987901,-111.3863327
85654,32.4151389,-111.1545727
85658,32.5159387,-111.1526219
85701,32.217037,-110.9713383
85704,32.33942,-110.9849966
85705,32.2712055,-110.9917242
85706,32.1478277,-110.9353676
85707,32.1801774,-110.8896322
85708,32.1757661,-110.860159
85709,32.1413437,-110.9901186
85710,32.2143884,-110.823663
85711,32.2150252,-110.8834613
85712,32.2528764,-110.8865838
85713,32.1945703,-111.014995
85714,32.1699611,-110.9465583
85715,32.2467101,-110.8361566
85716,32.242195,-110.9235281
85718,32.3131352,-110.9219638
85719,32.2462217,-110.9487689
85721,32.2310688,-110.9495675
85723,32.181859,-110.9649897
85724,32.2407874,-110.9456049
85726,32.2043406,-110.9452936
85730,32.1897854,-110.7204748
85734,32.0676128,-110.8671721
85735,32.1038862,-111.3345035
85736,31.8708859,-111.3669757
85737,32.4146149,-110.9465615
85739,32.6121708,-111.0089376
85741,32.3352919,-111.0417576
85742,32.3858887,-111.0547563
85743,32.3022876,-111.181839
85745,32.248976,-111.0613353
85746,32.0696205,-111.0904882
85747,32.0931677,-110.7723122
85748,32.2190117,-110.7521371
85749,32.2818514,-110.7316489
85750,32.2979499,-110.8448982
85755,32.4683509,-110.9815075
85756,32.0703302,-110.9062558
85757,32.128356,-111.1223054
85901,34.3148056,-110.0240138
85902,34.1560521,-110.1590666
85911,34.0920175,-110.4202865
85912,34.4146306,-109.9102258
85920,33.8585676,-109.1781839
85922,33.5107217,-109.1291269
85923,34.3231246,-110.3403458
85924,34.5666221,-109.6723571
85925,34.0188502,-109.3524926
85926,33.7692531,-109.9792746
85927,33.9907963,-109.4787896
85928,34.5179875,-110.5574733
85929,34.1711649,-109.965072
85930,34.0347627,-109.7706678
85931,34.3700053,-110.9156465
85932,33.9687769,-109.1807383
85933,34.3570929,-110.5092633
85934,34.3024846,-110.2443231
85935,34.1591215,-109.9273545
85936,34.5917246,-109.2904235
85937,34.5697347,-110.0143448
85938,34.163398,-109.414295
85939,34.4314285,-110.0852609
85940,34.2529478,-109.7017723
85941,33.8915245,-110.0632117
85942,34.7739062,-110.0341844
86001,35.3577365,-111.7711555
86003,35.2427487,-111.2019808
86004,35.3809395,-111.3734633
86005,35.0877258,-111.6191978
86011,35.1895121,-111.6547123
86015,35.222777,-111.8140658
86016,35.7523452,-111.6402647
86017,34.9406701,-111.681081
86018,35.2387266,-111.9697837
86020,35.9927985,-111.4978171
86021,36.9401353,-113.1462452
86022,36.7707276,-112.5582896
86023,36.050484,-112.013386
86024,34.6709206,-111.1908878
86025,34.8921861,-110.0657557
86028,35.0324761,-109.8155008
86029,34.9705551,-110.0131099
86030,35.8539135,-110.7991748
86031,35.3634923,-110.0665764
86032,35.0790028,-110.2844153
86033,36.677302,-110.2563012
86034,35.7708756,-110.1381471
86035,35.4018916,-111.0319295
86036,36.7888983,-111.8154962
86038,34.9105175,-111.4893394
86039,35.9721515,-110.5694451
86040,36.6595924,-111.3857123
86042,35.8617582,-110.3841515
86043,35.8097019,-110.5334409
86044,36.7355258,-110.8026504
86045,36.142217,-111.1233207
86046,35.4369068,-112.1762392
86047,35.1806709,-110.6209979
86052,36.2866044,-112.1433532
86053,36.7581831,-111.0563906
86054,36.6749549,-110.61808
86301,34.5980816,-112.4201567
86303,34.4971216,-112.4326182
86305,34.7697937,-112.756958
86313,34.5542219,-112.4528834
86314,34.5982514,-112.3307399
86315,34.6740284,-112.2890615
86320,35.3746871,-112.6238782
86321,34.553558,-113.0889583
86322,34.4723494,-111.8076266
86323,34.7660562,-112.4042411
86324,34.8201298,-112.1078922
86325,34.7334522,-111.8988578
86326,34.6985648,-112.013827
86327,34.5567922,-112.1109076
86329,34.4858879,-112.2766368
86331,34.7600895,-112.1169915
86332,34.3039994,-112.6178503
86333,34.3230411,-112.08197
86334,34.9480099,-112.5395931
86335,34.6483104,-111.6633128
86336,34.8785468,-111.8580314
86337,35.2410039,-113.0512031
86338,34.5729927,-112.757506
86343,34.1926943,-112.3195454
86351,34.7784629,-111.7851409
86401,35.1028418,-113.7584987
86403,34.4769078,-114.3441354
86404,34.5900497,-114.3078328
86406,34.3823864,-114.0806258
86409,35.4610063,-114.0180605
86411,35.4475339,-113.7437004
86413,35.1698369,-114.2568985
86426,35.013382,-114.549707
86429,35.2828824,-114.4775066
86431,35.4252088,-114.2473853
86432,36.7992446,-113.7239524
86433,34.9285821,-114.3585581
86434,35.6564121,-113.5927758
86435,36.0054473,-112.9450577
86436,34.7389691,-114.4169329
86437,35.3950955,-113.5978519
86438,34.6831901,-113.9877339
86440,34.8897091,-114.5421812
86441,35.5653503,-114.3000686
86442,35.0896135,-114.560868
86443,35.9487538,-114.4448722
86444,35.9054003,-114.0606361
86445,35.6874846,-114.5559351
86502,35.1429711,-109.6089803
86503,36.216892,-109.6824126
86504,35.8603906,-109.1393613
86505,35.6237543,-109.7069617
86506,35.3540856,-109.2587606
86507,36.4240393,-109.2834304
86508,35.3520675,-109.0870705
86510,36.2272212,-110.2721152
86511,35.7398749,-109.3688864
86512,35.095074,-109.2431649
86514,36.9058868,-109.3258065
86515,35.7075818,-108.9842097
86520,36.0427478,-109.9736038
86535,36.8231277,-109.8656331
86538,36.4210769,-109.6338584
86540,35.941437,-109.4439778
86544,36.5439945,-109.1421682
86545,36.7177716,-109.5407746
86547,36.5488237,-109.4743896
86556,36.2283127,-109.2203138
87001,35.4142845,-106.3828399
87002,34.6356422,-106.8286522
87004,35.3688749,-106.597242
87005,35.2655192,-108.003
87006,34.4844987,-106.8434765
87007,34.9654223,-107.4298148
87008,35.1494502,-106.4020056
87010,35.399804,-106.1390522
87011,34.0822532,-105.9722811
87012,36.1272973,-106.6516266
87013,35.8938856,-107.3356215
87014,35.1725461,-107.4069776
87015,35.0759064,-106.182984
87016,34.7551544,-106.0155897
87017,36.3096751,-106.7339861
87018,36.108441,-107.5309661
87020,35.0143686,-107.9250095
87021,35.1921181,-107.8789744
87022,34.9100124,-106.6948157
87023,34.6004968,-106.7674838
87024,35.6735247,-106.7494084
87025,35.834344,-106.6172566
87026,34.9811485,-107.207734
87027,36.1273129,-106.9473728
87028,34.3542159,-106.782522
87029,36.4193366,-107.0430986
87031,34.7791322,-106.725659
87032,34.8678587,-106.0419917
87034,34.9222093,-107.6343732
87035,34.9520429,-105.909387
87036,34.3720631,-106.2392116
87037,36.1880252,-107.7804096
87038,35.0876269,-107.4123472
87040,35.1377069,-107.4128848
87041,35.6016801,-106.3208335
87042,34.8283362,-106.6862132
87043,35.278891,-106.4309256
87044,35.7124929,-106.6565595
87045,35.3977202,-108.0115031
87046,36.2859871,-106.9150862
87047,35.2508464,-106.2887715
87048,35.2395747,-106.6270605
87049,35.1318677,-107.6290931
87051,35.0364067,-107.8527842
87052,35.5284643,-106.3705981
87053,35.5751137,-106.8825242
87056,35.1615778,-105.8851049
87059,34.9967558,-106.3006364
87060,34.7386813,-106.736554
87061,34.7051126,-106.3815314
87062,34.4618613,-106.6972212
87063,34.5550011,-105.8905902
87064,36.1838943,-106.5386547
87068,34.8924482,-106.6459117
87070,35.0225315,-105.7404757
87072,35.6082766,-106.3954969
87083,35.6449681,-106.363648
87101,35.0966869,-106.6433945
87102,35.0823773,-106.6466839
87104,35.1030444,-106.6744639
87105,34.9943003,-106.6847708
87106,35.0071386,-106.6098202
87107,35.1378004,-106.6425427
87108,35.0723432,-106.5783185
87109,35.1516671,-106.5749467
87110,35.1081936,-106.5781474
87111,35.1407759,-106.5145859
87112,35.1006092,-106.5162754
87113,35.1960687,-106.573385
87114,35.1974648,-106.6817572
87116,35.0489165,-106.561112
87117,34.9975951,-106.5208578
87120,35.1405385,-106.7609693
87121,35.0170458,-106.8883078
87122,35.1885293,-106.4935443
87123,35.0613613,-106.4712298
87124,35.2699197,-106.7956426
87144,35.330173,-106.7100877
87151,35.0076895,-106.8603406
87301,35.5221179,-108.7631874
87305,35.4032429,-108.7314846
87310,35.7466512,-108.5958679
87311,35.6066139,-108.5002088
87312,35.4290903,-108.3454042
87313,35.7981505,-108.2210415
87315,34.662552,-108.5508218
87316,35.4891857,-108.5262709
87317,35.5802303,-108.7524279
87319,35.4772808,-108.9396436
87320,35.8075867,-108.8713471
87321,35.0653032,-108.405061
87322,35.4853264,-108.6624965
87323,35.4568403,-108.1861274
87325,35.9839331,-108.5722043
87326,35.2770503,-108.8829
87327,35.0719833,-108.7886648
87328,36.0303503,-109.0324935
87347,35.3851647,-108.4579106
87357,34.8293771,-108.4092856
87364,36.1336349,-108.7120482
87365,35.5358886,-108.1379403
87375,35.6709991,-108.7889264
87401,36.7381581,-108.1832942
87402,36.7966078,-108.1517475
87410,36.8582267,-107.8954664
87412,36.6449654,-107.5474616
87413,36.460675,-107.9644755
87415,36.8271642,-108.0974572
87416,36.5851492,-108.4515852
87417,36.7501428,-108.351987
87418,36.9506865,-108.1502146
87419,36.9193059,-107.6402575
87420,36.8623945,-108.9356413
87421,36.7771736,-108.5271835
87455,36.2731376,-108.7137506
87461,36.4520718,-108.9247672
87499,36.3159664,-108.244437
87501,35.7081821,-105.8510206
87505,35.6197969,-105.8669831
87506,35.8245628,-105.9553503
87507,35.6218123,-106.1086356
87508,35.5206304,-105.9458419
87510,36.3619634,-106.476353
87511,36.0888576,-105.9752138
87512,36.9233649,-105.3435286
87513,36.5836771,-105.7012387
87514,36.5295559,-105.600602
87515,36.5570827,-106.3771188
87516,36.1778045,-106.46628
87517,36.3902907,-105.7927117
87518,36.520228,-106.5470278
87519,36.7646955,-105.6350339
87520,36.8750214,-106.6273453
87521,36.0179889,-105.6124522
87522,35.9640265,-105.8430715
87523,36.01112,-105.8628841
87524,36.9697386,-105.5374864
87525,36.5984902,-105.4980544
87527,36.1511307,-105.8384101
87528,36.7854612,-106.8788757
87529,36.4458552,-105.6661363
87530,36.3407592,-106.2017726
87531,36.2281666,-105.9016905
87532,35.9897513,-106.1256303
87535,35.566771,-105.7471887
87537,36.1421262,-106.2598978
87538,35.4931789,-105.5376759
87539,36.3855611,-105.9801709
87540,35.406897,-105.8734809
87543,36.1040144,-105.6578062
87544,35.7669656,-106.2950945
87547,35.8109804,-106.2076888
87548,36.1759283,-106.1853413
87549,36.2932732,-105.9645968
87551,36.6993678,-106.661441
87552,35.6701493,-105.613853
87553,36.2203867,-105.7343541
87554,36.5485377,-106.0701426
87556,36.8121602,-105.5572334
87557,36.2955692,-105.6351074
87558,36.6739432,-105.4555169
87560,35.2367157,-105.5262824
87562,35.406624,-105.6552207
87564,36.6156503,-105.6179487
87565,35.5158578,-105.4728668
87566,36.0675724,-106.0774322
87567,35.9940153,-106.0186907
87569,35.3503241,-105.3051621
87571,36.3515543,-105.4365193
87573,35.7717119,-105.7072177
87575,36.6428646,-106.5954194
87577,36.640015,-106.0030094
87578,36.0474406,-105.7701141
87579,36.0863544,-105.5319222
87580,36.5595525,-105.5746028
87581,36.5052508,-106.1530417
87582,36.1791239,-105.9944571
87583,35.2821817,-105.3522695
87701,35.5421132,-104.9334872
87710,36.3824387,-105.2302359
87711,35.2381652,-105.1390595
87712,35.8830987,-105.1660202
87713,36.1707869,-105.3611354
87714,36.4642667,-105.0589283
87715,36.0109235,-105.4225387
87718,36.5977132,-105.2395507
87722,36.1457764,-105.2755687
87723,36.0588217,-105.3755557
87724,35.1720121,-104.9852977
87728,36.603784,-104.594635
87729,36.3034117,-104.8178417
87730,36.1088292,-104.2315212
87731,35.7008491,-105.3990286
87732,35.9764542,-105.4655158
87733,35.7526597,-103.8548163
87734,36.1690981,-105.0910943
87735,36.048689,-105.1197811
87736,35.9780503,-105.1805922
87740,36.7671492,-104.3639412
87742,35.8716317,-105.4442748
87743,35.9743987,-104.0203418
87745,35.7907518,-105.2667735
87746,35.6552137,-104.1112278
87747,36.3544784,-104.4364084
87749,36.577591,-105.1272591
87750,35.8249779,-104.9270558
87752,35.9942181,-104.6573701
87753,35.8633134,-104.9542979
87801,33.9326133,-107.0738415
87820,33.9376491,-108.58682
87821,33.9498816,-108.0721457
87823,34.1834845,-106.958998
87824,33.8285807,-108.9817193
87825,33.9492425,-107.6554842
87827,34.3622812,-108.1374136
87828,34.205751,-106.9205504
87829,34.2366184,-108.6584811
87830,33.7083224,-108.7326891
87831,34.2830208,-106.8872079
87832,33.8421412,-106.8347867
87901,33.1608549,-107.0167868
87930,32.8271491,-107.3518986
87931,32.9239217,-107.3442264
87933,32.7911086,-107.2788669
87935,33.254706,-107.2286502
87936,32.7532341,-107.2602135
87937,32.5912712,-107.1952183
87939,33.3733357,-107.3372492
87940,32.6420704,-107.0066262
87941,32.7065645,-107.2149588
87942,33.0609675,-107.348906
87943,33.4501363,-107.6910302
88001,32.2902125,-106.7531376
88002,32.3820053,-106.4571062
88003,32.278723,-106.7456666
88004,32.2501851,-106.9492263
88005,32.2230495,-106.9875911
88007,32.3891073,-106.9751132
88008,31.8186574,-106.7572819
88009,31.9125848,-108.5363153
88011,32.3771603,-106.5763162
88012,32.5888537,-106.7712694
88020,31.7809849,-108.8271109
88021,31.9879388,-106.8036799
88022,32.8027397,-108.1881365
88023,32.7228041,-108.0882519
88024,32.0654011,-106.6180093
88025,33.1085834,-108.7259165
88026,32.7520191,-108.1629964
88027,32.0362329,-106.6814331
88028,32.9669119,-108.6705491
88029,31.8448787,-107.6947225
88030,32.1734504,-107.7274212
88034,32.5917356,-107.9650811
88038,33.126399,-108.3575918
88039,33.2931035,-108.5754606
88040,31.5972348,-108.3549723
88041,32.8104357,-107.8823555
88042,32.8119288,-107.5657128
88043,32.6029235,-108.1164039
88044,31.9807849,-107.1007422
88045,32.3311173,-108.7002857
88046,32.2677574,-106.7968203
88047,32.2144142,-106.7155308
88048,32.1446791,-106.6550353
88049,33.0513651,-108.0546903
88051,32.9995844,-108.9198494
88052,32.4502642,-106.6018392
88053,32.8959823,-108.2137966
88055,32.7277881,-108.7409846
88056,31.8407944,-109.0031045
88061,32.6285435,-108.4064122
88063,31.7990619,-106.5504591
88065,32.7137103,-108.3022923
88072,32.1380637,-106.6161063
88081,32.2193567,-106.2936715
88101,34.4994879,-103.2577208
88103,34.3821366,-103.3169436
88112,34.9227823,-103.1344243
88113,33.8044921,-103.088842
88114,33.4884894,-103.4174311
88115,33.9317662,-103.3446698
88116,33.8948623,-103.8190058
88118,34.229125,-103.6593654
88119,34.3592729,-104.3686961
88120,34.8993774,-103.4249623
88121,34.6798192,-103.9771981
88124,34.5361742,-103.6518302
88125,33.705861,-103.2254185
88126,33.8112665,-103.3720193
88130,34.1315261,-103.3266625
88132,33.9073429,-103.166813
88134,34.3717028,-104.0167105
88135,34.5599915,-103.0776858
88136,34.2440753,-104.8159247
88201,33.6688015,-104.4967337
88203,33.2906703,-104.067489
88210,32.7745875,-104.2241563
88220,32.314867,-104.4200137
88230,33.2191703,-104.3975633
88231,32.4242711,-103.2612793
88232,33.0577145,-104.1461253
88240,32.6746746,-103.4468046
88242,32.8129009,-103.1617959
88244,32.7641274,-103.2249486
88250,32.7019844,-104.9558463
88252,32.1552376,-103.3780408
88253,32.9838118,-104.5505501
88254,32.6278782,-104.4048227
88255,32.8109233,-103.9992205
88256,32.1932621,-103.8888869
88260,32.9930241,-103.382844
88262,33.1263976,-103.4038893
88263,32.1070479,-104.0967669
88264,32.8629738,-103.7098835
88265,32.5841981,-103.3464234
88267,33.2967282,-103.3923407
88268,32.1763224,-104.3793422
88301,33.7490889,-105.8519991
88310,32.7351842,-106.0403828
88311,32.8121024,-105.9906066
88312,33.4318831,-105.6439498
88314,33.1103332,-105.8672028
88316,33.7708838,-105.3707927
88317,32.8606059,-105.7212709
88318,34.2288112,-105.5125071
88321,34.7803748,-105.4461467
88323,33.4853366,-105.5648435
88324,33.4225413,-105.5269515
88325,32.855647,-105.853305
88330,32.8670913,-106.0966081
88336,33.331009,-105.2759353
88337,32.9964459,-105.8844953
88338,33.5371953,-105.3846958
88339,32.9580549,-105.3233857
88340,33.1761346,-105.5832417
88341,33.4734751,-105.8455895
88342,32.3892935,-106.108507
88343,33.2350682,-105.0677848
88344,32.5089454,-105.2177606
88345,33.3524386,-105.6710047
88346,33.3481461,-105.5407072
88347,32.755123,-105.6773933
88348,33.4148943,-105.4022582
88349,32.8014623,-105.8096618
88350,32.6138678,-105.6528198
88351,33.4715201,-105.0977242
88352,33.1658905,-105.9938612
88353,34.4991085,-105.103307
88354,32.7388163,-105.4945523
88355,33.3629143,-105.6694037
88401,35.0745833,-103.7802751
88410,35.8955037,-103.3163606
88411,35.2473433,-103.17642
88414,36.7795837,-104.0258766
88415,36.3627838,-103.3430818
88416,35.4772526,-104.2094658
88417,34.9309553,-104.2444964
88418,36.7513602,-103.641609
88419,36.8993793,-103.5418742
88421,35.3268822,-104.4973053
88422,36.3452839,-103.9914765
88424,36.4395371,-103.6643805
88426,35.5183173,-103.4475246
88427,34.7817511,-103.7641866
88430,35.6701173,-103.209111
88431,35.2124882,-104.3367779
88434,35.1200754,-103.3355122
88435,34.8858854,-104.8249235
88436,36.1586392,-103.1587552
88439,35.4937747,-104.3782125
89001,37.3376548,-115.3023777
89002,35.9984525,-114.9618118
89003,36.9461079,-116.7643464
89004,36.0416268,-115.412576
89005,35.9996277,-114.8520396
89007,36.6666572,-114.226747
89008,37.2861326,-114.513062
89010,37.8246942,-118.0791972
89011,36.084816,-114.9631799
89012,36.0119172,-115.0431583
89013,37.3689452,-117.262121
89014,36.0615454,-115.0576715
89015,36.0388898,-114.9283162
89017,37.7022146,-115.3336454
89018,36.5706447,-115.6680058
89019,35.7694908,-115.5159113
89020,36.5625252,-116.4198297
89021,36.6402126,-114.4710265
89022,38.5184117,-117.0149237
89025,36.6832111,-114.7897291
89026,35.7492272,-115.2847488
89027,36.8145316,-114.0933343
89029,35.1297468,-114.6556716
89030,36.2123048,-115.1231338
89031,36.2584569,-115.1707428
89032,36.2223858,-115.1735847
89034,36.8092348,-114.1497786
89039,35.2657401,-114.8724491
89040,36.3490769,-114.5223303
89042,37.7981619,-114.3585975
89043,38.2774919,-114.4072175
89044,35.9398679,-115.0562875
89045,38.8733079,-117.0982505
89046,35.5139239,-114.8105984
89047,37.7577262,-117.6386496
89048,36.1636313,-115.9874802
89049,38.3909839,-116.3993148
89052,35.9798738,-115.1079443
89054,35.920973,-115.1905157
89060,36.391556,-116.0575681
89061,36.0701105,-115.9062487
89070,36.5008191,-115.6395601
89074,36.0363698,-115.0811862
89081,36.2584774,-115.107492
89084,36.2974858,-115.1569317
89085,36.3096023,-115.1981748
89086,36.2835995,-115.1099624
89101,36.1727881,-115.1223241
89102,36.1453396,-115.1866066
89103,36.1123605,-115.2121483
89104,36.1511882,-115.1093705
89106,36.1820658,-115.1624874
89107,36.1712406,-115.209288
89108,36.2050885,-115.223683
89109,36.1316223,-115.169932
89110,36.1736534,-115.0554795
89113,36.0602038,-115.2623254
89115,36.2537023,-115.0429358
89117,36.140961,-115.281091
89118,36.077788,-115.2130107
89119,36.08452,-115.1460714
89120,36.0806522,-115.0958684
89121,36.1214097,-115.0913665
89122,36.1039655,-115.0378255
89123,36.0352159,-115.1491232
89124,36.3918059,-115.6830197
89128,36.1967843,-115.2644058
89129,36.2332497,-115.2902529
89130,36.2534815,-115.2267063
89131,36.3061431,-115.2430238
89134,36.2026265,-115.3078077
89135,36.0953021,-115.3716503
89138,36.202093,-115.3649994
89139,36.0343236,-115.2111394
89141,35.9881471,-115.2074228
89142,36.148113,-115.0310013
89143,36.3216925,-115.2928721
89144,36.1774885,-115.3194305
89145,36.1674928,-115.276239
89146,36.1432502,-115.2267891
89147,36.1128916,-115.2798705
89148,36.0633546,-115.2967629
89149,36.2707961,-115.2946235
89156,36.1590324,-114.9817416
89158,36.1047811,-115.176621
89161,36.0373903,-115.5082361
89166,36.3373114,-115.4685474
89169,36.1240889,-115.1418105
89178,35.9878264,-115.2953528
89179,35.8916064,-115.3279346
89183,35.9961941,-115.1579761
89191,36.2472825,-115.0041861
89301,39.5311336,-114.7674042
89310,39.4742044,-117.1402993
89311,39.2364988,-114.1406289
89314,38.8626768,-115.6418022
89315,39.1854851,-114.8448669
89316,39.6713443,-116.013637
89317,38.9045332,-115.0162768
89318,39.4385879,-114.8172156
89319,39.2791723,-114.987342
89402,39.2304165,-120.0021765
89403,39.2270477,-119.4743459
89404,41.8416626,-118.8786579
89405,40.4504643,-119.4692431
89406,39.3589978,-117.9467645
89408,39.6708429,-119.0064086
89409,38.7264996,-117.9497132
89410,38.7831163,-119.5592897
89411,39.0183635,-119.8530376
89412,41.1211626,-119.7049815
89413,39.0734473,-119.9228569
89414,41.061054,-117.2206291
89415,38.5171927,-118.788741
89418,40.574412,-118.0414811
89419,40.342885,-118.2876988
89420,38.5080385,-118.1805271
89421,42.0445173,-117.9470085
89422,38.4303628,-118.1806233
89423,38.9971348,-119.7353339
89424,40.1083093,-119.4482147
89425,41.6583032,-117.8815921
89426,41.4775692,-117.6173399
89427,38.899935,-118.6459612
89428,39.2568786,-119.6309729
89429,39.3568613,-119.2696479
89430,38.795686,-119.3178369
89431,39.5383235,-119.7497935
89433,39.5975621,-119.7781366
89434,39.5406166,-119.5439926
89436,39.6173002,-119.7043617
89437,39.5011557,-119.4688051
89438,40.8037398,-117.1271612
89439,39.5233524,-119.9903835
89440,39.2960584,-119.6620184
89441,39.6813902,-119.6875473
89442,39.6930352,-119.3447677
89444,38.7398343,-119.3827195
89445,41.1210694,-118.0085482
89446,40.878797,-117.953217
89447,38.8297177,-119.1147701
89448,38.9964636,-119.9174927
89449,38.9551576,-119.9114728
89450,39.2413476,-119.9383092
89451,39.2690085,-119.945726
89460,38.9022527,-119.7924934
89496,39.1994699,-118.5710116
89501,39.5260235,-119.8126235
89502,39.4940623,-119.7423286
89503,39.541037,-119.8401282
89506,39.6988368,-119.8262679
89508,39.7806198,-119.9137547
89509,39.4973133,-119.8269257
89510,39.9263363,-119.7107929
89511,39.4253761,-119.8718909
89512,39.5509565,-119.801071
89519,39.4789683,-119.857134
89521,39.3716333,-119.6759121
89523,39.5265945,-119.9157713
89557,39.5424426,-119.8159185
89701,39.1289297,-119.7254128
89703,39.1369395,-119.8699383
89704,39.2752579,-119.7874556
89705,39.090042,-119.8368808
89706,39.2227374,-119.7015743
89801,41.1650122,-115.7572346
89815,40.5647295,-115.5965457
89820,40.4288409,-116.9610964
89821,40.5557283,-116.4156875
89822,40.4922245,-116.1889702
89823,40.9503059,-115.1606624
89825,41.9044276,-114.7096439
89826,41.9307227,-115.4107655
89828,40.7353335,-115.3433899
89830,41.3216566,-114.1771261
89831,41.7159957,-116.0983425
89832,41.978749,-116.1918358
89833,40.4828418,-115.3316285
89834,41.4083421,-116.2281243
89835,41.2763948,-114.8738351
89883,40.84892,-114.1576766
90001,33.9736648,-118.2490388
90002,33.9489868,-118.2467796
90003,33.9640773,-118.2736836
90004,34.0762187,-118.3109634
90005,34.0593736,-118.3089617
90006,34.0480942,-118.2940452
90007,34.0281645,-118.2848289
90008,34.0107237,-118.3428833
90010,34.0609873,-118.2998843
90011,34.00709,-118.2586805
90012,34.0659747,-118.2386422
90013,34.0446854,-118.2400221
90014,34.0430056,-118.2518996
90015,34.0393093,-118.2662548
90016,34.0283315,-118.3543375
90017,34.0530983,-118.2645052
90018,34.028632,-118.3173467
90019,34.0498412,-118.3384601
90020,34.0663822,-118.3098315
90021,34.029036,-118.2378702
90022,34.0237282,-118.1562745
90023,34.0225015,-118.1996129
90024,34.0656447,-118.4352837
90025,34.0454209,-118.445873
90026,34.0789913,-118.2638036
90027,34.1276025,-118.296381
90028,34.0998114,-118.3268365
90029,34.0898749,-118.2946307
90031,34.0841971,-118.2085674
90032,34.0782936,-118.1857852
90033,34.0503802,-118.2119912
90034,34.0305777,-118.3996127
90035,34.0514263,-118.3857654
90036,34.0702908,-118.349191
90037,34.0026603,-118.2875072
90038,34.0880175,-118.3271685
90039,34.1118846,-118.2610325
90040,33.9945234,-118.1499518
90041,34.1374122,-118.2076072
90042,34.1147083,-118.1920977
90043,33.9885046,-118.3363581
90044,33.9526526,-118.2920125
90045,33.9423871,-118.4160617
90046,34.1078099,-118.3622474
90047,33.9554301,-118.3095685
90048,34.0728769,-118.3726545
90049,34.0925404,-118.4910639
90052,33.978304,-118.2589068
90056,33.9935808,-118.3688386
90057,34.0617348,-118.2767572
90058,34.0028436,-118.2163997
90059,33.9274687,-118.2487959
90061,33.9212798,-118.2741865
90062,34.0034933,-118.3090927
90063,34.0452484,-118.1857803
90064,34.0353095,-118.4264862
90065,34.1095946,-118.2286887
90066,34.0020279,-118.4306565
90067,34.0564373,-118.4136903
90068,34.1241792,-118.3273508
90069,34.0939535,-118.3815305
90071,34.0523793,-118.2552091
90073,34.0573301,-118.4595342
90077,34.108023,-118.4569641
90079,34.040587,-118.2554035
90089,34.0215432,-118.2855741
90094,33.9753066,-118.4187082
90095,34.0711826,-118.4434044
90201,33.9703429,-118.1713681
90210,34.1005166,-118.4146299
90211,34.0649562,-118.3829813
90212,34.0621605,-118.4018817
90220,33.8797798,-118.2296785
90221,33.8858107,-118.2064586
90222,33.9122401,-118.2376069
90230,33.9978617,-118.3936166
90232,34.0193227,-118.3919023
90240,33.9557293,-118.1183459
90241,33.9405817,-118.1294723
90242,33.9217932,-118.1405877
90245,33.9171449,-118.401554
90247,33.891769,-118.297006
90248,33.8783395,-118.2841003
90249,33.90139,-118.3156967
90250,33.9136508,-118.350946
90254,33.8642586,-118.3993032
90255,33.9792475,-118.217438
90260,33.8885344,-118.3495638
90262,33.9238313,-118.2013519
90263,34.0392805,-118.7081459
90265,34.0702448,-118.8510422
90266,33.8917865,-118.4028145
90270,33.9885572,-118.187688
90272,34.0925672,-118.5343628
90274,33.7801,-118.3724118
90275,33.7531341,-118.3679729
90277,33.8300058,-118.3871239
90278,33.8736054,-118.3702644
90280,33.9441585,-118.1927614
90290,34.1077521,-118.6162183
90291,33.9933964,-118.4651932
90292,33.9760775,-118.4520658
90293,33.9473054,-118.4398414
90301,33.9564643,-118.3586812
90302,33.97535,-118.3560895
90303,33.9362911,-118.3326393
90304,33.9373602,-118.3587951
90305,33.9581341,-118.3309045
90401,34.0160989,-118.4924539
90402,34.034666,-118.5040391
90403,34.0307553,-118.4921007
90404,34.0266494,-118.473835
90405,34.011057,-118.4721524
90501,33.8337437,-118.3140219
90502,33.8331813,-118.2920619
90503,33.8394633,-118.3536989
90504,33.8672804,-118.3316422
90505,33.8078823,-118.3479566
90506,33.8846956,-118.329998
90601,34.008008,-118.0304537
90602,33.9742425,-118.0223302
90603,33.9448663,-117.9923377
90604,33.9276906,-118.0138277
90605,33.9524438,-118.0213998
90606,33.977272,-118.0663633
90620,33.8452232,-118.0152918
90621,33.8742236,-117.9933677
90623,33.8506159,-118.0395647
90630,33.8184768,-118.0383074
90631,33.9427081,-117.9524832
90638,33.9020453,-118.0089608
90639,33.9057464,-118.014907
90640,34.0154437,-118.1110124
90650,33.9077898,-118.0824874
90660,33.9895238,-118.0892952
90670,33.9335648,-118.0626113
90680,33.8011398,-117.9953266
90701,33.8676054,-118.0806306
90703,33.867745,-118.069471
90704,33.3993247,-118.4353285
90706,33.8878214,-118.1272504
90710,33.7989054,-118.3002391
90712,33.849034,-118.1479023
90713,33.8480221,-118.1127458
90715,33.8410269,-118.0791411
90716,33.8304734,-118.0729587
90717,33.7934561,-118.3170541
90720,33.7950124,-118.0626915
90723,33.8988835,-118.1666294
90731,33.7323531,-118.2781507
90732,33.7373213,-118.3134334
90740,33.7543338,-118.0732668
90742,33.7210499,-118.0762343
90743,33.7295303,-118.092436
90744,33.7772144,-118.2596038
90745,33.8202678,-118.2641249
90746,33.8592309,-118.2523119
90747,33.8637854,-118.2513536
90755,33.8031665,-118.1671318
90802,33.7512788,-118.2068203
90803,33.7541911,-118.1323626
90804,33.7816856,-118.148365
90805,33.8646171,-118.1805667
90806,33.8088695,-118.1784855
90807,33.8302054,-118.1811814
90808,33.8239432,-118.1113355
90810,33.8181656,-118.2222967
90813,33.7822587,-118.1967927
90814,33.7715806,-118.1433606
90815,33.7950672,-118.1157237
90822,33.7784357,-118.118648
90831,33.7683078,-118.2007622
90840,33.7845657,-118.1213125
91001,34.1944893,-118.138263
91006,34.135159,-118.0266852
91007,34.1282838,-118.0477319
91008,34.1531592,-117.9688184
91010,34.1410125,-117.9586611
91011,34.2179351,-118.2022546
91016,34.1527996,-118.0004821
91020,34.2113702,-118.2306878
91024,34.1752764,-118.0460166
91030,34.1089668,-118.1566177
91040,34.2576958,-118.3384551
91042,34.3155031,-118.2648469
91046,34.2116769,-118.2409217
91101,34.1467715,-118.1389217
91103,34.1673607,-118.1641443
91104,34.1653555,-118.1237514
91105,34.1394598,-118.1666485
91106,34.1394024,-118.1286585
91107,34.1590073,-118.0873527
91108,34.1223718,-118.1142336
91125,34.1376436,-118.1249524
91201,34.1705102,-118.2894632
91202,34.1833023,-118.2644781
91203,34.1533375,-118.2629738
91204,34.135557,-118.26094
91205,34.1365802,-118.2458387
91206,34.1603591,-118.213769
91207,34.1679391,-118.244241
91208,34.1856652,-118.2394969
91210,34.1446528,-118.2580607
91214,34.2357284,-118.2466552
91301,34.1232861,-118.7585413
91302,34.1225565,-118.6698213
91303,34.19829,-118.6022035
91304,34.2277906,-118.6446066
91306,34.209532,-118.577563
91307,34.2004853,-118.6648523
91311,34.2924951,-118.6024243
91316,34.1585419,-118.5165971
91320,34.1733772,-118.9479768
91321,34.3637151,-118.4870386
91324,34.2382078,-118.5502898
91325,34.2375194,-118.5177121
91326,34.2818511,-118.5544216
91330,34.2445219,-118.526677
91331,34.2552942,-118.4197025
91335,34.2001746,-118.5409577
91340,34.2866697,-118.4348171
91342,34.3265845,-118.3822613
91343,34.2388019,-118.4822956
91344,34.2894674,-118.5046992
91345,34.2658786,-118.4567483
91350,34.4305995,-118.5027738
91351,34.4337272,-118.4580608
91352,34.2308542,-118.365856
91354,34.4584223,-118.5541396
91355,34.4018497,-118.5700136
91356,34.154999,-118.547559
91360,34.2133053,-118.8741349
91361,34.1372832,-118.8820443
91362,34.1924314,-118.8194861
91364,34.1548025,-118.5948161
91367,34.1773105,-118.6157038
91371,34.1850148,-118.5760882
91377,34.1847243,-118.7665166
91381,34.3732214,-118.6079714
91384,34.5201006,-118.6682759
91387,34.4025187,-118.3634627
91390,34.5765149,-118.4927643
91401,34.1784827,-118.4317905
91402,34.2225061,-118.4446893
91403,34.1477566,-118.4647376
91405,34.2024944,-118.4480475
91406,34.1974537,-118.488978
91411,34.1785171,-118.4596299
91423,34.1494929,-118.4318823
91436,34.1495876,-118.4897076
91501,34.1935266,-118.2940063
91502,34.1768175,-118.3093233
91504,34.2130056,-118.317736
91505,34.1758332,-118.3475364
91506,34.1697056,-118.3235483
91601,34.168253,-118.3722855
91602,34.1508184,-118.3681589
91604,34.1401869,-118.3946025
91605,34.2073412,-118.400973
91606,34.185767,-118.3883235
91607,34.165783,-118.3997954
91608,34.1387351,-118.3508573
91701,34.1378332,-117.600347
91702,34.2815249,-117.8000901
91706,34.0974098,-117.9682691
91708,33.9520837,-117.6397841
91709,33.9429693,-117.7256483
91710,34.0050967,-117.6825243
91711,34.128066,-117.7147728
91722,34.0973329,-117.9067071
91723,34.0847467,-117.8868443
91724,34.0789906,-117.8544111
91730,34.1009658,-117.5788149
91731,34.078573,-118.0434556
91732,34.0724071,-118.0145239
91733,34.0458086,-118.0537559
91737,34.1552383,-117.5780976
91739,34.1563864,-117.5169361
91740,34.1193673,-117.8550544
91741,34.1633629,-117.8341212
91744,34.0313002,-117.9367767
91745,33.9990053,-117.9721463
91746,34.0433041,-117.9868585
91748,33.9782935,-117.9023171
91750,34.1480557,-117.7666349
91752,33.996484,-117.5313345
91754,34.0529224,-118.1434648
91755,34.0509646,-118.1143942
91759,34.2636985,-117.6995737
91761,34.0356016,-117.5915284
91762,34.059409,-117.669298
91763,34.0720602,-117.6982882
91764,34.0740868,-117.6056183
91765,33.9851655,-117.8120046
91766,34.0422858,-117.7561062
91767,34.0830858,-117.7379975
91768,34.0643625,-117.7909303
91770,34.0651076,-118.0827912
91773,34.1074851,-117.8087522
91775,34.1152612,-118.0883108
91776,34.0889524,-118.0944676
91780,34.1015089,-118.0558587
91784,34.1411459,-117.6555828
91786,34.1052502,-117.6620703
91789,34.0181949,-117.8548209
91790,34.0669637,-117.9370069
91791,34.0616241,-117.8922352
91792,34.0225813,-117.9023585
91801,34.0909238,-118.127761
91803,34.0747361,-118.1459588
91901,32.8136236,-116.7269693
91902,32.673217,-117.0061014
91905,32.6786479,-116.3074847
91906,32.6580495,-116.4760421
91910,32.6370962,-117.0617582
91911,32.6073516,-117.0503597
91913,32.6228947,-116.9868919
91914,32.6660395,-116.9542404
91915,32.6236021,-116.9498039
91916,32.9110346,-116.632006
91917,32.641996,-116.753767
91931,32.8375964,-116.5803049
91932,32.5653537,-117.1145672
91934,32.6489918,-116.1525653
91935,32.6943442,-116.7755144
91941,32.7592661,-116.9970908
91942,32.777267,-117.0213441
91945,32.7331472,-117.0340676
91948,32.8649528,-116.4730364
91950,32.6690667,-117.0934869
91962,32.8467665,-116.5197751
91963,32.6479533,-116.5963568
91977,32.7262367,-116.9943176
91978,32.6989207,-116.9309592
91980,32.5851909,-116.63254
92003,33.2852743,-117.1977769
92004,33.197705,-116.1674625
92007,33.0230461,-117.2755809
92008,33.1424801,-117.313444
92009,33.0953394,-117.2457689
92010,33.1653918,-117.2814247
92011,33.106764,-117.2963265
92014,32.9632316,-117.2503668
92019,32.7788438,-116.871416
92020,32.7956047,-116.969754
92021,32.8357316,-116.8746171
92024,33.0568676,-117.2575772
92025,33.0778135,-117.0331309
92026,33.2109647,-117.1247883
92027,33.1316014,-116.9769367
92028,33.3864686,-117.2249571
92029,33.08553,-117.1239673
92036,33.0324146,-116.2651649
92037,32.8546424,-117.2517716
92040,32.9160448,-116.8931064
92054,33.1930693,-117.3596758
92055,33.4111964,-117.4332594
92056,33.1995824,-117.2987641
92057,33.2546197,-117.283311
92058,33.2639736,-117.3447773
92059,33.3827941,-117.0519829
92060,33.3503507,-116.8644214
92061,33.3003523,-116.9305236
92064,32.9843523,-117.0135373
92065,33.0403728,-116.830075
92066,33.2154121,-116.535834
92067,33.0209084,-117.1903457
92069,33.1753026,-117.1576205
92070,33.188575,-116.7432798
92071,32.8506855,-116.995314
92075,32.9972485,-117.2605796
92078,33.1170652,-117.1808072
92081,33.1645491,-117.2405496
92082,33.2518287,-117.0027943
92083,33.1980841,-117.2483642
92084,33.2272828,-117.200085
92086,33.3139983,-116.6295365
92091,33.052389,-117.1828166
92092,32.8755447,-117.236144
92093,32.8821184,-117.2370825
92096,33.1281557,-117.1561943
92101,32.7178067,-117.1720862
92102,32.715981,-117.1174946
92103,32.7478157,-117.1673324
92104,32.7419328,-117.127814
92105,32.7404044,-117.089868
92106,32.7098847,-117.2378575
92107,32.7390553,-117.2454042
92108,32.7739826,-117.1427063
92109,32.7867719,-117.2342066
92110,32.7652442,-117.2003912
92111,32.8064823,-117.1689655
92113,32.694637,-117.1197565
92114,32.707751,-117.0552967
92115,32.761549,-117.0719048
92116,32.7648411,-117.1231244
92117,32.8248932,-117.1997139
92118,32.6986092,-117.2087894
92119,32.8178882,-117.0319557
92120,32.7939936,-117.0737962
92121,32.8971234,-117.2016472
92122,32.8567981,-117.2101561
92123,32.8096148,-117.1342012
92124,32.8282552,-117.085262
92126,32.9119903,-117.1434214
92127,33.0187647,-117.1240976
92128,32.9969673,-117.0729787
92129,32.9635362,-117.1262205
92130,32.9476156,-117.2058249
92131,32.8996868,-117.0473184
92132,32.7136722,-117.1720388
92134,32.7250551,-117.1454146
92135,32.6949898,-117.1943055
92136,32.6830131,-117.1229782
92139,32.6800314,-117.0488864
92140,32.7412792,-117.1977143
92145,32.8684963,-117.1431718
92147,32.7247448,-117.2187498
92154,32.5791012,-116.9665283
92155,32.6570834,-117.1566631
92161,32.8740717,-117.2315635
92173,32.5555802,-117.0511954
92179,32.5839037,-116.9334746
92182,32.774983,-117.0742275
92201,33.7094532,-116.2369675
92203,33.7516006,-116.2414256
92210,33.6998921,-116.3295504
92211,33.7654007,-116.3342046
92220,33.9399186,-116.8393314
92222,32.7834493,-114.5495304
92223,33.9378213,-116.9813703
92225,33.7172658,-114.660084
92227,32.99005,-115.3368521
92230,33.9087654,-116.768791
92231,32.6876362,-115.5643729
92233,33.1473839,-115.5004049
92234,33.8141312,-116.4655479
92236,33.7027649,-116.0724402
92239,33.7680642,-115.2169301
92240,33.9515401,-116.520104
92241,33.84634,-116.2833017
92242,34.1887788,-114.3064842
92243,32.7701971,-115.5985905
92249,32.7260677,-115.4821502
92250,32.7773731,-115.1279806
92251,32.8692297,-115.7140392
92252,34.14797,-116.2842223
92253,33.6567432,-116.2921622
92254,33.5438371,-115.9982749
92256,34.0720603,-116.6176658
92257,33.3362365,-115.5256891
92258,33.9215499,-116.5595645
92259,32.7347932,-115.9464
92260,33.6972305,-116.4062573
92262,33.8629593,-116.5566821
92264,33.7128919,-116.4971072
92266,33.1993483,-114.9153177
92267,34.2972182,-114.2071049
92268,34.16146,-116.5500142
92270,33.7638377,-116.4303875
92273,32.8030209,-115.6979683
92274,33.4702422,-116.1137175
92275,33.2078171,-115.8808174
92276,33.8323082,-116.3864024
92277,34.1277695,-115.6901344
92278,34.235056,-116.0582682
92280,34.1293468,-114.9852253
92281,33.0503434,-115.6126511
92282,33.962575,-116.6582957
92283,32.8915458,-114.772943
92284,34.1600756,-116.4247167
92285,34.3376546,-116.5136717
92301,34.6517864,-117.5261012
92304,34.548749,-115.6908053
92305,34.1438202,-116.8683764
92307,34.571232,-117.1330853
92308,34.4202222,-117.1561341
92309,35.2491956,-116.1562359
92310,35.3344112,-116.7630136
92311,34.965648,-117.0015086
92313,34.0320065,-117.3150161
92314,34.2541177,-116.7963779
92315,34.21713,-116.9416139
92316,34.057066,-117.3911786
92317,34.2450764,-117.2087315
92320,33.9873714,-117.0503104
92321,34.2500413,-117.1472721
92322,34.2541707,-117.3225759
92324,34.0256879,-117.2887955
92325,34.2466993,-117.2760268
92327,34.867845,-116.8350512
92328,36.3717851,-116.9797639
92332,34.9070906,-115.364459
92333,34.2606605,-116.9821489
92335,34.0873327,-117.465158
92336,34.1368622,-117.4603364
92337,34.0496649,-117.4714719
92338,34.7877209,-116.2512079
92339,34.083932,-116.8373681
92341,34.2366428,-117.0628377
92342,34.7602939,-117.3359127
92344,34.3917695,-117.4065676
92345,34.3609721,-117.3130389
92346,34.1240486,-117.1775733
92347,34.9500139,-117.2580469
92350,34.0529395,-117.2615994
92352,34.2676864,-117.1867211
92354,34.0507885,-117.2501534
92356,34.4962515,-116.8925302
92358,34.2462324,-117.5676375
92359,34.0852906,-117.0763098
92363,34.7110781,-114.5819822
92364,35.3595977,-115.4387719
92365,34.8966876,-116.5604179
92368,34.6643879,-117.314875
92369,34.1394113,-117.2196639
92371,34.4383377,-117.5425936
92372,34.4486745,-117.634916
92373,34.0119465,-117.159702
92374,34.0685149,-117.1753218
92376,34.1105366,-117.3800214
92377,34.1523669,-117.4040633
92378,34.2319955,-117.2248872
92382,34.2062184,-117.1122717
92384,36.0433376,-116.1191681
92385,34.2134443,-117.2305884
92386,34.2370359,-116.8252914
92389,35.8245722,-116.2747546
92391,34.2396894,-117.2366687
92392,34.4790095,-117.4088307
92394,34.5634635,-117.3535793
92395,34.5048281,-117.298985
92397,34.3540894,-117.753718
92398,34.9827929,-116.8516201
92399,34.0323124,-117.010577
92401,34.1059063,-117.2918137
92404,34.1786309,-117.2389255
92405,34.1457811,-117.3022171
92407,34.2251623,-117.3884871
92408,34.0836194,-117.2684597
92410,34.1115753,-117.2636914
92411,34.1228089,-117.325808
92415,34.1050543,-117.2868479
92501,33.9965229,-117.3741794
92503,33.882884,-117.4517249
92504,33.9083525,-117.4013419
92505,33.9266658,-117.4928043
92506,33.9347609,-117.3668824
92507,33.9911223,-117.3068215
92508,33.8903893,-117.3282568
92509,34.0032665,-117.4420038
92518,33.8963369,-117.2770652
92521,33.9654242,-117.3222122
92530,33.633056,-117.3704612
92532,33.6905568,-117.3024354
92536,33.4919941,-116.8169451
92539,33.5278668,-116.6476196
92543,33.6986453,-116.9791613
92544,33.645934,-116.8816279
92545,33.7311185,-117.0358721
92548,33.7639084,-117.1090324
92549,33.8038178,-116.6792727
92551,33.8827395,-117.224878
92553,33.9233498,-117.2453332
92555,33.9109957,-117.1137654
92557,33.9725476,-117.2582588
92561,33.6304178,-116.5822901
92562,33.5312401,-117.3439986
92563,33.580016,-117.1473602
92567,33.826142,-117.0844666
92570,33.7799465,-117.3225713
92571,33.8421292,-117.1949824
92582,33.8076069,-117.0151631
92583,33.7969113,-116.9313714
92584,33.6614305,-117.1822839
92585,33.7421668,-117.1672378
92586,33.707681,-117.2004276
92587,33.693929,-117.2505038
92590,33.4829405,-117.2260843
92591,33.5343315,-117.1092109
92592,33.5109389,-117.0215052
92595,33.6163487,-117.2603462
92596,33.6689131,-117.0473138
92602,33.7364976,-117.7349328
92603,33.6292589,-117.7940798
92604,33.6906888,-117.7891367
92606,33.6925228,-117.8312056
92610,33.6833629,-117.6540797
92612,33.660018,-117.824428
92614,33.6779511,-117.8345695
92617,33.6419726,-117.8410455
92618,33.6673066,-117.7335801
92620,33.7066009,-117.7569481
92624,33.4566486,-117.6668085
92625,33.601966,-117.8642535
92626,33.6795911,-117.9085308
92627,33.6481119,-117.921203
92629,33.4750606,-117.7056302
92630,33.6449291,-117.6843122
92637,33.6082288,-117.7260987
92646,33.6610291,-117.9679484
92647,33.7232276,-118.0086922
92648,33.6790445,-118.0130105
92649,33.7202415,-118.0453833
92651,33.5714801,-117.7728894
92653,33.5940116,-117.7007341
92655,33.7460289,-117.9876019
92656,33.5752015,-117.7303522
92657,33.5950576,-117.8291306
92660,33.6346259,-117.8748825
92661,33.6036067,-117.9121093
92662,33.605086,-117.8923185
92663,33.6252036,-117.9287666
92672,33.3729358,-117.5209627
92673,33.4669078,-117.614016
92675,33.4997737,-117.6537035
92676,33.7494876,-117.6163863
92677,33.5286538,-117.7012525
92678,33.6518163,-117.5071044
92679,33.6494382,-117.561405
92683,33.7524276,-117.9938698
92688,33.6187295,-117.6107995
92691,33.6119451,-117.6658668
92692,33.6121754,-117.6404517
92694,33.5148536,-117.5805202
92697,33.649727,-117.8490847
92701,33.7486219,-117.8587143
92703,33.7485203,-117.9061618
92704,33.7211311,-117.9051096
92705,33.7660065,-117.7867627
92706,33.7660024,-117.8816932
92707,33.709935,-117.8704307
92708,33.7105823,-117.951129
92780,33.736808,-117.8196781
92782,33.7283748,-117.7974744
92801,33.8449834,-117.952151
92802,33.8083143,-117.9236894
92804,33.8180099,-117.9751929
92805,33.830053,-117.9056831
92806,33.8379605,-117.8704945
92807,33.848733,-117.7883568
92808,33.8562467,-117.7402317
92821,33.9305232,-117.8637722
92823,33.928535,-117.7960745
92831,33.8795102,-117.8960355
92832,33.8687719,-117.9290932
92833,33.8805093,-117.9611323
92835,33.900573,-117.9146673
92840,33.7871648,-117.9318894
92841,33.7868327,-117.9820405
92843,33.7639633,-117.9315377
92844,33.7655987,-117.9695064
92845,33.7829069,-118.0263729
92860,33.9255061,-117.5477035
92861,33.8179855,-117.8112928
92865,33.8263928,-117.8513073
92866,33.7845375,-117.8447915
92867,33.8156666,-117.7991625
92868,33.7879671,-117.8763428
92869,33.7954788,-117.7649429
92870,33.8811581,-117.8547827
92879,33.8826137,-117.5282048
92880,33.9253898,-117.6072536
92881,33.8238798,-117.5700257
92882,33.8628742,-117.6000923
92883,33.7580098,-117.4802585
92886,33.8954111,-117.8008294
92887,33.887223,-117.7339242
93001,34.3623765,-119.3512684
93003,34.2836678,-119.2231961
93004,34.278191,-119.1645582
93010,34.2278878,-119.0795529
93012,34.2033938,-118.9914418
93013,34.4401328,-119.5033056
93015,34.4088728,-118.8702018
93021,34.305181,-118.8839285
93022,34.4032764,-119.2983551
93023,34.5090947,-119.2519103
93030,34.2050972,-119.1753202
93033,34.1600933,-119.1358009
93035,34.186287,-119.2288853
93036,34.2481409,-119.1534542
93040,34.602043,-119.0197918
93041,34.1631887,-119.1866768
93042,33.2556547,-119.5035884
93043,34.1701614,-119.2029293
93060,34.3720307,-119.0966947
93063,34.3080482,-118.6869695
93064,34.2452721,-118.6998492
93065,34.2623877,-118.7722194
93066,34.2976989,-119.0145578
93067,34.4231005,-119.596155
93101,34.4192588,-119.7080491
93103,34.437367,-119.679284
93105,34.5290403,-119.7678947
93106,34.4172586,-119.8513017
93108,34.4489735,-119.6054267
93109,34.4064082,-119.7269275
93110,34.4395004,-119.7678272
93111,34.4491845,-119.804782
93117,34.4794531,-120.0840941
93201,35.8568588,-119.5075255
93202,36.3186861,-119.70752
93203,35.119995,-118.8458994
93204,35.9132028,-120.0821377
93205,35.5734164,-118.4864408
93206,35.4439125,-119.4791356
93207,35.8952938,-118.5956271
93208,36.1297775,-118.6397774
93210,36.1674637,-120.438556
93212,36.0142256,-119.5629851
93215,35.7794645,-119.1919347
93218,35.8571408,-119.0449304
93219,35.8882375,-119.2949573
93220,35.378735,-118.781845
93221,36.2963943,-119.0299352
93222,34.8862449,-119.2204359
93223,36.3011122,-119.207875
93224,35.255235,-119.6252258
93225,34.7866072,-119.0298493
93226,35.7356519,-118.7383731
93227,36.3444448,-119.418562
93230,36.2922297,-119.6226759
93234,36.1960921,-120.0848069
93235,36.385067,-119.2231243
93237,36.4744993,-118.904268
93238,35.8507724,-118.4977096
93239,36.0327691,-119.9864092
93240,35.6175465,-118.4522853
93241,35.2452601,-118.9052798
93242,36.4411371,-119.7302784
93243,34.8399838,-118.8149458
93244,36.38634,-118.9897151
93245,36.2861045,-119.8340541
93246,36.3176676,-119.9274819
93247,36.2017347,-119.0834779
93249,35.621697,-119.887747
93250,35.669076,-119.2019692
93251,35.3706028,-119.69734
93252,34.8028829,-119.3592674
93254,34.9462184,-119.8028365
93255,35.6773299,-118.101417
93256,35.9717308,-119.3135106
93257,35.9808583,-118.8893149
93258,36.0583321,-119.1520938
93260,35.8190859,-118.661189
93261,35.8114805,-119.1167378
93262,36.4369886,-118.671533
93263,35.4872475,-119.2783243
93265,36.217713,-118.6936058
93266,36.1717293,-119.8563037
93267,36.1436233,-119.073877
93268,35.1675671,-119.410017
93270,35.9424478,-119.0583495
93271,36.440041,-118.8802803
93272,36.0473536,-119.3444282
93274,36.1779345,-119.3799754
93276,35.3175973,-119.4093065
93277,36.301334,-119.3725855
93280,35.6522418,-119.4463996
93283,35.5920997,-118.2976987
93285,35.7491267,-118.4934009
93286,36.4627117,-119.0932499
93287,35.723801,-118.9206618
93291,36.391777,-119.3728419
93292,36.366243,-119.2116355
93301,35.3843365,-119.0205616
93304,35.3394391,-119.0236548
93305,35.3898752,-118.9851805
93306,35.4681926,-118.7797512
93307,35.2451202,-118.9410999
93308,35.5474931,-118.9468676
93309,35.3430463,-119.06504
93311,35.1537293,-119.1683616
93312,35.3918445,-119.1195484
93313,35.1654492,-119.0435141
93314,35.3938657,-119.2448456
93401,35.2358708,-120.6159143
93402,35.2952317,-120.8354679
93405,35.3004652,-120.7348428
93407,35.3066282,-120.6691748
93408,35.3211074,-120.718897
93409,35.3235663,-120.6973747
93410,35.304456,-120.6569384
93420,35.1760107,-120.476757
93422,35.465349,-120.6894388
93424,35.1986172,-120.7860676
93426,35.8401388,-120.9751859
93427,34.6429587,-120.2391256
93428,35.5849995,-121.0414745
93429,34.8676617,-120.5399041
93430,35.4847673,-120.9441728
93432,35.4785202,-120.4814349
93433,35.1208877,-120.6196642
93434,34.9402685,-120.62007
93436,34.5999257,-120.3765318
93437,34.7606439,-120.508877
93440,34.7686308,-120.2582595
93441,34.7331259,-120.0949687
93442,35.4013978,-120.7999355
93444,35.0359128,-120.5025621
93445,35.0440754,-120.6207066
93446,35.6590681,-120.7175839
93449,35.1609345,-120.6533416
93450,36.0854229,-120.818522
93451,35.9325407,-120.5608608
93452,35.7464854,-121.223348
93453,35.2413452,-120.2192676
93454,34.9230125,-120.2594631
93455,34.8483142,-120.4828831
93458,34.953245,-120.492119
93460,34.6733168,-119.7436158
93461,35.6333396,-120.2683905
93463,34.6064223,-120.1354308
93465,35.5427158,-120.7337956
93501,35.0657979,-118.2217816
93505,35.1089575,-117.956461
93510,34.4509052,-118.2276141
93512,37.8918665,-118.5545694
93513,37.0361398,-118.3356711
93514,37.4921149,-118.3904081
93516,35.0081317,-117.6425627
93517,38.2780771,-119.2748086
93518,35.3851106,-118.4911682
93519,35.3142046,-117.9607284
93522,36.3162976,-117.5923332
93523,34.9952918,-117.8839901
93524,34.9080209,-117.8278171
93526,36.857125,-118.2581451
93527,35.9229319,-118.078936
93528,35.3718756,-117.6418025
93529,37.7777065,-119.1881016
93530,36.4938575,-117.8903888
93531,35.2317801,-118.6130668
93532,34.6898481,-118.5336886
93534,34.7176596,-118.1523203
93535,34.6983916,-117.8899453
93536,34.7376703,-118.3874244
93541,38.0186456,-119.0597265
93543,34.4752779,-117.9695989
93544,34.4882058,-117.7566102
93545,36.6105415,-118.0262815
93546,37.5491262,-118.8398144
93549,36.2927258,-117.8653525
93550,34.4103344,-118.0599568
93551,34.5896182,-118.2273807
93552,34.5835229,-118.0273432
93553,34.4452393,-117.8948676
93554,35.3692181,-117.759126
93555,35.5823838,-117.6835971
93558,35.3394535,-117.5851329
93560,34.8787816,-118.3183261
93561,35.0986663,-118.5167054
93562,35.7012209,-117.3075439
93563,34.3709218,-117.8133633
93581,35.1129063,-118.5709793
93591,34.5978614,-117.8155727
93601,37.3907754,-119.732363
93602,37.0668398,-119.3889423
93603,36.4886792,-118.9980736
93604,37.3479077,-119.5298079
93605,37.1762192,-119.2495234
93606,36.7987146,-120.0162735
93608,36.5049867,-120.3386638
93609,36.5261658,-119.8638914
93610,37.0872855,-120.2888671
93611,36.8266683,-119.6805725
93612,36.8148491,-119.7119089
93614,37.2175705,-119.731069
93615,36.5037388,-119.2838461
93616,36.6546796,-119.5943326
93618,36.5221175,-119.3866282
93619,36.9141762,-119.593979
93620,37.0434967,-120.620508
93621,36.7466326,-119.1013879
93622,36.7856176,-120.6253823
93623,37.4765962,-119.6744327
93624,36.3785454,-120.1301511
93625,36.6242284,-119.6717509
93626,37.0432863,-119.6913063
93627,36.5109421,-120.1062925
93628,36.7708436,-118.8484992
93630,36.7165742,-120.1269547
93631,36.4800648,-119.517339
93633,36.7291216,-118.956235
93634,37.2236095,-119.0009358
93635,37.020187,-120.8817002
93636,36.9848775,-119.877519
93637,36.9180792,-120.1859331
93638,37.043434,-120.0336928
93640,36.672698,-120.4397366
93641,36.7054817,-119.0399555
93643,37.2050538,-119.5184338
93644,37.4180183,-119.5925671
93645,37.1521087,-119.6201357
93646,36.6322736,-119.2893527
93647,36.6007599,-119.1754848
93648,36.620623,-119.5205823
93650,36.8401974,-119.8001206
93651,37.0023881,-119.5148581
93652,36.5950119,-119.9045766
93653,37.2560313,-119.9090593
93654,36.6587089,-119.401274
93656,36.4509441,-119.9368187
93657,36.8168584,-119.4587018
93660,36.6093391,-120.1651676
93662,36.5365732,-119.6386513
93664,37.0498214,-119.1907259
93665,36.9633136,-120.6503151
93666,36.5462083,-119.3361766
93667,36.9656631,-119.3168354
93668,36.6576159,-120.2931009
93669,37.2909091,-119.5483649
93670,36.4855574,-119.2541526
93673,36.4523533,-119.4823811
93675,36.7247235,-119.1927785
93701,36.749601,-119.7878098
93702,36.7394434,-119.7542091
93703,36.7688556,-119.762411
93704,36.8003098,-119.8009064
93705,36.787297,-119.8273214
93706,36.6559046,-119.9202593
93710,36.8241049,-119.7627096
93711,36.8365513,-119.8338493
93720,36.862209,-119.7607933
93721,36.7328084,-119.7838293
93722,36.7997467,-119.8776203
93723,36.7897564,-119.9525593
93725,36.6272111,-119.731888
93726,36.793666,-119.7597151
93727,36.7515776,-119.6953515
93728,36.7573019,-119.8182824
93730,36.9060265,-119.751141
93737,36.7536136,-119.645581
93740,36.8163814,-119.7461153
93741,36.7674305,-119.7960355
93901,36.6478557,-121.6303055
93905,36.685068,-121.6059918
93906,36.7226758,-121.6336673
93907,36.7667808,-121.6667222
93908,36.6260439,-121.6021208
93920,36.0522456,-121.514405
93921,36.5536409,-121.9222713
93923,36.4057748,-121.7960177
93924,36.4156034,-121.6376512
93925,36.5884824,-121.3992167
93926,36.5258701,-121.3967349
93927,36.2755866,-121.3919238
93928,36.0827387,-121.4707866
93930,36.199798,-121.0823084
93932,35.9897549,-121.0643592
93933,36.6769665,-121.7814506
93940,36.5623052,-121.8055065
93943,36.5976485,-121.8733103
93944,36.6006521,-121.9185346
93950,36.6191012,-121.925439
93953,36.5874412,-121.9448163
93954,36.1729751,-120.9026824
93955,36.6147893,-121.7880224
93960,36.4056248,-121.3230545
93962,36.6247156,-121.646487
94002,37.5134466,-122.2968238
94005,37.6894861,-122.4057311
94010,37.5719177,-122.3750285
94014,37.6906888,-122.4477212
94015,37.6813157,-122.4808547
94018,37.5059971,-122.4733175
94019,37.4556657,-122.4079659
94020,37.2689766,-122.221545
94021,37.2503449,-122.2496358
94022,37.3553597,-122.1449354
94024,37.3503883,-122.0986856
94025,37.451252,-122.1823426
94027,37.4570721,-122.2010583
94028,37.3748829,-122.2126745
94030,37.5997105,-122.4033001
94037,37.5533007,-122.4958343
94038,37.5357201,-122.473676
94040,37.3802721,-122.0852214
94041,37.388239,-122.0753507
94043,37.4119135,-122.0689193
94044,37.6065981,-122.4772305
94060,37.2471373,-122.273493
94061,37.4611469,-122.2369482
94062,37.4225313,-122.2858204
94063,37.493306,-122.1956057
94065,37.5334175,-122.2495576
94066,37.625389,-122.4323558
94070,37.4964691,-122.2725564
94074,37.3317145,-122.3414658
94080,37.6551745,-122.4183842
94085,37.3886171,-122.0179326
94086,37.3716335,-122.0232017
94087,37.3516149,-122.0366796
94089,37.4124017,-122.0156049
94102,37.7795621,-122.4192928
94103,37.7729833,-122.411343
94104,37.7914115,-122.4021291
94105,37.7915753,-122.3937328
94107,37.7585472,-122.3995401
94108,37.7918858,-122.4085167
94109,37.7944848,-122.4222696
94110,37.7500215,-122.4152015
94111,37.7983589,-122.3992013
94112,37.7205395,-122.4431699
94114,37.758208,-122.4355562
94115,37.7860292,-122.4373655
94116,37.7453994,-122.4860655
94117,37.7700509,-122.4442803
94118,37.7801459,-122.4615303
94121,37.7785907,-122.4959119
94122,37.7604592,-122.483894
94123,37.8020446,-122.4339686
94124,37.7289954,-122.3813152
94127,37.7360266,-122.457207
94128,37.6219551,-122.3837971
94129,37.7973402,-122.4644664
94130,37.8196555,-122.3686596
94131,37.7459165,-122.4414731
94132,37.7222142,-122.4840831
94133,37.8019622,-122.4109997
94134,37.7188487,-122.411297
94158,37.7725343,-122.3883839
94188,37.7407097,-122.3809213
94301,37.4442178,-122.1498549
94303,37.4578825,-122.1150967
94304,37.3972529,-122.1669792
94305,37.4182561,-122.1708709
94306,37.4162001,-122.1308577
94401,37.5751719,-122.3198815
94402,37.5401025,-122.330103
94403,37.5384494,-122.305447
94404,37.5559985,-122.2676793
94501,37.7747116,-122.2780971
94502,37.7394954,-122.2394649
94503,38.1879346,-122.2236385
94505,37.8712683,-121.596984
94506,37.8064262,-121.9024245
94507,37.8542897,-122.0065987
94508,38.5857836,-122.4442019
94509,37.9920035,-121.8125663
94510,38.1132046,-122.1197077
94511,38.0281297,-121.6298509
94512,38.1311499,-121.8217361
94513,37.9248992,-121.6867239
94514,37.8256458,-121.6343527
94515,38.6357177,-122.615085
94516,37.8274954,-122.1663001
94517,37.8910774,-121.8930556
94518,37.9505211,-122.0220781
94519,37.9888044,-122.0127643
94520,37.9930277,-122.0352507
94521,37.9529096,-121.9696955
94523,37.9541635,-122.0757723
94525,38.0480726,-122.2292077
94526,37.8147341,-121.9845253
94528,37.8414766,-121.9581536
94530,37.9207416,-122.3006348
94531,37.9566481,-121.77779
94533,38.2807448,-122.0063799
94534,38.241946,-122.1182724
94535,38.2709367,-121.9370172
94536,37.5705083,-121.9812503
94538,37.5013676,-121.956753
94539,37.5162924,-121.9118907
94541,37.6737571,-122.0878233
94542,37.6553201,-122.0258263
94544,37.6335073,-122.0567723
94545,37.6297614,-122.1242376
94546,37.7453986,-122.1031272
94547,38.0065856,-122.25716
94548,37.9742947,-121.6514409
94549,37.9011371,-122.1190811
94550,37.5199829,-121.5755948
94551,37.7505116,-121.7492489
94552,37.7057782,-122.0075852
94553,37.9782987,-122.1571085
94555,37.5475942,-122.0982196
94556,37.8319712,-122.1059224
94558,38.3891354,-122.188412
94559,38.251125,-122.2960891
94560,37.5042533,-122.0319104
94561,37.9934851,-121.6912187
94562,38.4306507,-122.4088532
94563,37.8738672,-122.2053117
94564,37.9905553,-122.2724989
94565,38.008595,-121.9283149
94566,37.6487314,-121.8480248
94567,38.6670182,-122.4070119
94568,37.7159657,-121.9011406
94569,38.0440915,-122.1919429
94571,38.1520707,-121.7597729
94572,38.0238582,-122.2327881
94573,38.458864,-122.4288313
94574,38.5424475,-122.419923
94575,37.8409608,-122.109502
94576,38.549256,-122.4757997
94577,37.7166592,-122.1692742
94578,37.7067648,-122.125565
94579,37.6865005,-122.1572145
94580,37.6780011,-122.1333673
94582,37.7653469,-121.9154316
94583,37.7716927,-121.9898294
94585,38.1918321,-121.9382694
94586,37.5671254,-121.852246
94587,37.5900083,-122.075187
94588,37.7926484,-121.8628073
94589,38.1414668,-122.2468701
94590,38.0957888,-122.2496894
94591,38.1271913,-122.196855
94592,38.090998,-122.2854178
94595,37.8720872,-122.0689708
94596,37.8890094,-122.0367782
94597,37.9176973,-122.071818
94598,37.9169161,-122.0149174
94599,38.3994834,-122.3802382
94601,37.7757598,-122.2185723
94602,37.8052351,-122.2042292
94603,37.7392664,-122.175548
94605,37.7614085,-122.1501983
94606,37.791366,-122.2445132
94607,37.8088415,-122.3046971
94608,37.8368441,-122.2891434
94609,37.8348158,-122.2641948
94610,37.8123293,-122.2403771
94611,37.8319168,-122.2157928
94612,37.8077089,-122.2668574
94613,37.7807203,-122.183029
94618,37.844821,-122.2385523
94619,37.7926122,-122.1600844
94621,37.7511299,-122.210178
94702,37.8663209,-122.2863481
94703,37.8637146,-122.2756841
94704,37.8664171,-122.2609222
94705,37.8652048,-122.2383838
94706,37.8896978,-122.2958583
94707,37.8983602,-122.2790897
94708,37.9030665,-122.26194
94709,37.8782913,-122.2662521
94710,37.863914,-122.306465
94720,37.8719571,-122.2521978
94801,37.9492451,-122.3971976
94803,37.9568399,-122.2823581
94804,37.9154627,-122.3378152
94805,37.9422094,-122.3235455
94806,37.978427,-122.3364179
94901,37.980709,-122.5006058
94903,38.0221295,-122.55881
94904,37.9472249,-122.5517753
94920,37.8867683,-122.4626194
94922,38.3568061,-122.950945
94923,38.3394148,-123.0345254
94924,37.9669044,-122.7388158
94925,37.9318458,-122.5077378
94928,38.3459304,-122.6935071
94929,38.2545284,-122.9623709
94930,37.9697928,-122.61533
94931,38.3251717,-122.7169769
94933,38.0175021,-122.688148
94937,38.1164824,-122.930353
94938,38.0302365,-122.7295132
94939,37.9382519,-122.5359478
94940,38.2039708,-122.8914816
94941,37.9247747,-122.6001828
94945,38.1226869,-122.5531417
94946,38.0747338,-122.6952645
94947,38.1061995,-122.6249851
94949,38.0600944,-122.5064097
94950,38.0211609,-122.7617342
94951,38.3225483,-122.6448942
94952,38.2345532,-122.7603848
94954,38.2350095,-122.5573694
94956,38.0214541,-122.81817
94957,37.9634213,-122.5618079
94960,37.9970232,-122.5783384
94963,38.00761,-122.6647483
94964,37.9405953,-122.4907119
94965,37.8373471,-122.5274824
94970,37.9258817,-122.6598334
94971,38.2330285,-122.8969589
94972,38.3366418,-122.9393071
94973,38.0125906,-122.6394
95002,37.4386721,-122.0115824
95003,37.0067,-121.8782065
95004,36.8747551,-121.6307316
95005,37.0983626,-122.0892953
95006,37.171267,-122.1495236
95007,37.1101249,-122.1143447
95008,37.2791725,-121.9555653
95010,36.976355,-121.9547232
95012,36.7888278,-121.7348886
95013,37.2153151,-121.7396138
95014,37.3083545,-122.0818821
95017,37.0946843,-122.2374662
95018,37.0838741,-122.0598984
95019,36.9358526,-121.7844761
95020,37.0162105,-121.5594182
95023,36.9199935,-121.3221878
95030,37.2216463,-121.983242
95032,37.1801404,-121.9015526
95033,37.1582751,-121.9736783
95035,37.4403973,-121.874693
95037,37.1318204,-121.6812468
95039,36.8277452,-121.7652904
95041,37.0505337,-122.0582794
95043,36.5181773,-120.9829127
95045,36.8258065,-121.5185645
95046,37.0993109,-121.5992411
95050,37.3504312,-121.9524053
95051,37.3483113,-121.9844349
95053,37.3484622,-121.9372707
95054,37.3930994,-121.9647964
95060,36.9932001,-122.0984003
95062,36.9739691,-121.9898464
95064,36.9915959,-122.0588685
95065,37.0322419,-121.9844016
95066,37.0671978,-122.0145209
95070,37.2549286,-122.0521809
95073,37.0406799,-121.9317399
95075,36.7935532,-121.1919755
95076,36.9457806,-121.7560577
95110,37.3465721,-121.9097466
95111,37.2838535,-121.8268688
95112,37.3445994,-121.8834403
95113,37.3340134,-121.8904427
95116,37.3504713,-121.8525538
95117,37.3100724,-121.9621838
95118,37.2553638,-121.8919118
95119,37.2269709,-121.7886819
95120,37.1857459,-121.8427384
95121,37.3046105,-121.8097734
95122,37.3292242,-121.8348212
95123,37.244238,-121.8316038
95124,37.2568308,-121.9228146
95125,37.2955986,-121.8940712
95126,37.3269219,-121.9167787
95127,37.3716706,-121.7870966
95128,37.3158842,-121.9364309
95129,37.305958,-122.0007203
95130,37.277676,-121.986238
95131,37.3872675,-121.8979476
95132,37.4184455,-121.7879776
95133,37.3717229,-121.8605558
95134,37.430021,-121.9452626
95135,37.223357,-121.5256945
95136,37.2713786,-121.8525124
95138,37.2456123,-121.7488651
95139,37.2248768,-121.7638563
95140,37.3514982,-121.6408811
95148,37.3334292,-121.7816683
95202,37.9597363,-121.2882868
95203,37.9543023,-121.3293198
95204,37.9737359,-121.3192457
95205,37.964578,-121.2598412
95206,37.9084709,-121.3953057
95207,38.002125,-121.3249787
95209,38.046863,-121.3528022
95210,38.0317856,-121.2978857
95211,37.9802638,-121.3111487
95212,38.049939,-121.2329698
95215,37.9493948,-121.1570588
95219,38.0305621,-121.5227845
95220,38.2002315,-121.2350309
95221,38.0722862,-120.5484656
95222,38.0513304,-120.5901733
95223,38.4463225,-119.8129575
95224,38.2313239,-120.3226879
95225,38.2025516,-120.8641483
95226,38.2374731,-120.8664503
95227,38.2103525,-121.0512555
95228,37.9072653,-120.6883275
95230,37.9976496,-120.8946819
95231,37.8737927,-121.2901459
95232,38.3605261,-120.5772427
95233,38.1861875,-120.3685566
95236,38.044271,-121.0392543
95237,38.1539541,-121.1465613
95240,38.1235441,-121.1590784
95242,38.1370681,-121.3845464
95245,38.3027468,-120.6094652
95246,38.2497077,-120.488857
95247,38.136092,-120.4439416
95248,38.3177091,-120.4611116
95249,38.1899501,-120.6195548
95251,38.0800615,-120.4535801
95252,38.1586282,-120.8432468
95253,38.1471686,-121.1952844
95254,38.1998379,-120.9642416
95255,38.4198522,-120.4800231
95257,38.3799265,-120.4680167
95258,38.1720647,-121.3089147
95301,37.3061488,-120.6559992
95303,37.4702877,-120.6710831
95304,37.6806407,-121.381561
95305,37.8159268,-120.3610921
95306,37.3628976,-120.1194236
95307,37.5558092,-120.9538524
95309,37.87142,-120.432387
95310,38.0858386,-120.3785504
95311,37.705686,-120.0910354
95312,37.4210709,-120.6529833
95313,37.4179585,-121.0510417
95315,37.4227914,-120.7743537
95316,37.5396252,-120.6686888
95317,37.1273801,-120.5064331
95318,37.6660449,-119.8075486
95319,37.6290045,-120.885131
95320,37.8185555,-121.0069049
95321,37.9316913,-119.8361513
95322,37.1819697,-121.0199688
95323,37.6045359,-120.6836897
95324,37.3931494,-120.8989886
95325,37.4808035,-120.2448623
95326,37.5890984,-120.8554355
95327,37.84753,-120.4865572
95328,37.5580365,-120.9094153
95329,37.67763,-120.4180501
95330,37.8134503,-121.317273
95333,37.2446736,-120.2427411
95334,37.3496766,-120.7512837
95335,38.1248866,-120.093146
95336,37.8302673,-121.2010196
95337,37.7430395,-121.2383805
95338,37.507011,-119.9837888
95340,37.3400869,-120.4064058
95341,37.231045,-120.5010724
95345,37.5908935,-119.9634598
95346,38.070475,-120.1733531
95348,37.4205224,-120.4996076
95350,37.6717296,-121.0072847
95351,37.6241243,-120.9973187
95354,37.6390292,-120.9647723
95355,37.672906,-120.946594
95356,37.7185727,-121.0323086
95357,37.6711526,-120.8862676
95358,37.6116343,-121.1078579
95360,37.3260021,-121.0388906
95361,37.7921901,-120.7856623
95363,37.3738877,-121.2514534
95364,38.2247004,-119.7599789
95365,37.3011826,-120.3314818
95366,37.7627662,-121.1252772
95367,37.7297,-120.9467584
95368,37.7132691,-121.0854039
95369,37.5254044,-120.4042497
95370,37.9844012,-120.3480656
95372,37.9912891,-120.2627906
95374,37.3168071,-120.8557526
95375,38.2256886,-119.9601159
95376,37.7368187,-121.4339976
95377,37.6740035,-121.5168567
95379,37.9663858,-120.2126481
95380,37.4742296,-120.8752475
95382,37.5275576,-120.8511059
95383,38.0929947,-120.2328071
95385,37.609821,-121.2484951
95386,37.6672896,-120.6220922
95387,37.5543749,-121.2446513
95388,37.4212988,-120.5995871
95389,37.7841273,-119.4282634
95391,37.7807898,-121.5980477
95401,38.4491367,-122.7937522
95403,38.5036845,-122.7540566
95404,38.5257333,-122.6904432
95405,38.4381358,-122.6690575
95407,38.3946561,-122.7459317
95409,38.4684846,-122.5821384
95410,39.2349401,-123.6998535
95412,38.7126059,-123.3141458
95415,39.0205089,-123.3675486
95417,39.6879081,-123.6506987
95419,38.4234685,-122.9581808
95420,39.3593581,-123.7660109
95421,38.5835694,-123.1826697
95422,38.985515,-122.6425345
95423,39.067376,-122.6297201
95425,38.8230526,-123.0638591
95426,38.8334248,-122.7340614
95427,39.2532387,-123.5692471
95428,39.8248031,-123.1796086
95429,39.7560486,-123.3587013
95430,38.4614251,-123.0471856
95431,38.349069,-122.5161756
95432,39.1084924,-123.6454204
95435,39.0031495,-122.8747978
95436,38.4868279,-122.905617
95437,39.443949,-123.68592
95439,38.4905556,-122.7759064
95441,38.7216258,-123.0472923
95442,38.3782179,-122.5164875
95443,39.0501313,-122.7396314
95444,38.4326243,-122.8692411
95445,38.8325203,-123.4725321
95446,38.5194268,-123.0106794
95448,38.6229845,-122.8891215
95449,38.9361372,-123.1194447
95450,38.5098047,-123.208042
95451,38.9221361,-122.7895645
95452,38.429598,-122.5367444
95453,39.0459308,-122.941077
95454,39.7840478,-123.4957895
95456,39.2588858,-123.7591643
95457,38.9240363,-122.5490825
95458,39.1090084,-122.7776345
95459,38.9766284,-123.6048542
95460,39.305245,-123.7486159
95461,38.7540062,-122.5521097
95462,38.473361,-123.0215408
95463,39.1895599,-123.5805909
95464,39.1262459,-122.8470753
95465,38.4173423,-123.0460122
95466,39.0569236,-123.5056514
95467,38.8129545,-122.5480991
95468,38.9188868,-123.6056836
95469,39.3989363,-123.0752527
95470,39.2990232,-123.239243
95471,38.5322243,-122.9735896
95472,38.3988146,-122.8619227
95476,38.2558418,-122.4609085
95480,38.6846846,-123.3680508
95482,39.1368043,-123.2610887
95485,39.2084696,-122.92572
95486,38.4741368,-123.0242032
95488,39.7271773,-123.7891737
95490,39.4793198,-123.3481599
95492,38.530486,-122.8118351
95493,39.2223231,-122.9854884
95494,38.8964475,-123.343183
95497,38.7252743,-123.458314
95501,40.8020101,-124.1448237
95503,40.7384033,-124.1078148
95511,40.1660276,-123.5841439
95514,40.2867412,-123.6622864
95519,40.9630053,-124.0525012
95521,40.8433481,-124.0453375
95524,40.8208354,-124.0500216
95525,40.9537818,-123.8244384
95526,40.4615284,-123.6764866
95527,40.9509167,-123.4211207
95528,40.4969858,-123.9308113
95531,41.8626676,-124.1305424
95536,40.5012414,-124.2099284
95537,40.7271521,-124.2191769
95538,41.8683355,-124.1542574
95540,40.5667868,-124.1259758
95542,40.0932543,-123.7598313
95543,41.8888356,-123.8027659
95545,40.2615508,-124.086134
95546,41.1859947,-123.7314939
95547,40.5694635,-124.0775035
95548,41.589864,-124.0606898
95549,40.6666759,-123.9083825
95550,40.7811199,-123.8359736
95551,40.6749872,-124.231146
95552,40.3444194,-123.4172167
95553,40.2311522,-123.8685969
95554,40.2963843,-123.7771381
95555,41.3025508,-123.9776369
95556,41.3077173,-123.5874151
95558,40.3375803,-124.2611775
95559,40.1902812,-123.7482968
95560,40.1427275,-123.8388194
95562,40.4412005,-124.1004154
95563,40.8942513,-123.5640598
95564,40.7908802,-124.2047484
95565,40.455186,-124.0151981
95567,41.9506833,-124.0970936
95568,41.4848574,-123.4914867
95569,40.3613643,-123.8621224
95570,41.1137525,-124.0826397
95571,40.365541,-123.9442803
95573,40.9149256,-123.6687235
95585,39.8587165,-123.6661661
95587,39.9696842,-123.7553699
95589,40.061443,-123.979797
95595,40.0875652,-123.1534981
95601,38.4248647,-120.8302776
95602,38.9914911,-121.1035441
95603,38.911346,-121.0857601
95604,39.2385257,-120.0714311
95605,38.5935212,-121.539867
95606,38.7564122,-122.1932706
95607,38.8306164,-122.1260372
95608,38.6269352,-121.3311908
95610,38.6949226,-121.2722073
95612,38.3854649,-121.5742217
95613,38.8126298,-120.8917116
95614,38.8862376,-120.9796991
95615,38.3107553,-121.5418167
95616,38.5541465,-121.7985136
95618,38.5430194,-121.6905376
95619,38.6806051,-120.8142611
95620,38.4049355,-121.7543792
95621,38.695494,-121.3086239
95623,38.6325316,-120.8440154
95624,38.4341498,-121.305874
95625,38.3573109,-121.9086393
95626,38.7337942,-121.4890064
95627,38.7345127,-122.0253459
95628,38.6520964,-121.2543842
95629,38.5127884,-120.6875231
95630,38.662781,-121.140107
95631,39.0549436,-120.7539748
95632,38.2744509,-121.2592009
95633,38.8492029,-120.8223838
95634,38.9006294,-120.7067822
95635,38.9107478,-120.9086212
95636,38.6116538,-120.48682
95637,38.8530151,-122.2728699
95638,38.3426776,-121.070132
95639,38.40854,-121.4953653
95640,38.3414666,-120.9401124
95641,38.1555709,-121.6048157
95642,38.3435055,-120.763948
95645,38.8940348,-121.7968077
95646,38.6317431,-120.0153616
95648,38.9228115,-121.3120046
95650,38.8091745,-121.171375
95651,38.8208844,-120.9351895
95652,38.6626381,-121.400828
95653,38.697075,-121.978414
95655,38.5492278,-121.2785982
95658,38.8811828,-121.1690138
95659,38.8587448,-121.5899125
95660,38.6788666,-121.3804999
95661,38.7412743,-121.2492663
95662,38.6891735,-121.2184354
95663,38.8573725,-121.1825262
95664,38.8012809,-121.0378557
95665,38.3951756,-120.6527553
95666,38.5413755,-120.3290973
95667,38.7333947,-120.791347
95668,38.8275549,-121.4951816
95669,38.4895182,-120.8916417
95670,38.6042685,-121.2803275
95671,38.6944637,-121.1537533
95672,38.7222604,-120.9929553
95673,38.6905184,-121.4656624
95674,38.9539486,-121.4818964
95675,38.545458,-120.7429092
95676,38.8743299,-121.713844
95677,38.79292,-121.232006
95678,38.7653528,-121.2884731
95679,38.9165945,-122.2852761
95680,38.2414116,-121.5783198
95681,38.9980915,-121.354198
95682,38.5989689,-120.9630662
95683,38.5119915,-121.0962605
95684,38.5661039,-120.5012152
95685,38.4340117,-120.7620145
95686,38.1577939,-121.5202225
95687,38.3331329,-121.9201507
95688,38.4213428,-122.0301235
95689,38.470889,-120.6156786
95690,38.2034041,-121.6262394
95691,38.6279507,-121.5932868
95692,39.043066,-121.4098044
95693,38.3985313,-121.2195101
95694,38.5716604,-122.0641679
95695,38.6940377,-121.8529316
95697,38.7328813,-121.8071949
95698,38.8163566,-121.9107698
95699,38.4367741,-120.8576235
95701,39.226549,-120.7670224
95703,38.9890274,-120.9877751
95709,38.7490321,-120.6909165
95713,39.0813467,-120.9323895
95714,39.2011586,-120.8367976
95715,39.2766508,-120.644012
95717,39.1425937,-120.8426891
95720,38.8509368,-120.2512666
95721,38.81614,-120.0959985
95722,39.0098006,-121.0347072
95726,38.7619757,-120.4134947
95728,39.2946534,-120.4014066
95735,38.8402874,-120.1502941
95736,39.0391217,-120.9774935
95742,38.5622013,-121.2047003
95746,38.7469238,-121.1664336
95747,38.7784212,-121.3688294
95757,38.3316522,-121.4369791
95758,38.429667,-121.4452131
95762,38.6836885,-121.0647269
95765,38.8197384,-121.2783211
95776,38.6986923,-121.6994618
95811,38.5937915,-121.4821584
95814,38.5805683,-121.4955896
95815,38.6056281,-121.4454529
95816,38.5754073,-121.4648034
95817,38.5506045,-121.4570265
95818,38.5544871,-121.4970584
95819,38.5668619,-121.4375632
95820,38.5349099,-121.4442024
95821,38.625693,-121.3849162
95822,38.5128441,-121.4942151
95823,38.4747263,-121.4426355
95824,38.5174351,-121.4414397
95825,38.5918966,-121.408467
95826,38.5438485,-121.3782842
95827,38.5483596,-121.3274972
95828,38.489426,-121.3959687
95829,38.489546,-121.323452
95830,38.4905076,-121.2841712
95831,38.4957873,-121.5302555
95832,38.4474133,-121.4961382
95833,38.6190485,-121.5175516
95834,38.6352119,-121.5186075
95835,38.668491,-121.525602
95837,38.693765,-121.5989406
95838,38.6457235,-121.4452544
95841,38.6602725,-121.3481643
95842,38.6870376,-121.3488651
95843,38.7153295,-121.3636749
95864,38.5840466,-121.3758456
95901,39.2239387,-121.4940499
95903,39.1212957,-121.3710981
95910,39.4628829,-120.8297834
95912,39.0003991,-122.0742344
95913,39.6290041,-122.1921512
95914,39.4075858,-121.3787717
95915,39.9913677,-121.2307315
95916,39.6514148,-121.3816345
95917,39.4358591,-121.7636255
95918,39.3012294,-121.3379292
95919,39.4344381,-121.2655554
95920,39.4497945,-121.9363724
95922,39.4667301,-121.0718654
95923,40.1838039,-121.1366879
95925,39.4841083,-121.192649
95926,39.7457704,-121.8439384
95928,39.6814875,-121.8372104
95929,39.7257874,-121.8502129
95930,39.5487154,-121.1598784
95932,39.2459829,-122.0147673
95934,40.0600999,-120.9079574
95935,39.3793437,-121.192261
95936,39.5807559,-120.7743459
95937,38.8840651,-121.9984849
95938,39.6047133,-121.795288
95939,39.5616852,-122.6116979
95941,39.5169477,-121.2738734
95942,39.9159943,-121.6670307
95943,39.5752141,-122.0345358
95944,39.5401605,-120.8514485
95945,39.1932672,-120.980122
95946,39.2091585,-121.2138243
95947,40.1593987,-120.8440845
95948,39.3392635,-121.7707851
95949,39.10267,-121.1338515
95950,39.0434473,-121.9180988
95951,39.7225122,-122.0044327
95953,39.2597377,-121.7763297
95954,39.854189,-121.5778661
95955,39.2945158,-122.2017152
95956,39.8841403,-121.1159452
95957,39.0522848,-121.8251768
95958,39.5642039,-121.7979375
95959,39.351529,-120.8705493
95960,39.4414426,-121.0166256
95961,39.0413331,-121.5628346
95962,39.3234046,-121.272549
95963,39.7478323,-122.3033595
95965,39.5939448,-121.5813626
95966,39.4753693,-121.4141332
95968,39.4351775,-121.5517794
95969,39.7207419,-121.638663
95970,39.4102691,-122.0520303
95971,39.929229,-120.9244308
95972,39.422772,-121.337648
95973,39.8765263,-121.8596424
95974,39.4972966,-121.7556978
95975,39.2243254,-121.1536959
95977,39.1765945,-121.2916922
95978,39.908439,-121.5296158
95979,39.2903018,-122.4755189
95981,39.652827,-121.0399442
95982,39.1732309,-121.805673
95983,40.0582609,-120.7389324
95984,39.9827783,-121.1276225
95986,39.3615157,-120.7651924
95987,39.1036114,-122.247003
95988,39.4971914,-122.2875675
95991,39.0155026,-121.6112017
95993,39.0824967,-121.6801142
96001,40.577176,-122.4547147
96002,40.5277686,-122.3186448
96003,40.6672785,-122.3195378
96006,41.133532,-120.8425657
96007,40.4568005,-122.3082026
96008,40.7226411,-122.1097838
96009,41.0560401,-121.0208017
96010,40.9502798,-123.2351549
96011,41.055897,-121.8918888
96013,40.9736566,-121.6923992
96014,41.3881347,-122.7808581
96015,41.5117804,-120.8776604
96016,40.8942081,-121.5088345
96017,41.10596,-122.3125167
96019,40.6873543,-122.3994497
96020,40.3067873,-121.2618742
96021,39.9234789,-122.2704539
96022,40.3363078,-122.4479773
96023,41.9090762,-121.9768456
96024,40.5470452,-122.8811851
96025,41.2001359,-122.319045
96027,41.3898765,-123.2310742
96028,41.0074472,-121.4574627
96029,39.9392965,-122.4891914
96031,41.1756244,-123.1981763
96032,41.5851319,-122.9796311
96033,40.740573,-122.5925628
96034,41.444019,-122.6049604
96035,40.0415598,-122.1850315
96037,41.5449224,-122.9209638
96038,41.6071001,-122.5457146
96039,41.6689277,-123.3764165
96040,40.7898058,-121.4745149
96041,40.513498,-123.1960457
96044,41.9330279,-122.6749668
96046,40.6103652,-123.4289014
96047,40.4792261,-122.6924678
96048,40.8303591,-123.0234888
96050,41.8534715,-122.9510152
96051,40.9163278,-122.310822
96052,40.6826801,-122.786454
96054,41.2610567,-121.118551
96055,40.099121,-121.9983747
96056,41.0671514,-121.3177457
96057,41.2718586,-121.9196954
96058,41.7270482,-121.9073692
96059,40.4337473,-121.8294212
96061,40.347865,-121.4877788
96062,40.5555971,-122.0912653
96063,40.370374,-121.6061941
96064,41.7547029,-122.3656211
96065,40.8901666,-121.9567855
96067,41.3168883,-122.3174473
96068,41.1029919,-121.1983405
96069,40.6853354,-122.0160706
96071,40.694474,-121.4572689
96073,40.5986009,-122.1949297
96074,39.8620606,-122.5909659
96075,40.3623281,-121.8763871
96076,40.3915424,-122.937883
96078,40.0823738,-122.1760711
96080,40.1653798,-122.4417183
96084,40.7958338,-121.8686943
96085,41.7408179,-123.0773307
96086,41.924212,-123.2608091
96087,40.6331342,-122.5870703
96088,40.5108701,-121.8761124
96090,40.0073509,-122.1193386
96091,41.0438733,-122.8007908
96092,39.9705793,-121.9703038
96093,40.7654778,-122.9414279
96094,41.5149223,-122.3509426
96096,40.6363106,-121.8763987
96097,41.756147,-122.6594663
96101,41.4562516,-120.5113063
96103,39.7801562,-120.6707547
96104,41.4601826,-120.1298646
96105,39.6886446,-120.1439959
96106,39.7354816,-120.543862
96107,38.4082772,-119.5480747
96108,41.78719,-120.4017666
96109,39.9941784,-120.1017083
96110,41.2419175,-120.1246288
96111,39.414946,-120.0171634
96112,41.892497,-120.1719442
96113,40.1880762,-120.1456838
96114,40.2926047,-120.4886136
96115,41.691471,-120.0793214
96116,41.2572907,-120.4460066
96117,40.5334617,-120.2353561
96118,39.6395971,-120.2471441
96119,41.0404206,-120.5535549
96120,38.7424445,-119.8693817
96121,40.1643933,-120.3800422
96122,39.8207379,-120.4762699
96123,40.8457377,-120.3222189
96124,39.638793,-120.4679416
96125,39.6135591,-120.6023782
96126,39.5497256,-120.4035792
96128,40.3488992,-120.4060169
96129,39.8351218,-120.3600494
96130,40.5490509,-120.6340321
96132,40.9000673,-120.5138823
96133,38.6209636,-119.5051845
96134,41.8353646,-121.4449904
96135,39.8129845,-120.2092797
96136,40.34623,-120.0813208
96137,40.4693254,-121.2298715
96140,39.2320185,-120.0963996
96141,39.0989284,-120.2052313
96142,38.9986311,-120.1038814
96143,39.2605746,-120.0262906
96145,39.1809984,-120.151396
96146,39.2158973,-120.2451697
96148,39.249777,-120.0575895
96150,38.8733198,-120.0684809
96155,38.7629864,-120.0870691
96161,39.3477145,-120.2247104
96701,21.406053,-157.8849518
96703,22.13614,-159.3719135
96704,19.2943655,-155.8406331
96705,21.8995324,-159.5685455
96706,21.344782,-158.022298
96707,21.3631058,-158.0822064
96708,20.88283,-156.2321678
96710,19.8425359,-155.2473704
96712,21.651861,-157.9827562
96713,20.7341498,-156.1069788
96714,22.1312495,-159.5209723
96716,21.9102626,-159.6009324
96717,21.5577941,-157.9053398
96719,20.2401588,-155.8330265
96720,19.6598098,-155.2324728
96722,22.1883799,-159.4608936
96725,19.5967124,-155.9014478
96726,19.4214657,-155.8109166
96727,20.1056281,-155.4860324
96728,19.8619797,-155.1290137
96729,21.1778795,-157.1203202
96730,21.5382153,-157.8443459
96731,21.672989,-157.9652385
96732,20.8772625,-156.460289
96734,21.3950837,-157.758188
96737,19.1073137,-155.780612
96738,19.8719409,-155.8021629
96740,19.7568198,-155.9199679
96741,21.9555282,-159.5151917
96742,21.1766675,-156.9657475
96743,20.0266099,-155.7836718
96744,21.4476392,-157.8288499
96746,22.0928068,-159.3524999
96747,21.9165292,-159.6318354
96748,21.1311732,-156.8352374
96749,19.621282,-154.9897352
96750,19.5342745,-155.8920621
96751,22.1066797,-159.3050173
96752,22.116819,-159.6807534
96753,20.7272909,-156.4406994
96754,22.1886927,-159.4033133
96755,20.19059,-155.7726572
96756,21.9048222,-159.453084
96757,21.1544529,-156.9773793
96759,21.4601854,-158.0599658
96760,19.5523297,-155.0548096
96761,20.9197318,-156.6168064
96762,21.6185312,-157.9439002
96763,20.8364824,-156.9273772
96764,19.993996,-155.247917
96765,21.9255641,-159.4991165
96766,22.0114194,-159.405069
96768,20.8291644,-156.2972216
96769,21.9586189,-159.6184601
96770,21.13432,-157.2108561
96771,19.5345139,-155.1844313
96772,19.0655476,-155.6682014
96773,19.912071,-155.2769041
96774,19.9686736,-155.315061
96776,20.002196,-155.3754494
96777,19.2276047,-155.4665576
96778,19.427903,-155.0891095
96779,20.9099743,-156.3843375
96780,19.9659749,-155.2249286
96781,19.8058408,-155.2001605
96782,21.4512419,-157.915616
96783,19.843088,-155.1060845
96785,19.478177,-155.2301576
96786,21.5375691,-158.0223835
96789,21.483875,-157.9342839
96790,20.7116957,-156.2943584
96791,21.5636399,-158.1850646
96792,21.4686253,-158.1669065
96793,20.8955602,-156.5298377
96795,21.3350127,-157.7109242
96796,21.9618921,-159.667851
96797,21.4084495,-158.0176455
96799,-14.324258,-170.7511455
96813,21.3165482,-157.8450525
96814,21.2912137,-157.8440023
96815,21.2721603,-157.8222864
96816,21.2912198,-157.7908628
96817,21.3555065,-157.8216465
96818,21.342518,-157.9398261
96819,21.3477403,-157.8766315
96820,21.3363289,-157.9207111
96821,21.3111717,-157.7502304
96822,21.3204675,-157.8103639
96825,21.2928521,-157.6922656
96826,21.2915177,-157.8268688
96848,21.3013295,-157.814276
96850,21.3037917,-157.8626622
96853,21.335083,-157.9404822
96857,21.4880591,-158.0530202
96858,21.3445627,-157.8834459
96859,21.3600498,-157.889776
96860,21.3568934,-157.9472647
96863,21.4369085,-157.7454633
96910,13.4505108,144.750706
96913,13.4783106,144.815058
96915,13.3744524,144.7081254
96916,13.2658968,144.6891608
96917,13.2824642,144.7426876
96928,13.3559174,144.6573051
96929,13.5673256,144.8780594
96950,15.1868936,145.7543957
96951,14.1524934,145.2129037
96952,15.0097681,145.6211273
97001,44.9903518,-120.6039804
97002,45.2404833,-122.7938407
97003,45.5037229,-122.8647778
97004,45.2549625,-122.4493774
97005,45.4914416,-122.8039767
97006,45.52598,-122.8558875
97007,45.4428132,-122.8711552
97008,45.4604347,-122.8024809
97009,45.4229943,-122.3327696
97011,45.3874225,-122.0367396
97013,45.220824,-122.6682804
97014,45.6433964,-121.7893501
97015,45.4168323,-122.5331276
97016,46.0521087,-123.2625094
97017,45.1730098,-122.3686449
97018,45.8991228,-122.8122324
97019,45.482455,-122.1907221
97020,45.2226424,-122.8388469
97021,45.3854398,-121.1205557
97022,45.3467253,-122.3199608
97023,45.2040128,-122.2006567
97024,45.5441717,-122.4396108
97026,45.1046604,-122.9377248
97027,45.3856499,-122.5928265
97028,45.2884491,-121.8072815
97029,45.3004177,-120.8131812
97030,45.5099059,-122.4331654
97031,45.6109473,-121.6013744
97032,45.1794952,-122.7855995
97033,45.2004803,-120.584073
97034,45.409482,-122.685688
97035,45.4136015,-122.7252518
97037,45.0670475,-121.027621
97038,45.0954381,-122.5589538
97039,45.4711796,-120.6189531
97040,45.6171108,-121.3881151
97041,45.419804,-121.5958307
97042,45.207722,-122.5372241
97045,45.3202775,-122.5364613
97048,46.014428,-122.9747953
97049,45.3706563,-121.8732701
97050,45.6735801,-120.7816317
97051,45.8886856,-122.9207107
97053,45.8279794,-122.8832859
97054,45.9608093,-122.92737
97055,45.361095,-122.1578875
97056,45.7995387,-122.9688498
97057,45.0042212,-120.7516069
97058,45.5524893,-121.151799
97060,45.5313269,-122.3690903
97062,45.3652234,-122.7622548
97063,45.2249009,-121.3011267
97064,45.8590766,-123.2355249
97065,45.6076421,-120.6446189
97067,45.323984,-121.9904531
97068,45.3517292,-122.6690175
97070,45.3082213,-122.7709909
97071,45.1341928,-122.8264913
97078,45.476351,-122.8908081
97080,45.4783135,-122.3907266
97086,45.4453147,-122.5279255
97089,45.4264156,-122.442992
97101,45.0901962,-123.2287023
97102,45.7894428,-123.9422523
97103,46.1333319,-123.6989647
97106,45.6543549,-123.1363656
97107,45.5603916,-123.8874358
97108,45.2742303,-123.6754549
97109,45.7377396,-123.1946465
97110,45.8918462,-123.9511831
97111,45.2845273,-123.1952042
97112,45.2750455,-123.876355
97113,45.507876,-123.0429578
97114,45.187855,-123.07657
97115,45.2774117,-123.0271267
97116,45.5808698,-123.1657659
97117,45.6319411,-123.3358854
97118,45.556365,-123.916492
97119,45.4716658,-123.2214115
97121,46.2036844,-123.9812627
97122,45.1614215,-123.82578
97123,45.4443725,-122.9764259
97124,45.5692115,-122.9471736
97125,45.6630432,-123.2169449
97127,45.2462633,-123.1115269
97128,45.2117411,-123.2816994
97130,45.7098091,-123.9392446
97131,45.7114048,-123.8243058
97132,45.324219,-122.9873301
97133,45.6893915,-123.0130347
97134,45.461766,-123.9705933
97135,45.1985802,-123.9619248
97136,45.6305868,-123.9207719
97137,45.2195094,-122.9484929
97138,45.9054537,-123.7087537
97140,45.35308,-122.8658448
97141,45.5075305,-123.737139
97144,45.7434907,-123.3030516
97145,45.8437268,-123.9516479
97146,46.12514,-123.9113678
97147,45.6856047,-123.8861302
97148,45.3614412,-123.2598517
97149,45.1129508,-123.939045
97201,45.5085511,-122.6882835
97202,45.4820123,-122.644451
97203,45.6035517,-122.7379163
97204,45.5183709,-122.6739456
97205,45.5200896,-122.7021693
97206,45.4815979,-122.5982949
97208,45.528666,-122.678981
97209,45.5311244,-122.6839507
97210,45.5454839,-122.7368529
97211,45.5856268,-122.6372585
97212,45.5442557,-122.6432476
97213,45.5381938,-122.6000136
97214,45.5139623,-122.6440311
97215,45.5150495,-122.597392
97216,45.5139462,-122.558527
97217,45.5967839,-122.6954144
97218,45.5762362,-122.6008726
97219,45.4542311,-122.698526
97220,45.550787,-122.5595597
97221,45.4965552,-122.7304527
97222,45.4402733,-122.6158885
97223,45.4402905,-122.7766044
97224,45.4057002,-122.795689
97225,45.5030484,-122.770132
97227,45.5441508,-122.6770946
97229,45.5492421,-122.8099516
97230,45.557757,-122.5052675
97231,45.6876309,-122.8242022
97232,45.5289286,-122.6439272
97233,45.5153074,-122.5021676
97236,45.4829999,-122.5123381
97239,45.4899383,-122.6904527
97258,45.5132583,-122.6754354
97266,45.4829668,-122.5576188
97267,45.408427,-122.612867
97301,44.9518385,-123.006246
97302,44.9031762,-123.0644324
97303,45.0303537,-123.0236886
97304,45.0065956,-123.1116906
97305,45.0157118,-122.9291012
97306,44.8429028,-123.0947499
97310,44.8759112,-122.9745138
97317,44.902416,-122.9062918
97321,44.6534498,-123.1395258
97322,44.6275526,-123.0176132
97324,44.3386195,-123.6277604
97325,44.8338212,-122.8522298
97326,44.6379192,-123.6657808
97327,44.3756686,-122.9478116
97329,44.3711535,-122.2897426
97330,44.6479972,-123.2595762
97331,44.5633903,-123.2812374
97333,44.4680686,-123.2938309
97335,44.6377543,-122.8804567
97336,44.3567585,-122.8508325
97338,44.9359404,-123.339523
97341,44.8193589,-124.0433328
97342,44.739311,-121.8790866
97343,44.5752538,-123.7514901
97344,44.8688321,-123.4659723
97345,44.4115453,-122.5789094
97346,44.7694793,-122.3785384
97347,45.078353,-123.6593825
97348,44.3832988,-123.1222745
97350,44.6580554,-121.9878647
97351,44.8152949,-123.1294856
97352,44.7493954,-123.0275932
97355,44.532241,-122.8210443
97357,44.7526607,-123.8255805
97358,44.8119897,-122.3996388
97360,44.7504475,-122.482352
97361,44.778573,-123.3260574
97362,45.0620125,-122.7565397
97364,44.9988393,-123.986967
97365,44.671297,-124.0305694
97366,44.5812537,-124.047978
97367,44.9147561,-123.9742306
97368,45.0245429,-123.9031154
97369,44.7600502,-124.0567742
97370,44.5648987,-123.47559
97371,44.9906341,-123.1911249
97373,45.0579989,-122.7764195
97374,44.6928604,-122.7749365
97375,44.9869652,-122.5982754
97376,44.4982349,-123.9750133
97377,44.4647895,-123.1030634
97378,45.0848829,-123.4228673
97380,44.7860183,-123.9299694
97381,44.9394854,-122.7207388
97383,44.7994199,-122.7225253
97384,44.7910994,-122.6200743
97385,44.8658534,-122.7235499
97386,44.3591772,-122.7270426
97388,44.8800144,-124.0182043
97389,44.5326703,-123.0903311
97390,44.3558926,-123.8626823
97391,44.5849803,-123.8840467
97392,44.7956114,-122.9303761
97394,44.3989741,-124.0164069
97396,45.104718,-123.5491854
97401,44.0679883,-123.0801809
97402,44.0477364,-123.2309049
97403,44.0354123,-123.0524133
97404,44.1052262,-123.1330251
97405,43.9536017,-123.1558642
97406,42.6158734,-124.0212659
97408,44.1429821,-123.0583097
97410,42.8016178,-123.1193202
97411,43.058954,-124.3467726
97412,44.2049301,-123.5478196
97413,44.0539483,-121.9458454
97414,42.9675778,-124.1560997
97415,42.1378305,-124.1334329
97416,43.0372995,-123.6950246
97417,42.9402096,-123.2148653
97419,44.1808278,-123.4131453
97420,43.3467789,-124.1056731
97423,43.1858143,-124.1741635
97424,43.7468147,-123.0533859
97426,43.8989302,-123.0299545
97429,42.9677434,-123.0544058
97430,44.1550526,-123.7116833
97431,43.8695378,-122.84149
97432,43.104294,-123.429446
97434,43.621458,-122.7026247
97435,43.6901881,-123.3281516
97436,43.6433477,-123.5869749
97437,44.0990831,-123.3870699
97438,43.9442415,-122.6824563
97439,44.0735371,-124.0275
97441,43.7518287,-124.1661459
97442,42.780374,-123.425369
97443,43.2504841,-123.0042565
97444,42.4403467,-124.3274414
97446,44.2607271,-123.0546477
97447,43.2778634,-122.49955
97448,44.2108941,-123.2793426
97449,43.5633673,-124.040505
97450,42.9089081,-124.3746731
97451,43.8531084,-123.3070949
97452,43.8741118,-122.7500808
97453,43.9803955,-123.850469
97454,44.2180563,-122.8191374
97455,43.9685527,-122.9196563
97456,44.3433026,-123.3550004
97457,43.0645127,-123.2294711
97458,43.0488438,-124.0085427
97459,43.4842169,-124.1827347
97461,44.0982779,-123.5055153
97462,43.4869275,-123.41831
97463,43.7406807,-122.3871672
97465,42.7635284,-124.3446958
97466,42.8489451,-124.0852328
97467,43.7389235,-123.9078868
97469,42.922517,-123.4177027
97470,43.2506761,-123.2424098
97471,43.2190701,-123.4878936
97473,43.6936628,-123.9145537
97476,42.8422294,-124.4027957
97477,44.0584645,-123.0115973
97478,44.0891223,-122.8422781
97479,43.4039971,-123.1962931
97480,44.1284464,-123.8327257
97481,43.1152793,-123.5659801
97484,42.9336409,-122.8459469
97486,43.3518832,-123.5281559
97487,43.9888572,-123.3872002
97488,44.1285717,-122.4173297
97489,44.1114603,-122.60682
97490,44.00792,-123.6052285
97492,43.8030277,-122.5156724
97493,43.904594,-124.023424
97494,43.3305571,-123.3277823
97495,43.2812039,-123.3143347
97496,43.0664827,-123.472707
97497,42.6657106,-123.4254693
97498,44.2733683,-124.0090019
97499,43.591682,-123.2370357
97501,42.2857292,-122.897456
97502,42.408529,-122.9459695
97503,42.6046907,-122.923719
97504,42.3282069,-122.7974268
97520,42.1695588,-122.5117847
97522,42.633855,-122.4341122
97523,42.104149,-123.6445739
97524,42.4674688,-122.6477048
97525,42.430826,-123.0597983
97526,42.5357027,-123.3382574
97527,42.3807657,-123.3865677
97530,42.1404144,-123.1119832
97531,42.2101281,-123.6447294
97532,42.5183642,-123.6564308
97534,42.0192538,-123.6993846
97535,42.2679757,-122.8123387
97536,42.7819077,-122.4946981
97537,42.5525268,-123.1459493
97538,42.3143745,-123.6675827
97539,42.5764222,-122.7862155
97540,42.1926969,-122.8172559
97541,42.7758591,-122.7452562
97543,42.3772486,-123.5603249
97544,42.2070145,-123.3001131
97601,42.4433909,-122.0741445
97603,42.132624,-121.6646122
97604,42.9777325,-122.2067359
97620,42.2763956,-119.9039101
97621,42.5073258,-121.2852534
97622,42.3912763,-121.0069311
97623,42.1988864,-121.312645
97624,42.5484853,-121.8496365
97625,42.3150053,-121.5839198
97626,42.7248058,-122.0139224
97627,42.0701513,-122.0722436
97630,42.30592,-120.3877006
97632,42.0360142,-121.4054792
97633,42.0341396,-121.5628294
97634,42.1337245,-121.8023822
97635,41.9299921,-120.2941948
97636,42.6578978,-120.5784323
97637,42.4729977,-119.9602739
97638,43.1497063,-121.0198534
97639,42.4285281,-121.4916043
97640,42.9863027,-120.5364019
97641,43.28819,-120.5317308
97701,43.9976555,-121.0341906
97702,43.9827939,-121.209726
97703,44.1763895,-121.3828869
97707,43.8262232,-121.4921239
97709,43.8975675,-121.8586053
97710,42.1433826,-118.5387553
97711,44.7062345,-120.6679018
97712,43.7778399,-120.4062495
97720,43.5868305,-118.8960858
97721,42.526347,-118.4460821
97722,43.0073395,-118.7272218
97730,44.5226522,-121.6453733
97731,43.0896215,-121.8552378
97732,43.4853972,-118.3235743
97733,43.420396,-121.9261835
97734,44.5313597,-121.335136
97735,43.3901167,-120.9923894
97736,42.6742673,-118.9019094
97737,43.499532,-121.761312
97738,43.4840579,-119.1564612
97739,43.6724521,-121.4881867
97741,44.6580939,-121.0387363
97750,44.8337794,-120.2904662
97751,44.1316355,-119.7803619
97752,44.1305451,-120.200874
97753,44.1976498,-120.9855073
97754,44.1287117,-120.5153608
97756,44.2811325,-121.191819
97758,43.4523151,-119.7709273
97759,44.4899398,-121.7780373
97760,44.3845038,-121.2455759
97761,44.8607706,-121.2948985
97801,45.6708274,-118.823832
97810,45.6724458,-118.3960686
97812,45.5751573,-120.2498316
97813,45.8530151,-118.5279747
97814,44.7962932,-117.7832633
97817,44.7287746,-118.6059598
97818,45.7637864,-119.7757723
97819,44.4859959,-117.7630251
97820,44.1438199,-119.1947629
97823,45.2508654,-120.1965115
97824,45.3543012,-117.75647
97825,44.3851264,-119.496273
97826,45.6642964,-119.2323162
97827,45.6159775,-117.8575584
97828,45.5346743,-117.1467725
97830,44.9666119,-120.1831128
97833,44.9338271,-118.0729669
97834,45.029675,-117.2318606
97835,45.8992227,-118.7719413
97836,45.3211522,-119.4746198
97837,44.519548,-118.0619023
97838,45.8509743,-119.287822
97839,45.573379,-119.606853
97840,44.8560994,-116.9412305
97841,45.4682403,-117.9403249
97842,45.6106765,-116.7995647
97843,45.5045627,-119.8806123
97844,45.8841501,-119.5488363
97845,44.4144451,-118.9037524
97846,45.2777799,-117.1149471
97848,44.7221766,-119.5805545
97850,45.3089361,-118.1560423
97856,44.7769283,-119.1179717
97857,45.3592293,-117.52324
97859,45.5247321,-118.4319245
97862,45.9220632,-118.3160627
97864,44.8050745,-119.471458
97865,44.4614657,-119.1800399
97867,45.0780372,-117.993416
97868,45.409294,-118.8535816
97869,44.3975633,-118.6339795
97870,44.7879893,-117.1865631
97873,44.1282986,-118.9950055
97874,44.7578092,-119.8484654
97875,45.8153937,-119.1486336
97876,45.5223361,-118.0280548
97877,44.8109542,-118.3959462
97880,45.0886688,-118.8825062
97882,45.907338,-119.3495511
97883,45.1286446,-117.6518423
97884,44.4553406,-118.2222353
97885,45.6505097,-117.5097697
97886,45.8023079,-118.2724104
97901,43.5890564,-117.0983054
97902,42.9133111,-117.4941297
97903,44.2715537,-117.5984411
97904,43.8963171,-118.4886336
97905,44.5818716,-117.4654282
97906,43.4649898,-117.811858
97907,44.4195014,-117.345514
97908,44.2400352,-117.9314352
97909,44.2109384,-117.3790182
97910,42.8546443,-117.5091201
97911,43.8763631,-118.0550643
97913,43.634378,-117.2779112
97914,44.1115524,-117.0798582
97917,43.5494789,-118.1235019
97918,43.9625893,-117.3896978
97920,44.0660011,-117.7504016
98001,47.3096805,-122.264368
98002,47.3083402,-122.2154217
98003,47.3052049,-122.3141614
98004,47.6183371,-122.205341
98005,47.6127709,-122.1676206
98006,47.553023,-122.151846
98007,47.6138254,-122.1443652
98008,47.606529,-122.1114679
98010,47.3156425,-121.9988984
98011,47.7573508,-122.1986994
98012,47.841376,-122.1989389
98014,47.7005163,-121.8460329
98019,47.7370433,-121.9342465
98020,47.8005902,-122.3741929
98021,47.7925707,-122.2084289
98022,47.1694905,-121.6845695
98023,47.311491,-122.36281
98024,47.5734245,-121.8991824
98025,47.4343944,-121.9523536
98026,47.8375688,-122.3338948
98027,47.5140159,-121.9934568
98028,47.7498575,-122.2472455
98029,47.5576231,-122.0115201
98030,47.3672135,-122.1980509
98031,47.405902,-122.1919226
98032,47.3919421,-122.2571921
98033,47.6759816,-122.1935779
98034,47.7158088,-122.213748
98036,47.8097079,-122.2803939
98037,47.8387187,-122.2845434
98038,47.419378,-121.958008
98039,47.634866,-122.2402688
98040,47.5640042,-122.2312143
98042,47.3640093,-122.1167433
98043,47.7943292,-122.3026073
98045,47.4766233,-121.6828853
98047,47.2595341,-122.2474769
98050,47.5473434,-121.9397035
98051,47.3462096,-121.8812909
98052,47.6822538,-122.1204505
98053,47.6687356,-122.0150956
98055,47.4474725,-122.2003559
98056,47.5125602,-122.1889016
98057,47.4719437,-122.2193885
98058,47.4406074,-122.1263485
98059,47.4944094,-122.1302207
98065,47.5972254,-121.7796331
98068,47.4319011,-121.3741185
98070,47.4073473,-122.4734848
98072,47.7607773,-122.1305015
98074,47.6225441,-122.0442105
98075,47.58609,-122.0374365
98077,47.7523786,-122.0602825
98087,47.8600672,-122.2672674
98092,47.2902238,-122.1256482
98101,47.610902,-122.3364219
98102,47.6344408,-122.32369
98103,47.6738738,-122.3347099
98104,47.6004584,-122.3322265
98105,47.6598613,-122.2849767
98106,47.5440342,-122.3498743
98107,47.6675273,-122.3775511
98108,47.5350646,-122.3059313
98109,47.6305825,-122.3455956
98110,47.6469673,-122.5345612
98112,47.6375196,-122.2876507
98115,47.6857531,-122.2837027
98116,47.5763821,-122.3973869
98117,47.6877544,-122.3859419
98118,47.5420362,-122.2685375
98119,47.6368456,-122.3700108
98121,47.6151915,-122.3505805
98122,47.6095034,-122.2955925
98125,47.7168827,-122.3005643
98126,47.551914,-122.3736686
98133,47.7404852,-122.342826
98134,47.5810607,-122.3381517
98136,47.536602,-122.3924657
98144,47.5856274,-122.2919604
98146,47.5001471,-122.3612348
98148,47.4449478,-122.3258334
98154,47.6062106,-122.3337924
98155,47.754413,-122.3004769
98158,47.4504553,-122.3080139
98164,47.6059615,-122.3320293
98166,47.451576,-122.3529856
98168,47.489569,-122.2999597
98174,47.604569,-122.3353595
98177,47.7420884,-122.3711765
98178,47.4987638,-122.2450653
98188,47.4465633,-122.2721058
98195,47.6538331,-122.3083476
98198,47.3913188,-122.3149708
98199,47.6513671,-122.4062779
98201,47.9944644,-122.1861622
98203,47.941999,-122.2340797
98204,47.9026653,-122.2558613
98207,47.9872228,-122.224193
98208,47.9001978,-122.1870435
98220,48.6849452,-122.1951937
98221,48.4541716,-122.603874
98222,48.570667,-122.8174655
98223,48.2171195,-121.9535401
98224,47.7288771,-121.5637971
98225,48.7582479,-122.5065198
98226,48.7967043,-122.432388
98229,48.7059448,-122.3983262
98230,48.9534547,-122.7050134
98232,48.5643962,-122.4099017
98233,48.5009114,-122.3456548
98235,48.4632365,-122.2312225
98236,47.9483927,-122.4128217
98237,48.5338076,-121.7106516
98238,48.3355965,-122.3445102
98239,48.198192,-122.6540782
98240,48.9482253,-122.6206841
98241,48.2040094,-121.1404983
98243,48.6138694,-123.0069547
98244,48.7725303,-121.9096285
98245,48.6691497,-122.9120454
98247,48.8972305,-122.3137278
98248,48.8656254,-122.6231722
98249,48.0142361,-122.5427943
98250,48.5538495,-123.0858569
98251,47.9115468,-121.6064218
98252,48.0617966,-121.7144681
98253,48.0839553,-122.5724715
98255,48.5235163,-121.9919983
98256,47.8215251,-121.4065442
98257,48.4060245,-122.5121474
98258,48.0342688,-122.0814891
98260,48.0359253,-122.4526302
98261,48.4824906,-122.8839596
98262,48.6965986,-122.6810923
98263,48.5237887,-122.0655966
98264,48.94992,-122.4548027
98266,48.9740427,-122.0349898
98267,48.3901466,-121.2658306
98270,48.0567229,-122.1469044
98271,48.0899682,-122.2376808
98272,47.8578474,-121.8853121
98273,48.4027537,-122.3761477
98274,48.3487706,-122.1454668
98275,47.9129914,-122.3022054
98276,48.9277505,-122.321038
98277,48.3219881,-122.6270268
98278,48.340604,-122.6739922
98279,48.6364427,-122.8181964
98280,48.596133,-122.8776679
98281,48.9846692,-123.059496
98282,48.2125091,-122.4991207
98283,48.8005514,-121.3035503
98284,48.5468317,-122.1352219
98286,48.5688139,-122.9575386
98288,47.6214026,-121.3264878
98290,47.9553665,-121.978502
98292,48.2255498,-122.3050704
98294,47.8383771,-121.766185
98295,48.9833713,-122.1950694
98296,47.840783,-122.1010844
98297,48.702059,-123.026515
98303,47.1498738,-122.6816918
98304,46.8846014,-121.7366448
98305,48.0244462,-124.2363305
98310,47.5896892,-122.6174625
98311,47.62699,-122.6432769
98312,47.5658044,-122.7615398
98314,47.5624714,-122.6387188
98315,47.7245503,-122.7160114
98320,47.696342,-123.0559006
98321,47.1526064,-122.0717385
98323,46.9798605,-121.9853351
98325,47.9668141,-122.7596901
98326,48.1590436,-124.500534
98327,47.1062582,-122.6616084
98328,46.8580492,-122.1641465
98329,47.3608083,-122.7441392
98330,46.7570923,-122.1532211
98331,47.7458284,-124.1806393
98332,47.372234,-122.5957933
98333,47.2576862,-122.6465524
98335,47.2969474,-122.623661
98336,46.5979489,-122.0777991
98337,47.5610421,-122.6387647
98338,47.0343152,-122.2768543
98339,48.0276595,-122.7464478
98340,47.9100946,-122.5710599
98342,47.7555291,-122.5114909
98345,47.7002037,-122.6242929
98346,47.8260217,-122.5271514
98349,47.2700725,-122.7584541
98350,47.9064977,-124.6223683
98351,47.1996605,-122.7742584
98353,47.53864,-122.4926126
98354,47.2519937,-122.3172889
98355,46.7038388,-122.0399217
98356,46.5819094,-122.2713843
98357,48.3338551,-124.635404
98358,48.0449091,-122.6874589
98359,47.431079,-122.5749164
98360,47.0514128,-122.1532402
98361,46.5384202,-121.5048643
98362,48.0302607,-123.3293762
98363,48.0035133,-123.8228536
98364,47.8543532,-122.5861135
98365,47.8848584,-122.7014253
98366,47.5412534,-122.5770285
98367,47.462142,-122.6662086
98368,48.0412611,-122.8266637
98370,47.754025,-122.6262944
98371,47.1994555,-122.3202118
98372,47.2066934,-122.262642
98373,47.1484793,-122.3241362
98374,47.1290774,-122.2639227
98375,47.104262,-122.3268915
98376,47.8468366,-122.8522622
98377,46.508777,-121.819187
98380,47.6018096,-122.8794139
98381,48.288607,-124.45685
98382,48.0232951,-123.106268
98383,47.6629095,-122.7186049
98385,47.1379385,-122.095041
98387,47.0609252,-122.3889085
98388,47.2094984,-122.6842971
98390,47.2114808,-122.2305706
98391,47.1771025,-122.1661735
98392,47.7323799,-122.5659448
98394,47.3204689,-122.7896798
98396,47.1098377,-122.0002922
98402,47.2538301,-122.4442949
98403,47.2658002,-122.4591389
98404,47.2089807,-122.4116385
98405,47.2456466,-122.4723988
98406,47.2641074,-122.5125908
98407,47.2919514,-122.5177266
98408,47.1973989,-122.4465185
98409,47.2130296,-122.474947
98416,47.2627057,-122.4819597
98418,47.2232289,-122.4464047
98421,47.2606371,-122.4002088
98422,47.2903675,-122.3923947
98424,47.2353506,-122.3541957
98430,47.116718,-122.5687517
98433,47.0923042,-122.6080536
98438,47.1350034,-122.4920818
98439,47.1308624,-122.5021917
98443,47.2050049,-122.3726612
98444,47.1523232,-122.4488512
98445,47.1374273,-122.4047153
98446,47.1318794,-122.3758252
98447,47.1452624,-122.4436315
98465,47.2512978,-122.5374371
98466,47.2289707,-122.5380539
98467,47.2032791,-122.5677194
98498,47.1595923,-122.5579293
98499,47.1662499,-122.5060831
98501,46.9785136,-122.8759052
98502,47.0811999,-123.0248409
98503,47.0233197,-122.7935489
98505,47.0731947,-122.9736455
98506,47.1082924,-122.8706225
98512,46.9533941,-123.0480339
98513,46.9933704,-122.7332205
98516,47.0989194,-122.7854263
98520,46.9885769,-123.8285234
98524,47.3666135,-122.8358174
98526,47.4706837,-123.9967039
98527,46.5964126,-123.9118876
98528,47.4472521,-122.8962174
98530,46.8099543,-122.8754404
98531,46.7427085,-122.9016184
98532,46.6263075,-123.052671
98533,46.6611597,-122.3955867
98535,47.1038049,-124.1174848
98536,47.1949403,-124.1040952
98537,46.8070507,-123.5808943
98538,46.482768,-123.1461345
98539,46.6377689,-123.2732271
98541,47.0608498,-123.3898023
98542,46.533037,-122.7254175
98544,46.7389714,-123.0269882
98546,47.3212719,-122.9140055
98547,46.7839925,-124.0377885
98548,47.5409106,-123.1738637
98550,47.1125956,-123.923008
98552,47.3162202,-123.9465572
98555,47.5334004,-123.0633525
98556,46.8856445,-123.1409665
98557,47.043242,-123.2699555
98558,46.9361523,-122.5604918
98559,46.9588222,-123.3273641
98560,47.309541,-123.422799
98562,47.2379911,-124.1998256
98563,47.2110547,-123.6096743
98564,46.449477,-122.4196501
98565,46.5783915,-122.9070942
98566,47.3834038,-123.9559715
98568,46.8626505,-123.2974935
98569,46.9906921,-124.143351
98570,46.6307129,-122.650947
98571,47.2020821,-124.1983287
98572,46.5413368,-123.3283115
98575,47.4544815,-123.8011641
98576,46.846725,-122.6484249
98577,46.6418486,-123.6103887
98579,46.7882036,-123.1254701
98580,46.9866274,-122.5103372
98581,46.3587787,-123.0686591
98582,46.5236814,-122.6257416
98583,47.0008823,-123.4866635
98584,47.2392109,-123.152148
98585,46.5734366,-122.4446311
98586,46.5445556,-123.8403331
98587,47.3228564,-124.1529604
98588,47.4468082,-123.0327531
98589,46.8334448,-122.7953172
98590,46.7109811,-123.9961856
98591,46.4423187,-122.7473826
98592,47.3339501,-123.0762348
98593,46.4026748,-123.0101155
98595,46.8972183,-124.1078565
98596,46.4922519,-122.9526602
98597,46.8442616,-122.4929268
98601,45.9383729,-122.4378553
98602,45.869291,-121.2796826
98603,46.0555186,-122.4147568
98604,45.8057563,-122.5107707
98605,45.7770173,-121.664197
98606,45.7291975,-122.4560505
98607,45.6424128,-122.3796113
98609,46.0718108,-122.8657086
98610,45.7754203,-122.0190805
98611,46.3051452,-122.9006871
98612,46.2504723,-123.2871839
98613,45.7542007,-120.9723383
98614,46.2833033,-123.9197467
98616,46.0751275,-122.183189
98617,45.6404932,-121.1340145
98619,45.9716384,-121.2680976
98620,45.8704463,-120.7793049
98621,46.4003349,-123.5436752
98623,45.7995943,-121.4934588
98624,46.3381298,-123.9649742
98625,46.1117084,-122.5695858
98626,46.1721598,-122.7735327
98628,45.8486084,-121.0667983
98629,45.8773193,-122.6194088
98631,46.3880052,-124.0218551
98632,46.2049169,-123.0626463
98635,45.7500313,-121.1855775
98638,46.3939323,-123.7622752
98639,45.6404683,-121.9662926
98640,46.6319039,-124.0425966
98641,46.570991,-124.0416246
98642,45.8032874,-122.7016565
98643,46.2919969,-123.6536376
98644,46.3193008,-124.0531899
98645,46.3318653,-122.7600808
98647,46.3152407,-123.4013709
98648,45.7059446,-121.9455834
98649,46.3155326,-122.5322907
98650,45.9468371,-121.5323954
98651,45.7399669,-121.5835277
98660,45.6612044,-122.7188441
98661,45.6400665,-122.6250179
98662,45.6891335,-122.5773906
98663,45.6546667,-122.6623367
98664,45.6195097,-122.5771791
98665,45.681881,-122.6526577
98670,45.8637506,-121.14605
98671,45.610395,-122.2754806
98672,45.8195223,-121.4724342
98673,45.6808234,-120.9515702
98674,45.9512668,-122.6655415
98675,45.8739921,-122.3216877
98682,45.6729596,-122.4832383
98683,45.6032866,-122.5101704
98684,45.630556,-122.5148386
98685,45.715209,-122.693161
98686,45.7233048,-122.6218703
98801,47.4315118,-120.3450385
98802,47.4919323,-120.1637497
98811,47.7342389,-120.3738326
98812,48.1314889,-119.8060416
98813,48.0063023,-119.6169492
98814,48.1953443,-120.2949888
98815,47.5285863,-120.4797084
98816,48.0554005,-120.3319681
98817,47.7923893,-119.9935939
98819,48.5844922,-119.8258534
98821,47.5521967,-120.5637034
98822,47.9790505,-120.6233271
98823,47.3382982,-119.6351571
98824,47.0685161,-119.8665433
98826,47.7831453,-120.8431675
98827,48.8563292,-119.7521063
98828,47.3100779,-120.178259
98829,48.2972846,-119.805681
98830,47.8807241,-119.5338892
98831,47.9367589,-120.136253
98832,47.3312633,-119.0279617
98833,48.7687359,-120.5072977
98834,48.1203351,-120.0664026
98836,47.471923,-120.4384747
98837,47.1469929,-119.3159085
98840,48.2918101,-119.5137825
98841,48.3796986,-119.2892342
98843,47.7403786,-120.0871441
98844,48.9272738,-119.228032
98845,47.4393037,-119.935355
98846,48.0146325,-119.9712151
98847,47.4244239,-120.6182151
98848,47.1686432,-119.842939
98849,48.5409901,-119.4095229
98850,47.4052839,-120.0386631
98851,47.4138863,-119.4322303
98852,48.3654892,-120.6697534
98853,47.466322,-119.282052
98855,48.6745087,-119.2530083
98856,48.3432675,-120.2639475
98857,46.9900676,-119.0247613
98858,47.6780766,-119.8885445
98859,48.7978562,-118.9550726
98860,47.464012,-119.115018
98862,48.5988723,-120.2224098
98901,46.6651998,-120.3385434
98902,46.598048,-120.5345583
98903,46.5300384,-120.9409591
98908,46.6402517,-120.7818867
98921,46.4307228,-120.3168128
98922,47.2262223,-120.8654215
98923,46.6660859,-120.7172246
98925,47.2826455,-121.2777766
98926,46.9884572,-120.3548594
98930,46.2692218,-119.8920085
98932,46.3327131,-120.1562309
98933,46.4029289,-120.6375648
98934,46.980641,-120.4194252
98935,46.1319468,-120.0736842
98936,46.5262248,-120.1748028
98937,46.7927722,-121.226151
98938,46.3883635,-120.0966554
98939,46.5010125,-120.4707062
98940,47.3623847,-121.0393849
98941,47.2246627,-121.0002435
98942,46.801335,-120.6648096
98943,47.1839951,-120.9654121
98944,46.5070067,-119.6720179
98946,47.068304,-120.7563916
98947,46.6875967,-120.8091904
98948,46.237785,-120.3687972
98950,46.8151447,-119.9713705
98951,46.4560276,-120.5136037
98952,46.3503315,-120.816955
98953,46.4415028,-120.2327892
99001,47.6387285,-117.5858257
99003,47.9171224,-117.274929
99004,47.4190107,-117.5998769
99005,47.844047,-117.3634463
99006,47.9514941,-117.5063567
99008,47.503335,-117.9334378
99009,48.0260859,-117.2524461
99011,47.6186531,-117.6484197
99012,47.3813094,-117.1913361
99013,47.8811405,-117.835284
99014,47.561161,-117.5966439
99016,47.5972644,-117.1210022
99017,47.1841142,-117.8867483
99018,47.2916777,-117.1520786
99019,47.637085,-117.074721
99020,47.5631851,-117.4970511
99021,47.8495341,-117.1872714
99022,47.5997801,-117.7089846
99023,47.5647258,-117.1445554
99025,47.7938587,-117.0753439
99026,47.8009694,-117.6337723
99027,47.7101277,-117.1275601
99029,47.7069091,-117.8295658
99030,47.4777967,-117.1129361
99031,47.4137525,-117.3297742
99032,47.3273167,-118.0336057
99033,47.2305541,-117.0977577
99034,47.8861781,-117.7624028
99036,47.5200543,-117.2719574
99037,47.6366164,-117.1999937
99039,47.3381328,-117.2313034
99040,47.8984687,-118.0036777
99101,48.3163606,-117.9372755
99102,46.7921805,-117.2503604
99103,47.7358112,-118.9243792
99105,46.9569137,-118.0729074
99109,48.2924161,-117.6986398
99110,48.0083048,-117.5811109
99111,46.8558907,-117.4511521
99113,46.5844742,-117.1961427
99114,48.6551979,-117.7358341
99115,47.6740568,-119.3776513
99116,48.0147825,-118.9357745
99117,47.6487852,-118.5701208
99118,48.8973633,-118.6377836
99119,48.509196,-117.3149152
99121,48.9346019,-118.4678269
99122,47.687561,-118.2074925
99123,47.8864913,-119.0548228
99124,48.0014989,-118.953675
99125,46.961364,-117.7472568
99126,48.7300997,-117.9719205
99128,47.0979495,-117.0813295
99129,48.0107241,-118.1566734
99130,46.9991523,-117.1855404
99131,48.297748,-118.0949734
99133,48.0101299,-119.1364831
99134,47.4510451,-118.2968693
99135,47.6611258,-119.091245
99136,46.6746926,-117.9488984
99137,48.1481196,-118.1157579
99138,48.2313746,-118.390882
99139,48.7166048,-117.2526299
99140,48.1114291,-118.6461731
99141,48.7171225,-118.1679642
99143,46.7655356,-117.8482448
99144,47.3681006,-118.4904101
99146,48.9574964,-118.2977404
99147,47.8593241,-118.4620228
99148,48.1072977,-117.571356
99149,47.2249374,-117.4679512
99150,48.8062333,-118.6107712
99151,48.6644646,-118.0612151
99152,48.8369303,-117.3998922
99153,48.9108586,-117.165651
99154,47.391292,-118.3557757
99155,48.3114768,-119.006425
99156,48.161494,-117.1900428
99157,48.918184,-117.7963016
99158,47.1330085,-117.2401295
99159,47.3268396,-118.7658705
99160,48.8689415,-118.3012244
99161,46.9036435,-117.1480739
99163,46.730384,-117.2183951
99166,48.6087106,-118.6672747
99167,48.4116967,-118.133525
99169,47.1197726,-118.3784168
99170,47.2529562,-117.3972158
99171,47.098248,-117.6538903
99173,48.0409224,-117.8576593
99174,47.0072324,-117.3568866
99176,47.0921897,-117.4122534
99179,46.4949788,-117.1259226
99180,48.3052109,-117.3065
99181,48.1447955,-117.7663388
99185,47.726994,-118.7110676
99201,47.6624818,-117.4367288
99202,47.6570111,-117.3789664
99203,47.6295498,-117.4032472
99204,47.6472415,-117.4267039
99205,47.6968247,-117.4448788
99206,47.6276499,-117.2546066
99207,47.6892034,-117.388974
99208,47.7858147,-117.4523477
99212,47.6653172,-117.3072931
99216,47.6863606,-117.2167022
99217,47.7407094,-117.2613762
99218,47.7589243,-117.409465
99223,47.597087,-117.3177958
99224,47.6476718,-117.5349512
99251,47.7538328,-117.4178645
99258,47.6660411,-117.4023482
99301,46.3778348,-118.9517259
99320,46.3251166,-119.5088809
99321,46.8589621,-119.8933821
99322,45.9470311,-120.1555318
99323,46.189601,-118.8717887
99324,46.0437273,-118.3854513
99326,46.6688388,-118.8417592
99328,46.2756813,-117.8708514
99329,46.1397046,-118.1469502
99330,46.4945193,-119.0302867
99333,46.6970268,-118.1393861
99335,46.6471743,-118.4396785
99336,46.2140523,-119.1757304
99337,46.0520071,-119.0984948
99338,46.1736258,-119.2740124
99341,46.9065963,-118.6421714
99343,46.5967205,-119.164729
99344,46.8223621,-119.171787
99345,45.9335035,-119.6551714
99346,46.0306817,-119.3032258
99347,46.42335,-117.5744286
99348,46.4028885,-118.4354367
99349,46.7311474,-119.7005412
99350,46.1424786,-119.7367515
99352,46.2456859,-119.2916569
99353,46.3137969,-119.3877283
99354,46.3287687,-119.2992552
99356,45.8290792,-120.3600181
99357,46.8913099,-119.6616251
99359,46.5130354,-118.161894
99360,46.0905471,-118.6675714
99361,46.2366789,-118.143236
99362,46.1010608,-118.3136249
99363,46.0455687,-118.8852545
99371,46.785258,-118.3322231
99401,46.0872068,-117.249856
99402,46.2211438,-117.3512599
99403,46.3755419,-117.2903004
99501,61.2199983,-149.8578403
99502,61.1636523,-149.9966425
99503,62.0436887,-158.1744661
99504,61.190578,-149.6071544
99505,61.284607,-149.6534383
99506,61.2719577,-149.8071446
99507,61.115132,-149.6161224
99508,61.2013999,-149.8175019
99513,61.2147719,-149.8856577
99515,61.1163805,-149.8903754
99516,61.0793325,-149.709777
99517,61.1903457,-149.9391077
99518,61.1595316,-149.8847641
99519,70.0173614,-149.8297399
99530,61.1846815,-149.9837042
99540,61.0096576,-149.3177071
99546,51.8668825,-176.6324348
99547,52.2215781,-174.2031819
99548,56.271971,-158.7890245
99549,56.9649005,-158.5873848
99550,57.8670125,-152.8562477
99551,60.9209928,-161.4022054
99552,60.9107417,-161.2171538
99553,54.1173183,-165.8308353
99554,62.7111168,-164.6496608
99555,59.2888674,-158.6644572
99556,59.8352331,-151.5768775
99557,61.4685132,-155.2146398
99558,62.6316601,-160.2146629
99559,60.7633472,-161.8694224
99561,60.1498441,-164.2595969
99563,61.5492343,-165.3535922
99564,56.2955816,-158.3876751
99565,56.3042663,-158.5002522
99566,61.2707469,-142.6058296
99567,61.299272,-149.0212019
99568,60.271833,-150.6052792
99569,58.8049723,-158.5291459
99571,55.2662905,-162.8050223
99572,60.5298935,-149.9525948
99573,61.5694159,-145.6703527
99574,61.1173849,-147.6069689
99575,61.7968477,-158.0809884
99576,59.3608099,-158.8229961
99577,61.1742503,-149.2843294
99578,60.2162792,-162.0425128
99579,58.2304511,-157.4264857
99580,59.3459504,-157.4870412
99581,62.8220983,-164.7083711
99583,54.9008742,-163.4198566
99585,61.8715556,-162.0608723
99586,62.6910065,-144.2372975
99587,60.9658075,-148.8766431
99588,62.7077577,-146.7193877
99589,59.2373064,-161.5804624
99590,62.8960504,-160.1129771
99591,56.5772932,-169.6292409
99602,62.1866801,-159.8524782
99603,59.5385168,-151.1869258
99604,61.5098796,-166.1106737
99605,60.8691311,-149.4715127
99606,59.7365893,-154.9009778
99607,61.5386989,-160.3502156
99608,57.5908739,-154.3639103
99609,60.8634288,-162.5387807
99610,60.2809663,-151.2730001
99611,60.8348105,-150.7242228
99612,55.0833277,-162.3176377
99613,59.0709177,-155.3775089
99614,59.9374904,-164.0621938
99615,57.6827755,-153.3789602
99620,63.028565,-163.539245
99621,60.7936463,-161.4306026
99622,59.8773445,-163.1769563
99623,61.4392805,-149.9227429
99624,57.4893767,-153.8534989
99625,59.0682608,-156.9010047
99626,61.514721,-160.3585323
99627,63.5484454,-154.5756282
99628,58.697452,-158.8937337
99630,60.3694394,-166.2740621
99631,60.5963477,-149.6381489
99632,62.1200873,-163.6622652
99633,58.7879695,-156.8731259
99634,60.6857222,-162.0125682
99635,61.0685713,-153.0031921
99636,59.4942883,-157.2872387
99637,60.5297192,-165.1066038
99638,53.0080351,-168.7193326
99639,59.9853328,-151.5076675
99640,60.7185884,-155.5723295
99641,60.8796337,-162.4622229
99643,57.2185801,-153.327921
99644,57.9101275,-152.3823577
99645,61.6244203,-148.982077
99647,59.8793919,-154.0709257
99648,55.9340484,-159.1555464
99649,57.5052047,-157.2868983
99650,61.9465023,-162.8782885
99651,58.9520839,-161.7468074
99652,61.5155468,-149.9754816
99653,60.1578492,-154.3406085
99654,61.605123,-149.4226714
99655,59.7425529,-161.8883511
99656,61.865193,-157.3570308
99657,61.7937247,-161.5067646
99658,62.0916217,-163.2489731
99659,63.458621,-162.1338676
99660,57.1782606,-170.3236084
99661,55.2622715,-160.7094219
99662,61.8417925,-165.5832416
99663,59.4011898,-151.6245864
99664,60.1338285,-149.5006043
99665,62.6919487,-159.5552309
99666,62.4406253,-165.1455357
99667,61.6984147,-152.1361311
99668,61.6544618,-157.10249
99669,60.3601149,-151.0178795
99670,58.6627864,-156.9840769
99671,63.4733584,-162.2599657
99672,60.5696326,-150.7613715
99674,61.5912922,-148.0619289
99675,62.9868541,-156.0431562
99676,62.5711123,-149.6064703
99677,60.893664,-146.6701364
99678,59.2632506,-160.4725691
99679,61.1044146,-160.9383634
99680,60.3467594,-162.66177
99681,60.6073808,-165.1268673
99682,61.1913465,-151.1835561
99683,62.415367,-150.4078444
99684,64.0760942,-160.1966068
99685,53.8738729,-166.4829529
99686,61.0459423,-146.1811342
99688,61.8869555,-149.6202414
99689,59.484197,-139.4216553
99690,60.4624011,-164.8346397
99691,62.728975,-153.5828859
99692,53.8843321,-166.5434508
99693,60.8505535,-148.0338722
99694,61.6209558,-149.8321317
99695,55.9193881,-159.4954251
99701,67.3757507,-149.7280346
99702,64.651219,-147.0452944
99703,64.8347059,-147.6229491
99704,64.2886499,-149.2025098
99705,64.773899,-147.267614
99706,64.0096916,-144.6816268
99707,65.1550193,-146.2525799
99709,64.8773504,-148.1485696
99712,65.058583,-145.9256456
99714,64.3813048,-146.5305988
99720,66.5632321,-152.7681468
99721,68.1497516,-151.6970664
99722,68.1652773,-145.4013513
99723,71.2643765,-156.7536782
99724,66.3182483,-146.7957091
99725,64.8611867,-148.023914
99726,66.7553104,-151.414738
99727,65.9772364,-161.1386194
99729,63.2439828,-147.9780634
99730,65.648978,-145.6148022
99732,64.0950829,-141.9809097
99733,65.7904252,-144.1960076
99734,70.4226283,-149.2996652
99736,66.0694882,-162.7645725
99737,63.4432577,-145.2962465
99738,65.1496326,-142.6544056
99739,64.968364,-162.8270274
99740,67.6365435,-144.680484
99741,64.7414218,-156.8733943
99742,63.7526326,-171.6880551
99743,63.9268346,-149.9882997
99744,64.3308234,-149.0534526
99745,66.0506452,-154.2327362
99746,65.6961978,-156.3383362
99747,70.118336,-143.6873643
99748,64.3141433,-158.7787614
99749,66.9800848,-160.4324034
99750,67.7234898,-164.4983683
99751,66.9170068,-156.9144558
99752,67.2868603,-161.1848621
99753,64.9397161,-161.1215386
99754,64.9012716,-157.6941325
99755,63.754705,-149.2116751
99756,64.7012775,-151.2119669
99757,63.7897608,-152.4623136
99758,65.1517919,-149.3735393
99759,69.737127,-162.835044
99760,64.38211,-149.1457039
99761,67.6110242,-162.9832066
99762,64.7410869,-164.6549974
99763,66.8271787,-161.031035
99764,62.6854413,-141.8227559
99765,64.7306792,-158.1310365
99766,68.2803132,-165.9604387
99767,65.4994389,-150.1533764
99768,65.26045,-153.5673689
99769,63.6797056,-170.4833236
99770,66.6120019,-160.098619
99771,64.3561242,-161.1964619
99772,65.8396558,-165.9041053
99773,66.8850931,-157.1746337
99774,66.0243199,-149.0778013
99775,64.857468,-147.8345843
99776,63.3286914,-143.4865991
99777,65.184004,-152.0551023
99778,65.2525112,-166.3523315
99780,63.6392883,-141.5113194
99781,67.4675031,-146.0656409
99782,70.6489484,-159.9459028
99783,65.613247,-168.0682569
99784,64.6828133,-163.4055256
99785,65.3431091,-166.5094947
99786,67.0809029,-157.9055797
99788,66.6467272,-143.7857407
99789,70.2125803,-151.0250762
99790,65.4594899,-148.1074864
99791,70.4807859,-157.3254592
99801,58.3729099,-134.1784454
99820,57.3783977,-134.2790424
99824,58.2653811,-134.400144
99825,58.0876806,-136.2883092
99826,58.41229,-135.8086256
99827,58.820812,-136.210683
99829,58.0247662,-135.3082099
99830,56.7710785,-134.0899805
99832,57.9667982,-136.0834329
99833,56.8404097,-133.1870847
99835,56.9602827,-135.0373281
99836,56.2374242,-134.6528583
99840,59.5603794,-135.3382787
99841,57.955765,-135.5174684
99850,58.4882077,-135.4843158
99901,55.6628964,-131.3662921
99903,55.7337061,-132.1045267
99918,55.9168732,-132.6955032
99919,55.645685,-132.4961303
99921,55.5154743,-132.7019221
99922,55.3075279,-133.0468153
99923,56.0004392,-130.0373073
99925,55.550203,-132.9459473
99926,55.1384677,-131.4703772
99927,56.3318805,-133.6064199
99929,56.2214993,-131.9235877
